rank,id,smiles,fitness,pred_pIC50,affinity_norm,permeability_norm,safety_norm,druglikeness_qed,n_chelators,chelator_penalty,logKp_cm_h,struct_alerts,applicability_tanimoto,is_hit,canon,pIC50_adamts5,pIC50_adamts4,selectivity,pareto,sa_score,MW,cLogP,HBD,HBA,TPSA,rotB,lipinski_ok,veber_ok,pred_uncertainty,developable
1,CAND-01062,COc1c(C2CCN(C(=O)[C@@H](C)C[C@@]3(C)NC(=O)NC3=O)CC2)cc(Cl)c(F)c1OC,0.6946457135550621,7.463583534107144,0.7036245629247501,0.4166666578909538,0.75,0.6427781069756232,1,1.0,-3.474189400000001,1,0.7575757575757576,True,COc1c(C2CCN(C(=O)[C@@H](C)C[C@@]3(C)NC(=O)NC3=O)CC2)cc(Cl)c(F)c1OC,7.31,7.38,-0.07,False,3.77,455.9,2.83,2,5,97.0,6,True,True,0.286,True
2,CAND-01024,COc1cc(N2CCN(C(=O)[C@@H](C)C[C@@]3(C4CC4)NC(=O)NC3=O)CC2)cc(F)c1O,0.6931307954156455,7.57594622964242,0.7379122426109372,0.2014146308329747,0.75,0.5805822470339229,1,1.0,-4.4961958000000015,1,0.7313432835820896,True,COc1cc(N2CCN(C(=O)[C@@H](C)C[C@@]3(C4CC4)NC(=O)NC3=O)CC2)cc(F)c1O,7.58,7.52,0.06,True,3.64,434.5,1.2,3,6,111.2,6,True,True,0.424,True
3,CAND-01063,COc1c(C2CCN(C(=O)[C@@H](C)C[C@@]3(C)NC(=O)NC3=O)CC2)cc(Cl)c(F)c1O,0.6843262338280158,7.463583534107144,0.7036245629247501,0.3893779897755925,0.75,0.6083798412188025,1,1.0,-3.603754700000001,1,0.7352941176470589,True,COc1c(C2CCN(C(=O)[C@@H](C)C[C@@]3(C)NC(=O)NC3=O)CC2)cc(Cl)c(F)c1O,7.34,7.36,-0.02,False,3.86,441.9,2.52,3,5,108.0,5,True,True,0.337,True
4,CAND-01023,COc1cc(F)cc(N2CCN(C(=O)[C@@H](C)C[C@@]3(C4CC4)NC(=O)NC3=O)CC2)c1OC,0.673223841779154,7.380420206071806,0.6782471230215059,0.2287032989483358,0.75,0.6136676008946699,1,1.0,-4.366630500000002,1,0.7058823529411765,True,COc1cc(F)cc(N2CCN(C(=O)[C@@H](C)C[C@@]3(C4CC4)NC(=O)NC3=O)CC2)c1OC,7.49,7.57,-0.08,False,3.61,448.5,1.51,2,6,100.2,7,True,True,0.352,True
5,CAND-01025,COc1cc(F)cc(N2CCN(C(=O)[C@@H](C)C[C@@]3(C4CC4)NC(=O)NC3=O)CC2)c1O,0.6695488066742575,7.421387166718583,0.6907482651281612,0.2014146308329745,0.75,0.5805822470339229,1,1.0,-4.496195800000002,1,0.7313432835820896,True,COc1cc(F)cc(N2CCN(C(=O)[C@@H](C)C[C@@]3(C4CC4)NC(=O)NC3=O)CC2)c1O,7.6,7.59,0.01,True,3.67,434.5,1.2,3,6,111.2,6,True,True,0.323,True
6,CAND-00726,COc1c(N2CCN(C(=O)[C@@H](C)C[C@@]3(c4ccccn4)NC(=O)NC3=O)CC2)cc(F)c(F)c1OC,0.6689447488875757,7.469322780604454,0.7053759043695453,0.2000174390961154,0.75,0.5541893223426769,1,1.0,-4.502829600000002,1,0.7567567567567568,True,COc1c(N2CCN(C(=O)[C@@H](C)C[C@@]3(c4ccccn4)NC(=O)NC3=O)CC2)cc(F)c(F)c1OC,7.6,7.4,0.2,False,3.82,503.5,1.79,2,7,113.1,7,True,True,0.338,True
7,CAND-01428,COc1c(N2CCN(C(=O)[C@@H](C)C[C@@]3(C)NC(=O)NC3=O)C[C@@H]2C)cc(F)c(F)c1OC,0.6677546294120438,7.30387187201946,0.6548882604916009,0.241583187700382,0.75,0.6343683305541445,1,1.0,-4.305477400000003,1,0.7352941176470589,True,COc1c(N2CCN(C(=O)[C@@H](C)C[C@@]3(C)NC(=O)NC3=O)C[C@@H]2C)cc(F)c(F)c1OC,7.28,7.31,-0.03,False,4.06,454.5,1.64,2,6,100.2,6,True,True,0.317,True
8,CAND-00589,CC[C@]1(C[C@H](C)C(=O)N2CCN(c3cc(F)c(F)c(OC)c3OC)CC2)NC(=O)NC1=O,0.6605520301257989,7.308405232836264,0.6562716237408357,0.2418224487292151,0.75,0.60805406085127,1,1.0,-4.304341400000002,1,0.7230769230769231,True,CC[C@]1(C[C@H](C)C(=O)N2CCN(c3cc(F)c(F)c(OC)c3OC)CC2)NC(=O)NC1=O,7.42,7.26,0.16,True,3.77,454.5,1.64,2,6,100.2,7,True,True,0.337,True
9,CAND-00727,COc1c(O)c(N2CCN(C(=O)[C@@H](C)C[C@@]3(c4ccccn4)NC(=O)NC3=O)CC2)cc(F)c1F,0.6603083585409477,7.469322780604454,0.7053759043695453,0.1727287709807542,0.75,0.5254013545205833,1,1.0,-4.632394900000001,1,0.7368421052631579,True,COc1c(O)c(N2CCN(C(=O)[C@@H](C)C[C@@]3(c4ccccn4)NC(=O)NC3=O)CC2)cc(F)c1F,7.61,7.25,0.36,False,3.88,489.5,1.48,3,7,124.1,6,True,True,0.303,True
10,CAND-00642,COc1c(N2CCN(C(=O)[C@@H](C)C[C@@]3(C4CC4)NC(=O)NC3=O)C[C@@H]2C)cc(F)c(F)c1OC,0.6555869181506058,7.331577949644263,0.6633428201693867,0.2664653237369158,0.75,0.5797183602197078,1,1.0,-4.187338200000002,1,0.7464788732394366,True,COc1c(N2CCN(C(=O)[C@@H](C)C[C@@]3(C4CC4)NC(=O)NC3=O)C[C@@H]2C)cc(F)c(F)c1OC,7.38,7.55,-0.17,False,4.13,480.5,2.03,2,6,100.2,7,True,True,0.327,True
11,CAND-01429,COc1c(O)c(N2CCN(C(=O)[C@@H](C)C[C@@]3(C)NC(=O)NC3=O)C[C@@H]2C)cc(F)c1F,0.6521968157820501,7.276826415138539,0.6466352904281649,0.214294519585021,0.75,0.5962639018932256,1,1.0,-4.435042700000001,1,0.7142857142857143,True,COc1c(O)c(N2CCN(C(=O)[C@@H](C)C[C@@]3(C)NC(=O)NC3=O)C[C@@H]2C)cc(F)c1F,7.33,7.31,0.02,False,4.15,440.4,1.34,3,6,111.2,5,True,True,0.332,True
12,CAND-00590,CC[C@]1(C[C@H](C)C(=O)N2CCN(c3cc(F)c(F)c(OC)c3O)CC2)NC(=O)NC1=O,0.6509626621347748,7.308405232836264,0.6562716237408357,0.2145337806138539,0.75,0.5760895008811899,1,1.0,-4.433906700000001,1,0.7014925373134329,True,CC[C@]1(C[C@H](C)C(=O)N2CCN(c3cc(F)c(F)c(OC)c3O)CC2)NC(=O)NC1=O,7.49,7.27,0.22,False,3.85,440.4,1.34,3,6,111.2,6,True,True,0.276,True
13,CAND-00192,COc1c(N2CCN(C(=O)[C@@H](C)C[C@@]3(C)NC(=O)NC3=O)C[C@@H]2C)cc(C)c(Cl)c1OC,0.6504896795793618,7.211133998900382,0.6265891308459709,0.3277611770547407,0.75,0.6239837138545877,1,1.0,-3.8963084000000014,1,0.7428571428571429,True,COc1c(N2CCN(C(=O)[C@@H](C)C[C@@]3(C)NC(=O)NC3=O)C[C@@H]2C)cc(C)c(Cl)c1OC,7.2,7.19,0.01,False,4.06,467.0,2.33,2,6,100.2,6,True,True,0.218,True
14,CAND-00391,O=C(O)CCCc1sc(/C=C2\NC(=O)CS2)nc1-c1ccccc1F,0.6464734389991329,6.503073473262528,0.4105231813255435,0.619565360015712,1.0,0.804039494454537,1,1.0,-2.5108359999999994,0,0.7758620689655172,False,O=C(O)CCCc1sc(/C=C2\NC(=O)CS2)nc1-c1ccccc1F,6.44,5.42,1.02,False,3.0,378.5,3.52,2,5,79.3,6,True,True,0.503,True
15,CAND-00193,COc1c(O)c(N2CCN(C(=O)[C@@H](C)C[C@@]3(C)NC(=O)NC3=O)C[C@@H]2C)cc(C)c1Cl,0.6463272998163961,7.252100959547159,0.6390902729526263,0.3004725089393794,0.75,0.5892738778002764,1,1.0,-4.025873700000002,1,0.7222222222222222,True,COc1c(O)c(N2CCN(C(=O)[C@@H](C)C[C@@]3(C)NC(=O)NC3=O)C[C@@H]2C)cc(C)c1Cl,7.22,7.18,0.04,False,4.16,452.9,2.02,3,6,111.2,5,True,True,0.226,True
16,CAND-00392,O=C(O)CCCc1sc(/C=C2\NC(=O)CS2)nc1-c1cccc(F)c1,0.6428617156669062,6.4794018236874695,0.4032997346610901,0.6195653600157119,1.0,0.804039494454537,1,1.0,-2.510836,0,0.8103448275862069,False,O=C(O)CCCc1sc(/C=C2\NC(=O)CS2)nc1-c1cccc(F)c1,6.5,5.42,1.08,True,2.99,378.5,3.52,2,5,79.3,6,True,True,0.623,True
17,CAND-01022,COc1cc(N2CCN(C(=O)[C@@H](C)C[C@@]3(C4CC4)NC(=O)NC3=O)CC2)cc(F)c1OC,0.6427857539632748,7.508631225478735,0.7173709473897475,0.2287032989483358,0.5,0.6136676008946699,1,1.0,-4.366630500000002,2,0.7313432835820896,True,COc1cc(N2CCN(C(=O)[C@@H](C)C[C@@]3(C4CC4)NC(=O)NC3=O)CC2)cc(F)c1OC,7.52,7.58,-0.06,True,3.61,448.5,1.51,2,6,100.2,7,True,True,0.311,False
18,CAND-01189,COc1c(C2CCN(C(=O)CC[C@@]3(C)NC(=O)NC3=O)CC2)cc(Cl)c(F)c1OC,0.6410272179409111,7.075905792588001,0.5853239992069663,0.3979016639277665,0.75,0.6612173944580931,1,1.0,-3.5632847000000014,1,0.7230769230769231,True,COc1c(C2CCN(C(=O)CC[C@@]3(C)NC(=O)NC3=O)CC2)cc(Cl)c(F)c1OC,7.14,7.25,-0.11,False,3.35,441.9,2.58,2,5,97.0,6,True,True,0.393,True
19,CAND-01287,O=C(O)CCc1sc(/C=C2\NC(=O)CS2)nc1-c1cc(F)ccn1,0.640288106700571,6.380261056808836,0.3730467504087646,0.487511995960364,1.0,0.8458824383206289,1,1.0,-3.1378191,0,0.7540983606557377,False,O=C(O)CCc1sc(/C=C2\NC(=O)CS2)nc1-c1cc(F)ccn1,6.48,5.18,1.3,True,3.33,365.4,2.52,2,6,92.2,5,True,True,0.541,True
20,CAND-00643,COc1c(O)c(N2CCN(C(=O)[C@@H](C)C[C@@]3(C4CC4)NC(=O)NC3=O)C[C@@H]2C)cc(F)c1F,0.6402482121961154,7.287473317749264,0.6498842120086545,0.2391766556215544,0.75,0.551020353972627,1,1.0,-4.316903500000002,1,0.726027397260274,True,COc1c(O)c(N2CCN(C(=O)[C@@H](C)C[C@@]3(C4CC4)NC(=O)NC3=O)C[C@@H]2C)cc(F)c1F,7.39,7.53,-0.14,False,4.21,466.5,1.73,3,6,111.2,6,True,True,0.301,True
21,CAND-01288,O=C(O)CCc1sc(/C=C2\NC(=O)CS2)nc1-c1ccc(F)cn1,0.6392240805029799,6.373287306891915,0.3709186980135825,0.487511995960364,1.0,0.8458824383206289,1,1.0,-3.1378191,0,0.8,False,O=C(O)CCc1sc(/C=C2\NC(=O)CS2)nc1-c1ccc(F)cn1,6.42,5.21,1.21,False,3.24,365.4,2.52,2,6,92.2,5,True,True,0.505,True
22,CAND-01286,O=C(O)CCc1sc(/C=C2\NC(=O)CS2)nc1-c1ncccc1F,0.6392240805029799,6.373287306891915,0.3709186980135825,0.487511995960364,1.0,0.8458824383206289,1,1.0,-3.1378191,0,0.7377049180327869,False,O=C(O)CCc1sc(/C=C2\NC(=O)CS2)nc1-c1ncccc1F,6.41,5.19,1.22,False,3.25,365.4,2.52,2,6,92.2,5,True,True,0.447,True
23,CAND-00393,O=C(O)CCCc1sc(/C=C2\NC(=O)CS2)nc1-c1ccc(F)cc1,0.637530008984341,6.444457205670765,0.3926363212959597,0.6195653600157119,1.0,0.804039494454537,1,1.0,-2.510836,0,0.8363636363636363,False,O=C(O)CCCc1sc(/C=C2\NC(=O)CS2)nc1-c1ccc(F)cc1,6.35,5.4,0.95,False,2.93,378.5,3.52,2,5,79.3,6,True,True,0.776,True
24,CAND-01708,COC[C@]1(C[C@H](C)C(=O)N2CCN(c3cc(F)c(F)c(OC)c3OC)CC2)NC(=O)NC1=O,0.632265820005375,7.250579883672532,0.6386261138994889,0.1070801782452541,0.75,0.5431758768521017,1,1.0,-4.944091300000001,1,0.7272727272727273,True,COC[C@]1(C[C@H](C)C(=O)N2CCN(c3cc(F)c(F)c(OC)c3OC)CC2)NC(=O)NC1=O,7.42,7.37,0.05,False,3.86,470.5,0.88,2,7,109.4,8,True,True,0.37,True
25,CAND-01190,COc1c(O)c(C2CCN(C(=O)CC[C@@]3(C)NC(=O)NC3=O)CC2)cc(Cl)c1F,0.6300553773142098,7.075905792588001,0.5853239992069663,0.3706129958124052,0.75,0.6246445923690889,1,1.0,-3.692850000000001,1,0.7014925373134329,True,COc1c(O)c(C2CCN(C(=O)CC[C@@]3(C)NC(=O)NC3=O)CC2)cc(Cl)c1F,7.1,7.24,-0.14,False,3.43,427.9,2.28,3,5,108.0,5,True,True,0.383,True
26,CAND-00640,COC[C@]1(C[C@H](C)C(=O)N2CCN(c3cc(F)c(Cl)c(OC)c3OC)[C@@H](C)C2)NC(=O)NC1=O,0.6297105112693748,7.272402284102766,0.6452852588440908,0.2029210275376594,0.75,0.5235596061577648,1,1.0,-4.489043500000002,1,0.782608695652174,True,COC[C@]1(C[C@H](C)C(=O)N2CCN(c3cc(F)c(Cl)c(OC)c3OC)[C@@H](C)C2)NC(=O)NC1=O,7.26,7.37,-0.11,False,4.25,501.0,1.78,2,7,109.4,8,True,True,0.277,True
27,CAND-00538,COC[C@]1(C[C@H](C)C(=O)N2CCN(c3cc(F)c(F)c(OC)c3OC)[C@@H](C)C2)NC(=O)NC1=O,0.6276020077500097,7.235859454491762,0.6341341483215095,0.1471543575888762,0.75,0.5351164452975166,1,1.0,-4.753821000000002,1,0.7464788732394366,True,COC[C@]1(C[C@H](C)C(=O)N2CCN(c3cc(F)c(F)c(OC)c3OC)[C@@H](C)C2)NC(=O)NC1=O,7.21,7.33,-0.12,False,4.22,484.5,1.27,2,7,109.4,8,True,True,0.254,True
28,CAND-00394,O=C(O)CCCc1sc(/C=C2\NC(=O)CS2)nc1-c1ccccc1Cl,0.6271605486345859,6.4381409348544345,0.3907088998369973,0.6753320299644952,1.0,0.7726869957202908,1,1.0,-2.2460585,0,0.7758620689655172,False,O=C(O)CCCc1sc(/C=C2\NC(=O)CS2)nc1-c1ccccc1Cl,6.35,5.49,0.86,False,2.99,394.9,4.03,2,5,79.3,6,True,True,0.525,True
29,CAND-00395,O=C(O)CCCc1sc(/C=C2\NC(=O)CS2)nc1-c1cccc(Cl)c1,0.6265104973812147,6.433880424272594,0.3894087973302549,0.6753320299644952,1.0,0.7726869957202908,1,1.0,-2.2460585,0,0.8103448275862069,False,O=C(O)CCCc1sc(/C=C2\NC(=O)CS2)nc1-c1cccc(Cl)c1,6.43,5.54,0.89,False,2.98,394.9,4.03,2,5,79.3,6,True,True,0.619,True
30,CAND-01710,COC[C@]1(C[C@H](C)C(=O)N2CCC(c3ccc(Cl)c(OC)c3OC)CC2)NC(=O)NC1=O,0.6259730576104792,7.160213377298209,0.6110506111032801,0.3245499823344902,0.75,0.5681591735294637,1,1.0,-3.9115550000000017,1,0.746268656716418,True,COC[C@]1(C[C@H](C)C(=O)N2CCC(c3ccc(Cl)c(OC)c3OC)CC2)NC(=O)NC1=O,7.26,7.35,-0.09,False,3.8,468.0,2.31,2,6,106.2,8,True,True,0.193,True
31,CAND-01711,COC[C@]1(C[C@H](C)C(=O)N2CCC(c3ccc(Cl)c(O)c3OC)CC2)NC(=O)NC1=O,0.624833995353204,7.201180337944987,0.6235517532099354,0.297261314219129,0.75,0.5435270624941213,1,1.0,-4.041120300000001,1,0.7246376811594203,True,COC[C@]1(C[C@H](C)C(=O)N2CCC(c3ccc(Cl)c(O)c3OC)CC2)NC(=O)NC1=O,7.28,7.35,-0.07,False,3.87,453.9,2.01,3,6,117.2,7,True,True,0.211,True
32,CAND-00641,COC[C@]1(C[C@H](C)C(=O)N2CCN(c3cc(F)c(Cl)c(OC)c3O)[C@@H](C)C2)NC(=O)NC1=O,0.6245031208110177,7.286323787868622,0.6495334308873102,0.1756323594222982,0.75,0.4991213512245418,1,1.0,-4.618608800000001,1,0.7605633802816901,True,COC[C@]1(C[C@H](C)C(=O)N2CCN(c3cc(F)c(Cl)c(OC)c3O)[C@@H](C)C2)NC(=O)NC1=O,7.26,7.23,0.03,False,4.34,486.9,1.48,3,7,120.4,7,True,True,0.28,True
33,CAND-01291,O=C(O)CCc1sc(/C=C2\NC(=O)CS2)nc1-c1cc(Cl)ccn1,0.6228109131081224,6.303755432897574,0.349700920955628,0.5432786659091471,1.0,0.826534842101028,1,1.0,-2.8730416,0,0.7540983606557377,False,O=C(O)CCc1sc(/C=C2\NC(=O)CS2)nc1-c1cc(Cl)ccn1,6.38,5.27,1.11,False,3.28,381.9,3.04,2,6,92.2,5,True,True,0.547,True
34,CAND-00000,COC[C@]1(C[C@H](C)C(=O)N2CCN(c3cc(C)c(Cl)c(OC)c3OC)[C@@H](C)C2)NC(=O)NC1=O,0.622069943648767,7.211133998900382,0.6265891308459709,0.2333323469432348,0.75,0.5292512607526052,1,1.0,-4.344652000000002,1,0.7534246575342466,True,COC[C@]1(C[C@H](C)C(=O)N2CCN(c3cc(C)c(Cl)c(OC)c3OC)[C@@H](C)C2)NC(=O)NC1=O,7.2,7.3,-0.1,False,4.22,497.0,1.95,2,7,109.4,8,True,True,0.214,True
35,CAND-00396,O=C(O)CCCc1sc(/C=C2\NC(=O)CS2)nc1-c1ccc(Cl)cc1,0.6211787906986495,6.398935806255889,0.3787453839651245,0.6753320299644952,1.0,0.7726869957202908,1,1.0,-2.2460585,0,0.8363636363636363,False,O=C(O)CCCc1sc(/C=C2\NC(=O)CS2)nc1-c1ccc(Cl)cc1,6.24,5.49,0.75,False,2.92,394.9,4.03,2,5,79.3,6,True,True,0.676,True
36,CAND-00409,N#Cc1ccccc1-c1nc(/C=C2\NC(=O)CS2)sc1CCCC(=O)O,0.6200650056051402,6.355406885961718,0.3654624552402296,0.5705568242310762,1.0,0.7911125932834179,1,1.0,-2.7435262,0,0.7377049180327869,False,N#Cc1ccccc1-c1nc(/C=C2\NC(=O)CS2)sc1CCCC(=O)O,6.34,5.33,1.01,False,3.14,385.5,3.25,2,6,103.1,6,True,True,0.481,True
37,CAND-00400,COc1ccccc1-c1nc(/C=C2\NC(=O)CS2)sc1CCCC(=O)O,0.6178434818023361,6.4150240276191175,0.38365473380045,0.5845872089074182,1.0,0.7533870496737034,1,1.0,-2.6769106000000007,0,0.7377049180327869,False,COc1ccccc1-c1nc(/C=C2\NC(=O)CS2)sc1CCCC(=O)O,6.43,5.34,1.09,False,2.95,390.5,3.39,2,6,88.5,7,True,True,0.594,True
38,CAND-00064,CC(C(=O)O)c1sc(/C=C2\NC(=O)CS2)nc1-c1ccccc1F,0.6178429200969244,6.185355991760936,0.3135711174351874,0.6048079882854765,1.0,0.8701912045977693,1,1.0,-2.5809033,0,0.7678571428571429,False,CC(C(=O)O)c1sc(/C=C2\NC(=O)CS2)nc1-c1ccccc1F,6.22,5.44,0.78,True,3.62,364.4,3.3,2,5,79.3,4,True,True,0.543,True
39,CAND-00410,N#Cc1cccc(-c2nc(/C=C3\NC(=O)CS3)sc2CCCC(=O)O)c1,0.6172390412049167,6.33688519068213,0.3598105264397828,0.5705568242310762,1.0,0.7911125932834178,1,1.0,-2.7435262000000007,0,0.7704918032786885,False,N#Cc1cccc(-c2nc(/C=C3\NC(=O)CS3)sc2CCCC(=O)O)c1,6.35,5.35,1.0,False,3.08,385.5,3.25,2,6,103.1,6,True,True,0.573,True
40,CAND-01292,O=C(O)CCc1sc(/C=C2\NC(=O)CS2)nc1-c1ccc(Cl)cn1,0.6159872974261467,6.259032671932652,0.3360536895916766,0.5432786659091471,1.0,0.826534842101028,1,1.0,-2.8730416,0,0.8,False,O=C(O)CCc1sc(/C=C2\NC(=O)CS2)nc1-c1ccc(Cl)cn1,6.27,5.27,1.0,False,3.2,381.9,3.04,2,6,92.2,5,True,True,0.505,True
41,CAND-00397,Cc1ccccc1-c1nc(/C=C2\NC(=O)CS2)sc1CCCC(=O)O,0.6158651370035753,6.298360847166057,0.3480547533666362,0.6499766794212871,1.0,0.8061258677341904,1,1.0,-2.3664445000000005,0,0.7758620689655172,False,Cc1ccccc1-c1nc(/C=C2\NC(=O)CS2)sc1CCCC(=O)O,6.28,5.44,0.84,False,2.98,374.5,3.69,2,5,79.3,6,True,True,0.468,True
42,CAND-00001,COC[C@]1(C[C@H](C)C(=O)N2CCN(c3cc(C)c(Cl)c(OC)c3O)[C@@H](C)C2)NC(=O)NC1=O,0.6148459907436629,7.211133998900382,0.6265891308459709,0.2060436788278734,0.75,0.5051714177355914,1,1.0,-4.474217300000002,1,0.7333333333333333,True,COC[C@]1(C[C@H](C)C(=O)N2CCN(c3cc(C)c(Cl)c(OC)c3O)[C@@H](C)C2)NC(=O)NC1=O,7.22,7.25,-0.03,False,4.31,483.0,1.65,3,7,120.4,7,True,True,0.219,True
43,CAND-01290,O=C(O)CCc1sc(/C=C2\NC(=O)CS2)nc1-c1ncccc1Cl,0.6147887158765836,6.25117703078339,0.3336565264925503,0.5432786659091471,1.0,0.826534842101028,1,1.0,-2.8730416,0,0.7377049180327869,False,O=C(O)CCc1sc(/C=C2\NC(=O)CS2)nc1-c1ncccc1Cl,6.33,5.21,1.12,False,3.27,381.9,3.04,2,6,92.2,5,True,True,0.416,True
44,CAND-00070,Cc1ccccc1-c1nc(/C=C2\NC(=O)CS2)sc1C(C)C(=O)O,0.6135566666744017,6.152311096099689,0.3034874077813851,0.6352193076910518,1.0,0.8727098759456969,1,1.0,-2.4365118000000003,0,0.7818181818181819,False,Cc1ccccc1-c1nc(/C=C2\NC(=O)CS2)sc1C(C)C(=O)O,6.19,5.44,0.75,False,3.6,360.5,3.47,2,5,79.3,4,True,True,0.509,True
45,CAND-00398,Cc1cccc(-c2nc(/C=C3\NC(=O)CS3)sc2CCCC(=O)O)c1,0.6122534136713486,6.274689197590998,0.3408313067021828,0.6499766794212869,1.0,0.8061258677341904,1,1.0,-2.3664445000000014,0,0.8103448275862069,False,Cc1cccc(-c2nc(/C=C3\NC(=O)CS3)sc2CCCC(=O)O)c1,6.29,5.44,0.85,False,2.96,374.5,3.69,2,5,79.3,6,True,True,0.515,True
46,CAND-00411,N#Cc1ccc(-c2nc(/C=C3\NC(=O)CS3)sc2CCCC(=O)O)cc1,0.6119073345223516,6.301940572665425,0.3491471130746524,0.5705568242310762,1.0,0.7911125932834178,1,1.0,-2.7435262000000007,0,0.7931034482758621,False,N#Cc1ccc(-c2nc(/C=C3\NC(=O)CS3)sc2CCCC(=O)O)cc1,6.25,5.31,0.94,False,3.03,385.5,3.25,2,6,103.1,6,True,True,0.549,True
47,CAND-01020,CCc1cc(N2CCN(C(=O)[C@@H](C)C[C@@]3(COC)NC(=O)NC3=O)C[C@@H]2C)c(OC)c(OC)c1Cl,0.6103042804080436,7.211133998900382,0.6265891308459709,0.2532906552877263,0.75,0.490032383283527,1,1.0,-4.249890900000002,1,0.7567567567567568,True,CCc1cc(N2CCN(C(=O)[C@@H](C)C[C@@]3(COC)NC(=O)NC3=O)C[C@@H]2C)c(OC)c(OC)c1Cl,7.17,7.37,-0.2,False,4.26,511.0,2.21,2,7,109.4,9,True,True,0.194,True
48,CAND-00539,COC[C@]1(C[C@H](C)C(=O)N2CCN(c3cc(F)c(F)c(OC)c3O)[C@@H](C)C2)NC(=O)NC1=O,0.6101527755090324,7.174690956268038,0.6154684705003353,0.119865689473515,0.75,0.5080618008628822,1,1.0,-4.8833863000000015,1,0.726027397260274,True,COC[C@]1(C[C@H](C)C(=O)N2CCN(c3cc(F)c(F)c(OC)c3O)[C@@H](C)C2)NC(=O)NC1=O,7.25,7.3,-0.05,False,4.31,470.5,0.97,3,7,120.4,7,True,True,0.278,True
49,CAND-01309,O=C(O)CCc1sc(/C=C2\NC(=O)CS2)nc1-c1cccc(C(F)(F)F)n1,0.6084907297430961,6.305812730585058,0.3503287090644087,0.5548134906572886,1.0,0.777754584036306,1,1.0,-2.8182748,0,0.7142857142857143,False,O=C(O)CCc1sc(/C=C2\NC(=O)CS2)nc1-c1cccc(C(F)(F)F)n1,6.35,5.25,1.1,False,3.29,415.4,3.4,2,6,92.2,5,True,True,0.452,True
50,CAND-01307,O=C(O)CCc1sc(/C=C2\NC(=O)CS2)nc1-c1cc(C(F)(F)F)ccn1,0.6083021662256985,6.304576863632944,0.3499515820296133,0.5548134906572886,1.0,0.777754584036306,1,1.0,-2.8182748,0,0.71875,False,O=C(O)CCc1sc(/C=C2\NC(=O)CS2)nc1-c1cc(C(F)(F)F)ccn1,6.47,5.19,1.28,False,3.29,415.4,3.4,2,6,92.2,5,True,True,0.629,True
51,CAND-00730,COc1c(Cl)ccc(C2CCN(C(=O)CC[C@@]3(C)NC(=O)NC3=O)CC2)c1OC,0.6080661783859702,6.813502596425844,0.5052511894921515,0.4002138184828088,0.75,0.6848019454663147,1,1.0,-3.5523067000000017,1,0.6984126984126984,False,COc1c(Cl)ccc(C2CCN(C(=O)CC[C@@]3(C)NC(=O)NC3=O)CC2)c1OC,6.92,7.21,-0.29,False,3.19,423.9,2.44,2,5,97.0,6,True,True,0.501,True
52,CAND-00399,Cc1ccc(-c2nc(/C=C3\NC(=O)CS3)sc2CCCC(=O)O)cc1,0.6069217069887833,6.239744579574293,0.3301678933370524,0.6499766794212871,1.0,0.8061258677341904,1,1.0,-2.3664445000000005,0,0.8363636363636363,False,Cc1ccc(-c2nc(/C=C3\NC(=O)CS3)sc2CCCC(=O)O)cc1,6.22,5.41,0.81,False,2.91,374.5,3.69,2,5,79.3,6,True,True,0.486,True
53,CAND-00067,CC(C(=O)O)c1sc(/C=C2\NC(=O)CS2)nc1-c1ccccc1Cl,0.6066203870464661,6.166108924380963,0.3076978400268879,0.6605746582342599,1.0,0.8425715567767407,1,1.0,-2.316125799999999,0,0.7678571428571429,False,CC(C(=O)O)c1sc(/C=C2\NC(=O)CS2)nc1-c1ccccc1Cl,6.17,5.46,0.71,False,3.61,380.9,3.81,2,5,79.3,4,True,True,0.554,True
54,CAND-01709,COC[C@]1(C[C@H](C)C(=O)N2CCN(c3cc(F)c(F)c(OC)c3O)CC2)NC(=O)NC1=O,0.6063739404855231,7.139163938915694,0.6046273369249986,0.0797915101298928,0.75,0.5135342400767456,1,1.0,-5.073656600000001,1,0.7058823529411765,True,COC[C@]1(C[C@H](C)C(=O)N2CCN(c3cc(F)c(F)c(OC)c3O)CC2)NC(=O)NC1=O,7.4,7.3,0.1,False,3.94,456.4,0.58,3,7,120.4,7,True,True,0.413,True
55,CAND-00194,COc1c(C2CCN(C(=O)CC[C@@]3(C)NC(=O)NC3=O)CC2)cc(C)c(Cl)c1OC,0.6062829876124146,6.837217847873741,0.5124879413469308,0.4283129833333419,0.75,0.6667967231298307,1,1.0,-3.4188932000000007,1,0.71875,False,COc1c(C2CCN(C(=O)CC[C@@]3(C)NC(=O)NC3=O)CC2)cc(C)c(Cl)c1OC,6.96,7.2,-0.24,False,3.31,437.9,2.75,2,5,97.0,6,True,True,0.507,True
56,CAND-01295,Cc1ccnc(-c2nc(/C=C3\NC(=O)CS3)sc2CCC(=O)O)c1,0.6062592216378972,6.147960911804391,0.3021599411788573,0.5179233153659392,1.0,0.8505975034948956,1,1.0,-2.9934276000000004,0,0.7540983606557377,False,Cc1ccnc(-c2nc(/C=C3\NC(=O)CS3)sc2CCC(=O)O)c1,6.29,5.18,1.11,True,3.23,361.4,2.69,2,6,92.2,5,True,True,0.413,True
57,CAND-00406,O=C(O)CCCc1sc(/C=C2\NC(=O)CS2)nc1-c1ccccc1C(F)(F)F,0.6061162206530059,6.417227787946609,0.3843272152486227,0.6868668547126365,1.0,0.713175376762315,1,1.0,-2.1912916999999994,0,0.7377049180327869,False,O=C(O)CCCc1sc(/C=C2\NC(=O)CS2)nc1-c1ccccc1C(F)(F)F,6.34,5.58,0.76,False,3.1,428.5,4.4,2,5,79.3,6,True,True,0.539,True
58,CAND-00079,CC(C(=O)O)c1sc(/C=C2\NC(=O)CS2)nc1-c1ccccc1C(F)(F)F,0.6053287163111982,6.271178036880242,0.3397598696633718,0.6721094829824014,1.0,0.7848292715983742,1,1.0,-2.2613589999999992,0,0.7288135593220338,False,CC(C(=O)O)c1sc(/C=C2\NC(=O)CS2)nc1-c1ccccc1C(F)(F)F,6.39,5.52,0.87,False,3.7,414.4,4.18,2,5,79.3,4,True,True,0.738,True
59,CAND-01297,Cc1cccc(-c2nc(/C=C3\NC(=O)CS3)sc2CCC(=O)O)n1,0.6051951954403063,6.14098716188747,0.3000318887836752,0.5179233153659389,1.0,0.8505975034948956,1,1.0,-2.9934276000000013,0,0.75,False,Cc1cccc(-c2nc(/C=C3\NC(=O)CS3)sc2CCC(=O)O)n1,6.25,5.24,1.01,False,3.19,361.4,2.69,2,6,92.2,5,True,True,0.33,True
60,CAND-01296,Cc1ccc(-c2nc(/C=C3\NC(=O)CS3)sc2CCC(=O)O)nc1,0.6051951954403063,6.14098716188747,0.3000318887836752,0.5179233153659389,1.0,0.8505975034948956,1,1.0,-2.9934276000000013,0,0.8,False,Cc1ccc(-c2nc(/C=C3\NC(=O)CS3)sc2CCC(=O)O)nc1,6.21,5.21,1.0,False,3.2,361.4,2.69,2,6,92.2,5,True,True,0.32,True
61,CAND-01294,Cc1cccnc1-c1nc(/C=C2\NC(=O)CS2)sc1CCC(=O)O,0.6051951954403063,6.14098716188747,0.3000318887836752,0.5179233153659389,1.0,0.8505975034948956,1,1.0,-2.9934276000000013,0,0.7377049180327869,False,Cc1cccnc1-c1nc(/C=C2\NC(=O)CS2)sc1CCC(=O)O,6.28,5.19,1.09,False,3.24,361.4,2.69,2,6,92.2,5,True,True,0.347,True
62,CAND-01308,O=C(O)CCc1sc(/C=C2\NC(=O)CS2)nc1-c1ccc(C(F)(F)F)cn1,0.6047374651687193,6.281213403451006,0.3428221799156549,0.5548134906572886,1.0,0.777754584036306,1,1.0,-2.8182748,0,0.7619047619047619,False,O=C(O)CCc1sc(/C=C2\NC(=O)CS2)nc1-c1ccc(C(F)(F)F)cn1,6.34,5.2,1.14,False,3.23,415.4,3.4,2,6,92.2,5,True,True,0.51,True
63,CAND-00402,COc1ccc(-c2nc(/C=C3\NC(=O)CS3)sc2CCCC(=O)O)cc1,0.6046509970938048,6.328558967502749,0.3572697643833875,0.5845872089074181,1.0,0.7533870496737034,1,1.0,-2.676910600000001,0,0.7966101694915254,False,COc1ccc(-c2nc(/C=C3\NC(=O)CS3)sc2CCCC(=O)O)cc1,6.27,5.32,0.95,False,2.88,390.5,3.39,2,6,88.5,7,True,True,0.541,True
64,CAND-00072,Cc1ccc(-c2nc(/C=C3\NC(=O)CS3)sc2C(C)C(=O)O)cc1,0.6046132366596098,6.0936948285079255,0.2856005477518012,0.6352193076910521,1.0,0.8727098759456969,1,1.0,-2.4365117999999995,0,0.8461538461538461,False,Cc1ccc(-c2nc(/C=C3\NC(=O)CS3)sc2C(C)C(=O)O)cc1,6.16,5.43,0.73,False,3.55,360.5,3.47,2,5,79.3,4,True,True,0.525,True
65,CAND-01021,CCc1cc(N2CCN(C(=O)[C@@H](C)C[C@@]3(COC)NC(=O)NC3=O)C[C@@H]2C)c(O)c(OC)c1Cl,0.6042797038978555,7.211133998900382,0.6265891308459709,0.2260019871723651,0.75,0.4699504615828999,1,1.0,-4.379456200000002,1,0.7368421052631579,True,CCc1cc(N2CCN(C(=O)[C@@H](C)C[C@@]3(COC)NC(=O)NC3=O)C[C@@H]2C)c(O)c(OC)c1Cl,7.19,7.27,-0.08,False,4.35,497.0,1.9,3,7,120.4,8,True,True,0.215,True
66,CAND-00407,O=C(O)CCCc1sc(/C=C2\NC(=O)CS2)nc1-c1cccc(C(F)(F)F)c1,0.6042675878500715,6.405111636215507,0.380629949642754,0.6868668547126365,1.0,0.713175376762315,1,1.0,-2.1912916999999994,0,0.7704918032786885,False,O=C(O)CCCc1sc(/C=C2\NC(=O)CS2)nc1-c1cccc(C(F)(F)F)c1,6.39,5.69,0.7,False,3.04,428.5,4.4,2,5,79.3,6,True,True,0.627,True
67,CAND-00071,Cc1cccc(-c2nc(/C=C3\NC(=O)CS3)sc2C(C)C(=O)O)c1,0.6041853538577903,6.09089043547663,0.2847447821481623,0.6352193076910518,1.0,0.8727098759456969,1,1.0,-2.4365118000000003,0,0.8181818181818182,False,Cc1cccc(-c2nc(/C=C3\NC(=O)CS3)sc2C(C)C(=O)O)c1,6.2,5.45,0.75,True,3.6,360.5,3.47,2,5,79.3,4,True,True,0.539,True
68,CAND-00080,CC(C(=O)O)c1sc(/C=C2\NC(=O)CS2)nc1-c1cccc(C(F)(F)F)c1,0.6034800835082639,6.25906188514914,0.3360626040575031,0.6721094829824014,1.0,0.7848292715983742,1,1.0,-2.2613589999999992,0,0.7627118644067796,False,CC(C(=O)O)c1sc(/C=C2\NC(=O)CS2)nc1-c1cccc(C(F)(F)F)c1,6.45,5.62,0.83,False,3.65,414.4,4.18,2,5,79.3,4,True,True,0.84,True
69,CAND-01123,COc1c(N2CCN(C(=O)CC[C@@]3(C)NC(=O)NC3=O)C[C@@H]2C)cc(F)c(Cl)c1OC,0.6031935906215729,6.8810619975468885,0.5258670628867319,0.278584863685978,0.75,0.6342001972606895,1,1.0,-4.129795200000002,1,0.7352941176470589,False,COc1c(N2CCN(C(=O)CC[C@@]3(C)NC(=O)NC3=O)C[C@@H]2C)cc(F)c(Cl)c1OC,7.12,7.1,0.02,False,3.74,456.9,1.91,2,6,100.2,6,True,True,0.465,True
70,CAND-00408,O=C(O)CCCc1sc(/C=C2\NC(=O)CS2)nc1-c1ccc(C(F)(F)F)cc1,0.6021947957925028,6.391526318981786,0.3764843655276166,0.6868668547126366,1.0,0.713175376762315,1,1.0,-2.191291699999999,0,0.7931034482758621,False,O=C(O)CCCc1sc(/C=C2\NC(=O)CS2)nc1-c1ccc(C(F)(F)F)cc1,6.28,5.6,0.68,False,3.01,428.5,4.4,2,5,79.3,6,True,True,0.585,True
71,CAND-01303,O=C(O)CCc1sc(/C=C2\NC(=O)CS2)nc1-c1cc(O)ccn1,0.6018094993544327,6.325675070341336,0.3563897379507055,0.4252451767367089,1.0,0.7453821012635999,1,1.0,-3.433459000000001,0,0.7796610169491526,False,O=C(O)CCc1sc(/C=C2\NC(=O)CS2)nc1-c1cc(O)ccn1,6.31,5.32,0.99,False,3.4,363.4,2.09,3,7,112.4,5,True,True,0.514,True
72,CAND-00068,CC(C(=O)O)c1sc(/C=C2\NC(=O)CS2)nc1-c1cccc(Cl)c1,0.6017055673098177,6.133896631292944,0.2978682005535911,0.6605746582342599,1.0,0.8425715567767407,1,1.0,-2.316125799999999,0,0.8035714285714286,False,CC(C(=O)O)c1sc(/C=C2\NC(=O)CS2)nc1-c1cccc(Cl)c1,6.19,5.53,0.66,False,3.62,380.9,3.81,2,5,79.3,4,True,True,0.609,True
73,CAND-01306,O=C(O)CCc1sc(/C=C2\NC(=O)CS2)nc1-c1ncccc1C(F)(F)F,0.6014785505437228,6.259854102668022,0.3363043506656619,0.5548134906572886,1.0,0.777754584036306,1,1.0,-2.8182748,0,0.703125,False,O=C(O)CCc1sc(/C=C2\NC(=O)CS2)nc1-c1ncccc1C(F)(F)F,6.35,5.19,1.16,False,3.31,415.4,3.4,2,6,92.2,5,True,True,0.45,True
74,CAND-00081,CC(C(=O)O)c1sc(/C=C2\NC(=O)CS2)nc1-c1ccc(C(F)(F)F)cc1,0.6014072914506952,6.245476567915419,0.3319170199423656,0.6721094829824014,1.0,0.7848292715983742,1,1.0,-2.2613589999999992,0,0.7857142857142857,False,CC(C(=O)O)c1sc(/C=C2\NC(=O)CS2)nc1-c1ccc(C(F)(F)F)cc1,6.41,5.52,0.89,False,3.62,414.4,4.18,2,5,79.3,4,True,True,0.883,True
75,CAND-00073,COc1ccccc1-c1nc(/C=C2\NC(=O)CS2)sc1C(C)C(=O)O,0.6013837415732666,6.150107335772198,0.3028149263332124,0.5698298371771832,1.0,0.8332542613555344,1,1.0,-2.7469779,0,0.7413793103448276,False,COc1ccccc1-c1nc(/C=C2\NC(=O)CS2)sc1C(C)C(=O)O,6.34,5.27,1.07,False,3.56,376.5,3.17,2,6,88.5,5,True,True,0.655,True
76,CAND-00014,COc1ccc(C2(CCC(=O)N3CCN(c4cccc(Cl)c4)CC3)NC(=O)NC2=O)cc1OC,0.6012753272486303,6.968640683437401,0.552591857222129,0.3310711933196465,0.75,0.5832646621252192,1,1.0,-3.880592600000001,1,0.8095238095238095,False,COc1ccc(C2(CCC(=O)N3CCN(c4cccc(Cl)c4)CC3)NC(=O)NC2=O)cc1OC,7.02,7.16,-0.14,False,3.02,487.0,2.52,2,6,100.2,7,True,True,0.36,True
77,CAND-00197,COc1ccc(-c2nc(/C=C3\NC(=O)CS3)sc2CC(=O)O)c(F)c1,0.6010891084667109,6.156038791974437,0.3046249209169679,0.5016481736074653,1.0,0.8292554933607567,1,1.0,-3.070701200000001,0,0.7419354838709677,False,COc1ccc(-c2nc(/C=C3\NC(=O)CS3)sc2CC(=O)O)c(F)c1,6.29,5.34,0.95,False,3.04,380.4,2.75,2,6,88.5,5,True,True,0.634,True
78,CAND-00015,COc1ccc(C2(CCC(=O)N3CCN(c4cccc(Cl)c4)CC3)NC(=O)NC2=O)cc1O,0.6002232867788945,7.015718241677461,0.5669576592318916,0.3037825252042851,0.75,0.5558148572098288,1,1.0,-4.010157900000002,1,0.7846153846153846,True,COc1ccc(C2(CCC(=O)N3CCN(c4cccc(Cl)c4)CC3)NC(=O)NC2=O)cc1O,7.18,7.13,0.05,False,3.09,472.9,2.22,3,6,111.2,6,True,True,0.314,True
79,CAND-00401,COc1cccc(-c2nc(/C=C3\NC(=O)CS3)sc2CCCC(=O)O)c1,0.5983947609004854,6.287554876877747,0.3447572919967486,0.5845872089074181,1.0,0.7533870496737034,1,1.0,-2.676910600000001,0,0.7704918032786885,False,COc1cccc(-c2nc(/C=C3\NC(=O)CS3)sc2CCCC(=O)O)c1,6.34,5.35,0.99,False,2.93,390.5,3.39,2,6,88.5,7,True,True,0.596,True
80,CAND-01125,COc1c(N2CCN(C(=O)CC[C@H]3NC(=O)NC3=O)C[C@@H]2C)cc(F)c(Cl)c1OC,0.5981824108993049,6.821349243835408,0.5076456081353493,0.2382714233135228,0.75,0.647865356105434,1,1.0,-4.321201500000002,1,0.7313432835820896,False,COc1c(N2CCN(C(=O)CC[C@H]3NC(=O)NC3=O)C[C@@H]2C)cc(F)c(Cl)c1OC,7.03,7.05,-0.02,False,3.61,442.9,1.52,2,6,100.2,6,True,True,0.545,True
81,CAND-00200,COc1ccc(-c2nc(/C=C3\NC(=O)CS3)sc2CC(=O)O)cc1C,0.5977986792796741,6.124889894933136,0.2951197786698701,0.5320594930130406,1.0,0.834129299815797,1,1.0,-2.9263097000000013,0,0.7666666666666667,False,COc1ccc(-c2nc(/C=C3\NC(=O)CS3)sc2CC(=O)O)cc1C,6.16,5.27,0.89,False,2.98,376.5,2.92,2,6,88.5,5,True,True,0.552,True
82,CAND-00731,COc1c(Cl)ccc(C2CCN(C(=O)CC[C@@]3(C)NC(=O)NC3=O)CC2)c1O,0.5962860656544453,6.813502596425844,0.5052511894921515,0.3729251503674476,0.75,0.6455349030278986,1,1.0,-3.681872000000001,1,0.676923076923077,False,COc1c(Cl)ccc(C2CCN(C(=O)CC[C@@]3(C)NC(=O)NC3=O)CC2)c1O,6.87,7.2,-0.33,False,3.27,409.9,2.14,3,5,108.0,5,True,True,0.476,True
83,CAND-00195,COc1c(O)c(C2CCN(C(=O)CC[C@@]3(C)NC(=O)NC3=O)CC2)cc(C)c1Cl,0.595318796073617,6.837217847873741,0.5124879413469308,0.4010243152179805,0.75,0.6302494180005056,1,1.0,-3.548458500000001,1,0.696969696969697,False,COc1c(O)c(C2CCN(C(=O)CC[C@@]3(C)NC(=O)NC3=O)CC2)cc(C)c1Cl,6.94,7.21,-0.27,False,3.39,423.9,2.45,3,5,108.0,5,True,True,0.486,True
84,CAND-00069,CC(C(=O)O)c1sc(/C=C2\NC(=O)CS2)nc1-c1ccc(Cl)cc1,0.5948682252833468,6.089083906289543,0.2841935165006493,0.6605746582342599,1.0,0.8425715567767407,1,1.0,-2.316125799999999,0,0.8301886792452831,False,CC(C(=O)O)c1sc(/C=C2\NC(=O)CS2)nc1-c1ccc(Cl)cc1,5.99,5.49,0.5,False,3.56,380.9,3.81,2,5,79.3,4,True,True,0.673,True
85,CAND-00075,COc1ccc(-c2nc(/C=C3\NC(=O)CS3)sc2C(C)C(=O)O)cc1,0.5924403115584745,6.091491068180434,0.2849280663036285,0.569829837177183,1.0,0.8332542613555343,1,1.0,-2.7469779,0,0.8,False,COc1ccc(-c2nc(/C=C3\NC(=O)CS3)sc2C(C)C(=O)O)cc1,6.21,5.26,0.95,False,3.5,376.5,3.17,2,6,88.5,5,True,True,0.618,True
86,CAND-01124,COc1c(O)c(N2CCN(C(=O)CC[C@@]3(C)NC(=O)NC3=O)C[C@@H]2C)cc(F)c1Cl,0.5921267699998204,6.8810619975468885,0.5258670628867319,0.2512961955706168,0.75,0.5973107951881815,1,1.0,-4.259360500000001,1,0.7142857142857143,False,COc1c(O)c(N2CCN(C(=O)CC[C@@]3(C)NC(=O)NC3=O)C[C@@H]2C)cc(F)c1Cl,7.04,7.15,-0.11,False,3.84,442.9,1.61,3,6,111.2,5,True,True,0.51,True
87,CAND-01192,COc1c(O)cccc1C1(CCC(=O)N2CCN(c3cccc(Cl)c3)CC2)NC(=O)NC1=O,0.5902867082469507,6.950592764627642,0.547084502168004,0.3037825252042853,0.75,0.555814857209829,1,1.0,-4.010157900000001,1,0.7846153846153846,False,COc1c(O)cccc1C1(CCC(=O)N2CCN(c3cccc(Cl)c3)CC2)NC(=O)NC1=O,7.19,7.15,0.04,False,3.19,472.9,2.22,3,6,111.2,6,True,True,0.342,True
88,CAND-00196,COc1ccc(-c2nc(/C=C3\NC(=O)CS3)sc2CC(=O)O)cc1F,0.589530090974893,6.0802796636223775,0.2815068859333319,0.5016481736074653,1.0,0.8292554933607567,1,1.0,-3.070701200000001,0,0.7540983606557377,False,COc1ccc(-c2nc(/C=C3\NC(=O)CS3)sc2CC(=O)O)cc1F,6.28,5.31,0.97,False,3.0,380.4,2.75,2,6,88.5,5,True,True,0.686,True
89,CAND-01191,COc1cccc(C2(CCC(=O)N3CCN(c4cccc(Cl)c4)CC3)NC(=O)NC2=O)c1OC,0.5880015840138734,6.8816430456065,0.5260443707526152,0.3310711933196464,0.75,0.5832646621252192,1,1.0,-3.8805926000000017,1,0.8709677419354839,False,COc1cccc(C2(CCC(=O)N3CCN(c4cccc(Cl)c4)CC3)NC(=O)NC2=O)c1OC,7.02,7.17,-0.15,False,3.1,487.0,2.52,2,6,100.2,7,True,True,0.365,True
90,CAND-00198,COc1ccc(-c2nc(/C=C3\NC(=O)CS3)sc2CC(=O)O)cc1Cl,0.5877097114079894,6.114164757833344,0.2918469836935992,0.5574148435562484,1.0,0.8059540652039663,1,1.0,-2.805923700000001,0,0.7540983606557377,False,COc1ccc(-c2nc(/C=C3\NC(=O)CS3)sc2CC(=O)O)cc1Cl,6.22,5.33,0.89,False,2.99,396.9,3.26,2,6,88.5,5,True,True,0.674,True
91,CAND-00206,COc1ccc(-c2nc(/C=C3\NC(=O)CS3)sc2CC(=O)O)cc1C(F)(F)F,0.5874534948808101,6.215908043189084,0.3228941311643782,0.5689496683043899,1.0,0.7533547643287367,1,1.0,-2.7511569000000007,0,0.71875,False,COc1ccc(-c2nc(/C=C3\NC(=O)CS3)sc2CC(=O)O)cc1C(F)(F)F,6.31,5.28,1.03,False,3.1,430.4,3.63,2,6,88.5,5,True,True,0.731,True
92,CAND-01126,COc1c(O)c(N2CCN(C(=O)CC[C@H]3NC(=O)NC3=O)C[C@@H]2C)cc(F)c1Cl,0.5862158166621154,6.821349243835408,0.5076456081353493,0.2109827551981618,0.75,0.607976708648136,1,1.0,-4.4507668,1,0.7101449275362319,False,COc1c(O)c(N2CCN(C(=O)CC[C@H]3NC(=O)NC3=O)C[C@@H]2C)cc(F)c1Cl,6.94,7.05,-0.11,False,3.7,428.8,1.22,3,6,111.2,5,True,True,0.586,True
93,CAND-00074,COc1cccc(-c2nc(/C=C3\NC(=O)CS3)sc2C(C)C(=O)O)c1,0.586184075365155,6.050486977555432,0.2724155939169896,0.569829837177183,1.0,0.8332542613555343,1,1.0,-2.7469779,0,0.7758620689655172,False,COc1cccc(-c2nc(/C=C3\NC(=O)CS3)sc2C(C)C(=O)O)c1,6.25,5.31,0.94,False,3.56,376.5,3.17,2,6,88.5,5,True,True,0.617,True
94,CAND-01311,N#Cc1ccnc(-c2nc(/C=C3\NC(=O)CS3)sc2CCC(=O)O)c1,0.5857342968519115,6.060495727072929,0.2754697819273465,0.438503460175728,1.0,0.8266646862941273,1,1.0,-3.370509300000001,0,0.71875,False,N#Cc1ccnc(-c2nc(/C=C3\NC(=O)CS3)sc2CCC(=O)O)c1,6.31,5.32,0.99,False,3.34,372.4,2.26,2,7,116.0,5,True,True,0.513,True
95,CAND-00065,CC(C(=O)O)c1sc(/C=C2\NC(=O)CS2)nc1-c1cccc(F)c1,0.5853142395315697,5.97215928297334,0.2485137563044778,0.6048079882854765,1.0,0.8701912045977693,1,1.0,-2.5809033,0,0.8035714285714286,False,CC(C(=O)O)c1sc(/C=C2\NC(=O)CS2)nc1-c1cccc(F)c1,6.21,5.47,0.74,False,3.63,364.4,3.3,2,5,79.3,4,True,True,0.631,True
96,CAND-00403,O=C(O)CCCc1sc(/C=C2\NC(=O)CS2)nc1-c1ccccc1O,0.5845567480929068,6.269538692001242,0.3392596206097285,0.5572985407920572,1.0,0.7164231259601419,1,1.0,-2.8064759,0,0.7894736842105263,False,O=C(O)CCCc1sc(/C=C2\NC(=O)CS2)nc1-c1ccccc1O,6.31,5.38,0.93,False,3.08,376.5,3.08,3,6,99.5,6,True,True,0.469,True
97,CAND-01298,COc1cccnc1-c1nc(/C=C2\NC(=O)CS2)sc1CCC(=O)O,0.5843358930522524,6.109961246395163,0.2905642745785947,0.4525338448520701,1.0,0.7968458525431834,1,1.0,-3.303893700000001,0,0.703125,False,COc1cccnc1-c1nc(/C=C2\NC(=O)CS2)sc1CCC(=O)O,6.38,5.24,1.14,False,3.22,377.4,2.39,2,7,101.4,6,True,True,0.522,True
98,CAND-01300,COc1ccc(-c2nc(/C=C3\NC(=O)CS3)sc2CCC(=O)O)nc1,0.5843358930522524,6.109961246395163,0.2905642745785947,0.4525338448520701,1.0,0.7968458525431834,1,1.0,-3.303893700000001,0,0.7619047619047619,False,COc1ccc(-c2nc(/C=C3\NC(=O)CS3)sc2CCC(=O)O)nc1,6.24,5.35,0.89,False,3.18,377.4,2.39,2,7,101.4,6,True,True,0.431,True
99,CAND-00066,CC(C(=O)O)c1sc(/C=C2\NC(=O)CS2)nc1-c1ccc(F)cc1,0.5842364869894835,5.96509556901794,0.2463582512203053,0.6048079882854765,1.0,0.8701912045977693,1,1.0,-2.5809033,0,0.8301886792452831,False,CC(C(=O)O)c1sc(/C=C2\NC(=O)CS2)nc1-c1ccc(F)cc1,6.13,5.43,0.7,False,3.57,364.4,3.3,2,5,79.3,4,True,True,0.826,True
100,CAND-01472,COc1cc(Cl)cc(C2(CCC(=O)N3CCN(c4cc(Cl)ccc4C)CC3)NC(=O)NC2=O)c1OC,0.582689378172514,6.957165530629321,0.5490901935965,0.4126248735639204,0.75,0.52714760458088,1,1.0,-3.4933796,1,0.8461538461538461,False,COc1cc(Cl)cc(C2(CCC(=O)N3CCN(c4cc(Cl)ccc4C)CC3)NC(=O)NC2=O)c1OC,6.95,7.28,-0.33,False,3.25,535.4,3.48,2,6,100.2,7,True,True,0.374,True
101,CAND-01310,N#Cc1cccnc1-c1nc(/C=C2\NC(=O)CS2)sc1CCC(=O)O,0.582538634042119,6.0395509859521255,0.2690784563077615,0.438503460175728,1.0,0.8266646862941273,1,1.0,-3.370509300000001,0,0.703125,False,N#Cc1cccnc1-c1nc(/C=C2\NC(=O)CS2)sc1CCC(=O)O,6.3,5.36,0.94,False,3.34,372.4,2.26,2,7,116.0,5,True,True,0.419,True
102,CAND-00082,CC(C(=O)O)c1sc(/C=C2\NC(=O)CS2)nc1-c1ccccc1C#N,0.5809481259990047,5.971079817609316,0.2481843554970507,0.5557994525008411,1.0,0.8561864941682643,1,1.0,-2.8135935,0,0.7288135593220338,False,CC(C(=O)O)c1sc(/C=C2\NC(=O)CS2)nc1-c1ccccc1C#N,6.24,5.43,0.81,True,3.75,371.4,3.03,2,6,103.1,4,True,True,0.575,True
103,CAND-00404,O=C(O)CCCc1sc(/C=C2\NC(=O)CS2)nc1-c1cccc(O)c1,0.58094502476068,6.245867042426183,0.332036173945275,0.5572985407920571,1.0,0.7164231259601419,1,1.0,-2.8064759,0,0.8392857142857143,False,O=C(O)CCCc1sc(/C=C2\NC(=O)CS2)nc1-c1cccc(O)c1,6.31,5.4,0.91,False,3.05,376.5,3.08,3,6,99.5,6,True,True,0.529,True
104,CAND-00083,CC(C(=O)O)c1sc(/C=C2\NC(=O)CS2)nc1-c1cccc(C#N)c1,0.5798695383385357,5.964010630192111,0.2460271801761129,0.5557994525008411,1.0,0.8561864941682643,1,1.0,-2.8135935,0,0.7758620689655172,False,CC(C(=O)O)c1sc(/C=C2\NC(=O)CS2)nc1-c1cccc(C#N)c1,6.21,5.44,0.77,False,3.71,371.4,3.03,2,6,103.1,4,True,True,0.607,True
105,CAND-00085,O=C1CS/C(=C/c2nc(-c3ccccc3)c(C(CF)C(=O)O)s2)N1,0.5797607552064594,5.97112836028284,0.2481991683816383,0.5764705101830734,1.0,0.8522039033854677,1,1.0,-2.7154483000000007,0,0.7321428571428571,False,O=C1CS/C(=C/c2nc(-c3ccccc3)c(C(CF)C(=O)O)s2)N1,6.25,5.44,0.81,True,3.71,364.4,3.11,2,5,79.3,5,True,True,0.472,True
106,CAND-01127,COc1c(N2CCN(C(=O)[C@@H](CO)C[C@@]3(C)NC(=O)NC3=O)CC2)cc(F)c(F)c1OC,0.5789549269114477,6.98112123394351,0.5564003197729976,0.0272886681153613,0.75,0.5025158900831627,1,1.0,-5.322937600000001,1,0.7230769230769231,False,COc1c(N2CCN(C(=O)[C@@H](CO)C[C@@]3(C)NC(=O)NC3=O)CC2)cc(F)c(F)c1OC,7.3,7.33,-0.03,False,3.77,456.4,0.23,3,7,120.4,7,True,True,0.419,True
107,CAND-01312,N#Cc1ccc(-c2nc(/C=C3\NC(=O)CS3)sc2CCC(=O)O)nc1,0.5789106811699357,6.015772966108008,0.2618225505633951,0.438503460175728,1.0,0.8266646862941273,1,1.0,-3.370509300000001,0,0.7619047619047619,False,N#Cc1ccc(-c2nc(/C=C3\NC(=O)CS3)sc2CCC(=O)O)nc1,6.23,5.35,0.88,False,3.29,372.4,2.26,2,7,116.0,5,True,True,0.419,True
108,CAND-01313,N#Cc1cccc(-c2nc(/C=C3\NC(=O)CS3)sc2CCC(=O)O)n1,0.5789106811699357,6.015772966108008,0.2618225505633951,0.438503460175728,1.0,0.8266646862941273,1,1.0,-3.370509300000001,0,0.7142857142857143,False,N#Cc1cccc(-c2nc(/C=C3\NC(=O)CS3)sc2CCC(=O)O)n1,6.27,5.39,0.88,False,3.37,372.4,2.26,2,7,116.0,5,True,True,0.427,True
109,CAND-00199,COc1ccc(-c2nc(/C=C3\NC(=O)CS3)sc2CC(=O)O)c(Cl)c1,0.5784493297202797,6.053471152571058,0.2733262203181796,0.5574148435562484,1.0,0.8059540652039663,1,1.0,-2.805923700000001,0,0.7419354838709677,False,COc1ccc(-c2nc(/C=C3\NC(=O)CS3)sc2CC(=O)O)c(Cl)c1,6.2,5.36,0.84,False,3.03,396.9,3.26,2,6,88.5,5,True,True,0.631,True
110,CAND-00016,COc1c(C2CCN(C(=O)CC[C@H]3NC(=O)NC3=O)CC2)cc(Cl)c(Cl)c1OC,0.5784029679864772,6.671409018062438,0.4618910771596826,0.4133548935040944,0.75,0.658191431355453,1,1.0,-3.489913500000001,1,0.7096774193548387,False,COc1c(C2CCN(C(=O)CC[C@H]3NC(=O)NC3=O)CC2)cc(Cl)c(Cl)c1OC,6.97,7.2,-0.23,False,3.18,444.3,2.7,2,5,97.0,6,True,True,0.558,True
111,CAND-00203,COc1ccc(-c2nc(/C=C3\NC(=O)CS3)sc2CC(=O)O)c(OC)c1,0.5776957862917871,6.100127891113065,0.2875636084362697,0.4666700224991716,1.0,0.7797132735788409,1,1.0,-3.236775800000001,0,0.7540983606557377,False,COc1ccc(-c2nc(/C=C3\NC(=O)CS3)sc2CC(=O)O)c(OC)c1,6.23,5.29,0.94,False,2.99,392.5,2.62,2,7,97.8,6,True,True,0.615,True
112,CAND-01473,COc1c(O)cc(Cl)cc1C1(CCC(=O)N2CCN(c3cc(Cl)ccc3C)CC2)NC(=O)NC1=O,0.5757671119969348,6.957165530629321,0.5490901935965,0.3853362054485587,0.75,0.5040733839956159,1,1.0,-3.622944900000002,1,0.7910447761194029,False,COc1c(O)cc(Cl)cc1C1(CCC(=O)N2CCN(c3cc(Cl)ccc3C)CC2)NC(=O)NC1=O,7.12,7.24,-0.12,False,3.33,521.4,3.18,3,6,111.2,6,True,True,0.382,True
113,CAND-00405,O=C(O)CCCc1sc(/C=C2\NC(=O)CS2)nc1-c1ccc(O)cc1,0.5756133180781149,6.210922424409478,0.3213727605801446,0.5572985407920571,1.0,0.7164231259601419,1,1.0,-2.8064759,0,0.8518518518518519,False,O=C(O)CCCc1sc(/C=C2\NC(=O)CS2)nc1-c1ccc(O)cc1,6.22,5.38,0.84,False,2.99,376.5,3.08,3,6,99.5,6,True,True,0.501,True
114,CAND-01305,O=C(O)CCc1sc(/C=C2\NC(=O)CS2)nc1-c1cccc(O)n1,0.5754040955418165,6.152611020732971,0.3035789303254731,0.4252451767367089,1.0,0.7453821012635999,1,1.0,-3.433459000000001,0,0.7627118644067796,False,O=C(O)CCc1sc(/C=C2\NC(=O)CS2)nc1-c1cccc(O)n1,6.31,5.36,0.95,False,3.45,363.4,2.09,3,7,112.4,5,True,True,0.54,True
115,CAND-00207,COc1ccc(-c2nc(/C=C3\NC(=O)CS3)sc2CC(=O)O)c(C(F)(F)F)c1,0.5741857998952098,6.12895004627788,0.2963587411931775,0.5689496683043901,1.0,0.7533547643287367,1,1.0,-2.7511569,0,0.7076923076923077,False,COc1ccc(-c2nc(/C=C3\NC(=O)CS3)sc2CC(=O)O)c(C(F)(F)F)c1,6.33,5.32,1.01,False,3.14,430.4,3.63,2,6,88.5,5,True,True,0.703,True
116,CAND-00084,CC(C(=O)O)c1sc(/C=C2\NC(=O)CS2)nc1-c1ccc(C#N)cc1,0.5730321963120648,5.91919790518871,0.2323524961231711,0.5557994525008411,1.0,0.8561864941682643,1,1.0,-2.8135935,0,0.8,False,CC(C(=O)O)c1sc(/C=C2\NC(=O)CS2)nc1-c1ccc(C#N)cc1,6.15,5.42,0.73,False,3.66,371.4,3.03,2,6,103.1,4,True,True,0.626,True
117,CAND-01289,O=C(O)CCc1sc(/C=C2\NC(=O)CS2)nc1-c1cccc(F)n1,0.5728461961719968,6.373287306891915,0.3709186980135825,0.487511995960364,0.75,0.7912894905506853,1,1.0,-3.1378191,1,0.75,False,O=C(O)CCc1sc(/C=C2\NC(=O)CS2)nc1-c1cccc(F)n1,6.39,5.25,1.14,False,3.31,365.4,2.52,2,6,92.2,5,True,True,0.469,True
118,CAND-01304,O=C(O)CCc1sc(/C=C2\NC(=O)CS2)nc1-c1ccc(O)cn1,0.5692330083924637,6.112165006722655,0.2912367560267674,0.4252451767367089,1.0,0.7453821012635999,1,1.0,-3.433459000000001,0,0.8135593220338984,False,O=C(O)CCc1sc(/C=C2\NC(=O)CS2)nc1-c1ccc(O)cn1,6.2,5.34,0.86,False,3.3,363.4,2.09,3,7,112.4,5,True,True,0.402,True
119,CAND-01302,O=C(O)CCc1sc(/C=C2\NC(=O)CS2)nc1-c1ncccc1O,0.5692330083924637,6.112165006722655,0.2912367560267674,0.4252451767367089,1.0,0.7453821012635999,1,1.0,-3.433459000000001,0,0.75,False,O=C(O)CCc1sc(/C=C2\NC(=O)CS2)nc1-c1ncccc1O,6.27,5.34,0.93,False,3.33,363.4,2.09,3,7,112.4,5,True,True,0.411,True
120,CAND-00208,COc1ccc(-c2nc(/C=C3\NC(=O)CS3)sc2CC(=O)O)cc1C#N,0.5684567429338772,5.979490610413157,0.2507509241272457,0.4526396378228296,1.0,0.810270936234181,1,1.0,-3.303391400000001,0,0.71875,False,COc1ccc(-c2nc(/C=C3\NC(=O)CS3)sc2CC(=O)O)cc1C#N,6.17,5.38,0.79,False,3.12,387.4,2.48,2,7,112.3,5,True,True,0.652,True
121,CAND-00017,COc1c(O)c(C2CCN(C(=O)CC[C@H]3NC(=O)NC3=O)CC2)cc(Cl)c1Cl,0.5676193105977761,6.671409018062438,0.4618910771596826,0.3860662253887332,0.75,0.6222459067264494,1,1.0,-3.619478800000001,1,0.6875,False,COc1c(O)c(C2CCN(C(=O)CC[C@H]3NC(=O)NC3=O)CC2)cc(Cl)c1Cl,6.89,7.18,-0.29,False,3.26,430.3,2.4,3,5,108.0,5,True,True,0.562,True
122,CAND-01299,COc1ccnc(-c2nc(/C=C3\NC(=O)CS3)sc2CCC(=O)O)c1,0.5646993290400966,5.981260950332512,0.251291146554283,0.4525338448520701,1.0,0.7968458525431834,1,1.0,-3.303893700000001,0,0.71875,False,COc1ccnc(-c2nc(/C=C3\NC(=O)CS3)sc2CCC(=O)O)c1,6.32,5.23,1.09,False,3.19,377.4,2.39,2,7,101.4,6,True,True,0.51,True
123,CAND-00076,CC(C(=O)O)c1sc(/C=C2\NC(=O)CS2)nc1-c1ccccc1O,0.5646431537242305,6.027096900320228,0.265278069561105,0.5425411690618218,1.0,0.7733470631455933,1,1.0,-2.8765432,0,0.7818181818181819,False,CC(C(=O)O)c1sc(/C=C2\NC(=O)CS2)nc1-c1ccccc1O,6.19,5.44,0.75,False,3.71,362.4,2.87,3,6,99.5,4,True,True,0.572,True
124,CAND-01128,COc1c(O)c(N2CCN(C(=O)[C@@H](CO)C[C@@]3(C)NC(=O)NC3=O)CC2)cc(F)c1F,0.5642648895735102,6.98112123394351,0.5564003197729976,0.0,0.75,0.4535490989567044,1,1.0,-5.452502900000002,1,0.7014925373134329,False,COc1c(O)c(N2CCN(C(=O)[C@@H](CO)C[C@@]3(C)NC(=O)NC3=O)CC2)cc(F)c1F,7.3,7.32,-0.02,False,3.85,442.4,-0.08,4,7,131.4,6,True,True,0.388,True
125,CAND-00210,O=C(O)Cc1sc(/C=C2\NC(=O)CS2)nc1-c1ccc(OCF)cc1,0.5640299676679992,5.968440831177547,0.2473790640163007,0.5252901540190218,1.0,0.8011347855328295,1,1.0,-2.9584502,0,0.7931034482758621,False,O=C(O)Cc1sc(/C=C2\NC(=O)CS2)nc1-c1ccc(OCF)cc1,6.06,5.25,0.81,False,3.11,380.4,2.9,2,6,88.5,6,True,True,0.471,True
126,CAND-00209,COc1ccc(-c2nc(/C=C3\NC(=O)CS3)sc2CC(=O)O)c(C#N)c1,0.5636091253246759,5.9477187677875065,0.2410556889088432,0.4526396378228296,1.0,0.810270936234181,1,1.0,-3.303391400000001,0,0.7076923076923077,False,COc1ccc(-c2nc(/C=C3\NC(=O)CS3)sc2CC(=O)O)c(C#N)c1,6.16,5.4,0.76,False,3.2,387.4,2.48,2,7,112.3,5,True,True,0.616,True
127,CAND-00201,COc1ccc(-c2nc(/C=C3\NC(=O)CS3)sc2CC(=O)O)c(C)c1,0.5566345503448055,5.855095465632818,0.2127915208001327,0.5320594930130406,1.0,0.834129299815797,1,1.0,-2.9263097000000013,0,0.7540983606557377,False,COc1ccc(-c2nc(/C=C3\NC(=O)CS3)sc2CC(=O)O)c(C)c1,6.13,5.31,0.82,False,3.02,376.5,2.92,2,6,88.5,5,True,True,0.496,True
128,CAND-00077,CC(C(=O)O)c1sc(/C=C2\NC(=O)CS2)nc1-c1cccc(O)c1,0.5483573988751258,5.92035819239831,0.2327065598628955,0.5425411690618217,1.0,0.7733470631455933,1,1.0,-2.8765432000000004,0,0.8333333333333334,False,CC(C(=O)O)c1sc(/C=C2\NC(=O)CS2)nc1-c1cccc(O)c1,6.19,5.49,0.7,False,3.69,362.4,2.87,3,6,99.5,4,True,True,0.611,True
129,CAND-01301,COc1cccc(-c2nc(/C=C3\NC(=O)CS3)sc2CCC(=O)O)n1,0.5482149565135712,5.8732204793388325,0.2183224015012322,0.4525338448520701,1.0,0.7968458525431834,1,1.0,-3.303893700000001,0,0.7142857142857143,False,COc1cccc(-c2nc(/C=C3\NC(=O)CS3)sc2CCC(=O)O)n1,6.28,5.3,0.98,False,3.22,377.4,2.39,2,7,101.4,6,True,True,0.427,True
130,CAND-00078,CC(C(=O)O)c1sc(/C=C2\NC(=O)CS2)nc1-c1ccc(O)cc1,0.5472796463330395,5.91329447844291,0.230551054778723,0.5425411690618217,1.0,0.7733470631455933,1,1.0,-2.8765432000000004,0,0.8461538461538461,False,CC(C(=O)O)c1sc(/C=C2\NC(=O)CS2)nc1-c1ccc(O)cc1,6.13,5.48,0.65,False,3.63,362.4,2.87,3,6,99.5,4,True,True,0.602,True
131,CAND-00239,O=C(NO)[C@@H](NCC1CC1)[C@@H](Cc1cccc(O)c1)C(=O)N[C@H]1c2ccc(F)cc2C[C@H]1O,0.5327421986747062,7.504573981517888,0.7161328720598923,0.1920389262529477,0.5,0.2489192088158667,1,1.0,-4.540711200000002,2,0.8307692307692308,True,O=C(NO)[C@@H](NCC1CC1)[C@@H](Cc1cccc(O)c1)C(=O)N[C@H]1c2ccc(F)cc2C[C@H]1O,7.31,7.69,-0.38,False,3.88,457.5,1.34,6,6,130.9,9,True,True,0.744,False
132,CAND-00237,O=C(NO)[C@@H](NCC1CC1)[C@@H](Cc1cccc(O)c1)C(=O)N[C@H]1c2c(F)cccc2C[C@H]1O,0.5327421986747062,7.504573981517888,0.7161328720598923,0.1920389262529477,0.5,0.2489192088158667,1,1.0,-4.540711200000002,2,0.7878787878787878,True,O=C(NO)[C@@H](NCC1CC1)[C@@H](Cc1cccc(O)c1)C(=O)N[C@H]1c2c(F)cccc2C[C@H]1O,7.29,7.78,-0.49,False,3.99,457.5,1.34,6,6,130.9,9,True,True,0.763,False
133,CAND-00240,O=C(NO)[C@@H](NCC1CC1)[C@@H](Cc1cccc(O)c1)C(=O)N[C@H]1c2cccc(F)c2C[C@H]1O,0.5327421986747062,7.504573981517888,0.7161328720598923,0.1920389262529477,0.5,0.2489192088158667,1,1.0,-4.540711200000002,2,0.7761194029850746,True,O=C(NO)[C@@H](NCC1CC1)[C@@H](Cc1cccc(O)c1)C(=O)N[C@H]1c2cccc(F)c2C[C@H]1O,7.29,7.67,-0.38,False,3.97,457.5,1.34,6,6,130.9,9,True,True,0.783,False
134,CAND-00205,COc1ccc(-c2nc(/C=C3\NC(=O)CS3)sc2CC(=O)O)c(O)c1,0.5306673458610436,5.8848689097178655,0.2218769410909107,0.4393813543838103,1.0,0.7324295843852937,1,1.0,-3.366341100000002,0,0.7666666666666667,False,COc1ccc(-c2nc(/C=C3\NC(=O)CS3)sc2CC(=O)O)c(O)c1,6.06,5.42,0.64,False,3.12,378.4,2.31,3,7,108.8,5,True,True,0.538,True
135,CAND-00235,O=C(NO)[C@@H](NCC1CC1)[C@@H](Cc1ccc(F)c(O)c1)C(=O)N[C@H]1c2ccccc2C[C@H]1O,0.5299977639960536,7.486586641398275,0.710644002702587,0.1920389262529477,0.5,0.2489192088158667,1,1.0,-4.540711200000002,2,0.7761194029850746,True,O=C(NO)[C@@H](NCC1CC1)[C@@H](Cc1ccc(F)c(O)c1)C(=O)N[C@H]1c2ccccc2C[C@H]1O,7.28,7.53,-0.25,False,3.89,457.5,1.34,6,6,130.9,9,True,True,0.754,False
136,CAND-00234,O=C(NO)[C@@H](NCC1CC1)[C@@H](Cc1cc(O)cc(F)c1)C(=O)N[C@H]1c2ccccc2C[C@H]1O,0.5299977639960536,7.486586641398275,0.710644002702587,0.1920389262529477,0.5,0.2489192088158667,1,1.0,-4.540711200000002,2,0.8153846153846154,True,O=C(NO)[C@@H](NCC1CC1)[C@@H](Cc1cc(O)cc(F)c1)C(=O)N[C@H]1c2ccccc2C[C@H]1O,7.31,7.59,-0.28,False,3.92,457.5,1.34,6,6,130.9,9,True,True,0.744,False
137,CAND-00238,O=C(NO)[C@@H](NCC1CC1)[C@@H](Cc1cccc(O)c1)C(=O)N[C@H]1c2cc(F)ccc2C[C@H]1O,0.5299885211476437,7.48652606270813,0.7106255170057674,0.1920389262529477,0.5,0.2489192088158667,1,1.0,-4.540711200000002,2,0.8181818181818182,True,O=C(NO)[C@@H](NCC1CC1)[C@@H](Cc1cccc(O)c1)C(=O)N[C@H]1c2cc(F)ccc2C[C@H]1O,7.31,7.69,-0.38,False,3.89,457.5,1.34,6,6,130.9,9,True,True,0.743,False
138,CAND-00233,O=C(NO)[C@@H](NCC1CC1)[C@@H](Cc1cc(O)ccc1F)C(=O)N[C@H]1c2ccccc2C[C@H]1O,0.5295426660527345,7.483603877203561,0.7097338068159488,0.1920389262529477,0.5,0.2489192088158667,1,1.0,-4.540711200000002,2,0.75,True,O=C(NO)[C@@H](NCC1CC1)[C@@H](Cc1cc(O)ccc1F)C(=O)N[C@H]1c2ccccc2C[C@H]1O,7.27,7.51,-0.24,False,3.89,457.5,1.34,6,6,130.9,9,True,True,0.765,False
139,CAND-02052,COc1cc(C2(CCC(=O)N3CCN(c4ccccc4C)CC3)NC(=O)NC2=O)ccc1OCCN(C)C,0.5235811127336137,6.7018077735857,0.4711673123663494,0.2221624373874842,0.75,0.4599915218347968,1,1.0,-4.397686200000002,1,0.7777777777777778,False,COc1cc(C2(CCC(=O)N3CCN(c4ccccc4C)CC3)NC(=O)NC2=O)ccc1OCCN(C)C,6.46,7.23,-0.77,False,3.17,523.6,2.11,2,7,103.4,10,True,True,0.552,True
140,CAND-02053,Cc1ccccc1N1CCN(C(=O)CCC2(c3ccc(OCCN(C)C)c(O)c3)NC(=O)NC2=O)CC1,0.5220729273807422,6.7275210094082425,0.4790137527652622,0.1948737692721228,0.75,0.4418868366603702,1,1.0,-4.527251500000002,1,0.7887323943661971,False,Cc1ccccc1N1CCN(C(=O)CCC2(c3ccc(OCCN(C)C)c(O)c3)NC(=O)NC2=O)CC1,6.42,7.23,-0.81,False,3.24,509.6,1.8,3,7,114.4,9,True,True,0.489,True
141,CAND-00413,CNc1nc(NCc2csc(-c3sccc3F)n2)nc(N2CCC[C@@H]2CNS(=O)(=O)c2ccc(C(F)(F)F)cc2)n1,0.5106633424999077,6.776607607830411,0.493992617018794,0.4921048809987041,1.0,0.212223446635036,1,1.0,-3.1160123,0,0.8133333333333334,False,CNc1nc(NCc2csc(-c3sccc3F)n2)nc(N2CCC[C@@H]2CNS(=O)(=O)c2ccc(C(F)(F)F)cc2)n1,6.41,5.81,0.6,False,3.64,628.7,4.82,3,11,125.0,10,False,True,0.645,False
142,CAND-00245,O=C(NO)[C@@H](NCC1CC1)[C@@H](Cc1cccc(O)c1)C(=O)N[C@H]1c2c(Cl)cccc2C[C@H]1O,0.5034137062047299,7.323436375931655,0.66085840423161,0.247805596201731,0.5,0.2432816802964163,1,1.0,-4.275933700000001,2,0.7878787878787878,True,O=C(NO)[C@@H](NCC1CC1)[C@@H](Cc1cccc(O)c1)C(=O)N[C@H]1c2c(Cl)cccc2C[C@H]1O,7.29,7.75,-0.46,False,3.98,474.0,1.85,6,6,130.9,9,True,True,0.798,False
143,CAND-00247,O=C(NO)[C@@H](NCC1CC1)[C@@H](Cc1cccc(O)c1)C(=O)N[C@H]1c2ccc(Cl)cc2C[C@H]1O,0.5034137062047299,7.323436375931655,0.66085840423161,0.247805596201731,0.5,0.2432816802964163,1,1.0,-4.275933700000001,2,0.8307692307692308,True,O=C(NO)[C@@H](NCC1CC1)[C@@H](Cc1cccc(O)c1)C(=O)N[C@H]1c2ccc(Cl)cc2C[C@H]1O,7.21,7.63,-0.42,False,3.88,474.0,1.85,6,6,130.9,9,True,True,0.799,False
144,CAND-00248,O=C(NO)[C@@H](NCC1CC1)[C@@H](Cc1cccc(O)c1)C(=O)N[C@H]1c2cccc(Cl)c2C[C@H]1O,0.5034137062047299,7.323436375931655,0.66085840423161,0.247805596201731,0.5,0.2432816802964163,1,1.0,-4.275933700000001,2,0.7761194029850746,True,O=C(NO)[C@@H](NCC1CC1)[C@@H](Cc1cccc(O)c1)C(=O)N[C@H]1c2cccc(Cl)c2C[C@H]1O,7.27,7.64,-0.37,False,3.95,474.0,1.85,6,6,130.9,9,True,True,0.818,False
145,CAND-00236,O=C(NO)[C@@H](NCC1CC1)[C@@H](Cc1cccc(O)c1F)C(=O)N[C@H]1c2ccccc2C[C@H]1O,0.5022344483829503,7.304622681874842,0.6551173714763804,0.1920389262529477,0.5,0.2489192088158667,1,1.0,-4.540711200000002,2,0.7101449275362319,True,O=C(NO)[C@@H](NCC1CC1)[C@@H](Cc1cccc(O)c1F)C(=O)N[C@H]1c2ccccc2C[C@H]1O,7.24,7.64,-0.4,False,3.97,457.5,1.34,6,6,130.9,9,True,True,0.784,False
146,CAND-00414,CNc1nc(NCc2csc(-c3cc(F)cs3)n2)nc(N2CCC[C@@H]2CNS(=O)(=O)c2ccc(C(F)(F)F)cc2)n1,0.5008064985120851,6.712004720141361,0.4742789290431486,0.4921048809987041,1.0,0.212223446635036,1,1.0,-3.1160123,0,0.8133333333333334,False,CNc1nc(NCc2csc(-c3cc(F)cs3)n2)nc(N2CCC[C@@H]2CNS(=O)(=O)c2ccc(C(F)(F)F)cc2)n1,6.43,5.9,0.53,False,3.62,628.7,4.82,3,11,125.0,10,False,True,0.678,False
147,CAND-00416,CNc1nc(NCc2csc(-c3cccs3)n2)nc(N2CCC[C@@H]2CNS(=O)(=O)c2ccc(C(F)(F)F)cc2F)n1,0.5008064985120851,6.712004720141361,0.4742789290431486,0.4921048809987039,1.0,0.212223446635036,1,1.0,-3.116012300000001,0,0.8181818181818182,False,CNc1nc(NCc2csc(-c3cccs3)n2)nc(N2CCC[C@@H]2CNS(=O)(=O)c2ccc(C(F)(F)F)cc2F)n1,6.49,5.71,0.78,False,3.54,628.7,4.82,3,11,125.0,10,False,True,0.603,False
148,CAND-00243,O=C(NO)[C@@H](NCC1CC1)[C@@H](Cc1ccc(Cl)c(O)c1)C(=O)N[C@H]1c2ccccc2C[C@H]1O,0.5006692715260772,7.305449035812042,0.6553695348743047,0.247805596201731,0.5,0.2432816802964163,1,1.0,-4.275933700000001,2,0.7761194029850746,True,O=C(NO)[C@@H](NCC1CC1)[C@@H](Cc1ccc(Cl)c(O)c1)C(=O)N[C@H]1c2ccccc2C[C@H]1O,7.29,7.5,-0.21,False,3.87,474.0,1.85,6,6,130.9,9,True,True,0.799,False
149,CAND-00242,O=C(NO)[C@@H](NCC1CC1)[C@@H](Cc1cc(O)cc(Cl)c1)C(=O)N[C@H]1c2ccccc2C[C@H]1O,0.5006692715260772,7.305449035812042,0.6553695348743047,0.247805596201731,0.5,0.2432816802964163,1,1.0,-4.275933700000001,2,0.8153846153846154,True,O=C(NO)[C@@H](NCC1CC1)[C@@H](Cc1cc(O)cc(Cl)c1)C(=O)N[C@H]1c2ccccc2C[C@H]1O,7.23,7.54,-0.31,False,3.92,474.0,1.85,6,6,130.9,9,True,True,0.774,False
150,CAND-00246,O=C(NO)[C@@H](NCC1CC1)[C@@H](Cc1cccc(O)c1)C(=O)N[C@H]1c2cc(Cl)ccc2C[C@H]1O,0.5006600286776675,7.305388457121896,0.6553510491774851,0.247805596201731,0.5,0.2432816802964163,1,1.0,-4.275933700000001,2,0.8181818181818182,True,O=C(NO)[C@@H](NCC1CC1)[C@@H](Cc1cccc(O)c1)C(=O)N[C@H]1c2cc(Cl)ccc2C[C@H]1O,7.22,7.63,-0.41,False,3.88,474.0,1.85,6,6,130.9,9,True,True,0.797,False
151,CAND-00241,O=C(NO)[C@@H](NCC1CC1)[C@@H](Cc1cc(O)ccc1Cl)C(=O)N[C@H]1c2ccccc2C[C@H]1O,0.5002141735827583,7.302466271617328,0.6544593389876668,0.247805596201731,0.5,0.2432816802964163,1,1.0,-4.275933700000001,2,0.75,True,O=C(NO)[C@@H](NCC1CC1)[C@@H](Cc1cc(O)ccc1Cl)C(=O)N[C@H]1c2ccccc2C[C@H]1O,7.29,7.47,-0.18,False,3.89,474.0,1.85,6,6,130.9,9,True,True,0.797,False
152,CAND-00417,CNc1nc(NCc2csc(-c3cccs3)n2)nc(N2CCC[C@@H]2CNS(=O)(=O)c2ccc(C(F)(F)F)c(F)c2)n1,0.4975475838870886,6.690645419358377,0.4677610997931556,0.4921048809987038,1.0,0.2122234466350361,1,1.0,-3.1160123000000013,0,0.8181818181818182,False,CNc1nc(NCc2csc(-c3cccs3)n2)nc(N2CCC[C@@H]2CNS(=O)(=O)c2ccc(C(F)(F)F)c(F)c2)n1,6.49,5.65,0.84,False,3.55,628.7,4.82,3,11,125.0,10,False,True,0.622,False
153,CAND-00355,COc1ccc(C2=NNC3(S2)C(=O)Nc2ccc(Cl)cc23)cc1O,0.4962906900252271,5.921721956434671,0.2331227149241774,0.542158941143577,0.75,0.7657644418771279,1,1.0,-2.8783580000000004,1,0.7358490566037735,False,COc1ccc(C2=NNC3(S2)C(=O)Nc2ccc(Cl)cc23)cc1O,5.89,6.1,-0.21,False,3.83,361.8,2.86,3,6,83.0,2,True,True,0.67,True
154,CAND-00415,CNc1nc(NCc2csc(-c3ccc(F)s3)n2)nc(N2CCC[C@@H]2CNS(=O)(=O)c2ccc(C(F)(F)F)cc2)n1,0.4939828828301094,6.66728195917644,0.4606316976791971,0.4921048809987041,1.0,0.212223446635036,1,1.0,-3.1160123,0,0.8243243243243243,False,CNc1nc(NCc2csc(-c3ccc(F)s3)n2)nc(N2CCC[C@@H]2CNS(=O)(=O)c2ccc(C(F)(F)F)cc2)n1,6.41,5.86,0.55,False,3.6,628.7,4.82,3,11,125.0,10,False,True,0.65,False
155,CAND-01293,O=C(O)CCc1sc(/C=C2\NC(=O)CS2)nc1-c1cccc(Cl)n1,0.4936922208189561,5.890089759714164,0.2234700929061991,0.5432786659091471,0.75,0.773190581219522,1,1.0,-2.8730416,1,0.75,False,O=C(O)CCc1sc(/C=C2\NC(=O)CS2)nc1-c1cccc(Cl)n1,6.22,5.27,0.95,False,3.27,381.9,3.04,2,6,92.2,5,True,True,0.418,True
156,CAND-00279,O=C(NO)[C@@H](NCC1CC1)[C@@H](Cc1cccc(O)c1)C(=O)N[C@H]1c2ccc(C(F)(F)F)cc2C[C@H]1O,0.4914311351239581,7.27486568384699,0.6460369697296887,0.2593404209498725,0.5,0.2280421675303792,1,1.0,-4.221166900000001,2,0.7941176470588235,True,O=C(NO)[C@@H](NCC1CC1)[C@@H](Cc1cccc(O)c1)C(=O)N[C@H]1c2ccc(C(F)(F)F)cc2C[C@H]1O,7.15,7.59,-0.44,False,3.98,507.5,2.22,6,6,130.9,9,False,True,0.855,False
157,CAND-00256,Cc1cccc2c1C[C@@H](O)[C@H]2NC(=O)[C@H](Cc1cccc(O)c1)[C@H](NCC1CC1)C(=O)NO,0.490572386915363,7.221972876181141,0.6298966338440979,0.222450245658523,0.5,0.2520802333110469,1,1.0,-4.396319700000002,2,0.7761194029850746,True,Cc1cccc2c1C[C@@H](O)[C@H]2NC(=O)[C@H](Cc1cccc(O)c1)[C@H](NCC1CC1)C(=O)NO,7.18,7.63,-0.45,False,3.95,453.5,1.51,6,6,130.9,9,True,True,0.831,False
158,CAND-00253,Cc1cccc2c1[C@H](NC(=O)[C@H](Cc1cccc(O)c1)[C@H](NCC1CC1)C(=O)NO)[C@H](O)C2,0.490572386915363,7.221972876181141,0.6298966338440979,0.222450245658523,0.5,0.2520802333110469,1,1.0,-4.396319700000002,2,0.7878787878787878,True,Cc1cccc2c1[C@H](NC(=O)[C@H](Cc1cccc(O)c1)[C@H](NCC1CC1)C(=O)NO)[C@H](O)C2,7.21,7.73,-0.52,False,3.98,453.5,1.51,6,6,130.9,9,True,True,0.809,False
159,CAND-00255,Cc1ccc2c(c1)C[C@@H](O)[C@H]2NC(=O)[C@H](Cc1cccc(O)c1)[C@H](NCC1CC1)C(=O)NO,0.490572386915363,7.221972876181141,0.6298966338440979,0.222450245658523,0.5,0.2520802333110469,1,1.0,-4.396319700000002,2,0.8307692307692308,True,Cc1ccc2c(c1)C[C@@H](O)[C@H]2NC(=O)[C@H](Cc1cccc(O)c1)[C@H](NCC1CC1)C(=O)NO,7.19,7.63,-0.44,False,3.87,453.5,1.51,6,6,130.9,9,True,True,0.823,False
160,CAND-00278,O=C(NO)[C@@H](NCC1CC1)[C@@H](Cc1cccc(O)c1)C(=O)N[C@H]1c2cc(C(F)(F)F)ccc2C[C@H]1O,0.4886774575968957,7.256817765037232,0.6405296146755638,0.2593404209498727,0.5,0.2280421675303792,1,1.0,-4.2211669,2,0.782608695652174,True,O=C(NO)[C@@H](NCC1CC1)[C@@H](Cc1cccc(O)c1)C(=O)N[C@H]1c2cc(C(F)(F)F)ccc2C[C@H]1O,7.17,7.59,-0.42,False,3.99,507.5,2.22,6,6,130.9,9,False,True,0.846,False
161,CAND-00354,COc1ccc(C2=NNC3(S2)C(=O)Nc2ccc(Cl)cc23)cc1OC,0.4881331863245989,5.679488314424485,0.1592046811239267,0.5694476092589382,0.75,0.8617694858754517,1,1.0,-2.7487927000000005,1,0.7647058823529411,False,COc1ccc(C2=NNC3(S2)C(=O)Nc2ccc(Cl)cc23)cc1OC,5.62,5.05,0.57,False,3.69,375.8,3.16,2,6,72.0,3,True,True,0.318,True
162,CAND-00251,Cc1ccc(C[C@@H](C(=O)N[C@H]2c3ccccc3C[C@H]2O)[C@H](NCC2CC2)C(=O)NO)cc1O,0.4878279522367104,7.203985536061528,0.6244077644867926,0.2224502456585232,0.5,0.2520802333110469,1,1.0,-4.396319700000001,2,0.7761194029850746,True,Cc1ccc(C[C@@H](C(=O)N[C@H]2c3ccccc3C[C@H]2O)[C@H](NCC2CC2)C(=O)NO)cc1O,7.2,7.49,-0.29,False,3.84,453.5,1.51,6,6,130.9,9,True,True,0.808,False
163,CAND-00254,Cc1ccc2c(c1)[C@H](NC(=O)[C@H](Cc1cccc(O)c1)[C@H](NCC1CC1)C(=O)NO)[C@H](O)C2,0.4878187093883005,7.203924957371383,0.624389278789973,0.222450245658523,0.5,0.2520802333110469,1,1.0,-4.396319700000002,2,0.8181818181818182,True,Cc1ccc2c(c1)[C@H](NC(=O)[C@H](Cc1cccc(O)c1)[C@H](NCC1CC1)C(=O)NO)[C@H](O)C2,7.19,7.63,-0.44,False,3.88,453.5,1.51,6,6,130.9,9,True,True,0.817,False
164,CAND-00249,Cc1ccc(O)cc1C[C@@H](C(=O)N[C@H]1c2ccccc2C[C@H]1O)[C@H](NCC1CC1)C(=O)NO,0.4873728542933913,7.201002771866814,0.6234975686001545,0.2224502456585228,0.5,0.2520802333110468,1,1.0,-4.396319700000003,2,0.75,True,Cc1ccc(O)cc1C[C@@H](C(=O)N[C@H]1c2ccccc2C[C@H]1O)[C@H](NCC1CC1)C(=O)NO,7.19,7.46,-0.27,False,3.88,453.5,1.51,6,6,130.9,9,True,True,0.821,False
165,CAND-00287,N#Cc1ccc2c(c1)C[C@@H](O)[C@H]2NC(=O)[C@H](Cc1cccc(O)c1)[C@H](NCC1CC1)C(=O)NO,0.4868139207356854,7.221972876181141,0.6298966338440979,0.1430303904683122,0.5,0.2395520127121218,1,1.0,-4.773401400000002,2,0.7941176470588235,True,N#Cc1ccc2c(c1)C[C@@H](O)[C@H]2NC(=O)[C@H](Cc1cccc(O)c1)[C@H](NCC1CC1)C(=O)NO,7.1,7.68,-0.58,False,3.98,464.5,1.07,6,7,154.7,9,True,False,0.921,False
166,CAND-01241,O=C1Nc2cc(O)c(OC(F)(F)F)cc2C12NN=C(c1ccccc1)S2,0.4844051168278817,5.885105087543424,0.2219490111813724,0.5524546422905451,0.75,0.7447687041239848,1,1.0,-2.8294745000000003,1,0.7222222222222222,False,O=C1Nc2cc(O)c(OC(F)(F)F)cc2C12NN=C(c1ccccc1)S2,5.99,5.75,0.24,False,3.98,381.3,3.09,3,6,83.0,2,True,True,0.885,True
167,CAND-00282,N#Cc1cc(O)cc(C[C@@H](C(=O)N[C@H]2c3ccccc3C[C@H]2O)[C@H](NCC2CC2)C(=O)NO)c1,0.4840694860570328,7.203985536061528,0.6244077644867926,0.143030390468312,0.5,0.2395520127121217,1,1.0,-4.773401400000003,2,0.7794117647058824,True,N#Cc1cc(O)cc(C[C@@H](C(=O)N[C@H]2c3ccccc3C[C@H]2O)[C@H](NCC2CC2)C(=O)NO)c1,7.11,7.57,-0.46,False,4.01,464.5,1.07,6,7,154.7,9,True,False,0.917,False
168,CAND-00286,N#Cc1ccc2c(c1)[C@H](NC(=O)[C@H](Cc1cccc(O)c1)[C@H](NCC1CC1)C(=O)NO)[C@H](O)C2,0.484060243208623,7.203924957371383,0.624389278789973,0.1430303904683122,0.5,0.2395520127121218,1,1.0,-4.773401400000002,2,0.782608695652174,True,N#Cc1ccc2c(c1)[C@H](NC(=O)[C@H](Cc1cccc(O)c1)[C@H](NCC1CC1)C(=O)NO)[C@H](O)C2,7.11,7.68,-0.57,False,3.99,464.5,1.07,6,7,154.7,9,True,False,0.913,False
169,CAND-00412,CNc1nc(NCc2nc(-c3cccs3)sc2F)nc(N2CCC[C@@H]2CNS(=O)(=O)c2ccc(C(F)(F)F)cc2)n1,0.4834628171224149,6.5983322401552975,0.4395915662638083,0.4921048809987039,1.0,0.212223446635036,1,1.0,-3.116012300000001,0,0.7922077922077922,False,CNc1nc(NCc2nc(-c3cccs3)sc2F)nc(N2CCC[C@@H]2CNS(=O)(=O)c2ccc(C(F)(F)F)cc2)n1,6.5,5.83,0.67,False,3.66,628.7,4.82,3,11,125.0,10,False,True,0.591,False
170,CAND-00280,O=C(NO)[C@@H](NCC1CC1)[C@@H](Cc1cccc(O)c1)C(=O)N[C@H]1c2cccc(C(F)(F)F)c2C[C@H]1O,0.4833609671811626,7.221972876181141,0.6298966338440979,0.2593404209498725,0.5,0.2280421675303792,1,1.0,-4.221166900000001,2,0.7428571428571429,True,O=C(NO)[C@@H](NCC1CC1)[C@@H](Cc1cccc(O)c1)C(=O)N[C@H]1c2cccc(C(F)(F)F)c2C[C@H]1O,7.16,7.58,-0.42,False,4.08,507.5,2.22,6,6,130.9,9,False,True,0.862,False
171,CAND-00277,O=C(NO)[C@@H](NCC1CC1)[C@@H](Cc1cccc(O)c1)C(=O)N[C@H]1c2c(cccc2C(F)(F)F)C[C@H]1O,0.4833609671811626,7.221972876181141,0.6298966338440979,0.2593404209498725,0.5,0.2280421675303792,1,1.0,-4.221166900000001,2,0.7536231884057971,True,O=C(NO)[C@@H](NCC1CC1)[C@@H](Cc1cccc(O)c1)C(=O)N[C@H]1c2c(cccc2C(F)(F)F)C[C@H]1O,7.19,7.69,-0.5,False,4.1,507.5,2.22,6,6,130.9,9,False,True,0.845,False
172,CAND-00264,COc1cccc2c1C[C@@H](O)[C@H]2NC(=O)[C@H](Cc1cccc(O)c1)[C@H](NCC1CC1)C(=O)NO,0.482712159174201,7.219769115853649,0.6292241523959249,0.1570607751446542,0.5,0.2270002765874619,1,1.0,-4.706785800000002,2,0.7428571428571429,True,COc1cccc2c1C[C@@H](O)[C@H]2NC(=O)[C@H](Cc1cccc(O)c1)[C@H](NCC1CC1)C(=O)NO,7.22,7.59,-0.37,False,3.94,469.5,1.21,6,7,140.2,10,True,False,0.803,False
173,CAND-00261,COc1cccc2c1[C@H](NC(=O)[C@H](Cc1cccc(O)c1)[C@H](NCC1CC1)C(=O)NO)[C@H](O)C2,0.482712159174201,7.219769115853649,0.6292241523959249,0.1570607751446542,0.5,0.2270002765874619,1,1.0,-4.706785800000002,2,0.7536231884057971,True,COc1cccc2c1[C@H](NC(=O)[C@H](Cc1cccc(O)c1)[C@H](NCC1CC1)C(=O)NO)[C@H](O)C2,7.24,7.68,-0.44,False,3.97,469.5,1.21,6,7,140.2,10,True,False,0.788,False
174,CAND-01677,CCCc1ccc(S(=O)(=O)NC[C@H]2CCCN2c2nc(NCc3csc(-c4ccccc4)n3)nc(NCC3CCOCC3)n2)cc1C,0.4826480304954221,6.70788475097434,0.4730217130032267,0.5555272088337032,1.0,0.1537905799793626,1,1.0,-2.8148860999999963,0,0.8313253012048193,False,CCCc1ccc(S(=O)(=O)NC[C@H]2CCCN2c2nc(NCc3csc(-c4ccccc4)n3)nc(NCC3CCOCC3)n2)cc1C,6.16,5.62,0.54,False,3.55,676.9,5.65,3,11,134.3,14,False,False,0.794,False
175,CAND-01242,O=C1Nc2ccc(OC(F)(F)F)c(O)c2C12NN=C(c1ccccc1)S2,0.4824225769616154,6.199817036719589,0.3179839314488399,0.5524546422905451,0.5,0.7447687041239848,1,1.0,-2.8294745000000003,2,0.6140350877192983,False,O=C1Nc2ccc(OC(F)(F)F)c(O)c2C12NN=C(c1ccccc1)S2,6.19,5.77,0.42,False,3.93,381.3,3.09,3,6,83.0,2,True,True,0.831,False
176,CAND-00288,N#Cc1cccc2c1C[C@@H](O)[C@H]2NC(=O)[C@H](Cc1cccc(O)c1)[C@H](NCC1CC1)C(=O)NO,0.4817791071099428,7.188974129361065,0.6198270065926126,0.1430303904683122,0.5,0.2395520127121218,1,1.0,-4.773401400000002,2,0.7536231884057971,True,N#Cc1cccc2c1C[C@@H](O)[C@H]2NC(=O)[C@H](Cc1cccc(O)c1)[C@H](NCC1CC1)C(=O)NO,7.08,7.66,-0.58,False,4.06,464.5,1.07,6,7,154.7,9,True,False,0.934,False
177,CAND-00285,N#Cc1cccc2c1[C@H](NC(=O)[C@H](Cc1cccc(O)c1)[C@H](NCC1CC1)C(=O)NO)[C@H](O)C2,0.4817791071099428,7.188974129361065,0.6198270065926126,0.1430303904683122,0.5,0.2395520127121218,1,1.0,-4.773401400000002,2,0.7536231884057971,True,N#Cc1cccc2c1[C@H](NC(=O)[C@H](Cc1cccc(O)c1)[C@H](NCC1CC1)C(=O)NO)[C@H](O)C2,7.1,7.76,-0.66,False,4.09,464.5,1.07,6,7,154.7,9,True,False,0.92,False
178,CAND-00274,O=C(NO)[C@@H](NCC1CC1)[C@@H](Cc1cc(O)cc(C(F)(F)F)c1)C(=O)N[C@H]1c2ccccc2C[C@H]1O,0.4806165325025101,7.203985536061528,0.6244077644867926,0.2593404209498727,0.5,0.2280421675303792,1,1.0,-4.2211669,2,0.7794117647058824,True,O=C(NO)[C@@H](NCC1CC1)[C@@H](Cc1cc(O)cc(C(F)(F)F)c1)C(=O)N[C@H]1c2ccccc2C[C@H]1O,7.17,7.47,-0.3,False,4.0,507.5,2.22,6,6,130.9,9,False,True,0.841,False
179,CAND-00275,O=C(NO)[C@@H](NCC1CC1)[C@@H](Cc1ccc(C(F)(F)F)c(O)c1)C(=O)N[C@H]1c2ccccc2C[C@H]1O,0.4806165325025101,7.203985536061528,0.6244077644867926,0.2593404209498727,0.5,0.2280421675303792,1,1.0,-4.2211669,2,0.7428571428571429,True,O=C(NO)[C@@H](NCC1CC1)[C@@H](Cc1ccc(C(F)(F)F)c(O)c1)C(=O)N[C@H]1c2ccccc2C[C@H]1O,7.18,7.44,-0.26,False,4.0,507.5,2.22,6,6,130.9,9,False,True,0.837,False
180,CAND-01255,CCCc1ccc(S(=O)(=O)NC[C@H]2CCCN2c2nc(NCCC3CC3)nc(NCc3csc(-c4ccccc4)n3)n2)cc1C,0.4803969088253315,6.716213275361905,0.4755631772774598,0.6499560389452088,1.0,0.1420510672886717,1,1.0,-2.3665424999999978,0,0.8271604938271605,False,CCCc1ccc(S(=O)(=O)NC[C@H]2CCCN2c2nc(NCCC3CC3)nc(NCc3csc(-c4ccccc4)n3)n2)cc1C,6.21,5.8,0.41,False,3.45,646.9,6.03,3,10,125.0,15,False,False,0.844,False
181,CAND-00419,CNc1nc(NCc2csc(-c3sccc3Cl)n2)nc(N2CCC[C@@H]2CNS(=O)(=O)c2ccc(C(F)(F)F)cc2)n1,0.4802489522457445,6.581491747803558,0.4344526595762873,0.5478715509474871,1.0,0.2100754081920028,1,1.0,-2.8512348000000007,0,0.8026315789473685,False,CNc1nc(NCc2csc(-c3sccc3Cl)n2)nc(N2CCC[C@@H]2CNS(=O)(=O)c2ccc(C(F)(F)F)cc2)n1,6.5,5.74,0.76,False,3.59,645.2,5.33,3,11,125.0,10,False,True,0.693,False
182,CAND-00273,O=C(NO)[C@@H](NCC1CC1)[C@@H](Cc1cc(O)ccc1C(F)(F)F)C(=O)N[C@H]1c2ccccc2C[C@H]1O,0.4801614345591909,7.201002771866814,0.6234975686001545,0.2593404209498727,0.5,0.2280421675303792,1,1.0,-4.2211669,2,0.7183098591549296,True,O=C(NO)[C@@H](NCC1CC1)[C@@H](Cc1cc(O)ccc1C(F)(F)F)C(=O)N[C@H]1c2ccccc2C[C@H]1O,7.17,7.44,-0.27,False,4.04,507.5,2.22,6,6,130.9,9,False,True,0.844,False
183,CAND-01665,CCCc1ccc(S(=O)(=O)NC[C@H]2CCCN2c2nc(NCc3csc(-c4ccccc4)n3)nc(NCC3CCOCC3)n2)cc1F,0.4799929825788893,6.683877981408804,0.4656960038678067,0.5251158894281278,1.0,0.1571499354832863,1,1.0,-2.9592775999999965,0,0.8214285714285714,False,CCCc1ccc(S(=O)(=O)NC[C@H]2CCCN2c2nc(NCc3csc(-c4ccccc4)n3)nc(NCC3CCOCC3)n2)cc1F,6.19,5.61,0.58,False,3.56,680.9,5.48,3,11,134.3,14,False,False,0.838,False
184,CAND-00258,COc1cc(O)cc(C[C@@H](C(=O)N[C@H]2c3ccccc3C[C@H]2O)[C@H](NCC2CC2)C(=O)NO)c1,0.4799677244955483,7.201781775734036,0.6237352830386196,0.1570607751446542,0.5,0.2270002765874619,1,1.0,-4.706785800000002,2,0.7794117647058824,True,COc1cc(O)cc(C[C@@H](C(=O)N[C@H]2c3ccccc3C[C@H]2O)[C@H](NCC2CC2)C(=O)NO)c1,7.25,7.48,-0.23,False,3.89,469.5,1.21,6,7,140.2,10,True,False,0.791,False
185,CAND-00257,COc1ccc(O)cc1C[C@@H](C(=O)N[C@H]1c2ccccc2C[C@H]1O)[C@H](NCC1CC1)C(=O)NO,0.4795126265522295,7.198799011539323,0.6228250871519817,0.1570607751446542,0.5,0.2270002765874619,1,1.0,-4.706785800000002,2,0.7183098591549296,True,COc1ccc(O)cc1C[C@@H](C(=O)N[C@H]1c2ccccc2C[C@H]1O)[C@H](NCC1CC1)C(=O)NO,7.22,7.43,-0.21,False,3.87,469.5,1.21,6,7,140.2,10,True,False,0.796,False
186,CAND-00283,N#Cc1ccc(C[C@@H](C(=O)N[C@H]2c3ccccc3C[C@H]2O)[C@H](NCC2CC2)C(=O)NO)cc1O,0.4790346724312902,7.170986789241452,0.6143381372353073,0.1430303904683122,0.5,0.2395520127121218,1,1.0,-4.773401400000002,2,0.7428571428571429,True,N#Cc1ccc(C[C@@H](C(=O)N[C@H]2c3ccccc3C[C@H]2O)[C@H](NCC2CC2)C(=O)NO)cc1O,7.1,7.53,-0.43,False,3.98,464.5,1.07,6,7,154.7,9,True,False,0.921,False
187,CAND-00281,N#Cc1ccc(O)cc1C[C@@H](C(=O)N[C@H]1c2ccccc2C[C@H]1O)[C@H](NCC1CC1)C(=O)NO,0.4785795744879711,7.168004025046738,0.6134279413486692,0.1430303904683122,0.5,0.2395520127121218,1,1.0,-4.773401400000002,2,0.7183098591549296,True,N#Cc1ccc(O)cc1C[C@@H](C(=O)N[C@H]1c2ccccc2C[C@H]1O)[C@H](NCC1CC1)C(=O)NO,7.08,7.51,-0.43,False,4.01,464.5,1.07,6,7,154.7,9,True,False,0.93,False
188,CAND-00250,Cc1cc(O)cc(C[C@@H](C(=O)N[C@H]2c3ccccc3C[C@H]2O)[C@H](NCC2CC2)C(=O)NO)c1,0.4773078865290159,7.135035817040386,0.6033676330714037,0.222450245658523,0.5,0.2520802333110469,1,1.0,-4.396319700000002,2,0.8153846153846154,True,Cc1cc(O)cc(C[C@@H](C(=O)N[C@H]2c3ccccc3C[C@H]2O)[C@H](NCC2CC2)C(=O)NO)c1,7.22,7.51,-0.29,False,3.89,453.5,1.51,6,6,130.9,9,True,True,0.813,False
189,CAND-00420,CNc1nc(NCc2csc(-c3cc(Cl)cs3)n2)nc(N2CCC[C@@H]2CNS(=O)(=O)c2ccc(C(F)(F)F)cc2)n1,0.4738767814624243,6.539727808559024,0.421708318009647,0.5478715509474872,1.0,0.2100754081920028,1,1.0,-2.8512348000000003,0,0.8026315789473685,False,CNc1nc(NCc2csc(-c3cc(Cl)cs3)n2)nc(N2CCC[C@@H]2CNS(=O)(=O)c2ccc(C(F)(F)F)cc2)n1,6.42,5.81,0.61,False,3.61,645.2,5.33,3,11,125.0,10,False,True,0.595,False
190,CAND-01818,Cn1c(Cc2nc(-c3ccccc3C#N)c(CC(=O)O)s2)nc2ccccc21,0.4732047487612807,5.8442022812624685,0.2094674458954339,0.6468631478516266,1.0,0.5615700860452125,1,1.0,-2.3812274,0,0.7321428571428571,False,Cn1c(Cc2nc(-c3ccccc3C#N)c(CC(=O)O)s2)nc2ccccc21,5.76,5.28,0.48,False,2.63,388.5,3.79,1,6,91.8,5,True,True,0.476,True
191,CAND-00244,O=C(NO)[C@@H](NCC1CC1)[C@@H](Cc1cccc(O)c1Cl)C(=O)N[C@H]1c2ccccc2C[C@H]1O,0.4729059559129741,7.12348507628861,0.5998429036480984,0.247805596201731,0.5,0.2432816802964163,1,1.0,-4.275933700000001,2,0.7101449275362319,True,O=C(NO)[C@@H](NCC1CC1)[C@@H](Cc1cccc(O)c1Cl)C(=O)N[C@H]1c2ccccc2C[C@H]1O,7.18,7.6,-0.42,False,3.95,474.0,1.85,6,6,130.9,9,True,True,0.808,False
192,CAND-00422,CNc1nc(NCc2csc(-c3cccs3)n2)nc(N2CCC[C@@H]2CNS(=O)(=O)c2ccc(C(F)(F)F)cc2Cl)n1,0.4726781999128612,6.531872167409762,0.4193111549105207,0.5478715509474872,1.0,0.2100754081920028,1,1.0,-2.8512348000000003,0,0.8076923076923077,False,CNc1nc(NCc2csc(-c3cccs3)n2)nc(N2CCC[C@@H]2CNS(=O)(=O)c2ccc(C(F)(F)F)cc2Cl)n1,6.59,5.64,0.95,False,3.53,645.2,5.33,3,11,125.0,10,False,True,0.619,False
193,CAND-01822,Cn1c(Cc2nc(-c3ccccc3)c(CC(=O)O)s2)nc2cc(C#N)ccc21,0.4698804707431833,5.822414581293224,0.2028188898592389,0.6468631478516265,1.0,0.5615700860452125,1,1.0,-2.3812274,0,0.7368421052631579,False,Cn1c(Cc2nc(-c3ccccc3)c(CC(=O)O)s2)nc2cc(C#N)ccc21,5.75,5.3,0.45,False,2.58,388.5,3.79,1,6,91.8,5,True,True,0.481,True
194,CAND-01823,Cn1c(Cc2nc(-c3ccccc3)c(CC(=O)O)s2)nc2ccc(C#N)cc21,0.4698804707431833,5.822414581293224,0.2028188898592389,0.6468631478516266,1.0,0.5615700860452125,1,1.0,-2.3812274,0,0.7368421052631579,False,Cn1c(Cc2nc(-c3ccccc3)c(CC(=O)O)s2)nc2ccc(C#N)cc21,5.75,5.3,0.45,False,2.59,388.5,3.79,1,6,91.8,5,True,True,0.481,True
195,CAND-01819,Cn1c(Cc2nc(-c3cccc(C#N)c3)c(CC(=O)O)s2)nc2ccccc21,0.4698804707431833,5.822414581293224,0.2028188898592389,0.6468631478516266,1.0,0.5615700860452125,1,1.0,-2.3812274,0,0.7719298245614035,False,Cn1c(Cc2nc(-c3cccc(C#N)c3)c(CC(=O)O)s2)nc2ccccc21,5.74,5.31,0.43,False,2.58,388.5,3.79,1,6,91.8,5,True,True,0.488,True
196,CAND-01804,Cn1c(Cc2nc(-c3ccccc3O)c(CC(=O)O)s2)nc2ccccc21,0.4698180458005688,5.839106538644003,0.2079124708226764,0.6336048644126073,1.0,0.5528727012974355,1,1.0,-2.444177099999999,0,0.7884615384615384,False,Cn1c(Cc2nc(-c3ccccc3O)c(CC(=O)O)s2)nc2ccccc21,5.78,5.28,0.5,False,2.55,379.4,3.62,2,6,88.2,5,True,True,0.467,True
197,CAND-00423,CNc1nc(NCc2csc(-c3cccs3)n2)nc(N2CCC[C@@H]2CNS(=O)(=O)c2ccc(C(F)(F)F)c(Cl)c2)n1,0.4694192852878647,6.510512866626779,0.4127933256605277,0.5478715509474872,1.0,0.2100754081920028,1,1.0,-2.8512348000000003,0,0.8076923076923077,False,CNc1nc(NCc2csc(-c3cccs3)n2)nc(N2CCC[C@@H]2CNS(=O)(=O)c2ccc(C(F)(F)F)c(Cl)c2)n1,6.58,5.57,1.01,False,3.55,645.2,5.33,3,11,125.0,10,False,True,0.64,False
198,CAND-00425,CNc1nc(NCc2csc(-c3sccc3C)n2)nc(N2CCC[C@@H]2CNS(=O)(=O)c2ccc(C(F)(F)F)cc2)n1,0.468938048668043,6.480028248053044,0.4034908891887749,0.5225162004042793,1.0,0.2239753469121854,1,1.0,-2.9716208000000006,0,0.8133333333333334,False,CNc1nc(NCc2csc(-c3sccc3C)n2)nc(N2CCC[C@@H]2CNS(=O)(=O)c2ccc(C(F)(F)F)cc2)n1,6.39,5.82,0.57,False,3.55,624.7,4.98,3,11,125.0,10,False,True,0.541,False
199,CAND-00431,CNc1nc(NCc2csc(-c3sccc3OC)n2)nc(N2CCC[C@@H]2CNS(=O)(=O)c2ccc(C(F)(F)F)cc2)n1,0.4687339869869283,6.501976753620539,0.4101885153440011,0.4571267298904105,1.0,0.2121324310497593,1,1.0,-3.2820869000000004,0,0.782051282051282,False,CNc1nc(NCc2csc(-c3sccc3OC)n2)nc(N2CCC[C@@H]2CNS(=O)(=O)c2ccc(C(F)(F)F)cc2)n1,6.41,5.83,0.58,False,3.59,640.7,4.69,3,12,134.3,11,False,False,0.671,False
200,CAND-00263,COc1ccc2c(c1)C[C@@H](O)[C@H]2NC(=O)[C@H](Cc1cccc(O)c1)[C@H](NCC1CC1)C(=O)NO,0.4686936190459241,7.127889993632545,0.6011870721393711,0.1570607751446542,0.5,0.2270002765874619,1,1.0,-4.706785800000002,2,0.7941176470588235,True,COc1ccc2c(c1)C[C@@H](O)[C@H]2NC(=O)[C@H](Cc1cccc(O)c1)[C@H](NCC1CC1)C(=O)NO,7.16,7.62,-0.46,False,3.86,469.5,1.21,6,7,140.2,10,True,False,0.859,False
201,CAND-01671,CCCc1ccc(S(=O)(=O)NC[C@H]2CCCN2c2nc(NCc3csc(-c4ccccc4)n3)nc(NCC3CCOCC3)n2)cc1Cl,0.4674110623517061,6.626922857366553,0.4483160447955837,0.5808825593769114,1.0,0.1441767998463807,1,1.0,-2.694500099999994,0,0.8313253012048193,False,CCCc1ccc(S(=O)(=O)NC[C@H]2CCCN2c2nc(NCc3csc(-c4ccccc4)n3)nc(NCC3CCOCC3)n2)cc1Cl,6.12,5.66,0.46,False,3.55,697.3,6.0,3,11,134.3,14,False,False,0.865,False
202,CAND-01797,COc1ccccc1-c1nc(Cc2nc3ccccc3n2C)sc1CC(=O)O,0.4668013400186974,5.850227041762725,0.2113059124544168,0.6608935325279685,1.0,0.5371612793049632,1,1.0,-2.3146118,0,0.7454545454545455,False,COc1ccccc1-c1nc(Cc2nc3ccccc3n2C)sc1CC(=O)O,5.71,5.27,0.44,False,2.46,393.5,3.92,1,6,77.2,6,True,True,0.617,True
203,CAND-00429,CNc1nc(NCc2csc(-c3cccs3)n2)nc(N2CCC[C@@H]2CNS(=O)(=O)c2ccc(C(F)(F)F)c(C)c2)n1,0.4665048745056707,6.464080945109644,0.3986245408640302,0.5225162004042793,1.0,0.2239753469121854,1,1.0,-2.9716208000000006,0,0.8181818181818182,False,CNc1nc(NCc2csc(-c3cccs3)n2)nc(N2CCC[C@@H]2CNS(=O)(=O)c2ccc(C(F)(F)F)c(C)c2)n1,6.46,5.65,0.81,False,3.55,624.7,4.98,3,11,125.0,10,False,True,0.525,False
204,CAND-01243,CCCc1ccc(S(=O)(=O)NC[C@H]2CCCN2c2nc(NCCC3CC3)nc(NCc3csc(-c4ccccc4)n3)n2)cc1F,0.4664469905642008,6.618666322512094,0.4457965482575296,0.6195447195396334,1.0,0.1451623881181202,1,1.0,-2.510933999999998,0,0.8170731707317073,False,CCCc1ccc(S(=O)(=O)NC[C@H]2CCCN2c2nc(NCCC3CC3)nc(NCc3csc(-c4ccccc4)n3)n2)cc1F,6.2,5.66,0.54,False,3.46,650.9,5.86,3,10,125.0,15,False,False,0.882,False
205,CAND-01790,Cc1ccccc1-c1nc(Cc2nc3ccccc3n2C)sc1CC(=O)O,0.4661295492251803,5.7905461314073445,0.1930941747607184,0.7262830030418375,1.0,0.5652748728160704,1,1.0,-2.004145699999999,0,0.7884615384615384,False,Cc1ccccc1-c1nc(Cc2nc3ccccc3n2C)sc1CC(=O)O,5.65,5.54,0.11,False,2.46,377.5,4.22,1,5,68.0,5,True,True,0.374,True
206,CAND-00262,COc1ccc2c(c1)[C@H](NC(=O)[C@H](Cc1cccc(O)c1)[C@H](NCC1CC1)C(=O)NO)[C@H](O)C2,0.4659399415188616,7.109842074822787,0.5956797170852461,0.1570607751446542,0.5,0.2270002765874619,1,1.0,-4.706785800000002,2,0.782608695652174,True,COc1ccc2c(c1)[C@H](NC(=O)[C@H](Cc1cccc(O)c1)[C@H](NCC1CC1)C(=O)NO)[C@H](O)C2,7.17,7.62,-0.45,False,3.87,469.5,1.21,6,7,140.2,10,True,False,0.842,False
207,CAND-00421,CNc1nc(NCc2csc(-c3ccc(Cl)s3)n2)nc(N2CCC[C@@H]2CNS(=O)(=O)c2ccc(C(F)(F)F)cc2)n1,0.4658545842308855,6.487149406444841,0.4056639235465692,0.5478715509474872,1.0,0.2100754081920028,1,1.0,-2.8512348000000003,0,0.8026315789473685,False,CNc1nc(NCc2csc(-c3ccc(Cl)s3)n2)nc(N2CCC[C@@H]2CNS(=O)(=O)c2ccc(C(F)(F)F)cc2)n1,6.43,5.79,0.64,False,3.5,645.2,5.33,3,11,125.0,10,False,True,0.569,False
208,CAND-01805,Cn1c(Cc2nc(-c3cccc(O)c3)c(CC(=O)O)s2)nc2ccccc21,0.4657080088504681,5.812168884379288,0.1996923969224748,0.6336048644126073,1.0,0.5528727012974355,1,1.0,-2.444177099999999,0,0.8301886792452831,False,Cn1c(Cc2nc(-c3cccc(O)c3)c(CC(=O)O)s2)nc2ccccc21,5.76,5.31,0.45,False,2.52,379.4,3.62,2,6,88.2,5,True,True,0.49,True
209,CAND-01809,Cn1c(Cc2nc(-c3ccccc3)c(CC(=O)O)s2)nc2ccc(O)cc21,0.4657080088504681,5.812168884379288,0.1996923969224748,0.6336048644126072,1.0,0.5528727012974355,1,1.0,-2.4441771,0,0.7924528301886793,False,Cn1c(Cc2nc(-c3ccccc3)c(CC(=O)O)s2)nc2ccc(O)cc21,5.77,5.3,0.47,False,2.54,379.4,3.62,2,6,88.2,5,True,True,0.479,True
210,CAND-01808,Cn1c(Cc2nc(-c3ccccc3)c(CC(=O)O)s2)nc2cc(O)ccc21,0.4657080088504681,5.812168884379288,0.1996923969224748,0.6336048644126072,1.0,0.5528727012974355,1,1.0,-2.4441771,0,0.7924528301886793,False,Cn1c(Cc2nc(-c3ccccc3)c(CC(=O)O)s2)nc2cc(O)ccc21,5.77,5.3,0.47,False,2.54,379.4,3.62,2,6,88.2,5,True,True,0.479,True
211,CAND-00449,CNc1nc(NCc2csc(-c3sccc3C#N)n2)nc(N2CCC[C@@H]2CNS(=O)(=O)c2ccc(C(F)(F)F)cc2)n1,0.4648009723988248,6.4476136843829455,0.3935995264816661,0.4430963452140684,1.0,0.2266706971933058,1,1.0,-3.348702500000001,0,0.782051282051282,False,CNc1nc(NCc2csc(-c3sccc3C#N)n2)nc(N2CCC[C@@H]2CNS(=O)(=O)c2ccc(C(F)(F)F)cc2)n1,6.22,5.77,0.45,False,3.66,635.7,4.55,3,12,148.8,10,False,False,0.718,False
212,CAND-01792,Cc1ccc(-c2nc(Cc3nc4ccccc4n3C)sc2CC(=O)O)cc1,0.4631982644334201,5.771334154184142,0.1872316051771979,0.7262830030418372,1.0,0.5652748728160705,1,1.0,-2.0041457,0,0.88,False,Cc1ccc(-c2nc(Cc3nc4ccccc4n3C)sc2CC(=O)O)cc1,5.62,5.52,0.1,False,2.39,377.5,4.22,1,5,68.0,5,True,True,0.352,True
213,CAND-01795,Cc1ccc2nc(Cc3nc(-c4ccccc4)c(CC(=O)O)s3)n(C)c2c1,0.4624853744237989,5.766661791175952,0.1858058251579553,0.7262830030418373,1.0,0.5652748728160705,1,1.0,-2.0041457,0,0.7924528301886793,False,Cc1ccc2nc(Cc3nc(-c4ccccc4)c(CC(=O)O)s3)n(C)c2c1,5.56,5.57,-0.01,False,2.45,377.5,4.22,1,5,68.0,5,True,True,0.329,True
214,CAND-01791,Cc1cccc(-c2nc(Cc3nc4ccccc4n3C)sc2CC(=O)O)c1,0.4624853744237989,5.766661791175952,0.1858058251579553,0.7262830030418372,1.0,0.5652748728160705,1,1.0,-2.0041457,0,0.8301886792452831,False,Cc1cccc(-c2nc(Cc3nc4ccccc4n3C)sc2CC(=O)O)c1,5.56,5.6,-0.04,False,2.44,377.5,4.22,1,5,68.0,5,True,True,0.327,True
215,CAND-00450,CNc1nc(NCc2csc(-c3cc(C#N)cs3)n2)nc(N2CCC[C@@H]2CNS(=O)(=O)c2ccc(C(F)(F)F)cc2)n1,0.4622650336916841,6.430992850809226,0.3885276490673847,0.4430963452140685,1.0,0.2266706971933058,1,1.0,-3.3487025000000004,0,0.7721518987341772,False,CNc1nc(NCc2csc(-c3cc(C#N)cs3)n2)nc(N2CCC[C@@H]2CNS(=O)(=O)c2ccc(C(F)(F)F)cc2)n1,6.22,5.83,0.39,False,3.65,635.7,4.55,3,12,148.8,10,False,False,0.732,False
216,CAND-00428,CNc1nc(NCc2csc(-c3cccs3)n2)nc(N2CCC[C@@H]2CNS(=O)(=O)c2ccc(C(F)(F)F)cc2C)n1,0.4613672963351597,6.430408667659248,0.3883493845230083,0.5225162004042793,1.0,0.2239753469121854,1,1.0,-2.9716208000000006,0,0.8289473684210527,False,CNc1nc(NCc2csc(-c3cccs3)n2)nc(N2CCC[C@@H]2CNS(=O)(=O)c2ccc(C(F)(F)F)cc2C)n1,6.45,5.71,0.74,False,3.53,624.7,4.98,3,11,125.0,10,False,True,0.502,False
217,CAND-00426,CNc1nc(NCc2csc(-c3cc(C)cs3)n2)nc(N2CCC[C@@H]2CNS(=O)(=O)c2ccc(C(F)(F)F)cc2)n1,0.4613672963351597,6.430408667659248,0.3883493845230083,0.5225162004042795,1.0,0.2239753469121854,1,1.0,-2.9716208,0,0.8133333333333334,False,CNc1nc(NCc2csc(-c3cc(C)cs3)n2)nc(N2CCC[C@@H]2CNS(=O)(=O)c2ccc(C(F)(F)F)cc2)n1,6.38,5.87,0.51,False,3.55,624.7,4.98,3,11,125.0,10,False,True,0.566,False
218,CAND-00434,CNc1nc(NCc2csc(-c3cccs3)n2)nc(N2CCC[C@@H]2CNS(=O)(=O)c2ccc(C(F)(F)F)cc2OC)n1,0.4611632346540451,6.452357173226743,0.3950470106782345,0.4571267298904105,1.0,0.2121324310497593,1,1.0,-3.2820869000000004,0,0.7875,False,CNc1nc(NCc2csc(-c3cccs3)n2)nc(N2CCC[C@@H]2CNS(=O)(=O)c2ccc(C(F)(F)F)cc2OC)n1,6.45,5.75,0.7,False,3.55,640.7,4.69,3,12,134.3,11,False,False,0.646,False
219,CAND-00432,CNc1nc(NCc2csc(-c3cc(OC)cs3)n2)nc(N2CCC[C@@H]2CNS(=O)(=O)c2ccc(C(F)(F)F)cc2)n1,0.4611632346540451,6.452357173226743,0.3950470106782345,0.4571267298904105,1.0,0.2121324310497593,1,1.0,-3.2820869000000004,0,0.782051282051282,False,CNc1nc(NCc2csc(-c3cc(OC)cs3)n2)nc(N2CCC[C@@H]2CNS(=O)(=O)c2ccc(C(F)(F)F)cc2)n1,6.41,5.88,0.53,False,3.61,640.7,4.69,3,12,134.3,11,False,False,0.685,False
220,CAND-01820,Cn1c(Cc2nc(-c3ccc(C#N)cc3)c(CC(=O)O)s2)nc2ccccc21,0.4610397643806015,5.764471576317258,0.1851374771340756,0.6468631478516266,1.0,0.5615700860452125,1,1.0,-2.3812274,0,0.8148148148148148,False,Cn1c(Cc2nc(-c3ccc(C#N)cc3)c(CC(=O)O)s2)nc2ccccc21,5.7,5.27,0.43,False,2.53,388.5,3.79,1,6,91.8,5,True,True,0.477,True
221,CAND-00435,CNc1nc(NCc2csc(-c3cccs3)n2)nc(N2CCC[C@@H]2CNS(=O)(=O)c2ccc(C(F)(F)F)c(OC)c2)n1,0.4603176355536738,6.44681501959433,0.3933558124774919,0.4571267298904105,1.0,0.2121324310497593,1,1.0,-3.282086900000001,0,0.7974683544303798,False,CNc1nc(NCc2csc(-c3cccs3)n2)nc(N2CCC[C@@H]2CNS(=O)(=O)c2ccc(C(F)(F)F)c(OC)c2)n1,6.44,5.68,0.76,False,3.55,640.7,4.69,3,12,134.3,11,False,False,0.684,False
222,CAND-00252,Cc1c(O)cccc1C[C@@H](C(=O)N[C@H]1c2ccccc2C[C@H]1O)[C@H](NCC1CC1)C(=O)NO,0.4600646366236071,7.022021576538095,0.568881133260586,0.2224502456585228,0.5,0.2520802333110468,1,1.0,-4.396319700000003,2,0.7101449275362319,True,Cc1c(O)cccc1C[C@@H](C(=O)N[C@H]1c2ccccc2C[C@H]1O)[C@H](NCC1CC1)C(=O)NO,7.17,7.6,-0.43,False,3.91,453.5,1.51,6,6,130.9,9,True,True,0.82,False
223,CAND-01239,COc1cc2c(cc1OC(F)(F)F)C1(NN=C(c3ccccc3)S1)C(=O)N2,0.4592406807383304,5.545337610469391,0.1182683512772942,0.5797433104059064,0.75,0.8336883503322776,1,1.0,-2.6999092,1,0.6964285714285714,False,COc1cc2c(cc1OC(F)(F)F)C1(NN=C(c3ccccc3)S1)C(=O)N2,5.52,5.75,-0.23,False,3.86,395.4,3.4,2,6,72.0,3,True,True,0.431,True
224,CAND-01807,Cn1c(Cc2nc(-c3ccccc3)c(CC(=O)O)s2)nc2c(O)cccc21,0.4588843931684924,5.767446123414366,0.1860451655585234,0.6336048644126072,1.0,0.5528727012974355,1,1.0,-2.4441771,0,0.7407407407407407,False,Cn1c(Cc2nc(-c3ccccc3)c(CC(=O)O)s2)nc2c(O)cccc21,5.77,5.28,0.49,False,2.6,379.4,3.62,2,6,88.2,5,True,True,0.478,True
225,CAND-01810,Cn1c(Cc2nc(-c3ccccc3)c(CC(=O)O)s2)nc2cccc(O)c21,0.4588843931684924,5.767446123414366,0.1860451655585234,0.6336048644126073,1.0,0.5528727012974355,1,1.0,-2.444177099999999,0,0.7407407407407407,False,Cn1c(Cc2nc(-c3ccccc3)c(CC(=O)O)s2)nc2cccc(O)c21,5.79,5.29,0.5,False,2.62,379.4,3.62,2,6,88.2,5,True,True,0.496,True
226,CAND-01776,Cn1c(Cc2nc(-c3ccccc3F)c(CC(=O)O)s2)nc2ccccc21,0.4581175968362225,5.736221560240289,0.17651693365421,0.6958716836362622,1.0,0.5661971000303917,1,1.0,-2.148537199999999,0,0.7735849056603774,False,Cn1c(Cc2nc(-c3ccccc3F)c(CC(=O)O)s2)nc2ccccc21,5.57,5.41,0.16,False,2.48,381.4,4.05,1,5,68.0,5,True,True,0.442,True
227,CAND-01824,Cn1c(Cc2nc(-c3ccccc3)c(CC(=O)O)s2)nc2cccc(C#N)c21,0.4580220414354649,5.744693073508227,0.1791020312438022,0.6468631478516265,1.0,0.5615700860452125,1,1.0,-2.3812274,0,0.6896551724137931,False,Cn1c(Cc2nc(-c3ccccc3)c(CC(=O)O)s2)nc2cccc(C#N)c21,5.75,5.28,0.47,False,2.69,388.5,3.79,1,6,91.8,5,True,True,0.486,True
228,CAND-01821,Cn1c(Cc2nc(-c3ccccc3)c(CC(=O)O)s2)nc2c(C#N)cccc21,0.4580220414354649,5.744693073508227,0.1791020312438022,0.6468631478516265,1.0,0.5615700860452125,1,1.0,-2.3812274,0,0.6896551724137931,False,Cn1c(Cc2nc(-c3ccccc3)c(CC(=O)O)s2)nc2c(C#N)cccc21,5.74,5.28,0.46,False,2.67,388.5,3.79,1,6,91.8,5,True,True,0.486,True
229,CAND-00452,CNc1nc(NCc2csc(-c3cccs3)n2)nc(N2CCC[C@@H]2CNS(=O)(=O)c2ccc(C(F)(F)F)cc2C#N)n1,0.4572302200659415,6.3979941039891495,0.3784580218158995,0.4430963452140685,1.0,0.2266706971933058,1,1.0,-3.3487025000000004,0,0.7875,False,CNc1nc(NCc2csc(-c3cccs3)n2)nc(N2CCC[C@@H]2CNS(=O)(=O)c2ccc(C(F)(F)F)cc2C#N)n1,6.27,5.68,0.59,False,3.64,635.7,4.55,3,12,148.8,10,False,False,0.695,False
230,CAND-01806,Cn1c(Cc2nc(-c3ccc(O)cc3)c(CC(=O)O)s2)nc2ccccc21,0.4568673024878864,5.754225879403322,0.1820109841973115,0.6336048644126073,1.0,0.5528727012974355,1,1.0,-2.444177099999999,0,0.88,False,Cn1c(Cc2nc(-c3ccc(O)cc3)c(CC(=O)O)s2)nc2ccccc21,5.72,5.29,0.43,False,2.47,379.4,3.62,2,6,88.2,5,True,True,0.462,True
231,CAND-00453,CNc1nc(NCc2csc(-c3cccs3)n2)nc(N2CCC[C@@H]2CNS(=O)(=O)c2ccc(C(F)(F)F)c(C#N)c2)n1,0.4563846209655702,6.392451950356736,0.3767668236151569,0.4430963452140685,1.0,0.2266706971933058,1,1.0,-3.3487025000000004,0,0.7777777777777778,False,CNc1nc(NCc2csc(-c3cccs3)n2)nc(N2CCC[C@@H]2CNS(=O)(=O)c2ccc(C(F)(F)F)c(C#N)c2)n1,6.26,5.61,0.65,False,3.66,635.7,4.55,3,12,148.8,10,False,False,0.727,False
232,CAND-00284,N#Cc1c(O)cccc1C[C@@H](C(=O)N[C@H]1c2ccccc2C[C@H]1O)[C@H](NCC1CC1)C(=O)NO,0.4563061704439295,7.022021576538095,0.568881133260586,0.1430303904683122,0.5,0.2395520127121218,1,1.0,-4.773401400000002,2,0.6805555555555556,True,N#Cc1c(O)cccc1C[C@@H](C(=O)N[C@H]1c2ccccc2C[C@H]1O)[C@H](NCC1CC1)C(=O)NO,7.05,7.61,-0.56,False,4.08,464.5,1.07,6,7,154.7,9,True,False,0.935,False
233,CAND-00271,O=C(NO)[C@@H](NCC1CC1)[C@@H](Cc1cccc(O)c1)C(=O)N[C@H]1c2ccc(O)cc2C[C@H]1O,0.4561114997397354,7.060700175509922,0.5806839776649384,0.129772107029293,0.5,0.2192317030242207,1,1.0,-4.836351100000002,2,0.8852459016393442,True,O=C(NO)[C@@H](NCC1CC1)[C@@H](Cc1cccc(O)c1)C(=O)N[C@H]1c2ccc(O)cc2C[C@H]1O,7.18,7.71,-0.53,False,3.92,455.5,0.9,7,7,151.1,9,True,False,0.847,False
234,CAND-01267,CCCc1ccc(S(=O)(=O)NC[C@H]2CCCN2c2nc(NCCC3CC3)nc(NCc3csc(-c4ccccc4)n3)n2)cc1O,0.4558321380994826,6.575411817989883,0.4325973580015724,0.5572779003159785,1.0,0.1317781969956547,1,1.0,-2.8065738999999987,0,0.8170731707317073,False,CCCc1ccc(S(=O)(=O)NC[C@H]2CCCN2c2nc(NCCC3CC3)nc(NCc3csc(-c4ccccc4)n3)n2)cc1O,6.16,5.69,0.47,False,3.5,648.9,5.42,4,11,145.3,15,False,False,0.857,False
235,CAND-01796,Cc1cccc2nc(Cc3nc(-c4ccccc4)c(CC(=O)O)s3)n(C)c12,0.4556617587418231,5.72193903021103,0.1721585937940039,0.7262830030418372,1.0,0.5652748728160705,1,1.0,-2.0041457,0,0.7407407407407407,False,Cc1cccc2nc(Cc3nc(-c4ccccc4)c(CC(=O)O)s3)n(C)c12,5.57,5.55,0.02,False,2.54,377.5,4.22,1,5,68.0,5,True,True,0.367,True
236,CAND-01793,Cc1cccc2c1nc(Cc1nc(-c3ccccc3)c(CC(=O)O)s1)n2C,0.4556617587418231,5.72193903021103,0.1721585937940039,0.7262830030418372,1.0,0.5652748728160705,1,1.0,-2.0041457,0,0.7407407407407407,False,Cc1cccc2c1nc(Cc1nc(-c3ccccc3)c(CC(=O)O)s1)n2C,5.55,5.54,0.01,False,2.5,377.5,4.22,1,5,68.0,5,True,True,0.324,True
237,CAND-00451,CNc1nc(NCc2csc(-c3ccc(C#N)s3)n2)nc(N2CCC[C@@H]2CNS(=O)(=O)c2ccc(C(F)(F)F)cc2)n1,0.4554414180097084,6.386270089844304,0.3748804177034333,0.4430963452140685,1.0,0.2266706971933058,1,1.0,-3.3487025000000004,0,0.782051282051282,False,CNc1nc(NCc2csc(-c3ccc(C#N)s3)n2)nc(N2CCC[C@@H]2CNS(=O)(=O)c2ccc(C(F)(F)F)cc2)n1,6.22,5.81,0.41,False,3.63,635.7,4.55,3,12,148.8,10,False,False,0.714,False
238,CAND-00418,CNc1nc(NCc2nc(-c3cccs3)sc2Cl)nc(N2CCC[C@@H]2CNS(=O)(=O)c2ccc(C(F)(F)F)cc2)n1,0.4553345185231911,6.418199687423699,0.3846237921311805,0.5478715509474872,1.0,0.2100754081920028,1,1.0,-2.8512348000000003,0,0.782051282051282,False,CNc1nc(NCc2nc(-c3cccs3)sc2Cl)nc(N2CCC[C@@H]2CNS(=O)(=O)c2ccc(C(F)(F)F)cc2)n1,6.52,5.75,0.77,False,3.61,645.2,5.33,3,11,125.0,10,False,True,0.502,False
239,CAND-00427,CNc1nc(NCc2csc(-c3ccc(C)s3)n2)nc(N2CCC[C@@H]2CNS(=O)(=O)c2ccc(C(F)(F)F)cc2)n1,0.454543680653184,6.385685906694326,0.3747021531590568,0.5225162004042793,1.0,0.2239753469121854,1,1.0,-2.9716208000000006,0,0.8243243243243243,False,CNc1nc(NCc2csc(-c3ccc(C)s3)n2)nc(N2CCC[C@@H]2CNS(=O)(=O)c2ccc(C(F)(F)F)cc2)n1,6.39,5.85,0.54,False,3.49,624.7,4.98,3,11,125.0,10,False,True,0.534,False
240,CAND-00433,CNc1nc(NCc2csc(-c3ccc(OC)s3)n2)nc(N2CCC[C@@H]2CNS(=O)(=O)c2ccc(C(F)(F)F)cc2)n1,0.4543396189720693,6.407634412261822,0.381399779314283,0.4571267298904105,1.0,0.2121324310497593,1,1.0,-3.2820869000000004,0,0.782051282051282,False,CNc1nc(NCc2csc(-c3ccc(OC)s3)n2)nc(N2CCC[C@@H]2CNS(=O)(=O)c2ccc(C(F)(F)F)cc2)n1,6.41,5.87,0.54,False,3.62,640.7,4.69,3,12,134.3,11,False,False,0.668,False
241,CAND-01249,CCCc1ccc(S(=O)(=O)NC[C@H]2CCCN2c2nc(NCCC3CC3)nc(NCc3csc(-c4ccccc4)n3)n2)cc1Cl,0.4540115136748338,6.561711198469843,0.4284165891853067,0.6753113894884167,1.0,0.1326773969406014,1,1.0,-2.246156499999997,0,0.8271604938271605,False,CCCc1ccc(S(=O)(=O)NC[C@H]2CCCN2c2nc(NCCC3CC3)nc(NCc3csc(-c4ccccc4)n3)n2)cc1Cl,6.13,5.75,0.38,False,3.46,667.3,6.37,3,10,125.0,15,False,False,0.918,False
242,CAND-01799,COc1ccc(-c2nc(Cc3nc4ccccc4n3C)sc2CC(=O)O)cc1,0.4536088553101661,5.763761981646357,0.1849209430373544,0.6608935325279685,1.0,0.5371612793049632,1,1.0,-2.3146118,0,0.8301886792452831,False,COc1ccc(-c2nc(Cc3nc4ccccc4n3C)sc2CC(=O)O)cc1,5.6,5.26,0.34,False,2.39,393.5,3.92,1,6,77.2,6,True,True,0.408,True
243,CAND-00276,O=C(NO)[C@@H](NCC1CC1)[C@@H](Cc1cccc(O)c1C(F)(F)F)C(=O)N[C@H]1c2ccccc2C[C@H]1O,0.4528532168894068,7.022021576538095,0.568881133260586,0.2593404209498727,0.5,0.2280421675303792,1,1.0,-4.2211669,2,0.6805555555555556,True,O=C(NO)[C@@H](NCC1CC1)[C@@H](Cc1cccc(O)c1C(F)(F)F)C(=O)N[C@H]1c2ccccc2C[C@H]1O,7.14,7.57,-0.43,False,4.1,507.5,2.22,6,6,130.9,9,False,True,0.843,False
244,CAND-01794,Cc1ccc2c(c1)nc(Cc1nc(-c3ccccc3)c(CC(=O)O)s1)n2C,0.4511727779565985,5.692517734524049,0.1631806322235546,0.7262830030418372,1.0,0.5652748728160705,1,1.0,-2.0041457,0,0.7924528301886793,False,Cc1ccc2c(c1)nc(Cc1nc(-c3ccccc3)c(CC(=O)O)s1)n2C,5.55,5.56,-0.01,False,2.44,377.5,4.22,1,5,68.0,5,True,True,0.323,True
245,CAND-01689,CCCc1ccc(S(=O)(=O)NC[C@H]2CCCN2c2nc(NCc3csc(-c4ccccc4)n3)nc(NCC3CCOCC3)n2)cc1O,0.4494132821094234,6.513900730505622,0.4138271384481687,0.4628490702044729,1.0,0.1416657096177969,1,1.0,-3.254917499999997,0,0.8214285714285714,False,CCCc1ccc(S(=O)(=O)NC[C@H]2CCCN2c2nc(NCc3csc(-c4ccccc4)n3)nc(NCC3CCOCC3)n2)cc1O,6.02,5.64,0.38,False,3.59,678.9,5.05,4,12,154.5,14,False,False,0.839,False
246,CAND-01783,Cn1c(Cc2nc(-c3ccccc3Cl)c(CC(=O)O)s2)nc2ccccc21,0.4486206890968524,5.734699519001391,0.1760524800184201,0.7516383535850453,1.0,0.535314830292141,1,1.0,-1.8837597,0,0.7735849056603774,False,Cn1c(Cc2nc(-c3ccccc3Cl)c(CC(=O)O)s2)nc2ccccc21,5.63,5.59,0.04,False,2.47,397.9,4.57,1,5,68.0,5,True,True,0.373,True
247,CAND-01811,Cn1c(Cc2nc(-c3ccccc3C(F)(F)F)c(CC(=O)O)s2)nc2ccccc21,0.4483184614200688,5.828862719345207,0.2047865508435671,0.7631731783331868,1.0,0.4864172866609507,1,1.0,-1.828992899999999,0,0.7321428571428571,False,Cn1c(Cc2nc(-c3ccccc3C(F)(F)F)c(CC(=O)O)s2)nc2ccccc21,5.64,5.61,0.03,False,2.63,431.4,4.93,1,5,68.0,5,True,True,0.432,True
248,CAND-01800,COc1cccc2c1nc(Cc1nc(-c3ccccc3)c(CC(=O)O)s1)n2C,0.4460723496185691,5.7143668576732445,0.1698479316541603,0.6608935325279685,1.0,0.5371612793049632,1,1.0,-2.3146118,0,0.7017543859649122,False,COc1cccc2c1nc(Cc1nc(-c3ccccc3)c(CC(=O)O)s1)n2C,5.66,5.27,0.39,False,2.5,393.5,3.92,1,6,77.2,6,True,True,0.619,True
249,CAND-01803,COc1cccc2nc(Cc3nc(-c4ccccc4)c(CC(=O)O)s3)n(C)c12,0.4460723496185691,5.7143668576732445,0.1698479316541603,0.6608935325279683,1.0,0.537161279304963,1,1.0,-2.3146118,0,0.7017543859649122,False,COc1cccc2nc(Cc3nc(-c4ccccc4)c(CC(=O)O)s3)n(C)c12,5.61,5.27,0.34,False,2.53,393.5,3.92,1,6,77.2,6,True,True,0.715,True
250,CAND-00448,CNc1nc(NCc2nc(-c3cccs3)sc2C#N)nc(N2CCC[C@@H]2CNS(=O)(=O)c2ccc(C(F)(F)F)cc2)n1,0.4449213523020139,6.317320370823162,0.3538402862880445,0.4430963452140684,1.0,0.2266706971933058,1,1.0,-3.348702500000001,0,0.7530864197530864,False,CNc1nc(NCc2nc(-c3cccs3)sc2C#N)nc(N2CCC[C@@H]2CNS(=O)(=O)c2ccc(C(F)(F)F)cc2)n1,6.26,5.79,0.47,False,3.72,635.7,4.55,3,12,148.8,10,False,False,0.7,False
251,CAND-00272,O=C(NO)[C@@H](NCC1CC1)[C@@H](Cc1cccc(O)c1)C(=O)N[C@H]1c2cccc(O)c2C[C@H]1O,0.4444827252713764,6.984483851921073,0.5574264287282203,0.129772107029293,0.5,0.2192317030242207,1,1.0,-4.836351100000002,2,0.8,False,O=C(NO)[C@@H](NCC1CC1)[C@@H](Cc1cccc(O)c1)C(=O)N[C@H]1c2cccc(O)c2C[C@H]1O,7.18,7.69,-0.51,False,4.0,455.5,0.9,7,7,151.1,9,True,False,0.853,False
252,CAND-01813,Cn1c(Cc2nc(-c3ccc(C(F)(F)F)cc3)c(CC(=O)O)s2)nc2ccccc21,0.4443970365595657,5.803161250380384,0.1969437011225609,0.7631731783331868,1.0,0.4864172866609507,1,1.0,-1.828992899999999,0,0.8148148148148148,False,Cn1c(Cc2nc(-c3ccc(C(F)(F)F)cc3)c(CC(=O)O)s2)nc2ccccc21,5.6,5.63,-0.03,False,2.54,431.4,4.93,1,5,68.0,5,True,True,0.418,True
253,CAND-00424,CNc1nc(NCc2nc(-c3cccs3)sc2C)nc(N2CCC[C@@H]2CNS(=O)(=O)c2ccc(C(F)(F)F)cc2)n1,0.4440236149454896,6.316736187673184,0.353662021743668,0.5225162004042794,1.0,0.2239753469121854,1,1.0,-2.9716208,0,0.7922077922077922,False,CNc1nc(NCc2nc(-c3cccs3)sc2C)nc(N2CCC[C@@H]2CNS(=O)(=O)c2ccc(C(F)(F)F)cc2)n1,6.48,5.82,0.66,False,3.56,624.7,4.98,3,11,125.0,10,False,True,0.479,False
254,CAND-00430,CNc1nc(NCc2nc(-c3cccs3)sc2OC)nc(N2CCC[C@@H]2CNS(=O)(=O)c2ccc(C(F)(F)F)cc2)n1,0.4438195532643749,6.33868469324068,0.3603596478988942,0.4571267298904105,1.0,0.2121324310497593,1,1.0,-3.282086900000001,0,0.7721518987341772,False,CNc1nc(NCc2nc(-c3cccs3)sc2OC)nc(N2CCC[C@@H]2CNS(=O)(=O)c2ccc(C(F)(F)F)cc2)n1,6.45,5.85,0.6,False,3.69,640.7,4.69,3,12,134.3,11,False,False,0.649,False
255,CAND-01815,Cn1c(Cc2nc(-c3ccccc3)c(CC(=O)O)s2)nc2cc(C(F)(F)F)ccc21,0.4436841465499444,5.798488887372193,0.1955179211033183,0.7631731783331868,1.0,0.4864172866609508,1,1.0,-1.828992899999999,0,0.7368421052631579,False,Cn1c(Cc2nc(-c3ccccc3)c(CC(=O)O)s2)nc2cc(C(F)(F)F)ccc21,5.56,5.66,-0.1,False,2.58,431.4,4.93,1,5,68.0,5,True,True,0.398,True
256,CAND-01816,Cn1c(Cc2nc(-c3ccccc3)c(CC(=O)O)s2)nc2ccc(C(F)(F)F)cc21,0.4436841465499444,5.798488887372193,0.1955179211033183,0.7631731783331868,1.0,0.4864172866609508,1,1.0,-1.828992899999999,0,0.7368421052631579,False,Cn1c(Cc2nc(-c3ccccc3)c(CC(=O)O)s2)nc2ccc(C(F)(F)F)cc21,5.57,5.66,-0.09,False,2.59,431.4,4.93,1,5,68.0,5,True,True,0.401,True
257,CAND-00266,O=C(NO)[C@@H](NCC1CC1)[C@@H](Cc1cc(O)cc(O)c1)C(=O)N[C@H]1c2ccccc2C[C@H]1O,0.4417382905927237,6.96649651180146,0.551937559370915,0.129772107029293,0.5,0.2192317030242207,1,1.0,-4.836351100000002,2,0.8833333333333333,False,O=C(NO)[C@@H](NCC1CC1)[C@@H](Cc1cc(O)cc(O)c1)C(=O)N[C@H]1c2ccccc2C[C@H]1O,7.22,7.58,-0.36,False,3.94,455.5,0.9,7,7,151.2,9,True,False,0.824,False
258,CAND-00270,O=C(NO)[C@@H](NCC1CC1)[C@@H](Cc1cccc(O)c1)C(=O)N[C@H]1c2cc(O)ccc2C[C@H]1O,0.4417290477443139,6.966435933111315,0.5519190736740953,0.129772107029293,0.5,0.2192317030242207,1,1.0,-4.836351100000002,2,0.8709677419354839,False,O=C(NO)[C@@H](NCC1CC1)[C@@H](Cc1cccc(O)c1)C(=O)N[C@H]1c2cc(O)ccc2C[C@H]1O,7.21,7.71,-0.5,False,3.93,455.5,0.9,7,7,151.1,9,True,False,0.832,False
259,CAND-01666,CCCc1ccc(S(=O)(=O)NC[C@H]2CCCN2c2nc(NCc3csc(-c4ccccc4)n3)nc(NCC3CCOCC3)n2)c(F)c1,0.4415843770197016,6.432143568822111,0.3888787927494314,0.5251158894281278,1.0,0.1571499354832863,1,1.0,-2.9592775999999965,0,0.8095238095238095,False,CCCc1ccc(S(=O)(=O)NC[C@H]2CCCN2c2nc(NCc3csc(-c4ccccc4)n3)nc(NCC3CCOCC3)n2)c(F)c1,6.06,5.61,0.45,False,3.56,680.9,5.48,3,11,134.3,14,False,False,0.745,False
260,CAND-01669,CCCc1ccc(S(=O)(=O)NC[C@H]2CCCN2c2nc(NCc3csc(-c4cccc(F)c4)n3)nc(NCC3CCOCC3)n2)cc1,0.4415843770197016,6.432143568822111,0.3888787927494314,0.525115889428128,1.0,0.1571499354832863,1,1.0,-2.959277599999996,0,0.8658536585365854,False,CCCc1ccc(S(=O)(=O)NC[C@H]2CCCN2c2nc(NCc3csc(-c4cccc(F)c4)n3)nc(NCC3CCOCC3)n2)cc1,6.08,5.93,0.15,False,3.53,680.9,5.48,3,11,134.3,14,False,False,0.771,False
261,CAND-01798,COc1cccc(-c2nc(Cc3nc4ccccc4n3C)sc2CC(=O)O)c1,0.4413080224246602,5.683140909996459,0.1603192772663424,0.6608935325279685,1.0,0.5371612793049632,1,1.0,-2.3146118,0,0.7857142857142857,False,COc1cccc(-c2nc(Cc3nc4ccccc4n3C)sc2CC(=O)O)c1,5.57,5.3,0.27,False,2.44,393.5,3.92,1,6,77.2,6,True,True,0.411,True
262,CAND-00545,O=C(NO)C1(S(=O)(=O)c2ccc(Oc3ccc(Cl)cc3)cc2)CCN(Cc2cccc(F)c2)CC1,0.4409827353886919,6.70284074457652,0.4714825253317345,0.5986164562514052,0.5,0.3508049090760821,1,1.0,-2.610300399999999,2,0.8103448275862069,False,O=C(NO)C1(S(=O)(=O)c2ccc(Oc3ccc(Cl)cc3)cc2)CCN(Cc2cccc(F)c2)CC1,6.77,7.27,-0.5,False,2.46,519.0,4.59,2,6,95.9,7,True,True,1.007,False
263,CAND-00540,O=C(NO)C1(S(=O)(=O)c2ccc(Oc3ccc(Cl)cc3)cc2F)CCN(Cc2ccccc2)CC1,0.4409827353886919,6.70284074457652,0.4714825253317345,0.5986164562514051,0.5,0.3508049090760821,1,1.0,-2.6103003999999994,2,0.75,False,O=C(NO)C1(S(=O)(=O)c2ccc(Oc3ccc(Cl)cc3)cc2F)CCN(Cc2ccccc2)CC1,6.76,5.97,0.79,False,2.54,519.0,4.59,2,6,95.9,7,True,True,0.893,False
264,CAND-01812,Cn1c(Cc2nc(-c3cccc(C(F)(F)F)c3)c(CC(=O)O)s2)nc2ccccc21,0.4404252319249478,5.77712958658921,0.1890000918533254,0.7631731783331868,1.0,0.4864172866609507,1,1.0,-1.828992899999999,0,0.7719298245614035,False,Cn1c(Cc2nc(-c3cccc(C(F)(F)F)c3)c(CC(=O)O)s2)nc2ccccc21,5.56,5.71,-0.15,False,2.57,431.4,4.93,1,5,68.0,5,True,True,0.395,True
265,CAND-00440,CNc1nc(NCc2csc(-c3cccs3)n2)nc(N2CCC[C@@H]2CNS(=O)(=O)c2ccc(C(F)(F)F)cc2O)n1,0.4402385875951003,6.338835833160364,0.360405768518636,0.4298380617750493,1.0,0.2001190111192742,1,1.0,-3.4116522,0,0.8181818181818182,False,CNc1nc(NCc2csc(-c3cccs3)n2)nc(N2CCC[C@@H]2CNS(=O)(=O)c2ccc(C(F)(F)F)cc2O)n1,6.2,6.4,-0.2,False,3.6,626.7,4.38,4,12,145.3,10,False,False,0.629,False
266,CAND-00543,O=C(NO)C1(S(=O)(=O)c2ccc(Oc3ccc(Cl)c(F)c3)cc2)CCN(Cc2ccccc2)CC1,0.4397841538391288,6.694985103427258,0.4690853622326083,0.5986164562514051,0.5,0.3508049090760821,1,1.0,-2.6103003999999994,2,0.7796610169491526,False,O=C(NO)C1(S(=O)(=O)c2ccc(Oc3ccc(Cl)c(F)c3)cc2)CCN(Cc2ccccc2)CC1,6.75,5.95,0.8,False,2.5,519.0,4.59,2,6,95.9,7,True,True,0.943,False
267,CAND-01784,Cn1c(Cc2nc(-c3cccc(Cl)c3)c(CC(=O)O)s2)nc2ccccc21,0.4394243631973098,5.674425742732433,0.157659828219335,0.7516383535850453,1.0,0.535314830292141,1,1.0,-1.8837597,0,0.8148148148148148,False,Cn1c(Cc2nc(-c3cccc(Cl)c3)c(CC(=O)O)s2)nc2ccccc21,5.59,5.65,-0.06,False,2.46,397.9,4.57,1,5,68.0,5,True,True,0.383,True
268,CAND-01788,Cn1c(Cc2nc(-c3ccccc3)c(CC(=O)O)s2)nc2ccc(Cl)cc21,0.4394243631973097,5.674425742732433,0.157659828219335,0.7516383535850453,1.0,0.5353148302921408,1,1.0,-1.8837597,0,0.7777777777777778,False,Cn1c(Cc2nc(-c3ccccc3)c(CC(=O)O)s2)nc2ccc(Cl)cc21,5.56,5.62,-0.06,False,2.46,397.9,4.57,1,5,68.0,5,True,True,0.349,True
269,CAND-01787,Cn1c(Cc2nc(-c3ccccc3)c(CC(=O)O)s2)nc2cc(Cl)ccc21,0.4394243631973097,5.674425742732433,0.157659828219335,0.7516383535850453,1.0,0.5353148302921408,1,1.0,-1.8837597,0,0.7777777777777778,False,Cn1c(Cc2nc(-c3ccccc3)c(CC(=O)O)s2)nc2cc(Cl)ccc21,5.55,5.62,-0.07,False,2.45,397.9,4.57,1,5,68.0,5,True,True,0.352,True
270,CAND-00441,CNc1nc(NCc2csc(-c3cccs3)n2)nc(N2CCC[C@@H]2CNS(=O)(=O)c2ccc(C(F)(F)F)c(O)c2)n1,0.439392988494729,6.333293679527951,0.3587145703178934,0.4298380617750491,1.0,0.2001190111192742,1,1.0,-3.411652200000001,0,0.8076923076923077,False,CNc1nc(NCc2csc(-c3cccs3)n2)nc(N2CCC[C@@H]2CNS(=O)(=O)c2ccc(C(F)(F)F)c(O)c2)n1,6.2,6.33,-0.13,False,3.6,626.7,4.38,4,12,145.3,10,False,False,0.658,False
271,CAND-01785,Cn1c(Cc2nc(-c3ccc(Cl)cc3)c(CC(=O)O)s2)nc2ccccc21,0.4386316178630254,5.669229998753928,0.1560743375507662,0.7516383535850453,1.0,0.535314830292141,1,1.0,-1.8837597,0,0.8627450980392157,False,Cn1c(Cc2nc(-c3ccc(Cl)cc3)c(CC(=O)O)s2)nc2ccccc21,5.59,5.59,0.0,False,2.41,397.9,4.57,1,5,68.0,5,True,True,0.37,True
272,CAND-00541,O=C(NO)C1(S(=O)(=O)c2ccc(Oc3ccc(Cl)cc3)c(F)c2)CCN(Cc2ccccc2)CC1,0.4379066276401829,6.682679581059896,0.4653303098347164,0.5986164562514051,0.5,0.3508049090760821,1,1.0,-2.6103003999999994,2,0.7833333333333333,False,O=C(NO)C1(S(=O)(=O)c2ccc(Oc3ccc(Cl)cc3)c(F)c2)CCN(Cc2ccccc2)CC1,6.74,5.97,0.77,False,2.49,519.0,4.59,2,6,95.9,7,True,True,0.896,False
273,CAND-00542,O=C(NO)C1(S(=O)(=O)c2ccc(Oc3ccc(Cl)cc3F)cc2)CCN(Cc2ccccc2)CC1,0.4379066276401829,6.682679581059896,0.4653303098347164,0.5986164562514051,0.5,0.3508049090760821,1,1.0,-2.6103003999999994,2,0.7833333333333333,False,O=C(NO)C1(S(=O)(=O)c2ccc(Oc3ccc(Cl)cc3F)cc2)CCN(Cc2ccccc2)CC1,6.76,5.97,0.79,False,2.47,519.0,4.59,2,6,95.9,7,True,True,0.891,False
274,CAND-01525,COc1ccc(C2=NNC3(S2)C(=O)N(c2ccccc2C)c2ccc(C)cc23)cc1OC,0.4372776153965619,5.817513842743105,0.2013234206304903,0.732556170264972,0.75,0.6220530169377224,1,1.0,-1.9743609999999991,1,0.7966101694915254,False,COc1ccc(C2=NNC3(S2)C(=O)N(c2ccccc2C)c2ccc(C)cc23)cc1OC,5.87,5.16,0.71,False,3.63,445.5,4.85,1,6,63.2,4,True,True,0.35,True
275,CAND-01825,O=C(O)Cc1sc(Cc2nc3ccccc3n2CF)nc1-c1ccccc1,0.4342166061680146,5.63003612968041,0.1441142575433117,0.7333908037201299,1.0,0.5405315913211957,1,1.0,-1.970398199999999,0,0.7358490566037735,False,O=C(O)Cc1sc(Cc2nc3ccccc3n2CF)nc1-c1ccccc1,5.56,5.5,0.06,False,2.6,381.4,4.3,1,5,68.0,6,True,True,0.378,True
276,CAND-01817,Cn1c(Cc2nc(-c3ccccc3)c(CC(=O)O)s2)nc2cccc(C(F)(F)F)c21,0.4336016162429722,5.732406825624288,0.1753528604893739,0.7631731783331868,1.0,0.4864172866609508,1,1.0,-1.828992899999999,0,0.6896551724137931,False,Cn1c(Cc2nc(-c3ccccc3)c(CC(=O)O)s2)nc2cccc(C(F)(F)F)c21,5.57,5.61,-0.04,False,2.7,431.4,4.93,1,5,68.0,5,True,True,0.397,True
277,CAND-01814,Cn1c(Cc2nc(-c3ccccc3)c(CC(=O)O)s2)nc2c(C(F)(F)F)cccc21,0.4336016162429722,5.732406825624288,0.1753528604893739,0.7631731783331868,1.0,0.4864172866609508,1,1.0,-1.828992899999999,0,0.7017543859649122,False,Cn1c(Cc2nc(-c3ccccc3)c(CC(=O)O)s2)nc2c(C(F)(F)F)cccc21,5.57,5.59,-0.02,False,2.67,431.4,4.93,1,5,68.0,5,True,True,0.401,True
278,CAND-00439,CNc1nc(NCc2csc(-c3ccc(O)s3)n2)nc(N2CCC[C@@H]2CNS(=O)(=O)c2ccc(C(F)(F)F)cc2)n1,0.4334149719131245,6.294113072195443,0.3467585371546845,0.4298380617750492,1.0,0.2001190111192742,1,1.0,-3.4116522000000007,0,0.8026315789473685,False,CNc1nc(NCc2csc(-c3ccc(O)s3)n2)nc(N2CCC[C@@H]2CNS(=O)(=O)c2ccc(C(F)(F)F)cc2)n1,6.14,6.43,-0.29,False,3.66,626.7,4.38,4,12,145.3,10,False,False,0.634,False
279,CAND-01670,CCCc1ccc(S(=O)(=O)NC[C@H]2CCCN2c2nc(NCc3csc(-c4ccc(F)cc4)n3)nc(NCC3CCOCC3)n2)cc1,0.4318187087486334,6.368138257253444,0.369347456207295,0.525115889428128,1.0,0.1571499354832863,1,1.0,-2.959277599999996,0,0.8734177215189873,False,CCCc1ccc(S(=O)(=O)NC[C@H]2CCCN2c2nc(NCc3csc(-c4ccc(F)cc4)n3)nc(NCC3CCOCC3)n2)cc1,6.02,5.87,0.15,False,3.5,680.9,5.48,3,11,134.3,14,False,False,0.775,False
280,CAND-01789,Cn1c(Cc2nc(-c3ccccc3)c(CC(=O)O)s2)nc2cccc(Cl)c21,0.4314021659657709,5.62184734061825,0.1416154337562573,0.7516383535850453,1.0,0.5353148302921408,1,1.0,-1.8837597,0,0.7272727272727273,False,Cn1c(Cc2nc(-c3ccccc3)c(CC(=O)O)s2)nc2cccc(Cl)c21,5.57,5.6,-0.03,False,2.53,397.9,4.57,1,5,68.0,5,True,True,0.337,True
281,CAND-01786,Cn1c(Cc2nc(-c3ccccc3)c(CC(=O)O)s2)nc2c(Cl)cccc21,0.4314021659657709,5.62184734061825,0.1416154337562573,0.7516383535850453,1.0,0.5353148302921408,1,1.0,-1.8837597,0,0.7272727272727273,False,Cn1c(Cc2nc(-c3ccccc3)c(CC(=O)O)s2)nc2c(Cl)cccc21,5.55,5.59,-0.04,False,2.54,397.9,4.57,1,5,68.0,5,True,True,0.334,True
282,CAND-01777,Cn1c(Cc2nc(-c3cccc(F)c3)c(CC(=O)O)s2)nc2ccccc21,0.4313160542860976,5.56056117184436,0.1229138485539601,0.6958716836362622,1.0,0.5661971000303917,1,1.0,-2.148537199999999,0,0.8148148148148148,False,Cn1c(Cc2nc(-c3cccc(F)c3)c(CC(=O)O)s2)nc2ccccc21,5.38,5.43,-0.05,False,2.47,381.4,4.05,1,5,68.0,5,True,True,0.56,True
283,CAND-01780,Cn1c(Cc2nc(-c3ccccc3)c(CC(=O)O)s2)nc2cc(F)ccc21,0.4313160542860975,5.56056117184436,0.1229138485539601,0.6958716836362621,1.0,0.5661971000303916,1,1.0,-2.1485372,0,0.7777777777777778,False,Cn1c(Cc2nc(-c3ccccc3)c(CC(=O)O)s2)nc2cc(F)ccc21,5.42,5.42,0.0,False,2.46,381.4,4.05,1,5,68.0,5,True,True,0.718,True
284,CAND-01781,Cn1c(Cc2nc(-c3ccccc3)c(CC(=O)O)s2)nc2ccc(F)cc21,0.4313160542860975,5.56056117184436,0.1229138485539601,0.6958716836362621,1.0,0.5661971000303916,1,1.0,-2.1485372,0,0.7777777777777778,False,Cn1c(Cc2nc(-c3ccccc3)c(CC(=O)O)s2)nc2ccc(F)cc21,5.42,5.42,0.0,False,2.47,381.4,4.05,1,5,68.0,5,True,True,0.716,True
285,CAND-01668,CCCc1ccc(S(=O)(=O)NC[C@H]2CCCN2c2nc(NCc3csc(-c4ccccc4F)n3)nc(NCC3CCOCC3)n2)cc1,0.4310739375718979,6.363256941414,0.367857913853824,0.525115889428128,1.0,0.1571499354832863,1,1.0,-2.959277599999996,0,0.8625,False,CCCc1ccc(S(=O)(=O)NC[C@H]2CCCN2c2nc(NCc3csc(-c4ccccc4F)n3)nc(NCC3CCOCC3)n2)cc1,6.05,5.93,0.12,False,3.53,680.9,5.48,3,11,134.3,14,False,False,0.75,False
286,CAND-01526,COc1ccc(C2=NNC3(S2)C(=O)N(c2ccccc2C)c2ccc(C)cc23)cc1O,0.4308150523767858,5.746506228572116,0.1796553187896007,0.7052675021496108,0.75,0.6366246432732847,1,1.0,-2.103926299999999,1,0.7704918032786885,False,COc1ccc(C2=NNC3(S2)C(=O)N(c2ccccc2C)c2ccc(C)cc23)cc1O,5.85,5.95,-0.1,False,3.72,431.5,4.55,2,6,74.2,3,True,True,0.329,True
287,CAND-01778,Cn1c(Cc2nc(-c3ccc(F)cc3)c(CC(=O)O)s2)nc2ccccc21,0.4305233089518132,5.555365427865855,0.1213283578853913,0.6958716836362622,1.0,0.5661971000303917,1,1.0,-2.148537199999999,0,0.8627450980392157,False,Cn1c(Cc2nc(-c3ccc(F)cc3)c(CC(=O)O)s2)nc2ccccc21,5.34,5.4,-0.06,False,2.41,381.4,4.05,1,5,68.0,5,True,True,0.828,True
288,CAND-01801,COc1ccc2c(c1)nc(Cc1nc(-c3ccccc3)c(CC(=O)O)s1)n2C,0.4288663828588056,5.601596975189991,0.1354359981346332,0.6608935325279685,1.0,0.5371612793049632,1,1.0,-2.3146118,0,0.75,False,COc1ccc2c(c1)nc(Cc1nc(-c3ccccc3)c(CC(=O)O)s1)n2C,5.58,5.28,0.3,False,2.44,393.5,3.92,1,6,77.2,6,True,True,0.404,True
289,CAND-01802,COc1ccc2nc(Cc3nc(-c4ccccc4)c(CC(=O)O)s3)n(C)c2c1,0.4288663828588055,5.601596975189991,0.1354359981346332,0.6608935325279683,1.0,0.537161279304963,1,1.0,-2.3146118,0,0.75,False,COc1ccc2nc(Cc3nc(-c4ccccc4)c(CC(=O)O)s3)n(C)c2c1,5.59,5.28,0.31,False,2.45,393.5,3.92,1,6,77.2,6,True,True,0.405,True
290,CAND-01247,CCCc1ccc(S(=O)(=O)NC[C@H]2CCCN2c2nc(NCCC3CC3)nc(NCc3csc(-c4cccc(F)c4)n3)n2)cc1,0.4280383850050133,6.366931909925401,0.3689793371391544,0.6195447195396332,1.0,0.1451623881181202,1,1.0,-2.510933999999999,0,0.8625,False,CCCc1ccc(S(=O)(=O)NC[C@H]2CCCN2c2nc(NCCC3CC3)nc(NCc3csc(-c4cccc(F)c4)n3)n2)cc1,6.1,5.94,0.16,False,3.43,650.9,5.86,3,10,125.0,15,False,False,0.824,False
291,CAND-01244,CCCc1ccc(S(=O)(=O)NC[C@H]2CCCN2c2nc(NCCC3CC3)nc(NCc3csc(-c4ccccc4)n3)n2)c(F)c1,0.4280383850050133,6.366931909925401,0.3689793371391544,0.6195447195396334,1.0,0.1451623881181202,1,1.0,-2.510933999999998,0,0.8048780487804879,False,CCCc1ccc(S(=O)(=O)NC[C@H]2CCCN2c2nc(NCCC3CC3)nc(NCc3csc(-c4ccccc4)n3)n2)c(F)c1,6.08,5.67,0.41,False,3.47,650.9,5.86,3,10,125.0,15,False,False,0.802,False
292,CAND-00063,O=CN(O)C1(CS(=O)(=O)N2CCC(CCc3ccc(F)cc3CF)CC2)CCN(C(=O)C2CCC2)CC1,0.427507819916341,7.08421590765303,0.5878598458431448,0.3740782579438187,0.25,0.2785929899825623,1,1.0,-3.676397100000001,3,0.8309859154929577,True,O=CN(O)C1(CS(=O)(=O)N2CCC(CCc3ccc(F)cc3CF)CC2)CCN(C(=O)C2CCC2)CC1,7.11,8.49,-1.38,False,3.22,541.7,3.28,1,5,98.2,10,True,True,0.799,False
293,CAND-00006,COc1ccccc1OCC(=O)NC(c1ccccc1F)c1cc(Cl)c2cccnc2c1O,0.4255632837232062,6.178874765426635,0.3115933595016888,0.7314665216216886,0.75,0.3992220132412059,1,1.0,-1.9795345999999985,1,0.7777777777777778,False,COc1ccccc1OCC(=O)NC(c1ccccc1F)c1cc(Cl)c2cccnc2c1O,6.14,7.46,-1.32,False,2.79,466.9,5.03,2,5,80.7,7,True,True,0.691,True
294,CAND-00007,O=C(COc1ccccc1O)NC(c1ccccc1F)c1cc(Cl)c2cccnc2c1O,0.4254442738169591,6.189582796400211,0.3148609345126182,0.7041778535063271,0.75,0.3933793552021664,1,1.0,-2.1090998999999995,1,0.8032786885245902,False,O=C(COc1ccccc1O)NC(c1ccccc1F)c1cc(Cl)c2cccnc2c1O,6.16,7.52,-1.36,False,2.86,452.9,4.72,3,5,91.7,6,True,True,0.727,True
295,CAND-01664,CN(C)c1cccc(OCC(=O)NC(c2cccc(F)c2)c2cc(Cl)c3cccnc3c2O)c1O,0.4253564080877406,6.29180565424228,0.3460544243946327,0.6587138561306165,0.75,0.3410973196347475,1,1.0,-2.324960799999998,1,0.7534246575342466,False,CN(C)c1cccc(OCC(=O)NC(c2cccc(F)c2)c2cc(Cl)c3cccnc3c2O)c1O,6.16,6.81,-0.65,False,3.12,495.9,4.79,3,6,94.9,7,True,True,0.72,True
296,CAND-00045,Cc1c(CCC2CCN(S(=O)(=O)CC3(N(O)C=O)CCN(C(=O)C4CCC4)CC3)CC2)ccc(F)c1Cl,0.4246669229871088,7.056846160567454,0.5795079180374649,0.4265580795090092,0.25,0.2830432132279213,1,1.0,-3.4272254000000006,3,0.7837837837837838,True,Cc1c(CCC2CCN(S(=O)(=O)CC3(N(O)C=O)CCN(C(=O)C4CCC4)CC3)CC2)ccc(F)c1Cl,7.04,8.54,-1.5,False,3.24,558.1,3.77,1,5,98.2,9,True,True,0.753,False
297,CAND-00060,Cc1c(CCC2CCN(S(=O)(=O)CC3(N(O)C=O)CCN(C(=O)C4CCC4)CC3)CC2)ccc(F)c1C#N,0.4246054250357036,7.047348787837371,0.5766097775783197,0.3217828737755903,0.25,0.287668454155146,1,1.0,-3.924693100000002,3,0.7307692307692307,True,Cc1c(CCC2CCN(S(=O)(=O)CC3(N(O)C=O)CCN(C(=O)C4CCC4)CC3)CC2)ccc(F)c1C#N,6.97,8.45,-1.48,False,3.31,548.7,2.99,1,6,122.0,9,True,True,0.765,False
298,CAND-01662,COc1c(OCC(=O)NC(c2cccc(F)c2)c2cc(Cl)c3cccnc3c2O)cccc1N(C)C,0.4245862443485756,6.281097623268704,0.3427868493837033,0.6860025242459777,0.75,0.3439760655224133,1,1.0,-2.1953954999999983,1,0.7142857142857143,False,COc1c(OCC(=O)NC(c2cccc(F)c2)c2cc(Cl)c3cccnc3c2O)cccc1N(C)C,6.14,6.67,-0.53,False,3.1,510.0,5.09,2,6,83.9,8,False,True,0.714,False
299,CAND-01782,Cn1c(Cc2nc(-c3ccccc3)c(CC(=O)O)s2)nc2cccc(F)c21,0.4244924386041219,5.515838410879439,0.1092666171900087,0.6958716836362623,1.0,0.5661971000303916,1,1.0,-2.1485371999999985,0,0.7272727272727273,False,Cn1c(Cc2nc(-c3ccccc3)c(CC(=O)O)s2)nc2cccc(F)c21,5.46,5.42,0.04,False,2.57,381.4,4.05,1,5,68.0,5,True,True,0.451,True
300,CAND-01779,Cn1c(Cc2nc(-c3ccccc3)c(CC(=O)O)s2)nc2c(F)cccc21,0.4244924386041219,5.515838410879439,0.1092666171900087,0.6958716836362621,1.0,0.5661971000303916,1,1.0,-2.1485372,0,0.7272727272727273,False,Cn1c(Cc2nc(-c3ccccc3)c(CC(=O)O)s2)nc2c(F)cccc21,5.46,5.41,0.05,False,2.53,381.4,4.05,1,5,68.0,5,True,True,0.453,True
301,CAND-01667,CCCc1ccc(S(=O)(=O)NC[C@H]2CCCN2c2nc(NCc3nc(-c4ccccc4)sc3F)nc(NCC3CCOCC3)n2)cc1,0.4242406956300315,6.318471088836048,0.3541914299700912,0.525115889428128,1.0,0.1571499354832863,1,1.0,-2.959277599999996,0,0.7738095238095238,False,CCCc1ccc(S(=O)(=O)NC[C@H]2CCCN2c2nc(NCc3nc(-c4ccccc4)sc3F)nc(NCC3CCOCC3)n2)cc1,6.01,5.61,0.4,False,3.66,680.9,5.48,3,11,134.3,14,False,False,0.756,False
302,CAND-00054,Cc1c(CCC2CCN(S(=O)(=O)CC3(N(O)C=O)CCN(C(=O)C4CCC4)CC3)CC2)ccc(F)c1O,0.4232330060847067,7.047348787837371,0.5766097775783197,0.3085245903365708,0.25,0.2830937243184899,1,1.0,-3.987642800000003,3,0.7702702702702703,True,Cc1c(CCC2CCN(S(=O)(=O)CC3(N(O)C=O)CCN(C(=O)C4CCC4)CC3)CC2)ccc(F)c1O,7.04,8.38,-1.34,False,3.25,539.7,2.82,2,6,118.5,9,True,True,0.76,False
303,CAND-00436,CNc1nc(NCc2nc(-c3cccs3)sc2O)nc(N2CCC[C@@H]2CNS(=O)(=O)c2ccc(C(F)(F)F)cc2)n1,0.4228949062054302,6.225163353174301,0.3257184057392957,0.4298380617750491,1.0,0.2001190111192742,1,1.0,-3.411652200000001,0,0.782051282051282,False,CNc1nc(NCc2nc(-c3cccs3)sc2O)nc(N2CCC[C@@H]2CNS(=O)(=O)c2ccc(C(F)(F)F)cc2)n1,6.21,6.39,-0.18,False,3.65,626.7,4.38,4,12,145.3,10,False,False,0.63,False
304,CAND-00555,Cc1cc(S(=O)(=O)C2(C(=O)NO)CCN(Cc3ccccc3)CC2)ccc1Oc1ccc(Cl)cc1,0.4207258767196526,6.574424440655228,0.4322960580227958,0.6290277756569806,0.5,0.3485928256941823,1,1.0,-2.4659088999999987,2,0.7833333333333333,False,Cc1cc(S(=O)(=O)C2(C(=O)NO)CCN(Cc3ccccc3)CC2)ccc1Oc1ccc(Cl)cc1,6.5,6.0,0.5,False,2.47,515.0,4.75,2,6,95.9,7,True,True,0.743,False
305,CAND-01695,CCCc1ccc(S(=O)(=O)NC[C@H]2CCCN2c2nc(NCc3csc(-c4ccccc4)n3)nc(NCC3CCOCC3)n2)cc1C(F)(F)F,0.4193727455689597,6.330976914668924,0.3580076053326189,0.5924173841250525,1.0,0.1345631430088341,1,1.0,-2.639733299999996,0,0.7931034482758621,False,CCCc1ccc(S(=O)(=O)NC[C@H]2CCCN2c2nc(NCc3csc(-c4ccccc4)n3)nc(NCC3CCOCC3)n2)cc1C(F)(F)F,6.03,5.66,0.37,False,3.69,730.9,6.36,3,11,134.3,14,False,False,0.726,False
306,CAND-00446,CNc1nc(NCc2csc(-c3cccs3)n2)nc(N2CCC[C@@H]2CNS(=O)(=O)c2ccc(C(F)(F)F)cc2C(F)(F)F)n1,0.4192956806973039,6.238286254795314,0.3297228828942016,0.5594063756956286,1.0,0.1814474641673437,1,1.0,-2.796468000000001,0,0.8181818181818182,False,CNc1nc(NCc2csc(-c3cccs3)n2)nc(N2CCC[C@@H]2CNS(=O)(=O)c2ccc(C(F)(F)F)cc2C(F)(F)F)n1,6.3,5.7,0.6,False,3.66,678.7,5.7,3,11,125.0,10,False,True,0.614,False
307,CAND-00444,CNc1nc(NCc2csc(-c3cc(C(F)(F)F)cs3)n2)nc(N2CCC[C@@H]2CNS(=O)(=O)c2ccc(C(F)(F)F)cc2)n1,0.4192956806973039,6.238286254795314,0.3297228828942016,0.5594063756956287,1.0,0.1814474641673437,1,1.0,-2.796468,0,0.8356164383561644,False,CNc1nc(NCc2csc(-c3cc(C(F)(F)F)cs3)n2)nc(N2CCC[C@@H]2CNS(=O)(=O)c2ccc(C(F)(F)F)cc2)n1,6.25,6.2,0.05,False,3.71,678.7,5.7,3,11,125.0,10,False,True,0.672,False
308,CAND-01248,CCCc1ccc(S(=O)(=O)NC[C@H]2CCCN2c2nc(NCCC3CC3)nc(NCc3csc(-c4ccc(F)cc4)n3)n2)cc1,0.418272716733945,6.302926598356733,0.3494480005970179,0.6195447195396334,1.0,0.1451623881181202,1,1.0,-2.510933999999998,0,0.8701298701298701,False,CCCc1ccc(S(=O)(=O)NC[C@H]2CCCN2c2nc(NCCC3CC3)nc(NCc3csc(-c4ccc(F)cc4)n3)n2)cc1,6.04,5.86,0.18,False,3.4,650.9,5.86,3,10,125.0,15,False,False,0.814,False
309,CAND-00048,Cc1c(F)ccc(CCC2CCN(S(=O)(=O)CC3(N(O)C=O)CCN(C(=O)C4CCC4)CC3)CC2)c1C,0.4180625825337277,6.988578623993505,0.5586759558291736,0.4012027289658011,0.25,0.2957486820638029,1,1.0,-3.5476114000000023,3,0.7916666666666666,False,Cc1c(F)ccc(CCC2CCN(S(=O)(=O)CC3(N(O)C=O)CCN(C(=O)C4CCC4)CC3)CC2)c1C,7.03,8.51,-1.48,False,3.18,537.7,3.43,1,5,98.2,9,True,True,0.764,False
310,CAND-01246,CCCc1ccc(S(=O)(=O)NC[C@H]2CCCN2c2nc(NCCC3CC3)nc(NCc3csc(-c4ccccc4F)n3)n2)cc1,0.4175279455572095,6.29804528251729,0.3479584582435469,0.6195447195396332,1.0,0.1451623881181202,1,1.0,-2.510933999999999,0,0.8589743589743589,False,CCCc1ccc(S(=O)(=O)NC[C@H]2CCCN2c2nc(NCCC3CC3)nc(NCc3csc(-c4ccccc4F)n3)n2)cc1,6.06,5.95,0.11,False,3.43,650.9,5.86,3,10,125.0,15,False,False,0.787,False
311,CAND-00544,O=C(NO)C1(S(=O)(=O)c2ccc(Oc3ccc(Cl)cc3)cc2)CCN(Cc2ccccc2F)CC1,0.4164189523975603,6.541846889367414,0.4223549593494713,0.5986164562514052,0.5,0.3508049090760821,1,1.0,-2.610300399999999,2,0.7758620689655172,False,O=C(NO)C1(S(=O)(=O)c2ccc(Oc3ccc(Cl)cc3)cc2)CCN(Cc2ccccc2F)CC1,6.72,7.22,-0.5,False,2.47,519.0,4.59,2,6,95.9,7,True,True,0.946,False
312,CAND-00546,O=C(NO)C1(S(=O)(=O)c2ccc(Oc3ccc(Cl)cc3)cc2)CCN(Cc2ccc(F)cc2)CC1,0.4164189523975603,6.541846889367414,0.4223549593494713,0.5986164562514051,0.5,0.3508049090760821,1,1.0,-2.6103003999999994,2,0.8333333333333334,False,O=C(NO)C1(S(=O)(=O)c2ccc(Oc3ccc(Cl)cc3)cc2)CCN(Cc2ccc(F)cc2)CC1,6.64,7.22,-0.58,False,2.43,519.0,4.59,2,6,95.9,7,True,True,1.178,False
313,CAND-00447,CNc1nc(NCc2csc(-c3cccs3)n2)nc(N2CCC[C@@H]2CNS(=O)(=O)c2ccc(C(F)(F)F)c(C(F)(F)F)c2)n1,0.4160367660723074,6.21692695401233,0.3232050536442086,0.5594063756956286,1.0,0.1814474641673437,1,1.0,-2.796468000000001,0,0.84,False,CNc1nc(NCc2csc(-c3cccs3)n2)nc(N2CCC[C@@H]2CNS(=O)(=O)c2ccc(C(F)(F)F)c(C(F)(F)F)c2)n1,6.25,5.64,0.61,False,3.68,678.7,5.7,3,11,125.0,10,False,True,0.628,False
314,CAND-00443,CNc1nc(NCc2csc(-c3sccc3C(F)(F)F)n2)nc(N2CCC[C@@H]2CNS(=O)(=O)c2ccc(C(F)(F)F)cc2)n1,0.4155538365629869,6.213761778537208,0.3222391946255674,0.5594063756956287,1.0,0.1814474641673437,1,1.0,-2.796468,0,0.8133333333333334,False,CNc1nc(NCc2csc(-c3sccc3C(F)(F)F)n2)nc(N2CCC[C@@H]2CNS(=O)(=O)c2ccc(C(F)(F)F)cc2)n1,6.23,5.8,0.43,False,3.72,678.7,5.7,3,11,125.0,10,False,True,0.632,False
315,CAND-01261,CCCc1ccc(S(=O)(=O)NC[C@H]2CCCN2c2nc(NCCC3CC3)nc(NCc3csc(-c4ccccc4)n3)n2)cc1OC,0.4133059810078391,6.287129578189732,0.3446275113331916,0.5845665684313397,1.0,0.1366407511374778,1,1.0,-2.677008599999999,0,0.7976190476190477,False,CCCc1ccc(S(=O)(=O)NC[C@H]2CCCN2c2nc(NCCC3CC3)nc(NCc3csc(-c4ccccc4)n3)n2)cc1OC,6.05,5.68,0.37,False,3.47,662.9,5.73,3,11,134.3,16,False,False,0.78,False
316,CAND-00460,C=CCCNc1nc(NCc2csc(-c3ccccc3)n2)nc(N2CCC[C@@H]2CNS(=O)(=O)c2cccc(F)c2)n1,0.4131461066309541,6.916308811416316,0.5366226918626689,0.515698651155419,0.5,0.1494492023320656,1,1.0,-3.0039902,2,0.8648648648648649,False,C=CCCNc1nc(NCc2csc(-c3ccccc3)n2)nc(N2CCC[C@@H]2CNS(=O)(=O)c2cccc(F)c2)n1,6.78,5.7,1.08,False,3.39,594.7,4.68,3,10,125.0,13,True,False,0.566,False
317,CAND-00445,CNc1nc(NCc2csc(-c3ccc(C(F)(F)F)s3)n2)nc(N2CCC[C@@H]2CNS(=O)(=O)c2ccc(C(F)(F)F)cc2)n1,0.4124720650153282,6.193563493830393,0.3160756515302501,0.5594063756956287,1.0,0.1814474641673437,1,1.0,-2.796468,0,0.8378378378378378,False,CNc1nc(NCc2csc(-c3ccc(C(F)(F)F)s3)n2)nc(N2CCC[C@@H]2CNS(=O)(=O)c2ccc(C(F)(F)F)cc2)n1,6.27,5.84,0.43,False,3.69,678.7,5.7,3,11,125.0,10,False,True,0.579,False
318,CAND-00559,Cc1cccc(CN2CCC(C(=O)NO)(S(=O)(=O)c3ccc(Oc4ccc(Cl)cc4)cc3)CC2)c1,0.4123293839241451,6.519392862421848,0.4155030724317809,0.6290277756569804,0.5,0.348592825694182,1,1.0,-2.4659089,2,0.8103448275862069,False,Cc1cccc(CN2CCC(C(=O)NO)(S(=O)(=O)c3ccc(Oc4ccc(Cl)cc4)cc3)CC2)c1,6.5,7.28,-0.78,False,2.45,515.0,4.75,2,6,95.9,7,True,True,0.81,False
319,CAND-00556,Cc1cc(Cl)ccc1Oc1ccc(S(=O)(=O)C2(C(=O)NO)CCN(Cc3ccccc3)CC2)cc1,0.4123293839241451,6.519392862421848,0.4155030724317809,0.6290277756569804,0.5,0.348592825694182,1,1.0,-2.4659089,2,0.7833333333333333,False,Cc1cc(Cl)ccc1Oc1ccc(S(=O)(=O)C2(C(=O)NO)CCN(Cc3ccccc3)CC2)cc1,6.8,6.04,0.76,False,2.46,515.0,4.75,2,6,95.9,7,True,True,0.749,False
320,CAND-00587,N#Cc1cccc(CN2CCC(C(=O)NO)(S(=O)(=O)c3ccc(Oc4ccc(Cl)cc4)cc3)CC2)c1,0.4121451458890299,6.519392862421848,0.4155030724317809,0.5496079204667694,0.5,0.3479786989104647,1,1.0,-2.8429906000000003,2,0.7704918032786885,False,N#Cc1cccc(CN2CCC(C(=O)NO)(S(=O)(=O)c3ccc(Oc4ccc(Cl)cc4)cc3)CC2)c1,6.46,7.26,-0.8,False,2.57,526.0,4.32,2,7,119.7,7,True,True,0.737,False
321,CAND-00042,Cc1c(CCC2CCN(S(=O)(=O)CC3(N(O)C=O)CCN(C(=O)C4CCC4)CC3)CC2)ccc(F)c1F,0.4120306845480079,6.95229868328324,0.5476050663299367,0.3707914095602257,0.25,0.2940938379434652,1,1.0,-3.6920029000000025,3,0.7808219178082192,False,Cc1c(CCC2CCN(S(=O)(=O)CC3(N(O)C=O)CCN(C(=O)C4CCC4)CC3)CC2)ccc(F)c1F,7.02,8.48,-1.46,False,3.2,541.7,3.26,1,5,98.2,9,True,True,0.796,False
322,CAND-01245,CCCc1ccc(S(=O)(=O)NC[C@H]2CCCN2c2nc(NCCC3CC3)nc(NCc3nc(-c4ccccc4)sc3F)n2)cc1,0.4106947036153431,6.253259429939337,0.3342919743598141,0.6195447195396332,1.0,0.1451623881181202,1,1.0,-2.510933999999999,0,0.7682926829268293,False,CCCc1ccc(S(=O)(=O)NC[C@H]2CCCN2c2nc(NCCC3CC3)nc(NCc3nc(-c4ccccc4)sc3F)n2)cc1,6.03,5.68,0.35,False,3.57,650.9,5.86,3,10,125.0,15,False,False,0.797,False
323,CAND-00561,COc1cc(Oc2ccc(Cl)cc2)ccc1S(=O)(=O)C1(C(=O)NO)CCN(Cc2ccccc2)CC1,0.4091502464202788,6.540757184839365,0.4220224340426306,0.5636383051431118,0.5,0.3271300979965451,1,1.0,-2.776375,2,0.7258064516129032,False,COc1cc(Oc2ccc(Cl)cc2)ccc1S(=O)(=O)C1(C(=O)NO)CCN(Cc2ccccc2)CC1,6.54,5.99,0.55,False,2.52,531.0,4.45,2,7,105.2,8,True,True,0.756,False
324,CAND-01279,CCCc1ccc(S(=O)(=O)NC[C@H]2CCCN2c2nc(NCCC3CC3)nc(NCc3csc(-c4ccccc4)n3)n2)cc1C#N,0.4083333284611857,6.232766508952138,0.3280385224708565,0.5705361837549979,1.0,0.1477135574191914,1,1.0,-2.743624199999997,0,0.7976190476190477,False,CCCc1ccc(S(=O)(=O)NC[C@H]2CCCN2c2nc(NCCC3CC3)nc(NCc3csc(-c4ccccc4)n3)n2)cc1C#N,6.09,5.71,0.38,False,3.57,657.9,5.59,3,11,148.8,15,False,False,0.809,False
325,CAND-00564,COc1cc(Oc2ccc(S(=O)(=O)C3(C(=O)NO)CCN(Cc4ccccc4)CC3)cc2)ccc1Cl,0.4079516648707157,6.532901543690104,0.4196252709435044,0.5636383051431118,0.5,0.3271300979965451,1,1.0,-2.776375,2,0.7540983606557377,False,COc1cc(Oc2ccc(S(=O)(=O)C3(C(=O)NO)CCN(Cc4ccccc4)CC3)cc2)ccc1Cl,6.49,5.97,0.52,False,2.48,531.0,4.45,2,7,105.2,8,True,True,0.824,False
326,CAND-01663,CN(C)c1ccc(O)c(OCC(=O)NC(c2cccc(F)c2)c2cc(Cl)c3cccnc3c2O)c1,0.4077865387543091,6.1766507124920365,0.3109146857277696,0.6587138561306164,0.75,0.3410973196347475,1,1.0,-2.3249607999999986,1,0.8055555555555556,False,CN(C)c1ccc(O)c(OCC(=O)NC(c2cccc(F)c2)c2cc(Cl)c3cccnc3c2O)c1,5.92,6.79,-0.87,False,3.04,495.9,4.79,3,6,94.9,7,True,True,0.469,True
327,CAND-01683,CCCc1ccc(S(=O)(=O)NC[C@H]2CCCN2c2nc(NCc3csc(-c4ccccc4)n3)nc(NCC3CCOCC3)n2)cc1OC,0.4074241050847868,6.225618490705471,0.3258572917797879,0.4901377383198344,1.0,0.1483181973163097,1,1.0,-3.125352199999996,0,0.8023255813953488,False,CCCc1ccc(S(=O)(=O)NC[C@H]2CCCN2c2nc(NCc3csc(-c4ccccc4)n3)nc(NCC3CCOCC3)n2)cc1OC,6.0,5.62,0.38,False,3.57,692.9,5.35,3,12,143.5,15,False,False,0.772,False
328,CAND-00550,O=C(NO)C1(S(=O)(=O)c2ccc(Oc3ccc(Cl)c(Cl)c3)cc2)CCN(Cc2ccccc2)CC1,0.4071612839919218,6.535770822854688,0.4205008366680258,0.6543831262001885,0.5,0.3230362188596964,1,1.0,-2.345522899999999,2,0.8214285714285714,False,O=C(NO)C1(S(=O)(=O)c2ccc(Oc3ccc(Cl)c(Cl)c3)cc2)CCN(Cc2ccccc2)CC1,6.42,6.12,0.3,False,2.46,535.4,5.1,2,6,95.9,7,False,True,0.719,False
329,CAND-01675,CCCc1ccc(S(=O)(=O)NC[C@H]2CCCN2c2nc(NCc3csc(-c4cccc(Cl)c4)n3)nc(NCC3CCOCC3)n2)cc1,0.407127298932334,6.23181614750422,0.3277485179568397,0.5808825593769114,1.0,0.1441767998463808,1,1.0,-2.694500099999994,0,0.8658536585365854,False,CCCc1ccc(S(=O)(=O)NC[C@H]2CCCN2c2nc(NCc3csc(-c4cccc(Cl)c4)n3)nc(NCC3CCOCC3)n2)cc1,5.91,5.87,0.04,False,3.52,697.3,6.0,3,11,134.3,14,False,False,0.564,False
330,CAND-00582,N#Cc1cc(Oc2ccc(Cl)cc2)ccc1S(=O)(=O)C1(C(=O)NO)CCN(Cc2ccccc2)CC1,0.4071103322632872,6.486394115601772,0.4054334451802956,0.5496079204667697,0.5,0.3479786989104647,1,1.0,-2.8429906,2,0.7142857142857143,False,N#Cc1cc(Oc2ccc(Cl)cc2)ccc1S(=O)(=O)C1(C(=O)NO)CCN(Cc2ccccc2)CC1,6.46,5.9,0.56,False,2.65,526.0,4.32,2,7,119.7,7,True,True,0.645,False
331,CAND-00583,N#Cc1cc(S(=O)(=O)C2(C(=O)NO)CCN(Cc3ccccc3)CC2)ccc1Oc1ccc(Cl)cc1,0.4071103322632872,6.486394115601772,0.4054334451802956,0.5496079204667697,0.5,0.3479786989104647,1,1.0,-2.8429906,2,0.746031746031746,False,N#Cc1cc(S(=O)(=O)C2(C(=O)NO)CCN(Cc3ccccc3)CC2)ccc1Oc1ccc(Cl)cc1,6.45,5.9,0.55,False,2.61,526.0,4.32,2,7,119.7,7,True,True,0.672,False
332,CAND-00584,N#Cc1cc(Cl)ccc1Oc1ccc(S(=O)(=O)C2(C(=O)NO)CCN(Cc3ccccc3)CC2)cc1,0.4071103322632871,6.486394115601772,0.4054334451802956,0.5496079204667694,0.5,0.3479786989104643,1,1.0,-2.8429906000000003,2,0.746031746031746,False,N#Cc1cc(Cl)ccc1Oc1ccc(S(=O)(=O)C2(C(=O)NO)CCN(Cc3ccccc3)CC2)cc1,6.47,5.9,0.57,False,2.59,526.0,4.32,2,7,119.7,7,True,True,0.676,False
333,CAND-01273,CCCc1ccc(S(=O)(=O)NC[C@H]2CCCN2c2nc(NCCC3CC3)nc(NCc3csc(-c4ccccc4)n3)n2)cc1C(F)(F)F,0.4061767932601097,6.265765255772214,0.3381081497223418,0.686846214236558,1.0,0.1237423946631293,1,1.0,-2.1913896999999976,0,0.7976190476190477,False,CCCc1ccc(S(=O)(=O)NC[C@H]2CCCN2c2nc(NCCC3CC3)nc(NCc3csc(-c4ccccc4)n3)n2)cc1C(F)(F)F,6.04,5.73,0.31,False,3.6,700.9,6.74,3,10,125.0,15,False,False,0.769,False
334,CAND-01672,CCCc1ccc(S(=O)(=O)NC[C@H]2CCCN2c2nc(NCc3csc(-c4ccccc4)n3)nc(NCC3CCOCC3)n2)c(Cl)c1,0.405928717382771,6.223960506354958,0.3253513548577135,0.5808825593769114,1.0,0.1441767998463807,1,1.0,-2.694500099999994,0,0.8192771084337349,False,CCCc1ccc(S(=O)(=O)NC[C@H]2CCCN2c2nc(NCc3csc(-c4ccccc4)n3)nc(NCC3CCOCC3)n2)c(Cl)c1,5.98,5.65,0.33,False,3.56,697.3,6.0,3,11,134.3,14,False,False,0.72,False
335,CAND-00585,N#Cc1cc(Oc2ccc(S(=O)(=O)C3(C(=O)NO)CCN(Cc4ccccc4)CC3)cc2)ccc1Cl,0.4059117507137241,6.47853847445251,0.4030362820811694,0.5496079204667697,0.5,0.3479786989104647,1,1.0,-2.8429906,2,0.7419354838709677,False,N#Cc1cc(Oc2ccc(S(=O)(=O)C3(C(=O)NO)CCN(Cc4ccccc4)CC3)cc2)ccc1Cl,6.39,5.89,0.5,False,2.62,526.0,4.32,2,7,119.7,7,True,True,0.727,False
336,CAND-00044,Cc1cc(F)cc(F)c1CCC1CCN(S(=O)(=O)CC2(N(O)C=O)CCN(C(=O)C3CCC3)CC2)CC1,0.404980224420519,6.906089157766249,0.5335041460749588,0.370791409560226,0.25,0.2940938379434655,1,1.0,-3.692002900000001,3,0.7916666666666666,False,Cc1cc(F)cc(F)c1CCC1CCN(S(=O)(=O)CC2(N(O)C=O)CCN(C(=O)C3CCC3)CC2)CC1,7.19,8.34,-1.15,False,3.2,541.7,3.26,1,5,98.2,9,True,True,0.762,False
337,CAND-00549,O=C(NO)C1(S(=O)(=O)c2ccc(Oc3ccc(Cl)cc3Cl)cc2)CCN(Cc2ccccc2)CC1,0.4046624018737994,6.519392862421848,0.4155030724317809,0.6543831262001885,0.5,0.3230362188596964,1,1.0,-2.345522899999999,2,0.8103448275862069,False,O=C(NO)C1(S(=O)(=O)c2ccc(Oc3ccc(Cl)cc3Cl)cc2)CCN(Cc2ccccc2)CC1,6.49,6.13,0.36,False,2.45,535.4,5.1,2,6,95.9,7,False,True,0.692,False
338,CAND-00552,O=C(NO)C1(S(=O)(=O)c2ccc(Oc3ccc(Cl)cc3)cc2)CCN(Cc2cccc(Cl)c2)CC1,0.4046624018737994,6.519392862421848,0.4155030724317809,0.6543831262001887,0.5,0.3230362188596964,1,1.0,-2.345522899999998,2,0.8545454545454545,False,O=C(NO)C1(S(=O)(=O)c2ccc(Oc3ccc(Cl)cc3)cc2)CCN(Cc2cccc(Cl)c2)CC1,6.48,7.22,-0.74,False,2.46,535.4,5.1,2,6,95.9,7,False,True,0.726,False
339,CAND-00548,O=C(NO)C1(S(=O)(=O)c2ccc(Oc3ccc(Cl)cc3)c(Cl)c2)CCN(Cc2ccccc2)CC1,0.4046624018737994,6.519392862421848,0.4155030724317809,0.6543831262001885,0.5,0.3230362188596964,1,1.0,-2.345522899999999,2,0.8103448275862069,False,O=C(NO)C1(S(=O)(=O)c2ccc(Oc3ccc(Cl)cc3)c(Cl)c2)CCN(Cc2ccccc2)CC1,6.47,6.13,0.34,False,2.48,535.4,5.1,2,6,95.9,7,False,True,0.667,False
340,CAND-00547,O=C(NO)C1(S(=O)(=O)c2ccc(Oc3ccc(Cl)cc3)cc2Cl)CCN(Cc2ccccc2)CC1,0.4046624018737994,6.519392862421848,0.4155030724317809,0.6543831262001885,0.5,0.3230362188596964,1,1.0,-2.345522899999999,2,0.7758620689655172,False,O=C(NO)C1(S(=O)(=O)c2ccc(Oc3ccc(Cl)cc3)cc2Cl)CCN(Cc2ccccc2)CC1,6.48,6.12,0.36,False,2.54,535.4,5.1,2,6,95.9,7,False,True,0.647,False
341,CAND-00457,C=CCCNc1nc(NCc2csc(-c3cccc(F)c3)n2)nc(N2CCC[C@@H]2CNS(=O)(=O)c2ccccc2)n1,0.404504794535988,6.859672659373451,0.5193400676727365,0.5156986511554192,0.5,0.1494492023320656,1,1.0,-3.003990199999999,2,0.8648648648648649,False,C=CCCNc1nc(NCc2csc(-c3cccc(F)c3)n2)nc(N2CCC[C@@H]2CNS(=O)(=O)c2ccccc2)n1,6.75,5.66,1.09,False,3.39,594.7,4.68,3,10,125.0,13,True,False,0.592,False
342,CAND-01626,COc1cc(C)ccc1OCC(=O)NC(c1ccccc1)c1cc(Cl)c2cccnc2c1O,0.40415909906836,6.047856649316083,0.2716129444993096,0.761877841027264,0.75,0.3945087560623506,1,1.0,-1.835143099999998,1,0.7692307692307693,False,COc1cc(C)ccc1OCC(=O)NC(c1ccccc1)c1cc(Cl)c2cccnc2c1O,5.99,5.91,0.08,False,2.73,462.9,5.2,2,5,80.7,7,True,True,0.188,True
343,CAND-00573,O=C(NO)C1(S(=O)(=O)c2ccc(Oc3ccc(Cl)cc3)cc2)CCN(Cc2cccc(O)c2)CC1,0.4034010689187136,6.519392862421848,0.4155030724317809,0.5363496370277504,0.5,0.3188317756760773,1,1.0,-2.9059403,2,0.8392857142857143,False,O=C(NO)C1(S(=O)(=O)c2ccc(Oc3ccc(Cl)cc3)cc2)CCN(Cc2cccc(O)c2)CC1,6.49,7.27,-0.78,False,2.51,517.0,4.15,3,7,116.2,7,True,True,0.788,False
344,CAND-00568,O=C(NO)C1(S(=O)(=O)c2ccc(Oc3ccc(Cl)cc3)cc2O)CCN(Cc2ccccc2)CC1,0.4034010689187136,6.519392862421848,0.4155030724317809,0.5363496370277504,0.5,0.3188317756760773,1,1.0,-2.9059403,2,0.7627118644067796,False,O=C(NO)C1(S(=O)(=O)c2ccc(Oc3ccc(Cl)cc3)cc2O)CCN(Cc2ccccc2)CC1,6.49,5.84,0.65,False,2.58,517.0,4.15,3,7,116.2,7,True,True,0.703,False
345,CAND-00047,Cc1cc(F)cc(Cl)c1CCC1CCN(S(=O)(=O)CC2(N(O)C=O)CCN(C(=O)C3CCC3)CC2)CC1,0.4031141072354286,6.915586530496332,0.5364022865341042,0.4265580795090095,0.25,0.2830432132279218,1,1.0,-3.4272254,3,0.76,False,Cc1cc(F)cc(Cl)c1CCC1CCN(S(=O)(=O)CC2(N(O)C=O)CCN(C(=O)C3CCC3)CC2)CC1,7.26,8.39,-1.13,False,3.2,558.1,3.77,1,5,98.2,9,True,True,0.747,False
346,CAND-01627,Cc1ccc(OCC(=O)NC(c2ccccc2)c2cc(Cl)c3cccnc3c2O)c(O)c1,0.4028906495350279,6.047927565474293,0.2716345846931987,0.7345891729119026,0.75,0.3902445239614286,1,1.0,-1.9647083999999984,1,0.7936507936507936,False,Cc1ccc(OCC(=O)NC(c2ccccc2)c2cc(Cl)c3cccnc3c2O)c(O)c1,5.94,5.79,0.15,False,2.81,448.9,4.89,3,5,91.7,6,True,True,0.211,True
347,CAND-01701,CCCc1ccc(S(=O)(=O)NC[C@H]2CCCN2c2nc(NCc3csc(-c4ccccc4)n3)nc(NCC3CCOCC3)n2)cc1C#N,0.4025447891023196,6.171255421467877,0.3092683029174528,0.4761073536434924,1.0,0.1597021254786438,1,1.0,-3.191967799999996,0,0.8023255813953488,False,CCCc1ccc(S(=O)(=O)NC[C@H]2CCCN2c2nc(NCc3csc(-c4ccccc4)n3)nc(NCC3CCOCC3)n2)cc1C#N,5.88,5.66,0.22,False,3.66,687.9,5.22,3,12,158.0,14,False,False,0.752,False
348,CAND-00571,O=C(NO)C1(S(=O)(=O)c2ccc(Oc3ccc(Cl)c(O)c3)cc2)CCN(Cc2ccccc2)CC1,0.4022024873691505,6.511537221272586,0.4131059093326546,0.5363496370277504,0.5,0.3188317756760773,1,1.0,-2.9059403,2,0.7931034482758621,False,O=C(NO)C1(S(=O)(=O)c2ccc(Oc3ccc(Cl)c(O)c3)cc2)CCN(Cc2ccccc2)CC1,6.44,5.82,0.62,False,2.54,517.0,4.15,3,7,116.2,7,True,True,0.778,False
349,CAND-00497,C=CCCNc1nc(NCc2csc(-c3cccc(C#N)c3)n2)nc(N2CCC[C@@H]2CNS(=O)(=O)c2ccccc2)n1,0.4020965095589232,6.84564304939719,0.5150589068239642,0.4666901153707833,0.5,0.1485568538231373,1,1.0,-3.2366804000000005,2,0.8311688311688312,False,C=CCCNc1nc(NCc2csc(-c3cccc(C#N)c3)n2)nc(N2CCC[C@@H]2CNS(=O)(=O)c2ccccc2)n1,6.75,5.67,1.08,False,3.48,601.8,4.41,3,11,148.8,13,False,False,0.65,False
350,CAND-00500,C=CCCNc1nc(NCc2csc(-c3ccccc3)n2)nc(N2CCC[C@@H]2CNS(=O)(=O)c2cccc(C#N)c2)n1,0.4020965095589232,6.84564304939719,0.5150589068239642,0.4666901153707836,0.5,0.1485568538231373,1,1.0,-3.2366804,2,0.8311688311688312,False,C=CCCNc1nc(NCc2csc(-c3ccccc3)n2)nc(N2CCC[C@@H]2CNS(=O)(=O)c2cccc(C#N)c2)n1,6.77,5.7,1.07,False,3.47,601.8,4.41,3,11,148.8,13,False,False,0.642,False
351,CAND-00051,COc1c(F)ccc(CCC2CCN(S(=O)(=O)CC3(N(O)C=O)CCN(C(=O)C4CCC4)CC3)CC2)c1C,0.4020487719979678,6.932100528999508,0.5414415630334589,0.3358132584519324,0.25,0.271093301604128,1,1.0,-3.8580775000000016,3,0.7402597402597403,False,COc1c(F)ccc(CCC2CCN(S(=O)(=O)CC3(N(O)C=O)CCN(C(=O)C4CCC4)CC3)CC2)c1C,7.02,8.46,-1.44,False,3.23,553.7,3.13,1,6,107.5,10,True,True,0.741,False
352,CAND-00442,CNc1nc(NCc2nc(-c3cccs3)sc2C(F)(F)F)nc(N2CCC[C@@H]2CNS(=O)(=O)c2ccc(C(F)(F)F)cc2)n1,0.4019519993076337,6.124613774809251,0.2950355201148613,0.5594063756956287,1.0,0.1814474641673437,1,1.0,-2.796468,0,0.7922077922077922,False,CNc1nc(NCc2nc(-c3cccs3)sc2C(F)(F)F)nc(N2CCC[C@@H]2CNS(=O)(=O)c2ccc(C(F)(F)F)cc2)n1,6.3,5.82,0.48,False,3.76,678.7,5.7,3,11,125.0,10,False,True,0.612,False
353,CAND-00829,C=CCCNc1nc(NCc2csc(-c3sccc3F)n2)nc(N2CCC[C@@H]2CNS(=O)(=O)c2ccc(C(F)(F)F)cc2)n1,0.4015691654398874,6.952091053734653,0.5475417077978064,0.5821387429634144,0.5,0.0926610384699473,1,1.0,-2.6885357999999986,2,0.8170731707317073,False,C=CCCNc1nc(NCc2csc(-c3sccc3F)n2)nc(N2CCC[C@@H]2CNS(=O)(=O)c2ccc(C(F)(F)F)cc2)n1,6.61,5.84,0.77,False,3.78,668.8,5.76,3,11,125.0,13,False,False,0.735,False
354,CAND-00794,C=CCCNc1nc(NCc2cccc(F)c2)nc(N2CCC[C@@H]2CNS(=O)(=O)c2ccc(C(F)(F)F)cc2)n1,0.4015326022186264,6.814453309295136,0.5055413012430359,0.5194650746821919,0.5,0.1625398386570282,1,1.0,-2.9861074,2,0.8472222222222222,False,C=CCCNc1nc(NCc2cccc(F)c2)nc(N2CCC[C@@H]2CNS(=O)(=O)c2ccc(C(F)(F)F)cc2)n1,6.41,6.16,0.25,False,3.32,579.6,4.58,3,8,112.1,12,True,False,0.716,False
355,CAND-00796,C=CCCNc1nc(NCc2ccccc2)nc(N2CCC[C@@H]2CNS(=O)(=O)c2ccc(C(F)(F)F)cc2F)n1,0.4015326022186264,6.814453309295136,0.5055413012430359,0.519465074682192,0.5,0.1625398386570282,1,1.0,-2.9861073999999994,2,0.7972972972972973,False,C=CCCNc1nc(NCc2ccccc2)nc(N2CCC[C@@H]2CNS(=O)(=O)c2ccc(C(F)(F)F)cc2F)n1,6.39,5.73,0.66,False,3.36,579.6,4.58,3,8,112.1,12,True,False,0.686,False
356,CAND-01129,COc1ccccc1OCC(=O)NC(c1ccccc1)c1ccc2cccnc2c1O,0.4010821474177954,5.873415480835473,0.2183819065604807,0.6803241607829902,0.75,0.4729706471251835,1,1.0,-2.222356099999999,1,0.7636363636363637,False,COc1ccccc1OCC(=O)NC(c1ccccc1)c1ccc2cccnc2c1O,6.02,5.44,0.58,False,2.56,414.5,4.23,2,5,80.7,7,True,True,0.667,True
357,CAND-01431,CCCCNc1nc(NCc2csc(-c3sccc3F)n2)nc(N2CCC[C@@H]2CNS(=O)(=O)c2ccc(Cl)cc2)n1,0.4006129246685748,6.485000211738866,0.4050080928964529,0.6015103773679287,0.75,0.160362927401161,1,1.0,-2.596560199999999,1,0.7875,False,CCCCNc1nc(NCc2csc(-c3sccc3F)n2)nc(N2CCC[C@@H]2CNS(=O)(=O)c2ccc(Cl)cc2)n1,6.23,5.75,0.48,False,3.55,637.2,5.62,3,11,125.0,13,False,False,0.575,False
358,CAND-00043,Cc1cc(F)c(F)cc1CCC1CCN(S(=O)(=O)CC2(N(O)C=O)CCN(C(=O)C3CCC3)CC2)CC1,0.400349063873403,6.8757359995885485,0.5242418249807268,0.3707914095602259,0.25,0.2940938379434655,1,1.0,-3.6920029000000016,3,0.8285714285714286,False,Cc1cc(F)c(F)cc1CCC1CCN(S(=O)(=O)CC2(N(O)C=O)CCN(C(=O)C3CCC3)CC2)CC1,7.16,8.4,-1.24,False,3.16,541.7,3.26,1,5,98.2,9,True,True,0.799,False
359,CAND-00046,Cc1cc(F)c(Cl)cc1CCC1CCN(S(=O)(=O)CC2(N(O)C=O)CCN(C(=O)C3CCC3)CC2)CC1,0.3984829466883126,6.885233372318631,0.5271399654398721,0.4265580795090095,0.25,0.2830432132279218,1,1.0,-3.4272254,3,0.7837837837837838,False,Cc1cc(F)c(Cl)cc1CCC1CCN(S(=O)(=O)CC2(N(O)C=O)CCN(C(=O)C3CCC3)CC2)CC1,7.21,8.43,-1.22,False,3.18,558.1,3.77,1,5,98.2,9,True,True,0.775,False
360,CAND-00053,COc1cc(F)cc(C)c1CCC1CCN(S(=O)(=O)CC2(N(O)C=O)CCN(C(=O)C3CCC3)CC2)CC1,0.3979783072391296,6.9054222354217325,0.5333006335157825,0.3358132584519326,0.25,0.271093301604128,1,1.0,-3.8580775000000007,3,0.7402597402597403,False,COc1cc(F)cc(C)c1CCC1CCN(S(=O)(=O)CC2(N(O)C=O)CCN(C(=O)C3CCC3)CC2)CC1,7.2,8.28,-1.08,False,3.2,553.7,3.13,1,6,107.5,10,True,True,0.703,False
361,CAND-00437,CNc1nc(NCc2csc(-c3sccc3O)n2)nc(N2CCC[C@@H]2CNS(=O)(=O)c2ccc(C(F)(F)F)cc2)n1,0.3978093399279835,6.38845541355416,0.3755472731844025,0.4298380617750492,0.75,0.2001190111192742,1,1.0,-3.4116522000000007,1,0.8026315789473685,False,CNc1nc(NCc2csc(-c3sccc3O)n2)nc(N2CCC[C@@H]2CNS(=O)(=O)c2ccc(C(F)(F)F)cc2)n1,6.14,6.37,-0.23,False,3.63,626.7,4.38,4,12,145.3,10,False,False,0.633,False
362,CAND-00461,C=CCCNc1nc(NCc2csc(-c3ccccc3)n2)nc(N2CCC[C@@H]2CNS(=O)(=O)c2ccc(F)cc2)n1,0.3976811788540122,6.814949898408529,0.505692836308785,0.515698651155419,0.5,0.1494492023320656,1,1.0,-3.0039902,2,0.9014084507042254,False,C=CCCNc1nc(NCc2csc(-c3ccccc3)n2)nc(N2CCC[C@@H]2CNS(=O)(=O)c2ccc(F)cc2)n1,6.77,5.66,1.11,False,3.35,594.7,4.68,3,10,125.0,13,True,False,0.607,False
363,CAND-00458,C=CCCNc1nc(NCc2csc(-c3ccc(F)cc3)n2)nc(N2CCC[C@@H]2CNS(=O)(=O)c2ccccc2)n1,0.3976811788540122,6.814949898408529,0.505692836308785,0.5156986511554192,0.5,0.1494492023320656,1,1.0,-3.003990199999999,2,0.9014084507042254,False,C=CCCNc1nc(NCc2csc(-c3ccc(F)cc3)n2)nc(N2CCC[C@@H]2CNS(=O)(=O)c2ccccc2)n1,6.7,5.66,1.04,False,3.36,594.7,4.68,3,10,125.0,13,True,False,0.634,False
364,CAND-01130,O=C(COc1ccccc1O)NC(c1ccccc1)c1ccc2cccnc2c1O,0.3976651600886979,5.884123511809049,0.2216494815714101,0.6530354926676287,0.75,0.4561347310099758,1,1.0,-2.3519214,1,0.7924528301886793,False,O=C(COc1ccccc1O)NC(c1ccccc1)c1ccc2cccnc2c1O,6.05,5.39,0.66,False,2.63,400.4,3.93,3,5,91.7,6,True,True,0.671,True
365,CAND-01676,CCCc1ccc(S(=O)(=O)NC[C@H]2CCCN2c2nc(NCc3csc(-c4ccc(Cl)cc4)n3)nc(NCC3CCOCC3)n2)cc1,0.3973616306612659,6.167810835935552,0.3082171814147033,0.5808825593769114,1.0,0.1441767998463808,1,1.0,-2.694500099999994,0,0.8734177215189873,False,CCCc1ccc(S(=O)(=O)NC[C@H]2CCCN2c2nc(NCc3csc(-c4ccc(Cl)cc4)n3)nc(NCC3CCOCC3)n2)cc1,5.85,5.76,0.09,False,3.5,697.3,6.0,3,11,134.3,14,False,False,0.584,False
366,CAND-00055,Cc1cc(F)c(O)cc1CCC1CCN(S(=O)(=O)CC2(N(O)C=O)CCN(C(=O)C3CCC3)CC2)CC1,0.3970490297859103,6.8757359995885485,0.5242418249807268,0.3085245903365711,0.25,0.2830937243184899,1,1.0,-3.987642800000002,3,0.7945205479452054,False,Cc1cc(F)c(O)cc1CCC1CCN(S(=O)(=O)CC2(N(O)C=O)CCN(C(=O)C3CCC3)CC2)CC1,7.1,8.31,-1.21,False,3.23,539.7,2.82,2,6,118.5,9,True,True,0.808,False
367,CAND-00456,C=CCCNc1nc(NCc2csc(-c3ccccc3F)n2)nc(N2CCC[C@@H]2CNS(=O)(=O)c2ccccc2)n1,0.3969364076772768,6.810068582569086,0.5042032939553142,0.5156986511554191,0.5,0.1494492023320656,1,1.0,-3.0039902,2,0.8472222222222222,False,C=CCCNc1nc(NCc2csc(-c3ccccc3F)n2)nc(N2CCC[C@@H]2CNS(=O)(=O)c2ccccc2)n1,6.75,5.63,1.12,False,3.39,594.7,4.68,3,10,125.0,13,True,False,0.589,False
368,CAND-00725,COc1ccc(C(NC(=O)COc2cccc(N(C)C)c2O)c2cc(Cl)c3cccnc3c2O)cc1,0.3966118401496288,6.14794666298887,0.3021555931270404,0.623735705022323,0.75,0.3184468119536952,1,1.0,-2.491035399999998,1,0.7727272727272727,False,COc1ccc(C(NC(=O)COc2cccc(N(C)C)c2O)c2cc(Cl)c3cccnc3c2O)cc1,5.97,6.79,-0.82,False,3.07,508.0,4.66,3,7,104.2,8,True,True,0.676,True
369,CAND-00722,COc1ccc(C(NC(=O)COc2cccc(N(C)C)c2OC)c2cc(Cl)c3cccnc3c2O)cc1,0.3965519658122774,6.141949004829415,0.3003253968963522,0.6510243731376841,0.75,0.3212975578803377,1,1.0,-2.3614700999999987,1,0.75,False,COc1ccc(C(NC(=O)COc2cccc(N(C)C)c2OC)c2cc(Cl)c3cccnc3c2O)cc1,6.02,6.82,-0.8,False,3.05,522.0,4.96,2,7,93.2,9,True,True,0.681,True
370,CAND-00050,Cc1cc(F)cc(C)c1CCC1CCN(S(=O)(=O)CC2(N(O)C=O)CCN(C(=O)C3CCC3)CC2)CC1,0.3965097667820472,6.847318993922383,0.5155703243258127,0.4012027289658013,0.25,0.2957486820638029,1,1.0,-3.5476114000000014,3,0.8142857142857143,False,Cc1cc(F)cc(C)c1CCC1CCN(S(=O)(=O)CC2(N(O)C=O)CCN(C(=O)C3CCC3)CC2)CC1,7.16,8.37,-1.21,False,3.16,537.7,3.43,1,5,98.2,9,True,True,0.772,False
371,CAND-00479,C=CCCNc1nc(NCc2csc(-c3ccc(OC)cc3)n2)nc(N2CCC[C@@H]2CNS(=O)(=O)c2ccccc2)n1,0.3955520427575637,6.8222846108497865,0.5079310370708624,0.4807205000471255,0.5,0.1386217474071082,1,1.0,-3.1700648,2,0.9466666666666668,False,C=CCCNc1nc(NCc2csc(-c3ccc(OC)cc3)n2)nc(N2CCC[C@@H]2CNS(=O)(=O)c2ccccc2)n1,6.95,5.69,1.26,False,3.35,606.8,4.55,3,11,134.3,14,False,False,0.549,False
372,CAND-00480,C=CCCNc1nc(NCc2csc(-c3ccccc3)n2)nc(N2CCC[C@@H]2CNS(=O)(=O)c2ccccc2OC)n1,0.3955520427575637,6.8222846108497865,0.5079310370708624,0.4807205000471255,0.5,0.1386217474071082,1,1.0,-3.1700648,2,0.8024691358024691,False,C=CCCNc1nc(NCc2csc(-c3ccccc3)n2)nc(N2CCC[C@@H]2CNS(=O)(=O)c2ccccc2OC)n1,7.02,5.67,1.35,False,3.39,606.8,4.55,3,11,134.3,14,False,False,0.456,False
373,CAND-01674,CCCc1ccc(S(=O)(=O)NC[C@H]2CCCN2c2nc(NCc3csc(-c4ccccc4Cl)n3)nc(NCC3CCOCC3)n2)cc1,0.3954182779349672,6.155073878946847,0.3043304759621061,0.5808825593769114,1.0,0.1441767998463808,1,1.0,-2.694500099999994,0,0.8518518518518519,False,CCCc1ccc(S(=O)(=O)NC[C@H]2CCCN2c2nc(NCc3csc(-c4ccccc4Cl)n3)nc(NCC3CCOCC3)n2)cc1,6.01,5.91,0.1,False,3.52,697.3,6.0,3,11,134.3,14,False,False,0.755,False
374,CAND-00498,C=CCCNc1nc(NCc2csc(-c3ccc(C#N)cc3)n2)nc(N2CCC[C@@H]2CNS(=O)(=O)c2ccccc2)n1,0.3952728938769475,6.800920288432269,0.5014116754600126,0.4666901153707833,0.5,0.1485568538231373,1,1.0,-3.2366804000000005,2,0.8648648648648649,False,C=CCCNc1nc(NCc2csc(-c3ccc(C#N)cc3)n2)nc(N2CCC[C@@H]2CNS(=O)(=O)c2ccccc2)n1,6.72,5.67,1.05,False,3.45,601.8,4.41,3,11,148.8,13,False,False,0.66,False
375,CAND-00501,C=CCCNc1nc(NCc2csc(-c3ccccc3)n2)nc(N2CCC[C@@H]2CNS(=O)(=O)c2ccc(C#N)cc2)n1,0.3952728938769475,6.800920288432269,0.5014116754600126,0.4666901153707836,0.5,0.1485568538231373,1,1.0,-3.2366804,2,0.8648648648648649,False,C=CCCNc1nc(NCc2csc(-c3ccccc3)n2)nc(N2CCC[C@@H]2CNS(=O)(=O)c2ccc(C#N)cc2)n1,6.78,5.67,1.11,False,3.44,601.8,4.41,3,11,148.8,13,False,False,0.622,False
376,CAND-01541,Cc1cc(Cl)ccc1OCc1nnc([S-])n1Cc1ccc(-c2ccccc2)cc1,0.395189435523825,5.999443699622424,0.2568396453731907,0.8523995553872957,0.75,0.3892320427907657,1,1.0,-1.405350299999999,1,0.6792452830188679,False,Cc1cc(Cl)ccc1OCc1nnc([S-])n1Cc1ccc(-c2ccccc2)cc1,6.02,6.01,0.01,False,2.46,420.9,5.44,0,5,39.9,6,True,True,1.138,True
377,CAND-00566,COc1cccc(CN2CCC(C(=O)NO)(S(=O)(=O)c3ccc(Oc4ccc(Cl)cc4)cc3)CC2)c1,0.3951317062920019,6.448878062618261,0.3939853537860768,0.5636383051431118,0.5,0.3271300979965451,1,1.0,-2.776375,2,0.7966101694915254,False,COc1cccc(CN2CCC(C(=O)NO)(S(=O)(=O)c3ccc(Oc4ccc(Cl)cc4)cc3)CC2)c1,6.53,7.25,-0.72,False,2.46,531.0,4.45,2,7,105.2,8,True,True,0.816,False
378,CAND-00477,C=CCCNc1nc(NCc2csc(-c3ccccc3OC)n2)nc(N2CCC[C@@H]2CNS(=O)(=O)c2ccccc2)n1,0.3948072715808283,6.817403295010343,0.5064414947173915,0.4807205000471255,0.5,0.1386217474071082,1,1.0,-3.1700648,2,0.8026315789473685,False,C=CCCNc1nc(NCc2csc(-c3ccccc3OC)n2)nc(N2CCC[C@@H]2CNS(=O)(=O)c2ccccc2)n1,6.95,5.64,1.31,False,3.39,606.8,4.55,3,11,134.3,14,False,False,0.541,False
379,CAND-00575,O=C(NO)C1(S(=O)(=O)c2ccc(Oc3ccc(Cl)cc3)cc2C(F)(F)F)CCN(Cc2ccccc2)CC1,0.3947593311095961,6.519392862421848,0.4155030724317809,0.6659179509483301,0.5,0.2900259829790187,1,1.0,-2.290756099999998,2,0.7142857142857143,False,O=C(NO)C1(S(=O)(=O)c2ccc(Oc3ccc(Cl)cc3)cc2C(F)(F)F)CCN(Cc2ccccc2)CC1,6.49,5.91,0.58,False,2.67,569.0,5.47,2,6,95.9,7,False,True,0.777,False
380,CAND-00577,O=C(NO)C1(S(=O)(=O)c2ccc(Oc3ccc(Cl)cc3C(F)(F)F)cc2)CCN(Cc2ccccc2)CC1,0.3947593311095961,6.519392862421848,0.4155030724317809,0.66591795094833,0.5,0.2900259829790188,1,1.0,-2.2907560999999985,2,0.746031746031746,False,O=C(NO)C1(S(=O)(=O)c2ccc(Oc3ccc(Cl)cc3C(F)(F)F)cc2)CCN(Cc2ccccc2)CC1,6.52,5.93,0.59,False,2.63,569.0,5.47,2,6,95.9,7,False,True,0.77,False
381,CAND-00576,O=C(NO)C1(S(=O)(=O)c2ccc(Oc3ccc(Cl)cc3)c(C(F)(F)F)c2)CCN(Cc2ccccc2)CC1,0.3947593311095961,6.519392862421848,0.4155030724317809,0.6659179509483301,0.5,0.2900259829790187,1,1.0,-2.290756099999998,2,0.746031746031746,False,O=C(NO)C1(S(=O)(=O)c2ccc(Oc3ccc(Cl)cc3)c(C(F)(F)F)c2)CCN(Cc2ccccc2)CC1,6.51,5.93,0.58,False,2.64,569.0,5.47,2,6,95.9,7,False,True,0.771,False
382,CAND-00580,O=C(NO)C1(S(=O)(=O)c2ccc(Oc3ccc(Cl)cc3)cc2)CCN(Cc2cccc(C(F)(F)F)c2)CC1,0.3947593311095961,6.519392862421848,0.4155030724317809,0.6659179509483301,0.5,0.2900259829790187,1,1.0,-2.290756099999998,2,0.7704918032786885,False,O=C(NO)C1(S(=O)(=O)c2ccc(Oc3ccc(Cl)cc3)cc2)CCN(Cc2cccc(C(F)(F)F)c2)CC1,6.55,7.35,-0.8,False,2.59,569.0,5.47,2,6,95.9,7,False,True,0.854,False
383,CAND-01631,CN(C)c1cccc(OCC(=O)NC(c2ccccc2Cl)c2cc(Cl)c3cccnc3c2O)c1O,0.3947490220737155,6.1501504233163615,0.3028280745752131,0.7144805260793996,0.75,0.3111166159536961,1,1.0,-2.0601832999999985,1,0.7391304347826086,False,CN(C)c1cccc(OCC(=O)NC(c2ccccc2Cl)c2cc(Cl)c3cccnc3c2O)c1O,6.06,6.7,-0.64,False,3.13,512.4,5.3,3,6,94.9,7,False,True,0.628,False
384,CAND-00795,C=CCCNc1nc(NCc2ccc(F)cc2)nc(N2CCC[C@@H]2CNS(=O)(=O)c2ccc(C(F)(F)F)cc2)n1,0.3947089865366507,6.769730548330214,0.4918940698790844,0.5194650746821919,0.5,0.1625398386570282,1,1.0,-2.9861074,2,0.8695652173913043,False,C=CCCNc1nc(NCc2ccc(F)cc2)nc(N2CCC[C@@H]2CNS(=O)(=O)c2ccc(C(F)(F)F)cc2)n1,6.39,5.99,0.4,False,3.29,579.6,4.58,3,8,112.1,12,True,False,0.72,False
385,CAND-00269,O=C(NO)[C@@H](NCC1CC1)[C@@H](Cc1cccc(O)c1)C(=O)N[C@H]1c2c(O)cccc2C[C@H]1O,0.3944827252713764,6.984483851921073,0.5574264287282203,0.129772107029293,0.25,0.2192317030242207,1,1.0,-4.836351100000002,3,0.8125,False,O=C(NO)[C@@H](NCC1CC1)[C@@H](Cc1cccc(O)c1)C(=O)N[C@H]1c2c(O)cccc2C[C@H]1O,7.21,7.8,-0.59,False,4.01,455.5,0.9,7,7,151.1,9,True,False,0.837,False
386,CAND-01253,CCCc1ccc(S(=O)(=O)NC[C@H]2CCCN2c2nc(NCCC3CC3)nc(NCc3csc(-c4cccc(Cl)c4)n3)n2)cc1,0.3937277502554618,6.1666044886075095,0.3078490623465627,0.6753113894884165,1.0,0.1326773969406014,1,1.0,-2.246156499999998,0,0.8625,False,CCCc1ccc(S(=O)(=O)NC[C@H]2CCCN2c2nc(NCCC3CC3)nc(NCc3csc(-c4cccc(Cl)c4)n3)n2)cc1,5.93,5.89,0.04,False,3.43,667.3,6.37,3,10,125.0,15,False,False,0.663,False
387,CAND-00871,O=C(COc1ccccc1O)NC(c1ccccc1Cl)c1cc(Cl)c2cccnc2c1O,0.3936708395113787,6.047927565474293,0.2716345846931987,0.7599445234551104,0.75,0.3595118238825978,1,1.0,-1.8443223999999985,1,0.7931034482758621,False,O=C(COc1ccccc1O)NC(c1ccccc1Cl)c1cc(Cl)c2cccnc2c1O,6.18,6.62,-0.44,False,2.86,469.3,5.24,3,5,91.7,6,True,True,0.616,True
388,CAND-00578,O=C(NO)C1(S(=O)(=O)c2ccc(Oc3ccc(Cl)c(C(F)(F)F)c3)cc2)CCN(Cc2ccccc2)CC1,0.3935607495600329,6.511537221272586,0.4131059093326546,0.6659179509483301,0.5,0.2900259829790187,1,1.0,-2.290756099999998,2,0.7419354838709677,False,O=C(NO)C1(S(=O)(=O)c2ccc(Oc3ccc(Cl)c(C(F)(F)F)c3)cc2)CCN(Cc2ccccc2)CC1,6.41,5.93,0.48,False,2.62,569.0,5.47,2,6,95.9,7,False,True,0.91,False
389,CAND-00797,C=CCCNc1nc(NCc2ccccc2)nc(N2CCC[C@@H]2CNS(=O)(=O)c2ccc(C(F)(F)F)c(F)c2)n1,0.3934624342758309,6.761560501629286,0.4894009653574448,0.519465074682192,0.5,0.1625398386570282,1,1.0,-2.9861073999999994,2,0.7972972972972973,False,C=CCCNc1nc(NCc2ccccc2)nc(N2CCC[C@@H]2CNS(=O)(=O)c2ccc(C(F)(F)F)c(F)c2)n1,6.43,5.7,0.73,False,3.36,579.6,4.58,3,8,112.1,12,True,False,0.693,False
390,CAND-01681,CCCc1ccc(S(=O)(=O)NC[C@H]2CCCN2c2nc(NCc3csc(-c4cccc(C)c4)n3)nc(NCC3CCOCC3)n2)cc1,0.3933319662289093,6.122497006604443,0.2943895844702011,0.5555272088337034,1.0,0.1537905799793626,1,1.0,-2.8148860999999954,0,0.8765432098765432,False,CCCc1ccc(S(=O)(=O)NC[C@H]2CCCN2c2nc(NCc3csc(-c4cccc(C)c4)n3)nc(NCC3CCOCC3)n2)cc1,5.89,5.9,-0.01,False,3.52,676.9,5.65,3,11,134.3,14,False,False,0.568,False
391,CAND-01678,CCCc1ccc(S(=O)(=O)NC[C@H]2CCCN2c2nc(NCc3csc(-c4ccccc4)n3)nc(NCC3CCOCC3)n2)c(C)c1,0.3933319662289093,6.122497006604443,0.2943895844702011,0.5555272088337032,1.0,0.1537905799793626,1,1.0,-2.8148860999999963,0,0.8192771084337349,False,CCCc1ccc(S(=O)(=O)NC[C@H]2CCCN2c2nc(NCc3csc(-c4ccccc4)n3)nc(NCC3CCOCC3)n2)c(C)c1,5.88,5.63,0.25,False,3.55,676.9,5.65,3,11,134.3,14,False,False,0.561,False
392,CAND-01629,COc1c(OCC(=O)NC(c2ccccc2Cl)c2cc(Cl)c3cccnc3c2O)cccc1N(C)C,0.39303720004944,6.139442392342786,0.2995604995642837,0.7417691941947611,0.75,0.3108565008909937,1,1.0,-1.9306179999999973,1,0.6986301369863014,False,COc1c(OCC(=O)NC(c2ccccc2Cl)c2cc(Cl)c3cccnc3c2O)cccc1N(C)C,6.07,6.61,-0.54,False,3.11,526.4,5.61,2,6,83.9,8,False,True,0.634,False
393,CAND-00062,Cc1cc(F)cc(C#N)c1CCC1CCN(S(=O)(=O)CC2(N(O)C=O)CCN(C(=O)C3CCC3)CC2)CC1,0.3928590923917125,6.839279677189713,0.5131171122903373,0.3217828737755904,0.25,0.2876684541551464,1,1.0,-3.9246931000000016,3,0.7307692307692307,False,Cc1cc(F)cc(C#N)c1CCC1CCN(S(=O)(=O)CC2(N(O)C=O)CCN(C(=O)C3CCC3)CC2)CC1,7.02,8.34,-1.32,False,3.32,548.7,2.99,1,6,122.0,9,True,True,0.818,False
394,CAND-01265,CCCc1ccc(S(=O)(=O)NC[C@H]2CCCN2c2nc(NCCC3CC3)nc(NCc3csc(-c4cccc(OC)c4)n3)n2)cc1,0.3927427042682254,6.152355500465736,0.303500957853964,0.5845665684313397,1.0,0.1366407511374778,1,1.0,-2.677008599999999,0,0.8414634146341463,False,CCCc1ccc(S(=O)(=O)NC[C@H]2CCCN2c2nc(NCCC3CC3)nc(NCc3csc(-c4cccc(OC)c4)n3)n2)cc1,5.95,5.96,-0.01,False,3.43,662.9,5.73,3,11,134.3,16,False,False,0.699,False
395,CAND-00737,CCCCNc1nc(NCc2csc(-c3sccc3F)n2)nc(N2CCC[C@@H]2CNS(=O)(=O)c2cccc(C#N)c2)n1,0.3926375815102888,6.402197077406127,0.379740566752761,0.49673517163451,0.75,0.1758909937796942,1,1.0,-3.094027899999999,1,0.813953488372093,False,CCCCNc1nc(NCc2csc(-c3sccc3F)n2)nc(N2CCC[C@@H]2CNS(=O)(=O)c2cccc(C#N)c2)n1,5.99,5.83,0.16,False,3.67,627.8,4.84,3,12,148.8,13,False,False,0.741,False
396,CAND-00870,COc1ccccc1OCC(=O)NC(c1ccccc1Cl)c1cc(Cl)c2cccnc2c1O,0.3924612306261854,6.037219534500717,0.2683670096822692,0.7872331915704718,0.75,0.360925752616836,1,1.0,-1.714757099999998,1,0.7666666666666667,False,COc1ccccc1OCC(=O)NC(c1ccccc1Cl)c1cc(Cl)c2cccnc2c1O,6.09,6.4,-0.31,False,2.78,483.4,5.54,2,5,80.7,7,True,True,0.627,True
397,CAND-00049,Cc1cc(CCC2CCN(S(=O)(=O)CC3(N(O)C=O)CCN(C(=O)C4CCC4)CC3)CC2)c(C)cc1F,0.3918786062349311,6.816965835744683,0.5063080032315808,0.401202728965801,0.25,0.2957486820638025,1,1.0,-3.5476114000000027,3,0.8169014084507042,False,Cc1cc(CCC2CCN(S(=O)(=O)CC3(N(O)C=O)CCN(C(=O)C4CCC4)CC3)CC2)c(C)cc1F,7.16,8.7,-1.54,False,3.17,537.7,3.43,1,5,98.2,9,True,True,0.777,False
398,CAND-00648,Cc1c(CCC2CCN(S(=O)(=O)CC3(N(O)C=O)CCOCC3)CC2)ccc(Cl)c1F,0.3917126151079428,6.702198659801515,0.4712865920017992,0.4392432948728947,0.25,0.3535643970234776,1,1.0,-3.366996600000002,3,0.7391304347826086,False,Cc1c(CCC2CCN(S(=O)(=O)CC3(N(O)C=O)CCOCC3)CC2)ccc(Cl)c1F,6.78,8.11,-1.33,False,3.2,477.0,3.16,1,5,87.2,8,True,True,0.801,False
399,CAND-00830,C=CCCNc1nc(NCc2csc(-c3cc(F)cs3)n2)nc(N2CCC[C@@H]2CNS(=O)(=O)c2ccc(C(F)(F)F)cc2)n1,0.3917123214520647,6.887488166045603,0.527828019822161,0.5821387429634144,0.5,0.0926610384699473,1,1.0,-2.6885357999999986,2,0.8271604938271605,False,C=CCCNc1nc(NCc2csc(-c3cc(F)cs3)n2)nc(N2CCC[C@@H]2CNS(=O)(=O)c2ccc(C(F)(F)F)cc2)n1,6.63,5.91,0.72,False,3.77,668.8,5.76,3,11,125.0,13,False,False,0.741,False
400,CAND-00832,C=CCCNc1nc(NCc2csc(-c3cccs3)n2)nc(N2CCC[C@@H]2CNS(=O)(=O)c2ccc(C(F)(F)F)cc2F)n1,0.3917123214520647,6.887488166045603,0.527828019822161,0.5821387429634142,0.5,0.0926610384699473,1,1.0,-2.6885357999999995,2,0.8313253012048193,False,C=CCCNc1nc(NCc2csc(-c3cccs3)n2)nc(N2CCC[C@@H]2CNS(=O)(=O)c2ccc(C(F)(F)F)cc2F)n1,6.69,5.74,0.95,False,3.7,668.8,5.76,3,11,125.0,13,False,False,0.741,False
401,CAND-01434,CCCCNc1nc(NCc2csc(-c3cccs3)n2)nc(N2CCC[C@@H]2CNS(=O)(=O)c2ccc(Cl)cc2F)n1,0.3907560806807521,6.420397324049816,0.3852944049208075,0.6015103773679287,0.75,0.160362927401161,1,1.0,-2.596560199999999,1,0.8024691358024691,False,CCCCNc1nc(NCc2csc(-c3cccs3)n2)nc(N2CCC[C@@H]2CNS(=O)(=O)c2ccc(Cl)cc2F)n1,6.28,5.62,0.66,False,3.46,637.2,5.62,3,11,125.0,13,False,False,0.514,False
402,CAND-01432,CCCCNc1nc(NCc2csc(-c3cc(F)cs3)n2)nc(N2CCC[C@@H]2CNS(=O)(=O)c2ccc(Cl)cc2)n1,0.3907560806807521,6.420397324049816,0.3852944049208075,0.6015103773679289,0.75,0.160362927401161,1,1.0,-2.596560199999998,1,0.7974683544303798,False,CCCCNc1nc(NCc2csc(-c3cc(F)cs3)n2)nc(N2CCC[C@@H]2CNS(=O)(=O)c2ccc(Cl)cc2)n1,6.23,5.83,0.4,False,3.54,637.2,5.62,3,11,125.0,13,False,False,0.619,False
403,CAND-00438,CNc1nc(NCc2csc(-c3cc(O)cs3)n2)nc(N2CCC[C@@H]2CNS(=O)(=O)c2ccc(C(F)(F)F)cc2)n1,0.3902385875951003,6.338835833160364,0.360405768518636,0.4298380617750492,0.75,0.2001190111192742,1,1.0,-3.4116522000000007,1,0.8026315789473685,False,CNc1nc(NCc2csc(-c3cc(O)cs3)n2)nc(N2CCC[C@@H]2CNS(=O)(=O)c2ccc(C(F)(F)F)cc2)n1,6.16,6.47,-0.31,False,3.68,626.7,4.38,4,12,145.3,10,False,False,0.665,False
404,CAND-00499,C=CCCNc1nc(NCc2csc(-c3ccccc3)n2)nc(N2CCC[C@@H]2CNS(=O)(=O)c2ccccc2C#N)n1,0.3902380802512049,6.767921541612193,0.4913420482085274,0.4666901153707836,0.5,0.1485568538231373,1,1.0,-3.2366804,2,0.8026315789473685,False,C=CCCNc1nc(NCc2csc(-c3ccccc3)n2)nc(N2CCC[C@@H]2CNS(=O)(=O)c2ccccc2C#N)n1,6.79,5.65,1.14,False,3.48,601.8,4.41,3,11,148.8,13,False,False,0.638,False
405,CAND-00793,C=CCCNc1nc(NCc2ccccc2F)nc(N2CCC[C@@H]2CNS(=O)(=O)c2ccc(C(F)(F)F)cc2)n1,0.3898977332188517,6.738197041447348,0.4822715632434863,0.5194650746821919,0.5,0.1625398386570282,1,1.0,-2.9861074,2,0.8194444444444444,False,C=CCCNc1nc(NCc2ccccc2F)nc(N2CCC[C@@H]2CNS(=O)(=O)c2ccc(C(F)(F)F)cc2)n1,6.38,5.95,0.43,False,3.33,579.6,4.58,3,8,112.1,12,True,False,0.715,False
406,CAND-00057,Cc1c(CCC2CCN(S(=O)(=O)CC3(N(O)C=O)CCN(C(=O)C4CCC4)CC3)CC2)ccc(F)c1C(F)(F)F,0.3898220233349,6.988578623993505,0.5586759558291736,0.4380929042571505,0.25,0.2016134847343776,1,1.0,-3.3724586000000016,3,0.7631578947368421,False,Cc1c(CCC2CCN(S(=O)(=O)CC3(N(O)C=O)CCN(C(=O)C4CCC4)CC3)CC2)ccc(F)c1C(F)(F)F,6.92,8.51,-1.59,False,3.37,591.7,4.14,1,5,98.2,9,True,True,0.745,False
407,CAND-01435,CCCCNc1nc(NCc2csc(-c3cccs3)n2)nc(N2CCC[C@@H]2CNS(=O)(=O)c2ccc(Cl)c(F)c2)n1,0.389557499131189,6.412541682900554,0.3828972418216813,0.6015103773679287,0.75,0.160362927401161,1,1.0,-2.596560199999999,1,0.825,False,CCCCNc1nc(NCc2csc(-c3cccs3)n2)nc(N2CCC[C@@H]2CNS(=O)(=O)c2ccc(Cl)c(F)c2)n1,6.34,5.6,0.74,False,3.45,637.2,5.62,3,11,125.0,13,False,False,0.655,False
408,CAND-00496,C=CCCNc1nc(NCc2csc(-c3ccccc3C#N)n2)nc(N2CCC[C@@H]2CNS(=O)(=O)c2ccccc2)n1,0.3894933090744694,6.763040225772749,0.4898525058550564,0.4666901153707833,0.5,0.1485568538231373,1,1.0,-3.2366804000000005,2,0.8026315789473685,False,C=CCCNc1nc(NCc2csc(-c3ccccc3C#N)n2)nc(N2CCC[C@@H]2CNS(=O)(=O)c2ccccc2)n1,6.73,5.61,1.12,False,3.5,601.8,4.41,3,11,148.8,13,False,False,0.691,False
409,CAND-01250,CCCc1ccc(S(=O)(=O)NC[C@H]2CCCN2c2nc(NCCC3CC3)nc(NCc3csc(-c4ccccc4)n3)n2)c(Cl)c1,0.3887976910224821,6.134292314110072,0.2979889438806034,0.6753113894884167,1.0,0.1326773969406014,1,1.0,-2.246156499999997,0,0.8048780487804879,False,CCCc1ccc(S(=O)(=O)NC[C@H]2CCCN2c2nc(NCCC3CC3)nc(NCc3csc(-c4ccccc4)n3)n2)c(Cl)c1,5.98,5.75,0.23,False,3.46,667.3,6.37,3,10,125.0,15,False,False,0.806,False
410,CAND-00554,Cc1cc(Oc2ccc(Cl)cc2)ccc1S(=O)(=O)C1(C(=O)NO)CCN(Cc2ccccc2)CC1,0.388682004668616,6.364405222557338,0.3682083139207227,0.6290277756569804,0.5,0.348592825694182,1,1.0,-2.4659089,2,0.75,False,Cc1cc(Oc2ccc(Cl)cc2)ccc1S(=O)(=O)C1(C(=O)NO)CCN(Cc2ccccc2)CC1,6.5,6.0,0.5,False,2.5,515.0,4.75,2,6,95.9,7,True,True,0.731,False
411,CAND-01673,CCCc1ccc(S(=O)(=O)NC[C@H]2CCCN2c2nc(NCc3nc(-c4ccccc4)sc3Cl)nc(NCC3CCOCC3)n2)cc1,0.3885850359931008,6.110288026368894,0.2906639920783732,0.5808825593769114,1.0,0.1441767998463808,1,1.0,-2.694500099999994,0,0.7738095238095238,False,CCCc1ccc(S(=O)(=O)NC[C@H]2CCCN2c2nc(NCc3nc(-c4ccccc4)sc3Cl)nc(NCC3CCOCC3)n2)cc1,5.85,5.67,0.18,False,3.61,697.3,6.0,3,11,134.3,14,False,False,0.559,False
412,CAND-00833,C=CCCNc1nc(NCc2csc(-c3cccs3)n2)nc(N2CCC[C@@H]2CNS(=O)(=O)c2ccc(C(F)(F)F)c(F)c2)n1,0.3884534068270682,6.86612886526262,0.521310190572168,0.5821387429634142,0.5,0.0926610384699473,1,1.0,-2.6885357999999995,2,0.8313253012048193,False,C=CCCNc1nc(NCc2csc(-c3cccs3)n2)nc(N2CCC[C@@H]2CNS(=O)(=O)c2ccc(C(F)(F)F)c(F)c2)n1,6.69,5.68,1.01,False,3.7,668.8,5.76,3,11,125.0,13,False,False,0.75,False
413,CAND-00558,Cc1ccccc1CN1CCC(C(=O)NO)(S(=O)(=O)c2ccc(Oc3ccc(Cl)cc3)cc2)CC1,0.3877656009330135,6.358399007212742,0.3663755064495177,0.6290277756569806,0.5,0.3485928256941823,1,1.0,-2.4659088999999987,2,0.7758620689655172,False,Cc1ccccc1CN1CCC(C(=O)NO)(S(=O)(=O)c2ccc(Oc3ccc(Cl)cc3)cc2)CC1,6.5,7.24,-0.74,False,2.46,515.0,4.75,2,6,95.9,7,True,True,0.809,False
414,CAND-00560,Cc1ccc(CN2CCC(C(=O)NO)(S(=O)(=O)c3ccc(Oc4ccc(Cl)cc4)cc3)CC2)cc1,0.3877656009330135,6.358399007212742,0.3663755064495177,0.6290277756569804,0.5,0.348592825694182,1,1.0,-2.4659089,2,0.8333333333333334,False,Cc1ccc(CN2CCC(C(=O)NO)(S(=O)(=O)c3ccc(Oc4ccc(Cl)cc4)cc3)CC2)cc1,6.45,7.23,-0.78,False,2.41,515.0,4.75,2,6,95.9,7,True,True,0.781,False
415,CAND-00052,COc1cc(CCC2CCN(S(=O)(=O)CC3(N(O)C=O)CCN(C(=O)C4CCC4)CC3)CC2)c(C)cc1F,0.3877416729024535,6.838330158162201,0.5128273648424305,0.3358132584519321,0.25,0.2710933016041277,1,1.0,-3.858077500000003,3,0.7631578947368421,False,COc1cc(CCC2CCN(S(=O)(=O)CC3(N(O)C=O)CCN(C(=O)C4CCC4)CC3)CC2)c(C)cc1F,7.13,8.34,-1.21,False,3.16,553.7,3.13,1,6,107.5,10,True,True,0.761,False
416,CAND-00588,N#Cc1ccc(CN2CCC(C(=O)NO)(S(=O)(=O)c3ccc(Oc4ccc(Cl)cc4)cc3)CC2)cc1,0.3875813628978983,6.358399007212742,0.3663755064495177,0.5496079204667697,0.5,0.3479786989104647,1,1.0,-2.8429906,2,0.7894736842105263,False,N#Cc1ccc(CN2CCC(C(=O)NO)(S(=O)(=O)c3ccc(Oc4ccc(Cl)cc4)cc3)CC2)cc1,6.39,7.21,-0.82,False,2.54,526.0,4.32,2,7,119.7,7,True,True,0.713,False
417,CAND-01699,CCCc1ccc(S(=O)(=O)NC[C@H]2CCCN2c2nc(NCc3csc(-c4cccc(C(F)(F)F)c4)n3)nc(NCC3CCOCC3)n2)cc1,0.3875637351377508,6.122497006604443,0.2943895844702011,0.5924173841250528,1.0,0.1345631430088341,1,1.0,-2.6397332999999943,0,0.8352941176470589,False,CCCc1ccc(S(=O)(=O)NC[C@H]2CCCN2c2nc(NCc3csc(-c4cccc(C(F)(F)F)c4)n3)nc(NCC3CCOCC3)n2)cc1,5.9,5.93,-0.03,False,3.64,730.9,6.36,3,11,134.3,14,False,False,0.578,False
418,CAND-01696,CCCc1ccc(S(=O)(=O)NC[C@H]2CCCN2c2nc(NCc3csc(-c4ccccc4)n3)nc(NCC3CCOCC3)n2)c(C(F)(F)F)c1,0.3875637351377508,6.122497006604443,0.2943895844702011,0.5924173841250525,1.0,0.1345631430088341,1,1.0,-2.639733299999996,0,0.7816091954022989,False,CCCc1ccc(S(=O)(=O)NC[C@H]2CCCN2c2nc(NCc3csc(-c4ccccc4)n3)nc(NCC3CCOCC3)n2)c(C(F)(F)F)c1,5.89,5.65,0.24,False,3.69,730.9,6.36,3,11,134.3,14,False,False,0.571,False
419,CAND-00557,Cc1cc(Oc2ccc(S(=O)(=O)C3(C(=O)NO)CCN(Cc4ccccc4)CC3)cc2)ccc1Cl,0.3874834231190528,6.356549581408077,0.3658111508215965,0.6290277756569804,0.5,0.348592825694182,1,1.0,-2.4659089,2,0.7796610169491526,False,Cc1cc(Oc2ccc(S(=O)(=O)C3(C(=O)NO)CCN(Cc4ccccc4)CC3)cc2)ccc1Cl,6.46,5.99,0.47,False,2.47,515.0,4.75,2,6,95.9,7,True,True,0.783,False
420,CAND-00008,COc1ccc(C(NC(=O)COc2ccc(OC)c(OC)c2)c2cc(Cl)c3cccnc3c2O)cc1,0.3865168251684667,6.056360919962168,0.2742080380620664,0.6591980648500592,0.75,0.3313760204581115,1,1.0,-2.3226617999999983,1,0.8666666666666667,False,COc1ccc(C(NC(=O)COc2ccc(OC)c(OC)c2)c2cc(Cl)c3cccnc3c2O)cc1,5.78,6.73,-0.95,False,2.81,509.0,4.9,2,7,99.1,9,True,True,0.312,True
421,CAND-00010,COc1ccc(OCC(=O)NC(c2ccc(OC)c(OC)c2)c2cc(Cl)c3cccnc3c2O)cc1,0.3865168251684666,6.056360919962168,0.2742080380620664,0.6591980648500592,0.75,0.3313760204581112,1,1.0,-2.3226617999999988,1,0.8666666666666667,False,COc1ccc(OCC(=O)NC(c2ccc(OC)c(OC)c2)c2cc(Cl)c3cccnc3c2O)cc1,5.78,6.73,-0.95,False,2.81,509.0,4.9,2,7,99.1,9,True,True,0.321,True
422,CAND-00061,Cc1cc(F)c(C#N)cc1CCC1CCN(S(=O)(=O)CC2(N(O)C=O)CCN(C(=O)C3CCC3)CC2)CC1,0.3859277383810517,6.7938507868433735,0.4992544042690155,0.3217828737755904,0.25,0.2876684541551464,1,1.0,-3.9246931000000016,3,0.7532467532467533,False,Cc1cc(F)c(C#N)cc1CCC1CCN(S(=O)(=O)CC2(N(O)C=O)CCN(C(=O)C3CCC3)CC2)CC1,6.99,8.36,-1.37,False,3.28,548.7,2.99,1,6,122.0,9,True,True,0.824,False
423,CAND-01687,CCCc1ccc(S(=O)(=O)NC[C@H]2CCCN2c2nc(NCc3csc(-c4cccc(OC)c4)n3)nc(NCC3CCOCC3)n2)cc1,0.3859235149003909,6.084701153001149,0.282856111410996,0.4901377383198344,1.0,0.1483181973163097,1,1.0,-3.125352199999996,0,0.8452380952380952,False,CCCc1ccc(S(=O)(=O)NC[C@H]2CCCN2c2nc(NCc3csc(-c4cccc(OC)c4)n3)nc(NCC3CCOCC3)n2)cc1,5.88,5.93,-0.05,False,3.53,692.9,5.35,3,12,143.5,15,False,False,0.678,False
424,CAND-01700,CCCc1ccc(S(=O)(=O)NC[C@H]2CCCN2c2nc(NCc3csc(-c4ccc(C(F)(F)F)cc4)n3)nc(NCC3CCOCC3)n2)cc1,0.3858682348094781,6.111384502701625,0.2909985838136557,0.5924173841250528,1.0,0.1345631430088341,1,1.0,-2.6397332999999943,0,0.8414634146341463,False,CCCc1ccc(S(=O)(=O)NC[C@H]2CCCN2c2nc(NCc3csc(-c4ccc(C(F)(F)F)cc4)n3)nc(NCC3CCOCC3)n2)cc1,5.85,5.82,0.03,False,3.62,730.9,6.36,3,11,134.3,14,False,False,0.603,False
425,CAND-00011,COc1ccc(C(NC(=O)COc2ccc(OC)c(O)c2)c2cc(Cl)c3cccnc3c2O)cc1,0.3855250968005033,6.056360919962168,0.2742080380620664,0.631909396734698,0.75,0.3280702592315668,1,1.0,-2.4522270999999978,1,0.8524590163934426,False,COc1ccc(C(NC(=O)COc2ccc(OC)c(O)c2)c2cc(Cl)c3cccnc3c2O)cc1,5.78,6.69,-0.91,False,2.87,494.9,4.6,3,7,110.1,8,True,True,0.283,True
426,CAND-00013,COc1ccc(OCC(=O)NC(c2ccc(OC)c(O)c2)c2cc(Cl)c3cccnc3c2O)cc1,0.3855250968005033,6.056360919962168,0.2742080380620664,0.6319093967346978,0.75,0.3280702592315668,1,1.0,-2.4522270999999987,1,0.8524590163934426,False,COc1ccc(OCC(=O)NC(c2ccc(OC)c(O)c2)c2cc(Cl)c3cccnc3c2O)cc1,5.79,6.68,-0.89,False,2.87,494.9,4.6,3,7,110.1,8,True,True,0.281,True
427,CAND-00476,C=CCCNc1nc(NCc2nc(-c3ccccc3)sc2OC)nc(N2CCC[C@@H]2CNS(=O)(=O)c2ccccc2)n1,0.3850319770498692,6.753334891828644,0.4868909056554736,0.4807205000471256,0.5,0.1386217474071082,1,1.0,-3.1700648,2,0.7307692307692307,False,C=CCCNc1nc(NCc2nc(-c3ccccc3)sc2OC)nc(N2CCC[C@@H]2CNS(=O)(=O)c2ccccc2)n1,6.93,5.68,1.25,False,3.57,606.8,4.55,3,11,134.3,14,False,False,0.516,False
428,CAND-00831,C=CCCNc1nc(NCc2csc(-c3ccc(F)s3)n2)nc(N2CCC[C@@H]2CNS(=O)(=O)c2ccc(C(F)(F)F)cc2)n1,0.384888705770089,6.842765405080682,0.5141807884582096,0.5821387429634142,0.5,0.0926610384699473,1,1.0,-2.6885357999999995,2,0.8375,False,C=CCCNc1nc(NCc2csc(-c3ccc(F)s3)n2)nc(N2CCC[C@@H]2CNS(=O)(=O)c2ccc(C(F)(F)F)cc2)n1,6.61,5.87,0.74,False,3.75,668.8,5.76,3,11,125.0,13,False,False,0.739,False
429,CAND-00495,C=CCCNc1nc(NCc2nc(-c3ccccc3)sc2C#N)nc(N2CCC[C@@H]2CNS(=O)(=O)c2ccccc2)n1,0.3847528281692531,6.731970569411127,0.4803715440446238,0.4666901153707833,0.5,0.1485568538231373,1,1.0,-3.2366804000000005,2,0.7215189873417721,False,C=CCCNc1nc(NCc2nc(-c3ccccc3)sc2C#N)nc(N2CCC[C@@H]2CNS(=O)(=O)c2ccccc2)n1,6.72,5.68,1.04,False,3.6,601.8,4.41,3,11,148.8,13,False,False,0.661,False
430,CAND-00567,COc1ccc(CN2CCC(C(=O)NO)(S(=O)(=O)c3ccc(Oc4ccc(Cl)cc4)cc3)CC2)cc1,0.3845864634291472,6.37976332963026,0.3728948680603675,0.5636383051431115,0.5,0.3271300979965451,1,1.0,-2.7763750000000003,2,0.8333333333333334,False,COc1ccc(CN2CCC(C(=O)NO)(S(=O)(=O)c3ccc(Oc4ccc(Cl)cc4)cc3)CC2)cc1,6.46,7.21,-0.75,False,2.43,531.0,4.45,2,7,105.2,8,True,True,0.805,False
431,CAND-00565,COc1ccccc1CN1CCC(C(=O)NO)(S(=O)(=O)c2ccc(Oc3ccc(Cl)cc3)cc2)CC1,0.3845864634291472,6.37976332963026,0.3728948680603675,0.563638305143112,0.5,0.3271300979965451,1,1.0,-2.776374999999998,2,0.75,False,COc1ccccc1CN1CCC(C(=O)NO)(S(=O)(=O)c2ccc(Oc3ccc(Cl)cc3)cc2)CC1,6.58,7.23,-0.65,False,2.47,531.0,4.45,2,7,105.2,8,True,True,0.856,False
432,CAND-01254,CCCc1ccc(S(=O)(=O)NC[C@H]2CCCN2c2nc(NCCC3CC3)nc(NCc3csc(-c4ccc(Cl)cc4)n3)n2)cc1,0.3839620819843935,6.102599177038842,0.2883177258044262,0.6753113894884165,1.0,0.1326773969406014,1,1.0,-2.246156499999998,0,0.8701298701298701,False,CCCc1ccc(S(=O)(=O)NC[C@H]2CCCN2c2nc(NCCC3CC3)nc(NCc3csc(-c4ccc(Cl)cc4)n3)n2)cc1,5.88,5.75,0.13,False,3.4,667.3,6.37,3,10,125.0,15,False,False,0.648,False
433,CAND-01433,CCCCNc1nc(NCc2csc(-c3ccc(F)s3)n2)nc(N2CCC[C@@H]2CNS(=O)(=O)c2ccc(Cl)cc2)n1,0.3839324649987763,6.375674563084894,0.3716471735568561,0.6015103773679287,0.75,0.160362927401161,1,1.0,-2.596560199999999,1,0.8181818181818182,False,CCCCNc1nc(NCc2csc(-c3ccc(F)s3)n2)nc(N2CCC[C@@H]2CNS(=O)(=O)c2ccc(Cl)cc2)n1,6.22,5.8,0.42,False,3.51,637.2,5.62,3,11,125.0,13,False,False,0.592,False
434,CAND-01682,CCCc1ccc(S(=O)(=O)NC[C@H]2CCCN2c2nc(NCc3csc(-c4ccc(C)cc4)n3)nc(NCC3CCOCC3)n2)cc1,0.3835662979578411,6.058491695035776,0.2748582479280646,0.5555272088337034,1.0,0.1537905799793626,1,1.0,-2.8148860999999954,0,0.8846153846153846,False,CCCc1ccc(S(=O)(=O)NC[C@H]2CCCN2c2nc(NCc3csc(-c4ccc(C)cc4)n3)nc(NCC3CCOCC3)n2)cc1,5.82,5.82,0.0,False,3.49,676.9,5.65,3,11,134.3,14,False,False,0.608,False
435,CAND-00487,C=CCCNc1nc(NCc2csc(-c3ccccc3)n2)nc(N2CCC[C@@H]2CNS(=O)(=O)c2cccc(O)c2)n1,0.3828633981765789,6.753486031748329,0.4869370262752153,0.4534318319317643,0.5,0.1313162834632374,1,1.0,-3.2996301,2,0.8648648648648649,False,C=CCCNc1nc(NCc2csc(-c3ccccc3)n2)nc(N2CCC[C@@H]2CNS(=O)(=O)c2cccc(O)c2)n1,6.69,5.68,1.01,False,3.43,592.8,4.25,4,11,145.3,13,False,False,0.556,False
436,CAND-00484,C=CCCNc1nc(NCc2csc(-c3cccc(O)c3)n2)nc(N2CCC[C@@H]2CNS(=O)(=O)c2ccccc2)n1,0.3828633981765789,6.753486031748329,0.4869370262752153,0.4534318319317643,0.5,0.1313162834632374,1,1.0,-3.2996301,2,0.8648648648648649,False,C=CCCNc1nc(NCc2csc(-c3cccc(O)c3)n2)nc(N2CCC[C@@H]2CNS(=O)(=O)c2ccccc2)n1,6.66,5.64,1.02,False,3.43,592.8,4.25,4,11,145.3,13,False,False,0.567,False
437,CAND-01680,CCCc1ccc(S(=O)(=O)NC[C@H]2CCCN2c2nc(NCc3csc(-c4ccccc4C)n3)nc(NCC3CCOCC3)n2)cc1,0.3828215267811056,6.053610379196332,0.2733687055745937,0.5555272088337034,1.0,0.1537905799793626,1,1.0,-2.8148860999999954,0,0.8625,False,CCCc1ccc(S(=O)(=O)NC[C@H]2CCCN2c2nc(NCc3csc(-c4ccccc4C)n3)nc(NCC3CCOCC3)n2)cc1,5.93,5.9,0.03,False,3.52,676.9,5.65,3,11,134.3,14,False,False,0.628,False
438,CAND-00586,N#Cc1ccccc1CN1CCC(C(=O)NO)(S(=O)(=O)c2ccc(Oc3ccc(Cl)cc3)cc2)CC1,0.3825465492721556,6.325400260392666,0.3563058791980324,0.5496079204667698,0.5,0.3479786989104647,1,1.0,-2.842990599999999,2,0.7377049180327869,False,N#Cc1ccccc1CN1CCC(C(=O)NO)(S(=O)(=O)c2ccc(Oc3ccc(Cl)cc3)cc2)CC1,6.43,7.22,-0.79,False,2.59,526.0,4.32,2,7,119.7,7,True,True,0.722,False
439,CAND-01252,CCCc1ccc(S(=O)(=O)NC[C@H]2CCCN2c2nc(NCCC3CC3)nc(NCc3csc(-c4ccccc4Cl)n3)n2)cc1,0.382018729258095,6.089862220050136,0.284431020351829,0.6753113894884165,1.0,0.1326773969406014,1,1.0,-2.246156499999998,0,0.8481012658227848,False,CCCc1ccc(S(=O)(=O)NC[C@H]2CCCN2c2nc(NCCC3CC3)nc(NCc3csc(-c4ccccc4Cl)n3)n2)cc1,6.03,5.93,0.1,False,3.43,667.3,6.37,3,10,125.0,15,False,False,0.814,False
440,CAND-00649,Cc1cc(Cl)c(F)cc1CCC1CCN(S(=O)(=O)CC2(N(O)C=O)CCOCC2)CC1,0.3818128818598037,6.637314670973935,0.4514871255055209,0.4392432948728947,0.25,0.3535643970234776,1,1.0,-3.366996600000002,3,0.7647058823529411,False,Cc1cc(Cl)c(F)cc1CCC1CCN(S(=O)(=O)CC2(N(O)C=O)CCOCC2)CC1,6.88,7.94,-1.06,False,3.15,477.0,3.16,1,5,87.2,8,True,True,0.759,False
441,CAND-01283,CCCc1ccc(S(=O)(=O)NC[C@H]2CCCN2c2nc(NCCC3CC3)nc(NCc3csc(-c4cccc(C#N)c4)n3)n2)cc1,0.3815591316557195,6.057285347707733,0.274490128859924,0.5705361837549979,1.0,0.1477135574191914,1,1.0,-2.743624199999997,0,0.8313253012048193,False,CCCc1ccc(S(=O)(=O)NC[C@H]2CCCN2c2nc(NCCC3CC3)nc(NCc3csc(-c4cccc(C#N)c4)n3)n2)cc1,6.02,5.92,0.1,False,3.52,657.9,5.59,3,11,148.8,15,False,False,0.77,False
442,CAND-00724,COc1ccc(C(NC(=O)COc2cc(N(C)C)ccc2O)c2cc(Cl)c3cccnc3c2O)cc1,0.3815229115623946,6.049052091859059,0.2719777359525721,0.6237357050223231,0.75,0.3184468119536952,1,1.0,-2.4910353999999977,1,0.8142857142857143,False,COc1ccc(C(NC(=O)COc2cc(N(C)C)ccc2O)c2cc(Cl)c3cccnc3c2O)cc1,5.75,6.64,-0.89,False,2.99,508.0,4.66,3,7,104.2,8,True,True,0.243,True
443,CAND-01262,CCCc1ccc(S(=O)(=O)NC[C@H]2CCCN2c2nc(NCCC3CC3)nc(NCc3csc(-c4ccccc4)n3)n2)c(OC)c1,0.3814969705766302,6.078649670125251,0.2810094904707738,0.5845665684313397,1.0,0.1366407511374778,1,1.0,-2.677008599999999,0,0.7857142857142857,False,CCCc1ccc(S(=O)(=O)NC[C@H]2CCCN2c2nc(NCCC3CC3)nc(NCc3csc(-c4ccccc4)n3)n2)c(OC)c1,5.97,5.65,0.32,False,3.48,662.9,5.73,3,11,134.3,16,False,False,0.699,False
444,CAND-00799,C=CCCNc1nc(NCc2cccc(Cl)c2)nc(N2CCC[C@@H]2CNS(=O)(=O)c2ccc(C(F)(F)F)cc2)n1,0.3810251469336341,6.614125887977244,0.4444110264504442,0.5752317446309748,0.5,0.1960654456947068,1,1.0,-2.721329900000001,2,0.8356164383561644,False,C=CCCNc1nc(NCc2cccc(Cl)c2)nc(N2CCC[C@@H]2CNS(=O)(=O)c2ccc(C(F)(F)F)cc2)n1,6.34,6.08,0.26,False,3.32,596.1,5.09,3,8,112.1,12,False,False,0.617,False
445,CAND-00650,Cc1cc(Cl)cc(F)c1CCC1CCN(S(=O)(=O)CC2(N(O)C=O)CCOCC2)CC1,0.3804597229516016,6.628445912060837,0.4487808076891166,0.4392432948728947,0.25,0.3535643970234776,1,1.0,-3.366996600000002,3,0.7391304347826086,False,Cc1cc(Cl)cc(F)c1CCC1CCN(S(=O)(=O)CC2(N(O)C=O)CCOCC2)CC1,6.98,7.92,-0.94,False,3.19,477.0,3.16,1,5,87.2,8,True,True,0.636,False
446,CAND-00553,O=C(NO)C1(S(=O)(=O)c2ccc(Oc3ccc(Cl)cc3)cc2)CCN(Cc2ccc(Cl)cc2)CC1,0.3800986188826678,6.358399007212742,0.3663755064495177,0.6543831262001887,0.5,0.3230362188596964,1,1.0,-2.345522899999998,2,0.9183673469387756,False,O=C(NO)C1(S(=O)(=O)c2ccc(Oc3ccc(Cl)cc3)cc2)CCN(Cc2ccc(Cl)cc2)CC1,6.41,7.17,-0.76,False,2.42,535.4,5.1,2,6,95.9,7,False,True,0.698,False
447,CAND-00551,O=C(NO)C1(S(=O)(=O)c2ccc(Oc3ccc(Cl)cc3)cc2)CCN(Cc2ccccc2Cl)CC1,0.3800986188826678,6.358399007212742,0.3663755064495177,0.6543831262001887,0.5,0.3230362188596964,1,1.0,-2.345522899999998,2,0.8035714285714286,False,O=C(NO)C1(S(=O)(=O)c2ccc(Oc3ccc(Cl)cc3)cc2)CCN(Cc2ccccc2Cl)CC1,6.45,7.21,-0.76,False,2.46,535.4,5.1,2,6,95.9,7,False,True,0.719,False
448,CAND-01259,CCCc1ccc(S(=O)(=O)NC[C@H]2CCCN2c2nc(NCCC3CC3)nc(NCc3csc(-c4cccc(C)c4)n3)n2)cc1,0.3798603846165636,6.057285347707733,0.274490128859924,0.6499560389452088,1.0,0.1420510672886717,1,1.0,-2.3665424999999978,0,0.8734177215189873,False,CCCc1ccc(S(=O)(=O)NC[C@H]2CCCN2c2nc(NCCC3CC3)nc(NCc3csc(-c4cccc(C)c4)n3)n2)cc1,5.9,5.92,-0.02,False,3.42,646.9,6.03,3,10,125.0,15,False,False,0.649,False
449,CAND-01256,CCCc1ccc(S(=O)(=O)NC[C@H]2CCCN2c2nc(NCCC3CC3)nc(NCc3csc(-c4ccccc4)n3)n2)c(C)c1,0.3798603846165636,6.057285347707733,0.274490128859924,0.6499560389452088,1.0,0.1420510672886717,1,1.0,-2.3665424999999978,0,0.8148148148148148,False,CCCc1ccc(S(=O)(=O)NC[C@H]2CCCN2c2nc(NCCC3CC3)nc(NCc3csc(-c4ccccc4)n3)n2)c(C)c1,5.9,5.8,0.1,False,3.46,646.9,6.03,3,10,125.0,15,False,False,0.647,False
450,CAND-00801,C=CCCNc1nc(NCc2ccccc2)nc(N2CCC[C@@H]2CNS(=O)(=O)c2ccc(C(F)(F)F)cc2Cl)n1,0.379826565384071,6.606270246827982,0.442013863351318,0.5752317446309753,0.5,0.1960654456947068,1,1.0,-2.721329899999999,2,0.7866666666666666,False,C=CCCNc1nc(NCc2ccccc2)nc(N2CCC[C@@H]2CNS(=O)(=O)c2ccc(C(F)(F)F)cc2Cl)n1,6.43,5.69,0.74,False,3.34,596.1,5.09,3,8,112.1,12,False,False,0.718,False
451,CAND-01630,CN(C)c1ccc(O)c(OCC(=O)NC(c2ccccc2Cl)c2cc(Cl)c3cccnc3c2O)c1,0.3796600934864813,6.05125585218655,0.2726502174007447,0.7144805260793996,0.75,0.3111166159536961,1,1.0,-2.0601832999999985,1,0.7794117647058824,False,CN(C)c1ccc(O)c(OCC(=O)NC(c2ccccc2Cl)c2cc(Cl)c3cccnc3c2O)c1,5.85,6.61,-0.76,False,3.05,512.4,5.3,3,6,94.9,7,False,True,0.23,False
452,CAND-00723,COc1ccc(C(NC(=O)COc2cccc(N(C)C)c2)c2cc(Cl)c3cccnc3c2O)cc1O,0.3790419708161973,6.032791721238627,0.2670158544601774,0.623735705022323,0.75,0.3184468119536952,1,1.0,-2.491035399999998,1,0.8309859154929577,False,COc1ccc(C(NC(=O)COc2cccc(N(C)C)c2)c2cc(Cl)c3cccnc3c2O)cc1O,5.76,6.8,-1.04,False,3.03,508.0,4.66,3,7,104.2,8,True,True,0.244,True
453,CAND-00720,COc1ccc(C(NC(=O)COc2cccc(N(C)C)c2)c2cc(Cl)c3cccnc3c2O)cc1OC,0.3789820964788459,6.026794063079172,0.2651856582294891,0.6510243731376841,0.75,0.3212975578803377,1,1.0,-2.3614700999999987,1,0.8428571428571429,False,COc1ccc(C(NC(=O)COc2cccc(N(C)C)c2)c2cc(Cl)c3cccnc3c2O)cc1OC,5.77,6.84,-1.07,False,2.97,522.0,4.96,2,7,93.2,9,True,True,0.323,True
454,CAND-00574,O=C(NO)C1(S(=O)(=O)c2ccc(Oc3ccc(Cl)cc3)cc2)CCN(Cc2ccc(O)cc2)CC1,0.378837285927582,6.358399007212742,0.3663755064495177,0.5363496370277504,0.5,0.3188317756760773,1,1.0,-2.9059403,2,0.8490566037735849,False,O=C(NO)C1(S(=O)(=O)c2ccc(Oc3ccc(Cl)cc3)cc2)CCN(Cc2ccc(O)cc2)CC1,6.41,7.21,-0.8,False,2.47,517.0,4.15,3,7,116.2,7,True,True,0.75,False
455,CAND-00741,CCCCNc1nc(NCc2csc(-c3cccs3)n2)nc(N2CCC[C@@H]2CNS(=O)(=O)c2cc(F)cc(C#N)c2)n1,0.3785284807576882,6.309724410451084,0.3515223652475598,0.49673517163451,0.75,0.1758909937796942,1,1.0,-3.094027899999999,1,0.8452380952380952,False,CCCCNc1nc(NCc2csc(-c3cccs3)n2)nc(N2CCC[C@@H]2CNS(=O)(=O)c2cc(F)cc(C#N)c2)n1,6.03,5.67,0.36,False,3.58,627.8,4.84,3,12,148.8,13,False,False,0.729,False
456,CAND-01476,COc1cnn(-c2cc(F)c(S(=O)(=O)N[C@@]3(C(=O)O)[C@H](C)[C@@H]3c3ccccc3)s2)c1,0.3785260342272654,7.685199022568519,0.7712509298934561,0.3909482666475706,1.0,0.5714220116926755,2,0.5,-3.5962991000000004,0,0.7313432835820896,True,COc1cnn(-c2cc(F)c(S(=O)(=O)N[C@@]3(C(=O)O)[C@H](C)[C@@H]3c3ccccc3)s2)c1,7.7,6.97,0.73,False,4.14,451.5,2.62,2,7,110.5,7,True,True,0.405,False
457,CAND-00581,O=C(NO)C1(S(=O)(=O)c2ccc(Oc3ccc(Cl)cc3)cc2)CCN(Cc2ccc(C(F)(F)F)cc2)CC1,0.3782657160612601,6.411291814878592,0.3825158423351088,0.6659179509483301,0.5,0.2900259829790187,1,1.0,-2.290756099999998,2,0.7894736842105263,False,O=C(NO)C1(S(=O)(=O)c2ccc(Oc3ccc(Cl)cc3)cc2)CCN(Cc2ccc(C(F)(F)F)cc2)CC1,6.48,7.31,-0.83,False,2.57,569.0,5.47,2,6,95.9,7,False,True,0.867,False
458,CAND-00018,O=CN(O)C1(CS(=O)(=O)N2CCC(CCc3ccccc3F)CC2)CCOCC1,0.3771944936623747,6.536016979038871,0.4205759516726616,0.357689614628621,0.25,0.3896883927534797,1,1.0,-3.7542096000000025,3,0.8032786885245902,False,O=CN(O)C1(CS(=O)(=O)N2CCC(CCc3ccccc3F)CC2)CCOCC1,6.44,7.69,-1.25,False,2.95,428.5,2.2,1,5,87.2,8,True,True,0.767,False
459,CAND-00738,CCCCNc1nc(NCc2csc(-c3cc(F)cs3)n2)nc(N2CCC[C@@H]2CNS(=O)(=O)c2cccc(C#N)c2)n1,0.3770653537145431,6.30013490775023,0.3485961111612696,0.49673517163451,0.75,0.1758909937796942,1,1.0,-3.094027899999999,1,0.8333333333333334,False,CCCCNc1nc(NCc2csc(-c3cc(F)cs3)n2)nc(N2CCC[C@@H]2CNS(=O)(=O)c2cccc(C#N)c2)n1,6.0,5.91,0.09,False,3.66,627.8,4.84,3,12,148.8,13,False,False,0.758,False
460,CAND-00739,CCCCNc1nc(NCc2csc(-c3ccc(F)s3)n2)nc(N2CCC[C@@H]2CNS(=O)(=O)c2cccc(C#N)c2)n1,0.3770653537145431,6.30013490775023,0.3485961111612696,0.49673517163451,0.75,0.1758909937796942,1,1.0,-3.094027899999999,1,0.8433734939759037,False,CCCCNc1nc(NCc2csc(-c3ccc(F)s3)n2)nc(N2CCC[C@@H]2CNS(=O)(=O)c2cccc(C#N)c2)n1,5.99,5.9,0.09,False,3.63,627.8,4.84,3,12,148.8,13,False,False,0.751,False
461,CAND-01698,CCCc1ccc(S(=O)(=O)NC[C@H]2CCCN2c2nc(NCc3csc(-c4ccccc4C(F)(F)F)n3)nc(NCC3CCOCC3)n2)cc1,0.3770532956899471,6.053610379196332,0.2733687055745937,0.5924173841250528,1.0,0.1345631430088341,1,1.0,-2.6397332999999943,0,0.8214285714285714,False,CCCc1ccc(S(=O)(=O)NC[C@H]2CCCN2c2nc(NCc3csc(-c4ccccc4C(F)(F)F)n3)nc(NCC3CCOCC3)n2)cc1,5.91,5.94,-0.03,False,3.67,730.9,6.36,3,11,134.3,14,False,False,0.594,False
462,CAND-00525,COc1cc(/C=C2/SC(=S)NC2=O)ccc1OCc1ccc(Cl)cc1O,0.3768726387826482,6.1722151536213214,0.3095611669192025,0.6720650427737007,0.25,0.5736401844101564,1,1.0,-2.26157,3,0.7457627118644068,False,COc1cc(/C=C2/SC(=S)NC2=O)ccc1OCc1ccc(Cl)cc1O,5.43,6.55,-1.12,False,2.43,407.9,4.12,2,6,67.8,5,True,True,0.758,False
463,CAND-00939,Cc1c(CCC2CCN(S(=O)(=O)CC3(N(O)C=O)CCN(C(=O)C4CCC4)CC3)CC2)ccc(C(F)(F)F)c1C#N,0.3768657722489493,6.7854150156908535,0.4966802134505621,0.3890843684725149,0.25,0.2617522184122274,1,1.0,-3.605148800000002,3,0.725,False,Cc1c(CCC2CCN(S(=O)(=O)CC3(N(O)C=O)CCN(C(=O)C4CCC4)CC3)CC2)ccc(C(F)(F)F)c1C#N,6.54,8.52,-1.98,False,3.42,598.7,3.87,1,6,122.0,9,True,True,0.773,False
464,CAND-01271,CCCc1ccc(S(=O)(=O)NC[C@H]2CCCN2c2nc(NCCC3CC3)nc(NCc3csc(-c4cccc(O)c4)n3)n2)cc1,0.3767785235286585,6.057285347707733,0.274490128859924,0.5572779003159785,1.0,0.1317781969956547,1,1.0,-2.8065738999999987,0,0.8625,False,CCCc1ccc(S(=O)(=O)NC[C@H]2CCCN2c2nc(NCCC3CC3)nc(NCc3csc(-c4cccc(O)c4)n3)n2)cc1,5.98,6.43,-0.45,False,3.47,648.9,5.42,4,11,145.3,15,False,False,0.709,False
465,CAND-01268,CCCc1ccc(S(=O)(=O)NC[C@H]2CCCN2c2nc(NCCC3CC3)nc(NCc3csc(-c4ccccc4)n3)n2)c(O)c1,0.3767785235286585,6.057285347707733,0.274490128859924,0.5572779003159785,1.0,0.1317781969956547,1,1.0,-2.8065738999999987,0,0.8048780487804879,False,CCCc1ccc(S(=O)(=O)NC[C@H]2CCCN2c2nc(NCCC3CC3)nc(NCc3csc(-c4ccccc4)n3)n2)c(O)c1,5.97,5.69,0.28,False,3.52,648.9,5.42,4,11,145.3,15,False,False,0.699,False
466,CAND-01280,CCCc1ccc(S(=O)(=O)NC[C@H]2CCCN2c2nc(NCCC3CC3)nc(NCc3csc(-c4ccccc4)n3)n2)c(C#N)c1,0.3765243180299768,6.024286600887657,0.2644205016084387,0.5705361837549979,1.0,0.1477135574191914,1,1.0,-2.743624199999997,0,0.7857142857142857,False,CCCc1ccc(S(=O)(=O)NC[C@H]2CCCN2c2nc(NCCC3CC3)nc(NCc3csc(-c4ccccc4)n3)n2)c(C#N)c1,6.03,5.72,0.31,False,3.57,657.9,5.59,3,11,148.8,15,False,False,0.74,False
467,CAND-00265,O=C(NO)[C@@H](NCC1CC1)[C@@H](Cc1cc(O)ccc1O)C(=O)N[C@H]1c2ccccc2C[C@H]1O,0.3760954333923584,6.963513747606746,0.5510273634842768,0.129772107029293,0.25,0.1686058388340668,1,1.0,-4.836351100000002,3,0.7727272727272727,False,O=C(NO)[C@@H](NCC1CC1)[C@@H](Cc1cc(O)ccc1O)C(=O)N[C@H]1c2ccccc2C[C@H]1O,7.18,7.52,-0.34,False,3.94,455.5,0.9,7,7,151.2,9,True,False,0.852,False
468,CAND-00488,C=CCCNc1nc(NCc2csc(-c3ccccc3)n2)nc(N2CCC[C@@H]2CNS(=O)(=O)c2ccc(O)cc2)n1,0.3760397824946032,6.708763270783408,0.4732897949112639,0.4534318319317643,0.5,0.1313162834632374,1,1.0,-3.2996301,2,0.9014084507042254,False,C=CCCNc1nc(NCc2csc(-c3ccccc3)n2)nc(N2CCC[C@@H]2CNS(=O)(=O)c2ccc(O)cc2)n1,6.69,5.64,1.05,False,3.39,592.8,4.25,4,11,145.3,13,False,False,0.571,False
469,CAND-00486,C=CCCNc1nc(NCc2csc(-c3ccccc3)n2)nc(N2CCC[C@@H]2CNS(=O)(=O)c2ccccc2O)n1,0.3760397824946032,6.708763270783408,0.4732897949112639,0.4534318319317643,0.5,0.1313162834632374,1,1.0,-3.2996301,2,0.8243243243243243,False,C=CCCNc1nc(NCc2csc(-c3ccccc3)n2)nc(N2CCC[C@@H]2CNS(=O)(=O)c2ccccc2O)n1,6.69,5.64,1.05,False,3.45,592.8,4.25,4,11,145.3,13,False,False,0.593,False
470,CAND-00485,C=CCCNc1nc(NCc2csc(-c3ccc(O)cc3)n2)nc(N2CCC[C@@H]2CNS(=O)(=O)c2ccccc2)n1,0.3760397824946032,6.708763270783408,0.4732897949112639,0.4534318319317643,0.5,0.1313162834632374,1,1.0,-3.2996301,2,0.9014084507042254,False,C=CCCNc1nc(NCc2csc(-c3ccc(O)cc3)n2)nc(N2CCC[C@@H]2CNS(=O)(=O)c2ccccc2)n1,6.61,5.65,0.96,False,3.4,592.8,4.25,4,11,145.3,13,False,False,0.614,False
471,CAND-01679,CCCc1ccc(S(=O)(=O)NC[C@H]2CCCN2c2nc(NCc3nc(-c4ccccc4)sc3C)nc(NCC3CCOCC3)n2)cc1,0.3759882848392392,6.00882452661838,0.2597022216908608,0.5555272088337034,1.0,0.1537905799793626,1,1.0,-2.8148860999999954,0,0.7831325301204819,False,CCCc1ccc(S(=O)(=O)NC[C@H]2CCCN2c2nc(NCc3nc(-c4ccccc4)sc3C)nc(NCC3CCOCC3)n2)cc1,5.86,5.63,0.23,False,3.57,676.9,5.65,3,11,134.3,14,False,False,0.582,False
472,CAND-00510,COc1cc(/C=C2/SC(=S)NC2=O)ccc1OCc1ccc(Cl)cc1Cl,0.3757981973501002,6.242069339992879,0.3308772981817819,0.7900985319461387,0.25,0.5345318275306974,1,1.0,-1.7011526,3,0.7719298245614035,False,COc1cc(/C=C2/SC(=S)NC2=O)ccc1OCc1ccc(Cl)cc1Cl,5.54,5.6,-0.06,False,2.31,426.3,5.07,1,5,47.6,5,True,True,0.724,False
473,CAND-01705,CCCc1ccc(S(=O)(=O)NC[C@H]2CCCN2c2nc(NCc3csc(-c4cccc(C#N)c4)n3)nc(NCC3CCOCC3)n2)cc1,0.3757705922968533,5.995774260223472,0.2557199093065203,0.4761073536434924,1.0,0.1597021254786438,1,1.0,-3.191967799999996,0,0.8352941176470589,False,CCCc1ccc(S(=O)(=O)NC[C@H]2CCCN2c2nc(NCc3csc(-c4cccc(C#N)c4)n3)nc(NCC3CCOCC3)n2)cc1,5.76,5.9,-0.14,False,3.61,687.9,5.22,3,12,158.1,14,False,False,0.636,False
474,CAND-01684,CCCc1ccc(S(=O)(=O)NC[C@H]2CCCN2c2nc(NCc3csc(-c4ccccc4)n3)nc(NCC3CCOCC3)n2)c(OC)c1,0.3756150946535779,6.01713858264099,0.2622392709173701,0.4901377383198344,1.0,0.1483181973163097,1,1.0,-3.125352199999996,0,0.7906976744186046,False,CCCc1ccc(S(=O)(=O)NC[C@H]2CCCN2c2nc(NCc3csc(-c4ccccc4)n3)nc(NCC3CCOCC3)n2)c(OC)c1,5.92,5.59,0.33,False,3.57,692.9,5.35,3,12,143.5,15,False,False,0.673,False
475,CAND-01480,COc1cnn(-c2ccc(S(=O)(=O)N[C@@]3(C(=O)O)[C@H](C)[C@@H]3c3ccccc3)s2)c1F,0.3754713517227063,7.64515754255493,0.7590321998752199,0.3909482666475706,1.0,0.5714220116926755,2,0.5,-3.5962991000000004,0,0.6764705882352942,True,COc1cnn(-c2ccc(S(=O)(=O)N[C@@]3(C(=O)O)[C@H](C)[C@@H]3c3ccccc3)s2)c1F,7.75,6.97,0.78,True,3.95,451.5,2.62,2,7,110.5,7,True,True,0.383,False
476,CAND-00483,C=CCCNc1nc(NCc2csc(-c3ccccc3O)n2)nc(N2CCC[C@@H]2CNS(=O)(=O)c2ccccc2)n1,0.3752950113178677,6.703881954943964,0.4718002525577929,0.4534318319317643,0.5,0.1313162834632374,1,1.0,-3.2996301,2,0.8356164383561644,False,C=CCCNc1nc(NCc2csc(-c3ccccc3O)n2)nc(N2CCC[C@@H]2CNS(=O)(=O)c2ccccc2)n1,6.66,5.59,1.07,False,3.44,592.8,4.25,4,11,145.3,13,False,False,0.617,False
477,CAND-01251,CCCc1ccc(S(=O)(=O)NC[C@H]2CCCN2c2nc(NCCC3CC3)nc(NCc3nc(-c4ccccc4)sc3Cl)n2)cc1,0.3751854873162285,6.045076367472184,0.2707645364680962,0.6753113894884165,1.0,0.1326773969406014,1,1.0,-2.246156499999998,0,0.7682926829268293,False,CCCc1ccc(S(=O)(=O)NC[C@H]2CCCN2c2nc(NCCC3CC3)nc(NCc3nc(-c4ccccc4)sc3Cl)n2)cc1,5.86,5.77,0.09,False,3.52,667.3,6.37,3,10,125.0,15,False,False,0.638,False
478,CAND-00828,C=CCCNc1nc(NCc2nc(-c3cccs3)sc2F)nc(N2CCC[C@@H]2CNS(=O)(=O)c2ccc(C(F)(F)F)cc2)n1,0.3743686400623945,6.77381568605954,0.4931406570428207,0.5821387429634144,0.5,0.0926610384699473,1,1.0,-2.6885357999999986,2,0.8072289156626506,False,C=CCCNc1nc(NCc2nc(-c3cccs3)sc2F)nc(N2CCC[C@@H]2CNS(=O)(=O)c2ccc(C(F)(F)F)cc2)n1,6.66,5.82,0.84,False,3.81,668.8,5.76,3,11,125.0,13,False,False,0.733,False
479,CAND-01277,CCCc1ccc(S(=O)(=O)NC[C@H]2CCCN2c2nc(NCCC3CC3)nc(NCc3csc(-c4cccc(C(F)(F)F)c4)n3)n2)cc1,0.3743677828289009,6.057285347707733,0.274490128859924,0.6868462142365579,1.0,0.1237423946631294,1,1.0,-2.1913896999999984,0,0.8414634146341463,False,CCCc1ccc(S(=O)(=O)NC[C@H]2CCCN2c2nc(NCCC3CC3)nc(NCc3csc(-c4cccc(C(F)(F)F)c4)n3)n2)cc1,5.93,5.95,-0.02,False,3.54,700.9,6.74,3,10,125.0,15,False,False,0.66,False
480,CAND-01274,CCCc1ccc(S(=O)(=O)NC[C@H]2CCCN2c2nc(NCCC3CC3)nc(NCc3csc(-c4ccccc4)n3)n2)c(C(F)(F)F)c1,0.3743677828289009,6.057285347707733,0.274490128859924,0.6868462142365579,1.0,0.1237423946631294,1,1.0,-2.1913896999999984,0,0.7857142857142857,False,CCCc1ccc(S(=O)(=O)NC[C@H]2CCCN2c2nc(NCCC3CC3)nc(NCc3csc(-c4ccccc4)n3)n2)c(C(F)(F)F)c1,5.92,5.72,0.2,False,3.6,700.9,6.74,3,10,125.0,15,False,False,0.655,False
481,CAND-00454,O=S(=O)(NC[C@H]1CCCN1c1nc(NCF)nc(NCc2csc(-c3cccs3)n2)n1)c1ccc(C(F)(F)F)cc1,0.3742494005320599,6.32089647787694,0.3549315418208468,0.5157468614102605,0.75,0.1559454320721215,1,1.0,-3.0037613,1,0.8873239436619719,False,O=S(=O)(NC[C@H]1CCCN1c1nc(NCF)nc(NCc2csc(-c3cccs3)n2)n1)c1ccc(C(F)(F)F)cc1,6.45,5.79,0.66,False,3.6,628.7,4.97,3,11,125.0,11,False,False,0.606,False
482,CAND-00800,C=CCCNc1nc(NCc2ccc(Cl)cc2)nc(N2CCC[C@@H]2CNS(=O)(=O)c2ccc(C(F)(F)F)cc2)n1,0.3742015312516584,6.569403127012323,0.4307637950864928,0.5752317446309748,0.5,0.1960654456947068,1,1.0,-2.721329900000001,2,0.8571428571428571,False,C=CCCNc1nc(NCc2ccc(Cl)cc2)nc(N2CCC[C@@H]2CNS(=O)(=O)c2ccc(C(F)(F)F)cc2)n1,6.3,5.9,0.4,False,3.29,596.1,5.09,3,8,112.1,12,False,False,0.64,False
483,CAND-00921,Cc1c(CCC2CCN(S(=O)(=O)CC3(N(O)C=O)CCN(C(=O)C4CCC4)CC3)CC2)ccc(C(F)(F)F)c1F,0.3741210861611454,6.885672878290112,0.5272740814816643,0.4380929042571504,0.25,0.2016134847343776,1,1.0,-3.372458600000002,3,0.7866666666666666,False,Cc1c(CCC2CCN(S(=O)(=O)CC3(N(O)C=O)CCN(C(=O)C4CCC4)CC3)CC2)ccc(C(F)(F)F)c1F,6.85,8.51,-1.66,False,3.33,591.7,4.14,1,5,98.2,9,True,True,0.794,False
484,CAND-00216,O=C1NC(=O)/C(=C\c2cccc(Oc3cc(Cl)cc(Cl)c3)c2O)S1,0.374048385848903,5.488756243715852,0.1010024449174479,0.8087124923848752,0.5,0.7451572113005966,1,1.0,-1.6127743999999993,2,0.6153846153846154,False,O=C1NC(=O)/C(=C\c2cccc(Oc3cc(Cl)cc(Cl)c3)c2O)S1,5.31,6.35,-1.04,False,2.55,382.2,4.82,2,5,75.6,3,True,True,0.591,False
485,CAND-01430,CCCCNc1nc(NCc2nc(-c3cccs3)sc2F)nc(N2CCC[C@@H]2CNS(=O)(=O)c2ccc(Cl)cc2)n1,0.373412399291082,6.306724844063752,0.3506070421414672,0.6015103773679289,0.75,0.160362927401161,1,1.0,-2.596560199999998,1,0.7901234567901234,False,CCCCNc1nc(NCc2nc(-c3cccs3)sc2F)nc(N2CCC[C@@H]2CNS(=O)(=O)c2ccc(Cl)cc2)n1,6.29,5.72,0.57,False,3.57,637.2,5.62,3,11,125.0,13,False,False,0.513,False
486,CAND-01462,CCCCNc1nc(NCc2csc(-c3cc(C(F)(F)F)cs3)n2)nc(N2CCC[C@@H]2CNS(=O)(=O)c2ccc(Cl)cc2)n1,0.3731710352507295,6.354553536287337,0.3652020540442982,0.6688118720648537,0.75,0.1352333607619347,1,1.0,-2.2770158999999968,1,0.7710843373493976,False,CCCCNc1nc(NCc2csc(-c3cc(C(F)(F)F)cs3)n2)nc(N2CCC[C@@H]2CNS(=O)(=O)c2ccc(Cl)cc2)n1,6.14,6.2,-0.06,False,3.63,687.2,6.5,3,11,125.0,13,False,False,0.519,False
487,CAND-00455,C=CCCNc1nc(NCc2nc(-c3ccccc3)sc2F)nc(N2CCC[C@@H]2CNS(=O)(=O)c2ccccc2)n1,0.3729363331654074,6.652769337482666,0.4562031449315755,0.5156986511554192,0.5,0.1494492023320656,1,1.0,-3.003990199999999,2,0.75,False,C=CCCNc1nc(NCc2nc(-c3ccccc3)sc2F)nc(N2CCC[C@@H]2CNS(=O)(=O)c2ccccc2)n1,6.75,5.66,1.09,False,3.54,594.7,4.68,3,10,125.0,13,True,False,0.578,False
488,CAND-00835,C=CCCNc1nc(NCc2csc(-c3sccc3Cl)n2)nc(N2CCC[C@@H]2CNS(=O)(=O)c2ccc(C(F)(F)F)cc2)n1,0.372813484211655,6.728924683972246,0.4794420865962096,0.6379054129121974,0.5,0.1103081363785006,1,1.0,-2.4237583,2,0.8072289156626506,False,C=CCCNc1nc(NCc2csc(-c3sccc3Cl)n2)nc(N2CCC[C@@H]2CNS(=O)(=O)c2ccc(C(F)(F)F)cc2)n1,6.62,5.82,0.8,False,3.74,685.2,6.28,3,11,125.0,13,False,False,0.778,False
489,CAND-01478,COc1cnn(-c2ccc(S(=O)(=O)N[C@@]3(C(=O)O)[C@H](C)[C@@H]3c3cccc(F)c3)s2)c1,0.3727544473519706,7.609543735916342,0.7481645823922771,0.3909482666475706,1.0,0.5714220116926755,2,0.5,-3.5962991000000004,0,0.8307692307692308,True,COc1cnn(-c2ccc(S(=O)(=O)N[C@@]3(C(=O)O)[C@H](C)[C@@H]3c3cccc(F)c3)s2)c1,7.77,7.0,0.77,True,3.95,451.5,2.62,2,7,110.5,7,True,True,0.438,False
490,CAND-01278,CCCc1ccc(S(=O)(=O)NC[C@H]2CCCN2c2nc(NCCC3CC3)nc(NCc3csc(-c4ccc(C(F)(F)F)cc4)n3)n2)cc1,0.3726722825006281,6.046172843804915,0.2710991282033786,0.6868462142365579,1.0,0.1237423946631294,1,1.0,-2.1913896999999984,0,0.8481012658227848,False,CCCc1ccc(S(=O)(=O)NC[C@H]2CCCN2c2nc(NCCC3CC3)nc(NCc3csc(-c4ccc(C(F)(F)F)cc4)n3)n2)cc1,5.89,5.84,0.05,False,3.53,700.9,6.74,3,10,125.0,15,False,False,0.661,False
491,CAND-01516,COc1cn(-c2ccc(S(=O)(=O)N[C@@]3(C(=O)O)[C@H](C)[C@@H]3c3ccccc3)s2)nc1C#N,0.3718988635810058,7.630930307671762,0.7546907334288131,0.341939730862935,1.0,0.5548412014920167,2,0.5,-3.828989300000001,0,0.6811594202898551,True,COc1cn(-c2ccc(S(=O)(=O)N[C@@]3(C(=O)O)[C@H](C)[C@@H]3c3ccccc3)s2)nc1C#N,7.62,6.79,0.83,True,4.04,458.5,2.35,2,8,134.3,7,True,True,0.477,False
492,CAND-01284,CCCc1ccc(S(=O)(=O)NC[C@H]2CCCN2c2nc(NCCC3CC3)nc(NCc3csc(-c4ccc(C#N)cc4)n3)n2)cc1,0.3717934633846512,5.9932800361390655,0.2549587923177875,0.5705361837549979,1.0,0.1477135574191914,1,1.0,-2.743624199999997,0,0.8375,False,CCCc1ccc(S(=O)(=O)NC[C@H]2CCCN2c2nc(NCCC3CC3)nc(NCc3csc(-c4ccc(C#N)cc4)n3)n2)cc1,5.98,5.83,0.15,False,3.49,657.9,5.59,3,11,148.8,15,False,False,0.771,False
493,CAND-00802,C=CCCNc1nc(NCc2ccccc2)nc(N2CCC[C@@H]2CNS(=O)(=O)c2ccc(C(F)(F)F)c(Cl)c2)n1,0.3717563974412755,6.553377439162133,0.4258735274657269,0.575231744630975,0.5,0.1960654456947068,1,1.0,-2.7213299,2,0.7866666666666666,False,C=CCCNc1nc(NCc2ccccc2)nc(N2CCC[C@@H]2CNS(=O)(=O)c2ccc(C(F)(F)F)c(Cl)c2)n1,6.47,5.69,0.78,False,3.37,596.1,5.09,3,8,112.1,12,False,False,0.733,False
494,CAND-01266,CCCc1ccc(S(=O)(=O)NC[C@H]2CCCN2c2nc(NCCC3CC3)nc(NCc3csc(-c4ccc(OC)cc4)n3)n2)cc1,0.371731302305562,6.014644358556583,0.2614781539286373,0.5845665684313397,1.0,0.1366407511374778,1,1.0,-2.677008599999999,0,0.8481012658227848,False,CCCc1ccc(S(=O)(=O)NC[C@H]2CCCN2c2nc(NCCC3CC3)nc(NCc3csc(-c4ccc(OC)cc4)n3)n2)cc1,5.91,5.86,0.05,False,3.41,662.9,5.73,3,11,134.3,16,False,False,0.729,False
495,CAND-00924,Cc1c(CCC2CCN(S(=O)(=O)CC3(N(O)C=O)CCN(C(=O)C4CCC4)CC3)CC2)ccc(C(F)(F)F)c1Cl,0.3714851396534809,6.772539920377089,0.4927513548383291,0.4938595742059337,0.25,0.2503648741143879,1,1.0,-3.107681100000001,3,0.7532467532467533,False,Cc1c(CCC2CCN(S(=O)(=O)CC3(N(O)C=O)CCN(C(=O)C4CCC4)CC3)CC2)ccc(C(F)(F)F)c1Cl,6.8,8.52,-1.72,False,3.33,608.1,4.65,1,5,98.2,9,True,True,0.774,False
496,CAND-01264,CCCc1ccc(S(=O)(=O)NC[C@H]2CCCN2c2nc(NCCC3CC3)nc(NCc3csc(-c4ccccc4OC)n3)n2)cc1,0.3709865311288265,6.00976304271714,0.2599886115751663,0.5845665684313397,1.0,0.1366407511374778,1,1.0,-2.677008599999999,0,0.8271604938271605,False,CCCc1ccc(S(=O)(=O)NC[C@H]2CCCN2c2nc(NCCC3CC3)nc(NCc3csc(-c4ccccc4OC)n3)n2)cc1,6.03,6.0,0.03,False,3.43,662.9,5.73,3,11,134.3,16,False,False,0.748,False
497,CAND-01702,CCCc1ccc(S(=O)(=O)NC[C@H]2CCCN2c2nc(NCc3csc(-c4ccccc4)n3)nc(NCC3CCOCC3)n2)c(C#N)c1,0.3707357786711107,5.962775513403396,0.245650282055035,0.4761073536434924,1.0,0.1597021254786438,1,1.0,-3.191967799999996,0,0.7906976744186046,False,CCCc1ccc(S(=O)(=O)NC[C@H]2CCCN2c2nc(NCc3csc(-c4ccccc4)n3)nc(NCC3CCOCC3)n2)c(C#N)c1,5.78,5.67,0.11,False,3.66,687.9,5.22,3,12,158.0,14,False,False,0.624,False
498,CAND-00467,C=CCCNc1nc(NCc2csc(-c3ccccc3)n2)nc(N2CCC[C@@H]2CNS(=O)(=O)c2cccc(Cl)c2)n1,0.3706167222046489,6.659345238055559,0.4582097928801448,0.5714653211042022,0.5,0.1383727525485881,1,1.0,-2.7392126999999995,2,0.8648648648648649,False,C=CCCNc1nc(NCc2csc(-c3ccccc3)n2)nc(N2CCC[C@@H]2CNS(=O)(=O)c2cccc(Cl)c2)n1,6.79,5.68,1.11,False,3.38,611.2,5.2,3,10,125.0,13,False,False,0.485,False
499,CAND-00464,C=CCCNc1nc(NCc2csc(-c3cccc(Cl)c3)n2)nc(N2CCC[C@@H]2CNS(=O)(=O)c2ccccc2)n1,0.3706167222046489,6.659345238055559,0.4582097928801448,0.5714653211042022,0.5,0.1383727525485881,1,1.0,-2.7392127,2,0.8648648648648649,False,C=CCCNc1nc(NCc2csc(-c3cccc(Cl)c3)n2)nc(N2CCC[C@@H]2CNS(=O)(=O)c2ccccc2)n1,6.78,5.64,1.14,False,3.38,611.2,5.2,3,10,125.0,13,False,False,0.48,False
500,CAND-01707,O=S(=O)(NC[C@H]1CCCN1c1nc(NCc2csc(-c3ccccc3)n2)nc(NCC2CCOCC2)n1)c1ccc(CCCF)cc1,0.3705602381672745,5.976720191156436,0.2499055256823404,0.4967784113257248,1.0,0.1520249177536811,1,1.0,-3.093822599999996,0,0.85,False,O=S(=O)(NC[C@H]1CCCN1c1nc(NCc2csc(-c3ccccc3)n2)nc(NCC2CCOCC2)n1)c1ccc(CCCF)cc1,5.88,5.58,0.3,False,3.56,680.9,5.3,3,11,134.3,15,False,False,0.571,False
501,CAND-00743,CCCCNc1nc(NCc2csc(-c3cccs3)n2)nc(N2CCC[C@@H]2CNS(=O)(=O)c2cccc(C#N)c2F)n1,0.3704703789208582,6.256910685429689,0.3354061615738999,0.49673517163451,0.75,0.1758909937796942,1,1.0,-3.094027899999999,1,0.7558139534883721,False,CCCCNc1nc(NCc2csc(-c3cccs3)n2)nc(N2CCC[C@@H]2CNS(=O)(=O)c2cccc(C#N)c2F)n1,6.04,5.82,0.22,False,3.61,627.8,4.84,3,12,148.8,13,False,False,0.72,False
502,CAND-01690,CCCc1ccc(S(=O)(=O)NC[C@H]2CCCN2c2nc(NCc3csc(-c4ccccc4)n3)nc(NCC3CCOCC3)n2)c(O)c1,0.3703596675385992,5.995774260223472,0.2557199093065203,0.4628490702044729,1.0,0.1416657096177969,1,1.0,-3.254917499999997,0,0.8095238095238095,False,CCCc1ccc(S(=O)(=O)NC[C@H]2CCCN2c2nc(NCc3csc(-c4ccccc4)n3)nc(NCC3CCOCC3)n2)c(O)c1,5.81,5.64,0.17,False,3.61,678.9,5.05,4,12,154.5,14,False,False,0.605,False
503,CAND-01693,CCCc1ccc(S(=O)(=O)NC[C@H]2CCCN2c2nc(NCc3csc(-c4cccc(O)c4)n3)nc(NCC3CCOCC3)n2)cc1,0.3703596675385992,5.995774260223472,0.2557199093065203,0.4628490702044731,1.0,0.1416657096177969,1,1.0,-3.2549174999999964,0,0.8658536585365854,False,CCCc1ccc(S(=O)(=O)NC[C@H]2CCCN2c2nc(NCc3csc(-c4cccc(O)c4)n3)nc(NCC3CCOCC3)n2)cc1,5.81,6.55,-0.74,False,3.56,678.9,5.05,4,12,154.5,14,False,False,0.606,False
504,CAND-01697,CCCc1ccc(S(=O)(=O)NC[C@H]2CCCN2c2nc(NCc3nc(-c4ccccc4)sc3C(F)(F)F)nc(NCC3CCOCC3)n2)cc1,0.3702200537480806,6.00882452661838,0.2597022216908608,0.5924173841250526,1.0,0.1345631430088341,1,1.0,-2.639733299999995,0,0.7558139534883721,False,CCCc1ccc(S(=O)(=O)NC[C@H]2CCCN2c2nc(NCc3nc(-c4ccccc4)sc3C(F)(F)F)nc(NCC3CCOCC3)n2)cc1,5.86,5.69,0.17,False,3.76,730.9,6.36,3,11,134.3,14,False,False,0.578,False
505,CAND-00579,O=C(NO)C1(S(=O)(=O)c2ccc(Oc3ccc(Cl)cc3)cc2)CCN(Cc2ccccc2C(F)(F)F)CC1,0.3701955481184645,6.358399007212742,0.3663755064495177,0.6659179509483298,0.5,0.2900259829790187,1,1.0,-2.290756099999999,2,0.7377049180327869,False,O=C(NO)C1(S(=O)(=O)c2ccc(Oc3ccc(Cl)cc3)cc2)CCN(Cc2ccccc2C(F)(F)F)CC1,6.49,7.23,-0.74,False,2.63,569.0,5.47,2,6,95.9,7,False,True,0.825,False
506,CAND-01260,CCCc1ccc(S(=O)(=O)NC[C@H]2CCCN2c2nc(NCCC3CC3)nc(NCc3csc(-c4ccc(C)cc4)n3)n2)cc1,0.3700947163454953,5.9932800361390655,0.2549587923177875,0.6499560389452088,1.0,0.1420510672886717,1,1.0,-2.3665424999999978,0,0.881578947368421,False,CCCc1ccc(S(=O)(=O)NC[C@H]2CCCN2c2nc(NCCC3CC3)nc(NCc3csc(-c4ccc(C)cc4)n3)n2)cc1,5.83,5.81,0.02,False,3.39,646.9,6.03,3,10,125.0,15,False,False,0.645,False
507,CAND-01475,COc1cnn(-c2sc(S(=O)(=O)N[C@@]3(C(=O)O)[C@H](C)[C@@H]3c3ccccc3)cc2F)c1,0.3696559505726873,7.568927928324335,0.7357705952751443,0.3909482666475705,1.0,0.5714220116926751,2,0.5,-3.5962991000000013,0,0.7313432835820896,True,COc1cnn(-c2sc(S(=O)(=O)N[C@@]3(C(=O)O)[C@H](C)[C@@H]3c3ccccc3)cc2F)c1,7.69,6.94,0.75,False,4.06,451.5,2.62,2,7,110.5,7,True,True,0.393,False
508,CAND-01258,CCCc1ccc(S(=O)(=O)NC[C@H]2CCCN2c2nc(NCCC3CC3)nc(NCc3csc(-c4ccccc4C)n3)n2)cc1,0.3693499451687598,5.988398720299622,0.2534692499643166,0.6499560389452088,1.0,0.1420510672886717,1,1.0,-2.3665424999999978,0,0.8589743589743589,False,CCCc1ccc(S(=O)(=O)NC[C@H]2CCCN2c2nc(NCCC3CC3)nc(NCc3csc(-c4ccccc4C)n3)n2)cc1,5.92,5.91,0.01,False,3.42,646.9,6.03,3,10,125.0,15,False,False,0.672,False
509,CAND-00669,O=CN(O)C1(CS(=O)(=O)N2CCC(CCc3ccc(Cl)cc3CF)CC2)CCOCC1,0.3690975169895411,6.5888922267503816,0.4367109291064391,0.4425301432564877,0.25,0.3358068414544051,1,1.0,-3.351390800000001,3,0.803030303030303,False,O=CN(O)C1(CS(=O)(=O)N2CCC(CCc3ccc(Cl)cc3CF)CC2)CCOCC1,6.61,8.16,-1.55,False,3.2,477.0,3.18,1,5,87.2,9,True,True,0.765,False
510,CAND-00807,C=CCCNc1nc(NCc2ccccc2)nc(N2CCC[C@@H]2CNS(=O)(=O)c2ccc(C(F)(F)F)c(C)c2)n1,0.3687662887136486,6.506945517644998,0.4117047426692293,0.5498763940877675,0.5,0.2097130579301132,1,1.0,-2.8417158999999987,2,0.7866666666666666,False,C=CCCNc1nc(NCc2ccccc2)nc(N2CCC[C@@H]2CNS(=O)(=O)c2ccc(C(F)(F)F)c(C)c2)n1,6.35,5.73,0.62,False,3.36,575.7,4.75,3,8,112.1,12,True,False,0.619,False
511,CAND-00214,O=C1NC(=O)/C(=C\c2ccc(O)c(Oc3cc(Cl)cc(Cl)c3)c2)S1,0.3685599870822391,5.452784647781744,0.0900256473841202,0.8087124923848753,0.5,0.7451572113005965,1,1.0,-1.6127743999999988,2,0.673469387755102,False,O=C1NC(=O)/C(=C\c2ccc(O)c(Oc3cc(Cl)cc(Cl)c3)c2)S1,5.27,6.29,-1.02,False,2.47,382.2,4.82,2,5,75.6,3,True,True,0.392,False
512,CAND-00806,C=CCCNc1nc(NCc2ccccc2)nc(N2CCC[C@@H]2CNS(=O)(=O)c2ccc(C(F)(F)F)cc2C)n1,0.3684399638609367,6.504806747077468,0.4110520929638055,0.5498763940877675,0.5,0.2097130579301132,1,1.0,-2.8417158999999987,2,0.7972972972972973,False,C=CCCNc1nc(NCc2ccccc2)nc(N2CCC[C@@H]2CNS(=O)(=O)c2ccc(C(F)(F)F)cc2C)n1,6.29,5.76,0.53,False,3.34,575.7,4.75,3,8,112.1,12,True,False,0.592,False
513,CAND-00804,C=CCCNc1nc(NCc2cccc(C)c2)nc(N2CCC[C@@H]2CNS(=O)(=O)c2ccc(C(F)(F)F)cc2)n1,0.3684399638609366,6.504806747077468,0.4110520929638055,0.5498763940877672,0.5,0.2097130579301128,1,1.0,-2.8417159,2,0.8356164383561644,False,C=CCCNc1nc(NCc2cccc(C)c2)nc(N2CCC[C@@H]2CNS(=O)(=O)c2ccc(C(F)(F)F)cc2)n1,6.28,6.15,0.13,False,3.31,575.7,4.75,3,8,112.1,12,True,False,0.585,False
514,CAND-00824,C=CCCNc1nc(NCc2cccc(C#N)c2)nc(N2CCC[C@@H]2CNS(=O)(=O)c2ccc(C(F)(F)F)cc2)n1,0.3683869042019042,6.504806747077468,0.4110520929638055,0.4704565388975563,0.5,0.2095361924000046,1,1.0,-3.2187976000000003,2,0.8026315789473685,False,C=CCCNc1nc(NCc2cccc(C#N)c2)nc(N2CCC[C@@H]2CNS(=O)(=O)c2ccc(C(F)(F)F)cc2)n1,6.34,6.09,0.25,False,3.41,586.6,4.31,3,9,135.9,12,True,False,0.701,False
515,CAND-00923,Cc1cc(C(F)(F)F)cc(F)c1CCC1CCN(S(=O)(=O)CC2(N(O)C=O)CCN(C(=O)C3CCC3)CC2)CC1,0.3682692075832198,6.847318993922383,0.5155703243258127,0.4380929042571514,0.25,0.2016134847343781,1,1.0,-3.372458599999997,3,0.7837837837837838,False,Cc1cc(C(F)(F)F)cc(F)c1CCC1CCN(S(=O)(=O)CC2(N(O)C=O)CCN(C(=O)C3CCC3)CC2)CC1,7.03,8.4,-1.37,False,3.3,591.7,4.14,1,5,98.2,9,True,True,0.726,False
516,CAND-00059,Cc1cc(F)cc(C(F)(F)F)c1CCC1CCN(S(=O)(=O)CC2(N(O)C=O)CCN(C(=O)C3CCC3)CC2)CC1,0.3682692075832198,6.847318993922383,0.5155703243258127,0.4380929042571514,0.25,0.2016134847343781,1,1.0,-3.372458599999997,3,0.7631578947368421,False,Cc1cc(F)cc(C(F)(F)F)c1CCC1CCN(S(=O)(=O)CC2(N(O)C=O)CCN(C(=O)C3CCC3)CC2)CC1,7.09,8.35,-1.26,False,3.33,591.7,4.14,1,5,98.2,9,True,True,0.731,False
517,CAND-00798,C=CCCNc1nc(NCc2ccccc2Cl)nc(N2CCC[C@@H]2CNS(=O)(=O)c2ccc(C(F)(F)F)cc2)n1,0.3681916963842963,6.530013978980195,0.4187441253517684,0.5752317446309748,0.5,0.1960654456947068,1,1.0,-2.721329900000001,2,0.8082191780821918,False,C=CCCNc1nc(NCc2ccccc2Cl)nc(N2CCC[C@@H]2CNS(=O)(=O)c2ccc(C(F)(F)F)cc2)n1,6.47,5.93,0.54,False,3.32,596.1,5.09,3,8,112.1,12,False,False,0.756,False
518,CAND-01447,CCCCNc1nc(NCc2csc(-c3cccs3)n2)nc(N2CCC[C@@H]2CNS(=O)(=O)c2ccc(Cl)c(C)c2)n1,0.3679614531475005,6.277480344844671,0.3416830303328326,0.6319216967735042,0.75,0.1570664599369473,1,1.0,-2.452168699999998,1,0.8846153846153846,False,CCCCNc1nc(NCc2csc(-c3cccs3)n2)nc(N2CCC[C@@H]2CNS(=O)(=O)c2ccc(Cl)c(C)c2)n1,6.3,5.58,0.72,False,3.43,633.3,5.79,3,11,125.0,13,False,False,0.521,False
519,CAND-00811,C=CCCNc1nc(NCc2ccccc2)nc(N2CCC[C@@H]2CNS(=O)(=O)c2ccc(C(F)(F)F)cc2OC)n1,0.3674684558781345,6.5261710694949855,0.4175714545746553,0.4844869235738984,0.5,0.1956090953026894,1,1.0,-3.152182,2,0.7564102564102564,False,C=CCCNc1nc(NCc2ccccc2)nc(N2CCC[C@@H]2CNS(=O)(=O)c2ccc(C(F)(F)F)cc2OC)n1,6.5,5.63,0.87,False,3.36,591.7,4.45,3,9,121.4,13,True,False,0.62,False
520,CAND-00654,Cc1c(Cl)ccc(CCC2CCN(S(=O)(=O)CC3(N(O)C=O)CCOCC3)CC2)c1C,0.3671287952690025,6.536313824636198,0.4206665346433615,0.46965461427847,0.25,0.3559850931577392,1,1.0,-3.222605100000002,3,0.7727272727272727,False,Cc1c(Cl)ccc(CCC2CCN(S(=O)(=O)CC3(N(O)C=O)CCOCC3)CC2)c1C,6.63,8.15,-1.52,False,3.13,473.0,3.33,1,5,87.2,8,True,True,0.75,False
521,CAND-01272,CCCc1ccc(S(=O)(=O)NC[C@H]2CCCN2c2nc(NCCC3CC3)nc(NCc3csc(-c4ccc(O)cc4)n3)n2)cc1,0.3670128552575902,5.9932800361390655,0.2549587923177875,0.5572779003159785,1.0,0.1317781969956547,1,1.0,-2.8065738999999987,0,0.8701298701298701,False,CCCc1ccc(S(=O)(=O)NC[C@H]2CCCN2c2nc(NCCC3CC3)nc(NCc3csc(-c4ccc(O)cc4)n3)n2)cc1,5.89,6.29,-0.4,False,3.44,648.9,5.42,4,11,145.3,15,False,False,0.715,False
522,CAND-01659,CC(C)[C@H]1C[C@@]1(NS(=O)(=O)c1ccc(-n2cc(Cl)c(C#N)n2)s1)C(=O)O,0.3669565980966554,7.190073703978015,0.6201625437749259,0.381119672111294,1.0,0.7461064143528259,2,0.5,-3.6429648000000014,0,0.6875,True,CC(C)[C@H]1C[C@@]1(NS(=O)(=O)c1ccc(-n2cc(Cl)c(C#N)n2)s1)C(=O)O,6.63,6.33,0.3,True,4.19,414.9,2.24,2,7,125.1,6,True,True,0.733,False
523,CAND-00215,O=C1NC(=O)/C(=C\c2cccc(Oc3cc(Cl)cc(Cl)c3O)c2)S1,0.3665607920082638,5.439681693632111,0.0860272572361697,0.8087124923848752,0.5,0.7451572113005966,1,1.0,-1.6127743999999993,2,0.7058823529411765,False,O=C1NC(=O)/C(=C\c2cccc(Oc3cc(Cl)cc(Cl)c3O)c2)S1,5.24,6.42,-1.18,False,2.46,382.2,4.82,2,5,75.6,3,True,True,0.382,False
524,CAND-00736,CCCCNc1nc(NCc2nc(-c3cccs3)sc2F)nc(N2CCC[C@@H]2CNS(=O)(=O)c2cccc(C#N)c2)n1,0.3665452880068486,6.231185188729088,0.3275559797458807,0.49673517163451,0.75,0.1758909937796942,1,1.0,-3.094027899999999,1,0.8045977011494253,False,CCCCNc1nc(NCc2nc(-c3cccs3)sc2F)nc(N2CCC[C@@H]2CNS(=O)(=O)c2cccc(C#N)c2)n1,5.98,5.82,0.16,False,3.69,627.8,4.84,3,12,148.8,13,False,False,0.753,False
525,CAND-00836,C=CCCNc1nc(NCc2csc(-c3cc(Cl)cs3)n2)nc(N2CCC[C@@H]2CNS(=O)(=O)c2ccc(C(F)(F)F)cc2)n1,0.3664413134283348,6.687160744727712,0.4666977450295693,0.6379054129121974,0.5,0.1103081363785006,1,1.0,-2.4237583,2,0.8170731707317073,False,C=CCCNc1nc(NCc2csc(-c3cc(Cl)cs3)n2)nc(N2CCC[C@@H]2CNS(=O)(=O)c2ccc(C(F)(F)F)cc2)n1,6.55,5.89,0.66,False,3.76,685.2,6.28,3,11,125.0,13,False,False,0.707,False
526,CAND-01270,CCCc1ccc(S(=O)(=O)NC[C@H]2CCCN2c2nc(NCCC3CC3)nc(NCc3csc(-c4ccccc4O)n3)n2)cc1,0.3662680840808547,5.988398720299622,0.2534692499643166,0.5572779003159785,1.0,0.1317781969956547,1,1.0,-2.8065738999999987,0,0.8481012658227848,False,CCCc1ccc(S(=O)(=O)NC[C@H]2CCCN2c2nc(NCCC3CC3)nc(NCc3csc(-c4ccccc4O)n3)n2)cc1,5.98,6.47,-0.49,False,3.48,648.9,5.42,4,11,145.3,15,False,False,0.73,False
527,CAND-00742,CCCCNc1nc(NCc2csc(-c3cccs3)n2)nc(N2CCC[C@@H]2CNS(=O)(=O)c2ccc(F)c(C#N)c2)n1,0.3660509365865425,6.227945152737404,0.3265672769052684,0.49673517163451,0.75,0.1758909937796942,1,1.0,-3.094027899999999,1,0.8095238095238095,False,CCCCNc1nc(NCc2csc(-c3cccs3)n2)nc(N2CCC[C@@H]2CNS(=O)(=O)c2ccc(F)c(C#N)c2)n1,6.04,5.65,0.39,False,3.54,627.8,4.84,3,12,148.8,13,False,False,0.705,False
528,CAND-01282,CCCc1ccc(S(=O)(=O)NC[C@H]2CCCN2c2nc(NCCC3CC3)nc(NCc3csc(-c4ccccc4C#N)n3)n2)cc1,0.3660138785821731,5.955399973479546,0.2433996227128313,0.5705361837549979,1.0,0.1477135574191914,1,1.0,-2.743624199999997,0,0.8170731707317073,False,CCCc1ccc(S(=O)(=O)NC[C@H]2CCCN2c2nc(NCCC3CC3)nc(NCc3csc(-c4ccccc4C#N)n3)n2)cc1,6.02,5.94,0.08,False,3.54,657.9,5.59,3,11,148.8,15,False,False,0.781,False
529,CAND-01706,CCCc1ccc(S(=O)(=O)NC[C@H]2CCCN2c2nc(NCc3csc(-c4ccc(C#N)cc4)n3)nc(NCC3CCOCC3)n2)cc1,0.3660049240257851,5.931768948654804,0.2361885727643838,0.4761073536434924,1.0,0.1597021254786438,1,1.0,-3.191967799999996,0,0.8414634146341463,False,CCCc1ccc(S(=O)(=O)NC[C@H]2CCCN2c2nc(NCc3csc(-c4ccc(C#N)cc4)n3)nc(NCC3CCOCC3)n2)cc1,5.71,5.83,-0.12,False,3.59,687.9,5.22,3,12,158.1,14,False,False,0.664,False
530,CAND-01688,CCCc1ccc(S(=O)(=O)NC[C@H]2CCCN2c2nc(NCc3csc(-c4ccc(OC)cc4)n3)nc(NCC3CCOCC3)n2)cc1,0.3658494263825097,5.953133271072322,0.2427079343752336,0.4901377383198344,1.0,0.1483181973163097,1,1.0,-3.125352199999996,0,0.8518518518518519,False,CCCc1ccc(S(=O)(=O)NC[C@H]2CCCN2c2nc(NCc3csc(-c4ccc(OC)cc4)n3)nc(NCC3CCOCC3)n2)cc1,5.82,5.86,-0.04,False,3.5,692.9,5.35,3,12,143.5,15,False,False,0.746,False
531,CAND-00505,COc1cc(/C=C2/SC(=S)NC2=O)ccc1OCc1ccc(Cl)cc1F,0.3657810108186768,6.0884183456688215,0.2839904194739507,0.7343318619973555,0.25,0.5792860036056717,1,1.0,-1.9659301,3,0.7457627118644068,False,COc1cc(/C=C2/SC(=S)NC2=O)ccc1OCc1ccc(Cl)cc1F,5.46,5.55,-0.09,False,2.34,409.9,4.56,1,5,47.6,5,True,True,0.749,False
532,CAND-00211,COc1ccc(/C=C2/SC(=O)NC2=O)cc1Oc1cc(Cl)cc(Cl)c1,0.3656487504118133,5.468791673281356,0.0949102201548672,0.8360011605002364,0.5,0.7273121344479322,1,1.0,-1.4832090999999998,2,0.66,False,COc1ccc(/C=C2/SC(=O)NC2=O)cc1Oc1cc(Cl)cc(Cl)c1,5.19,5.39,-0.2,False,2.38,396.3,5.12,1,5,64.6,4,True,True,0.362,False
533,CAND-02058,C[C@@H]1[C@H](c2ccccc2)[C@]1(NS(=O)(=O)N1CCN(c2ccc(Cl)c(F)c2)CC1)C(=O)O,0.3655287011034945,7.298571559044851,0.6532708604048177,0.381135215653484,1.0,0.6814065733486009,2,0.5,-3.6428910000000014,0,0.7719298245614035,True,C[C@@H]1[C@H](c2ccccc2)[C@]1(NS(=O)(=O)N1CCN(c2ccc(Cl)c(F)c2)CC1)C(=O)O,7.31,6.98,0.33,False,3.48,468.0,2.69,2,4,90.0,6,True,True,0.43,False
534,CAND-00482,C=CCCNc1nc(NCc2nc(-c3ccccc3)sc2O)nc(N2CCC[C@@H]2CNS(=O)(=O)c2ccccc2)n1,0.3655197167869087,6.639813551762265,0.4522496634958751,0.4534318319317644,0.5,0.1313162834632374,1,1.0,-3.299630099999999,2,0.75,False,C=CCCNc1nc(NCc2nc(-c3ccccc3)sc2O)nc(N2CCC[C@@H]2CNS(=O)(=O)c2ccccc2)n1,6.63,5.65,0.98,False,3.53,592.8,4.25,4,11,145.3,13,False,False,0.587,False
535,CAND-00481,C=CCCNc1nc(NCc2csc(-c3ccccc3)n2)nc(N2CCC[C@@H]2CNS(=O)(=O)c2cccc(OC)c2)n1,0.3652988502111671,6.624001711909252,0.4474246519780693,0.4807205000471255,0.5,0.1386217474071082,1,1.0,-3.1700648,2,0.8625,False,C=CCCNc1nc(NCc2csc(-c3ccccc3)n2)nc(N2CCC[C@@H]2CNS(=O)(=O)c2cccc(OC)c2)n1,6.93,5.7,1.23,False,3.39,606.8,4.55,3,11,134.3,14,False,False,0.536,False
536,CAND-00478,C=CCCNc1nc(NCc2csc(-c3cccc(OC)c3)n2)nc(N2CCC[C@@H]2CNS(=O)(=O)c2ccccc2)n1,0.3652988502111671,6.624001711909252,0.4474246519780693,0.4807205000471255,0.5,0.1386217474071082,1,1.0,-3.1700648,2,0.8625,False,C=CCCNc1nc(NCc2csc(-c3cccc(OC)c3)n2)nc(N2CCC[C@@H]2CNS(=O)(=O)c2ccccc2)n1,6.89,5.66,1.23,False,3.38,606.8,4.55,3,11,134.3,14,False,False,0.565,False
537,CAND-00666,Cc1c(CCC2CCN(S(=O)(=O)CC3(N(O)C=O)CCOCC3)CC2)ccc(Cl)c1C#N,0.3652802519865794,6.544818095282283,0.4232616282061182,0.3902347590882591,0.25,0.345498126278401,1,1.0,-3.5996868000000024,3,0.7083333333333334,False,Cc1c(CCC2CCN(S(=O)(=O)CC3(N(O)C=O)CCOCC3)CC2)ccc(Cl)c1C#N,6.58,8.02,-1.44,False,3.3,484.0,2.89,1,6,110.9,8,True,True,0.797,False
538,CAND-00838,C=CCCNc1nc(NCc2csc(-c3cccs3)n2)nc(N2CCC[C@@H]2CNS(=O)(=O)c2ccc(C(F)(F)F)cc2Cl)n1,0.3652427318787717,6.67930510357845,0.464300581930443,0.6379054129121974,0.5,0.1103081363785006,1,1.0,-2.4237583,2,0.8214285714285714,False,C=CCCNc1nc(NCc2csc(-c3cccs3)n2)nc(N2CCC[C@@H]2CNS(=O)(=O)c2ccc(C(F)(F)F)cc2Cl)n1,6.7,5.73,0.97,False,3.69,685.2,6.28,3,11,125.0,13,False,False,0.767,False
539,CAND-01449,CCCCNc1nc(NCc2csc(-c3sccc3OC)n2)nc(N2CCC[C@@H]2CNS(=O)(=O)c2ccc(Cl)cc2)n1,0.3651268719060132,6.2713976970324845,0.3398268993559583,0.5665322262596353,0.75,0.1507114074267799,1,1.0,-2.7626347999999985,1,0.7682926829268293,False,CCCCNc1nc(NCc2csc(-c3sccc3OC)n2)nc(N2CCC[C@@H]2CNS(=O)(=O)c2ccc(Cl)cc2)n1,6.13,5.77,0.36,False,3.51,649.3,5.49,3,12,134.3,14,False,False,0.623,False
540,CAND-01882,C[C@@H]1[C@H](c2ccccc2)[C@]1(NS(=O)(=O)c1cc2[nH]c3cc(Cl)cc(F)c3c2s1)C(=O)O,0.365117174409156,7.873015327123511,0.8285634147866578,0.6687506877964763,1.0,0.3865088047499441,2,0.5,-2.2773064,0,0.734375,True,C[C@@H]1[C@H](c2ccccc2)[C@]1(NS(=O)(=O)c1cc2[nH]c3cc(Cl)cc(F)c3c2s1)C(=O)O,7.94,6.79,1.15,False,3.95,479.0,4.71,3,4,99.3,5,True,True,0.545,False
541,CAND-01686,CCCc1ccc(S(=O)(=O)NC[C@H]2CCCN2c2nc(NCc3csc(-c4ccccc4OC)n3)nc(NCC3CCOCC3)n2)cc1,0.3651046552057742,5.948251955232879,0.2412183920217626,0.4901377383198345,1.0,0.1483181973163097,1,1.0,-3.125352199999996,0,0.8313253012048193,False,CCCc1ccc(S(=O)(=O)NC[C@H]2CCCN2c2nc(NCc3csc(-c4ccccc4OC)n3)nc(NCC3CCOCC3)n2)cc1,6.0,5.97,0.03,False,3.53,692.9,5.35,3,12,143.5,15,False,False,0.756,False
542,CAND-00749,CCCCNc1nc(NCc2csc(-c3cccs3)n2)nc(N2CCC[C@@H]2CNS(=O)(=O)c2cc(Cl)cc(C#N)c2)n1,0.3649597827322325,6.246705738061101,0.3322921034345709,0.5525018415832932,0.75,0.1627124367164902,1,1.0,-2.8292503999999985,1,0.8452380952380952,False,CCCCNc1nc(NCc2csc(-c3cccs3)n2)nc(N2CCC[C@@H]2CNS(=O)(=O)c2cc(Cl)cc(C#N)c2)n1,5.97,5.59,0.38,False,3.58,644.3,5.35,3,12,148.8,13,False,False,0.572,False
543,CAND-01468,CCCCNc1nc(NCc2csc(-c3cc(C#N)cs3)n2)nc(N2CCC[C@@H]2CNS(=O)(=O)c2ccc(Cl)cc2)n1,0.3649597827322325,6.246705738061101,0.3322921034345709,0.5525018415832932,0.75,0.1627124367164902,1,1.0,-2.8292503999999985,1,0.7682926829268293,False,CCCCNc1nc(NCc2csc(-c3cc(C#N)cs3)n2)nc(N2CCC[C@@H]2CNS(=O)(=O)c2ccc(Cl)cc2)n1,5.95,5.79,0.16,False,3.57,644.3,5.35,3,12,148.8,13,False,False,0.593,False
544,CAND-00745,CCCCNc1nc(NCc2csc(-c3sccc3Cl)n2)nc(N2CCC[C@@H]2CNS(=O)(=O)c2cccc(C#N)c2)n1,0.3647208476318277,6.245139729968095,0.3318142332337612,0.5525018415832932,0.75,0.1627124367164902,1,1.0,-2.8292503999999985,1,0.813953488372093,False,CCCCNc1nc(NCc2csc(-c3sccc3Cl)n2)nc(N2CCC[C@@H]2CNS(=O)(=O)c2cccc(C#N)c2)n1,6.0,5.68,0.32,False,3.62,644.3,5.35,3,12,148.8,13,False,False,0.74,False
545,CAND-01452,CCCCNc1nc(NCc2csc(-c3cccs3)n2)nc(N2CCC[C@@H]2CNS(=O)(=O)c2ccc(Cl)cc2OC)n1,0.3646191547507443,6.268070060478618,0.3388114650454207,0.5665322262596353,0.75,0.1507114074267799,1,1.0,-2.7626347999999985,1,0.7831325301204819,False,CCCCNc1nc(NCc2csc(-c3cccs3)n2)nc(N2CCC[C@@H]2CNS(=O)(=O)c2ccc(Cl)cc2OC)n1,6.18,5.67,0.51,False,3.47,649.3,5.49,3,12,134.3,14,False,False,0.597,False
546,CAND-01450,CCCCNc1nc(NCc2csc(-c3cc(OC)cs3)n2)nc(N2CCC[C@@H]2CNS(=O)(=O)c2ccc(Cl)cc2)n1,0.3646191547507443,6.268070060478618,0.3388114650454207,0.5665322262596353,0.75,0.1507114074267799,1,1.0,-2.7626347999999985,1,0.7777777777777778,False,CCCCNc1nc(NCc2csc(-c3cc(OC)cs3)n2)nc(N2CCC[C@@H]2CNS(=O)(=O)c2ccc(Cl)cc2)n1,6.11,5.83,0.28,False,3.52,649.3,5.49,3,12,134.3,14,False,False,0.633,False
547,CAND-01896,Cc1cc(Cl)cc2[nH]c3cc(S(=O)(=O)N[C@@]4(C(=O)O)[C@H](C)[C@@H]4c4ccccc4)sc3c12,0.3644967144544535,7.870716712325015,0.8278619883251681,0.6991620072020517,1.0,0.3835414491544096,2,0.5,-2.1329148999999994,0,0.7580645161290323,True,Cc1cc(Cl)cc2[nH]c3cc(S(=O)(=O)N[C@@]4(C(=O)O)[C@H](C)[C@@H]4c4ccccc4)sc3c12,7.93,6.84,1.09,False,3.91,475.0,4.88,3,4,99.3,5,True,True,0.613,False
548,CAND-01481,COc1cn(-c2ccc(S(=O)(=O)N[C@@]3(C(=O)O)[C@H](C)[C@@H]3c3ccccc3)s2)nc1Cl,0.3643691262304857,7.537911364475162,0.7263058347408731,0.4467149365963539,1.0,0.5519511169684497,2,0.5,-3.3315216,0,0.71875,True,COc1cn(-c2ccc(S(=O)(=O)N[C@@]3(C(=O)O)[C@H](C)[C@@H]3c3ccccc3)s2)nc1Cl,7.66,7.07,0.59,False,3.97,468.0,3.13,2,7,110.5,7,True,True,0.442,False
549,CAND-01487,COc1cnn(-c2ccc(S(=O)(=O)N[C@@]3(C(=O)O)[C@H](C)[C@@H]3c3ccccc3)s2)c1Cl,0.3643691262304857,7.537911364475162,0.7263058347408731,0.4467149365963538,1.0,0.5519511169684497,2,0.5,-3.3315216000000003,0,0.6818181818181818,True,COc1cnn(-c2ccc(S(=O)(=O)N[C@@]3(C(=O)O)[C@H](C)[C@@H]3c3ccccc3)s2)c1Cl,7.66,7.04,0.62,False,3.92,468.0,3.13,2,7,110.5,7,True,True,0.435,False
550,CAND-01281,CCCc1ccc(S(=O)(=O)NC[C@H]2CCCN2c2nc(NCCC3CC3)nc(NCc3nc(-c4ccccc4)sc3C#N)n2)cc1,0.3642154502660493,5.9436128677216695,0.2398027660805837,0.5705361837549978,1.0,0.1477135574191914,1,1.0,-2.7436241999999984,0,0.7411764705882353,False,CCCc1ccc(S(=O)(=O)NC[C@H]2CCCN2c2nc(NCCC3CC3)nc(NCc3nc(-c4ccccc4)sc3C#N)n2)cc1,5.99,5.75,0.24,False,3.63,657.9,5.59,3,11,148.8,15,False,False,0.743,False
551,CAND-01263,CCCc1ccc(S(=O)(=O)NC[C@H]2CCCN2c2nc(NCCC3CC3)nc(NCc3nc(-c4ccccc4)sc3OC)n2)cc1,0.3641532891869601,5.964977190139187,0.2463221276914335,0.5845665684313397,1.0,0.1366407511374778,1,1.0,-2.677008599999999,0,0.7590361445783133,False,CCCc1ccc(S(=O)(=O)NC[C@H]2CCCN2c2nc(NCCC3CC3)nc(NCc3nc(-c4ccccc4)sc3OC)n2)cc1,5.93,5.7,0.23,False,3.6,662.9,5.73,3,11,134.3,16,False,False,0.697,False
552,CAND-01276,CCCc1ccc(S(=O)(=O)NC[C@H]2CCCN2c2nc(NCCC3CC3)nc(NCc3csc(-c4ccccc4C(F)(F)F)n3)n2)cc1,0.3638573433810971,5.988398720299622,0.2534692499643166,0.6868462142365579,1.0,0.1237423946631294,1,1.0,-2.1913896999999984,0,0.8271604938271605,False,CCCc1ccc(S(=O)(=O)NC[C@H]2CCCN2c2nc(NCCC3CC3)nc(NCc3csc(-c4ccccc4C(F)(F)F)n3)n2)cc1,5.94,5.96,-0.02,False,3.58,700.9,6.74,3,10,125.0,15,False,False,0.661,False
553,CAND-00660,Cc1c(CCC2CCN(S(=O)(=O)CC3(N(O)C=O)CCOCC3)CC2)ccc(Cl)c1O,0.3637951407201951,6.544818095282283,0.4232616282061182,0.3769764756492401,0.25,0.3405477553904532,1,1.0,-3.6626365000000014,3,0.75,False,Cc1c(CCC2CCN(S(=O)(=O)CC3(N(O)C=O)CCOCC3)CC2)ccc(Cl)c1O,6.6,7.99,-1.39,False,3.24,475.0,2.73,2,6,107.4,8,True,True,0.78,False
554,CAND-00468,C=CCCNc1nc(NCc2csc(-c3ccccc3)n2)nc(N2CCC[C@@H]2CNS(=O)(=O)c2ccc(Cl)cc2)n1,0.3637931065226731,6.614622477090638,0.4445625615161934,0.5714653211042022,0.5,0.1383727525485881,1,1.0,-2.7392126999999995,2,0.9014084507042254,False,C=CCCNc1nc(NCc2csc(-c3ccccc3)n2)nc(N2CCC[C@@H]2CNS(=O)(=O)c2ccc(Cl)cc2)n1,6.8,5.66,1.14,False,3.35,611.2,5.2,3,10,125.0,13,False,False,0.484,False
555,CAND-00465,C=CCCNc1nc(NCc2csc(-c3ccc(Cl)cc3)n2)nc(N2CCC[C@@H]2CNS(=O)(=O)c2ccccc2)n1,0.3637931065226731,6.614622477090638,0.4445625615161934,0.5714653211042022,0.5,0.1383727525485881,1,1.0,-2.7392126999999995,2,0.9014084507042254,False,C=CCCNc1nc(NCc2csc(-c3ccc(Cl)cc3)n2)nc(N2CCC[C@@H]2CNS(=O)(=O)c2ccccc2)n1,6.74,5.64,1.1,False,3.35,611.2,5.2,3,10,125.0,13,False,False,0.52,False
556,CAND-00212,COc1c(Cl)cc(Cl)cc1Oc1cccc(/C=C2/SC(=O)NC2=O)c1,0.363649555337838,5.455688719131723,0.0909118300069166,0.8360011605002364,0.5,0.7273121344479322,1,1.0,-1.4832090999999998,2,0.6792452830188679,False,COc1c(Cl)cc(Cl)cc1Oc1cccc(/C=C2/SC(=O)NC2=O)c1,5.14,5.48,-0.34,False,2.42,396.3,5.12,1,5,64.6,4,True,True,0.318,False
557,CAND-00058,Cc1cc(F)c(C(F)(F)F)cc1CCC1CCN(S(=O)(=O)CC2(N(O)C=O)CCN(C(=O)C3CCC3)CC2)CC1,0.3636380470361038,6.816965835744683,0.5063080032315808,0.4380929042571514,0.25,0.2016134847343781,1,1.0,-3.372458599999997,3,0.7866666666666666,False,Cc1cc(F)c(C(F)(F)F)cc1CCC1CCN(S(=O)(=O)CC2(N(O)C=O)CCN(C(=O)C3CCC3)CC2)CC1,7.04,8.4,-1.36,False,3.29,591.7,4.14,1,5,98.2,9,True,True,0.756,False
558,CAND-00922,Cc1cc(C(F)(F)F)c(F)cc1CCC1CCN(S(=O)(=O)CC2(N(O)C=O)CCN(C(=O)C3CCC3)CC2)CC1,0.3636380470361038,6.816965835744683,0.5063080032315808,0.4380929042571514,0.25,0.2016134847343781,1,1.0,-3.372458599999997,3,0.7866666666666666,False,Cc1cc(C(F)(F)F)c(F)cc1CCC1CCN(S(=O)(=O)CC2(N(O)C=O)CCN(C(=O)C3CCC3)CC2)CC1,7.04,8.4,-1.36,False,3.28,591.7,4.14,1,5,98.2,9,True,True,0.756,False
559,CAND-01453,CCCCNc1nc(NCc2csc(-c3cccs3)n2)nc(N2CCC[C@@H]2CNS(=O)(=O)c2ccc(Cl)c(OC)c2)n1,0.3634205732011812,6.2602144193293565,0.3364143019462944,0.5665322262596354,0.75,0.1507114074267799,1,1.0,-2.762634799999998,1,0.8048780487804879,False,CCCCNc1nc(NCc2csc(-c3cccs3)n2)nc(N2CCC[C@@H]2CNS(=O)(=O)c2ccc(Cl)c(OC)c2)n1,6.23,5.65,0.58,False,3.44,649.3,5.49,3,12,134.3,14,False,False,0.721,False
560,CAND-00826,C=CCCNc1nc(NCc2ccccc2)nc(N2CCC[C@@H]2CNS(=O)(=O)c2ccc(C(F)(F)F)cc2C#N)n1,0.3633520905761615,6.471808000257392,0.4009824657123202,0.4704565388975565,0.5,0.2095361924000046,1,1.0,-3.218797599999999,2,0.7662337662337663,False,C=CCCNc1nc(NCc2ccccc2)nc(N2CCC[C@@H]2CNS(=O)(=O)c2ccc(C(F)(F)F)cc2C#N)n1,6.36,5.6,0.76,False,3.46,586.6,4.31,3,9,135.9,12,True,False,0.644,False
561,CAND-02054,C[C@@H]1[C@H](c2ccccc2F)[C@]1(NS(=O)(=O)N1CCN(c2ccc(Cl)cc2)CC1)C(=O)O,0.3626920338349739,7.261387872829295,0.6419241913307351,0.381135215653484,1.0,0.6814065733486009,2,0.5,-3.6428910000000014,0,0.7857142857142857,True,C[C@@H]1[C@H](c2ccccc2F)[C@]1(NS(=O)(=O)N1CCN(c2ccc(Cl)cc2)CC1)C(=O)O,7.26,6.96,0.3,False,3.46,468.0,2.69,2,4,90.0,6,True,True,0.481,False
562,CAND-00657,COc1c(Cl)ccc(CCC2CCN(S(=O)(=O)CC3(N(O)C=O)CCOCC3)CC2)c1C,0.3626430903390301,6.5661824176998005,0.429780989816968,0.4042651437646012,0.25,0.325841984768487,1,1.0,-3.5330712000000024,3,0.7183098591549296,False,COc1c(Cl)ccc(CCC2CCN(S(=O)(=O)CC3(N(O)C=O)CCOCC3)CC2)c1C,6.7,8.01,-1.31,False,3.18,489.0,3.03,1,6,96.4,9,True,True,0.78,False
563,CAND-01831,C[C@]1(c2ccccc2)C[C@@]1(NS(=O)(=O)c1ccc(-c2ccc(Cl)cc2F)s1)C(=O)O,0.3626047062498311,7.511295601802926,0.7181839866420733,0.6795595364528182,1.0,0.5537247305954189,2,0.5,-2.2259865,0,0.7288135593220338,True,C[C@]1(c2ccccc2)C[C@@]1(NS(=O)(=O)c1ccc(-c2ccc(Cl)cc2F)s1)C(=O)O,7.5,6.74,0.76,False,3.41,466.0,4.67,2,4,83.5,6,True,True,0.809,False
564,CAND-00466,C=CCCNc1nc(NCc2csc(-c3ccccc3)n2)nc(N2CCC[C@@H]2CNS(=O)(=O)c2ccccc2Cl)n1,0.36259452497311,6.606766835941376,0.4421653984170671,0.5714653211042022,0.5,0.1383727525485881,1,1.0,-2.7392126999999995,2,0.8243243243243243,False,C=CCCNc1nc(NCc2csc(-c3ccccc3)n2)nc(N2CCC[C@@H]2CNS(=O)(=O)c2ccccc2Cl)n1,6.89,5.66,1.23,False,3.39,611.2,5.2,3,10,125.0,13,False,False,0.562,False
565,CAND-01257,CCCc1ccc(S(=O)(=O)NC[C@H]2CCCN2c2nc(NCCC3CC3)nc(NCc3nc(-c4ccccc4)sc3C)n2)cc1,0.3625167032268934,5.9436128677216695,0.2398027660805837,0.6499560389452088,1.0,0.1420510672886717,1,1.0,-2.3665424999999978,0,0.7777777777777778,False,CCCc1ccc(S(=O)(=O)NC[C@H]2CCCN2c2nc(NCCC3CC3)nc(NCc3nc(-c4ccccc4)sc3C)n2)cc1,5.86,5.81,0.05,False,3.47,646.9,6.03,3,10,125.0,15,False,False,0.627,False
566,CAND-01477,COc1cnn(-c2ccc(S(=O)(=O)N[C@@]3(C(=O)O)[C@H](C)[C@@H]3c3ccccc3F)s2)c1,0.3624774374329461,7.474830328988482,0.7070565427161793,0.3909482666475706,1.0,0.5714220116926755,2,0.5,-3.5962991000000004,0,0.8,True,COc1cnn(-c2ccc(S(=O)(=O)N[C@@]3(C(=O)O)[C@H](C)[C@@H]3c3ccccc3F)s2)c1,7.72,6.97,0.75,False,3.96,451.5,2.62,2,7,110.5,7,True,True,0.487,False
567,CAND-00940,Cc1cc(C(F)(F)F)c(C#N)cc1CCC1CCN(S(=O)(=O)CC2(N(O)C=O)CCN(C(=O)C3CCC3)CC2)CC1,0.3624207282829388,6.690740538327466,0.4677901255185412,0.3890843684725159,0.25,0.2617522184122274,1,1.0,-3.605148799999997,3,0.7468354430379747,False,Cc1cc(C(F)(F)F)c(C#N)cc1CCC1CCN(S(=O)(=O)CC2(N(O)C=O)CCN(C(=O)C3CCC3)CC2)CC1,6.56,8.46,-1.9,False,3.38,598.7,3.87,1,6,122.0,9,True,True,0.772,False
568,CAND-01485,COc1cnn(-c2ccc(S(=O)(=O)N[C@@]3(C(=O)O)[C@H](C)[C@@H]3c3cccc(Cl)c3)s2)c1,0.3622515126345316,7.510153198985836,0.7178353803570567,0.4467149365963538,1.0,0.5519511169684497,2,0.5,-3.3315216000000003,0,0.859375,True,COc1cnn(-c2ccc(S(=O)(=O)N[C@@]3(C(=O)O)[C@H](C)[C@@H]3c3cccc(Cl)c3)s2)c1,7.67,7.13,0.54,False,3.94,468.0,3.13,2,7,110.5,7,True,True,0.487,False
569,CAND-00651,Cc1c(CCC2CCN(S(=O)(=O)CC3(N(O)C=O)CCOCC3)CC2)ccc(Cl)c1Cl,0.3621401244328431,6.536313824636198,0.4206665346433615,0.4950099648216781,0.25,0.3393561903705414,1,1.0,-3.102219100000001,3,0.7611940298507462,False,Cc1c(CCC2CCN(S(=O)(=O)CC3(N(O)C=O)CCOCC3)CC2)ccc(Cl)c1Cl,6.62,8.16,-1.54,False,3.18,493.5,3.67,1,5,87.2,8,True,True,0.774,False
570,CAND-00019,O=CN(O)C1(CS(=O)(=O)N2CCC(CCc3cccc(F)c3)CC2)CCOCC1,0.3621140767242862,6.437178194235239,0.3904151177964846,0.357689614628621,0.25,0.3896883927534797,1,1.0,-3.7542096000000025,3,0.8,False,O=CN(O)C1(CS(=O)(=O)N2CCC(CCc3cccc(F)c3)CC2)CCOCC1,6.52,7.76,-1.24,False,2.94,428.5,2.2,1,5,87.2,8,True,True,0.727,False
571,CAND-00839,C=CCCNc1nc(NCc2csc(-c3cccs3)n2)nc(N2CCC[C@@H]2CNS(=O)(=O)c2ccc(C(F)(F)F)c(Cl)c2)n1,0.3619838172537752,6.657945802795466,0.4577827526804501,0.6379054129121974,0.5,0.1103081363785006,1,1.0,-2.4237583,2,0.8214285714285714,False,C=CCCNc1nc(NCc2csc(-c3cccs3)n2)nc(N2CCC[C@@H]2CNS(=O)(=O)c2ccc(C(F)(F)F)c(Cl)c2)n1,6.7,5.67,1.03,False,3.71,685.2,6.28,3,11,125.0,13,False,False,0.786,False
572,CAND-01483,COc1cnn(-c2cc(Cl)c(S(=O)(=O)N[C@@]3(C(=O)O)[C@H](C)[C@@H]3c3ccccc3)s2)c1,0.3618634564854745,7.505066469836921,0.7162831557608282,0.4467149365963538,1.0,0.5519511169684497,2,0.5,-3.3315216000000003,0,0.7313432835820896,True,COc1cnn(-c2cc(Cl)c(S(=O)(=O)N[C@@]3(C(=O)O)[C@H](C)[C@@H]3c3ccccc3)s2)c1,7.58,7.03,0.55,False,4.12,468.0,3.13,2,7,110.5,7,True,True,0.41,False
573,CAND-00463,C=CCCNc1nc(NCc2csc(-c3ccccc3Cl)n2)nc(N2CCC[C@@H]2CNS(=O)(=O)c2ccccc2)n1,0.3618497537963746,6.601885520101932,0.4406758560635962,0.5714653211042022,0.5,0.1383727525485881,1,1.0,-2.7392127,2,0.8356164383561644,False,C=CCCNc1nc(NCc2csc(-c3ccccc3Cl)n2)nc(N2CCC[C@@H]2CNS(=O)(=O)c2ccccc2)n1,6.86,5.59,1.27,False,3.38,611.2,5.2,3,10,125.0,13,False,False,0.578,False
574,CAND-00805,C=CCCNc1nc(NCc2ccc(C)cc2)nc(N2CCC[C@@H]2CNS(=O)(=O)c2ccc(C(F)(F)F)cc2)n1,0.3616163481789609,6.460083986112546,0.3974048615998541,0.5498763940877672,0.5,0.2097130579301128,1,1.0,-2.8417159,2,0.8571428571428571,False,C=CCCNc1nc(NCc2ccc(C)cc2)nc(N2CCC[C@@H]2CNS(=O)(=O)c2ccc(C(F)(F)F)cc2)n1,6.25,5.95,0.3,False,3.28,575.7,4.75,3,8,112.1,12,True,False,0.608,False
575,CAND-00825,C=CCCNc1nc(NCc2ccc(C#N)cc2)nc(N2CCC[C@@H]2CNS(=O)(=O)c2ccc(C(F)(F)F)cc2)n1,0.3615632885199284,6.460083986112546,0.3974048615998541,0.4704565388975563,0.5,0.2095361924000046,1,1.0,-3.2187976000000003,2,0.821917808219178,False,C=CCCNc1nc(NCc2ccc(C#N)cc2)nc(N2CCC[C@@H]2CNS(=O)(=O)c2ccc(C(F)(F)F)cc2)n1,6.32,5.89,0.43,False,3.39,586.6,4.31,3,9,135.9,12,True,False,0.673,False
576,CAND-01443,CCCCNc1nc(NCc2csc(-c3sccc3C)n2)nc(N2CCC[C@@H]2CNS(=O)(=O)c2ccc(Cl)cc2)n1,0.361271259056825,6.233632044314419,0.3283026421514816,0.6319216967735041,0.75,0.1570664599369473,1,1.0,-2.4521686999999988,1,0.7974683544303798,False,CCCCNc1nc(NCc2csc(-c3sccc3C)n2)nc(N2CCC[C@@H]2CNS(=O)(=O)c2ccc(Cl)cc2)n1,6.18,5.74,0.44,False,3.46,633.3,5.79,3,11,125.0,13,False,False,0.415,False
577,CAND-02057,C[C@@H]1[C@H](c2ccccc2)[C@]1(NS(=O)(=O)N1CCN(c2ccc(Cl)cc2F)CC1)C(=O)O,0.3611208514718823,7.240792453470478,0.6356394618783687,0.381135215653484,1.0,0.6814065733486009,2,0.5,-3.6428910000000014,0,0.7241379310344828,True,C[C@@H]1[C@H](c2ccccc2)[C@]1(NS(=O)(=O)N1CCN(c2ccc(Cl)cc2F)CC1)C(=O)O,7.35,6.99,0.36,True,3.45,468.0,2.69,2,4,90.0,6,True,True,0.438,False
578,CAND-00814,C=CCCNc1nc(NCc2cccc(O)c2)nc(N2CCC[C@@H]2CNS(=O)(=O)c2ccc(C(F)(F)F)cc2)n1,0.361085825626218,6.504806747077468,0.4110520929638055,0.4571982554585369,0.5,0.185199263814384,1,1.0,-3.281747300000001,2,0.8356164383561644,False,C=CCCNc1nc(NCc2cccc(O)c2)nc(N2CCC[C@@H]2CNS(=O)(=O)c2ccc(C(F)(F)F)cc2)n1,6.42,6.75,-0.33,False,3.36,577.6,4.14,4,9,132.4,12,True,False,0.642,False
579,CAND-00816,C=CCCNc1nc(NCc2ccccc2)nc(N2CCC[C@@H]2CNS(=O)(=O)c2ccc(C(F)(F)F)cc2O)n1,0.361085825626218,6.504806747077468,0.4110520929638055,0.4571982554585374,0.5,0.185199263814384,1,1.0,-3.281747299999999,2,0.7866666666666666,False,C=CCCNc1nc(NCc2ccccc2)nc(N2CCC[C@@H]2CNS(=O)(=O)c2ccc(C(F)(F)F)cc2O)n1,6.43,5.55,0.88,False,3.42,577.6,4.14,4,9,132.4,12,True,False,0.622,False
580,CAND-01479,COc1cnn(-c2ccc(S(=O)(=O)N[C@@]3(C(=O)O)[C@H](C)[C@@H]3c3ccc(F)cc3)s2)c1,0.3610718466311864,7.456405521856498,0.7014341795091402,0.3909482666475706,1.0,0.5714220116926755,2,0.5,-3.5962991000000004,0,0.8548387096774194,True,COc1cnn(-c2ccc(S(=O)(=O)N[C@@]3(C(=O)O)[C@H](C)[C@@H]3c3ccc(F)cc3)s2)c1,7.7,7.03,0.67,False,3.9,451.5,2.62,2,7,110.5,7,True,True,0.517,False
581,CAND-00819,C=CCCNc1nc(NCc2cccc(C(F)(F)F)c2)nc(N2CCC[C@@H]2CNS(=O)(=O)c2ccc(C(F)(F)F)cc2)n1,0.3609114480451917,6.596963764726329,0.4391739735125543,0.5867665693791164,0.5,0.1377482042963818,1,1.0,-2.6665631000000003,2,0.8714285714285714,False,C=CCCNc1nc(NCc2cccc(C(F)(F)F)c2)nc(N2CCC[C@@H]2CNS(=O)(=O)c2ccc(C(F)(F)F)cc2)n1,6.55,6.01,0.54,False,3.43,629.6,5.46,3,8,112.1,12,False,False,0.7,False
582,CAND-00821,C=CCCNc1nc(NCc2ccccc2)nc(N2CCC[C@@H]2CNS(=O)(=O)c2ccc(C(F)(F)F)cc2C(F)(F)F)n1,0.3609114480451917,6.596963764726329,0.4391739735125543,0.5867665693791165,0.5,0.1377482042963818,1,1.0,-2.6665630999999994,2,0.7972972972972973,False,C=CCCNc1nc(NCc2ccccc2)nc(N2CCC[C@@H]2CNS(=O)(=O)c2ccc(C(F)(F)F)cc2C(F)(F)F)n1,6.52,5.73,0.79,False,3.48,629.6,5.46,3,8,112.1,12,False,False,0.686,False
583,CAND-01444,CCCCNc1nc(NCc2csc(-c3cc(C)cs3)n2)nc(N2CCC[C@@H]2CNS(=O)(=O)c2ccc(Cl)cc2)n1,0.3607635419015563,6.230304407760553,0.327287207840944,0.6319216967735042,0.75,0.1570664599369473,1,1.0,-2.452168699999998,1,0.8076923076923077,False,CCCCNc1nc(NCc2csc(-c3cc(C)cs3)n2)nc(N2CCC[C@@H]2CNS(=O)(=O)c2ccc(Cl)cc2)n1,6.15,5.8,0.35,False,3.46,633.3,5.79,3,11,125.0,13,False,False,0.439,False
584,CAND-01446,CCCCNc1nc(NCc2csc(-c3cccs3)n2)nc(N2CCC[C@@H]2CNS(=O)(=O)c2ccc(Cl)cc2C)n1,0.3607635419015563,6.230304407760553,0.327287207840944,0.6319216967735042,0.75,0.1570664599369473,1,1.0,-2.452168699999998,1,0.8125,False,CCCCNc1nc(NCc2csc(-c3cccs3)n2)nc(N2CCC[C@@H]2CNS(=O)(=O)c2ccc(Cl)cc2C)n1,6.46,5.61,0.85,False,3.44,633.3,5.79,3,11,125.0,13,False,False,0.572,False
585,CAND-00810,C=CCCNc1nc(NCc2ccc(OC)cc2)nc(N2CCC[C@@H]2CNS(=O)(=O)c2ccc(C(F)(F)F)cc2)n1,0.3606448401961587,6.481448308530064,0.4039242232107038,0.4844869235738981,0.5,0.1956090953026894,1,1.0,-3.152182000000001,2,0.821917808219178,False,C=CCCNc1nc(NCc2ccc(OC)cc2)nc(N2CCC[C@@H]2CNS(=O)(=O)c2ccc(C(F)(F)F)cc2)n1,6.46,5.96,0.5,False,3.29,591.7,4.45,3,9,121.4,13,True,False,0.652,False
586,CAND-01694,CCCc1ccc(S(=O)(=O)NC[C@H]2CCCN2c2nc(NCc3csc(-c4ccc(O)cc4)n3)nc(NCC3CCOCC3)n2)cc1,0.360593999267531,5.931768948654804,0.2361885727643838,0.4628490702044729,1.0,0.1416657096177969,1,1.0,-3.254917499999997,0,0.8734177215189873,False,CCCc1ccc(S(=O)(=O)NC[C@H]2CCCN2c2nc(NCc3csc(-c4ccc(O)cc4)n3)nc(NCC3CCOCC3)n2)cc1,5.72,6.36,-0.64,False,3.53,678.9,5.05,4,12,154.5,14,False,False,0.646,False
587,CAND-01467,CCCCNc1nc(NCc2csc(-c3sccc3C#N)n2)nc(N2CCC[C@@H]2CNS(=O)(=O)c2ccc(Cl)cc2)n1,0.3604326862617587,6.217034627794891,0.3232379104936232,0.5525018415832931,0.75,0.1627124367164902,1,1.0,-2.829250399999999,1,0.7682926829268293,False,CCCCNc1nc(NCc2csc(-c3sccc3C#N)n2)nc(N2CCC[C@@H]2CNS(=O)(=O)c2ccc(Cl)cc2)n1,5.97,5.73,0.24,False,3.58,644.3,5.35,3,12,148.8,13,False,False,0.595,False
588,CAND-01634,CC(C)[C@H]1C[C@@]1(NS(=O)(=O)c1ccc(-n2ncc(Cl)c2F)s1)C(=O)O,0.3603493788083879,7.065069672448134,0.5820173375553671,0.4301282078959296,1.0,0.7656336294636412,2,0.5,-3.410274600000001,0,0.6825396825396826,True,CC(C)[C@H]1C[C@@]1(NS(=O)(=O)c1ccc(-n2ncc(Cl)c2F)s1)C(=O)O,6.66,6.49,0.17,False,4.06,407.9,2.5,2,6,101.3,6,True,True,0.743,False
589,CAND-01635,CC(C)[C@H]1C[C@@]1(NS(=O)(=O)c1ccc(-n2cc(Cl)c(F)n2)s1)C(=O)O,0.3603493788083879,7.065069672448134,0.5820173375553671,0.4301282078959296,1.0,0.7656336294636412,2,0.5,-3.410274600000001,0,0.7213114754098361,True,CC(C)[C@H]1C[C@@]1(NS(=O)(=O)c1ccc(-n2cc(Cl)c(F)n2)s1)C(=O)O,6.67,6.51,0.16,False,4.17,407.9,2.5,2,6,101.3,6,True,True,0.761,False
590,CAND-01464,CCCCNc1nc(NCc2csc(-c3cccs3)n2)nc(N2CCC[C@@H]2CNS(=O)(=O)c2ccc(Cl)cc2C(F)(F)F)n1,0.3602824148712034,6.270080037886228,0.3394248132852459,0.6688118720648534,0.75,0.1352333607619347,1,1.0,-2.2770158999999985,1,0.7738095238095238,False,CCCCNc1nc(NCc2csc(-c3cccs3)n2)nc(N2CCC[C@@H]2CNS(=O)(=O)c2ccc(Cl)cc2C(F)(F)F)n1,6.18,5.69,0.49,False,3.58,687.2,6.5,3,11,125.0,13,False,False,0.466,False
591,CAND-01494,COc1cnn(-c2ccc(S(=O)(=O)N[C@@]3(C(=O)O)[C@H](C)[C@@H]3c3ccccc3)s2)c1C,0.3602751932724088,7.436447864724648,0.6953440643533607,0.4213595860531458,1.0,0.5762611812271246,2,0.5,-3.451907600000001,0,0.6865671641791045,True,COc1cnn(-c2ccc(S(=O)(=O)N[C@@]3(C(=O)O)[C@H](C)[C@@H]3c3ccccc3)s2)c1C,7.63,7.01,0.62,True,3.87,447.5,2.79,2,7,110.5,7,True,True,0.42,False
592,CAND-01704,CCCc1ccc(S(=O)(=O)NC[C@H]2CCCN2c2nc(NCc3csc(-c4ccccc4C#N)n3)nc(NCC3CCOCC3)n2)cc1,0.360225339223307,5.893888885995285,0.2246294031594276,0.4761073536434924,1.0,0.1597021254786438,1,1.0,-3.191967799999996,0,0.8214285714285714,False,CCCc1ccc(S(=O)(=O)NC[C@H]2CCCN2c2nc(NCc3csc(-c4ccccc4C#N)n3)nc(NCC3CCOCC3)n2)cc1,5.78,5.92,-0.14,False,3.63,687.9,5.22,3,12,158.1,14,False,False,0.672,False
593,CAND-00927,Cc1c(CCC2CCN(S(=O)(=O)CC3(N(O)C=O)CCN(C(=O)C4CCC4)CC3)CC2)ccc(C(F)(F)F)c1C,0.3600854426542326,6.671076420626575,0.4617895844508167,0.4685042236627258,0.25,0.2639688347627473,1,1.0,-3.2280671000000014,3,0.7837837837837838,False,Cc1c(CCC2CCN(S(=O)(=O)CC3(N(O)C=O)CCN(C(=O)C4CCC4)CC3)CC2)ccc(C(F)(F)F)c1C,6.64,8.5,-1.86,False,3.29,587.7,4.31,1,5,98.2,9,True,True,0.761,False
594,CAND-00009,COc1ccc(C(NC(=O)COc2ccc(OC)cc2OC)c2cc(Cl)c3cccnc3c2O)cc1,0.3600566454743352,5.882937862934595,0.2212876786738033,0.6591980648500592,0.75,0.3313760204581115,1,1.0,-2.3226617999999983,1,0.8360655737704918,False,COc1ccc(C(NC(=O)COc2ccc(OC)cc2OC)c2cc(Cl)c3cccnc3c2O)cc1,5.8,6.72,-0.92,False,2.81,509.0,4.9,2,7,99.1,9,True,True,0.264,True
595,CAND-01441,CCCCNc1nc(NCc2csc(-c3cccs3)n2)nc(N2CCC[C@@H]2CNS(=O)(=O)c2ccc(Cl)c(Cl)c2)n1,0.3599850748332145,6.246682368193393,0.3322849720771889,0.6572770473167121,0.75,0.1461419626487332,1,1.0,-2.331782699999997,1,0.8571428571428571,False,CCCCNc1nc(NCc2csc(-c3cccs3)n2)nc(N2CCC[C@@H]2CNS(=O)(=O)c2ccc(Cl)c(Cl)c2)n1,6.27,5.58,0.69,False,3.42,653.7,6.13,3,11,125.0,13,False,False,0.538,False
596,CAND-01470,CCCCNc1nc(NCc2csc(-c3cccs3)n2)nc(N2CCC[C@@H]2CNS(=O)(=O)c2ccc(Cl)cc2C#N)n1,0.3599249691064899,6.2137069912410245,0.3222224761830856,0.5525018415832932,0.75,0.1627124367164902,1,1.0,-2.8292503999999985,1,0.7831325301204819,False,CCCCNc1nc(NCc2csc(-c3cccs3)n2)nc(N2CCC[C@@H]2CNS(=O)(=O)c2ccc(Cl)cc2C#N)n1,6.01,5.6,0.41,False,3.56,644.3,5.35,3,12,148.8,13,False,False,0.577,False
597,CAND-01692,CCCc1ccc(S(=O)(=O)NC[C@H]2CCCN2c2nc(NCc3csc(-c4ccccc4O)n3)nc(NCC3CCOCC3)n2)cc1,0.3598492280907955,5.926887632815361,0.2346990304109129,0.4628490702044731,1.0,0.1416657096177969,1,1.0,-3.2549174999999964,0,0.8518518518518519,False,CCCc1ccc(S(=O)(=O)NC[C@H]2CCCN2c2nc(NCc3csc(-c4ccccc4O)n3)nc(NCC3CCOCC3)n2)cc1,5.83,6.52,-0.69,False,3.57,678.9,5.05,4,12,154.5,14,False,False,0.67,False
598,CAND-01037,Cc1cc(S(=O)(=O)N2C[C@H](O)CC(C)(C)[C@@H]2C(=O)NO)ccc1OCc1ccc(Cl)cc1Cl,0.3598446745168244,8.434822862781699,1.0,0.4437620216293233,0.5,0.3989644967788292,2,0.5,-3.3455419,2,0.7941176470588235,True,Cc1cc(S(=O)(=O)N2C[C@H](O)CC(C)(C)[C@@H]2C(=O)NO)ccc1OCc1ccc(Cl)cc1Cl,7.89,8.55,-0.66,False,3.46,517.4,3.54,3,6,116.2,6,True,True,0.98,False
599,CAND-01881,C[C@@H]1[C@H](c2ccccc2)[C@]1(NS(=O)(=O)c1cc2[nH]c3cc(Cl)c(F)cc3c2s1)C(=O)O,0.3597153246370335,7.802206639358404,0.8069560156981678,0.6687506877964763,1.0,0.3865088047499441,2,0.5,-2.2773064,0,0.7777777777777778,True,C[C@@H]1[C@H](c2ccccc2)[C@]1(NS(=O)(=O)c1cc2[nH]c3cc(Cl)c(F)cc3c2s1)C(=O)O,7.93,6.82,1.11,False,3.87,479.0,4.71,3,4,99.3,5,True,True,0.526,False
600,CAND-00746,CCCCNc1nc(NCc2csc(-c3cc(Cl)cs3)n2)nc(N2CCC[C@@H]2CNS(=O)(=O)c2cccc(C#N)c2)n1,0.359696328218199,6.212208452596644,0.3217651944065038,0.5525018415832932,0.75,0.1627124367164902,1,1.0,-2.8292503999999985,1,0.8433734939759037,False,CCCCNc1nc(NCc2csc(-c3cc(Cl)cs3)n2)nc(N2CCC[C@@H]2CNS(=O)(=O)c2cccc(C#N)c2)n1,5.93,5.76,0.17,False,3.64,644.3,5.35,3,12,148.8,13,False,False,0.575,False
601,CAND-00841,C=CCCNc1nc(NCc2csc(-c3sccc3C)n2)nc(N2CCC[C@@H]2CNS(=O)(=O)c2ccc(C(F)(F)F)cc2)n1,0.3595902567007962,6.627461184221732,0.4484803162086972,0.6125500623689898,0.5,0.1178336619881587,1,1.0,-2.5441442999999984,2,0.8148148148148148,False,C=CCCNc1nc(NCc2csc(-c3sccc3C)n2)nc(N2CCC[C@@H]2CNS(=O)(=O)c2ccc(C(F)(F)F)cc2)n1,6.53,5.83,0.7,False,3.7,664.8,5.93,3,11,125.0,13,False,False,0.698,False
602,CAND-01269,CCCc1ccc(S(=O)(=O)NC[C@H]2CCCN2c2nc(NCCC3CC3)nc(NCc3nc(-c4ccccc4)sc3O)n2)cc1,0.3594348421389883,5.9436128677216695,0.2398027660805837,0.5572779003159786,1.0,0.1317781969956547,1,1.0,-2.8065738999999983,0,0.7682926829268293,False,CCCc1ccc(S(=O)(=O)NC[C@H]2CCCN2c2nc(NCCC3CC3)nc(NCc3nc(-c4ccccc4)sc3O)n2)cc1,5.96,5.71,0.25,False,3.56,648.9,5.42,4,11,145.3,15,False,False,0.71,False
603,CAND-00812,C=CCCNc1nc(NCc2ccccc2)nc(N2CCC[C@@H]2CNS(=O)(=O)c2ccc(C(F)(F)F)c(OC)c2)n1,0.3593982879353389,6.473278261829136,0.4014311186890642,0.4844869235738984,0.5,0.1956090953026894,1,1.0,-3.152182,2,0.7662337662337663,False,C=CCCNc1nc(NCc2ccccc2)nc(N2CCC[C@@H]2CNS(=O)(=O)c2ccc(C(F)(F)F)c(OC)c2)n1,6.55,5.63,0.92,False,3.37,591.7,4.45,3,9,121.4,13,True,False,0.639,False
604,CAND-01654,CC(C)[C@H]1C[C@@]1(NS(=O)(=O)c1ccc(-n2ncc(Cl)c2C(F)(F)F)s1)C(=O)O,0.359203813500415,7.194713414171256,0.6215783597286526,0.4974297025928544,1.0,0.6920614904550128,2,0.5,-3.0907303,0,0.6515151515151515,True,CC(C)[C@H]1C[C@@]1(NS(=O)(=O)c1ccc(-n2ncc(Cl)c2C(F)(F)F)s1)C(=O)O,6.83,6.53,0.3,False,4.06,457.9,3.38,2,6,101.3,6,True,True,0.843,False
605,CAND-01465,CCCCNc1nc(NCc2csc(-c3cccs3)n2)nc(N2CCC[C@@H]2CNS(=O)(=O)c2ccc(Cl)c(C(F)(F)F)c2)n1,0.3590838333216402,6.262224396736966,0.3370276501861196,0.6688118720648534,0.75,0.1352333607619347,1,1.0,-2.2770158999999985,1,0.8192771084337349,False,CCCCNc1nc(NCc2csc(-c3cccs3)n2)nc(N2CCC[C@@H]2CNS(=O)(=O)c2ccc(Cl)c(C(F)(F)F)c2)n1,6.24,5.66,0.58,False,3.55,687.2,6.5,3,11,125.0,13,False,False,0.602,False
606,CAND-00012,COc1ccc(C(NC(=O)COc2ccc(OC)cc2O)c2cc(Cl)c3cccnc3c2O)cc1,0.3590649171063718,5.882937862934595,0.2212876786738033,0.631909396734698,0.75,0.3280702592315668,1,1.0,-2.4522270999999978,1,0.8360655737704918,False,COc1ccc(C(NC(=O)COc2ccc(OC)cc2O)c2cc(Cl)c3cccnc3c2O)cc1,5.78,6.68,-0.9,False,2.88,494.9,4.6,3,7,110.1,8,True,True,0.274,True
607,CAND-01829,C[C@]1(c2ccccc2)C[C@@]1(NS(=O)(=O)c1sc(-c2ccc(Cl)cc2)cc1F)C(=O)O,0.3590145365070813,7.464234832055119,0.7038233076710741,0.6795595364528183,1.0,0.5537247305954189,2,0.5,-2.2259864999999994,0,0.6949152542372882,True,C[C@]1(c2ccccc2)C[C@@]1(NS(=O)(=O)c1sc(-c2ccc(Cl)cc2)cc1F)C(=O)O,7.34,6.72,0.62,False,3.55,466.0,4.67,2,4,83.5,6,True,True,0.926,False
608,CAND-01830,C[C@]1(c2ccccc2)C[C@@]1(NS(=O)(=O)c1cc(F)c(-c2ccc(Cl)cc2)s1)C(=O)O,0.3590145365070813,7.464234832055119,0.7038233076710741,0.6795595364528183,1.0,0.5537247305954189,2,0.5,-2.2259864999999994,0,0.6949152542372882,True,C[C@]1(c2ccccc2)C[C@@]1(NS(=O)(=O)c1cc(F)c(-c2ccc(Cl)cc2)s1)C(=O)O,7.41,6.71,0.7,False,3.52,466.0,4.67,2,4,83.5,6,True,True,0.901,False
609,CAND-00750,CCCCNc1nc(NCc2csc(-c3cccs3)n2)nc(N2CCC[C@@H]2CNS(=O)(=O)c2ccc(Cl)c(C#N)c2)n1,0.3587263875569268,6.205851350091763,0.3198253130839594,0.5525018415832932,0.75,0.1627124367164902,1,1.0,-2.8292503999999985,1,0.8095238095238095,False,CCCCNc1nc(NCc2csc(-c3cccs3)n2)nc(N2CCC[C@@H]2CNS(=O)(=O)c2ccc(Cl)c(C#N)c2)n1,6.06,5.58,0.48,False,3.55,644.3,5.35,3,12,148.8,13,False,False,0.712,False
610,CAND-00308,Cc1ccnc(C#N)c1CCC1CCN(S(=O)(=O)CC2(N(O)C=O)CCOCC2)CC1,0.3586549586180392,6.467811143712623,0.3997628177116577,0.2450403200116254,0.25,0.3625784992073679,1,1.0,-4.289063100000004,3,0.684931506849315,False,Cc1ccnc(C#N)c1CCC1CCN(S(=O)(=O)CC2(N(O)C=O)CCOCC2)CC1,6.21,7.45,-1.24,False,3.36,450.6,1.63,1,7,123.8,8,True,True,0.532,False
611,CAND-00748,CCCCNc1nc(NCc2csc(-c3cccs3)n2)nc(N2CCC[C@@H]2CNS(=O)(=O)c2cc(C#N)ccc2Cl)n1,0.3584977466686359,6.204352811447382,0.3193680313073776,0.5525018415832932,0.75,0.1627124367164902,1,1.0,-2.8292503999999985,1,0.8095238095238095,False,CCCCNc1nc(NCc2csc(-c3cccs3)n2)nc(N2CCC[C@@H]2CNS(=O)(=O)c2cc(C#N)ccc2Cl)n1,6.06,5.61,0.45,False,3.53,644.3,5.35,3,12,148.8,13,False,False,0.72,False
612,CAND-00747,CCCCNc1nc(NCc2csc(-c3ccc(Cl)s3)n2)nc(N2CCC[C@@H]2CNS(=O)(=O)c2cccc(C#N)c2)n1,0.3584977466686359,6.204352811447382,0.3193680313073776,0.5525018415832932,0.75,0.1627124367164902,1,1.0,-2.8292503999999985,1,0.8333333333333334,False,CCCCNc1nc(NCc2csc(-c3ccc(Cl)s3)n2)nc(N2CCC[C@@H]2CNS(=O)(=O)c2cccc(C#N)c2)n1,5.9,5.76,0.14,False,3.54,644.3,5.35,3,12,148.8,13,False,False,0.579,False
613,CAND-01703,CCCc1ccc(S(=O)(=O)NC[C@H]2CCCN2c2nc(NCc3nc(-c4ccccc4)sc3C#N)nc(NCC3CCOCC3)n2)cc1,0.3584269109071832,5.8821017802374085,0.22103254652718,0.4761073536434924,1.0,0.1597021254786438,1,1.0,-3.191967799999996,0,0.7471264367816092,False,CCCc1ccc(S(=O)(=O)NC[C@H]2CCCN2c2nc(NCc3nc(-c4ccccc4)sc3C#N)nc(NCC3CCOCC3)n2)cc1,5.75,5.68,0.07,False,3.72,687.9,5.22,3,12,158.0,14,False,False,0.641,False
614,CAND-00837,C=CCCNc1nc(NCc2csc(-c3ccc(Cl)s3)n2)nc(N2CCC[C@@H]2CNS(=O)(=O)c2ccc(C(F)(F)F)cc2)n1,0.3584191161967959,6.634582342613529,0.4506533505664916,0.6379054129121974,0.5,0.1103081363785006,1,1.0,-2.4237583,2,0.8170731707317073,False,C=CCCNc1nc(NCc2csc(-c3ccc(Cl)s3)n2)nc(N2CCC[C@@H]2CNS(=O)(=O)c2ccc(C(F)(F)F)cc2)n1,6.57,5.85,0.72,False,3.66,685.2,6.28,3,11,125.0,13,False,False,0.705,False
615,CAND-01685,CCCc1ccc(S(=O)(=O)NC[C@H]2CCCN2c2nc(NCc3nc(-c4ccccc4)sc3OC)nc(NCC3CCOCC3)n2)cc1,0.3582714132639078,5.903466102654926,0.2275519081380298,0.4901377383198344,1.0,0.1483181973163097,1,1.0,-3.125352199999996,0,0.7647058823529411,False,CCCc1ccc(S(=O)(=O)NC[C@H]2CCCN2c2nc(NCc3nc(-c4ccccc4)sc3OC)nc(NCC3CCOCC3)n2)cc1,5.89,5.61,0.28,False,3.69,692.9,5.35,3,12,143.5,15,False,False,0.689,False
616,CAND-00933,Cc1c(CCC2CCN(S(=O)(=O)CC3(N(O)C=O)CCN(C(=O)C4CCC4)CC3)CC2)ccc(C(F)(F)F)c1O,0.35821404968155,6.671076420626575,0.4617895844508167,0.3758260850334954,0.25,0.2577308581871388,1,1.0,-3.668098500000003,3,0.7631578947368421,False,Cc1c(CCC2CCN(S(=O)(=O)CC3(N(O)C=O)CCN(C(=O)C4CCC4)CC3)CC2)ccc(C(F)(F)F)c1O,6.6,8.46,-1.86,False,3.32,589.7,3.7,2,6,118.5,9,True,True,0.733,False
617,CAND-01469,CCCCNc1nc(NCc2csc(-c3ccc(C#N)s3)n2)nc(N2CCC[C@@H]2CNS(=O)(=O)c2ccc(Cl)cc2)n1,0.3581361670502568,6.201982977096179,0.3186448720706195,0.5525018415832931,0.75,0.1627124367164902,1,1.0,-2.829250399999999,1,0.7875,False,CCCCNc1nc(NCc2csc(-c3ccc(C#N)s3)n2)nc(N2CCC[C@@H]2CNS(=O)(=O)c2ccc(Cl)cc2)n1,5.97,5.77,0.2,False,3.54,644.3,5.35,3,12,148.8,13,False,False,0.596,False
618,CAND-00930,COc1c(C(F)(F)F)ccc(CCC2CCN(S(=O)(=O)CC3(N(O)C=O)CCN(C(=O)C4CCC4)CC3)CC2)c1C,0.3580148818229822,6.692440743044092,0.4683089460616665,0.4031147531488577,0.25,0.2462013626404965,1,1.0,-3.538533199999998,3,0.7341772151898734,False,COc1c(C(F)(F)F)ccc(CCC2CCN(S(=O)(=O)CC3(N(O)C=O)CCN(C(=O)C4CCC4)CC3)CC2)c1C,6.61,8.47,-1.86,False,3.34,603.7,4.01,1,6,107.5,10,True,True,0.746,False
619,CAND-01437,CCCCNc1nc(NCc2csc(-c3sccc3Cl)n2)nc(N2CCC[C@@H]2CNS(=O)(=O)c2ccc(Cl)cc2)n1,0.3579939098703608,6.233632044314419,0.3283026421514816,0.6572770473167121,0.75,0.1461419626487332,1,1.0,-2.331782699999997,1,0.8076923076923077,False,CCCCNc1nc(NCc2csc(-c3sccc3Cl)n2)nc(N2CCC[C@@H]2CNS(=O)(=O)c2ccc(Cl)cc2)n1,6.25,5.72,0.53,False,3.5,653.7,6.13,3,11,125.0,13,False,False,0.609,False
620,CAND-01451,CCCCNc1nc(NCc2csc(-c3ccc(OC)s3)n2)nc(N2CCC[C@@H]2CNS(=O)(=O)c2ccc(Cl)cc2)n1,0.3577955390687686,6.223347299513697,0.3251642336814692,0.5665322262596353,0.75,0.1507114074267799,1,1.0,-2.7626347999999985,1,0.7875,False,CCCCNc1nc(NCc2csc(-c3ccc(OC)s3)n2)nc(N2CCC[C@@H]2CNS(=O)(=O)c2ccc(Cl)cc2)n1,6.12,5.82,0.3,False,3.54,649.3,5.49,3,12,134.3,14,False,False,0.629,False
621,CAND-01492,COc1cnn(-c2ccc(S(=O)(=O)N[C@@]3(C(=O)O)[C@H](C)[C@@H]3c3cccc(C)c3)s2)c1,0.3575582889016732,7.400834058086059,0.684476446870418,0.4213595860531458,1.0,0.5762611812271246,2,0.5,-3.451907600000001,0,0.84375,True,COc1cnn(-c2ccc(S(=O)(=O)N[C@@]3(C(=O)O)[C@H](C)[C@@H]3c3cccc(C)c3)s2)c1,7.53,7.06,0.47,False,3.94,447.5,2.79,2,7,110.5,7,True,True,0.596,False
622,CAND-01438,CCCCNc1nc(NCc2csc(-c3cc(Cl)cs3)n2)nc(N2CCC[C@@H]2CNS(=O)(=O)c2ccc(Cl)cc2)n1,0.3574861927150921,6.230304407760553,0.327287207840944,0.6572770473167121,0.75,0.1461419626487332,1,1.0,-2.331782699999997,1,0.8289473684210527,False,CCCCNc1nc(NCc2csc(-c3cc(Cl)cs3)n2)nc(N2CCC[C@@H]2CNS(=O)(=O)c2ccc(Cl)cc2)n1,6.12,5.79,0.33,False,3.52,653.7,6.13,3,11,125.0,13,False,False,0.429,False
623,CAND-01440,CCCCNc1nc(NCc2csc(-c3cccs3)n2)nc(N2CCC[C@@H]2CNS(=O)(=O)c2ccc(Cl)cc2Cl)n1,0.3574861927150921,6.230304407760553,0.327287207840944,0.6572770473167121,0.75,0.1461419626487332,1,1.0,-2.331782699999997,1,0.8227848101265823,False,CCCCNc1nc(NCc2csc(-c3cccs3)n2)nc(N2CCC[C@@H]2CNS(=O)(=O)c2ccc(Cl)cc2Cl)n1,6.33,5.62,0.71,False,3.44,653.7,6.13,3,11,125.0,13,False,False,0.554,False
624,CAND-01632,CC(C)[C@H]1C[C@@]1(NS(=O)(=O)c1sc(-n2cc(Cl)cn2)cc1F)C(=O)O,0.357439240387493,7.026922909488929,0.5703767838717873,0.4301282078959295,1.0,0.7656336294636411,2,0.5,-3.410274600000001,0,0.6984126984126984,True,CC(C)[C@H]1C[C@@]1(NS(=O)(=O)c1sc(-n2cc(Cl)cn2)cc1F)C(=O)O,6.7,6.61,0.09,False,4.23,407.9,2.5,2,6,101.3,6,True,True,0.768,False
625,CAND-01515,COc1cnn(-c2ccc(S(=O)(=O)N[C@@]3(C(=O)O)[C@H](C)[C@@H]3c3ccccc3)s2)c1C(F)(F)F,0.3572955136118449,7.521949867223523,0.721435154997307,0.4582497613444953,1.0,0.5129114990834546,2,0.5,-3.2767548,0,0.647887323943662,True,COc1cnn(-c2ccc(S(=O)(=O)N[C@@]3(C(=O)O)[C@H](C)[C@@H]3c3ccccc3)s2)c1C(F)(F)F,7.59,7.04,0.55,False,3.98,501.5,3.5,2,7,110.5,7,True,True,0.545,False
626,CAND-01285,O=S(=O)(NC[C@H]1CCCN1c1nc(NCCC2CC2)nc(NCc2csc(-c3ccccc3)n2)n1)c1ccc(CCCF)cc1,0.3572230684837523,5.911508532259726,0.2300060700720633,0.5912072414372306,1.0,0.1407334448257353,1,1.0,-2.645478999999997,0,0.8461538461538461,False,O=S(=O)(NC[C@H]1CCCN1c1nc(NCCC2CC2)nc(NCc2csc(-c3ccccc3)n2)n1)c1ccc(CCCF)cc1,5.98,5.65,0.33,False,3.47,650.9,5.67,3,10,125.0,16,False,False,0.638,False
627,CAND-00845,C=CCCNc1nc(NCc2csc(-c3cccs3)n2)nc(N2CCC[C@@H]2CNS(=O)(=O)c2ccc(C(F)(F)F)c(C)c2)n1,0.3571570825384239,6.611513881278332,0.4436139678839526,0.6125500623689898,0.5,0.1178336619881587,1,1.0,-2.5441442999999984,2,0.8214285714285714,False,C=CCCNc1nc(NCc2csc(-c3cccs3)n2)nc(N2CCC[C@@H]2CNS(=O)(=O)c2ccc(C(F)(F)F)c(C)c2)n1,6.6,5.64,0.96,False,3.7,664.8,5.93,3,11,125.0,13,False,False,0.735,False
628,CAND-01522,COc1cnn(-c2ccc(S(=O)(=O)N[C@@]3(C(=O)O)[C@H](C)[C@@H]3c3ccccc3)s2)c1C#N,0.3570621963121427,7.436447864724648,0.6953440643533607,0.341939730862935,1.0,0.5548412014920167,2,0.5,-3.828989300000001,0,0.647887323943662,True,COc1cnn(-c2ccc(S(=O)(=O)N[C@@]3(C(=O)O)[C@H](C)[C@@H]3c3ccccc3)s2)c1C#N,7.61,6.75,0.86,True,4.02,458.5,2.35,2,8,134.3,7,True,True,0.452,False
629,CAND-01275,CCCc1ccc(S(=O)(=O)NC[C@H]2CCCN2c2nc(NCCC3CC3)nc(NCc3nc(-c4ccccc4)sc3C(F)(F)F)n2)cc1,0.3570241014392307,5.9436128677216695,0.2398027660805837,0.6868462142365579,1.0,0.1237423946631293,1,1.0,-2.1913896999999984,0,0.7590361445783133,False,CCCc1ccc(S(=O)(=O)NC[C@H]2CCCN2c2nc(NCCC3CC3)nc(NCc3nc(-c4ccccc4)sc3C(F)(F)F)n2)cc1,5.89,5.77,0.12,False,3.68,700.9,6.74,3,10,125.0,15,False,False,0.644,False
630,CAND-01661,COc1ccc(N(C)C)cc1OCC(=O)NC(c1cccc(F)c1)c1cc(Cl)c2cccnc2c1O,0.3570163750151441,6.165942681518461,0.3076471107168402,0.6860025242459777,0.5,0.3439760655224133,1,1.0,-2.1953954999999983,2,0.7837837837837838,False,COc1ccc(N(C)C)cc1OCC(=O)NC(c1cccc(F)c1)c1cc(Cl)c2cccnc2c1O,5.89,6.69,-0.8,False,2.98,510.0,5.09,2,6,83.9,8,False,True,0.484,False
631,CAND-01576,C[C@@H]1[C@H](c2ccccc2F)[C@]1(NS(=O)(=O)N1CCn2c(cc3cc(Cl)ccc32)C1)C(=O)O,0.3568906416798309,7.366513207149144,0.6740033771574111,0.4652395743217732,1.0,0.589265315936521,2,0.5,-3.2435675000000006,0,0.8125,True,C[C@@H]1[C@H](c2ccccc2F)[C@]1(NS(=O)(=O)N1CCn2c(cc3cc(Cl)ccc32)C1)C(=O)O,7.33,7.08,0.25,False,3.9,477.9,3.34,2,4,91.6,5,True,True,0.532,False
632,CAND-00471,C=CCCNc1nc(NCc2csc(-c3cccc(C)c3)n2)nc(N2CCC[C@@H]2CNS(=O)(=O)c2ccccc2)n1,0.3568264789353191,6.550026097155783,0.4248508593935061,0.5461099705609944,0.5,0.1480034974618867,1,1.0,-2.8595987,2,0.8648648648648649,False,C=CCCNc1nc(NCc2csc(-c3cccc(C)c3)n2)nc(N2CCC[C@@H]2CNS(=O)(=O)c2ccccc2)n1,6.72,5.68,1.04,False,3.38,590.8,4.85,3,10,125.0,13,True,False,0.509,False
633,CAND-00474,C=CCCNc1nc(NCc2csc(-c3ccccc3)n2)nc(N2CCC[C@@H]2CNS(=O)(=O)c2cccc(C)c2)n1,0.3568264789353191,6.550026097155783,0.4248508593935061,0.5461099705609945,0.5,0.1480034974618867,1,1.0,-2.859598699999999,2,0.8648648648648649,False,C=CCCNc1nc(NCc2csc(-c3ccccc3)n2)nc(N2CCC[C@@H]2CNS(=O)(=O)c2cccc(C)c2)n1,6.75,5.7,1.05,False,3.38,590.8,4.85,3,10,125.0,13,True,False,0.51,False
634,CAND-00803,C=CCCNc1nc(NCc2ccccc2C)nc(N2CCC[C@@H]2CNS(=O)(=O)c2ccc(C(F)(F)F)cc2)n1,0.3568050948611618,6.42855047922968,0.387782354964256,0.5498763940877672,0.5,0.2097130579301128,1,1.0,-2.8417159,2,0.8082191780821918,False,C=CCCNc1nc(NCc2ccccc2C)nc(N2CCC[C@@H]2CNS(=O)(=O)c2ccc(C(F)(F)F)cc2)n1,6.34,5.94,0.4,False,3.31,575.7,4.75,3,8,112.1,12,True,False,0.652,False
635,CAND-01461,CCCCNc1nc(NCc2csc(-c3sccc3C(F)(F)F)n2)nc(N2CCC[C@@H]2CNS(=O)(=O)c2ccc(Cl)cc2)n1,0.3565405707368863,6.245555561628121,0.3319411250166117,0.6688118720648535,0.75,0.1352333607619347,1,1.0,-2.2770158999999977,1,0.7590361445783133,False,CCCCNc1nc(NCc2csc(-c3sccc3C(F)(F)F)n2)nc(N2CCC[C@@H]2CNS(=O)(=O)c2ccc(Cl)cc2)n1,6.13,5.8,0.33,False,3.64,687.2,6.5,3,11,125.0,13,False,False,0.495,False
636,CAND-01579,C[C@@H]1[C@H](c2ccccc2)[C@]1(NS(=O)(=O)N1CCn2c(c(F)c3cc(Cl)ccc32)C1)C(=O)O,0.3563155011073637,7.358974132399779,0.6717028148675424,0.4652395743217732,1.0,0.589265315936521,2,0.5,-3.2435675000000006,0,0.7014925373134329,True,C[C@@H]1[C@H](c2ccccc2)[C@]1(NS(=O)(=O)N1CCn2c(c(F)c3cc(Cl)ccc32)C1)C(=O)O,7.35,7.1,0.25,False,3.89,477.9,3.34,2,4,91.6,5,True,True,0.551,False
637,CAND-01580,C[C@@H]1[C@H](c2ccccc2)[C@]1(NS(=O)(=O)N1CCn2c(cc3c(F)c(Cl)ccc32)C1)C(=O)O,0.3563155011073637,7.358974132399779,0.6717028148675424,0.4652395743217732,1.0,0.589265315936521,2,0.5,-3.2435675000000006,0,0.7272727272727273,True,C[C@@H]1[C@H](c2ccccc2)[C@]1(NS(=O)(=O)N1CCn2c(cc3c(F)c(Cl)ccc32)C1)C(=O)O,7.32,7.09,0.23,False,3.95,477.9,3.34,2,4,91.6,5,True,True,0.562,False
638,CAND-01581,C[C@@H]1[C@H](c2ccccc2)[C@]1(NS(=O)(=O)N1CCn2c(cc3cc(Cl)c(F)cc32)C1)C(=O)O,0.3563155011073637,7.358974132399779,0.6717028148675424,0.4652395743217732,1.0,0.589265315936521,2,0.5,-3.2435675000000006,0,0.78125,True,C[C@@H]1[C@H](c2ccccc2)[C@]1(NS(=O)(=O)N1CCn2c(cc3cc(Cl)c(F)cc32)C1)C(=O)O,7.23,7.1,0.13,False,3.92,477.9,3.34,2,4,91.6,5,True,True,0.533,False
639,CAND-01490,COc1cnn(-c2cc(C)c(S(=O)(=O)N[C@@]3(C(=O)O)[C@H](C)[C@@H]3c3ccccc3)s2)c1,0.3561669036501045,7.382595460569382,0.6789109058641435,0.4213595860531458,1.0,0.5762611812271246,2,0.5,-3.451907600000001,0,0.7424242424242424,True,COc1cnn(-c2cc(C)c(S(=O)(=O)N[C@@]3(C(=O)O)[C@H](C)[C@@H]3c3ccccc3)s2)c1,7.58,6.99,0.59,False,4.04,447.5,2.79,2,7,110.5,7,True,True,0.401,False
640,CAND-01880,C[C@@H]1[C@H](c2ccccc2)[C@]1(NS(=O)(=O)c1cc2[nH]c3c(F)c(Cl)ccc3c2s1)C(=O)O,0.3559177786212761,7.752427533784031,0.791765831635138,0.6687506877964763,1.0,0.3865088047499441,2,0.5,-2.2773064,0,0.7384615384615385,True,C[C@@H]1[C@H](c2ccccc2)[C@]1(NS(=O)(=O)c1cc2[nH]c3c(F)c(Cl)ccc3c2s1)C(=O)O,7.92,6.81,1.11,False,3.93,479.0,4.71,3,4,99.3,5,True,True,0.527,False
641,CAND-00808,C=CCCNc1nc(NCc2ccccc2OC)nc(N2CCC[C@@H]2CNS(=O)(=O)c2ccc(C(F)(F)F)cc2)n1,0.3558335868783597,6.449914801647198,0.3943017165751057,0.4844869235738981,0.5,0.1956090953026894,1,1.0,-3.152182000000001,2,0.7763157894736842,False,C=CCCNc1nc(NCc2ccccc2OC)nc(N2CCC[C@@H]2CNS(=O)(=O)c2ccc(C(F)(F)F)cc2)n1,6.55,5.98,0.57,False,3.32,591.7,4.45,3,9,121.4,13,True,False,0.647,False
642,CAND-01582,C[C@@H]1[C@H](c2ccccc2)[C@]1(NS(=O)(=O)N1CCn2c(cc3cc(Cl)cc(F)c32)C1)C(=O)O,0.3555695466076585,7.349195989451562,0.6687189968687214,0.4652395743217732,1.0,0.589265315936521,2,0.5,-3.2435675000000006,0,0.7538461538461538,True,C[C@@H]1[C@H](c2ccccc2)[C@]1(NS(=O)(=O)N1CCn2c(cc3cc(Cl)cc(F)c32)C1)C(=O)O,7.23,7.08,0.15,False,4.0,477.9,3.34,2,4,91.6,5,True,True,0.567,False
643,CAND-00515,COc1cc(/C=C2/SC(=S)NC2=O)ccc1OCc1ccc(Cl)cc1C,0.3555513785972012,6.028876160175616,0.2658210139227495,0.7647431814029308,0.25,0.5754695721194213,1,1.0,-1.8215386,3,0.7586206896551724,False,COc1cc(/C=C2/SC(=S)NC2=O)ccc1OCc1ccc(Cl)cc1C,5.81,5.55,0.26,False,2.33,405.9,4.72,1,5,47.6,5,True,True,0.977,False
644,CAND-01027,CC1(C)C[C@@H](O)CN(S(=O)(=O)c2ccc(OCc3ccc(Cl)cc3Cl)c(F)c2)[C@H]1C(=O)NO,0.3555265250162716,8.382517452801233,0.984038909580076,0.4133507022237479,0.5,0.3967786508083505,2,0.5,-3.4899334000000004,2,0.782608695652174,True,CC1(C)C[C@@H](O)CN(S(=O)(=O)c2ccc(OCc3ccc(Cl)cc3Cl)c(F)c2)[C@H]1C(=O)NO,8.06,8.51,-0.45,True,3.49,521.4,3.37,3,6,116.2,6,True,True,0.893,False
645,CAND-01026,CC1(C)C[C@@H](O)CN(S(=O)(=O)c2ccc(OCc3ccc(Cl)cc3Cl)cc2F)[C@H]1C(=O)NO,0.3555265250162716,8.382517452801233,0.984038909580076,0.4133507022237479,0.5,0.3967786508083505,2,0.5,-3.4899334000000004,2,0.782608695652174,True,CC1(C)C[C@@H](O)CN(S(=O)(=O)c2ccc(OCc3ccc(Cl)cc3Cl)cc2F)[C@H]1C(=O)NO,8.0,8.49,-0.49,False,3.53,521.4,3.37,3,6,116.2,6,True,True,0.928,False
646,CAND-00310,O=C(O)[C@]1(NS(=O)(=O)c2sc(-n3cc(Cl)cn3)cc2F)C[C@@H]1C1CCCCC1,0.3553796575412764,7.117234822872949,0.5979356275183051,0.5168722307141865,1.0,0.705971671078001,2,0.5,-2.9984181000000008,0,0.7121212121212122,True,O=C(O)[C@]1(NS(=O)(=O)c2sc(-n3cc(Cl)cn3)cc2F)C[C@@H]1C1CCCCC1,7.1,6.95,0.15,False,4.06,447.9,3.43,2,6,101.3,6,True,True,0.743,False
647,CAND-00020,O=CN(O)C1(CS(=O)(=O)N2CCC(CCc3ccc(F)cc3)CC2)CCOCC1,0.3552904610423105,6.392455433270317,0.3767678864325332,0.357689614628621,0.25,0.3896883927534797,1,1.0,-3.7542096000000025,3,0.8245614035087719,False,O=CN(O)C1(CS(=O)(=O)N2CCC(CCc3ccc(F)cc3)CC2)CCOCC1,6.39,7.73,-1.34,False,2.89,428.5,2.2,1,5,87.2,8,True,True,0.705,False
648,CAND-00827,C=CCCNc1nc(NCc2ccccc2)nc(N2CCC[C@@H]2CNS(=O)(=O)c2ccc(C(F)(F)F)c(C#N)c2)n1,0.355281922633366,6.418915192591542,0.3848421298267292,0.4704565388975565,0.5,0.2095361924000046,1,1.0,-3.218797599999999,2,0.7564102564102564,False,C=CCCNc1nc(NCc2ccccc2)nc(N2CCC[C@@H]2CNS(=O)(=O)c2ccc(C(F)(F)F)c(C#N)c2)n1,6.4,5.58,0.82,False,3.48,586.6,4.31,3,9,135.9,12,True,False,0.678,False
649,CAND-01889,C[C@@H]1[C@H](c2ccccc2)[C@]1(NS(=O)(=O)c1cc2[nH]c3cc(Cl)cc(Cl)c3c2s1)C(=O)O,0.3552332807238919,7.80855115044198,0.8088920547257364,0.7245173577452594,1.0,0.3534017802830519,2,0.5,-2.0125289,0,0.7833333333333333,True,C[C@@H]1[C@H](c2ccccc2)[C@]1(NS(=O)(=O)c1cc2[nH]c3cc(Cl)cc(Cl)c3c2s1)C(=O)O,7.92,6.87,1.05,False,3.92,495.4,5.22,3,4,99.3,5,True,True,0.649,False
650,CAND-00535,COc1cc(/C=C2/SC(=S)NC2=O)ccc1OCc1ccc(Cl)cc1C#N,0.3548040926303899,6.017470754631094,0.2623406338006932,0.68532332621272,0.25,0.5787792524334777,1,1.0,-2.1986203,3,0.7096774193548387,False,COc1cc(/C=C2/SC(=S)NC2=O)ccc1OCc1ccc(Cl)cc1C#N,5.39,5.53,-0.14,False,2.49,416.9,4.29,1,6,71.3,5,True,True,0.717,False
651,CAND-00663,Cc1c(CCC2CCN(S(=O)(=O)CC3(N(O)C=O)CCOCC3)CC2)ccc(Cl)c1C(F)(F)F,0.3544544290845293,6.536313824636198,0.4206665346433615,0.5065447895698195,0.25,0.3137372058761619,1,1.0,-3.047452300000001,3,0.7183098591549296,False,Cc1c(CCC2CCN(S(=O)(=O)CC3(N(O)C=O)CCOCC3)CC2)ccc(Cl)c1C(F)(F)F,6.6,8.43,-1.83,False,3.33,527.0,4.04,1,5,87.2,8,True,True,0.779,False
652,CAND-01832,C[C@]1(c2ccccc2)C[C@@]1(NS(=O)(=O)c1ccc(-c2ccc(Cl)c(F)c2)s1)C(=O)O,0.3544241170287029,7.404062558988065,0.6854616297575604,0.6795595364528183,1.0,0.5537247305954189,2,0.5,-2.2259864999999994,0,0.7586206896551724,True,C[C@]1(c2ccccc2)C[C@@]1(NS(=O)(=O)c1ccc(-c2ccc(Cl)c(F)c2)s1)C(=O)O,7.42,6.71,0.71,False,3.41,466.0,4.67,2,4,83.5,6,True,True,0.914,False
653,CAND-01895,Cc1cc2c(cc1Cl)[nH]c1cc(S(=O)(=O)N[C@@]3(C(=O)O)[C@H](C)[C@@H]3c3ccccc3)sc12,0.354352381282473,7.737742462676874,0.7872846556372463,0.6991620072020517,1.0,0.3835414491544096,2,0.5,-2.1329148999999994,0,0.7903225806451613,True,Cc1cc2c(cc1Cl)[nH]c1cc(S(=O)(=O)N[C@@]3(C(=O)O)[C@H](C)[C@@H]3c3ccccc3)sc12,7.95,6.87,1.08,False,3.86,475.0,4.88,3,4,99.3,5,True,True,0.597,False
654,CAND-01894,Cc1c(Cl)ccc2c1[nH]c1cc(S(=O)(=O)N[C@@]3(C(=O)O)[C@H](C)[C@@H]3c3ccccc3)sc12,0.354352381282473,7.737742462676874,0.7872846556372463,0.6991620072020518,1.0,0.3835414491544096,2,0.5,-2.132914899999999,0,0.75,True,Cc1c(Cl)ccc2c1[nH]c1cc(S(=O)(=O)N[C@@]3(C(=O)O)[C@H](C)[C@@H]3c3ccccc3)sc12,7.94,6.87,1.07,False,3.88,475.0,4.88,3,4,99.3,5,True,True,0.575,False
655,CAND-01520,COc1cnn(-c2ccc(S(=O)(=O)N[C@@]3(C(=O)O)[C@H](C)[C@@H]3c3cccc(C#N)c3)s2)c1,0.354345291941407,7.400834058086059,0.684476446870418,0.341939730862935,1.0,0.5548412014920167,2,0.5,-3.828989300000001,0,0.8059701492537313,True,COc1cnn(-c2ccc(S(=O)(=O)N[C@@]3(C(=O)O)[C@H](C)[C@@H]3c3cccc(C#N)c3)s2)c1,7.52,6.81,0.71,False,4.04,458.5,2.35,2,8,134.3,7,True,True,0.602,False
656,CAND-00815,C=CCCNc1nc(NCc2ccc(O)cc2)nc(N2CCC[C@@H]2CNS(=O)(=O)c2ccc(C(F)(F)F)cc2)n1,0.3542622099442423,6.460083986112546,0.3974048615998541,0.457198255458537,0.5,0.185199263814384,1,1.0,-3.2817473000000006,2,0.8571428571428571,False,C=CCCNc1nc(NCc2ccc(O)cc2)nc(N2CCC[C@@H]2CNS(=O)(=O)c2ccc(C(F)(F)F)cc2)n1,6.37,6.51,-0.14,False,3.33,577.6,4.14,4,9,132.4,12,True,False,0.646,False
657,CAND-00217,Cc1ncc(CCC2CCN(S(=O)(=O)CC3(N(O)C=O)CCOCC3)CC2)c(C)c1F,0.3542179619449128,6.433955485809169,0.3894317024938465,0.3221480206467939,0.25,0.3650070356599652,1,1.0,-3.922959400000003,3,0.7761194029850746,False,Cc1ncc(CCC2CCN(S(=O)(=O)CC3(N(O)C=O)CCOCC3)CC2)c(C)c1F,6.33,7.29,-0.96,False,3.37,457.6,2.21,1,6,100.0,8,True,True,0.806,False
658,CAND-00820,C=CCCNc1nc(NCc2ccc(C(F)(F)F)cc2)nc(N2CCC[C@@H]2CNS(=O)(=O)c2ccc(C(F)(F)F)cc2)n1,0.354087832363216,6.552241003761408,0.4255267421486029,0.5867665693791164,0.5,0.1377482042963818,1,1.0,-2.6665631000000003,2,0.9230769230769232,False,C=CCCNc1nc(NCc2ccc(C(F)(F)F)cc2)nc(N2CCC[C@@H]2CNS(=O)(=O)c2ccc(C(F)(F)F)cc2)n1,6.52,5.9,0.62,False,3.41,629.6,5.46,3,8,112.1,12,False,False,0.722,False
659,CAND-01523,C[C@@H]1[C@H](c2ccccc2)[C@]1(NS(=O)(=O)c1ccc(-n2cc(OCF)cn2)s1)C(=O)O,0.353950267448302,7.41508354230713,0.688824702742511,0.4145902470591269,1.0,0.5449606117511621,2,0.5,-3.4840481000000008,0,0.8125,True,C[C@@H]1[C@H](c2ccccc2)[C@]1(NS(=O)(=O)c1ccc(-n2cc(OCF)cn2)s1)C(=O)O,7.68,7.02,0.66,False,4.06,451.5,2.77,2,7,110.5,8,True,True,0.419,False
660,CAND-01445,CCCCNc1nc(NCc2csc(-c3ccc(C)s3)n2)nc(N2CCC[C@@H]2CNS(=O)(=O)c2ccc(Cl)cc2)n1,0.3539399262195805,6.185581646795631,0.3136399764769926,0.6319216967735041,0.75,0.1570664599369473,1,1.0,-2.4521686999999988,1,0.8289473684210527,False,CCCCNc1nc(NCc2csc(-c3ccc(C)s3)n2)nc(N2CCC[C@@H]2CNS(=O)(=O)c2ccc(Cl)cc2)n1,6.17,5.77,0.4,False,3.41,633.3,5.79,3,11,125.0,13,False,False,0.419,False
661,CAND-01910,C[C@@H]1[C@H](c2ccccc2)[C@]1(NS(=O)(=O)c1cc2[nH]c3cc(Cl)cc(O)c3c2s1)C(=O)O,0.3536039487027979,7.80855115044198,0.8088920547257364,0.6064838685728214,1.0,0.3425395668090916,2,0.5,-2.5729463000000004,0,0.746031746031746,True,C[C@@H]1[C@H](c2ccccc2)[C@]1(NS(=O)(=O)c1cc2[nH]c3cc(Cl)cc(O)c3c2s1)C(=O)O,7.94,6.7,1.24,False,3.97,477.0,4.28,4,5,119.5,5,True,True,0.597,False
662,CAND-01463,CCCCNc1nc(NCc2csc(-c3ccc(C(F)(F)F)s3)n2)nc(N2CCC[C@@H]2CNS(=O)(=O)c2ccc(Cl)cc2)n1,0.3534587991892277,6.225357276921306,0.3257775819212944,0.6688118720648535,0.75,0.1352333607619347,1,1.0,-2.2770158999999977,1,0.8205128205128205,False,CCCCNc1nc(NCc2csc(-c3ccc(C(F)(F)F)s3)n2)nc(N2CCC[C@@H]2CNS(=O)(=O)c2ccc(Cl)cc2)n1,6.18,5.82,0.36,False,3.61,687.2,6.5,3,11,125.0,13,False,False,0.458,False
663,CAND-01471,O=S(=O)(NC[C@H]1CCCN1c1nc(NCCCCF)nc(NCc2csc(-c3cccs3)n2)n1)c1ccc(Cl)cc1,0.3534337495918401,6.185581646795631,0.3136399764769926,0.5731728992655258,0.75,0.1553792045111458,1,1.0,-2.731105199999998,1,0.8552631578947368,False,O=S(=O)(NC[C@H]1CCCN1c1nc(NCCCCF)nc(NCc2csc(-c3cccs3)n2)n1)c1ccc(Cl)cc1,6.37,5.7,0.67,False,3.47,637.2,5.43,3,11,125.0,14,False,False,0.48,False
664,CAND-00659,COc1cc(Cl)cc(C)c1CCC1CCN(S(=O)(=O)CC2(N(O)C=O)CCOCC2)CC1,0.3533727433555811,6.505423498744589,0.4112402958500699,0.4042651437646012,0.25,0.3258419847684872,1,1.0,-3.533071200000002,3,0.7183098591549296,False,COc1cc(Cl)cc(C)c1CCC1CCN(S(=O)(=O)CC2(N(O)C=O)CCOCC2)CC1,6.94,7.83,-0.89,False,3.16,489.0,3.03,1,6,96.4,9,True,True,0.635,False
665,CAND-01691,CCCc1ccc(S(=O)(=O)NC[C@H]2CCCN2c2nc(NCc3nc(-c4ccccc4)sc3O)nc(NCC3CCOCC3)n2)cc1,0.3530159861489291,5.8821017802374085,0.22103254652718,0.4628490702044731,1.0,0.1416657096177969,1,1.0,-3.2549174999999964,0,0.7738095238095238,False,CCCc1ccc(S(=O)(=O)NC[C@H]2CCCN2c2nc(NCc3nc(-c4ccccc4)sc3O)nc(NCC3CCOCC3)n2)cc1,5.79,5.66,0.13,False,3.65,678.9,5.05,4,12,154.5,14,False,False,0.641,False
666,CAND-00817,C=CCCNc1nc(NCc2ccccc2)nc(N2CCC[C@@H]2CNS(=O)(=O)c2ccc(C(F)(F)F)c(O)c2)n1,0.3530156576834224,6.451913939411618,0.3949117570782144,0.4571982554585371,0.5,0.185199263814384,1,1.0,-3.2817473,2,0.7866666666666666,False,C=CCCNc1nc(NCc2ccccc2)nc(N2CCC[C@@H]2CNS(=O)(=O)c2ccc(C(F)(F)F)c(O)c2)n1,6.47,5.54,0.93,False,3.42,577.6,4.14,4,9,132.4,12,True,False,0.64,False
667,CAND-01482,COc1cnn(-c2sc(S(=O)(=O)N[C@@]3(C(=O)O)[C@H](C)[C@@H]3c3ccccc3)cc2Cl)c1,0.3529933728308965,7.388795375592736,0.6808028211425164,0.4467149365963539,1.0,0.5519511169684497,2,0.5,-3.3315216,0,0.7313432835820896,True,COc1cnn(-c2sc(S(=O)(=O)N[C@@]3(C(=O)O)[C@H](C)[C@@H]3c3ccccc3)cc2Cl)c1,7.57,7.01,0.56,False,4.01,468.0,3.13,2,7,110.5,7,True,True,0.389,False
668,CAND-01502,COc1cn(-c2ccc(S(=O)(=O)N[C@@]3(C(=O)O)[C@H](C)[C@@H]3c3ccccc3)s2)nc1O,0.3529163144873968,7.482406492641683,0.7093684227521074,0.3286814474239158,1.0,0.5038280586624666,2,0.5,-3.8919390000000007,0,0.7230769230769231,True,COc1cn(-c2ccc(S(=O)(=O)N[C@@]3(C(=O)O)[C@H](C)[C@@H]3c3ccccc3)s2)nc1O,7.58,6.73,0.85,False,4.02,449.5,2.18,3,8,130.8,7,True,True,0.511,False
669,CAND-00822,C=CCCNc1nc(NCc2ccccc2)nc(N2CCC[C@@H]2CNS(=O)(=O)c2ccc(C(F)(F)F)c(C(F)(F)F)c2)n1,0.3528412801023961,6.544070957060479,0.4230336376269632,0.5867665693791165,0.5,0.1377482042963818,1,1.0,-2.6665630999999994,2,0.8194444444444444,False,C=CCCNc1nc(NCc2ccccc2)nc(N2CCC[C@@H]2CNS(=O)(=O)c2ccc(C(F)(F)F)c(C(F)(F)F)c2)n1,6.56,5.76,0.8,False,3.5,629.6,5.46,3,8,112.1,12,False,False,0.697,False
670,CAND-01501,COc1cnn(-c2ccc(S(=O)(=O)N[C@@]3(C(=O)O)[C@H](C)[C@@H]3c3ccccc3)s2)c1OC,0.352824071342622,7.436447864724648,0.6953440643533607,0.355970115539277,1.0,0.526587035028546,2,0.5,-3.762373700000001,0,0.696969696969697,True,COc1cnn(-c2ccc(S(=O)(=O)N[C@@]3(C(=O)O)[C@H](C)[C@@H]3c3ccccc3)s2)c1OC,7.63,6.86,0.77,False,3.96,463.5,2.49,2,8,119.8,8,True,True,0.424,False
671,CAND-01495,COc1cn(-c2ccc(S(=O)(=O)N[C@@]3(C(=O)O)[C@H](C)[C@@H]3c3ccccc3)s2)nc1OC,0.352824071342622,7.436447864724648,0.6953440643533607,0.355970115539277,1.0,0.526587035028546,2,0.5,-3.762373700000001,0,0.7230769230769231,True,COc1cn(-c2ccc(S(=O)(=O)N[C@@]3(C(=O)O)[C@H](C)[C@@H]3c3ccccc3)s2)nc1OC,7.61,6.88,0.73,False,3.94,463.5,2.49,2,8,119.8,8,True,True,0.442,False
672,CAND-00289,Cc1c(F)cncc1CCC1CCN(S(=O)(=O)CC2(N(O)C=O)CCOCC2)CC1,0.3524187015186667,6.4040009688293145,0.3802910274818514,0.2940488557962611,0.25,0.3742439592591365,1,1.0,-4.056372900000003,3,0.75,False,Cc1c(F)cncc1CCC1CCN(S(=O)(=O)CC2(N(O)C=O)CCOCC2)CC1,6.3,7.39,-1.09,False,3.31,443.5,1.9,1,6,100.0,8,True,True,0.733,False
673,CAND-01826,C[C@]1(c2ccccc2F)C[C@@]1(NS(=O)(=O)c1ccc(-c2ccc(Cl)cc2)s1)C(=O)O,0.3523608582228968,7.377016888574776,0.6772085945343361,0.6795595364528183,1.0,0.5537247305954189,2,0.5,-2.2259864999999994,0,0.7719298245614035,True,C[C@]1(c2ccccc2F)C[C@@]1(NS(=O)(=O)c1ccc(-c2ccc(Cl)cc2)s1)C(=O)O,7.38,6.53,0.85,False,3.4,466.0,4.67,2,4,83.5,6,True,True,0.898,False
674,CAND-00520,COc1cc(Cl)ccc1COc1ccc(/C=C2/SC(=S)NC2=O)cc1OC,0.3523500420774608,6.058224011861131,0.2747765639233699,0.6993537108890622,0.25,0.5498725337192528,1,1.0,-2.132004699999999,3,0.7857142857142857,False,COc1cc(Cl)ccc1COc1ccc(/C=C2/SC(=S)NC2=O)cc1OC,5.39,5.58,-0.19,False,2.34,421.9,4.43,1,6,56.8,6,True,True,0.709,False
675,CAND-01658,CC(C)[C@H]1C[C@@]1(NS(=O)(=O)c1ccc(-n2ncc(Cl)c2C#N)s1)C(=O)O,0.3521199308277922,6.9955912610309,0.5608158746994735,0.381119672111294,1.0,0.7461064143528259,2,0.5,-3.6429648000000014,0,0.6515151515151515,False,CC(C)[C@H]1C[C@@]1(NS(=O)(=O)c1ccc(-n2ncc(Cl)c2C#N)s1)C(=O)O,6.57,6.32,0.25,False,4.12,414.9,2.24,2,7,125.1,6,True,True,0.696,False
676,CAND-01518,COc1cnn(-c2cc(C#N)c(S(=O)(=O)N[C@@]3(C(=O)O)[C@H](C)[C@@H]3c3ccccc3)s2)c1,0.3520391197542601,7.37060422326633,0.6752517581218305,0.341939730862935,1.0,0.5548412014920167,2,0.5,-3.828989300000001,0,0.7,True,COc1cnn(-c2cc(C#N)c(S(=O)(=O)N[C@@]3(C(=O)O)[C@H](C)[C@@H]3c3ccccc3)s2)c1,7.55,6.76,0.79,False,4.19,458.5,2.35,2,8,134.3,7,True,True,0.449,False
677,CAND-00844,C=CCCNc1nc(NCc2csc(-c3cccs3)n2)nc(N2CCC[C@@H]2CNS(=O)(=O)c2ccc(C(F)(F)F)cc2C)n1,0.3520195043679129,6.577841603827936,0.4333388115429306,0.6125500623689896,0.5,0.1178336619881587,1,1.0,-2.5441442999999992,2,0.8313253012048193,False,C=CCCNc1nc(NCc2csc(-c3cccs3)n2)nc(N2CCC[C@@H]2CNS(=O)(=O)c2ccc(C(F)(F)F)cc2C)n1,6.59,5.71,0.88,False,3.68,664.8,5.93,3,11,125.0,13,False,False,0.71,False
678,CAND-00842,C=CCCNc1nc(NCc2csc(-c3cc(C)cs3)n2)nc(N2CCC[C@@H]2CNS(=O)(=O)c2ccc(C(F)(F)F)cc2)n1,0.3520195043679129,6.577841603827936,0.4333388115429306,0.6125500623689898,0.5,0.1178336619881587,1,1.0,-2.5441442999999984,2,0.825,False,C=CCCNc1nc(NCc2csc(-c3cc(C)cs3)n2)nc(N2CCC[C@@H]2CNS(=O)(=O)c2ccc(C(F)(F)F)cc2)n1,6.54,5.89,0.65,False,3.7,664.8,5.93,3,11,125.0,13,False,False,0.704,False
679,CAND-02068,Cc1cc(N2CCN(S(=O)(=O)N[C@@]3(C(=O)O)[C@H](C)[C@@H]3c3ccccc3)CC2)ccc1Cl,0.3519185723090207,7.10894163358317,0.5954049458130446,0.4115465350590594,1.0,0.6871155723717306,2,0.5,-3.498499500000001,0,0.7857142857142857,True,Cc1cc(N2CCN(S(=O)(=O)N[C@@]3(C(=O)O)[C@H](C)[C@@H]3c3ccccc3)CC2)ccc1Cl,7.2,6.99,0.21,True,3.45,464.0,2.86,2,4,90.0,6,True,True,0.347,False
680,CAND-00751,CCCCNc1nc(NCc2csc(-c3cccs3)n2)nc(N2CCC[C@@H]2CNS(=O)(=O)c2cccc(C#N)c2Cl)n1,0.351902771874951,6.161128589126841,0.306178081720008,0.5525018415832932,0.75,0.1627124367164902,1,1.0,-2.8292503999999985,1,0.7558139534883721,False,CCCCNc1nc(NCc2csc(-c3cccs3)n2)nc(N2CCC[C@@H]2CNS(=O)(=O)c2cccc(C#N)c2Cl)n1,5.98,5.69,0.29,False,3.6,644.3,5.35,3,12,148.8,13,False,False,0.587,False
681,CAND-00823,C=CCCNc1nc(NCc2ccccc2C#N)nc(N2CCC[C@@H]2CNS(=O)(=O)c2ccc(C(F)(F)F)cc2)n1,0.3517172215763867,6.395551732409604,0.3777127277127707,0.4704565388975563,0.5,0.2095361924000046,1,1.0,-3.2187976000000003,2,0.7763157894736842,False,C=CCCNc1nc(NCc2ccccc2C#N)nc(N2CCC[C@@H]2CNS(=O)(=O)c2ccc(C(F)(F)F)cc2)n1,6.37,5.88,0.49,False,3.43,586.6,4.31,3,9,135.9,12,True,False,0.7,False
682,CAND-01902,COc1cc2c(cc1Cl)[nH]c1cc(S(=O)(=O)N[C@@]3(C(=O)O)[C@H](C)[C@@H]3c3ccccc3)sc12,0.3516044404312559,7.735538702349382,0.7866121741890736,0.633772536688183,1.0,0.3663426458932501,2,0.5,-2.443380999999999,0,0.7538461538461538,True,COc1cc2c(cc1Cl)[nH]c1cc(S(=O)(=O)N[C@@]3(C(=O)O)[C@H](C)[C@@H]3c3ccccc3)sc12,7.95,6.81,1.14,False,3.84,491.0,4.58,3,5,108.5,6,True,True,0.602,False
683,CAND-01901,COc1c(Cl)ccc2c1[nH]c1cc(S(=O)(=O)N[C@@]3(C(=O)O)[C@H](C)[C@@H]3c3ccccc3)sc12,0.3516044404312559,7.735538702349382,0.7866121741890736,0.633772536688183,1.0,0.3663426458932501,2,0.5,-2.443380999999999,0,0.7164179104477612,True,COc1c(Cl)ccc2c1[nH]c1cc(S(=O)(=O)N[C@@]3(C(=O)O)[C@H](C)[C@@H]3c3ccccc3)sc12,7.93,6.79,1.14,False,3.93,491.0,4.58,3,5,108.5,6,True,True,0.587,False
684,CAND-01647,COc1nn(-c2ccc(S(=O)(=O)N[C@@]3(C(=O)O)C[C@@H]3C(C)C)s2)cc1Cl,0.3514274479340554,7.052927179382526,0.5783120338436508,0.3951500567876361,1.0,0.7123295964876181,2,0.5,-3.576349200000001,0,0.6984126984126984,True,COc1nn(-c2ccc(S(=O)(=O)N[C@@]3(C(=O)O)C[C@@H]3C(C)C)s2)cc1Cl,6.6,6.45,0.15,False,4.07,419.9,2.37,2,7,110.5,7,True,True,0.708,False
685,CAND-01484,COc1cnn(-c2ccc(S(=O)(=O)N[C@@]3(C(=O)O)[C@H](C)[C@@H]3c3ccccc3Cl)s2)c1,0.3513752119407256,7.367584150908715,0.6743301775818326,0.4467149365963538,1.0,0.5519511169684497,2,0.5,-3.3315216000000003,0,0.8,True,COc1cnn(-c2ccc(S(=O)(=O)N[C@@]3(C(=O)O)[C@H](C)[C@@H]3c3ccccc3Cl)s2)c1,7.57,7.05,0.52,False,3.96,468.0,3.13,2,7,110.5,7,True,True,0.636,False
686,CAND-01877,C[C@@H]1[C@H](c2cccc(F)c2)[C@]1(NS(=O)(=O)c1cc2[nH]c3cc(Cl)ccc3c2s1)C(=O)O,0.351327972933491,7.692263306425079,0.7734066088839976,0.6687506877964763,1.0,0.3865088047499441,2,0.5,-2.2773064,0,0.8548387096774194,True,C[C@@H]1[C@H](c2cccc(F)c2)[C@]1(NS(=O)(=O)c1cc2[nH]c3cc(Cl)ccc3c2s1)C(=O)O,8.02,6.8,1.22,False,3.86,479.0,4.71,3,4,99.3,5,True,True,0.581,False
687,CAND-00926,Cc1cc(C(F)(F)F)cc(Cl)c1CCC1CCN(S(=O)(=O)CC2(N(O)C=O)CCN(C(=O)C3CCC3)CC2)CC1,0.3511309054513638,6.63913593145523,0.4520428864340948,0.4938595742059347,0.25,0.2503648741143879,1,1.0,-3.1076810999999966,3,0.7631578947368421,False,Cc1cc(C(F)(F)F)cc(Cl)c1CCC1CCN(S(=O)(=O)CC2(N(O)C=O)CCN(C(=O)C3CCC3)CC2)CC1,6.87,8.42,-1.55,False,3.29,608.1,4.65,1,5,98.2,9,True,True,0.749,False
688,CAND-02055,C[C@@H]1[C@H](c2cccc(F)c2)[C@]1(NS(=O)(=O)N1CCN(c2ccc(Cl)cc2)CC1)C(=O)O,0.3511291960119747,7.109819538346419,0.5956728400387382,0.3811352156534839,1.0,0.6814065733486009,2,0.5,-3.642891000000002,0,0.8214285714285714,True,C[C@@H]1[C@H](c2cccc(F)c2)[C@]1(NS(=O)(=O)N1CCN(c2ccc(Cl)cc2)CC1)C(=O)O,7.33,6.99,0.34,False,3.45,468.0,2.69,2,4,90.0,6,True,True,0.462,False
689,CAND-01509,COc1cn(-c2ccc(S(=O)(=O)N[C@@]3(C(=O)O)[C@H](C)[C@@H]3c3ccccc3)s2)nc1C(F)(F)F,0.3507727409508583,7.436447864724648,0.6953440643533607,0.4582497613444954,1.0,0.5129114990834546,2,0.5,-3.2767547999999995,0,0.6811594202898551,True,COc1cn(-c2ccc(S(=O)(=O)N[C@@]3(C(=O)O)[C@H](C)[C@@H]3c3ccccc3)s2)nc1C(F)(F)F,7.58,7.08,0.5,False,4.01,501.5,3.5,2,7,110.5,7,True,True,0.57,False
690,CAND-01439,CCCCNc1nc(NCc2csc(-c3ccc(Cl)s3)n2)nc(N2CCC[C@@H]2CNS(=O)(=O)c2ccc(Cl)cc2)n1,0.3506625770331163,6.185581646795631,0.3136399764769926,0.6572770473167121,0.75,0.1461419626487332,1,1.0,-2.331782699999997,1,0.8289473684210527,False,CCCCNc1nc(NCc2csc(-c3ccc(Cl)s3)n2)nc(N2CCC[C@@H]2CNS(=O)(=O)c2ccc(Cl)cc2)n1,6.15,5.77,0.38,False,3.42,653.7,6.13,3,11,125.0,13,False,False,0.418,False
691,CAND-02073,COc1cc(N2CCN(S(=O)(=O)N[C@@]3(C(=O)O)[C@H](C)[C@@H]3c3ccccc3)CC2)ccc1Cl,0.35056521225658,7.197862883551227,0.6225394260039628,0.3461570645451906,1.0,0.6328690383705956,2,0.5,-3.808965600000001,0,0.7457627118644068,True,COc1cc(N2CCN(S(=O)(=O)N[C@@]3(C(=O)O)[C@H](C)[C@@H]3c3ccccc3)CC2)ccc1Cl,6.95,7.03,-0.08,False,3.46,480.0,2.56,2,5,99.2,7,True,True,0.433,False
692,CAND-01497,COc1cnn(-c2cc(OC)c(S(=O)(=O)N[C@@]3(C(=O)O)[C@H](C)[C@@H]3c3ccccc3)s2)c1,0.3503184015976108,7.403602970086406,0.6853213853733158,0.355970115539277,1.0,0.526587035028546,2,0.5,-3.762373700000001,0,0.7424242424242424,True,COc1cnn(-c2cc(OC)c(S(=O)(=O)N[C@@]3(C(=O)O)[C@H](C)[C@@H]3c3ccccc3)s2)c1,7.58,6.85,0.73,False,4.03,463.5,2.49,2,8,119.8,8,True,True,0.383,False
693,CAND-01655,CC(C)[C@H]1C[C@@]1(NS(=O)(=O)c1ccc(-n2cc(Cl)c(C(F)(F)F)n2)s1)C(=O)O,0.3501621186771116,7.076192801303655,0.5854115804354391,0.4974297025928544,1.0,0.6920614904550128,2,0.5,-3.0907303,0,0.6984126984126984,True,CC(C)[C@H]1C[C@@]1(NS(=O)(=O)c1ccc(-n2cc(Cl)c(C(F)(F)F)n2)s1)C(=O)O,6.81,6.53,0.28,False,4.07,457.9,3.38,2,6,101.3,6,True,True,0.837,False
694,CAND-00473,C=CCCNc1nc(NCc2csc(-c3ccccc3)n2)nc(N2CCC[C@@H]2CNS(=O)(=O)c2ccccc2C)n1,0.3500028632533434,6.505303336190861,0.4112036280295547,0.5461099705609945,0.5,0.1480034974618867,1,1.0,-2.859598699999999,2,0.8243243243243243,False,C=CCCNc1nc(NCc2csc(-c3ccccc3)n2)nc(N2CCC[C@@H]2CNS(=O)(=O)c2ccccc2C)n1,6.79,5.66,1.13,False,3.37,590.8,4.85,3,10,125.0,13,True,False,0.525,False
695,CAND-00475,C=CCCNc1nc(NCc2csc(-c3ccccc3)n2)nc(N2CCC[C@@H]2CNS(=O)(=O)c2ccc(C)cc2)n1,0.3500028632533434,6.505303336190861,0.4112036280295547,0.5461099705609945,0.5,0.1480034974618867,1,1.0,-2.859598699999999,2,0.9014084507042254,False,C=CCCNc1nc(NCc2csc(-c3ccccc3)n2)nc(N2CCC[C@@H]2CNS(=O)(=O)c2ccc(C)cc2)n1,6.78,5.66,1.12,False,3.34,590.8,4.85,3,10,125.0,13,True,False,0.517,False
696,CAND-00472,C=CCCNc1nc(NCc2csc(-c3ccc(C)cc3)n2)nc(N2CCC[C@@H]2CNS(=O)(=O)c2ccccc2)n1,0.3500028632533434,6.505303336190861,0.4112036280295547,0.5461099705609944,0.5,0.1480034974618867,1,1.0,-2.8595987,2,0.9014084507042254,False,C=CCCNc1nc(NCc2csc(-c3ccc(C)cc3)n2)nc(N2CCC[C@@H]2CNS(=O)(=O)c2ccccc2)n1,6.69,5.65,1.04,False,3.35,590.8,4.85,3,10,125.0,13,True,False,0.547,False
697,CAND-01486,COc1cnn(-c2ccc(S(=O)(=O)N[C@@]3(C(=O)O)[C@H](C)[C@@H]3c3ccc(Cl)cc3)s2)c1,0.3499696211389658,7.34915934377673,0.6687078143747935,0.4467149365963539,1.0,0.5519511169684497,2,0.5,-3.3315216,0,0.8688524590163934,True,COc1cnn(-c2ccc(S(=O)(=O)N[C@@]3(C(=O)O)[C@H](C)[C@@H]3c3ccc(Cl)cc3)s2)c1,7.6,7.1,0.5,False,3.9,468.0,3.13,2,7,110.5,7,True,True,0.549,False
698,CAND-01888,C[C@@H]1[C@H](c2ccccc2)[C@]1(NS(=O)(=O)c1cc2[nH]c3cc(Cl)c(Cl)cc3c2s1)C(=O)O,0.3498314309517694,7.737742462676874,0.7872846556372463,0.7245173577452594,1.0,0.3534017802830519,2,0.5,-2.0125289,0,0.8305084745762712,True,C[C@@H]1[C@H](c2ccccc2)[C@]1(NS(=O)(=O)c1cc2[nH]c3cc(Cl)c(Cl)cc3c2s1)C(=O)O,7.93,6.9,1.03,False,3.85,495.4,5.22,3,4,99.3,5,True,True,0.626,False
699,CAND-01642,Cc1c(Cl)cnn1-c1ccc(S(=O)(=O)N[C@@]2(C(=O)O)C[C@@H]2C(C)C)s1,0.3497979329009502,6.91504090818821,0.5362357889003354,0.460539527301505,1.0,0.7715932378391088,2,0.5,-3.265883100000001,0,0.6935483870967742,False,Cc1c(Cl)cnn1-c1ccc(S(=O)(=O)N[C@@]2(C(=O)O)C[C@@H]2C(C)C)s1,6.47,6.5,-0.03,False,3.93,403.9,2.67,2,6,101.3,6,True,True,0.634,False
700,CAND-01474,COc1cn(-c2ccc(S(=O)(=O)N[C@@]3(C(=O)O)[C@H](C)[C@@H]3c3ccccc3)s2)nc1F,0.349562106924951,7.305533209686247,0.655395220684199,0.3909482666475706,1.0,0.5714220116926755,2,0.5,-3.5962991000000004,0,0.7121212121212122,True,COc1cn(-c2ccc(S(=O)(=O)N[C@@]3(C(=O)O)[C@H](C)[C@@H]3c3ccccc3)s2)nc1F,7.76,7.0,0.76,False,4.01,451.5,2.62,2,7,110.5,7,True,True,0.377,False
701,CAND-01508,COc1cnn(-c2ccc(S(=O)(=O)N[C@@]3(C(=O)O)[C@H](C)[C@@H]3c3ccccc3)s2)c1O,0.3494102248877102,7.436447864724648,0.6953440643533607,0.3286814474239158,1.0,0.5038280586624666,2,0.5,-3.8919390000000007,0,0.6865671641791045,True,COc1cnn(-c2ccc(S(=O)(=O)N[C@@]3(C(=O)O)[C@H](C)[C@@H]3c3ccccc3)s2)c1O,7.59,6.71,0.88,True,3.93,449.5,2.18,3,8,130.8,7,True,True,0.488,False
702,CAND-00655,Cc1cc(CCC2CCN(S(=O)(=O)CC3(N(O)C=O)CCOCC3)CC2)c(C)cc1Cl,0.3493263015246506,6.419634235776699,0.3850615471546577,0.46965461427847,0.25,0.3559850931577392,1,1.0,-3.222605100000002,3,0.8,False,Cc1cc(CCC2CCN(S(=O)(=O)CC3(N(O)C=O)CCOCC3)CC2)c(C)cc1Cl,6.66,7.99,-1.33,False,3.13,473.0,3.33,1,5,87.2,8,True,True,0.738,False
703,CAND-00818,C=CCCNc1nc(NCc2ccccc2C(F)(F)F)nc(N2CCC[C@@H]2CNS(=O)(=O)c2ccc(C(F)(F)F)cc2)n1,0.3492765790454169,6.520707496878542,0.4159042355130047,0.5867665693791164,0.5,0.1377482042963818,1,1.0,-2.6665631000000003,2,0.8194444444444444,False,C=CCCNc1nc(NCc2ccccc2C(F)(F)F)nc(N2CCC[C@@H]2CNS(=O)(=O)c2ccc(C(F)(F)F)cc2)n1,6.55,5.88,0.67,False,3.46,629.6,5.46,3,8,112.1,12,False,False,0.728,False
704,CAND-00470,C=CCCNc1nc(NCc2csc(-c3ccccc3C)n2)nc(N2CCC[C@@H]2CNS(=O)(=O)c2ccccc2)n1,0.3492580920766079,6.500422020351418,0.4097140856760837,0.5461099705609944,0.5,0.1480034974618867,1,1.0,-2.8595987,2,0.8356164383561644,False,C=CCCNc1nc(NCc2csc(-c3ccccc3C)n2)nc(N2CCC[C@@H]2CNS(=O)(=O)c2ccccc2)n1,6.73,5.62,1.11,False,3.38,590.8,4.85,3,10,125.0,13,True,False,0.538,False
705,CAND-01925,O=C(O)[C@]1(NS(=O)(=O)c2cc3[nH]c4cc(Cl)ccc4c3s2)[C@H](CF)[C@@H]1c1ccccc1,0.3489835524182712,7.676111540282388,0.7684778682443348,0.6404132096940732,1.0,0.3790939023812502,2,0.5,-2.4118514,0,0.7619047619047619,True,O=C(O)[C@]1(NS(=O)(=O)c2cc3[nH]c4cc(Cl)ccc4c3s2)[C@H](CF)[C@@H]1c1ccccc1,7.88,6.71,1.17,False,3.99,479.0,4.52,3,4,99.3,6,True,True,0.746,False
706,CAND-01489,COc1cnn(-c2sc(S(=O)(=O)N[C@@]3(C(=O)O)[C@H](C)[C@@H]3c3ccccc3)cc2C)c1,0.3488994398728197,7.287331875842222,0.649841050755004,0.4213595860531458,1.0,0.5762611812271246,2,0.5,-3.451907600000001,0,0.7424242424242424,True,COc1cnn(-c2sc(S(=O)(=O)N[C@@]3(C(=O)O)[C@H](C)[C@@H]3c3ccccc3)cc2C)c1,7.54,6.97,0.57,False,4.0,447.5,2.79,2,7,110.5,7,True,True,0.427,False
707,CAND-01524,COc1cnn(-c2ccc(S(=O)(=O)N[C@@]3(C(=O)O)[C@H](CF)[C@@H]3c3ccccc3)s2)c1,0.3487581055277905,7.348287628693376,0.6684418089411103,0.3626107885451675,1.0,0.544317688616753,2,0.5,-3.730844100000001,0,0.7846153846153846,True,COc1cnn(-c2ccc(S(=O)(=O)N[C@@]3(C(=O)O)[C@H](CF)[C@@H]3c3ccccc3)s2)c1,7.61,6.89,0.72,False,4.08,451.5,2.43,2,7,110.5,8,True,True,0.475,False
708,CAND-01646,COc1c(Cl)cnn1-c1ccc(S(=O)(=O)N[C@@]2(C(=O)O)C[C@@H]2C(C)C)s1,0.3486832485507235,7.016955583448418,0.5673352363103231,0.3951500567876361,1.0,0.7123295964876181,2,0.5,-3.576349200000001,0,0.671875,True,COc1c(Cl)cnn1-c1ccc(S(=O)(=O)N[C@@]2(C(=O)O)C[C@@H]2C(C)C)s1,6.59,6.44,0.15,False,4.04,419.9,2.37,2,7,110.5,7,True,True,0.709,False
709,CAND-01633,CC(C)[C@H]1C[C@@]1(NS(=O)(=O)c1cc(F)c(-n2cc(Cl)cn2)s1)C(=O)O,0.3485691567329151,6.910651815244745,0.5348964492534756,0.4301282078959296,1.0,0.7656336294636413,2,0.5,-3.410274600000001,0,0.6984126984126984,False,CC(C)[C@H]1C[C@@]1(NS(=O)(=O)c1cc(F)c(-n2cc(Cl)cn2)s1)C(=O)O,6.72,6.54,0.18,True,4.13,407.9,2.5,2,6,101.3,6,True,True,0.749,False
710,CAND-01924,C[C@@H]1[C@H](c2ccccc2)[C@]1(NS(=O)(=O)c1cc2[nH]c3cc(Cl)cc(C#N)c3c2s1)C(=O)O,0.3483813125446756,7.656142027116422,0.7623841351983098,0.6197421520118407,1.0,0.3852351916339879,2,0.5,-2.5099966,0,0.7121212121212122,True,C[C@@H]1[C@H](c2ccccc2)[C@]1(NS(=O)(=O)c1cc2[nH]c3cc(Cl)cc(C#N)c3c2s1)C(=O)O,7.88,6.66,1.22,False,4.04,486.0,4.44,3,5,123.0,5,True,True,0.684,False
711,CAND-01511,COc1cnn(-c2cc(C(F)(F)F)c(S(=O)(=O)N[C@@]3(C(=O)O)[C@H](C)[C@@H]3c3ccccc3)s2)c1,0.3482670712058471,7.403602970086406,0.6853213853733158,0.4582497613444953,1.0,0.5129114990834546,2,0.5,-3.2767548,0,0.7,True,COc1cnn(-c2cc(C(F)(F)F)c(S(=O)(=O)N[C@@]3(C(=O)O)[C@H](C)[C@@H]3c3ccccc3)s2)c1,7.54,7.01,0.53,False,4.19,501.5,3.5,2,7,110.5,7,True,True,0.515,False
712,CAND-00942,O=CN(O)C1(CS(=O)(=O)N2CCC(CCc3ccc(C(F)(F)F)cc3CF)CC2)CCN(C(=O)C2CCC2)CC1,0.34822769150754,6.73715848237448,0.4819546450647611,0.4413797526407441,0.25,0.1908345632505317,1,1.0,-3.3568527999999973,3,0.8472222222222222,False,O=CN(O)C1(CS(=O)(=O)N2CCC(CCc3ccc(C(F)(F)F)cc3CF)CC2)CCN(C(=O)C2CCC2)CC1,6.69,8.56,-1.87,False,3.31,591.7,4.16,1,5,98.2,10,True,True,0.743,False
713,CAND-01909,C[C@@H]1[C@H](c2ccccc2)[C@]1(NS(=O)(=O)c1cc2[nH]c3cc(Cl)c(O)cc3c2s1)C(=O)O,0.3482020989306753,7.737742462676874,0.7872846556372463,0.6064838685728214,1.0,0.3425395668090916,2,0.5,-2.5729463000000004,0,0.7903225806451613,True,C[C@@H]1[C@H](c2ccccc2)[C@]1(NS(=O)(=O)c1cc2[nH]c3cc(Cl)c(O)cc3c2s1)C(=O)O,7.95,6.73,1.22,False,3.93,477.0,4.28,4,5,119.5,5,True,True,0.586,False
714,CAND-01908,C[C@@H]1[C@H](c2ccccc2)[C@]1(NS(=O)(=O)c1cc2[nH]c3c(O)c(Cl)ccc3c2s1)C(=O)O,0.3482020989306753,7.737742462676874,0.7872846556372463,0.6064838685728214,1.0,0.3425395668090916,2,0.5,-2.5729463000000004,0,0.75,True,C[C@@H]1[C@H](c2ccccc2)[C@]1(NS(=O)(=O)c1cc2[nH]c3c(O)c(Cl)ccc3c2s1)C(=O)O,7.93,6.72,1.21,False,3.99,477.0,4.28,4,5,119.5,5,True,True,0.565,False
715,CAND-01513,COc1cnn(-c2ccc(S(=O)(=O)N[C@@]3(C(=O)O)[C@H](C)[C@@H]3c3cccc(C(F)(F)F)c3)s2)c1,0.3480558365801227,7.400834058086059,0.684476446870418,0.4582497613444953,1.0,0.5129114990834546,2,0.5,-3.2767548,0,0.7941176470588235,True,COc1cnn(-c2ccc(S(=O)(=O)N[C@@]3(C(=O)O)[C@H](C)[C@@H]3c3cccc(C(F)(F)F)c3)s2)c1,7.57,7.08,0.49,False,4.02,501.5,3.5,2,7,110.5,7,True,True,0.671,False
716,CAND-01845,Cc1cc(Cl)ccc1-c1ccc(S(=O)(=O)N[C@@]2(C(=O)O)C[C@]2(C)c2ccccc2)s1,0.3480153067904576,7.327847719648254,0.6622045337421195,0.7099708558583936,1.0,0.5497611556995181,2,0.5,-2.081594999999999,0,0.7678571428571429,True,Cc1cc(Cl)ccc1-c1ccc(S(=O)(=O)N[C@@]2(C(=O)O)C[C@]2(C)c2ccccc2)s1,7.42,6.8,0.62,False,3.4,462.0,4.84,2,4,83.5,6,True,True,0.737,False
717,CAND-00744,CCCCNc1nc(NCc2nc(-c3cccs3)sc2Cl)nc(N2CCC[C@@H]2CNS(=O)(=O)c2cccc(C#N)c2)n1,0.3479776809609414,6.13540309242624,0.2983278998919887,0.5525018415832932,0.75,0.1627124367164902,1,1.0,-2.8292503999999985,1,0.8045977011494253,False,CCCCNc1nc(NCc2nc(-c3cccs3)sc2Cl)nc(N2CCC[C@@H]2CNS(=O)(=O)c2cccc(C#N)c2)n1,5.9,5.68,0.22,False,3.65,644.3,5.35,3,12,148.8,13,False,False,0.587,False
718,CAND-00656,Cc1cc(Cl)cc(C)c1CCC1CCN(S(=O)(=O)CC2(N(O)C=O)CCOCC2)CC1,0.3479731426164485,6.410765476863601,0.3823552293382534,0.4696546142784701,0.25,0.3559850931577394,1,1.0,-3.2226051000000018,3,0.796875,False,Cc1cc(Cl)cc(C)c1CCC1CCN(S(=O)(=O)CC2(N(O)C=O)CCOCC2)CC1,6.79,7.96,-1.17,False,3.13,473.0,3.33,1,5,87.2,8,True,True,0.594,False
719,CAND-01876,C[C@@H]1[C@H](c2ccccc2F)[C@]1(NS(=O)(=O)c1cc2[nH]c3cc(Cl)ccc3c2s1)C(=O)O,0.3479310047379098,7.647735066941219,0.7598187361016728,0.6687506877964763,1.0,0.3865088047499441,2,0.5,-2.2773064,0,0.8095238095238095,True,C[C@@H]1[C@H](c2ccccc2F)[C@]1(NS(=O)(=O)c1cc2[nH]c3cc(Cl)ccc3c2s1)C(=O)O,8.05,6.8,1.25,True,3.87,479.0,4.71,3,4,99.3,5,True,True,0.565,False
720,CAND-00834,C=CCCNc1nc(NCc2nc(-c3cccs3)sc2Cl)nc(N2CCC[C@@H]2CNS(=O)(=O)c2ccc(C(F)(F)F)cc2)n1,0.3478990504891016,6.5656326235923865,0.4296132191511028,0.6379054129121976,0.5,0.1103081363785006,1,1.0,-2.4237582999999985,2,0.7976190476190477,False,C=CCCNc1nc(NCc2nc(-c3cccs3)sc2Cl)nc(N2CCC[C@@H]2CNS(=O)(=O)c2ccc(C(F)(F)F)cc2)n1,6.61,5.81,0.8,False,3.76,685.2,6.28,3,11,125.0,13,False,False,0.698,False
721,CAND-01488,COc1cn(-c2ccc(S(=O)(=O)N[C@@]3(C(=O)O)[C@H](C)[C@@H]3c3ccccc3)s2)nc1C,0.3477446705748813,7.272194894602864,0.6452219735632507,0.4213595860531458,1.0,0.5762611812271246,2,0.5,-3.451907600000001,0,0.7230769230769231,True,COc1cn(-c2ccc(S(=O)(=O)N[C@@]3(C(=O)O)[C@H](C)[C@@H]3c3ccccc3)s2)nc1C,7.59,7.04,0.55,False,3.89,447.5,2.79,2,7,110.5,7,True,True,0.502,False
722,CAND-02084,C[C@@H]1[C@H](c2ccccc2C#N)[C@]1(NS(=O)(=O)N1CCN(c2ccc(Cl)cc2)CC1)C(=O)O,0.347742841957987,7.099161773902465,0.5924206039502012,0.3321266798688484,1.0,0.6642512731362443,2,0.5,-3.875581200000002,0,0.7457627118644068,True,C[C@@H]1[C@H](c2ccccc2C#N)[C@]1(NS(=O)(=O)N1CCN(c2ccc(Cl)cc2)CC1)C(=O)O,7.03,6.86,0.17,False,3.59,475.0,2.42,2,5,113.7,6,True,True,0.448,False
723,CAND-02056,C[C@@H]1[C@H](c2ccc(F)cc2)[C@]1(NS(=O)(=O)N1CCN(c2ccc(Cl)cc2)CC1)C(=O)O,0.3477173881709868,7.065096777381497,0.5820256086747867,0.3811352156534839,1.0,0.6814065733486009,2,0.5,-3.642891000000002,0,0.8301886792452831,True,C[C@@H]1[C@H](c2ccc(F)cc2)[C@]1(NS(=O)(=O)N1CCN(c2ccc(Cl)cc2)CC1)C(=O)O,7.17,6.99,0.18,False,3.4,468.0,2.69,2,4,90.0,6,True,True,0.529,False
724,CAND-01466,CCCCNc1nc(NCc2nc(-c3cccs3)sc2C#N)nc(N2CCC[C@@H]2CNS(=O)(=O)c2ccc(Cl)cc2)n1,0.3476161013425624,6.133033258075037,0.2976047406552307,0.5525018415832931,0.75,0.1627124367164902,1,1.0,-2.829250399999999,1,0.7619047619047619,False,CCCCNc1nc(NCc2nc(-c3cccs3)sc2C#N)nc(N2CCC[C@@H]2CNS(=O)(=O)c2ccc(Cl)cc2)n1,6.0,5.7,0.3,False,3.63,644.3,5.35,3,12,148.8,13,False,False,0.574,False
725,CAND-00932,COc1cc(C(F)(F)F)cc(C)c1CCC1CCN(S(=O)(=O)CC2(N(O)C=O)CCN(C(=O)C3CCC3)CC2)CC1,0.34754595328997,6.623826182939619,0.4473710889956422,0.4031147531488579,0.25,0.2462013626404965,1,1.0,-3.538533199999997,3,0.7435897435897436,False,COc1cc(C(F)(F)F)cc(C)c1CCC1CCN(S(=O)(=O)CC2(N(O)C=O)CCN(C(=O)C3CCC3)CC2)CC1,6.74,8.38,-1.64,False,3.29,603.7,4.01,1,6,107.5,10,True,True,0.704,False
726,CAND-02062,C[C@@H]1[C@H](c2ccccc2)[C@]1(NS(=O)(=O)N1CCN(c2ccc(Cl)cc2Cl)CC1)C(=O)O,0.3474912693713845,7.10894163358317,0.5954049458130446,0.4369018856022673,1.0,0.6576002194541557,2,0.5,-3.378113500000001,0,0.7636363636363637,True,C[C@@H]1[C@H](c2ccccc2)[C@]1(NS(=O)(=O)N1CCN(c2ccc(Cl)cc2Cl)CC1)C(=O)O,7.08,6.99,0.09,False,3.44,484.4,3.21,2,4,90.0,6,True,True,0.459,False
727,CAND-01448,CCCCNc1nc(NCc2nc(-c3cccs3)sc2OC)nc(N2CCC[C@@H]2CNS(=O)(=O)c2ccc(Cl)cc2)n1,0.3472754733610742,6.154397580492555,0.3041241022660804,0.5665322262596353,0.75,0.1507114074267799,1,1.0,-2.7626347999999985,1,0.7804878048780488,False,CCCCNc1nc(NCc2nc(-c3cccs3)sc2OC)nc(N2CCC[C@@H]2CNS(=O)(=O)c2ccc(Cl)cc2)n1,6.17,5.76,0.41,False,3.6,649.3,5.49,3,12,134.3,14,False,False,0.593,False
728,CAND-01878,C[C@@H]1[C@H](c2ccc(F)cc2)[C@]1(NS(=O)(=O)c1cc2[nH]c3cc(Cl)ccc3c2s1)C(=O)O,0.3472356011832519,7.638619557393613,0.7570371218830414,0.6687506877964763,1.0,0.3865088047499441,2,0.5,-2.2773064,0,0.85,True,C[C@@H]1[C@H](c2ccc(F)cc2)[C@]1(NS(=O)(=O)c1cc2[nH]c3cc(Cl)ccc3c2s1)C(=O)O,8.0,6.8,1.2,False,3.81,479.0,4.71,3,4,99.3,5,True,True,0.623,False
729,CAND-02063,C[C@@H]1[C@H](c2ccccc2)[C@]1(NS(=O)(=O)N1CCN(c2ccc(Cl)c(Cl)c2)CC1)C(=O)O,0.3471442501395024,7.104392825771884,0.5940168688855163,0.4369018856022673,1.0,0.6576002194541557,2,0.5,-3.378113500000001,0,0.8148148148148148,True,C[C@@H]1[C@H](c2ccccc2)[C@]1(NS(=O)(=O)N1CCN(c2ccc(Cl)c(Cl)c2)CC1)C(=O)O,7.16,6.98,0.18,False,3.44,484.4,3.21,2,4,90.0,6,True,True,0.437,False
730,CAND-00309,O=CN(O)C1(CS(=O)(=O)N2CCC(CCc3cnccc3CF)CC2)CCOCC1,0.3467285867815334,6.403331651790714,0.380086784177446,0.2973357041798539,0.25,0.3556173156427015,1,1.0,-4.040767100000003,3,0.803030303030303,False,O=CN(O)C1(CS(=O)(=O)N2CCC(CCc3cnccc3CF)CC2)CCOCC1,6.03,7.36,-1.33,False,3.36,443.5,1.92,1,6,100.0,9,True,True,0.599,False
731,CAND-01506,COc1cnn(-c2ccc(S(=O)(=O)N[C@@]3(C(=O)O)[C@H](C)[C@@H]3c3cccc(O)c3)s2)c1,0.3466933205169745,7.400834058086059,0.684476446870418,0.3286814474239156,1.0,0.5038280586624666,2,0.5,-3.8919390000000016,0,0.84375,True,COc1cnn(-c2ccc(S(=O)(=O)N[C@@]3(C(=O)O)[C@H](C)[C@@H]3c3cccc(O)c3)s2)c1,7.5,6.77,0.73,False,3.99,449.5,2.18,3,8,130.8,7,True,True,0.644,False
732,CAND-01656,CC(C)[C@H]1C[C@@]1(NS(=O)(=O)c1sc(-n2cc(Cl)cn2)cc1C#N)C(=O)O,0.3466923855940259,6.92444575125162,0.5391056937644083,0.381119672111294,1.0,0.7461064143528258,2,0.5,-3.6429648000000014,0,0.6666666666666666,False,CC(C)[C@H]1C[C@@]1(NS(=O)(=O)c1sc(-n2cc(Cl)cn2)cc1C#N)C(=O)O,6.62,6.37,0.25,False,4.27,414.9,2.24,2,7,125.1,6,True,True,0.692,False
733,CAND-00311,O=C(O)[C@]1(NS(=O)(=O)c2cc(F)c(-n3cc(Cl)cn3)s2)C[C@@H]1C1CCCCC1,0.3465095738866984,7.000963728628765,0.5624552928999933,0.5168722307141865,1.0,0.705971671078001,2,0.5,-2.9984181000000008,0,0.7121212121212122,True,O=C(O)[C@]1(NS(=O)(=O)c2cc(F)c(-n3cc(Cl)cn3)s2)C[C@@H]1C1CCCCC1,7.12,6.93,0.19,True,3.98,447.9,3.43,2,6,101.3,6,True,True,0.706,False
734,CAND-00925,Cc1cc(C(F)(F)F)c(Cl)cc1CCC1CCN(S(=O)(=O)CC2(N(O)C=O)CCN(C(=O)C3CCC3)CC2)CC1,0.3464997449042478,6.60878277327753,0.4427805653398628,0.4938595742059347,0.25,0.2503648741143879,1,1.0,-3.1076810999999966,3,0.7763157894736842,False,Cc1cc(C(F)(F)F)c(Cl)cc1CCC1CCN(S(=O)(=O)CC2(N(O)C=O)CCN(C(=O)C3CCC3)CC2)CC1,6.88,8.42,-1.54,False,3.28,608.1,4.65,1,5,98.2,9,True,True,0.793,False
735,CAND-01879,C[C@@H]1[C@H](c2ccccc2)[C@]1(NS(=O)(=O)c1sc2c([nH]c3cc(Cl)ccc32)c1F)C(=O)O,0.3464155140154741,7.627869666402007,0.75375677321193,0.6687506877964765,1.0,0.386508804749944,2,0.5,-2.277306399999999,0,0.696969696969697,True,C[C@@H]1[C@H](c2ccccc2)[C@]1(NS(=O)(=O)c1sc2c([nH]c3cc(Cl)ccc32)c1F)C(=O)O,7.86,6.79,1.07,False,3.91,479.0,4.71,3,4,99.3,5,True,True,0.604,False
736,CAND-02072,COc1cc(Cl)ccc1N1CCN(S(=O)(=O)N[C@@]2(C(=O)O)[C@H](C)[C@@H]2c2ccccc2)CC1,0.3460602060022521,7.138810226646772,0.604519400986651,0.3461570645451906,1.0,0.6328690383705956,2,0.5,-3.8089656000000014,0,0.7,True,COc1cc(Cl)ccc1N1CCN(S(=O)(=O)N[C@@]2(C(=O)O)[C@H](C)[C@@H]2c2ccccc2)CC1,6.95,7.04,-0.09,False,3.45,480.0,2.56,2,5,99.2,7,True,True,0.438,False
737,CAND-00661,Cc1cc(Cl)c(O)cc1CCC1CCN(S(=O)(=O)CC2(N(O)C=O)CCOCC2)CC1,0.3459926469758432,6.428138506422783,0.3876566407174144,0.3769764756492399,0.25,0.3405477553904532,1,1.0,-3.6626365000000014,3,0.7761194029850746,False,Cc1cc(Cl)c(O)cc1CCC1CCN(S(=O)(=O)CC2(N(O)C=O)CCOCC2)CC1,6.6,7.85,-1.25,False,3.2,475.0,2.73,2,6,107.4,8,True,True,0.788,False
738,CAND-01493,COc1cnn(-c2ccc(S(=O)(=O)N[C@@]3(C(=O)O)[C@H](C)[C@@H]3c3ccc(C)cc3)s2)c1,0.345875688180889,7.247695844026215,0.6377460439872811,0.4213595860531458,1.0,0.5762611812271246,2,0.5,-3.451907600000001,0,0.8688524590163934,True,COc1cnn(-c2ccc(S(=O)(=O)N[C@@]3(C(=O)O)[C@H](C)[C@@H]3c3ccc(C)cc3)s2)c1,7.58,7.08,0.5,False,3.88,447.5,2.79,2,7,110.5,7,True,True,0.521,False
739,CAND-01536,[S-]c1nnc(COc2ccc(Cl)cc2)n1Cc1ccc(-c2ccccc2)cc1Cl,0.3458465677868224,5.742180567929845,0.1783353356241312,0.8777549059305034,0.75,0.3555963332491891,1,1.0,-1.2849642999999995,1,0.7450980392156863,False,[S-]c1nnc(COc2ccc(Cl)cc2)n1Cc1ccc(-c2ccccc2)cc1Cl,5.36,5.81,-0.45,False,2.51,441.4,5.79,0,5,39.9,6,True,True,0.748,True
740,CAND-00230,Cc1cc(C)c(CCC2CCN(S(=O)(=O)CC3(N(O)C=O)CCOCC3)CC2)c(C#N)n1,0.345787024781124,6.400103684835754,0.3791017642252098,0.2731394848621586,0.25,0.3541204755617302,1,1.0,-4.155649600000002,3,0.684931506849315,False,Cc1cc(C)c(CCC2CCN(S(=O)(=O)CC3(N(O)C=O)CCOCC3)CC2)c(C#N)n1,6.19,7.7,-1.51,False,3.37,464.6,1.94,1,7,123.8,8,True,True,0.464,False
741,CAND-01644,COc1cc(-n2cc(Cl)cn2)sc1S(=O)(=O)N[C@@]1(C(=O)O)C[C@@H]1C(C)C,0.3457731101298286,6.978808820489213,0.5556946826267434,0.3951500567876361,1.0,0.7123295964876181,2,0.5,-3.576349200000001,0,0.676923076923077,False,COc1cc(-n2cc(Cl)cn2)sc1S(=O)(=O)N[C@@]1(C(=O)O)C[C@@H]1C(C)C,6.64,6.48,0.16,False,4.07,419.9,2.37,2,7,110.5,7,True,True,0.689,False
742,CAND-01922,C[C@@H]1[C@H](c2ccccc2)[C@]1(NS(=O)(=O)c1cc2[nH]c3c(C#N)c(Cl)ccc3c2s1)C(=O)O,0.3454968695854244,7.618332086171391,0.750846363361305,0.6197421520118408,1.0,0.3852351916339879,2,0.5,-2.5099966,0,0.7058823529411765,True,C[C@@H]1[C@H](c2ccccc2)[C@]1(NS(=O)(=O)c1cc2[nH]c3c(C#N)c(Cl)ccc3c2s1)C(=O)O,7.88,6.7,1.18,False,4.05,486.0,4.44,3,5,123.0,5,True,True,0.647,False
743,CAND-01639,CC(C)[C@H]1C[C@@]1(NS(=O)(=O)c1ccc(-n2cc(Cl)c(Cl)n2)s1)C(=O)O,0.3454438291736066,6.91504090818821,0.5362357889003354,0.4858948778447128,1.0,0.7425658796568186,2,0.5,-3.145497100000001,0,0.7457627118644068,False,CC(C)[C@H]1C[C@@]1(NS(=O)(=O)c1ccc(-n2cc(Cl)c(Cl)n2)s1)C(=O)O,6.52,6.54,-0.02,False,4.1,424.3,3.02,2,6,101.3,6,True,True,0.677,False
744,CAND-01638,CC(C)[C@H]1C[C@@]1(NS(=O)(=O)c1ccc(-n2ncc(Cl)c2Cl)s1)C(=O)O,0.3454438291736066,6.91504090818821,0.5362357889003354,0.4858948778447128,1.0,0.7425658796568185,2,0.5,-3.145497100000001,0,0.7049180327868853,False,CC(C)[C@H]1C[C@@]1(NS(=O)(=O)c1ccc(-n2ncc(Cl)c2Cl)s1)C(=O)O,6.52,6.52,0.0,False,4.03,424.3,3.02,2,6,101.3,6,True,True,0.663,False
745,CAND-01917,C[C@@H]1[C@H](c2ccccc2)[C@]1(NS(=O)(=O)c1cc2[nH]c3cc(Cl)cc(C(F)(F)F)c3c2s1)C(=O)O,0.3453744050504435,7.75627177631366,0.7929389091931659,0.7360521824934008,1.0,0.3142645183476803,2,0.5,-1.9577621000000005,0,0.7014925373134329,True,C[C@@H]1[C@H](c2ccccc2)[C@]1(NS(=O)(=O)c1cc2[nH]c3cc(Cl)cc(C(F)(F)F)c3c2s1)C(=O)O,7.89,6.81,1.08,False,4.02,529.0,5.59,3,4,99.3,5,False,True,0.654,False
746,CAND-01891,Cc1cccc([C@H]2[C@@H](C)[C@@]2(NS(=O)(=O)c2cc3[nH]c4cc(Cl)ccc4c3s2)C(=O)O)c1,0.3453547259630757,7.619799129743548,0.7512940343596568,0.6991620072020517,1.0,0.3835414491544098,2,0.5,-2.1329148999999994,0,0.8688524590163934,True,Cc1cccc([C@H]2[C@@H](C)[C@@]2(NS(=O)(=O)c2cc3[nH]c4cc(Cl)ccc4c3s2)C(=O)O)c1,8.07,6.89,1.18,False,3.85,475.0,4.88,3,4,99.3,5,True,True,0.668,False
747,CAND-01892,Cc1ccc([C@H]2[C@@H](C)[C@@]2(NS(=O)(=O)c2cc3[nH]c4cc(Cl)ccc4c3s2)C(=O)O)cc1,0.3453547259630756,7.619799129743548,0.7512940343596568,0.6991620072020517,1.0,0.3835414491544096,2,0.5,-2.1329148999999994,0,0.864406779661017,True,Cc1ccc([C@H]2[C@@H](C)[C@@]2(NS(=O)(=O)c2cc3[nH]c4cc(Cl)ccc4c3s2)C(=O)O)cc1,8.05,6.87,1.18,False,3.8,475.0,4.88,3,4,99.3,5,True,True,0.697,False
748,CAND-01640,Cc1cc(-n2cc(Cl)cn2)sc1S(=O)(=O)N[C@@]1(C(=O)O)C[C@@H]1C(C)C,0.3452851746027621,6.855886635711982,0.5181847557075833,0.460539527301505,1.0,0.7715932378391088,2,0.5,-3.265883100000001,0,0.7096774193548387,False,Cc1cc(-n2cc(Cl)cn2)sc1S(=O)(=O)N[C@@]1(C(=O)O)C[C@@H]1C(C)C,6.53,6.58,-0.05,True,4.1,403.9,2.67,2,6,101.3,6,True,True,0.638,False
749,CAND-00843,C=CCCNc1nc(NCc2csc(-c3ccc(C)s3)n2)nc(N2CCC[C@@H]2CNS(=O)(=O)c2ccc(C(F)(F)F)cc2)n1,0.3451958886859372,6.533118842863014,0.4196915801789792,0.6125500623689898,0.5,0.1178336619881587,1,1.0,-2.5441442999999984,2,0.8354430379746836,False,C=CCCNc1nc(NCc2csc(-c3ccc(C)s3)n2)nc(N2CCC[C@@H]2CNS(=O)(=O)c2ccc(C(F)(F)F)cc2)n1,6.54,5.85,0.69,False,3.65,664.8,5.93,3,11,125.0,13,False,False,0.702,False
750,CAND-00658,COc1cc(CCC2CCN(S(=O)(=O)CC3(N(O)C=O)CCOCC3)CC2)c(C)cc1Cl,0.3448405965946782,6.449502828840301,0.3941760023282642,0.4042651437646014,0.25,0.3258419847684872,1,1.0,-3.533071200000001,3,0.7428571428571429,False,COc1cc(CCC2CCN(S(=O)(=O)CC3(N(O)C=O)CCOCC3)CC2)c(C)cc1Cl,6.78,7.82,-1.04,False,3.11,489.0,3.03,1,6,96.4,9,True,True,0.78,False
751,CAND-02059,C[C@@H]1[C@H](c2ccccc2Cl)[C@]1(NS(=O)(=O)N1CCN(c2ccc(Cl)cc2)CC1)C(=O)O,0.3446546021028638,7.0717579473676135,0.5840582767389619,0.4369018856022672,1.0,0.6576002194541557,2,0.5,-3.3781135000000013,0,0.8148148148148148,True,C[C@@H]1[C@H](c2ccccc2Cl)[C@]1(NS(=O)(=O)N1CCN(c2ccc(Cl)cc2)CC1)C(=O)O,7.04,6.96,0.08,False,3.46,484.4,3.21,2,4,90.0,6,True,True,0.429,False
752,CAND-01827,C[C@]1(c2cccc(F)c2)C[C@@]1(NS(=O)(=O)c1ccc(-c2ccc(Cl)cc2)s1)C(=O)O,0.3446150314155615,7.275482811356687,0.6462252873049945,0.6795595364528183,1.0,0.5537247305954189,2,0.5,-2.2259864999999994,0,0.8214285714285714,True,C[C@]1(c2cccc(F)c2)C[C@@]1(NS(=O)(=O)c1ccc(-c2ccc(Cl)cc2)s1)C(=O)O,7.41,6.72,0.69,False,3.38,466.0,4.67,2,4,83.5,6,True,True,0.928,False
753,CAND-00056,Cc1cc(F)cc(O)c1CCC1CCN(S(=O)(=O)CC2(N(O)C=O)CCN(C(=O)C3CCC3)CC2)CC1,0.3445441333557356,6.5316128774822975,0.4192320321203774,0.3085245903365711,0.25,0.2830937243184899,1,1.0,-3.987642800000002,3,0.7702702702702703,False,Cc1cc(F)cc(O)c1CCC1CCN(S(=O)(=O)CC2(N(O)C=O)CCN(C(=O)C3CCC3)CC2)CC1,7.14,8.29,-1.15,False,3.25,539.7,2.82,2,6,118.5,9,True,True,0.776,False
754,CAND-01844,Cc1cc(S(=O)(=O)N[C@@]2(C(=O)O)C[C@]2(C)c2ccccc2)sc1-c1ccc(Cl)cc1,0.3444251370477078,7.280786949900447,0.6478438547711204,0.7099708558583938,1.0,0.5497611556995183,2,0.5,-2.0815949999999983,0,0.7068965517241379,True,Cc1cc(S(=O)(=O)N[C@@]2(C(=O)O)C[C@]2(C)c2ccccc2)sc1-c1ccc(Cl)cc1,7.35,6.77,0.58,False,3.42,462.0,4.84,2,4,83.5,6,True,True,0.787,False
755,CAND-00652,Cc1cc(Cl)c(Cl)cc1CCC1CCN(S(=O)(=O)CC2(N(O)C=O)CCOCC2)CC1,0.3443376306884913,6.419634235776699,0.3850615471546577,0.4950099648216782,0.25,0.3393561903705414,1,1.0,-3.102219100000001,3,0.8125,False,Cc1cc(Cl)c(Cl)cc1CCC1CCN(S(=O)(=O)CC2(N(O)C=O)CCOCC2)CC1,6.67,8.0,-1.33,False,3.13,493.5,3.67,1,5,87.2,8,True,True,0.759,False
756,CAND-00086,COCc1onc(N2CCN(S(=O)(=O)N[C@@]3(C(=O)O)[C@H](C)[C@@H]3c3ccccc3)C[C@H]2C)c1F,0.34428499503475,7.217826709847014,0.6286314236912711,0.1933453420184805,1.0,0.5808475940795481,2,0.5,-4.534508400000001,0,0.7027027027027027,True,COCc1onc(N2CCN(S(=O)(=O)N[C@@]3(C(=O)O)[C@H](C)[C@@H]3c3ccccc3)C[C@H]2C)c1F,7.1,6.67,0.43,False,4.25,482.5,1.56,2,7,125.2,8,True,True,0.558,False
757,CAND-01852,COc1cc(Cl)ccc1-c1ccc(S(=O)(=O)N[C@@]2(C(=O)O)C[C@]2(C)c2ccccc2)s1,0.3441486390815997,7.334148229966847,0.6641271458567036,0.6445813853445248,1.0,0.520779017449492,2,0.5,-2.3920610999999994,0,0.7049180327868853,True,COc1cc(Cl)ccc1-c1ccc(S(=O)(=O)N[C@@]2(C(=O)O)C[C@]2(C)c2ccccc2)s1,7.37,6.75,0.62,False,3.4,478.0,4.54,2,5,92.7,7,True,True,0.81,False
758,CAND-01442,CCCCNc1nc(NCc2nc(-c3cccs3)sc2C)nc(N2CCC[C@@H]2CNS(=O)(=O)c2ccc(Cl)cc2)n1,0.3434198605118861,6.116631927774489,0.2925998450616037,0.6319216967735041,0.75,0.1570664599369473,1,1.0,-2.4521686999999988,1,0.8,False,CCCCNc1nc(NCc2nc(-c3cccs3)sc2C)nc(N2CCC[C@@H]2CNS(=O)(=O)c2ccc(Cl)cc2)n1,6.25,5.71,0.54,False,3.47,633.3,5.79,3,11,125.0,13,False,False,0.307,False
759,CAND-01966,O=C(O)[C@]1(NS(=O)(=O)c2ccc(-c3ccc(O)c(Cl)c3)s2)C[C@@H]1c1ccccc1,0.3433067746652745,7.3127634429799615,0.6576015394455127,0.609279515749157,1.0,0.526042598692642,2,0.5,-2.5596727,0,0.7678571428571429,True,O=C(O)[C@]1(NS(=O)(=O)c2ccc(-c3ccc(O)c(Cl)c3)s2)C[C@@H]1c1ccccc1,6.95,6.79,0.16,False,3.28,449.9,4.06,3,5,103.7,6,True,True,0.602,False
760,CAND-02069,COc1ccccc1[C@H]1[C@@H](C)[C@@]1(NS(=O)(=O)N1CCN(c2ccc(Cl)cc2)CC1)C(=O)O,0.3432235387337313,7.101626540431216,0.5931727319125684,0.3461570645451904,1.0,0.6328690383705952,2,0.5,-3.808965600000002,0,0.7586206896551724,True,COc1ccccc1[C@H]1[C@@H](C)[C@@]1(NS(=O)(=O)N1CCN(c2ccc(Cl)cc2)CC1)C(=O)O,6.87,7.02,-0.15,False,3.44,480.0,2.56,2,5,99.2,7,True,True,0.454,False
761,CAND-01517,COc1cnn(-c2sc(S(=O)(=O)N[C@@]3(C(=O)O)[C@H](C)[C@@H]3c3ccccc3)cc2C#N)c1,0.3431690360996822,7.254333129022146,0.6397714235035188,0.3419397308629348,1.0,0.5548412014920167,2,0.5,-3.8289893000000017,0,0.7,True,COc1cnn(-c2sc(S(=O)(=O)N[C@@]3(C(=O)O)[C@H](C)[C@@H]3c3ccccc3)cc2C#N)c1,7.53,6.73,0.8,False,4.12,458.5,2.35,2,8,134.3,7,True,True,0.467,False
762,CAND-01499,COc1cccc([C@H]2[C@@H](C)[C@@]2(NS(=O)(=O)c2ccc(-n3cc(OC)cn3)s2)C(=O)O)c1,0.3430978969077479,7.308954935864955,0.6564393666138642,0.355970115539277,1.0,0.526587035028546,2,0.5,-3.762373700000001,0,0.8709677419354839,True,COc1cccc([C@H]2[C@@H](C)[C@@]2(NS(=O)(=O)c2ccc(-n3cc(OC)cn3)s2)C(=O)O)c1,7.52,6.91,0.61,False,3.9,463.5,2.49,2,8,119.8,8,True,True,0.585,False
763,CAND-00653,Cc1cc(Cl)cc(Cl)c1CCC1CCN(S(=O)(=O)CC2(N(O)C=O)CCOCC2)CC1,0.3429844717802891,6.410765476863601,0.3823552293382534,0.495009964821678,0.25,0.3393561903705414,1,1.0,-3.102219100000001,3,0.7611940298507462,False,Cc1cc(Cl)cc(Cl)c1CCC1CCN(S(=O)(=O)CC2(N(O)C=O)CCOCC2)CC1,6.82,8.0,-1.18,False,3.17,493.5,3.67,1,5,87.2,8,True,True,0.608,False
764,CAND-01923,C[C@@H]1[C@H](c2ccccc2)[C@]1(NS(=O)(=O)c1cc2[nH]c3cc(Cl)c(C#N)cc3c2s1)C(=O)O,0.3429794627725531,7.585333339351315,0.7407767361098198,0.6197421520118407,1.0,0.3852351916339879,2,0.5,-2.5099966,0,0.7424242424242424,True,C[C@@H]1[C@H](c2ccccc2)[C@]1(NS(=O)(=O)c1cc2[nH]c3cc(Cl)c(C#N)cc3c2s1)C(=O)O,7.89,6.7,1.19,False,3.98,486.0,4.44,3,5,123.0,5,True,True,0.673,False
765,CAND-01460,CCCCNc1nc(NCc2nc(-c3cccs3)sc2C(F)(F)F)nc(N2CCC[C@@H]2CNS(=O)(=O)c2ccc(Cl)cc2)n1,0.3429387334815332,6.156407557900164,0.3047374505059056,0.6688118720648535,0.75,0.1352333607619347,1,1.0,-2.2770158999999977,1,0.7619047619047619,False,CCCCNc1nc(NCc2nc(-c3cccs3)sc2C(F)(F)F)nc(N2CCC[C@@H]2CNS(=O)(=O)c2ccc(Cl)cc2)n1,6.18,5.78,0.4,False,3.67,687.2,6.5,3,11,125.0,13,False,False,0.461,False
766,CAND-01843,Cc1cc(-c2ccc(Cl)cc2)sc1S(=O)(=O)N[C@@]1(C(=O)O)C[C@]1(C)c1ccccc1,0.3428225171704148,7.259779440383423,0.6414333752619481,0.7099708558583936,1.0,0.5497611556995181,2,0.5,-2.081594999999999,0,0.7068965517241379,True,Cc1cc(-c2ccc(Cl)cc2)sc1S(=O)(=O)N[C@@]1(C(=O)O)C[C@]1(C)c1ccccc1,7.29,6.77,0.52,False,3.45,462.0,4.84,2,4,83.5,6,True,True,0.808,False
767,CAND-01521,COc1cnn(-c2ccc(S(=O)(=O)N[C@@]3(C(=O)O)[C@H](C)[C@@H]3c3ccc(C#N)cc3)s2)c1,0.3426626912206228,7.247695844026215,0.6377460439872811,0.341939730862935,1.0,0.5548412014920167,2,0.5,-3.828989300000001,0,0.8153846153846154,True,COc1cnn(-c2ccc(S(=O)(=O)N[C@@]3(C(=O)O)[C@H](C)[C@@H]3c3ccc(C#N)cc3)s2)c1,7.56,6.83,0.73,False,4.0,458.5,2.35,2,8,134.3,7,True,True,0.539,False
768,CAND-01899,COc1ccc([C@H]2[C@@H](C)[C@@]2(NS(=O)(=O)c2cc3[nH]c4cc(Cl)ccc4c3s2)C(=O)O)cc1,0.3426067851118586,7.617595369416056,0.7506215529114841,0.633772536688183,1.0,0.3663426458932501,2,0.5,-2.443380999999999,0,0.8225806451612904,True,COc1ccc([C@H]2[C@@H](C)[C@@]2(NS(=O)(=O)c2cc3[nH]c4cc(Cl)ccc4c3s2)C(=O)O)cc1,8.04,6.78,1.26,False,3.78,491.0,4.58,3,5,108.5,6,True,True,0.702,False
769,CAND-01636,CC(C)[C@H]1C[C@@]1(NS(=O)(=O)c1sc(-n2cc(Cl)cn2)cc1Cl)C(=O)O,0.3425336907527117,6.876894145229006,0.5245952352167556,0.4858948778447128,1.0,0.7425658796568185,2,0.5,-3.145497100000001,0,0.7213114754098361,False,CC(C)[C@H]1C[C@@]1(NS(=O)(=O)c1sc(-n2cc(Cl)cn2)cc1Cl)C(=O)O,6.56,6.6,-0.04,False,4.2,424.3,3.02,2,6,101.3,6,True,True,0.656,False
770,CAND-00313,O=C(O)[C@]1(NS(=O)(=O)c2ccc(-n3cc(Cl)c(F)n3)s2)C[C@@H]1C1CCCCC1,0.342498475270929,6.948385326514582,0.5464108984369156,0.5168722307141865,1.0,0.705971671078001,2,0.5,-2.9984181000000008,0,0.734375,False,O=C(O)[C@]1(NS(=O)(=O)c2ccc(-n3cc(Cl)c(F)n3)s2)C[C@@H]1C1CCCCC1,7.03,6.93,0.1,False,4.01,447.9,3.43,2,6,101.3,6,True,True,0.764,False
771,CAND-00312,O=C(O)[C@]1(NS(=O)(=O)c2ccc(-n3ncc(Cl)c3F)s2)C[C@@H]1C1CCCCC1,0.342498475270929,6.948385326514582,0.5464108984369156,0.5168722307141865,1.0,0.705971671078001,2,0.5,-2.9984181000000008,0,0.696969696969697,False,O=C(O)[C@]1(NS(=O)(=O)c2ccc(-n3ncc(Cl)c3F)s2)C[C@@H]1C1CCCCC1,7.04,6.9,0.14,False,3.92,447.9,3.43,2,6,101.3,6,True,True,0.754,False
772,CAND-01594,Cc1c(Cl)ccc2c1cc1n2CCN(S(=O)(=O)N[C@@]2(C(=O)O)[C@H](C)[C@@H]2c2ccccc2)C1,0.3423821202571157,7.1693442069380975,0.6138369002757692,0.4956508937273487,1.0,0.5928193012544892,2,0.5,-3.099176,0,0.7384615384615385,True,Cc1c(Cl)ccc2c1cc1n2CCN(S(=O)(=O)N[C@@]2(C(=O)O)[C@H](C)[C@@H]2c2ccccc2)C1,7.07,7.1,-0.03,False,3.88,474.0,3.51,2,4,91.6,5,True,True,0.463,False
773,CAND-01595,Cc1cc2c(cc1Cl)cc1n2CCN(S(=O)(=O)N[C@@]2(C(=O)O)[C@H](C)[C@@H]2c2ccccc2)C1,0.3423821202571157,7.1693442069380975,0.6138369002757692,0.4956508937273487,1.0,0.5928193012544892,2,0.5,-3.099176,0,0.7936507936507936,True,Cc1cc2c(cc1Cl)cc1n2CCN(S(=O)(=O)N[C@@]2(C(=O)O)[C@H](C)[C@@H]2c2ccccc2)C1,7.03,7.1,-0.07,False,3.9,474.0,3.51,2,4,91.6,5,True,True,0.398,False
774,CAND-01859,C[C@]1(c2ccccc2)C[C@@]1(NS(=O)(=O)c1ccc(-c2ccc(Cl)cc2O)s1)C(=O)O,0.342245466744934,7.336351990294339,0.6647996273048763,0.6172927172291633,1.0,0.5069703994580995,2,0.5,-2.5216264,0,0.7543859649122807,True,C[C@]1(c2ccccc2)C[C@@]1(NS(=O)(=O)c1ccc(-c2ccc(Cl)cc2O)s1)C(=O)O,7.54,6.82,0.72,False,3.48,464.0,4.24,3,5,103.7,6,True,True,0.772,False
775,CAND-01552,COc1ccccc1-c1ccc(Cn2c([S-])nnc2COc2ccc(Cl)cc2)cc1,0.3421386815102885,5.679199585016307,0.1591165748230195,0.787010084873427,0.75,0.3752679803292623,1,1.0,-1.715816399999999,1,0.7169811320754716,False,COc1ccccc1-c1ccc(Cn2c([S-])nnc2COc2ccc(Cl)cc2)cc1,5.69,5.36,0.33,False,2.45,436.9,5.14,0,6,49.2,7,True,True,0.771,True
776,CAND-01577,C[C@@H]1[C@H](c2cccc(F)c2)[C@]1(NS(=O)(=O)N1CCn2c(cc3cc(Cl)ccc32)C1)C(=O)O,0.3419159960158438,7.170222111701347,0.6141047945014627,0.4652395743217732,1.0,0.589265315936521,2,0.5,-3.2435675000000006,0,0.8571428571428571,True,C[C@@H]1[C@H](c2cccc(F)c2)[C@]1(NS(=O)(=O)N1CCn2c(cc3cc(Cl)ccc32)C1)C(=O)O,7.34,7.1,0.24,False,3.89,477.9,3.34,2,4,91.6,5,True,True,0.548,False
777,CAND-01578,C[C@@H]1[C@H](c2ccc(F)cc2)[C@]1(NS(=O)(=O)N1CCn2c(cc3cc(Cl)ccc32)C1)C(=O)O,0.3419159960158438,7.170222111701347,0.6141047945014627,0.4652395743217732,1.0,0.589265315936521,2,0.5,-3.2435675000000006,0,0.8524590163934426,True,C[C@@H]1[C@H](c2ccc(F)cc2)[C@]1(NS(=O)(=O)N1CCn2c(cc3cc(Cl)ccc32)C1)C(=O)O,7.3,7.11,0.19,False,3.84,477.9,3.34,2,4,91.6,5,True,True,0.565,False
778,CAND-00087,COCc1cc(N2CCN(S(=O)(=O)N[C@@]3(C(=O)O)[C@H](C)[C@@H]3c3ccccc3F)C[C@H]2C)no1,0.3417342140717823,7.184390487000523,0.6184282998394005,0.1933453420184804,1.0,0.5808475940795481,2,0.5,-4.534508400000002,0,0.8285714285714286,True,COCc1cc(N2CCN(S(=O)(=O)N[C@@]3(C(=O)O)[C@H](C)[C@@H]3c3ccccc3F)C[C@H]2C)no1,7.21,6.6,0.61,True,4.19,482.5,1.56,2,7,125.2,8,True,True,0.551,False
779,CAND-01596,Cc1cc(Cl)cc2cc3n(c12)CCN(S(=O)(=O)N[C@@]1(C(=O)O)[C@H](C)[C@@H]1c1ccccc1)C3,0.3416361657574104,7.159566063989881,0.6108530822769481,0.4956508937273485,1.0,0.5928193012544892,2,0.5,-3.099176000000001,0,0.7777777777777778,True,Cc1cc(Cl)cc2cc3n(c12)CCN(S(=O)(=O)N[C@@]1(C(=O)O)[C@H](C)[C@@H]1c1ccccc1)C3,6.99,7.09,-0.1,False,3.97,474.0,3.51,2,4,91.6,5,True,True,0.408,False
780,CAND-00781,CCCCNc1nc(NCc2csc(-c3cccs3)n2)nc(N2CCC[C@@H]2CNS(=O)(=O)c2cc(C#N)cc(C(F)(F)F)c2)n1,0.3416305409210399,6.11851164900659,0.2931734453939787,0.5640366663314347,0.75,0.1501460607468351,1,1.0,-2.774483599999998,1,0.8255813953488372,False,CCCCNc1nc(NCc2csc(-c3cccs3)n2)nc(N2CCC[C@@H]2CNS(=O)(=O)c2cc(C#N)cc(C(F)(F)F)c2)n1,5.84,5.69,0.15,False,3.68,677.8,5.72,3,12,148.8,13,False,False,0.513,False
781,CAND-00778,CCCCNc1nc(NCc2csc(-c3cc(C(F)(F)F)cs3)n2)nc(N2CCC[C@@H]2CNS(=O)(=O)c2cccc(C#N)c2)n1,0.3416305409210399,6.11851164900659,0.2931734453939787,0.5640366663314351,0.75,0.1501460607468351,1,1.0,-2.7744835999999964,1,0.8045977011494253,False,CCCCNc1nc(NCc2csc(-c3cc(C(F)(F)F)cs3)n2)nc(N2CCC[C@@H]2CNS(=O)(=O)c2cccc(C#N)c2)n1,5.84,6.18,-0.34,False,3.75,677.8,5.72,3,12,148.8,13,False,False,0.579,False
782,CAND-01838,C[C@]1(c2ccccc2)C[C@@]1(NS(=O)(=O)c1ccc(-c2ccc(Cl)cc2Cl)s1)C(=O)O,0.3416036746878959,7.327847719648254,0.6622045337421195,0.7353262064016013,1.0,0.50701694168244,2,0.5,-1.961209,0,0.7543859649122807,True,C[C@]1(c2ccccc2)C[C@@]1(NS(=O)(=O)c1ccc(-c2ccc(Cl)cc2Cl)s1)C(=O)O,7.39,6.81,0.58,False,3.39,482.4,5.19,2,4,83.5,6,True,True,0.77,False
783,CAND-01519,COc1cnn(-c2ccc(S(=O)(=O)N[C@@]3(C(=O)O)[C@H](C)[C@@H]3c3ccccc3C#N)s2)c1,0.3415508752095113,7.233121904338124,0.6332987799428349,0.341939730862935,1.0,0.5548412014920167,2,0.5,-3.828989300000001,0,0.7647058823529411,True,COc1cnn(-c2ccc(S(=O)(=O)N[C@@]3(C(=O)O)[C@H](C)[C@@H]3c3ccccc3C#N)s2)c1,7.53,6.78,0.75,False,4.08,458.5,2.35,2,8,134.3,7,True,True,0.603,False
784,CAND-01496,COc1cnn(-c2sc(S(=O)(=O)N[C@@]3(C(=O)O)[C@H](C)[C@@H]3c3ccccc3)cc2OC)c1,0.3414483179430329,7.287331875842222,0.649841050755004,0.3559701155392769,1.0,0.526587035028546,2,0.5,-3.7623737000000017,0,0.7424242424242424,True,COc1cnn(-c2sc(S(=O)(=O)N[C@@]3(C(=O)O)[C@H](C)[C@@H]3c3ccccc3)cc2OC)c1,7.55,6.82,0.73,False,4.01,463.5,2.49,2,8,119.8,8,True,True,0.406,False
785,CAND-01833,C[C@]1(c2ccccc2Cl)C[C@@]1(NS(=O)(=O)c1ccc(-c2ccc(Cl)cc2)s1)C(=O)O,0.3412691767337101,7.32346304362149,0.6608665419253764,0.7353262064016014,1.0,0.5070169416824402,2,0.5,-1.9612089999999995,0,0.8,True,C[C@]1(c2ccccc2Cl)C[C@@]1(NS(=O)(=O)c1ccc(-c2ccc(Cl)cc2)s1)C(=O)O,7.25,6.64,0.61,False,3.4,482.4,5.19,2,4,83.5,6,True,True,0.799,False
786,CAND-01652,CC(C)[C@H]1C[C@@]1(NS(=O)(=O)c1sc(-n2cc(Cl)cn2)cc1C(F)(F)F)C(=O)O,0.3411030538222253,6.957444498071696,0.5491753210158936,0.4974297025928543,1.0,0.6920614904550128,2,0.5,-3.0907303000000006,0,0.6666666666666666,False,CC(C)[C@H]1C[C@@]1(NS(=O)(=O)c1sc(-n2cc(Cl)cn2)cc1C(F)(F)F)C(=O)O,6.86,6.59,0.27,False,4.22,457.9,3.38,2,6,101.3,6,True,True,0.793,False
787,CAND-01884,C[C@@H]1[C@H](c2cccc(Cl)c2)[C@]1(NS(=O)(=O)c1cc2[nH]c3cc(Cl)ccc3c2s1)C(=O)O,0.340833775632372,7.619799129743548,0.7512940343596568,0.7245173577452595,1.0,0.3534017802830519,2,0.5,-2.0125288999999995,0,0.913793103448276,True,C[C@@H]1[C@H](c2cccc(Cl)c2)[C@]1(NS(=O)(=O)c1cc2[nH]c3cc(Cl)ccc3c2s1)C(=O)O,8.06,6.9,1.16,False,3.85,495.4,5.22,3,4,99.3,5,True,True,0.684,False
788,CAND-01885,C[C@@H]1[C@H](c2ccc(Cl)cc2)[C@]1(NS(=O)(=O)c1cc2[nH]c3cc(Cl)ccc3c2s1)C(=O)O,0.340833775632372,7.619799129743548,0.7512940343596568,0.7245173577452594,1.0,0.3534017802830519,2,0.5,-2.0125289,0,0.9107142857142856,True,C[C@@H]1[C@H](c2ccc(Cl)cc2)[C@]1(NS(=O)(=O)c1cc2[nH]c3cc(Cl)ccc3c2s1)C(=O)O,8.03,6.88,1.15,False,3.81,495.4,5.22,3,4,99.3,5,True,True,0.721,False
789,CAND-01915,C[C@@H]1[C@H](c2ccccc2)[C@]1(NS(=O)(=O)c1cc2[nH]c3c(C(F)(F)F)c(Cl)ccc3c2s1)C(=O)O,0.3405828588941758,7.693463088548554,0.773772724568095,0.736052182493401,1.0,0.3142645183476803,2,0.5,-1.9577621,0,0.7058823529411765,True,C[C@@H]1[C@H](c2ccccc2)[C@]1(NS(=O)(=O)c1cc2[nH]c3c(C(F)(F)F)c(Cl)ccc3c2s1)C(=O)O,7.9,6.85,1.05,False,4.09,529.0,5.59,3,4,99.3,5,False,True,0.6,False
790,CAND-01851,COc1cc(S(=O)(=O)N[C@@]2(C(=O)O)C[C@]2(C)c2ccccc2)sc1-c1ccc(Cl)cc1,0.3405584693388499,7.28708746021904,0.6497664668857045,0.6445813853445248,1.0,0.520779017449492,2,0.5,-2.3920610999999994,0,0.6721311475409836,True,COc1cc(S(=O)(=O)N[C@@]2(C(=O)O)C[C@]2(C)c2ccccc2)sc1-c1ccc(Cl)cc1,7.32,6.72,0.6,False,3.49,478.0,4.54,2,5,92.7,7,True,True,0.826,False
791,CAND-02082,C[C@@H]1[C@H](c2ccccc2)[C@]1(NS(=O)(=O)N1CCN(c2ccc(Cl)cc2C(F)(F)F)CC1)C(=O)O,0.3405378470901157,7.10894163358317,0.5954049458130446,0.4484367103504088,1.0,0.6112440709123637,2,0.5,-3.3233467000000005,0,0.7,True,C[C@@H]1[C@H](c2ccccc2)[C@]1(NS(=O)(=O)N1CCN(c2ccc(Cl)cc2C(F)(F)F)CC1)C(=O)O,6.98,6.97,0.01,False,3.6,518.0,3.57,2,4,90.0,6,True,True,0.515,False
792,CAND-02083,C[C@@H]1[C@H](c2ccccc2)[C@]1(NS(=O)(=O)N1CCN(c2ccc(Cl)c(C(F)(F)F)c2)CC1)C(=O)O,0.3405378470901157,7.10894163358317,0.5954049458130446,0.4484367103504088,1.0,0.6112440709123637,2,0.5,-3.3233467000000005,0,0.7333333333333333,True,C[C@@H]1[C@H](c2ccccc2)[C@]1(NS(=O)(=O)N1CCN(c2ccc(Cl)c(C(F)(F)F)c2)CC1)C(=O)O,6.97,6.97,0.0,False,3.58,518.0,3.57,2,4,90.0,6,True,True,0.476,False
793,CAND-00862,C=CCCNc1nc(NCc2csc(-c3cccs3)n2)nc(N2CCC[C@@H]2CNS(=O)(=O)c2ccc(C(F)(F)F)cc2C(F)(F)F)n1,0.3404588259354628,6.577841603827936,0.4333388115429306,0.6494402376603386,0.5,0.0792980672133249,1,1.0,-2.3689915,2,0.8313253012048193,False,C=CCCNc1nc(NCc2csc(-c3cccs3)n2)nc(N2CCC[C@@H]2CNS(=O)(=O)c2ccc(C(F)(F)F)cc2C(F)(F)F)n1,6.64,5.76,0.88,False,3.81,718.8,6.64,3,11,125.0,13,False,False,0.719,False
794,CAND-00860,C=CCCNc1nc(NCc2csc(-c3cc(C(F)(F)F)cs3)n2)nc(N2CCC[C@@H]2CNS(=O)(=O)c2ccc(C(F)(F)F)cc2)n1,0.3404588259354628,6.577841603827936,0.4333388115429306,0.6494402376603389,0.5,0.0792980672133249,1,1.0,-2.368991499999999,2,0.8481012658227848,False,C=CCCNc1nc(NCc2csc(-c3cc(C(F)(F)F)cs3)n2)nc(N2CCC[C@@H]2CNS(=O)(=O)c2ccc(C(F)(F)F)cc2)n1,6.59,6.24,0.35,False,3.86,718.8,6.64,3,11,125.0,13,False,False,0.73,False
795,CAND-01436,CCCCNc1nc(NCc2nc(-c3cccs3)sc2Cl)nc(N2CCC[C@@H]2CNS(=O)(=O)c2ccc(Cl)cc2)n1,0.3401425113254219,6.116631927774489,0.2925998450616037,0.6572770473167121,0.75,0.1461419626487332,1,1.0,-2.331782699999997,1,0.810126582278481,False,CCCCNc1nc(NCc2nc(-c3cccs3)sc2Cl)nc(N2CCC[C@@H]2CNS(=O)(=O)c2ccc(Cl)cc2)n1,6.24,5.7,0.54,False,3.52,653.7,6.13,3,11,125.0,13,False,False,0.315,False
796,CAND-01622,C[C@@H]1[C@H](c2ccccc2)[C@]1(NS(=O)(=O)N1CCn2c(cc3c(C#N)c(Cl)ccc32)C1)C(=O)O,0.3400185856090041,7.1693442069380975,0.6138369002757692,0.4162310385371376,1.0,0.5770624036004124,2,0.5,-3.476257700000001,0,0.6956521739130435,True,C[C@@H]1[C@H](c2ccccc2)[C@]1(NS(=O)(=O)N1CCn2c(cc3c(C#N)c(Cl)ccc32)C1)C(=O)O,7.1,7.03,0.07,False,4.01,485.0,3.07,2,5,115.4,5,True,True,0.486,False
797,CAND-01621,C[C@@H]1[C@H](c2ccccc2)[C@]1(NS(=O)(=O)N1CCn2c(c(C#N)c3cc(Cl)ccc32)C1)C(=O)O,0.3400185856090041,7.1693442069380975,0.6138369002757692,0.4162310385371376,1.0,0.5770624036004124,2,0.5,-3.476257700000001,0,0.6714285714285714,True,C[C@@H]1[C@H](c2ccccc2)[C@]1(NS(=O)(=O)N1CCn2c(c(C#N)c3cc(Cl)ccc32)C1)C(=O)O,7.14,7.03,0.11,False,3.91,485.0,3.07,2,5,115.4,5,True,True,0.455,False
798,CAND-02077,C[C@@H]1[C@H](c2ccccc2)[C@]1(NS(=O)(=O)N1CCN(c2ccc(Cl)cc2O)CC1)C(=O)O,0.3399868599044423,7.117445904229254,0.5980000393758014,0.3188683964298292,1.0,0.6032456670699461,2,0.5,-3.9385309000000017,0,0.7368421052631579,True,C[C@@H]1[C@H](c2ccccc2)[C@]1(NS(=O)(=O)N1CCN(c2ccc(Cl)cc2O)CC1)C(=O)O,7.2,6.92,0.28,False,3.52,466.0,2.26,3,5,110.2,6,True,True,0.474,False
799,CAND-02078,C[C@@H]1[C@H](c2ccccc2)[C@]1(NS(=O)(=O)N1CCN(c2ccc(Cl)c(O)c2)CC1)C(=O)O,0.3399868599044423,7.117445904229254,0.5980000393758014,0.3188683964298292,1.0,0.6032456670699461,2,0.5,-3.9385309000000017,0,0.7857142857142857,True,C[C@@H]1[C@H](c2ccccc2)[C@]1(NS(=O)(=O)N1CCN(c2ccc(Cl)c(O)c2)CC1)C(=O)O,7.22,6.91,0.31,False,3.54,466.0,2.26,3,5,110.2,6,True,True,0.439,False
800,CAND-01916,C[C@@H]1[C@H](c2ccccc2)[C@]1(NS(=O)(=O)c1cc2[nH]c3cc(Cl)c(C(F)(F)F)cc3c2s1)C(=O)O,0.339972555278321,7.685463088548554,0.7713315101046757,0.7360521824934008,1.0,0.3142645183476803,2,0.5,-1.9577621000000005,0,0.7424242424242424,True,C[C@@H]1[C@H](c2ccccc2)[C@]1(NS(=O)(=O)c1cc2[nH]c3cc(Cl)c(C(F)(F)F)cc3c2s1)C(=O)O,7.91,6.84,1.07,False,3.99,529.0,5.59,3,4,99.3,5,False,True,0.619,False
801,CAND-00847,C=CCCNc1nc(NCc2csc(-c3sccc3OC)n2)nc(N2CCC[C@@H]2CNS(=O)(=O)c2ccc(C(F)(F)F)cc2)n1,0.3398513712641156,6.506285613107708,0.4115033716066157,0.5471605918551206,0.5,0.1136656182026923,1,1.0,-2.8546104000000003,2,0.7790697674418605,False,C=CCCNc1nc(NCc2csc(-c3sccc3OC)n2)nc(N2CCC[C@@H]2CNS(=O)(=O)c2ccc(C(F)(F)F)cc2)n1,6.56,5.89,0.67,False,3.75,680.8,5.63,3,12,134.3,14,False,False,0.76,False
802,CAND-01846,Cc1cc(-c2ccc(S(=O)(=O)N[C@@]3(C(=O)O)C[C@]3(C)c3ccccc3)s2)ccc1Cl,0.3398347175693294,7.220614676833393,0.6294821768576068,0.7099708558583938,1.0,0.5497611556995183,2,0.5,-2.0815949999999983,0,0.7719298245614035,True,Cc1cc(-c2ccc(S(=O)(=O)N[C@@]3(C(=O)O)C[C@]3(C)c3ccccc3)s2)ccc1Cl,7.26,6.76,0.5,False,3.38,462.0,4.84,2,4,83.5,6,True,True,0.881,False
803,CAND-01498,COc1cnn(-c2ccc(S(=O)(=O)N[C@@]3(C(=O)O)[C@H](C)[C@@H]3c3ccccc3OC)s2)c1,0.3398301570528619,7.2661206511582,0.6433684071943202,0.355970115539277,1.0,0.526587035028546,2,0.5,-3.762373700000001,0,0.8125,True,COc1cnn(-c2ccc(S(=O)(=O)N[C@@]3(C(=O)O)[C@H](C)[C@@H]3c3ccccc3OC)s2)c1,7.5,6.86,0.64,False,3.92,463.5,2.49,2,8,119.8,8,True,True,0.637,False
804,CAND-01032,CC1(C)C[C@@H](O)CN(S(=O)(=O)c2ccc(OCc3ccc(Cl)cc3Cl)c(Cl)c2)[C@H]1C(=O)NO,0.3397413450582772,8.207869706264587,0.9307448339739696,0.469117372172531,0.5,0.3803675770985656,2,0.5,-3.2251559000000007,2,0.8181818181818182,True,CC1(C)C[C@@H](O)CN(S(=O)(=O)c2ccc(OCc3ccc(Cl)cc3Cl)c(Cl)c2)[C@H]1C(=O)NO,8.11,8.54,-0.43,True,3.47,537.8,3.88,3,6,116.2,6,True,True,1.036,False
805,CAND-01031,CC1(C)C[C@@H](O)CN(S(=O)(=O)c2ccc(OCc3ccc(Cl)cc3Cl)cc2Cl)[C@H]1C(=O)NO,0.3397413450582772,8.207869706264587,0.9307448339739696,0.469117372172531,0.5,0.3803675770985656,2,0.5,-3.2251559000000007,2,0.8181818181818182,True,CC1(C)C[C@@H](O)CN(S(=O)(=O)c2ccc(OCc3ccc(Cl)cc3Cl)cc2Cl)[C@H]1C(=O)NO,8.06,8.53,-0.47,False,3.52,537.8,3.88,3,6,116.2,6,True,True,1.056,False
806,CAND-00929,Cc1cc(C(F)(F)F)cc(C)c1CCC1CCN(S(=O)(=O)CC2(N(O)C=O)CCN(C(=O)C3CCC3)CC2)CC1,0.3397312084521156,6.537672431704715,0.4210811160465824,0.4685042236627267,0.25,0.2639688347627478,1,1.0,-3.2280670999999974,3,0.8169014084507042,False,Cc1cc(C(F)(F)F)cc(C)c1CCC1CCN(S(=O)(=O)CC2(N(O)C=O)CCN(C(=O)C3CCC3)CC2)CC1,6.7,8.43,-1.73,False,3.25,587.7,4.31,1,5,98.2,9,True,True,0.702,False
807,CAND-01551,COc1cc(Cn2c([S-])nnc2COc2ccc(Cl)cc2)ccc1-c1ccccc1,0.3396791347274542,5.663079432889145,0.1541974812573509,0.7870100848734272,0.75,0.3752679803292623,1,1.0,-1.7158163999999978,1,0.7090909090909091,False,COc1cc(Cn2c([S-])nnc2COc2ccc(Cl)cc2)ccc1-c1ccccc1,5.62,5.87,-0.25,False,2.49,436.9,5.14,0,6,49.2,7,True,True,0.775,True
808,CAND-01131,O=C(O)[C@]1(NS(=O)(=O)c2sc(-c3ccc(Cl)cn3)cc2F)C[C@@H]1c1ccccc1,0.3396535819109785,7.13704717634467,0.6039814029994978,0.579806411289919,1.0,0.5910548744073602,2,0.5,-2.6996096,0,0.7258064516129032,True,O=C(O)[C@]1(NS(=O)(=O)c2sc(-c3ccc(Cl)cn3)cc2F)C[C@@H]1c1ccccc1,7.25,6.78,0.47,False,3.58,452.9,3.89,2,5,96.4,6,True,True,0.582,False
809,CAND-01132,O=C(O)[C@]1(NS(=O)(=O)c2cc(F)c(-c3ccc(Cl)cn3)s2)C[C@@H]1c1ccccc1,0.3396535819109784,7.13704717634467,0.6039814029994978,0.5798064112899192,1.0,0.59105487440736,2,0.5,-2.6996096,0,0.7258064516129032,True,O=C(O)[C@]1(NS(=O)(=O)c2cc(F)c(-c3ccc(Cl)cn3)s2)C[C@@H]1c1ccccc1,7.29,6.81,0.48,True,3.56,452.9,3.89,2,5,96.4,6,True,True,0.541,False
810,CAND-01133,O=C(O)[C@]1(NS(=O)(=O)c2ccc(-c3ncc(Cl)cc3F)s2)C[C@@H]1c1ccccc1,0.3396535819109784,7.13704717634467,0.6039814029994978,0.5798064112899192,1.0,0.59105487440736,2,0.5,-2.6996096,0,0.7258064516129032,True,O=C(O)[C@]1(NS(=O)(=O)c2ccc(-c3ncc(Cl)cc3F)s2)C[C@@H]1c1ccccc1,7.28,6.83,0.45,False,3.46,452.9,3.89,2,5,96.4,6,True,True,0.552,False
811,CAND-00753,CCCCNc1nc(NCc2csc(-c3sccc3C)n2)nc(N2CCC[C@@H]2CNS(=O)(=O)c2cccc(C#N)c2)n1,0.3395663974460314,6.058862782961248,0.2749714860794226,0.5271464910400854,0.75,0.1736021813544003,1,1.0,-2.9496363999999984,1,0.8235294117647058,False,CCCCNc1nc(NCc2csc(-c3sccc3C)n2)nc(N2CCC[C@@H]2CNS(=O)(=O)c2cccc(C#N)c2)n1,5.89,5.85,0.04,False,3.58,623.8,5.01,3,12,148.8,13,False,False,0.589,False
812,CAND-01510,COc1cnn(-c2sc(S(=O)(=O)N[C@@]3(C(=O)O)[C@H](C)[C@@H]3c3ccccc3)cc2C(F)(F)F)c1,0.3393969875512692,7.287331875842222,0.649841050755004,0.4582497613444953,1.0,0.5129114990834546,2,0.5,-3.2767548,0,0.7,True,COc1cnn(-c2sc(S(=O)(=O)N[C@@]3(C(=O)O)[C@H](C)[C@@H]3c3ccccc3)cc2C(F)(F)F)c1,7.53,6.98,0.55,False,4.12,501.5,3.5,2,7,110.5,7,True,True,0.508,False
813,CAND-01906,C[C@@H]1[C@H](c2ccc(O)cc2)[C@]1(NS(=O)(=O)c1cc2[nH]c3cc(Cl)ccc3c2s1)C(=O)O,0.339204443611278,7.619799129743548,0.7512940343596568,0.6064838685728214,1.0,0.3425395668090916,2,0.5,-2.5729463000000004,0,0.864406779661017,True,C[C@@H]1[C@H](c2ccc(O)cc2)[C@]1(NS(=O)(=O)c1cc2[nH]c3cc(Cl)ccc3c2s1)C(=O)O,8.06,6.73,1.33,False,3.87,477.0,4.28,4,5,119.5,5,True,True,0.678,False
814,CAND-01905,C[C@@H]1[C@H](c2cccc(O)c2)[C@]1(NS(=O)(=O)c1cc2[nH]c3cc(Cl)ccc3c2s1)C(=O)O,0.339204443611278,7.619799129743548,0.7512940343596568,0.6064838685728214,1.0,0.3425395668090916,2,0.5,-2.5729463000000004,0,0.8688524590163934,True,C[C@@H]1[C@H](c2cccc(O)c2)[C@]1(NS(=O)(=O)c1cc2[nH]c3cc(Cl)ccc3c2s1)C(=O)O,8.07,6.76,1.31,False,3.9,477.0,4.28,4,5,119.5,5,True,True,0.646,False
815,CAND-01134,O=C(O)[C@]1(NS(=O)(=O)c2ccc(-c3cc(F)c(Cl)cn3)s2)C[C@@H]1c1ccccc1,0.3390542911361969,7.1291915351954085,0.6015842399003716,0.5798064112899192,1.0,0.59105487440736,2,0.5,-2.6996096,0,0.7377049180327869,True,O=C(O)[C@]1(NS(=O)(=O)c2ccc(-c3cc(F)c(Cl)cn3)s2)C[C@@H]1c1ccccc1,7.28,6.8,0.48,False,3.49,452.9,3.89,2,5,96.4,6,True,True,0.58,False
816,CAND-01041,COc1cc(OCc2ccc(Cl)cc2Cl)ccc1S(=O)(=O)N1C[C@H](O)CC(C)(C)[C@@H]1C(=O)NO,0.3390046208371272,8.22111317171049,0.9347861013980112,0.378372551115454,0.5,0.3687206365841626,2,0.5,-3.6560080000000026,2,0.7714285714285715,True,COc1cc(OCc2ccc(Cl)cc2Cl)ccc1S(=O)(=O)N1C[C@H](O)CC(C)(C)[C@@H]1C(=O)NO,7.96,8.49,-0.53,False,3.51,533.4,3.24,3,7,125.4,7,True,True,1.027,False
817,CAND-01597,COc1ccccc1[C@H]1[C@@H](C)[C@@]1(NS(=O)(=O)N1CCn2c(cc3cc(Cl)ccc32)C1)C(=O)O,0.3386755563174608,7.1982476041049805,0.6226568241764877,0.4302614232134797,1.0,0.5534090018222593,2,0.5,-3.409642100000001,0,0.7878787878787878,True,COc1ccccc1[C@H]1[C@@H](C)[C@@]1(NS(=O)(=O)N1CCn2c(cc3cc(Cl)ccc32)C1)C(=O)O,7.08,7.13,-0.05,False,3.87,490.0,3.21,2,5,100.9,6,True,True,0.453,False
818,CAND-01583,C[C@@H]1[C@H](c2ccccc2Cl)[C@]1(NS(=O)(=O)N1CCn2c(cc3cc(Cl)ccc32)C1)C(=O)O,0.3386168706536103,7.176883281687463,0.616137462565638,0.5210062442705564,1.0,0.5638833667480055,2,0.5,-2.9787900000000005,0,0.8387096774193549,True,C[C@@H]1[C@H](c2ccccc2Cl)[C@]1(NS(=O)(=O)N1CCn2c(cc3cc(Cl)ccc32)C1)C(=O)O,7.08,7.08,0.0,False,3.9,494.4,3.86,2,4,91.6,5,True,True,0.45,False
819,CAND-01500,COc1ccc([C@H]2[C@@H](C)[C@@]2(NS(=O)(=O)c2ccc(-n3cc(OC)cn3)s2)C(=O)O)cc1,0.3384245662511022,7.247695844026215,0.6377460439872811,0.355970115539277,1.0,0.526587035028546,2,0.5,-3.762373700000001,0,0.8983050847457628,True,COc1ccc([C@H]2[C@@H](C)[C@@]2(NS(=O)(=O)c2ccc(-n3cc(OC)cn3)s2)C(=O)O)cc1,7.55,6.91,0.64,False,3.86,463.5,2.49,2,8,119.8,8,True,True,0.533,False
820,CAND-00337,N#Cc1nn(-c2ccc(S(=O)(=O)N[C@@]3(C(=O)O)C[C@@H]3C3CCCCC3)s2)cc1Cl,0.3383421773891747,6.92518733426446,0.5393319891615048,0.467863694929551,1.0,0.6900612006586572,2,0.5,-3.2311083000000007,0,0.7014925373134329,False,N#Cc1nn(-c2ccc(S(=O)(=O)N[C@@]3(C(=O)O)C[C@@H]3C3CCCCC3)s2)cc1Cl,6.72,6.62,0.1,False,4.05,455.0,3.16,2,7,125.1,6,True,True,0.692,False
821,CAND-01057,CC1(C)C[C@@H](O)CN(S(=O)(=O)c2ccc(OCc3ccc(Cl)cc3Cl)c(C#N)c2)[C@H]1C(=O)NO,0.338180704740965,8.17487095944451,0.920675206722484,0.364342166439112,0.5,0.3867460204022941,2,0.5,-3.722623600000002,2,0.75,True,CC1(C)C[C@@H](O)CN(S(=O)(=O)c2ccc(OCc3ccc(Cl)cc3Cl)c(C#N)c2)[C@H]1C(=O)NO,8.06,8.49,-0.43,True,3.6,528.4,3.1,3,7,140.0,6,True,True,1.026,False
822,CAND-01056,CC1(C)C[C@@H](O)CN(S(=O)(=O)c2ccc(OCc3ccc(Cl)cc3Cl)cc2C#N)[C@H]1C(=O)NO,0.338180704740965,8.17487095944451,0.920675206722484,0.3643421664391122,0.5,0.3867460204022941,2,0.5,-3.722623600000001,2,0.75,True,CC1(C)C[C@@H](O)CN(S(=O)(=O)c2ccc(OCc3ccc(Cl)cc3Cl)cc2C#N)[C@H]1C(=O)NO,8.01,8.48,-0.47,False,3.65,528.4,3.1,3,7,140.0,6,True,True,1.05,False
823,CAND-00190,CC(=O)N1CCC(CS(=O)(=O)N2CCC(CCc3c(CF)noc3C)CC2)(N(O)C=O)CC1,0.3381536525925723,6.420347314532068,0.3852791444260534,0.1995898021304969,0.25,0.3183802679318188,1,1.0,-4.5048600000000025,3,0.8208955223880597,False,CC(=O)N1CCC(CS(=O)(=O)N2CCC(CCc3c(CF)noc3C)CC2)(N(O)C=O)CC1,6.27,7.7,-1.43,False,3.43,488.6,1.66,1,7,124.3,9,True,True,0.375,False
824,CAND-01600,COc1c2n(c3ccc(Cl)cc13)CCN(S(=O)(=O)N[C@@]1(C(=O)O)[C@H](C)[C@@H]1c1ccccc1)C2,0.3381004157449936,7.190708529355615,0.6203562618866189,0.4302614232134797,1.0,0.5534090018222596,2,0.5,-3.409642100000001,0,0.6811594202898551,True,COc1c2n(c3ccc(Cl)cc13)CCN(S(=O)(=O)N[C@@]1(C(=O)O)[C@H](C)[C@@H]1c1ccccc1)C2,7.1,7.14,-0.04,False,3.87,490.0,3.21,2,5,100.9,6,True,True,0.435,False
825,CAND-01601,COc1c(Cl)ccc2c1cc1n2CCN(S(=O)(=O)N[C@@]2(C(=O)O)[C@H](C)[C@@H]2c2ccccc2)C1,0.3381004157449936,7.190708529355615,0.6203562618866189,0.4302614232134797,1.0,0.5534090018222593,2,0.5,-3.409642100000001,0,0.7058823529411765,True,COc1c(Cl)ccc2c1cc1n2CCN(S(=O)(=O)N[C@@]2(C(=O)O)[C@H](C)[C@@H]2c2ccccc2)C1,7.07,7.15,-0.08,False,3.93,490.0,3.21,2,5,100.9,6,True,True,0.464,False
826,CAND-01602,COc1cc2c(cc1Cl)cc1n2CCN(S(=O)(=O)N[C@@]2(C(=O)O)[C@H](C)[C@@H]2c2ccccc2)C1,0.3381004157449936,7.190708529355615,0.6203562618866189,0.4302614232134797,1.0,0.5534090018222593,2,0.5,-3.409642100000001,0,0.7575757575757576,True,COc1cc2c(cc1Cl)cc1n2CCN(S(=O)(=O)N[C@@]2(C(=O)O)[C@H](C)[C@@H]2c2ccccc2)C1,7.05,7.15,-0.1,False,3.89,490.0,3.21,2,5,100.9,6,True,True,0.417,False
827,CAND-01618,C[C@@H]1[C@H](c2ccccc2C#N)[C@]1(NS(=O)(=O)N1CCn2c(cc3cc(Cl)ccc32)C1)C(=O)O,0.3380763193686,7.143884534867387,0.6060678353141526,0.4162310385371375,1.0,0.577062403600412,2,0.5,-3.476257700000001,0,0.7761194029850746,True,C[C@@H]1[C@H](c2ccccc2C#N)[C@]1(NS(=O)(=O)N1CCn2c(cc3cc(Cl)ccc32)C1)C(=O)O,7.13,7.04,0.09,False,4.02,485.0,3.07,2,5,115.4,5,True,True,0.451,False
828,CAND-01587,C[C@@H]1[C@H](c2ccccc2)[C@]1(NS(=O)(=O)N1CCn2c(cc3c(Cl)c(Cl)ccc32)C1)C(=O)O,0.3380417300811431,7.1693442069380975,0.6138369002757692,0.5210062442705564,1.0,0.5638833667480055,2,0.5,-2.9787900000000005,0,0.75,True,C[C@@H]1[C@H](c2ccccc2)[C@]1(NS(=O)(=O)N1CCn2c(cc3c(Cl)c(Cl)ccc32)C1)C(=O)O,7.04,7.09,-0.05,False,3.91,494.4,3.86,2,4,91.6,5,True,True,0.477,False
829,CAND-01586,C[C@@H]1[C@H](c2ccccc2)[C@]1(NS(=O)(=O)N1CCn2c(c(Cl)c3cc(Cl)ccc32)C1)C(=O)O,0.3380417300811431,7.1693442069380975,0.6138369002757692,0.5210062442705565,1.0,0.5638833667480054,2,0.5,-2.97879,0,0.7230769230769231,True,C[C@@H]1[C@H](c2ccccc2)[C@]1(NS(=O)(=O)N1CCn2c(c(Cl)c3cc(Cl)ccc32)C1)C(=O)O,7.08,7.1,-0.02,False,3.87,494.4,3.86,2,4,91.6,5,True,True,0.461,False
830,CAND-01588,C[C@@H]1[C@H](c2ccccc2)[C@]1(NS(=O)(=O)N1CCn2c(cc3cc(Cl)c(Cl)cc32)C1)C(=O)O,0.3380417300811431,7.1693442069380975,0.6138369002757692,0.5210062442705564,1.0,0.5638833667480055,2,0.5,-2.9787900000000005,0,0.8333333333333334,True,C[C@@H]1[C@H](c2ccccc2)[C@]1(NS(=O)(=O)N1CCn2c(cc3cc(Cl)c(Cl)cc32)C1)C(=O)O,7.03,7.1,-0.07,False,3.9,494.4,3.86,2,4,91.6,5,True,True,0.439,False
831,CAND-01641,Cc1cc(S(=O)(=O)N[C@@]2(C(=O)O)C[C@@H]2C(C)C)sc1-n1cc(Cl)cn1,0.3380177108254773,6.7606230509848215,0.4891149005984437,0.460539527301505,1.0,0.7715932378391092,2,0.5,-3.265883100000001,0,0.7096774193548387,False,Cc1cc(S(=O)(=O)N[C@@]2(C(=O)O)C[C@@H]2C(C)C)sc1-n1cc(Cl)cn1,6.52,6.55,-0.03,True,4.06,403.9,2.67,2,6,101.3,6,True,True,0.636,False
832,CAND-01837,C[C@]1(c2ccccc2)C[C@@]1(NS(=O)(=O)c1cc(Cl)c(-c2ccc(Cl)cc2)s1)C(=O)O,0.3380135049451461,7.280786949900447,0.6478438547711204,0.7353262064016013,1.0,0.50701694168244,2,0.5,-1.961209,0,0.7192982456140351,True,C[C@]1(c2ccccc2)C[C@@]1(NS(=O)(=O)c1cc(Cl)c(-c2ccc(Cl)cc2)s1)C(=O)O,7.31,6.79,0.52,False,3.47,482.4,5.19,2,4,83.5,6,True,True,0.809,False
833,CAND-01836,C[C@]1(c2ccccc2)C[C@@]1(NS(=O)(=O)c1sc(-c2ccc(Cl)cc2)cc1Cl)C(=O)O,0.3380135049451461,7.280786949900447,0.6478438547711204,0.7353262064016014,1.0,0.5070169416824399,2,0.5,-1.9612089999999995,0,0.7192982456140351,True,C[C@]1(c2ccccc2)C[C@@]1(NS(=O)(=O)c1sc(-c2ccc(Cl)cc2)cc1Cl)C(=O)O,7.24,6.79,0.45,False,3.52,482.4,5.19,2,4,83.5,6,True,True,0.824,False
834,CAND-01514,COc1cnn(-c2ccc(S(=O)(=O)N[C@@]3(C(=O)O)[C@H](C)[C@@H]3c3ccc(C(F)(F)F)cc3)s2)c1,0.3380026931718367,7.269055144809199,0.6442638732372741,0.4582497613444953,1.0,0.5129114990834546,2,0.5,-3.2767548,0,0.8153846153846154,True,COc1cnn(-c2ccc(S(=O)(=O)N[C@@]3(C(=O)O)[C@H](C)[C@@H]3c3ccc(C(F)(F)F)cc3)s2)c1,7.58,7.08,0.5,False,3.98,501.5,3.5,2,7,110.5,7,True,True,0.635,False
835,CAND-00462,C=CCCNc1nc(NCc2nc(-c3ccccc3)sc2Cl)nc(N2CCC[C@@H]2CNS(=O)(=O)c2ccccc2)n1,0.3378496792845052,6.444586275015513,0.3926757070398575,0.5714653211042023,0.5,0.1383727525485881,1,1.0,-2.739212699999999,2,0.75,False,C=CCCNc1nc(NCc2nc(-c3ccccc3)sc2Cl)nc(N2CCC[C@@H]2CNS(=O)(=O)c2ccccc2)n1,6.77,5.64,1.13,False,3.49,611.2,5.2,3,10,125.0,13,False,False,0.492,False
836,CAND-00941,Cc1cc(C(F)(F)F)cc(C#N)c1CCC1CCN(S(=O)(=O)CC2(N(O)C=O)CCN(C(=O)C3CCC3)CC2)CC1,0.3378396175292217,6.529633114972045,0.4186279040111069,0.3890843684725159,0.25,0.2617522184122274,1,1.0,-3.605148799999997,3,0.7341772151898734,False,Cc1cc(C(F)(F)F)cc(C#N)c1CCC1CCN(S(=O)(=O)CC2(N(O)C=O)CCN(C(=O)C3CCC3)CC2)CC1,6.61,8.46,-1.85,False,3.4,598.7,3.87,1,6,122.0,9,True,True,0.758,False
837,CAND-01657,CC(C)[C@H]1C[C@@]1(NS(=O)(=O)c1cc(C#N)c(-n2cc(Cl)cn2)s1)C(=O)O,0.337822301939448,6.808174657007435,0.5036253591460965,0.381119672111294,1.0,0.7461064143528259,2,0.5,-3.6429648000000014,0,0.6666666666666666,False,CC(C)[C@H]1C[C@@]1(NS(=O)(=O)c1cc(C#N)c(-n2cc(Cl)cn2)s1)C(=O)O,6.62,6.34,0.28,False,4.18,414.9,2.24,2,7,125.1,6,True,True,0.69,False
838,CAND-01512,COc1cnn(-c2ccc(S(=O)(=O)N[C@@]3(C(=O)O)[C@H](C)[C@@H]3c3ccccc3C(F)(F)F)s2)c1,0.3377788266610982,7.2661206511582,0.6433684071943202,0.4582497613444953,1.0,0.5129114990834546,2,0.5,-3.2767548,0,0.7647058823529411,True,COc1cnn(-c2ccc(S(=O)(=O)N[C@@]3(C(=O)O)[C@H](C)[C@@H]3c3ccccc3C(F)(F)F)s2)c1,7.53,7.04,0.49,False,4.06,501.5,3.5,2,7,110.5,7,True,True,0.679,False
839,CAND-01840,Cc1ccccc1[C@@]1(C)C[C@@]1(NS(=O)(=O)c1ccc(-c2ccc(Cl)cc2)s1)C(=O)O,0.3377714587635233,7.193569006420104,0.6212291416343825,0.7099708558583936,1.0,0.5497611556995181,2,0.5,-2.081595,0,0.7857142857142857,True,Cc1ccccc1[C@@]1(C)C[C@@]1(NS(=O)(=O)c1ccc(-c2ccc(Cl)cc2)s1)C(=O)O,7.31,6.59,0.72,False,3.39,462.0,4.84,2,4,83.5,6,True,True,0.771,False
840,CAND-00318,Cc1cc(-n2cc(Cl)cn2)sc1S(=O)(=O)N[C@@]1(C(=O)O)C[C@@H]1C1CCCCC1,0.3377425232808069,6.878546878158689,0.5250995696582695,0.5472835501197618,1.0,0.7097842057749304,2,0.5,-2.854026600000001,0,0.7121212121212122,False,Cc1cc(-n2cc(Cl)cn2)sc1S(=O)(=O)N[C@@]1(C(=O)O)C[C@@H]1C1CCCCC1,6.83,6.95,-0.12,True,3.96,444.0,3.6,2,6,101.3,6,True,True,0.636,False
841,CAND-02079,C[C@@H]1[C@H](c2ccccc2C(F)(F)F)[C@]1(NS(=O)(=O)N1CCN(c2ccc(Cl)cc2)CC1)C(=O)O,0.337701179821595,7.0717579473676135,0.5840582767389619,0.4484367103504086,1.0,0.6112440709123631,2,0.5,-3.323346700000001,0,0.7457627118644068,True,C[C@@H]1[C@H](c2ccccc2C(F)(F)F)[C@]1(NS(=O)(=O)N1CCN(c2ccc(Cl)cc2)CC1)C(=O)O,6.94,6.95,-0.01,False,3.59,518.0,3.57,2,4,90.0,6,True,True,0.49,False
842,CAND-01394,C[C@@H]1[C@H](c2ccccc2)[C@]1(NS(=O)(=O)N1CCN(c2ccc(Cl)c(F)c2)C(CO)C1)C(=O)O,0.3376064695302453,7.210908931724259,0.6265204511902719,0.2469890547557077,1.0,0.5398423782178494,2,0.5,-4.279810600000001,0,0.8125,True,C[C@@H]1[C@H](c2ccccc2)[C@]1(NS(=O)(=O)N1CCN(c2ccc(Cl)c(F)c2)C(CO)C1)C(=O)O,7.09,6.68,0.41,False,3.92,498.0,2.05,3,5,110.2,7,True,True,0.561,False
843,CAND-02065,Cc1cccc([C@H]2[C@@H](C)[C@@]2(NS(=O)(=O)N2CCN(c3ccc(Cl)cc3)CC2)C(=O)O)c1,0.3375190672175008,6.920189612884737,0.537806925446965,0.4115465350590594,1.0,0.6871155723717306,2,0.5,-3.498499500000001,0,0.8363636363636363,False,Cc1cccc([C@H]2[C@@H](C)[C@@]2(NS(=O)(=O)N2CCN(c3ccc(Cl)cc3)CC2)C(=O)O)c1,7.15,7.01,0.14,False,3.43,464.0,2.86,2,4,90.0,6,True,True,0.375,False
844,CAND-01623,C[C@@H]1[C@H](c2ccccc2)[C@]1(NS(=O)(=O)N1CCn2c(cc3cc(Cl)c(C#N)cc32)C1)C(=O)O,0.3375011787961328,7.136345460118021,0.6037672730242839,0.4162310385371376,1.0,0.5770624036004124,2,0.5,-3.476257700000001,0,0.746268656716418,True,C[C@@H]1[C@H](c2ccccc2)[C@]1(NS(=O)(=O)N1CCn2c(cc3cc(Cl)c(C#N)cc32)C1)C(=O)O,7.07,7.05,0.02,False,4.04,485.0,3.07,2,5,115.4,5,True,True,0.437,False
845,CAND-01883,C[C@@H]1[C@H](c2ccccc2Cl)[C@]1(NS(=O)(=O)c1cc2[nH]c3cc(Cl)ccc3c2s1)C(=O)O,0.3374368074367908,7.575270890259688,0.737706161577332,0.7245173577452595,1.0,0.3534017802830519,2,0.5,-2.0125288999999995,0,0.8360655737704918,True,C[C@@H]1[C@H](c2ccccc2Cl)[C@]1(NS(=O)(=O)c1cc2[nH]c3cc(Cl)ccc3c2s1)C(=O)O,8.08,6.87,1.21,False,3.87,495.4,5.22,3,4,99.3,5,True,True,0.66,False
846,CAND-01873,C[C@]1(c2ccccc2)C[C@@]1(NS(=O)(=O)c1ccc(-c2ccc(Cl)cc2C#N)s1)C(=O)O,0.3374264040614066,7.18394286696878,0.6182917077774497,0.6305510006681826,1.0,0.5523565141136285,2,0.5,-2.4586767,0,0.6935483870967742,True,C[C@]1(c2ccccc2)C[C@@]1(NS(=O)(=O)c1ccc(-c2ccc(Cl)cc2C#N)s1)C(=O)O,7.44,6.84,0.6,False,3.54,473.0,4.4,2,5,107.3,6,True,True,0.811,False
847,CAND-01603,COc1cc(Cl)cc2cc3n(c12)CCN(S(=O)(=O)N[C@@]1(C(=O)O)[C@H](C)[C@@H]1c1ccccc1)C3,0.3373544612452884,7.180930386407399,0.6173724438877979,0.4302614232134797,1.0,0.5534090018222593,2,0.5,-3.409642100000001,0,0.7313432835820896,True,COc1cc(Cl)cc2cc3n(c12)CCN(S(=O)(=O)N[C@@]1(C(=O)O)[C@H](C)[C@@H]1c1ccccc1)C3,7.01,7.13,-0.12,False,3.98,490.0,3.21,2,5,100.9,6,True,True,0.451,False
848,CAND-01589,C[C@@H]1[C@H](c2ccccc2)[C@]1(NS(=O)(=O)N1CCn2c(cc3cc(Cl)cc(Cl)c32)C1)C(=O)O,0.3372957755814378,7.159566063989881,0.6108530822769481,0.5210062442705564,1.0,0.5638833667480055,2,0.5,-2.9787900000000005,0,0.7777777777777778,True,C[C@@H]1[C@H](c2ccccc2)[C@]1(NS(=O)(=O)N1CCn2c(cc3cc(Cl)cc(Cl)c32)C1)C(=O)O,6.97,7.08,-0.11,False,3.98,494.4,3.86,2,4,91.6,5,True,True,0.484,False
849,CAND-00863,C=CCCNc1nc(NCc2csc(-c3cccs3)n2)nc(N2CCC[C@@H]2CNS(=O)(=O)c2ccc(C(F)(F)F)c(C(F)(F)F)c2)n1,0.3371999113104663,6.556482303044952,0.4268209822929376,0.6494402376603386,0.5,0.0792980672133249,1,1.0,-2.3689915,2,0.8518518518518519,False,C=CCCNc1nc(NCc2csc(-c3cccs3)n2)nc(N2CCC[C@@H]2CNS(=O)(=O)c2ccc(C(F)(F)F)c(C(F)(F)F)c2)n1,6.63,5.72,0.91,False,3.83,718.8,6.64,3,11,125.0,13,False,False,0.741,False
850,CAND-02074,C[C@@H]1[C@H](c2ccccc2O)[C@]1(NS(=O)(=O)N1CCN(c2ccc(Cl)cc2)CC1)C(=O)O,0.3371501926359216,7.080262218013698,0.5866533703017186,0.3188683964298293,1.0,0.6032456670699462,2,0.5,-3.938530900000001,0,0.8,True,C[C@@H]1[C@H](c2ccccc2O)[C@]1(NS(=O)(=O)N1CCN(c2ccc(Cl)cc2)CC1)C(=O)O,7.16,6.89,0.27,False,3.51,466.0,2.26,3,5,110.2,6,True,True,0.413,False
851,CAND-01928,O=C(O)[C@]1(NS(=O)(=O)c2ccc(-c3cc(Cl)ccc3F)s2)C[C@@H]1c1ccccc1,0.3370080163706974,7.128542905698586,0.6013863094367411,0.6715463349728119,1.0,0.577742926743414,2,0.5,-2.2640327999999994,0,0.7368421052631579,True,O=C(O)[C@]1(NS(=O)(=O)c2ccc(-c3cc(Cl)ccc3F)s2)C[C@@H]1c1ccccc1,7.24,6.63,0.61,True,3.25,451.9,4.5,2,4,83.5,6,True,True,0.566,False
852,CAND-01036,Cc1cc(OCc2ccc(Cl)cc2Cl)ccc1S(=O)(=O)N1C[C@H](O)CC(C)(C)[C@@H]1C(=O)NO,0.3369206530391891,8.13432952298031,0.9083039140894592,0.4437620216293231,0.5,0.3989644967788292,2,0.5,-3.345541900000001,2,0.7941176470588235,True,Cc1cc(OCc2ccc(Cl)cc2Cl)ccc1S(=O)(=O)N1C[C@H](O)CC(C)(C)[C@@H]1C(=O)NO,8.04,8.54,-0.5,True,3.5,517.4,3.54,3,6,116.2,6,True,True,1.05,False
853,CAND-01645,COc1cc(S(=O)(=O)N[C@@]2(C(=O)O)C[C@@H]2C(C)C)sc1-n1cc(Cl)cn1,0.3369030264752506,6.862537726245029,0.5202143480084316,0.3951500567876361,1.0,0.7123295964876182,2,0.5,-3.576349200000001,0,0.676923076923077,False,COc1cc(S(=O)(=O)N[C@@]2(C(=O)O)C[C@@H]2C(C)C)sc1-n1cc(Cl)cn1,6.64,6.45,0.19,True,4.05,419.9,2.37,2,7,110.5,7,True,True,0.686,False
854,CAND-01624,C[C@@H]1[C@H](c2ccccc2)[C@]1(NS(=O)(=O)N1CCn2c(cc3cc(Cl)cc(C#N)c32)C1)C(=O)O,0.3367552242964275,7.126567317169805,0.6007834550254628,0.4162310385371376,1.0,0.5770624036004124,2,0.5,-3.476257700000001,0,0.7205882352941176,True,C[C@@H]1[C@H](c2ccccc2)[C@]1(NS(=O)(=O)N1CCn2c(cc3cc(Cl)cc(C#N)c32)C1)C(=O)O,7.04,7.03,0.01,False,4.09,485.0,3.07,2,5,115.4,5,True,True,0.456,False
855,CAND-00859,C=CCCNc1nc(NCc2csc(-c3sccc3C(F)(F)F)n2)nc(N2CCC[C@@H]2CNS(=O)(=O)c2ccc(C(F)(F)F)cc2)n1,0.3367169818011458,6.553317127569829,0.4258551232742965,0.6494402376603389,0.5,0.0792980672133249,1,1.0,-2.368991499999999,2,0.8170731707317073,False,C=CCCNc1nc(NCc2csc(-c3sccc3C(F)(F)F)n2)nc(N2CCC[C@@H]2CNS(=O)(=O)c2ccc(C(F)(F)F)cc2)n1,6.57,5.84,0.73,False,3.87,718.8,6.64,3,11,125.0,13,False,False,0.709,False
856,CAND-01850,COc1cc(-c2ccc(Cl)cc2)sc1S(=O)(=O)N[C@@]1(C(=O)O)C[C@]1(C)c1ccccc1,0.3366596802689857,7.235981237433146,0.6341713106062474,0.6445813853445247,1.0,0.520779017449492,2,0.5,-2.3920611,0,0.6721311475409836,True,COc1cc(-c2ccc(Cl)cc2)sc1S(=O)(=O)N[C@@]1(C(=O)O)C[C@]1(C)c1ccccc1,7.24,6.73,0.51,False,3.48,478.0,4.54,2,5,92.7,7,True,True,0.839,False
857,CAND-00664,Cc1cc(Cl)c(C(F)(F)F)cc1CCC1CCN(S(=O)(=O)CC2(N(O)C=O)CCOCC2)CC1,0.3366519353401775,6.419634235776699,0.3850615471546577,0.5065447895698197,0.25,0.3137372058761621,1,1.0,-3.0474523,3,0.7428571428571429,False,Cc1cc(Cl)c(C(F)(F)F)cc1CCC1CCN(S(=O)(=O)CC2(N(O)C=O)CCOCC2)CC1,6.62,8.27,-1.65,False,3.25,527.0,4.04,1,5,87.2,8,True,True,0.769,False
858,CAND-01919,C[C@@H]1[C@H](c2cccc(C#N)c2)[C@]1(NS(=O)(=O)c1cc2[nH]c3cc(Cl)ccc3c2s1)C(=O)O,0.3364992142660271,7.500388753238066,0.7148557420837155,0.6197421520118408,1.0,0.3852351916339879,2,0.5,-2.5099966,0,0.8153846153846154,True,C[C@@H]1[C@H](c2cccc(C#N)c2)[C@]1(NS(=O)(=O)c1cc2[nH]c3cc(Cl)ccc3c2s1)C(=O)O,8.0,6.72,1.28,False,3.96,486.0,4.44,3,5,123.0,5,True,True,0.736,False
859,CAND-01920,C[C@@H]1[C@H](c2ccc(C#N)cc2)[C@]1(NS(=O)(=O)c1cc2[nH]c3cc(Cl)ccc3c2s1)C(=O)O,0.3364992142660271,7.500388753238066,0.7148557420837155,0.6197421520118408,1.0,0.3852351916339879,2,0.5,-2.5099966,0,0.8095238095238095,True,C[C@@H]1[C@H](c2ccc(C#N)cc2)[C@]1(NS(=O)(=O)c1cc2[nH]c3cc(Cl)ccc3c2s1)C(=O)O,7.99,6.7,1.29,False,3.91,486.0,4.44,3,5,123.0,5,True,True,0.761,False
860,CAND-01828,C[C@]1(c2ccc(F)cc2)C[C@@]1(NS(=O)(=O)c1ccc(-c2ccc(Cl)cc2)s1)C(=O)O,0.336490635314992,7.168986360875202,0.6137277029027169,0.6795595364528183,1.0,0.5537247305954189,2,0.5,-2.2259864999999994,0,0.8333333333333334,True,C[C@]1(c2ccc(F)cc2)C[C@@]1(NS(=O)(=O)c1ccc(-c2ccc(Cl)cc2)s1)C(=O)O,7.34,6.67,0.67,False,3.34,466.0,4.67,2,4,83.5,6,True,True,1.002,False
861,CAND-01505,COc1cnn(-c2ccc(S(=O)(=O)N[C@@]3(C(=O)O)[C@H](C)[C@@H]3c3ccccc3O)s2)c1,0.33641631059795,7.2661206511582,0.6433684071943202,0.3286814474239156,1.0,0.5038280586624666,2,0.5,-3.8919390000000016,0,0.8125,True,COc1cnn(-c2ccc(S(=O)(=O)N[C@@]3(C(=O)O)[C@H](C)[C@@H]3c3ccccc3O)s2)c1,7.51,6.72,0.79,False,4.01,449.5,2.18,3,8,130.8,7,True,True,0.632,False
862,CAND-01853,COc1cc(-c2ccc(S(=O)(=O)N[C@@]3(C(=O)O)C[C@]3(C)c3ccccc3)s2)ccc1Cl,0.3359680498604715,7.226915187151986,0.6314047889721908,0.6445813853445249,1.0,0.520779017449492,2,0.5,-2.392061099999999,0,0.7333333333333333,True,COc1cc(-c2ccc(S(=O)(=O)N[C@@]3(C(=O)O)C[C@]3(C)c3ccccc3)s2)ccc1Cl,7.29,6.71,0.58,False,3.38,478.0,4.54,2,5,92.7,7,True,True,0.898,False
863,CAND-00668,Cc1cc(Cl)cc(C#N)c1CCC1CCN(S(=O)(=O)CC2(N(O)C=O)CCOCC2)CC1,0.3359310824417146,6.352460266933149,0.3645632891163886,0.3902347590882592,0.25,0.345498126278401,1,1.0,-3.599686800000002,3,0.7083333333333334,False,Cc1cc(Cl)cc(C#N)c1CCC1CCN(S(=O)(=O)CC2(N(O)C=O)CCOCC2)CC1,6.8,7.84,-1.04,False,3.31,484.0,2.89,1,6,110.9,8,True,True,0.664,False
864,CAND-02064,Cc1ccccc1[C@H]1[C@@H](C)[C@@]1(NS(=O)(=O)N1CCN(c2ccc(Cl)cc2)CC1)C(=O)O,0.3358518151934343,6.898334890340041,0.5311379173506988,0.4115465350590594,1.0,0.6871155723717306,2,0.5,-3.498499500000001,0,0.8,False,Cc1ccccc1[C@H]1[C@@H](C)[C@@]1(NS(=O)(=O)N1CCN(c2ccc(Cl)cc2)CC1)C(=O)O,7.17,6.97,0.2,False,3.48,464.0,2.86,2,4,90.0,6,True,True,0.356,False
865,CAND-01904,C[C@@H]1[C@H](c2ccccc2O)[C@]1(NS(=O)(=O)c1cc2[nH]c3cc(Cl)ccc3c2s1)C(=O)O,0.3358074754156968,7.575270890259688,0.737706161577332,0.6064838685728214,1.0,0.3425395668090916,2,0.5,-2.5729463000000004,0,0.8225806451612904,True,C[C@@H]1[C@H](c2ccccc2O)[C@]1(NS(=O)(=O)c1cc2[nH]c3cc(Cl)ccc3c2s1)C(=O)O,8.09,6.71,1.38,True,3.92,477.0,4.28,4,5,119.5,5,True,True,0.607,False
866,CAND-01898,COc1cccc([C@H]2[C@@H](C)[C@@]2(NS(=O)(=O)c2cc3[nH]c4cc(Cl)ccc4c3s2)C(=O)O)c1,0.33559751504772,7.525716247194953,0.7225844726549302,0.633772536688183,1.0,0.3663426458932501,2,0.5,-2.443380999999999,0,0.828125,True,COc1cccc([C@H]2[C@@H](C)[C@@]2(NS(=O)(=O)c2cc3[nH]c4cc(Cl)ccc4c3s2)C(=O)O)c1,8.06,6.78,1.28,True,3.82,491.0,4.58,3,5,108.5,6,True,True,0.67,False
867,CAND-01149,Cc1cc(Cl)cnc1-c1ccc(S(=O)(=O)N[C@@]2(C(=O)O)C[C@@H]2c2ccccc2)s1,0.335534080424355,7.08056976888167,0.5867472200051099,0.6102177306954945,1.0,0.5923151694871839,2,0.5,-2.5552181,0,0.75,True,Cc1cc(Cl)cnc1-c1ccc(S(=O)(=O)N[C@@]2(C(=O)O)C[C@@H]2c2ccccc2)s1,7.17,6.82,0.35,False,3.43,449.0,4.06,2,5,96.4,6,True,True,0.487,False
868,CAND-01148,Cc1cc(S(=O)(=O)N[C@@]2(C(=O)O)C[C@@H]2c2ccccc2)sc1-c1ccc(Cl)cn1,0.335534080424355,7.08056976888167,0.5867472200051099,0.6102177306954945,1.0,0.592315169487184,2,0.5,-2.5552181,0,0.7377049180327869,True,Cc1cc(S(=O)(=O)N[C@@]2(C(=O)O)C[C@@H]2c2ccccc2)sc1-c1ccc(Cl)cn1,7.18,6.8,0.38,True,3.48,449.0,4.06,2,5,96.4,6,True,True,0.461,False
869,CAND-01651,CC(C)[C@H]1C[C@@]1(NS(=O)(=O)c1ccc(-n2cc(Cl)c(O)n2)s1)C(=O)O,0.3354401097659101,6.91504090818821,0.5362357889003354,0.3678613886722748,1.0,0.6758744169388416,2,0.5,-3.705914500000001,0,0.7333333333333333,False,CC(C)[C@H]1C[C@@]1(NS(=O)(=O)c1ccc(-n2cc(Cl)c(O)n2)s1)C(=O)O,6.48,6.32,0.16,False,4.17,405.9,2.07,3,7,121.5,6,True,True,0.671,False
870,CAND-01650,CC(C)[C@H]1C[C@@]1(NS(=O)(=O)c1ccc(-n2ncc(Cl)c2O)s1)C(=O)O,0.3354401097659101,6.91504090818821,0.5362357889003354,0.3678613886722748,1.0,0.6758744169388416,2,0.5,-3.705914500000001,0,0.6935483870967742,False,CC(C)[C@H]1C[C@@]1(NS(=O)(=O)c1ccc(-n2ncc(Cl)c2O)s1)C(=O)O,6.47,6.3,0.17,False,4.04,405.9,2.07,3,7,121.5,6,True,True,0.645,False
871,CAND-00665,Cc1cc(Cl)cc(C(F)(F)F)c1CCC1CCN(S(=O)(=O)CC2(N(O)C=O)CCOCC2)CC1,0.3352987764319753,6.410765476863601,0.3823552293382534,0.5065447895698196,0.25,0.3137372058761621,1,1.0,-3.0474523000000007,3,0.7183098591549296,False,Cc1cc(Cl)cc(C(F)(F)F)c1CCC1CCN(S(=O)(=O)CC2(N(O)C=O)CCOCC2)CC1,6.78,8.23,-1.45,False,3.3,527.0,4.04,1,5,87.2,8,True,True,0.649,False
872,CAND-01839,C[C@]1(c2ccccc2)C[C@@]1(NS(=O)(=O)c1ccc(-c2ccc(Cl)c(Cl)c2)s1)C(=O)O,0.3352718173006104,7.244848278415495,0.6368771041929779,0.7353262064016013,1.0,0.50701694168244,2,0.5,-1.961209,0,0.8,True,C[C@]1(c2ccccc2)C[C@@]1(NS(=O)(=O)c1ccc(-c2ccc(Cl)c(Cl)c2)s1)C(=O)O,7.24,6.78,0.46,False,3.37,482.4,5.19,2,4,83.5,6,True,True,0.879,False
873,CAND-01897,COc1ccccc1[C@H]1[C@@H](C)[C@@]1(NS(=O)(=O)c1cc2[nH]c3cc(Cl)ccc3c2s1)C(=O)O,0.3351174451660383,7.519423380900731,0.7206641931282031,0.633772536688183,1.0,0.3663426458932501,2,0.5,-2.443380999999999,0,0.7846153846153846,True,COc1ccccc1[C@H]1[C@@H](C)[C@@]1(NS(=O)(=O)c1cc2[nH]c3cc(Cl)ccc3c2s1)C(=O)O,8.05,6.79,1.26,False,3.84,491.0,4.58,3,5,108.5,6,True,True,0.693,False
874,CAND-00928,Cc1cc(C(F)(F)F)c(C)cc1CCC1CCN(S(=O)(=O)CC2(N(O)C=O)CCN(C(=O)C3CCC3)CC2)CC1,0.3351000479049995,6.507319273527015,0.4118187949523504,0.4685042236627268,0.25,0.2639688347627478,1,1.0,-3.228067099999997,3,0.8082191780821918,False,Cc1cc(C(F)(F)F)c(C)cc1CCC1CCN(S(=O)(=O)CC2(N(O)C=O)CCN(C(=O)C3CCC3)CC2)CC1,6.68,8.42,-1.74,False,3.28,587.7,4.31,1,5,98.2,9,True,True,0.755,False
875,CAND-01507,COc1cnn(-c2ccc(S(=O)(=O)N[C@@]3(C(=O)O)[C@H](C)[C@@H]3c3ccc(O)cc3)s2)c1,0.3350107197961903,7.247695844026215,0.6377460439872811,0.3286814474239156,1.0,0.5038280586624666,2,0.5,-3.8919390000000016,0,0.8688524590163934,True,COc1cnn(-c2ccc(S(=O)(=O)N[C@@]3(C(=O)O)[C@H](C)[C@@H]3c3ccc(O)cc3)s2)c1,7.53,6.79,0.74,False,3.95,449.5,2.18,3,8,130.8,7,True,True,0.58,False
876,CAND-00667,Cc1cc(Cl)c(C#N)cc1CCC1CCN(S(=O)(=O)CC2(N(O)C=O)CCOCC2)CC1,0.3349840478863719,6.346253293677608,0.3626692200057032,0.3902347590882591,0.25,0.345498126278401,1,1.0,-3.5996868000000024,3,0.7323943661971831,False,Cc1cc(Cl)c(C#N)cc1CCC1CCN(S(=O)(=O)CC2(N(O)C=O)CCOCC2)CC1,6.59,7.84,-1.25,False,3.26,484.0,2.89,1,6,110.9,8,True,True,0.786,False
877,CAND-01150,Cc1cc(-c2ccc(S(=O)(=O)N[C@@]3(C(=O)O)C[C@@H]3c3ccccc3)s2)ncc1Cl,0.3349347896495735,7.072714127732408,0.5843500569059836,0.6102177306954946,1.0,0.592315169487184,2,0.5,-2.5552180999999994,0,0.75,True,Cc1cc(-c2ccc(S(=O)(=O)N[C@@]3(C(=O)O)C[C@@H]3c3ccccc3)s2)ncc1Cl,7.07,6.79,0.28,False,3.41,449.0,4.06,2,5,96.4,6,True,True,0.582,False
878,CAND-01390,C[C@@H]1[C@H](c2ccccc2F)[C@]1(NS(=O)(=O)N1CCN(c2ccc(Cl)cc2)C(CO)C1)C(=O)O,0.3347698022617247,7.173725245508703,0.6151737821161892,0.2469890547557077,1.0,0.5398423782178494,2,0.5,-4.279810600000001,0,0.8253968253968254,True,C[C@@H]1[C@H](c2ccccc2F)[C@]1(NS(=O)(=O)N1CCN(c2ccc(Cl)cc2)C(CO)C1)C(=O)O,6.97,6.65,0.32,False,3.91,498.0,2.05,3,5,110.2,7,True,True,0.558,False
879,CAND-00840,C=CCCNc1nc(NCc2nc(-c3cccs3)sc2C)nc(N2CCC[C@@H]2CNS(=O)(=O)c2ccc(C(F)(F)F)cc2)n1,0.3346758229782428,6.464169123841872,0.3986514487635903,0.6125500623689898,0.5,0.1178336619881587,1,1.0,-2.5441442999999984,2,0.7976190476190477,False,C=CCCNc1nc(NCc2nc(-c3cccs3)sc2C)nc(N2CCC[C@@H]2CNS(=O)(=O)c2ccc(C(F)(F)F)cc2)n1,6.58,5.8,0.78,False,3.71,664.8,5.93,3,11,125.0,13,False,False,0.699,False
880,CAND-00865,C=CCCNc1nc(NCc2csc(-c3sccc3C#N)n2)nc(N2CCC[C@@H]2CNS(=O)(=O)c2ccc(C(F)(F)F)cc2)n1,0.3342531594323444,6.451922543870114,0.3949143827442807,0.5331302071787789,0.5,0.1226532268673467,1,1.0,-2.9212259999999985,2,0.788235294117647,False,C=CCCNc1nc(NCc2csc(-c3sccc3C#N)n2)nc(N2CCC[C@@H]2CNS(=O)(=O)c2ccc(C(F)(F)F)cc2)n1,6.46,5.83,0.63,False,3.81,675.8,5.49,3,12,148.8,13,False,False,0.792,False
881,CAND-02066,Cc1ccc([C@H]2[C@@H](C)[C@@]2(NS(=O)(=O)N2CCN(c3ccc(Cl)cc3)CC2)C(=O)O)cc1,0.334107259376513,6.875466851919816,0.5241596940830135,0.4115465350590594,1.0,0.6871155723717306,2,0.5,-3.498499500000001,0,0.8461538461538461,False,Cc1ccc([C@H]2[C@@H](C)[C@@]2(NS(=O)(=O)N2CCN(c3ccc(Cl)cc3)CC2)C(=O)O)cc1,7.11,7.0,0.11,False,3.38,464.0,2.86,2,4,90.0,6,True,True,0.392,False
882,CAND-01860,C[C@]1(c2ccccc2)C[C@@]1(NS(=O)(=O)c1ccc(-c2ccc(Cl)c(O)c2)s1)C(=O)O,0.3340648775238058,7.229118947479478,0.6320772704203635,0.6172927172291636,1.0,0.5069703994580995,2,0.5,-2.5216264,0,0.7719298245614035,True,C[C@]1(c2ccccc2)C[C@@]1(NS(=O)(=O)c1ccc(-c2ccc(Cl)c(O)c2)s1)C(=O)O,7.37,6.78,0.59,False,3.47,464.0,4.24,3,5,103.7,6,True,True,0.92,False
883,CAND-00314,O=C(O)[C@]1(NS(=O)(=O)c2sc(-n3cc(Cl)cn3)cc2Cl)C[C@@H]1C1CCCCC1,0.334058669997173,6.899554387675713,0.5315100491674418,0.5726389006629697,1.0,0.6745410513687508,2,0.5,-2.7336406000000006,0,0.734375,False,O=C(O)[C@]1(NS(=O)(=O)c2sc(-n3cc(Cl)cn3)cc2Cl)C[C@@H]1C1CCCCC1,6.79,6.94,-0.15,False,4.04,464.4,3.94,2,6,101.3,6,True,True,0.616,False
884,CAND-01491,COc1cnn(-c2ccc(S(=O)(=O)N[C@@]3(C(=O)O)[C@H](C)[C@@H]3c3ccccc3C)s2)c1,0.3340511891355829,7.092697594130628,0.5904480478060571,0.4213595860531458,1.0,0.5762611812271246,2,0.5,-3.451907600000001,0,0.8125,True,COc1cnn(-c2ccc(S(=O)(=O)N[C@@]3(C(=O)O)[C@H](C)[C@@H]3c3ccccc3C)s2)c1,7.54,7.02,0.52,False,3.98,447.5,2.79,2,7,110.5,7,True,True,0.601,False
885,CAND-00936,Cc1c(CCC2CCN(S(=O)(=O)CC3(N(O)C=O)CCN(C(=O)C4CCC4)CC3)CC2)ccc(C(F)(F)F)c1C(F)(F)F,0.3339837113209805,6.671076420626575,0.4617895844508167,0.505394398954075,0.25,0.176963063651907,1,1.0,-3.0529143000000016,3,0.7631578947368421,False,Cc1c(CCC2CCN(S(=O)(=O)CC3(N(O)C=O)CCN(C(=O)C4CCC4)CC3)CC2)ccc(C(F)(F)F)c1C(F)(F)F,6.76,8.47,-1.71,False,3.48,641.7,5.02,1,5,98.2,9,False,True,0.807,False
886,CAND-01147,Cc1cc(-c2ccc(Cl)cn2)sc1S(=O)(=O)N[C@@]1(C(=O)O)C[C@@H]1c1ccccc1,0.333931460547062,7.059562259364646,0.5803367404959376,0.6102177306954943,1.0,0.5923151694871839,2,0.5,-2.5552181000000003,0,0.7377049180327869,True,Cc1cc(-c2ccc(Cl)cn2)sc1S(=O)(=O)N[C@@]1(C(=O)O)C[C@@H]1c1ccccc1,7.16,6.77,0.39,True,3.48,449.0,4.06,2,5,96.4,6,True,True,0.453,False
887,CAND-01046,CC1(C)C[C@@H](O)CN(S(=O)(=O)c2ccc(OCc3ccc(Cl)cc3Cl)cc2O)[C@H]1C(=O)NO,0.3337466851555751,8.207869706264587,0.9307448339739696,0.3510838830000929,0.5,0.3404031777472183,2,0.5,-3.7855733000000016,2,0.8059701492537313,True,CC1(C)C[C@@H](O)CN(S(=O)(=O)c2ccc(OCc3ccc(Cl)cc3Cl)cc2O)[C@H]1C(=O)NO,8.07,8.37,-0.3,False,3.62,519.4,2.93,4,7,136.4,6,True,True,1.017,False
888,CAND-01637,CC(C)[C@H]1C[C@@]1(NS(=O)(=O)c1cc(Cl)c(-n2cc(Cl)cn2)s1)C(=O)O,0.3336636070981337,6.7606230509848215,0.4891149005984437,0.4858948778447128,1.0,0.7425658796568186,2,0.5,-3.145497100000001,0,0.7213114754098361,False,CC(C)[C@H]1C[C@@]1(NS(=O)(=O)c1cc(Cl)c(-n2cc(Cl)cn2)s1)C(=O)O,6.57,6.57,0.0,False,4.07,424.3,3.02,2,6,101.3,6,True,True,0.657,False
889,CAND-00861,C=CCCNc1nc(NCc2csc(-c3ccc(C(F)(F)F)s3)n2)nc(N2CCC[C@@H]2CNS(=O)(=O)c2ccc(C(F)(F)F)cc2)n1,0.3336352102534871,6.533118842863014,0.4196915801789792,0.6494402376603389,0.5,0.0792980672133249,1,1.0,-2.368991499999999,2,0.85,False,C=CCCNc1nc(NCc2csc(-c3ccc(C(F)(F)F)s3)n2)nc(N2CCC[C@@H]2CNS(=O)(=O)c2ccc(C(F)(F)F)cc2)n1,6.58,5.86,0.72,False,3.84,718.8,6.64,3,11,125.0,13,False,False,0.696,False
890,CAND-00755,CCCCNc1nc(NCc2csc(-c3ccc(C)s3)n2)nc(N2CCC[C@@H]2CNS(=O)(=O)c2cccc(C#N)c2)n1,0.3333432964828396,6.018075864440536,0.262525284153039,0.5271464910400854,0.75,0.1736021813544003,1,1.0,-2.9496363999999984,1,0.8536585365853658,False,CCCCNc1nc(NCc2csc(-c3ccc(C)s3)n2)nc(N2CCC[C@@H]2CNS(=O)(=O)c2cccc(C#N)c2)n1,5.89,5.91,-0.02,False,3.53,623.8,5.01,3,12,148.8,13,False,False,0.589,False
891,CAND-00754,CCCCNc1nc(NCc2csc(-c3cc(C)cs3)n2)nc(N2CCC[C@@H]2CNS(=O)(=O)c2cccc(C#N)c2)n1,0.3333432964828396,6.018075864440536,0.262525284153039,0.5271464910400855,0.75,0.1736021813544003,1,1.0,-2.949636399999998,1,0.8433734939759037,False,CCCCNc1nc(NCc2csc(-c3cc(C)cs3)n2)nc(N2CCC[C@@H]2CNS(=O)(=O)c2cccc(C#N)c2)n1,5.89,5.92,-0.03,False,3.59,623.8,5.01,3,12,148.8,13,False,False,0.594,False
892,CAND-01847,COc1ccccc1[C@@]1(C)C[C@@]1(NS(=O)(=O)c1ccc(-c2ccc(Cl)cc2)s1)C(=O)O,0.3332560176639762,7.191365246092612,0.6205566601862098,0.6445813853445249,1.0,0.520779017449492,2,0.5,-2.392061099999999,0,0.7457627118644068,True,COc1ccccc1[C@@]1(C)C[C@@]1(NS(=O)(=O)c1ccc(-c2ccc(Cl)cc2)s1)C(=O)O,7.29,6.53,0.76,False,3.37,478.0,4.54,2,5,92.7,7,True,True,0.819,False
893,CAND-00350,Cc1cc(CCC2CCN(S(=O)(=O)CC3(N(O)C=O)CCOCC3)CC2)c(C)nc1C#N,0.333253103737795,6.317954926626133,0.354033922138552,0.2731394848621585,0.25,0.35412047556173,1,1.0,-4.155649600000003,3,0.7083333333333334,False,Cc1cc(CCC2CCN(S(=O)(=O)CC3(N(O)C=O)CCOCC3)CC2)c(C)nc1C#N,6.08,7.66,-1.58,False,3.42,464.6,1.94,1,7,123.8,8,True,True,0.536,False
894,CAND-00934,Cc1cc(C(F)(F)F)c(O)cc1CCC1CCN(S(=O)(=O)CC2(N(O)C=O)CCN(C(=O)C3CCC3)CC2)CC1,0.3332286549323168,6.507319273527015,0.4118187949523504,0.3758260850334965,0.25,0.2577308581871388,1,1.0,-3.668098499999998,3,0.7866666666666666,False,Cc1cc(C(F)(F)F)c(O)cc1CCC1CCN(S(=O)(=O)CC2(N(O)C=O)CCN(C(=O)C3CCC3)CC2)CC1,6.61,8.42,-1.81,False,3.33,589.7,3.7,2,6,118.5,9,True,True,0.741,False
895,CAND-01913,C[C@@H]1[C@H](c2ccc(C(F)(F)F)cc2)[C@]1(NS(=O)(=O)c1cc2[nH]c3cc(Cl)ccc3c2s1)C(=O)O,0.3332146608872767,7.596879056398212,0.7442999325404985,0.7360521824934008,1.0,0.3142645183476803,2,0.5,-1.9577621000000005,0,0.8095238095238095,True,C[C@@H]1[C@H](c2ccc(C(F)(F)F)cc2)[C@]1(NS(=O)(=O)c1cc2[nH]c3cc(Cl)ccc3c2s1)C(=O)O,8.01,6.85,1.16,False,3.91,529.0,5.59,3,4,99.3,5,False,True,0.709,False
896,CAND-01393,C[C@@H]1[C@H](c2ccccc2)[C@]1(NS(=O)(=O)N1CCN(c2ccc(Cl)cc2F)C(CO)C1)C(=O)O,0.3331986198986331,7.153129826149886,0.6088890526638229,0.2469890547557077,1.0,0.5398423782178494,2,0.5,-4.279810600000001,0,0.7692307692307693,True,C[C@@H]1[C@H](c2ccccc2)[C@]1(NS(=O)(=O)N1CCN(c2ccc(Cl)cc2F)C(CO)C1)C(=O)O,7.13,6.69,0.44,False,3.9,498.0,2.05,3,5,110.2,7,True,True,0.581,False
897,CAND-01866,C[C@]1(c2ccccc2)C[C@@]1(NS(=O)(=O)c1ccc(-c2ccc(Cl)cc2C(F)(F)F)s1)C(=O)O,0.3331427755918288,7.327847719648254,0.6622045337421195,0.7468610311497428,1.0,0.4506109477086596,2,0.5,-1.9064422,0,0.6935483870967742,True,C[C@]1(c2ccccc2)C[C@@]1(NS(=O)(=O)c1ccc(-c2ccc(Cl)cc2C(F)(F)F)s1)C(=O)O,7.37,6.78,0.59,False,3.54,516.0,5.55,2,4,83.5,6,False,True,0.79,False
898,CAND-02060,C[C@@H]1[C@H](c2cccc(Cl)c2)[C@]1(NS(=O)(=O)N1CCN(c2ccc(Cl)cc2)CC1)C(=O)O,0.3330917642798646,6.920189612884737,0.537806925446965,0.4369018856022672,1.0,0.6576002194541557,2,0.5,-3.3781135000000013,0,0.8679245283018868,False,C[C@@H]1[C@H](c2cccc(Cl)c2)[C@]1(NS(=O)(=O)N1CCN(c2ccc(Cl)cc2)CC1)C(=O)O,7.09,7.01,0.08,False,3.44,484.4,3.21,2,4,90.0,6,True,True,0.41,False
899,CAND-00931,COc1cc(CCC2CCN(S(=O)(=O)CC3(N(O)C=O)CCN(C(=O)C4CCC4)CC3)CC2)c(C)cc1C(F)(F)F,0.333029487073749,6.528683595944533,0.4183381565632001,0.4031147531488568,0.25,0.2462013626404965,1,1.0,-3.5385332000000025,3,0.7564102564102564,False,COc1cc(CCC2CCN(S(=O)(=O)CC3(N(O)C=O)CCN(C(=O)C4CCC4)CC3)CC2)c(C)cc1C(F)(F)F,6.67,8.38,-1.71,False,3.27,603.7,4.01,1,6,107.5,10,True,True,0.77,False
900,CAND-00322,COc1cc(-n2cc(Cl)cn2)sc1S(=O)(=O)N[C@@]1(C(=O)O)C[C@@H]1C1CCCCC1,0.3330261734309288,6.920918710093231,0.5380294107782916,0.4818940796058931,1.0,0.6567921382423728,2,0.5,-3.1644927000000007,0,0.6811594202898551,False,COc1cc(-n2cc(Cl)cn2)sc1S(=O)(=O)N[C@@]1(C(=O)O)C[C@@H]1C1CCCCC1,6.89,6.85,0.04,False,3.94,460.0,3.3,2,7,110.5,7,True,True,0.645,False
901,CAND-01931,O=C(O)[C@]1(NS(=O)(=O)c2ccc(-c3cccc(Cl)c3F)s2)C[C@@H]1c1ccccc1,0.3329969177549279,7.0759645035844025,0.5853419149736634,0.6715463349728119,1.0,0.577742926743414,2,0.5,-2.2640327999999994,0,0.7068965517241379,True,O=C(O)[C@]1(NS(=O)(=O)c2ccc(-c3cccc(Cl)c3F)s2)C[C@@H]1c1ccccc1,7.19,6.62,0.57,False,3.3,451.9,4.5,2,4,83.5,6,True,True,0.627,False
902,CAND-01604,C[C@@H]1[C@H](c2ccccc2O)[C@]1(NS(=O)(=O)N1CCn2c(cc3cc(Cl)ccc32)C1)C(=O)O,0.3327837446148373,7.176883281687463,0.616137462565638,0.4029727550981182,1.0,0.524995859822852,2,0.5,-3.539207400000002,0,0.8253968253968254,True,C[C@@H]1[C@H](c2ccccc2O)[C@]1(NS(=O)(=O)N1CCn2c(cc3cc(Cl)ccc32)C1)C(=O)O,7.19,6.97,0.22,False,3.95,476.0,2.91,3,5,111.9,5,True,True,0.471,False
903,CAND-00459,C=CCCNc1nc(NCc2csc(-c3ccccc3)n2)nc(N2CCC[C@@H]2CNS(=O)(=O)c2ccccc2F)n1,0.3327624860192727,6.38946532877307,0.3758554506393061,0.515698651155419,0.5,0.1494492023320656,1,1.0,-3.0039902,2,0.8243243243243243,False,C=CCCNc1nc(NCc2csc(-c3ccccc3)n2)nc(N2CCC[C@@H]2CNS(=O)(=O)c2ccccc2F)n1,6.79,5.67,1.12,False,3.39,594.7,4.68,3,10,125.0,13,True,False,0.61,False
904,CAND-00761,CCCCNc1nc(NCc2csc(-c3sccc3OC)n2)nc(N2CCC[C@@H]2CNS(=O)(=O)c2cccc(C#N)c2)n1,0.3323848447177155,6.030360209968548,0.266273874400117,0.4617570205262165,0.75,0.1641596917255234,1,1.0,-3.260102499999999,1,0.7954545454545454,False,CCCCNc1nc(NCc2csc(-c3sccc3OC)n2)nc(N2CCC[C@@H]2CNS(=O)(=O)c2cccc(C#N)c2)n1,5.78,5.86,-0.08,False,3.63,639.8,4.71,3,13,158.1,14,False,False,0.626,False
905,CAND-01051,CC1(C)C[C@@H](O)CN(S(=O)(=O)c2ccc(OCc3ccc(Cl)cc3Cl)cc2C(F)(F)F)[C@H]1C(=O)NO,0.3323542678908452,8.164837017603991,0.9176133312292112,0.4806521969206726,0.5,0.3530062338902827,2,0.5,-3.1703891,2,0.75,True,CC1(C)C[C@@H](O)CN(S(=O)(=O)c2ccc(OCc3ccc(Cl)cc3Cl)cc2C(F)(F)F)[C@H]1C(=O)NO,8.0,8.48,-0.48,False,3.65,571.4,4.25,3,6,116.2,6,True,True,1.046,False
906,CAND-01052,CC1(C)C[C@@H](O)CN(S(=O)(=O)c2ccc(OCc3ccc(Cl)cc3Cl)c(C(F)(F)F)c2)[C@H]1C(=O)NO,0.3323542678908452,8.164837017603991,0.9176133312292112,0.4806521969206726,0.5,0.3530062338902827,2,0.5,-3.1703891,2,0.75,True,CC1(C)C[C@@H](O)CN(S(=O)(=O)c2ccc(OCc3ccc(Cl)cc3Cl)c(C(F)(F)F)c2)[C@H]1C(=O)NO,8.06,8.48,-0.42,False,3.61,571.4,4.25,3,6,116.2,6,True,True,1.022,False
907,CAND-00021,O=CN(O)C1(CS(=O)(=O)N2CCC(CCc3ccccc3Cl)CC2)CCOCC1,0.3322917980562203,6.264389179405963,0.3376882375313342,0.4134562845774044,0.25,0.3781589309685105,1,1.0,-3.489432100000001,3,0.8032786885245902,False,O=CN(O)C1(CS(=O)(=O)N2CCC(CCc3ccccc3Cl)CC2)CCOCC1,6.5,7.47,-0.97,False,2.95,445.0,2.71,1,5,87.2,8,True,True,0.769,False
908,CAND-00850,C=CCCNc1nc(NCc2csc(-c3cccs3)n2)nc(N2CCC[C@@H]2CNS(=O)(=O)c2ccc(C(F)(F)F)cc2OC)n1,0.3322806189312323,6.456666032713912,0.3963618669408492,0.5471605918551207,0.5,0.1136656182026923,1,1.0,-2.8546103999999994,2,0.7931034482758621,False,C=CCCNc1nc(NCc2csc(-c3cccs3)n2)nc(N2CCC[C@@H]2CNS(=O)(=O)c2ccc(C(F)(F)F)cc2OC)n1,6.61,5.8,0.81,False,3.7,680.8,5.63,3,12,134.3,14,False,False,0.767,False
909,CAND-00848,C=CCCNc1nc(NCc2csc(-c3cc(OC)cs3)n2)nc(N2CCC[C@@H]2CNS(=O)(=O)c2ccc(C(F)(F)F)cc2)n1,0.3322806189312323,6.456666032713912,0.3963618669408492,0.5471605918551206,0.5,0.1136656182026923,1,1.0,-2.8546104000000003,2,0.788235294117647,False,C=CCCNc1nc(NCc2csc(-c3cc(OC)cs3)n2)nc(N2CCC[C@@H]2CNS(=O)(=O)c2ccc(C(F)(F)F)cc2)n1,6.56,5.95,0.61,False,3.76,680.8,5.63,3,12,134.3,14,False,False,0.763,False
910,CAND-01946,Cc1ccc(Cl)cc1-c1ccc(S(=O)(=O)N[C@@]2(C(=O)O)C[C@@H]2c2ccccc2)s1,0.3322764795968503,7.0720654982355855,0.5841521264423531,0.7019576543783872,1.0,0.5749229865750805,2,0.5,-2.1196413,0,0.7368421052631579,True,Cc1ccc(Cl)cc1-c1ccc(S(=O)(=O)N[C@@]2(C(=O)O)C[C@@H]2c2ccccc2)s1,7.13,6.62,0.51,False,3.23,448.0,4.67,2,4,83.5,6,True,True,0.478,False
911,CAND-01625,O=C(O)[C@]1(NS(=O)(=O)N2CCn3c(cc4cc(Cl)ccc43)C2)[C@H](CF)[C@@H]1c1ccccc1,0.332267270399595,7.081183970906825,0.5869346448635188,0.4369020962193704,1.0,0.5702240612247691,2,0.5,-3.3781125,0,0.765625,True,O=C(O)[C@]1(NS(=O)(=O)N2CCn3c(cc4cc(Cl)ccc43)C2)[C@H](CF)[C@@H]1c1ccccc1,7.09,6.91,0.18,False,4.02,477.9,3.15,2,4,91.6,6,True,True,0.492,False
912,CAND-01653,CC(C)[C@H]1C[C@@]1(NS(=O)(=O)c1cc(C(F)(F)F)c(-n2cc(Cl)cn2)s1)C(=O)O,0.3322329701676473,6.841173403827511,0.5136949863975818,0.4974297025928544,1.0,0.6920614904550128,2,0.5,-3.0907303,0,0.6666666666666666,False,CC(C)[C@H]1C[C@@]1(NS(=O)(=O)c1cc(C(F)(F)F)c(-n2cc(Cl)cn2)s1)C(=O)O,6.86,6.56,0.3,True,4.14,457.9,3.38,2,6,101.3,6,True,True,0.791,False
913,CAND-01607,C[C@@H]1[C@H](c2ccccc2)[C@]1(NS(=O)(=O)N1CCn2c(c(O)c3cc(Cl)ccc32)C1)C(=O)O,0.3322086040423701,7.1693442069380975,0.6138369002757692,0.4029727550981182,1.0,0.524995859822852,2,0.5,-3.539207400000002,0,0.7121212121212122,True,C[C@@H]1[C@H](c2ccccc2)[C@]1(NS(=O)(=O)N1CCn2c(c(O)c3cc(Cl)ccc32)C1)C(=O)O,7.23,6.95,0.28,False,3.87,476.0,2.91,3,5,111.9,5,True,True,0.535,False
914,CAND-01609,C[C@@H]1[C@H](c2ccccc2)[C@]1(NS(=O)(=O)N1CCn2c(cc3cc(Cl)c(O)cc32)C1)C(=O)O,0.3322086040423701,7.1693442069380975,0.6138369002757692,0.4029727550981182,1.0,0.524995859822852,2,0.5,-3.539207400000002,0,0.7936507936507936,True,C[C@@H]1[C@H](c2ccccc2)[C@]1(NS(=O)(=O)N1CCn2c(cc3cc(Cl)c(O)cc32)C1)C(=O)O,7.12,6.98,0.14,False,3.98,476.0,2.91,3,5,111.9,5,True,True,0.46,False
915,CAND-01608,C[C@@H]1[C@H](c2ccccc2)[C@]1(NS(=O)(=O)N1CCn2c(cc3c(O)c(Cl)ccc32)C1)C(=O)O,0.3322086040423701,7.1693442069380975,0.6138369002757692,0.4029727550981182,1.0,0.524995859822852,2,0.5,-3.539207400000002,0,0.7384615384615385,True,C[C@@H]1[C@H](c2ccccc2)[C@]1(NS(=O)(=O)N1CCn2c(cc3c(O)c(Cl)ccc32)C1)C(=O)O,7.17,6.96,0.21,False,3.95,476.0,2.91,3,5,111.9,5,True,True,0.519,False
916,CAND-01903,COc1cc(Cl)cc2[nH]c3cc(S(=O)(=O)N[C@@]4(C(=O)O)[C@H](C)[C@@H]4c4ccccc4)sc3c12,0.3320469796917302,7.479175014093893,0.7083823312309706,0.633772536688183,1.0,0.3663426458932501,2,0.5,-2.443380999999999,0,0.7121212121212122,True,COc1cc(Cl)cc2[nH]c3cc(S(=O)(=O)N[C@@]4(C(=O)O)[C@H](C)[C@@H]4c4ccccc4)sc3c12,7.77,6.77,1.0,False,3.92,491.0,4.58,3,5,108.5,6,True,True,0.821,False
917,CAND-01611,C[C@@H]1[C@H](c2ccccc2C(F)(F)F)[C@]1(NS(=O)(=O)N1CCn2c(cc3cc(Cl)ccc32)C1)C(=O)O,0.331969679306328,7.176883281687463,0.616137462565638,0.5325410690186978,1.0,0.5195687577661233,2,0.5,-2.924023200000001,0,0.7761194029850746,True,C[C@@H]1[C@H](c2ccccc2C(F)(F)F)[C@]1(NS(=O)(=O)N1CCn2c(cc3cc(Cl)ccc32)C1)C(=O)O,7.13,6.82,0.31,False,4.0,528.0,4.22,2,4,91.6,5,True,True,0.491,False
918,CAND-01136,O=C(O)[C@]1(NS(=O)(=O)c2ccc(-c3ccc(Cl)cn3)s2)C[C@@H]1c1ccccc1F,0.3319211180225075,7.035688263336883,0.5730515474456139,0.579806411289919,1.0,0.5910548744073602,2,0.5,-2.6996096,0,0.7833333333333333,True,O=C(O)[C@]1(NS(=O)(=O)c2ccc(-c3ccc(Cl)cn3)s2)C[C@@H]1c1ccccc1F,7.2,6.79,0.41,False,3.39,452.9,3.89,2,5,96.4,6,True,True,0.615,False
919,CAND-00792,N#Cc1cccc(S(=O)(=O)NC[C@H]2CCCN2c2nc(NCCCCF)nc(NCc3csc(-c4cccs4)n3)n2)c1,0.3318869574149439,6.018075864440536,0.262525284153039,0.468397693532107,0.75,0.168747717794748,1,1.0,-3.2285728999999987,1,0.8658536585365854,False,N#Cc1cccc(S(=O)(=O)NC[C@H]2CCCN2c2nc(NCCCCF)nc(NCc3csc(-c4cccs4)n3)n2)c1,5.94,5.82,0.12,False,3.59,627.8,4.65,3,12,148.8,14,False,False,0.72,False
920,CAND-01872,C[C@]1(c2ccccc2)C[C@@]1(NS(=O)(=O)c1cc(C#N)c(-c2ccc(Cl)cc2)s1)C(=O)O,0.3318325776697116,7.110617705572055,0.5959164022106695,0.6305510006681827,1.0,0.5523565141136285,2,0.5,-2.4586766999999994,0,0.6721311475409836,True,C[C@]1(c2ccccc2)C[C@@]1(NS(=O)(=O)c1cc(C#N)c(-c2ccc(Cl)cc2)s1)C(=O)O,7.38,6.81,0.57,False,3.63,473.0,4.4,2,5,107.3,6,True,True,0.845,False
921,CAND-01871,C[C@]1(c2ccccc2)C[C@@]1(NS(=O)(=O)c1sc(-c2ccc(Cl)cc2)cc1C#N)C(=O)O,0.3318325776697116,7.110617705572055,0.5959164022106695,0.6305510006681828,1.0,0.5523565141136285,2,0.5,-2.458676699999999,0,0.6612903225806451,True,C[C@]1(c2ccccc2)C[C@@]1(NS(=O)(=O)c1sc(-c2ccc(Cl)cc2)cc1C#N)C(=O)O,7.3,6.82,0.48,False,3.62,473.0,4.4,2,5,107.3,6,True,True,0.875,False
922,CAND-00866,C=CCCNc1nc(NCc2csc(-c3cc(C#N)cs3)n2)nc(N2CCC[C@@H]2CNS(=O)(=O)c2ccc(C(F)(F)F)cc2)n1,0.3317172207252037,6.435301710296394,0.3898425053299994,0.5331302071787788,0.5,0.1226532268673467,1,1.0,-2.921225999999999,2,0.788235294117647,False,C=CCCNc1nc(NCc2csc(-c3cc(C#N)cs3)n2)nc(N2CCC[C@@H]2CNS(=O)(=O)c2ccc(C(F)(F)F)cc2)n1,6.45,5.9,0.55,False,3.8,675.8,5.49,3,12,148.8,13,False,False,0.797,False
923,CAND-01912,C[C@@H]1[C@H](c2cccc(C(F)(F)F)c2)[C@]1(NS(=O)(=O)c1cc2[nH]c3cc(Cl)ccc3c2s1)C(=O)O,0.3315852035747784,7.575519755615228,0.7377821032905055,0.7360521824934008,1.0,0.3142645183476803,2,0.5,-1.9577621000000005,0,0.8153846153846154,True,C[C@@H]1[C@H](c2cccc(C(F)(F)F)c2)[C@]1(NS(=O)(=O)c1cc2[nH]c3cc(Cl)ccc3c2s1)C(=O)O,8.02,6.87,1.15,False,3.94,529.0,5.59,3,4,99.3,5,False,True,0.679,False
924,CAND-01893,Cc1c(S(=O)(=O)N[C@@]2(C(=O)O)[C@H](C)[C@@H]2c2ccccc2)sc2c1[nH]c1cc(Cl)ccc12,0.3315039320282007,7.438239740940325,0.6958908586201569,0.6991620072020517,1.0,0.3835414491544096,2,0.5,-2.1329148999999994,0,0.7076923076923077,True,Cc1c(S(=O)(=O)N[C@@]2(C(=O)O)[C@H](C)[C@@H]2c2ccccc2)sc2c1[nH]c1cc(Cl)ccc12,7.83,6.84,0.99,False,3.88,475.0,4.88,3,4,99.3,5,True,True,0.647,False
925,CAND-00721,COc1ccc(C(NC(=O)COc2cc(N(C)C)ccc2OC)c2cc(Cl)c3cccnc3c2O)cc1,0.3314630372250432,6.043054433699604,0.2701475397218838,0.6510243731376844,0.5,0.3212975578803377,1,1.0,-2.361470099999998,2,0.8142857142857143,False,COc1ccc(C(NC(=O)COc2cc(N(C)C)ccc2OC)c2cc(Cl)c3cccnc3c2O)cc1,5.77,6.72,-0.95,False,2.94,522.0,4.96,2,7,93.2,9,True,True,0.333,False
926,CAND-01610,C[C@@H]1[C@H](c2ccccc2)[C@]1(NS(=O)(=O)N1CCn2c(cc3cc(Cl)cc(O)c32)C1)C(=O)O,0.3314626495426648,7.159566063989881,0.6108530822769481,0.4029727550981182,1.0,0.524995859822852,2,0.5,-3.539207400000002,0,0.765625,True,C[C@@H]1[C@H](c2ccccc2)[C@]1(NS(=O)(=O)N1CCn2c(cc3cc(Cl)cc(O)c32)C1)C(=O)O,7.08,6.96,0.12,False,4.04,476.0,2.91,3,5,111.9,5,True,True,0.487,False
927,CAND-00851,C=CCCNc1nc(NCc2csc(-c3cccs3)n2)nc(N2CCC[C@@H]2CNS(=O)(=O)c2ccc(C(F)(F)F)c(OC)c2)n1,0.331435019830861,6.451123879081498,0.3946706687401066,0.5471605918551206,0.5,0.1136656182026923,1,1.0,-2.8546104000000003,2,0.8023255813953488,False,C=CCCNc1nc(NCc2csc(-c3cccs3)n2)nc(N2CCC[C@@H]2CNS(=O)(=O)c2ccc(C(F)(F)F)c(OC)c2)n1,6.62,5.75,0.87,False,3.71,680.8,5.63,3,12,134.3,14,False,False,0.795,False
928,CAND-01616,C[C@@H]1[C@H](c2ccccc2)[C@]1(NS(=O)(=O)N1CCn2c(cc3cc(Cl)c(C(F)(F)F)cc32)C1)C(=O)O,0.3313945387338608,7.1693442069380975,0.6138369002757692,0.5325410690186979,1.0,0.5195687577661233,2,0.5,-2.9240232,0,0.746268656716418,True,C[C@@H]1[C@H](c2ccccc2)[C@]1(NS(=O)(=O)N1CCn2c(cc3cc(Cl)c(C(F)(F)F)cc32)C1)C(=O)O,7.05,6.83,0.22,False,4.03,528.0,4.22,2,4,91.6,5,True,True,0.477,False
929,CAND-01615,C[C@@H]1[C@H](c2ccccc2)[C@]1(NS(=O)(=O)N1CCn2c(cc3c(C(F)(F)F)c(Cl)ccc32)C1)C(=O)O,0.3313945387338608,7.1693442069380975,0.6138369002757692,0.5325410690186979,1.0,0.5195687577661233,2,0.5,-2.9240232,0,0.6956521739130435,True,C[C@@H]1[C@H](c2ccccc2)[C@]1(NS(=O)(=O)N1CCn2c(cc3c(C(F)(F)F)c(Cl)ccc32)C1)C(=O)O,7.08,6.86,0.22,False,4.07,528.0,4.22,2,4,91.6,5,True,True,0.524,False
930,CAND-00777,CCCCNc1nc(NCc2csc(-c3sccc3C(F)(F)F)n2)nc(N2CCC[C@@H]2CNS(=O)(=O)c2cccc(C#N)c2)n1,0.3307154602151197,6.04697295631422,0.2713432839821384,0.5640366663314349,0.75,0.1501460607468351,1,1.0,-2.7744835999999973,1,0.7865168539325843,False,CCCCNc1nc(NCc2csc(-c3sccc3C(F)(F)F)n2)nc(N2CCC[C@@H]2CNS(=O)(=O)c2cccc(C#N)c2)n1,5.81,5.75,0.06,False,3.75,677.8,5.72,3,12,148.8,13,False,False,0.521,False
931,CAND-01617,C[C@@H]1[C@H](c2ccccc2)[C@]1(NS(=O)(=O)N1CCn2c(cc3cc(Cl)cc(C(F)(F)F)c32)C1)C(=O)O,0.3306485842341555,7.159566063989881,0.6108530822769481,0.5325410690186979,1.0,0.5195687577661233,2,0.5,-2.9240232,0,0.7205882352941176,True,C[C@@H]1[C@H](c2ccccc2)[C@]1(NS(=O)(=O)N1CCn2c(cc3cc(Cl)cc(C(F)(F)F)c32)C1)C(=O)O,7.01,6.82,0.19,False,4.09,528.0,4.22,2,4,91.6,5,True,True,0.525,False
932,CAND-01918,C[C@@H]1[C@H](c2ccccc2C#N)[C@]1(NS(=O)(=O)c1cc2[nH]c3cc(Cl)ccc3c2s1)C(=O)O,0.3305848392575745,7.42286176693413,0.6911982420499054,0.6197421520118408,1.0,0.3852351916339879,2,0.5,-2.5099966,0,0.7727272727272727,True,C[C@@H]1[C@H](c2ccccc2C#N)[C@]1(NS(=O)(=O)c1cc2[nH]c3cc(Cl)ccc3c2s1)C(=O)O,8.01,6.68,1.33,True,3.99,486.0,4.44,3,5,123.0,5,True,True,0.744,False
933,CAND-00319,Cc1cc(S(=O)(=O)N[C@@]2(C(=O)O)C[C@@H]2C2CCCCC2)sc1-n1cc(Cl)cn1,0.3304750595035221,6.783283293431529,0.4960297145491301,0.5472835501197619,1.0,0.7097842057749307,2,0.5,-2.8540266000000005,0,0.7121212121212122,False,Cc1cc(S(=O)(=O)N[C@@]2(C(=O)O)C[C@@H]2C2CCCCC2)sc1-n1cc(Cl)cn1,6.82,6.94,-0.12,False,3.92,444.0,3.6,2,6,101.3,6,True,True,0.625,False
934,CAND-00090,COCc1onc(N2CCN(S(=O)(=O)N[C@@]3(C(=O)O)[C@H](C)[C@@H]3c3ccccc3)C[C@H]2C)c1Cl,0.3304261424595259,7.064739613996336,0.5819166196220792,0.2491120119672637,1.0,0.5663132503600412,2,0.5,-4.269730900000001,0,0.7027027027027027,True,COCc1onc(N2CCN(S(=O)(=O)N[C@@]3(C(=O)O)[C@H](C)[C@@H]3c3ccccc3)C[C@H]2C)c1Cl,6.91,6.69,0.22,False,4.24,499.0,2.08,2,7,125.2,8,True,True,0.479,False
935,CAND-00809,C=CCCNc1nc(NCc2cccc(OC)c2)nc(N2CCC[C@@H]2CNS(=O)(=O)c2ccc(C(F)(F)F)cc2)n1,0.3303916476497622,6.28316540958953,0.3434178381179108,0.4844869235738981,0.5,0.1956090953026894,1,1.0,-3.152182000000001,2,0.8026315789473685,False,C=CCCNc1nc(NCc2cccc(OC)c2)nc(N2CCC[C@@H]2CNS(=O)(=O)c2ccc(C(F)(F)F)cc2)n1,6.45,6.16,0.29,False,3.31,591.7,4.45,3,9,121.4,13,True,False,0.643,False
936,CAND-00191,CC(=O)N1CCC(CS(=O)(=O)N2CCC(CCc3c(C)noc3CF)CC2)(N(O)C=O)CC1,0.3302508920963594,6.368551714500148,0.3694736234336275,0.1995898021304969,0.25,0.3183802679318188,1,1.0,-4.5048600000000025,3,0.8208955223880597,False,CC(=O)N1CCC(CS(=O)(=O)N2CCC(CCc3c(C)noc3CF)CC2)(N(O)C=O)CC1,6.27,7.64,-1.37,False,3.46,488.6,1.66,1,7,124.3,9,True,True,0.358,False
937,CAND-00334,N#Cc1cc(-n2cc(Cl)cn2)sc1S(=O)(=O)N[C@@]1(C(=O)O)C[C@@H]1C1CCCCC1,0.3301398372127311,6.817669174930538,0.5065226284557306,0.4678636949295509,1.0,0.6900612006586568,2,0.5,-3.231108300000001,0,0.6811594202898551,False,N#Cc1cc(-n2cc(Cl)cn2)sc1S(=O)(=O)N[C@@]1(C(=O)O)C[C@@H]1C1CCCCC1,6.76,6.63,0.13,False,4.11,455.0,3.16,2,7,125.1,6,True,True,0.608,False
938,CAND-01841,Cc1cccc([C@@]2(C)C[C@@]2(NS(=O)(=O)c2ccc(-c3ccc(Cl)cc3)s2)C(=O)O)c1,0.3300256319561879,7.092034929202015,0.5902458344050409,0.7099708558583937,1.0,0.5497611556995181,2,0.5,-2.0815949999999988,0,0.8363636363636363,True,Cc1cccc([C@@]2(C)C[C@@]2(NS(=O)(=O)c2ccc(-c3ccc(Cl)cc3)s2)C(=O)O)c1,7.34,6.78,0.56,False,3.37,462.0,4.84,2,4,83.5,6,True,True,0.796,False
939,CAND-00292,Cc1c(Cl)cncc1CCC1CCN(S(=O)(=O)CC2(N(O)C=O)CCOCC2)CC1,0.3299859997151219,6.277568023373936,0.3417097855945544,0.3498155257450442,0.25,0.3637703563928156,1,1.0,-3.791595400000003,3,0.75,False,Cc1c(Cl)cncc1CCC1CCN(S(=O)(=O)CC2(N(O)C=O)CCOCC2)CC1,6.37,7.56,-1.19,False,3.28,460.0,2.41,1,6,100.0,8,True,True,0.746,False
940,CAND-01590,Cc1ccccc1[C@H]1[C@@H](C)[C@@]1(NS(=O)(=O)N1CCn2c(cc3cc(Cl)ccc32)C1)C(=O)O,0.3297271709825171,7.00346022465989,0.5632171031773748,0.4956508937273485,1.0,0.5928193012544892,2,0.5,-3.099176000000001,0,0.8253968253968254,True,Cc1ccccc1[C@H]1[C@@H](C)[C@@]1(NS(=O)(=O)N1CCn2c(cc3cc(Cl)ccc32)C1)C(=O)O,7.1,7.08,0.02,False,3.92,474.0,3.51,2,4,91.6,5,True,True,0.411,False
941,CAND-01887,C[C@@H]1[C@H](c2ccccc2)[C@]1(NS(=O)(=O)c1cc2[nH]c3c(Cl)c(Cl)ccc3c2s1)C(=O)O,0.3297245649994682,7.474177044678973,0.7068571918280417,0.7245173577452594,1.0,0.3534017802830519,2,0.5,-2.0125289,0,0.7619047619047619,True,C[C@@H]1[C@H](c2ccccc2)[C@]1(NS(=O)(=O)c1cc2[nH]c3c(Cl)c(Cl)ccc3c2s1)C(=O)O,7.91,6.9,1.01,False,3.91,495.4,5.22,3,4,99.3,5,True,True,0.607,False
942,CAND-02061,C[C@@H]1[C@H](c2ccc(Cl)cc2)[C@]1(NS(=O)(=O)N1CCN(c2ccc(Cl)cc2)CC1)C(=O)O,0.3296799564388767,6.875466851919816,0.5241596940830135,0.4369018856022672,1.0,0.6576002194541557,2,0.5,-3.3781135000000013,0,0.9166666666666666,False,C[C@@H]1[C@H](c2ccc(Cl)cc2)[C@]1(NS(=O)(=O)N1CCN(c2ccc(Cl)cc2)CC1)C(=O)O,7.01,6.99,0.02,False,3.39,484.4,3.21,2,4,90.0,6,True,True,0.427,False
943,CAND-01864,C[C@]1(c2ccccc2)C[C@@]1(NS(=O)(=O)c1sc(-c2ccc(Cl)cc2)cc1C(F)(F)F)C(=O)O,0.329552605849079,7.280786949900447,0.6478438547711204,0.7468610311497428,1.0,0.4506109477086595,2,0.5,-1.9064422,0,0.6612903225806451,True,C[C@]1(c2ccccc2)C[C@@]1(NS(=O)(=O)c1sc(-c2ccc(Cl)cc2)cc1C(F)(F)F)C(=O)O,7.21,6.76,0.45,False,3.64,516.0,5.55,2,4,83.5,6,False,True,0.882,False
944,CAND-01865,C[C@]1(c2ccccc2)C[C@@]1(NS(=O)(=O)c1cc(C(F)(F)F)c(-c2ccc(Cl)cc2)s1)C(=O)O,0.329552605849079,7.280786949900447,0.6478438547711204,0.7468610311497429,1.0,0.4506109477086596,2,0.5,-1.906442199999999,0,0.6612903225806451,True,C[C@]1(c2ccccc2)C[C@@]1(NS(=O)(=O)c1cc(C(F)(F)F)c(-c2ccc(Cl)cc2)s1)C(=O)O,7.29,6.76,0.53,False,3.64,516.0,5.55,2,4,83.5,6,False,True,0.867,False
945,CAND-00530,COc1cc(/C=C2/SC(=S)NC2=O)ccc1OCc1ccc(Cl)cc1C(F)(F)F,0.3293186206769792,6.051314645248853,0.2726681582100001,0.80163335669428,0.25,0.4766151385732638,1,1.0,-1.6463858,3,0.7213114754098361,False,COc1cc(/C=C2/SC(=S)NC2=O)ccc1OCc1ccc(Cl)cc1C(F)(F)F,5.7,6.95,-1.25,False,2.5,459.9,5.44,1,5,47.6,5,True,True,0.626,False
946,CAND-01156,COc1cc(S(=O)(=O)N[C@@]2(C(=O)O)C[C@@H]2c2ccccc2)sc1-c1ccc(Cl)cn1,0.3291862890292799,7.078366008554179,0.5860747385569373,0.5448282601816258,1.0,0.5511173626003039,2,0.5,-2.865684199999999,0,0.6923076923076923,True,COc1cc(S(=O)(=O)N[C@@]2(C(=O)O)C[C@@H]2c2ccccc2)sc1-c1ccc(Cl)cn1,7.16,6.75,0.41,False,3.52,465.0,3.76,2,6,105.6,7,True,True,0.471,False
947,CAND-01854,C[C@]1(c2ccccc2O)C[C@@]1(NS(=O)(=O)c1ccc(-c2ccc(Cl)cc2)s1)C(=O)O,0.3291540621380835,7.1647468512552885,0.6124340088774747,0.6172927172291636,1.0,0.5069703994580995,2,0.5,-2.5216264,0,0.7857142857142857,True,C[C@]1(c2ccccc2O)C[C@@]1(NS(=O)(=O)c1ccc(-c2ccc(Cl)cc2)s1)C(=O)O,7.41,6.57,0.84,False,3.43,464.0,4.24,3,5,103.7,6,True,True,0.81,False
948,CAND-00572,O=C(NO)C1(S(=O)(=O)c2ccc(Oc3ccc(Cl)cc3)cc2)CCN(Cc2ccccc2O)CC1,0.3288372859275821,6.358399007212742,0.3663755064495177,0.5363496370277504,0.25,0.3188317756760773,1,1.0,-2.9059403,3,0.7894736842105263,False,O=C(NO)C1(S(=O)(=O)c2ccc(Oc3ccc(Cl)cc3)cc2)CCN(Cc2ccccc2O)CC1,6.47,7.21,-0.74,False,2.52,517.0,4.15,3,7,116.2,7,True,True,0.735,False
949,CAND-01900,COc1c(S(=O)(=O)N[C@@]2(C(=O)O)[C@H](C)[C@@H]2c2ccccc2)sc2c1[nH]c1cc(Cl)ccc12,0.3287559911769836,7.436035980612834,0.6952183771719842,0.6337725366881828,1.0,0.3663426458932501,2,0.5,-2.443381,0,0.6764705882352942,True,COc1c(S(=O)(=O)N[C@@]2(C(=O)O)[C@H](C)[C@@H]2c2ccccc2)sc2c1[nH]c1cc(Cl)ccc12,7.77,6.78,0.99,False,3.92,491.0,4.58,3,5,108.5,6,True,True,0.68,False
950,CAND-00780,CCCCNc1nc(NCc2csc(-c3cccs3)n2)nc(N2CCC[C@@H]2CNS(=O)(=O)c2cc(C#N)ccc2C(F)(F)F)n1,0.3287419205415138,6.03403815060548,0.2673962046349264,0.5640366663314347,0.75,0.1501460607468351,1,1.0,-2.774483599999998,1,0.7906976744186046,False,CCCCNc1nc(NCc2csc(-c3cccs3)n2)nc(N2CCC[C@@H]2CNS(=O)(=O)c2cc(C#N)ccc2C(F)(F)F)n1,5.86,5.7,0.16,False,3.68,677.8,5.72,3,12,148.8,13,False,False,0.514,False
951,CAND-00779,CCCCNc1nc(NCc2csc(-c3ccc(C(F)(F)F)s3)n2)nc(N2CCC[C@@H]2CNS(=O)(=O)c2cccc(C#N)c2)n1,0.3287419205415138,6.03403815060548,0.2673962046349264,0.5640366663314349,0.75,0.1501460607468351,1,1.0,-2.7744835999999973,1,0.8333333333333334,False,CCCCNc1nc(NCc2csc(-c3ccc(C(F)(F)F)s3)n2)nc(N2CCC[C@@H]2CNS(=O)(=O)c2cccc(C#N)c2)n1,5.8,5.8,0.0,False,3.73,677.8,5.72,3,12,148.8,13,False,False,0.517,False
952,CAND-01890,Cc1ccccc1[C@H]1[C@@H](C)[C@@]1(NS(=O)(=O)c1cc2[nH]c3cc(Cl)ccc3c2s1)C(=O)O,0.3287276679204287,7.401847833232115,0.6847858021890689,0.6991620072020517,1.0,0.3835414491544096,2,0.5,-2.1329149,0,0.8225806451612904,True,Cc1ccccc1[C@H]1[C@@H](C)[C@@]1(NS(=O)(=O)c1cc2[nH]c3cc(Cl)ccc3c2s1)C(=O)O,8.09,6.86,1.23,True,3.89,475.0,4.88,3,4,99.3,5,True,True,0.624,False
953,CAND-01947,Cc1cc(Cl)cc(-c2ccc(S(=O)(=O)N[C@@]3(C(=O)O)C[C@@H]3c3ccccc3)s2)c1,0.3286863098541006,7.025004728487779,0.5697914474713541,0.7019576543783873,1.0,0.5749229865750807,2,0.5,-2.119641299999999,0,0.7758620689655172,True,Cc1cc(Cl)cc(-c2ccc(S(=O)(=O)N[C@@]3(C(=O)O)C[C@@H]3c3ccccc3)s2)c1,7.08,6.63,0.45,False,3.29,448.0,4.67,2,4,83.5,6,True,True,0.443,False
954,CAND-01158,COc1cc(-c2ccc(S(=O)(=O)N[C@@]3(C(=O)O)C[C@@H]3c3ccccc3)s2)ncc1Cl,0.3285869982544983,7.070510367404917,0.583677575457811,0.5448282601816257,1.0,0.5511173626003039,2,0.5,-2.8656842,0,0.703125,True,COc1cc(-c2ccc(S(=O)(=O)N[C@@]3(C(=O)O)C[C@@H]3c3ccccc3)s2)ncc1Cl,7.08,6.74,0.34,False,3.42,465.0,3.76,2,6,105.6,7,True,True,0.562,False
955,CAND-01559,Oc1ccccc1-c1ccc(Cn2c([S-])nnc2COc2ccc(Cl)cc2)cc1,0.3285273362385346,5.442093764728864,0.0867633050921933,0.7597214167580657,0.75,0.4504856123081261,1,1.0,-1.8453816999999983,1,0.7450980392156863,False,Oc1ccccc1-c1ccc(Cn2c([S-])nnc2COc2ccc(Cl)cc2)cc1,5.38,5.86,-0.48,False,2.52,422.9,4.84,1,6,60.2,6,True,True,0.582,True
956,CAND-01561,Oc1ccc(-c2ccc(Cn3c([S-])nnc3COc3ccc(Cl)cc3)cc2)cc1,0.3285273362385346,5.442093764728864,0.0867633050921933,0.7597214167580659,0.75,0.4504856123081264,1,1.0,-1.8453816999999977,1,0.8043478260869565,False,Oc1ccc(-c2ccc(Cn3c([S-])nnc3COc3ccc(Cl)cc3)cc2)cc1,5.33,5.85,-0.52,False,2.48,422.9,4.84,1,6,60.2,6,True,True,0.545,True
957,CAND-01949,Cc1c(Cl)cccc1-c1ccc(S(=O)(=O)N[C@@]2(C(=O)O)C[C@@H]2c2ccccc2)s1,0.328265380981081,7.019487096121402,0.5681077319792756,0.7019576543783873,1.0,0.5749229865750807,2,0.5,-2.119641299999999,0,0.7068965517241379,True,Cc1c(Cl)cccc1-c1ccc(S(=O)(=O)N[C@@]2(C(=O)O)C[C@@H]2c2ccccc2)s1,7.03,6.62,0.41,False,3.27,448.0,4.67,2,4,83.5,6,True,True,0.576,False
958,CAND-02071,COc1ccc([C@H]2[C@@H](C)[C@@]2(NS(=O)(=O)N2CCN(c3ccc(Cl)cc3)CC2)C(=O)O)cc1,0.3282488930697443,6.905335444983418,0.53327414925662,0.3461570645451906,1.0,0.6328690383705956,2,0.5,-3.8089656000000014,0,0.8,False,COc1ccc([C@H]2[C@@H](C)[C@@]2(NS(=O)(=O)N2CCN(c3ccc(Cl)cc3)CC2)C(=O)O)cc1,6.87,7.03,-0.16,False,3.38,480.0,2.56,2,5,99.2,7,True,True,0.448,False
959,CAND-01911,C[C@@H]1[C@H](c2ccccc2C(F)(F)F)[C@]1(NS(=O)(=O)c1cc2[nH]c3cc(Cl)ccc3c2s1)C(=O)O,0.3281882353791972,7.530991516131368,0.7241942305081808,0.7360521824934008,1.0,0.3142645183476803,2,0.5,-1.9577621000000005,0,0.7727272727272727,True,C[C@@H]1[C@H](c2ccccc2C(F)(F)F)[C@]1(NS(=O)(=O)c1cc2[nH]c3cc(Cl)ccc3c2s1)C(=O)O,8.05,6.81,1.24,False,3.98,529.0,5.59,3,4,99.3,5,False,True,0.647,False
960,CAND-00022,O=CN(O)C1(CS(=O)(=O)N2CCC(CCc3cccc(Cl)c3)CC2)CCOCC1,0.3280901007924997,6.236850772917348,0.329284843003893,0.4134562845774044,0.25,0.3781589309685105,1,1.0,-3.489432100000001,3,0.8,False,O=CN(O)C1(CS(=O)(=O)N2CCC(CCc3cccc(Cl)c3)CC2)CCOCC1,6.46,7.91,-1.45,False,2.94,445.0,2.71,1,5,87.2,8,True,True,0.633,False
961,CAND-01948,Cc1ccc(-c2ccc(S(=O)(=O)N[C@@]3(C(=O)O)C[C@@H]3c3ccccc3)s2)cc1Cl,0.328087019079319,7.017149087338517,0.5673942843722278,0.7019576543783873,1.0,0.5749229865750806,2,0.5,-2.1196412999999987,0,0.7678571428571429,True,Cc1ccc(-c2ccc(S(=O)(=O)N[C@@]3(C(=O)O)C[C@@H]3c3ccccc3)s2)cc1Cl,6.96,6.58,0.38,False,3.21,448.0,4.67,2,4,83.5,6,True,True,0.588,False
962,CAND-01591,Cc1cccc([C@H]2[C@@H](C)[C@@]2(NS(=O)(=O)N2CCn3c(cc4cc(Cl)ccc43)C2)C(=O)O)c1,0.3279826151655958,6.980592186239665,0.5562388799096896,0.4956508937273486,1.0,0.5928193012544892,2,0.5,-3.0991760000000004,0,0.8709677419354839,False,Cc1cccc([C@H]2[C@@H](C)[C@@]2(NS(=O)(=O)N2CCn3c(cc4cc(Cl)ccc43)C2)C(=O)O)c1,7.06,7.12,-0.06,False,3.88,474.0,3.51,2,4,91.6,5,True,True,0.428,False
963,CAND-01592,Cc1ccc([C@H]2[C@@H](C)[C@@]2(NS(=O)(=O)N2CCn3c(cc4cc(Cl)ccc43)C2)C(=O)O)cc1,0.3279826151655958,6.980592186239665,0.5562388799096896,0.4956508937273486,1.0,0.5928193012544892,2,0.5,-3.0991760000000004,0,0.8666666666666667,False,Cc1ccc([C@H]2[C@@H](C)[C@@]2(NS(=O)(=O)N2CCn3c(cc4cc(Cl)ccc43)C2)C(=O)O)cc1,7.05,7.11,-0.06,False,3.83,474.0,3.51,2,4,91.6,5,True,True,0.438,False
964,CAND-01628,COc1ccc(N(C)C)cc1OCC(=O)NC(c1ccccc1Cl)c1cc(Cl)c2cccnc2c1O,0.3279482714622057,6.040547821212974,0.2693826423898153,0.7417691941947611,0.5,0.3108565008909937,1,1.0,-1.9306179999999973,2,0.7571428571428571,False,COc1ccc(N(C)C)cc1OCC(=O)NC(c1ccccc1Cl)c1cc(Cl)c2cccnc2c1O,5.82,6.55,-0.73,False,2.99,526.4,5.61,2,6,83.9,8,False,True,0.302,False
965,CAND-01955,COc1ccc(Cl)cc1-c1ccc(S(=O)(=O)N[C@@]2(C(=O)O)C[C@@H]2c2ccccc2)s1,0.3278925761741081,7.078366008554179,0.5860747385569373,0.6365681838645185,1.0,0.5424926102324923,2,0.5,-2.430107399999999,0,0.6885245901639344,True,COc1ccc(Cl)cc1-c1ccc(S(=O)(=O)N[C@@]2(C(=O)O)C[C@@H]2c2ccccc2)s1,7.16,6.58,0.58,False,3.22,464.0,4.37,2,5,92.7,7,True,True,0.52,False
966,CAND-00091,COCc1cc(N2CCN(S(=O)(=O)N[C@@]3(C(=O)O)[C@H](C)[C@@H]3c3ccccc3Cl)C[C@H]2C)no1,0.3278753614965584,7.031303391149845,0.5717134957702087,0.2491120119672635,1.0,0.5663132503600412,2,0.5,-4.269730900000002,0,0.8169014084507042,True,COCc1cc(N2CCN(S(=O)(=O)N[C@@]3(C(=O)O)[C@H](C)[C@@H]3c3ccccc3Cl)C[C@H]2C)no1,6.89,6.63,0.26,False,4.19,499.0,2.08,2,7,125.2,8,True,True,0.574,False
967,CAND-01152,Cc1ccccc1[C@H]1C[C@@]1(NS(=O)(=O)c1ccc(-c2ccc(Cl)cn2)s1)C(=O)O,0.3278016165358841,6.979210855873883,0.5558173644512261,0.6102177306954945,1.0,0.592315169487184,2,0.5,-2.5552181,0,0.8135593220338984,False,Cc1ccccc1[C@H]1C[C@@]1(NS(=O)(=O)c1ccc(-c2ccc(Cl)cn2)s1)C(=O)O,7.13,6.77,0.36,False,3.38,449.0,4.06,2,5,96.4,6,True,True,0.525,False
968,CAND-00094,COCc1onc(N2CCN(S(=O)(=O)N[C@@]3(C(=O)O)[C@H](C)[C@@H]3c3ccccc3)C[C@H]2C)c1C,0.3277431816157403,6.987509715827923,0.5583497765699379,0.2237566614240559,1.0,0.5877049164883726,2,0.5,-4.390116900000001,0,0.7123287671232876,False,COCc1onc(N2CCN(S(=O)(=O)N[C@@]3(C(=O)O)[C@H](C)[C@@H]3c3ccccc3)C[C@H]2C)c1C,6.91,6.67,0.24,False,4.23,478.6,1.73,2,7,125.2,8,True,True,0.462,False
969,CAND-00856,C=CCCNc1nc(NCc2csc(-c3cccs3)n2)nc(N2CCC[C@@H]2CNS(=O)(=O)c2ccc(C(F)(F)F)cc2O)n1,0.3276788479631264,6.435301710296394,0.3898425053299994,0.5198719237397594,0.5,0.109191984327089,1,1.0,-2.9841757,2,0.8313253012048193,False,C=CCCNc1nc(NCc2csc(-c3cccs3)n2)nc(N2CCC[C@@H]2CNS(=O)(=O)c2ccc(C(F)(F)F)cc2O)n1,6.56,6.41,0.15,False,3.75,666.8,5.33,4,12,145.3,13,False,False,0.771,False
970,CAND-00785,CCCCNc1nc(NCc2csc(-c3sccc3C#N)n2)nc(N2CCC[C@@H]2CNS(=O)(=O)c2cccc(C#N)c2)n1,0.3276034433193632,5.975997140730954,0.249684885537782,0.4477266358498744,0.75,0.1758700018349074,1,1.0,-3.326718099999999,1,0.8333333333333334,False,CCCCNc1nc(NCc2csc(-c3sccc3C#N)n2)nc(N2CCC[C@@H]2CNS(=O)(=O)c2cccc(C#N)c2)n1,5.73,5.78,-0.05,False,3.69,634.8,4.57,3,13,172.6,13,False,False,0.559,False
971,CAND-00089,COCc1cc(N2CCN(S(=O)(=O)N[C@@]3(C(=O)O)[C@H](C)[C@@H]3c3ccc(F)cc3)C[C@H]2C)no1,0.3273588591825768,6.995955032701987,0.5609268802825784,0.1933453420184804,1.0,0.5808475940795481,2,0.5,-4.534508400000002,0,0.8676470588235294,False,COCc1cc(N2CCN(S(=O)(=O)N[C@@]3(C(=O)O)[C@H](C)[C@@H]3c3ccc(F)cc3)C[C@H]2C)no1,7.18,6.65,0.53,False,4.14,482.5,1.56,2,7,125.2,8,True,True,0.524,False
972,CAND-01874,C[C@]1(c2ccccc2)C[C@@]1(NS(=O)(=O)c1ccc(-c2ccc(Cl)c(C#N)c2)s1)C(=O)O,0.3272421581913333,7.050445432505001,0.5775547242971559,0.6305510006681826,1.0,0.5523565141136285,2,0.5,-2.4586767,0,0.7213114754098361,True,C[C@]1(c2ccccc2)C[C@@]1(NS(=O)(=O)c1ccc(-c2ccc(Cl)c(C#N)c2)s1)C(=O)O,7.29,6.8,0.49,False,3.53,473.0,4.4,2,5,107.3,6,True,True,0.937,False
973,CAND-00102,COCc1onc(N2CCN(S(=O)(=O)N[C@@]3(C(=O)O)[C@H](C)[C@@H]3c3ccccc3)C[C@H]2C)c1O,0.3270976398866718,7.139748773900129,0.6048058003778383,0.1310785227948257,1.0,0.5059745986147479,2,0.5,-4.830148300000001,0,0.7123287671232876,True,COCc1onc(N2CCN(S(=O)(=O)N[C@@]3(C(=O)O)[C@H](C)[C@@H]3c3ccccc3)C[C@H]2C)c1O,6.9,6.6,0.3,False,4.26,480.5,1.13,3,8,145.4,8,True,False,0.482,False
974,CAND-01886,C[C@@H]1[C@H](c2ccccc2)[C@]1(NS(=O)(=O)c1sc2c([nH]c3cc(Cl)ccc32)c1Cl)C(=O)O,0.326982981697497,7.438239740940325,0.6958908586201569,0.7245173577452596,1.0,0.3534017802830519,2,0.5,-2.012528899999999,0,0.71875,True,C[C@@H]1[C@H](c2ccccc2)[C@]1(NS(=O)(=O)c1sc2c([nH]c3cc(Cl)ccc32)c1Cl)C(=O)O,7.81,6.86,0.95,False,3.94,495.4,5.22,3,4,99.3,5,True,True,0.677,False
975,CAND-00857,C=CCCNc1nc(NCc2csc(-c3cccs3)n2)nc(N2CCC[C@@H]2CNS(=O)(=O)c2ccc(C(F)(F)F)c(O)c2)n1,0.3268332488627551,6.4297595566639805,0.3881513071292569,0.5198719237397594,0.5,0.109191984327089,1,1.0,-2.9841757,2,0.8214285714285714,False,C=CCCNc1nc(NCc2csc(-c3cccs3)n2)nc(N2CCC[C@@H]2CNS(=O)(=O)c2ccc(C(F)(F)F)c(O)c2)n1,6.58,6.34,0.24,False,3.75,666.8,5.33,4,12,145.3,13,False,False,0.791,False
976,CAND-00088,COCc1cc(N2CCN(S(=O)(=O)N[C@@]3(C(=O)O)[C@H](C)[C@@H]3c3cccc(F)c3)C[C@H]2C)no1,0.3267595684077953,6.988099391552725,0.5585297171834522,0.1933453420184804,1.0,0.5808475940795481,2,0.5,-4.534508400000002,0,0.8571428571428571,False,COCc1cc(N2CCN(S(=O)(=O)N[C@@]3(C(=O)O)[C@H](C)[C@@H]3c3cccc(F)c3)C[C@H]2C)no1,7.2,6.64,0.56,False,4.18,482.5,1.56,2,7,125.2,8,True,True,0.572,False
977,CAND-00759,CCCCNc1nc(NCc2csc(-c3cccs3)n2)nc(N2CCC[C@@H]2CNS(=O)(=O)c2cccc(C#N)c2C)n1,0.3267483216891548,5.974851642119995,0.2493353345656693,0.5271464910400855,0.75,0.1736021813544003,1,1.0,-2.949636399999998,1,0.7647058823529411,False,CCCCNc1nc(NCc2csc(-c3cccs3)n2)nc(N2CCC[C@@H]2CNS(=O)(=O)c2cccc(C#N)c2C)n1,5.97,5.83,0.14,False,3.6,623.8,5.01,3,12,148.8,13,False,False,0.588,False
978,CAND-00189,Cc1noc(C)c1CCC1CCN(S(=O)(=O)CC2(N(O)C=O)CCN(C(=O)CF)CC2)CC1,0.3267128604395097,6.348390550983524,0.3633214079366094,0.1679654756445012,0.25,0.3168405215706833,1,1.0,-4.655010800000002,3,0.8333333333333334,False,Cc1noc(C)c1CCC1CCN(S(=O)(=O)CC2(N(O)C=O)CCN(C(=O)CF)CC2)CC1,6.32,7.64,-1.32,False,3.35,488.6,1.44,1,7,124.3,9,True,True,0.325,False
979,CAND-00868,C=CCCNc1nc(NCc2csc(-c3cccs3)n2)nc(N2CCC[C@@H]2CNS(=O)(=O)c2ccc(C(F)(F)F)cc2C#N)n1,0.326682407099461,6.402302963476318,0.3797728780785141,0.5331302071787788,0.5,0.1226532268673467,1,1.0,-2.921225999999999,2,0.8023255813953488,False,C=CCCNc1nc(NCc2csc(-c3cccs3)n2)nc(N2CCC[C@@H]2CNS(=O)(=O)c2ccc(C(F)(F)F)cc2C#N)n1,6.51,5.73,0.78,False,3.79,675.8,5.49,3,12,148.8,13,False,False,0.798,False
980,CAND-00320,Cc1c(Cl)cnn1-c1ccc(S(=O)(=O)N[C@@]2(C(=O)O)C[C@@H]2C2CCCCC2)s1,0.3264639608877526,6.7307048913173455,0.4799853200860524,0.5472835501197618,1.0,0.7097842057749304,2,0.5,-2.854026600000001,0,0.696969696969697,False,Cc1c(Cl)cnn1-c1ccc(S(=O)(=O)N[C@@]2(C(=O)O)C[C@@H]2C2CCCCC2)s1,6.77,6.91,-0.14,False,3.81,444.0,3.6,2,6,101.3,6,True,True,0.704,False
981,CAND-00787,CCCCNc1nc(NCc2csc(-c3ccc(C#N)s3)n2)nc(N2CCC[C@@H]2CNS(=O)(=O)c2cccc(C#N)c2)n1,0.3264151559819141,5.968208969030318,0.2473083108628836,0.4477266358498744,0.75,0.1758700018349074,1,1.0,-3.326718099999999,1,0.8536585365853658,False,CCCCNc1nc(NCc2csc(-c3ccc(C#N)s3)n2)nc(N2CCC[C@@H]2CNS(=O)(=O)c2cccc(C#N)c2)n1,5.72,5.85,-0.13,False,3.66,634.8,4.57,3,13,172.6,13,False,False,0.556,False
982,CAND-00786,CCCCNc1nc(NCc2csc(-c3cc(C#N)cs3)n2)nc(N2CCC[C@@H]2CNS(=O)(=O)c2cccc(C#N)c2)n1,0.3264151559819141,5.968208969030318,0.2473083108628836,0.4477266358498745,0.75,0.1758700018349074,1,1.0,-3.3267180999999986,1,0.8641975308641975,False,CCCCNc1nc(NCc2csc(-c3cc(C#N)cs3)n2)nc(N2CCC[C@@H]2CNS(=O)(=O)c2cccc(C#N)c2)n1,5.72,5.85,-0.13,False,3.69,634.8,4.57,3,13,172.6,13,False,False,0.553,False
983,CAND-01543,Cc1cc(-c2ccccc2)ccc1Cn1c([S-])nnc1COc1ccc(Cl)cc1,0.3262639461115691,5.54769812498273,0.1189886665486788,0.8523995553872957,0.75,0.3892320427907657,1,1.0,-1.405350299999999,1,0.7169811320754716,False,Cc1cc(-c2ccccc2)ccc1Cn1c([S-])nnc1COc1ccc(Cl)cc1,5.33,5.83,-0.5,False,2.51,420.9,5.44,0,5,39.9,6,True,True,0.718,True
984,CAND-00858,C=CCCNc1nc(NCc2nc(-c3cccs3)sc2C(F)(F)F)nc(N2CCC[C@@H]2CNS(=O)(=O)c2ccc(C(F)(F)F)cc2)n1,0.326259010436758,6.4847743820071,0.4049391805455209,0.6494402376603389,0.5,0.0792980672133249,1,1.0,-2.368991499999999,2,0.8072289156626506,False,C=CCCNc1nc(NCc2nc(-c3cccs3)sc2C(F)(F)F)nc(N2CCC[C@@H]2CNS(=O)(=O)c2ccc(C(F)(F)F)cc2)n1,6.62,5.85,0.77,False,3.9,718.8,6.64,3,11,125.0,13,False,False,0.715,False
985,CAND-00002,COc1ccc(C(NC(=O)COc2ccc(NC(C)=O)cc2)c2cc(Cl)c3cccnc3c2O)cc1OC,0.3262484890772901,5.762330232036767,0.1844840420554887,0.6169692093591922,0.75,0.2800215601651524,1,1.0,-2.523162399999999,1,0.8529411764705882,False,COc1ccc(C(NC(=O)COc2ccc(NC(C)=O)cc2)c2cc(Cl)c3cccnc3c2O)cc1OC,5.6,6.7,-1.1,False,2.89,536.0,4.85,3,7,119.0,9,True,True,0.302,True
986,CAND-00003,COc1ccc(C(NC(=O)COc2ccc(NC(C)=O)cc2OC)c2cc(Cl)c3cccnc3c2O)cc1,0.3262484890772901,5.762330232036767,0.1844840420554887,0.6169692093591922,0.75,0.2800215601651524,1,1.0,-2.5231623999999995,1,0.8405797101449275,False,COc1ccc(C(NC(=O)COc2ccc(NC(C)=O)cc2OC)c2cc(Cl)c3cccnc3c2O)cc1,6.04,6.69,-0.65,False,2.89,536.0,4.85,3,7,119.0,9,True,True,0.792,True
987,CAND-00295,Cc1cncc(CCC2CCN(S(=O)(=O)CC3(N(O)C=O)CCOCC3)CC2)c1C,0.3261655530998985,6.224305074318343,0.3254565003946942,0.3244601752018365,0.25,0.3781243430085046,1,1.0,-3.911981400000003,3,0.8,False,Cc1cncc(CCC2CCN(S(=O)(=O)CC3(N(O)C=O)CCOCC3)CC2)c1C,5.99,7.32,-1.33,False,3.27,439.6,2.07,1,6,100.0,8,True,True,0.491,False
988,CAND-00757,CCCCNc1nc(NCc2csc(-c3cccs3)n2)nc(N2CCC[C@@H]2CNS(=O)(=O)c2cc(C)cc(C#N)c2)n1,0.3261651114310185,5.971029215098524,0.2481689140493968,0.5271464910400855,0.75,0.1736021813544003,1,1.0,-2.949636399999998,1,0.8554216867469879,False,CCCCNc1nc(NCc2csc(-c3cccs3)n2)nc(N2CCC[C@@H]2CNS(=O)(=O)c2cc(C)cc(C#N)c2)n1,5.92,5.67,0.25,False,3.57,623.8,5.01,3,12,148.8,13,False,False,0.575,False
989,CAND-00763,CCCCNc1nc(NCc2csc(-c3ccc(OC)s3)n2)nc(N2CCC[C@@H]2CNS(=O)(=O)c2cccc(C#N)c2)n1,0.3261617437545237,5.989573291447836,0.2538276724737334,0.4617570205262166,0.75,0.1641596917255234,1,1.0,-3.2601024999999986,1,0.813953488372093,False,CCCCNc1nc(NCc2csc(-c3ccc(OC)s3)n2)nc(N2CCC[C@@H]2CNS(=O)(=O)c2cccc(C#N)c2)n1,5.78,5.92,-0.14,False,3.66,639.8,4.71,3,13,158.1,14,False,False,0.625,False
990,CAND-00762,CCCCNc1nc(NCc2csc(-c3cc(OC)cs3)n2)nc(N2CCC[C@@H]2CNS(=O)(=O)c2cccc(C#N)c2)n1,0.3261617437545237,5.989573291447836,0.2538276724737334,0.4617570205262166,0.75,0.1641596917255234,1,1.0,-3.2601024999999986,1,0.813953488372093,False,CCCCNc1nc(NCc2csc(-c3cc(OC)cs3)n2)nc(N2CCC[C@@H]2CNS(=O)(=O)c2cccc(C#N)c2)n1,5.78,5.91,-0.13,False,3.64,639.8,4.71,3,13,158.1,14,False,False,0.624,False
991,CAND-02080,C[C@@H]1[C@H](c2cccc(C(F)(F)F)c2)[C@]1(NS(=O)(=O)N1CCN(c2ccc(Cl)cc2)CC1)C(=O)O,0.3261383419985957,6.920189612884737,0.537806925446965,0.4484367103504086,1.0,0.6112440709123631,2,0.5,-3.323346700000001,0,0.7796610169491526,False,C[C@@H]1[C@H](c2cccc(C(F)(F)F)c2)[C@]1(NS(=O)(=O)N1CCN(c2ccc(Cl)cc2)CC1)C(=O)O,6.99,6.99,0.0,False,3.55,518.0,3.57,2,4,90.0,6,True,True,0.528,False
992,CAND-01558,Oc1cc(Cn2c([S-])nnc2COc2ccc(Cl)cc2)ccc1-c1ccccc1,0.3260677894557002,5.425973612601702,0.0818442115265248,0.7597214167580658,0.75,0.4504856123081261,1,1.0,-1.845381699999998,1,0.75,False,Oc1cc(Cn2c([S-])nnc2COc2ccc(Cl)cc2)ccc1-c1ccccc1,5.3,5.7,-0.4,False,2.56,422.9,4.84,1,6,60.2,6,True,True,0.565,True
993,CAND-01560,Oc1cccc(-c2ccc(Cn3c([S-])nnc3COc3ccc(Cl)cc3)cc2)c1,0.3260677894557002,5.425973612601702,0.0818442115265248,0.7597214167580657,0.75,0.4504856123081261,1,1.0,-1.8453816999999983,1,0.78,False,Oc1cccc(-c2ccc(Cn3c([S-])nnc3COc3ccc(Cl)cc3)cc2)c1,5.27,5.96,-0.69,False,2.52,422.9,4.84,1,6,60.2,6,True,True,0.523,True
994,CAND-01039,Cc1cc(COc2ccc(S(=O)(=O)N3C[C@H](O)CC(C)(C)[C@@H]3C(=O)NO)cc2)c(Cl)cc1Cl,0.3260270870199306,7.991534157050842,0.864729650012425,0.4437620216293231,0.5,0.3989644967788292,2,0.5,-3.345541900000001,2,0.803030303030303,True,Cc1cc(COc2ccc(S(=O)(=O)N3C[C@H](O)CC(C)(C)[C@@H]3C(=O)NO)cc2)c(Cl)cc1Cl,7.81,8.23,-0.42,True,3.5,517.4,3.54,3,6,116.2,6,True,True,1.178,False
995,CAND-01944,Cc1cc(-c2cccc(Cl)c2)sc1S(=O)(=O)N[C@@]1(C(=O)O)C[C@@H]1c1ccccc1,0.3258683913506114,6.988066805391357,0.5585197734573972,0.7019576543783872,1.0,0.5749229865750807,2,0.5,-2.1196413,0,0.7288135593220338,False,Cc1cc(-c2cccc(Cl)c2)sc1S(=O)(=O)N[C@@]1(C(=O)O)C[C@@H]1c1ccccc1,7.07,6.61,0.46,False,3.34,448.0,4.67,2,4,83.5,6,True,True,0.474,False
996,CAND-00869,C=CCCNc1nc(NCc2csc(-c3cccs3)n2)nc(N2CCC[C@@H]2CNS(=O)(=O)c2ccc(C(F)(F)F)c(C#N)c2)n1,0.3258368079990899,6.396760809843904,0.3780816798777716,0.5331302071787788,0.5,0.1226532268673467,1,1.0,-2.921225999999999,2,0.7931034482758621,False,C=CCCNc1nc(NCc2csc(-c3cccs3)n2)nc(N2CCC[C@@H]2CNS(=O)(=O)c2ccc(C(F)(F)F)c(C#N)c2)n1,6.52,5.67,0.85,False,3.81,675.8,5.49,3,12,148.8,13,False,False,0.818,False
997,CAND-00330,O=C(O)[C@]1(NS(=O)(=O)c2sc(-n3cc(Cl)cn3)cc2C(F)(F)F)C[C@@H]1C1CCCCC1,0.3257336576292198,6.899554387675713,0.5315100491674418,0.5841737254111112,1.0,0.6190409689157289,2,0.5,-2.6788738000000003,0,0.6811594202898551,False,O=C(O)[C@]1(NS(=O)(=O)c2sc(-n3cc(Cl)cn3)cc2C(F)(F)F)C[C@@H]1C1CCCCC1,6.9,6.69,0.21,False,4.1,497.9,4.31,2,6,101.3,6,True,True,0.716,False
998,CAND-01619,C[C@@H]1[C@H](c2cccc(C#N)c2)[C@]1(NS(=O)(=O)N1CCn2c(cc3cc(Cl)ccc32)C1)C(=O)O,0.3256190805174842,6.980592186239665,0.5562388799096896,0.4162310385371375,1.0,0.577062403600412,2,0.5,-3.476257700000001,0,0.8181818181818182,False,C[C@@H]1[C@H](c2cccc(C#N)c2)[C@]1(NS(=O)(=O)N1CCn2c(cc3cc(Cl)ccc32)C1)C(=O)O,7.11,7.06,0.05,False,3.98,485.0,3.07,2,5,115.4,5,True,True,0.452,False
999,CAND-01620,C[C@@H]1[C@H](c2ccc(C#N)cc2)[C@]1(NS(=O)(=O)N1CCn2c(cc3cc(Cl)ccc32)C1)C(=O)O,0.3256190805174842,6.980592186239665,0.5562388799096896,0.4162310385371375,1.0,0.577062403600412,2,0.5,-3.476257700000001,0,0.8125,False,C[C@@H]1[C@H](c2ccc(C#N)cc2)[C@]1(NS(=O)(=O)N1CCn2c(cc3cc(Cl)ccc32)C1)C(=O)O,7.1,7.03,0.07,False,3.94,485.0,3.07,2,5,115.4,5,True,True,0.465,False
1000,CAND-02075,C[C@@H]1[C@H](c2cccc(O)c2)[C@]1(NS(=O)(=O)N1CCN(c2ccc(Cl)cc2)CC1)C(=O)O,0.3255873548129223,6.928693883530822,0.5404020190097217,0.3188683964298292,1.0,0.6032456670699462,2,0.5,-3.9385309000000017,0,0.8363636363636363,False,C[C@@H]1[C@H](c2cccc(O)c2)[C@]1(NS(=O)(=O)N1CCN(c2ccc(Cl)cc2)CC1)C(=O)O,7.2,6.94,0.26,False,3.49,466.0,2.26,3,5,110.2,6,True,True,0.457,False
1001,CAND-01945,Cc1cc(S(=O)(=O)N[C@@]2(C(=O)O)C[C@@H]2c2ccccc2)sc1-c1cccc(Cl)c1,0.3254991167816232,6.983226269508626,0.5570426751814443,0.7019576543783873,1.0,0.5749229865750806,2,0.5,-2.1196412999999987,0,0.7288135593220338,False,Cc1cc(S(=O)(=O)N[C@@]2(C(=O)O)C[C@@H]2c2ccccc2)sc1-c1cccc(Cl)c1,7.09,6.61,0.48,False,3.3,448.0,4.67,2,4,83.5,6,True,True,0.471,False
1002,CAND-00849,C=CCCNc1nc(NCc2csc(-c3ccc(OC)s3)n2)nc(N2CCC[C@@H]2CNS(=O)(=O)c2ccc(C(F)(F)F)cc2)n1,0.3254570032492565,6.41194327174899,0.3827146355768977,0.5471605918551206,0.5,0.1136656182026923,1,1.0,-2.8546104000000003,2,0.788235294117647,False,C=CCCNc1nc(NCc2csc(-c3ccc(OC)s3)n2)nc(N2CCC[C@@H]2CNS(=O)(=O)c2ccc(C(F)(F)F)cc2)n1,6.57,5.92,0.65,False,3.77,680.8,5.63,3,12,134.3,14,False,False,0.764,False
1003,CAND-01614,C[C@@H]1[C@H](c2ccccc2)[C@]1(NS(=O)(=O)N1CCn2c(c(C(F)(F)F)c3cc(Cl)ccc32)C1)C(=O)O,0.3254561001322196,7.091501789526582,0.5900831458692046,0.5325410690186979,1.0,0.5195687577661233,2,0.5,-2.9240232,0,0.6714285714285714,True,C[C@@H]1[C@H](c2ccccc2)[C@]1(NS(=O)(=O)N1CCn2c(c(C(F)(F)F)c3cc(Cl)ccc32)C1)C(=O)O,7.13,6.86,0.27,False,3.98,528.0,4.22,2,4,91.6,5,True,True,0.52,False
1004,CAND-01550,COc1cc(-c2ccccc2)ccc1Cn1c([S-])nnc1COc1ccc(Cl)cc1,0.325334408178543,5.569062447400248,0.1255080281595285,0.7870100848734269,0.75,0.3752679803292624,1,1.0,-1.7158163999999991,1,0.6909090909090909,False,COc1cc(-c2ccccc2)ccc1Cn1c([S-])nnc1COc1ccc(Cl)cc1,5.27,5.77,-0.5,False,2.51,436.9,5.14,0,6,49.2,7,True,True,0.714,True
1005,CAND-00469,C=CCCNc1nc(NCc2nc(-c3ccccc3)sc2C)nc(N2CCC[C@@H]2CNS(=O)(=O)c2ccccc2)n1,0.3252580175647386,6.343122775264998,0.3617139366523451,0.5461099705609944,0.5,0.1480034974618867,1,1.0,-2.8595987,2,0.75,False,C=CCCNc1nc(NCc2nc(-c3ccccc3)sc2C)nc(N2CCC[C@@H]2CNS(=O)(=O)c2ccccc2)n1,6.72,5.64,1.08,False,3.43,590.8,4.85,3,10,125.0,13,True,False,0.527,False
1006,CAND-01137,O=C(O)[C@]1(NS(=O)(=O)c2ccc(-c3ccc(Cl)cn3)s2)C[C@@H]1c1cccc(F)c1,0.3252540768194586,6.948295155646238,0.5463833826334182,0.579806411289919,1.0,0.5910548744073602,2,0.5,-2.6996096,0,0.8166666666666667,False,O=C(O)[C@]1(NS(=O)(=O)c2ccc(-c3ccc(Cl)cn3)s2)C[C@@H]1c1cccc(F)c1,7.29,6.82,0.47,False,3.39,452.9,3.89,2,5,96.4,6,True,True,0.582,False
1007,CAND-00026,COc1ccccc1CCC1CCN(S(=O)(=O)CC2(N(O)C=O)CCOCC2)CC1,0.3252254623662466,6.256239009884805,0.3352011985670378,0.3227114635203274,0.25,0.3587495436090926,1,1.0,-3.920284200000003,3,0.7936507936507936,False,COc1ccccc1CCC1CCN(S(=O)(=O)CC2(N(O)C=O)CCOCC2)CC1,6.27,7.6,-1.33,False,2.92,440.6,2.07,1,6,96.4,9,True,True,0.766,False
1008,CAND-00315,O=C(O)[C@]1(NS(=O)(=O)c2cc(Cl)c(-n3cc(Cl)cn3)s2)C[C@@H]1C1CCCCC1,0.3251885863425951,6.783283293431529,0.4960297145491301,0.5726389006629697,1.0,0.6745410513687508,2,0.5,-2.7336406000000006,0,0.734375,False,O=C(O)[C@]1(NS(=O)(=O)c2cc(Cl)c(-n3cc(Cl)cn3)s2)C[C@@H]1C1CCCCC1,6.78,6.92,-0.14,False,3.93,464.4,3.94,2,6,101.3,6,True,True,0.617,False
1009,CAND-01159,COc1nc(-c2ccc(S(=O)(=O)N[C@@]3(C(=O)O)C[C@@H]3c3ccccc3)s2)ccc1Cl,0.3251751904135104,7.025787606439995,0.5700303440938596,0.5448282601816257,1.0,0.5511173626003039,2,0.5,-2.8656842,0,0.671875,True,COc1nc(-c2ccc(S(=O)(=O)N[C@@]3(C(=O)O)C[C@@H]3c3ccccc3)s2)ccc1Cl,7.05,6.73,0.32,False,3.42,465.0,3.76,2,6,105.6,7,True,True,0.597,False
1010,CAND-01867,C[C@]1(c2ccccc2)C[C@@]1(NS(=O)(=O)c1ccc(-c2ccc(Cl)c(C(F)(F)F)c2)s1)C(=O)O,0.3249621863707006,7.220614676833393,0.6294821768576068,0.7468610311497428,1.0,0.4506109477086596,2,0.5,-1.9064422,0,0.7333333333333333,True,C[C@]1(c2ccccc2)C[C@@]1(NS(=O)(=O)c1ccc(-c2ccc(Cl)c(C(F)(F)F)c2)s1)C(=O)O,7.2,6.75,0.45,False,3.51,516.0,5.55,2,4,83.5,6,False,True,0.972,False
1011,CAND-01571,N#Cc1cc(-c2ccccc2)ccc1Cn1c([S-])nnc1COc1ccc(Cl)cc1,0.3249582782388982,5.514699378162654,0.1089190392971935,0.7729797001970848,0.75,0.4016625286343381,1,1.0,-1.7824319999999991,1,0.6785714285714286,False,N#Cc1cc(-c2ccccc2)ccc1Cn1c([S-])nnc1COc1ccc(Cl)cc1,5.33,5.77,-0.44,False,2.65,431.9,5.0,0,6,63.7,6,True,True,0.719,True
1012,CAND-00867,C=CCCNc1nc(NCc2csc(-c3ccc(C#N)s3)n2)nc(N2CCC[C@@H]2CNS(=O)(=O)c2ccc(C(F)(F)F)cc2)n1,0.324893605043228,6.390578949331473,0.3761952739660479,0.5331302071787788,0.5,0.1226532268673467,1,1.0,-2.921225999999999,2,0.7976190476190477,False,C=CCCNc1nc(NCc2csc(-c3ccc(C#N)s3)n2)nc(N2CCC[C@@H]2CNS(=O)(=O)c2ccc(C(F)(F)F)cc2)n1,6.46,5.86,0.6,False,3.78,675.8,5.49,3,12,148.8,13,False,False,0.792,False
1013,CAND-01556,Oc1cc(OCc2nnc([S-])n2Cc2ccc(-c3ccccc3)cc2)ccc1Cl,0.3248692079061371,5.41811797145244,0.0794470484273985,0.7597214167580656,0.75,0.4504856123081261,1,1.0,-1.8453817,1,0.7254901960784313,False,Oc1cc(OCc2nnc([S-])n2Cc2ccc(-c3ccccc3)cc2)ccc1Cl,5.3,5.74,-0.44,False,2.56,422.9,4.84,1,6,60.2,6,True,True,0.538,True
1014,CAND-02070,COc1cccc([C@H]2[C@@H](C)[C@@]2(NS(=O)(=O)N2CCN(c3ccc(Cl)cc3)CC2)C(=O)O)c1,0.3246514308465937,6.858179083727236,0.5188843003640176,0.3461570645451906,1.0,0.6328690383705956,2,0.5,-3.8089656000000014,0,0.7931034482758621,False,COc1cccc([C@H]2[C@@H](C)[C@@]2(NS(=O)(=O)N2CCN(c3ccc(Cl)cc3)CC2)C(=O)O)c1,6.92,7.05,-0.13,False,3.42,480.0,2.56,2,5,99.2,7,True,True,0.448,False
1015,CAND-02081,C[C@@H]1[C@H](c2ccc(C(F)(F)F)cc2)[C@]1(NS(=O)(=O)N1CCN(c2ccc(Cl)cc2)CC1)C(=O)O,0.3243559914701061,6.8968261527028,0.5306775233330066,0.4484367103504086,1.0,0.6112440709123631,2,0.5,-3.323346700000001,0,0.7857142857142857,False,C[C@@H]1[C@H](c2ccc(C(F)(F)F)cc2)[C@]1(NS(=O)(=O)N1CCN(c2ccc(Cl)cc2)CC1)C(=O)O,6.94,6.96,-0.02,False,3.52,518.0,3.57,2,4,90.0,6,True,True,0.557,False
1016,CAND-01956,COc1cc(Cl)cc(-c2ccc(S(=O)(=O)N[C@@]3(C(=O)O)C[C@@H]3c3ccccc3)s2)c1,0.3243024064313584,7.031305238806372,0.5717140595859381,0.6365681838645183,1.0,0.5424926102324923,2,0.5,-2.4301074,0,0.7377049180327869,True,COc1cc(Cl)cc(-c2ccc(S(=O)(=O)N[C@@]3(C(=O)O)C[C@@H]3c3ccccc3)s2)c1,7.11,6.56,0.55,False,3.27,464.0,4.37,2,5,92.7,7,True,True,0.475,False
1017,CAND-01855,C[C@]1(c2cccc(O)c2)C[C@@]1(NS(=O)(=O)c1ccc(-c2ccc(Cl)cc2)s1)C(=O)O,0.3242557919106643,7.100539199848099,0.5928409279677975,0.6172927172291636,1.0,0.5069703994580995,2,0.5,-2.5216264,0,0.8363636363636363,True,C[C@]1(c2cccc(O)c2)C[C@@]1(NS(=O)(=O)c1ccc(-c2ccc(Cl)cc2)s1)C(=O)O,7.45,6.83,0.62,False,3.43,464.0,4.24,3,5,103.7,6,True,True,0.826,False
1018,CAND-00323,COc1cc(S(=O)(=O)N[C@@]2(C(=O)O)C[C@@H]2C2CCCCC2)sc1-n1cc(Cl)cn1,0.3241560897763509,6.804647615849047,0.5025490761599798,0.481894079605893,1.0,0.656792138242373,2,0.5,-3.164492700000001,0,0.6811594202898551,False,COc1cc(S(=O)(=O)N[C@@]2(C(=O)O)C[C@@H]2C2CCCCC2)sc1-n1cc(Cl)cn1,6.88,6.84,0.04,False,3.92,460.0,3.3,2,7,110.5,7,True,True,0.632,False
1019,CAND-01404,Cc1cc(N2CCN(S(=O)(=O)N[C@@]3(C(=O)O)[C@H](C)[C@@H]3c3ccccc3)CC2CO)ccc1Cl,0.3239534846978094,7.021279006262578,0.5686545365984987,0.2774003741612829,1.0,0.5452656703212315,2,0.5,-4.135419100000002,0,0.8125,True,Cc1cc(N2CCN(S(=O)(=O)N[C@@]3(C(=O)O)[C@H](C)[C@@H]3c3ccccc3)CC2CO)ccc1Cl,6.81,6.68,0.13,False,3.89,494.0,2.22,3,5,110.2,7,True,True,0.481,False
1020,CAND-00782,CCCCNc1nc(NCc2csc(-c3cccs3)n2)nc(N2CCC[C@@H]2CNS(=O)(=O)c2ccc(C(F)(F)F)c(C#N)c2)n1,0.3237071069157711,6.001039403785404,0.2573265773834412,0.5640366663314347,0.75,0.1501460607468351,1,1.0,-2.774483599999998,1,0.7906976744186046,False,CCCCNc1nc(NCc2csc(-c3cccs3)n2)nc(N2CCC[C@@H]2CNS(=O)(=O)c2ccc(C(F)(F)F)c(C#N)c2)n1,5.85,5.66,0.19,False,3.68,677.8,5.72,3,12,148.8,13,False,False,0.494,False
1021,CAND-00341,Cc1cnc(C)c(CCC2CCN(S(=O)(=O)CC3(N(O)C=O)CCOCC3)CC2)c1Cl,0.3237039507856819,6.256125581519716,0.3351665856963606,0.3779146905955773,0.25,0.3537355264583388,1,1.0,-3.6581819000000015,3,0.7246376811594203,False,Cc1cnc(C)c(CCC2CCN(S(=O)(=O)CC3(N(O)C=O)CCOCC3)CC2)c1Cl,6.26,7.55,-1.29,False,3.34,474.0,2.72,1,6,100.0,8,True,True,0.588,False
1022,CAND-01957,COc1ccc(-c2ccc(S(=O)(=O)N[C@@]3(C(=O)O)C[C@@H]3c3ccccc3)s2)cc1Cl,0.3237031156565768,7.02344959765711,0.5693168964868118,0.6365681838645184,1.0,0.5424926102324923,2,0.5,-2.4301074,0,0.7166666666666667,True,COc1ccc(-c2ccc(S(=O)(=O)N[C@@]3(C(=O)O)C[C@@H]3c3ccccc3)s2)cc1Cl,7.02,6.55,0.47,False,3.2,464.0,4.37,2,5,92.7,7,True,True,0.606,False
1023,CAND-01599,COc1ccc([C@H]2[C@@H](C)[C@@]2(NS(=O)(=O)N2CCn3c(cc4cc(Cl)ccc43)C2)C(=O)O)cc1,0.3237009106534738,7.001956508657183,0.5627582415205393,0.4302614232134797,1.0,0.5534090018222596,2,0.5,-3.409642100000001,0,0.8253968253968254,True,COc1ccc([C@H]2[C@@H](C)[C@@]2(NS(=O)(=O)N2CCn3c(cc4cc(Cl)ccc43)C2)C(=O)O)cc1,7.06,7.15,-0.09,False,3.81,490.0,3.21,2,5,100.9,6,True,True,0.449,False
1024,CAND-01584,C[C@@H]1[C@H](c2cccc(Cl)c2)[C@]1(NS(=O)(=O)N1CCn2c(cc3cc(Cl)ccc32)C1)C(=O)O,0.3236422249896232,6.980592186239665,0.5562388799096896,0.5210062442705563,1.0,0.5638833667480055,2,0.5,-2.978790000000001,0,0.9152542372881356,False,C[C@@H]1[C@H](c2cccc(Cl)c2)[C@]1(NS(=O)(=O)N1CCn2c(cc3cc(Cl)ccc32)C1)C(=O)O,7.06,7.11,-0.05,False,3.88,494.4,3.86,2,4,91.6,5,True,True,0.449,False
1025,CAND-01585,C[C@@H]1[C@H](c2ccc(Cl)cc2)[C@]1(NS(=O)(=O)N1CCn2c(cc3cc(Cl)ccc32)C1)C(=O)O,0.3236422249896232,6.980592186239665,0.5562388799096896,0.5210062442705563,1.0,0.5638833667480055,2,0.5,-2.978790000000001,0,0.912280701754386,False,C[C@@H]1[C@H](c2ccc(Cl)cc2)[C@]1(NS(=O)(=O)N1CCn2c(cc3cc(Cl)ccc32)C1)C(=O)O,7.04,7.1,-0.06,False,3.84,494.4,3.86,2,4,91.6,5,True,True,0.458,False
1026,CAND-01834,C[C@]1(c2cccc(Cl)c2)C[C@@]1(NS(=O)(=O)c1ccc(-c2ccc(Cl)cc2)s1)C(=O)O,0.3236139998536262,7.092034929202015,0.5902458344050409,0.7353262064016013,1.0,0.50701694168244,2,0.5,-1.961209,0,0.8679245283018868,True,C[C@]1(c2cccc(Cl)c2)C[C@@]1(NS(=O)(=O)c1ccc(-c2ccc(Cl)cc2)s1)C(=O)O,7.31,6.8,0.51,False,3.38,482.4,5.19,2,4,83.5,6,True,True,0.814,False
1027,CAND-00336,N#Cc1c(Cl)cnn1-c1ccc(S(=O)(=O)N[C@@]2(C(=O)O)C[C@@H]2C2CCCCC2)s1,0.3235055101203116,6.7307048913173455,0.4799853200860524,0.4678636949295509,1.0,0.6900612006586568,2,0.5,-3.231108300000001,0,0.6666666666666666,False,N#Cc1c(Cl)cnn1-c1ccc(S(=O)(=O)N[C@@]2(C(=O)O)C[C@@H]2C2CCCCC2)s1,6.7,6.6,0.1,False,3.98,455.0,3.16,2,7,125.1,6,True,True,0.659,False
1028,CAND-01157,COc1cc(Cl)cnc1-c1ccc(S(=O)(=O)N[C@@]2(C(=O)O)C[C@@H]2c2ccccc2)s1,0.3232478504276387,7.000523591142663,0.5623209841503727,0.5448282601816256,1.0,0.5511173626003036,2,0.5,-2.8656842,0,0.6923076923076923,True,COc1cc(Cl)cnc1-c1ccc(S(=O)(=O)N[C@@]2(C(=O)O)C[C@@H]2c2ccccc2)s1,7.18,6.77,0.41,False,3.44,465.0,3.76,2,6,105.6,7,True,True,0.456,False
1029,CAND-00307,Cc1cc(C#N)ncc1CCC1CCN(S(=O)(=O)CC2(N(O)C=O)CCOCC2)CC1,0.323208779841914,6.235492816537209,0.3288704601594072,0.2450403200116254,0.25,0.3625784992073679,1,1.0,-4.289063100000004,3,0.8088235294117647,False,Cc1cc(C#N)ncc1CCC1CCN(S(=O)(=O)CC2(N(O)C=O)CCOCC2)CC1,6.09,7.43,-1.34,False,3.33,450.6,1.63,1,7,123.8,8,True,True,0.542,False
1030,CAND-01391,C[C@@H]1[C@H](c2cccc(F)c2)[C@]1(NS(=O)(=O)N1CCN(c2ccc(Cl)cc2)C(CO)C1)C(=O)O,0.3232069644387255,7.022156911025827,0.5689224308241924,0.2469890547557075,1.0,0.5398423782178494,2,0.5,-4.279810600000002,0,0.84375,True,C[C@@H]1[C@H](c2cccc(F)c2)[C@]1(NS(=O)(=O)N1CCN(c2ccc(Cl)cc2)C(CO)C1)C(=O)O,7.09,6.7,0.39,False,3.89,498.0,2.05,3,5,110.2,7,True,True,0.58,False
1031,CAND-01660,CC(CF)[C@H]1C[C@@]1(NS(=O)(=O)c1ccc(-n2cc(Cl)cn2)s1)C(=O)O,0.3231014563795439,6.641055952843036,0.4526287844318432,0.4017907297935266,1.0,0.7329617351438876,2,0.5,-3.5448196000000007,0,0.8333333333333334,False,CC(CF)[C@H]1C[C@@]1(NS(=O)(=O)c1ccc(-n2cc(Cl)cn2)s1)C(=O)O,6.56,6.64,-0.08,False,4.32,407.9,2.31,2,6,101.3,7,True,True,0.704,False
1032,CAND-01861,C[C@]1(c2ccccc2C(F)(F)F)C[C@@]1(NS(=O)(=O)c1ccc(-c2ccc(Cl)cc2)s1)C(=O)O,0.3228989275648945,7.193569006420104,0.6212291416343825,0.7468610311497428,1.0,0.4506109477086596,2,0.5,-1.9064422,0,0.7333333333333333,True,C[C@]1(c2ccccc2C(F)(F)F)C[C@@]1(NS(=O)(=O)c1ccc(-c2ccc(Cl)cc2)s1)C(=O)O,7.23,6.58,0.65,False,3.53,516.0,5.55,2,4,83.5,6,False,True,0.849,False
1033,CAND-00325,COc1nn(-c2ccc(S(=O)(=O)N[C@@]3(C(=O)O)C[C@@H]3C3CCCCC3)s2)cc1Cl,0.3228891905439134,6.788040809668972,0.4974814792302297,0.4818940796058928,1.0,0.656792138242373,2,0.5,-3.1644927000000016,0,0.7014925373134329,False,COc1nn(-c2ccc(S(=O)(=O)N[C@@]3(C(=O)O)C[C@@H]3C3CCCCC3)s2)cc1Cl,6.79,6.85,-0.06,False,3.94,460.0,3.3,2,7,110.5,7,True,True,0.713,False
1034,CAND-00752,CCCCNc1nc(NCc2nc(-c3cccs3)sc2C)nc(N2CCC[C@@H]2CNS(=O)(=O)c2cccc(C#N)c2)n1,0.3228232307751452,5.9491261454193936,0.2414851527376501,0.5271464910400854,0.75,0.1736021813544003,1,1.0,-2.9496363999999984,1,0.813953488372093,False,CCCCNc1nc(NCc2nc(-c3cccs3)sc2C)nc(N2CCC[C@@H]2CNS(=O)(=O)c2cccc(C#N)c2)n1,5.88,5.83,0.05,False,3.59,623.8,5.01,3,12,148.8,13,False,False,0.596,False
1035,CAND-00771,CCCCNc1nc(NCc2csc(-c3ccc(O)s3)n2)nc(N2CCC[C@@H]2CNS(=O)(=O)c2cccc(C#N)c2)n1,0.3227683307645664,5.984678742598519,0.2523340920433755,0.434468352410855,0.75,0.1553376158095955,1,1.0,-3.3896678,1,0.8333333333333334,False,CCCCNc1nc(NCc2csc(-c3ccc(O)s3)n2)nc(N2CCC[C@@H]2CNS(=O)(=O)c2cccc(C#N)c2)n1,5.73,6.61,-0.88,False,3.69,625.8,4.41,4,13,169.1,13,False,False,0.572,False
1036,CAND-01921,C[C@@H]1[C@H](c2ccccc2)[C@]1(NS(=O)(=O)c1sc2c([nH]c3cc(Cl)ccc32)c1C#N)C(=O)O,0.3226484203311521,7.318829364434843,0.6594525663442156,0.6197421520118409,1.0,0.3852351916339879,2,0.5,-2.509996599999999,0,0.6666666666666666,True,C[C@@H]1[C@H](c2ccccc2)[C@]1(NS(=O)(=O)c1sc2c([nH]c3cc(Cl)ccc32)c1C#N)C(=O)O,7.75,6.69,1.06,False,3.96,486.0,4.44,3,5,123.0,5,True,True,0.742,False
1037,CAND-01172,O=C(O)[C@]1(NS(=O)(=O)c2cc(C(F)(F)F)c(-c3ccc(Cl)cn3)s2)C[C@@H]1c1ccccc1,0.3225643432299929,7.08056976888167,0.5867472200051099,0.6471079059868436,1.0,0.5058502548581029,2,0.5,-2.3800653,0,0.6923076923076923,True,O=C(O)[C@]1(NS(=O)(=O)c2cc(C(F)(F)F)c(-c3ccc(Cl)cn3)s2)C[C@@H]1c1ccccc1,7.19,6.59,0.6,False,3.65,502.9,4.77,2,5,96.4,6,True,True,0.547,False
1038,CAND-01173,O=C(O)[C@]1(NS(=O)(=O)c2ccc(-c3ncc(Cl)cc3C(F)(F)F)s2)C[C@@H]1c1ccccc1,0.3225643432299929,7.08056976888167,0.5867472200051099,0.6471079059868438,1.0,0.5058502548581028,2,0.5,-2.380065299999999,0,0.6923076923076923,True,O=C(O)[C@]1(NS(=O)(=O)c2ccc(-c3ncc(Cl)cc3C(F)(F)F)s2)C[C@@H]1c1ccccc1,7.16,6.6,0.56,False,3.56,502.9,4.77,2,5,96.4,6,True,True,0.539,False
1039,CAND-01171,O=C(O)[C@]1(NS(=O)(=O)c2sc(-c3ccc(Cl)cn3)cc2C(F)(F)F)C[C@@H]1c1ccccc1,0.3225643432299929,7.08056976888167,0.5867472200051099,0.6471079059868438,1.0,0.5058502548581028,2,0.5,-2.380065299999999,0,0.6923076923076923,True,O=C(O)[C@]1(NS(=O)(=O)c2sc(-c3ccc(Cl)cn3)cc2C(F)(F)F)C[C@@H]1c1ccccc1,7.16,6.58,0.58,False,3.66,502.9,4.77,2,5,96.4,6,True,True,0.525,False
1040,CAND-00343,Cc1cnc(C)c(CCC2CCN(S(=O)(=O)CC3(N(O)C=O)CCOCC3)CC2)c1C,0.3225434138587257,6.219451510586588,0.3239754266470582,0.3525593400523695,0.25,0.3685190017839886,1,1.0,-3.7785679000000014,3,0.7352941176470589,False,Cc1cnc(C)c(CCC2CCN(S(=O)(=O)CC3(N(O)C=O)CCOCC3)CC2)c1C,6.16,7.44,-1.28,False,3.26,453.6,2.38,1,6,100.0,8,True,True,0.527,False
1041,CAND-01044,COc1cc(COc2ccc(S(=O)(=O)N3C[C@H](O)CC(C)(C)[C@@H]3C(=O)NO)cc2)c(Cl)cc1Cl,0.3225008248467411,8.004777622496746,0.8687709174364668,0.3783725511154541,0.5,0.3687206365841631,2,0.5,-3.656008000000002,2,0.7794117647058824,True,COc1cc(COc2ccc(S(=O)(=O)N3C[C@H](O)CC(C)(C)[C@@H]3C(=O)NO)cc2)c(Cl)cc1Cl,7.79,8.19,-0.4,False,3.49,533.4,3.24,3,7,125.4,7,True,True,1.108,False
1042,CAND-00004,COc1ccc(C(NC(=O)COc2ccc(NC(C)=O)cc2)c2cc(Cl)c3cccnc3c2O)cc1O,0.3224638847672735,5.762330232036767,0.1844840420554887,0.589680541243831,0.75,0.2674062124650971,1,1.0,-2.652727699999999,1,0.8405797101449275,False,COc1ccc(C(NC(=O)COc2ccc(NC(C)=O)cc2)c2cc(Cl)c3cccnc3c2O)cc1O,5.61,6.64,-1.03,False,2.95,522.0,4.55,4,7,130.0,8,True,True,0.275,True
1043,CAND-00005,COc1ccc(C(NC(=O)COc2ccc(NC(C)=O)cc2O)c2cc(Cl)c3cccnc3c2O)cc1,0.3224638847672735,5.762330232036767,0.1844840420554887,0.589680541243831,0.75,0.2674062124650971,1,1.0,-2.652727699999999,1,0.8405797101449275,False,COc1ccc(C(NC(=O)COc2ccc(NC(C)=O)cc2O)c2cc(Cl)c3cccnc3c2O)cc1,6.06,6.63,-0.57,False,2.95,522.0,4.55,4,7,130.0,8,True,True,0.866,True
1044,CAND-00492,C=CCCNc1nc(NCc2csc(-c3ccc(C(F)(F)F)cc3)n2)nc(N2CCC[C@@H]2CNS(=O)(=O)c2ccccc2)n1,0.3223803952010307,6.3660737309927775,0.3687174622863391,0.5830001458523438,0.5,0.1267388801928703,1,1.0,-2.6844458999999987,2,0.9466666666666668,False,C=CCCNc1nc(NCc2csc(-c3ccc(C(F)(F)F)cc3)n2)nc(N2CCC[C@@H]2CNS(=O)(=O)c2ccccc2)n1,6.51,5.62,0.89,False,3.48,644.7,5.56,3,10,125.0,13,False,False,0.565,False
1045,CAND-01868,C[C@]1(c2ccccc2C#N)C[C@@]1(NS(=O)(=O)c1ccc(-c2ccc(Cl)cc2)s1)C(=O)O,0.322331342805611,6.986073336280812,0.5579114627542671,0.6305510006681827,1.0,0.5523565141136285,2,0.5,-2.4586766999999994,0,0.7333333333333333,False,C[C@]1(c2ccccc2C#N)C[C@@]1(NS(=O)(=O)c1ccc(-c2ccc(Cl)cc2)s1)C(=O)O,7.33,6.6,0.73,False,3.52,473.0,4.4,2,5,107.3,6,True,True,0.852,False
1046,CAND-02076,C[C@@H]1[C@H](c2ccc(O)cc2)[C@]1(NS(=O)(=O)N1CCN(c2ccc(Cl)cc2)CC1)C(=O)O,0.3221755469719345,6.8839711225659,0.5267547876457703,0.3188683964298293,1.0,0.6032456670699462,2,0.5,-3.938530900000001,0,0.8461538461538461,False,C[C@@H]1[C@H](c2ccc(O)cc2)[C@]1(NS(=O)(=O)N1CCN(c2ccc(Cl)cc2)CC1)C(=O)O,7.12,6.92,0.2,False,3.45,466.0,2.26,3,5,110.2,6,True,True,0.456,False
1047,CAND-01181,N#Cc1cc(Cl)cnc1-c1ccc(S(=O)(=O)N[C@@]2(C(=O)O)C[C@@H]2c2ccccc2)s1,0.3221138555650042,6.928160645556112,0.5402393004776834,0.5307978755052835,1.0,0.5803602029705562,2,0.5,-2.9322998000000005,0,0.6923076923076923,False,N#Cc1cc(Cl)cnc1-c1ccc(S(=O)(=O)N[C@@]2(C(=O)O)C[C@@H]2c2ccccc2)s1,7.05,6.71,0.34,False,3.54,459.9,3.62,2,6,120.1,6,True,True,0.395,False
1048,CAND-01179,N#Cc1cc(-c2ccc(Cl)cn2)sc1S(=O)(=O)N[C@@]1(C(=O)O)C[C@@H]1c1ccccc1,0.3221138555650042,6.928160645556112,0.5402393004776834,0.5307978755052832,1.0,0.5803602029705562,2,0.5,-2.9322998000000013,0,0.6923076923076923,False,N#Cc1cc(-c2ccc(Cl)cn2)sc1S(=O)(=O)N[C@@]1(C(=O)O)C[C@@H]1c1ccccc1,7.06,6.67,0.39,False,3.64,459.9,3.62,2,6,120.1,6,True,True,0.394,False
1049,CAND-01180,N#Cc1cc(S(=O)(=O)N[C@@]2(C(=O)O)C[C@@H]2c2ccccc2)sc1-c1ccc(Cl)cn1,0.3221138555650042,6.928160645556112,0.5402393004776834,0.5307978755052835,1.0,0.5803602029705562,2,0.5,-2.9322998,0,0.6923076923076923,False,N#Cc1cc(S(=O)(=O)N[C@@]2(C(=O)O)C[C@@H]2c2ccccc2)sc1-c1ccc(Cl)cn1,7.05,6.69,0.36,False,3.65,459.9,3.62,2,6,120.2,6,True,True,0.386,False
1050,CAND-01174,O=C(O)[C@]1(NS(=O)(=O)c2ccc(-c3cc(C(F)(F)F)c(Cl)cn3)s2)C[C@@H]1c1ccccc1,0.3219650524552113,7.072714127732408,0.5843500569059836,0.6471079059868438,1.0,0.5058502548581028,2,0.5,-2.380065299999999,0,0.703125,True,O=C(O)[C@]1(NS(=O)(=O)c2ccc(-c3cc(C(F)(F)F)c(Cl)cn3)s2)C[C@@H]1c1ccccc1,7.1,6.61,0.49,False,3.51,502.9,4.77,2,5,96.4,6,True,True,0.64,False
1051,CAND-01504,COc1cnn(-c2cc(O)c(S(=O)(=O)N[C@@]3(C(=O)O)[C@H](C)[C@@H]3c3ccccc3)s2)c1,0.3219045551426989,7.403602970086406,0.6853213853733158,0.3286814474239156,0.75,0.5038280586624666,2,0.5,-3.8919390000000016,1,0.7424242424242424,True,COc1cnn(-c2cc(O)c(S(=O)(=O)N[C@@]3(C(=O)O)[C@H](C)[C@@H]3c3ccccc3)s2)c1,7.53,6.7,0.83,False,4.14,449.5,2.18,3,8,130.7,7,True,True,0.478,False
1052,CAND-01842,Cc1ccc([C@@]2(C)C[C@@]2(NS(=O)(=O)c2ccc(-c3ccc(Cl)cc3)s2)C(=O)O)cc1,0.3219012358556185,6.98553847872053,0.5577482500027632,0.7099708558583937,1.0,0.5497611556995181,2,0.5,-2.0815949999999988,0,0.8490566037735849,False,Cc1ccc([C@@]2(C)C[C@@]2(NS(=O)(=O)c2ccc(-c3ccc(Cl)cc3)s2)C(=O)O)cc1,7.37,6.73,0.64,False,3.32,462.0,4.84,2,4,83.5,6,True,True,0.782,False
1053,CAND-00332,O=C(O)[C@]1(NS(=O)(=O)c2ccc(-n3ncc(Cl)c3C(F)(F)F)s2)C[C@@H]1C1CCCCC1,0.3218941701821758,6.849225504184946,0.516152099379266,0.5841737254111113,1.0,0.6190409689157289,2,0.5,-2.6788738,0,0.6666666666666666,False,O=C(O)[C@]1(NS(=O)(=O)c2ccc(-n3ncc(Cl)c3C(F)(F)F)s2)C[C@@H]1C1CCCCC1,6.84,6.67,0.17,False,3.96,497.9,4.31,2,6,101.3,6,True,True,0.803,False
1054,CAND-01138,O=C(O)[C@]1(NS(=O)(=O)c2ccc(-c3ccc(Cl)cn3)s2)C[C@@H]1c1ccc(F)cc1,0.3218422689784707,6.903572394681317,0.5327361512694667,0.579806411289919,1.0,0.5910548744073602,2,0.5,-2.6996096,0,0.8421052631578947,False,O=C(O)[C@]1(NS(=O)(=O)c2ccc(-c3ccc(Cl)cn3)s2)C[C@@H]1c1ccc(F)cc1,7.22,6.81,0.41,False,3.34,452.9,3.89,2,5,96.4,6,True,True,0.602,False
1055,CAND-01059,CC1(C)C[C@@H](O)CN(S(=O)(=O)c2ccc(OCc3cc(C#N)c(Cl)cc3Cl)cc2)[C@H]1C(=O)NO,0.321676908750579,7.958535410230766,0.8546600227609397,0.3643421664391121,0.5,0.3867460204022941,2,0.5,-3.7226236000000017,2,0.7571428571428571,True,CC1(C)C[C@@H](O)CN(S(=O)(=O)c2ccc(OCc3cc(C#N)c(Cl)cc3Cl)cc2)[C@H]1C(=O)NO,7.79,8.15,-0.36,False,3.64,528.4,3.1,3,7,140.0,6,True,True,1.165,False
1056,CAND-00110,COCc1onc(N2CCN(S(=O)(=O)N[C@@]3(C(=O)O)[C@H](C)[C@@H]3c3ccccc3)C[C@H]2C)c1C#N,0.3216240689395361,6.963276114245821,0.5509548492345668,0.1443368062338451,1.0,0.5592357108726291,2,0.5,-4.7671986,0,0.6973684210526315,False,COCc1onc(N2CCN(S(=O)(=O)N[C@@]3(C(=O)O)[C@H](C)[C@@H]3c3ccccc3)C[C@H]2C)c1C#N,6.93,6.65,0.28,False,4.3,489.6,1.29,2,8,149.0,8,True,False,0.449,False
1057,CAND-01182,N#Cc1cc(-c2ccc(S(=O)(=O)N[C@@]3(C(=O)O)C[C@@H]3c3ccccc3)s2)ncc1Cl,0.3215145647902227,6.92030500440685,0.5378421373785571,0.5307978755052835,1.0,0.5803602029705562,2,0.5,-2.9322998000000005,0,0.703125,False,N#Cc1cc(-c2ccc(S(=O)(=O)N[C@@]3(C(=O)O)C[C@@H]3c3ccccc3)s2)ncc1Cl,6.99,6.67,0.32,False,3.57,459.9,3.62,2,6,120.2,6,True,True,0.511,False
1058,CAND-01155,COc1cc(-c2ccc(Cl)cn2)sc1S(=O)(=O)N[C@@]1(C(=O)O)C[C@@H]1c1ccccc1,0.3214770821733025,6.977311954071093,0.555237911133028,0.5448282601816253,1.0,0.5511173626003036,2,0.5,-2.865684200000001,0,0.6923076923076923,False,COc1cc(-c2ccc(Cl)cn2)sc1S(=O)(=O)N[C@@]1(C(=O)O)C[C@@H]1c1ccccc1,7.13,6.73,0.4,False,3.5,465.0,3.76,2,6,105.6,7,True,True,0.471,False
1059,CAND-01160,COc1ccccc1[C@H]1C[C@@]1(NS(=O)(=O)c1ccc(-c2ccc(Cl)cn2)s1)C(=O)O,0.3214538251408089,6.977007095546392,0.5551448830030534,0.5448282601816256,1.0,0.5511173626003036,2,0.5,-2.8656842,0,0.746031746031746,False,COc1ccccc1[C@H]1C[C@@]1(NS(=O)(=O)c1ccc(-c2ccc(Cl)cn2)s1)C(=O)O,7.08,6.73,0.35,False,3.36,465.0,3.76,2,6,105.6,7,True,True,0.562,False
1060,CAND-00335,N#Cc1cc(S(=O)(=O)N[C@@]2(C(=O)O)C[C@@H]2C2CCCCC2)sc1-n1cc(Cl)cn1,0.3212697535581533,6.701398080686354,0.4710422938374188,0.4678636949295509,1.0,0.6900612006586572,2,0.5,-3.231108300000001,0,0.6811594202898551,False,N#Cc1cc(S(=O)(=O)N[C@@]2(C(=O)O)C[C@@H]2C2CCCCC2)sc1-n1cc(Cl)cn1,6.76,6.61,0.15,False,4.04,455.0,3.16,2,7,125.1,6,True,True,0.609,False
1061,CAND-00023,O=CN(O)C1(CS(=O)(=O)N2CCC(CCc3ccc(Cl)cc3)CC2)CCOCC1,0.3212664851105239,6.192128011952426,0.3156376116399416,0.4134562845774044,0.25,0.3781589309685105,1,1.0,-3.489432100000001,3,0.8245614035087719,False,O=CN(O)C1(CS(=O)(=O)N2CCC(CCc3ccc(Cl)cc3)CC2)CCOCC1,6.37,7.82,-1.45,False,2.89,445.0,2.71,1,5,87.2,8,True,True,0.622,False
1062,CAND-01140,O=C(O)[C@]1(NS(=O)(=O)c2cc(Cl)c(-c3ccc(Cl)cn3)s2)C[C@@H]1c1ccccc1,0.3212572062382671,6.961159392376188,0.5503089277291686,0.6355730812387023,1.0,0.5578664953731666,2,0.5,-2.4348320999999995,0,0.75,False,O=C(O)[C@]1(NS(=O)(=O)c2cc(Cl)c(-c3ccc(Cl)cn3)s2)C[C@@H]1c1ccccc1,7.07,6.65,0.42,False,3.51,469.4,4.41,2,5,96.4,6,True,True,0.407,False
1063,CAND-01139,O=C(O)[C@]1(NS(=O)(=O)c2sc(-c3ccc(Cl)cn3)cc2Cl)C[C@@H]1c1ccccc1,0.3212572062382671,6.961159392376188,0.5503089277291686,0.6355730812387022,1.0,0.5578664953731663,2,0.5,-2.4348321,0,0.75,False,O=C(O)[C@]1(NS(=O)(=O)c2sc(-c3ccc(Cl)cn3)cc2Cl)C[C@@H]1c1ccccc1,7.05,6.63,0.42,False,3.55,469.4,4.41,2,5,96.4,6,True,True,0.375,False
1064,CAND-01141,O=C(O)[C@]1(NS(=O)(=O)c2ccc(-c3ncc(Cl)cc3Cl)s2)C[C@@H]1c1ccccc1,0.3212572062382671,6.961159392376188,0.5503089277291686,0.6355730812387022,1.0,0.5578664953731663,2,0.5,-2.4348321,0,0.75,False,O=C(O)[C@]1(NS(=O)(=O)c2ccc(-c3ncc(Cl)cc3Cl)s2)C[C@@H]1c1ccccc1,7.07,6.65,0.42,False,3.44,469.4,4.41,2,5,96.4,6,True,True,0.417,False
1065,CAND-01982,N#Cc1ccc(Cl)cc1-c1ccc(S(=O)(=O)N[C@@]2(C(=O)O)C[C@@H]2c2ccccc2)s1,0.3212121240794729,6.928160645556112,0.5402393004776834,0.6225377991881763,1.0,0.5743486597336809,2,0.5,-2.496723,0,0.6885245901639344,False,N#Cc1ccc(Cl)cc1-c1ccc(S(=O)(=O)N[C@@]2(C(=O)O)C[C@@H]2c2ccccc2)s1,7.09,6.7,0.39,False,3.39,458.9,4.23,2,5,107.3,6,True,True,0.463,False
1066,CAND-01950,Cc1ccccc1[C@H]1C[C@@]1(NS(=O)(=O)c1ccc(-c2cccc(Cl)c2)s1)C(=O)O,0.3211784607341401,6.926590117465761,0.5397600509915119,0.7019576543783873,1.0,0.5749229865750807,2,0.5,-2.119641299999999,0,0.8103448275862069,False,Cc1ccccc1[C@H]1C[C@@]1(NS(=O)(=O)c1ccc(-c2cccc(Cl)c2)s1)C(=O)O,7.06,6.6,0.46,False,3.25,448.0,4.67,2,4,83.5,6,True,True,0.517,False
1067,CAND-00316,O=C(O)[C@]1(NS(=O)(=O)c2ccc(-n3ncc(Cl)c3Cl)s2)C[C@@H]1C1CCCCC1,0.3211774877268257,6.7307048913173455,0.4799853200860524,0.5726389006629697,1.0,0.6745410513687508,2,0.5,-2.7336406000000006,0,0.71875,False,O=C(O)[C@]1(NS(=O)(=O)c2ccc(-n3ncc(Cl)c3Cl)s2)C[C@@H]1C1CCCCC1,6.7,6.89,-0.19,False,3.89,464.4,3.94,2,6,101.3,6,True,True,0.67,False
1068,CAND-00317,O=C(O)[C@]1(NS(=O)(=O)c2ccc(-n3cc(Cl)c(Cl)n3)s2)C[C@@H]1C1CCCCC1,0.3211774877268257,6.7307048913173455,0.4799853200860524,0.5726389006629697,1.0,0.6745410513687508,2,0.5,-2.7336406000000006,0,0.7580645161290323,False,O=C(O)[C@]1(NS(=O)(=O)c2ccc(-n3cc(Cl)c(Cl)n3)s2)C[C@@H]1C1CCCCC1,6.68,6.92,-0.24,False,3.96,464.4,3.94,2,6,101.3,6,True,True,0.693,False
1069,CAND-01153,Cc1cccc([C@H]2C[C@@]2(NS(=O)(=O)c2ccc(-c3ccc(Cl)cn3)s2)C(=O)O)c1,0.3211345753328352,6.891817748183238,0.5291491996390303,0.6102177306954943,1.0,0.592315169487184,2,0.5,-2.5552181000000003,0,0.8166666666666667,False,Cc1cccc([C@H]2C[C@@]2(NS(=O)(=O)c2ccc(-c3ccc(Cl)cn3)s2)C(=O)O)c1,7.13,6.82,0.31,False,3.37,449.0,4.06,2,5,96.4,6,True,True,0.486,False
1070,CAND-00491,C=CCCNc1nc(NCc2csc(-c3cccc(C(F)(F)F)c3)n2)nc(N2CCC[C@@H]2CNS(=O)(=O)c2ccccc2)n1,0.3211338429402108,6.357903684291849,0.3662243577646994,0.5830001458523437,0.5,0.1267388801928703,1,1.0,-2.684445899999999,2,0.8625,False,C=CCCNc1nc(NCc2csc(-c3cccc(C(F)(F)F)c3)n2)nc(N2CCC[C@@H]2CNS(=O)(=O)c2ccccc2)n1,6.54,5.64,0.9,False,3.49,644.7,5.56,3,10,125.0,13,False,False,0.571,False
1071,CAND-00494,C=CCCNc1nc(NCc2csc(-c3ccccc3)n2)nc(N2CCC[C@@H]2CNS(=O)(=O)c2cccc(C(F)(F)F)c2)n1,0.3211338429402108,6.357903684291849,0.3662243577646994,0.5830001458523436,0.5,0.1267388801928703,1,1.0,-2.6844459,2,0.8625,False,C=CCCNc1nc(NCc2csc(-c3ccccc3)n2)nc(N2CCC[C@@H]2CNS(=O)(=O)c2cccc(C(F)(F)F)c2)n1,6.55,5.66,0.89,False,3.49,644.7,5.56,3,10,125.0,13,False,False,0.579,False
1072,CAND-00758,CCCCNc1nc(NCc2csc(-c3cccs3)n2)nc(N2CCC[C@@H]2CNS(=O)(=O)c2ccc(C)c(C#N)c2)n1,0.3211302978052759,5.938030468278448,0.2380992867979115,0.5271464910400855,0.75,0.1736021813544003,1,1.0,-2.949636399999998,1,0.8518518518518519,False,CCCCNc1nc(NCc2csc(-c3cccs3)n2)nc(N2CCC[C@@H]2CNS(=O)(=O)c2ccc(C)c(C#N)c2)n1,5.94,5.65,0.29,False,3.54,623.8,5.01,3,12,148.8,13,False,False,0.559,False
1073,CAND-01954,COc1cc(S(=O)(=O)N[C@@]2(C(=O)O)C[C@@H]2c2ccccc2)sc1-c1cccc(Cl)c1,0.3211152133588809,6.989526779827219,0.5589652872960285,0.6365681838645184,1.0,0.5424926102324923,2,0.5,-2.4301074,0,0.6825396825396826,False,COc1cc(S(=O)(=O)N[C@@]2(C(=O)O)C[C@@H]2c2ccccc2)sc1-c1cccc(Cl)c1,7.1,6.57,0.53,False,3.38,464.0,4.37,2,5,92.7,7,True,True,0.492,False
1074,CAND-01914,C[C@@H]1[C@H](c2ccccc2)[C@]1(NS(=O)(=O)c1sc2c([nH]c3cc(Cl)ccc32)c1C(F)(F)F)C(=O)O,0.3211123924071913,7.438239740940325,0.6958908586201569,0.736052182493401,1.0,0.3142645183476803,2,0.5,-1.9577621,0,0.6666666666666666,True,C[C@@H]1[C@H](c2ccccc2)[C@]1(NS(=O)(=O)c1sc2c([nH]c3cc(Cl)ccc32)c1C(F)(F)F)C(=O)O,7.79,6.82,0.97,False,4.03,529.0,5.59,3,4,99.3,5,False,True,0.679,False
1075,CAND-01930,O=C(O)[C@]1(NS(=O)(=O)c2ccc(-c3ccc(F)c(Cl)c3)s2)C[C@@H]1c1ccccc1,0.321086345081623,6.919837980799547,0.5376996242804438,0.6715463349728119,1.0,0.577742926743414,2,0.5,-2.2640327999999994,0,0.7857142857142857,False,O=C(O)[C@]1(NS(=O)(=O)c2ccc(-c3ccc(F)c(Cl)c3)s2)C[C@@H]1c1ccccc1,7.17,6.6,0.57,False,3.23,451.9,4.5,2,4,83.5,6,True,True,0.598,False
1076,CAND-01929,O=C(O)[C@]1(NS(=O)(=O)c2ccc(-c3cc(F)cc(Cl)c3)s2)C[C@@H]1c1ccccc1,0.321086345081623,6.919837980799547,0.5376996242804438,0.6715463349728119,1.0,0.577742926743414,2,0.5,-2.2640327999999994,0,0.7758620689655172,False,O=C(O)[C@]1(NS(=O)(=O)c2ccc(-c3cc(F)cc(Cl)c3)s2)C[C@@H]1c1ccccc1,7.23,6.62,0.61,False,3.31,451.9,4.5,2,4,83.5,6,True,True,0.565,False
1077,CAND-00098,COCc1onc(N2CCN(S(=O)(=O)N[C@@]3(C(=O)O)[C@H](C)[C@@H]3c3ccccc3)C[C@H]2C)c1OC,0.3209419643064372,7.0103536724858815,0.5653206512443294,0.1583671909101871,1.0,0.5307453433023656,2,0.5,-4.700583000000001,0,0.7027027027027027,True,COCc1onc(N2CCN(S(=O)(=O)N[C@@]3(C(=O)O)[C@H](C)[C@@H]3c3ccccc3)C[C@H]2C)c1OC,6.92,6.68,0.24,False,4.24,494.6,1.43,2,8,134.4,9,True,True,0.443,False
1078,CAND-00756,CCCCNc1nc(NCc2csc(-c3cccs3)n2)nc(N2CCC[C@@H]2CNS(=O)(=O)c2cc(C#N)ccc2C)n1,0.3209016569169849,5.936531929634067,0.2376420050213297,0.5271464910400855,0.75,0.1736021813544003,1,1.0,-2.949636399999998,1,0.8192771084337349,False,CCCCNc1nc(NCc2csc(-c3cccs3)n2)nc(N2CCC[C@@H]2CNS(=O)(=O)c2cc(C#N)ccc2C)n1,5.95,5.68,0.27,False,3.52,623.8,5.01,3,12,148.8,13,False,False,0.57,False
1079,CAND-00855,C=CCCNc1nc(NCc2csc(-c3ccc(O)s3)n2)nc(N2CCC[C@@H]2CNS(=O)(=O)c2ccc(C(F)(F)F)cc2)n1,0.3208552322811507,6.390578949331473,0.3761952739660479,0.5198719237397594,0.5,0.109191984327089,1,1.0,-2.9841757,2,0.8170731707317073,False,C=CCCNc1nc(NCc2csc(-c3ccc(O)s3)n2)nc(N2CCC[C@@H]2CNS(=O)(=O)c2ccc(C(F)(F)F)cc2)n1,6.5,6.46,0.04,False,3.8,666.8,5.33,4,12,145.3,13,False,False,0.767,False
1080,CAND-01142,O=C(O)[C@]1(NS(=O)(=O)c2ccc(-c3cc(Cl)c(Cl)cn3)s2)C[C@@H]1c1ccccc1,0.3206579154634855,6.953303751226926,0.5479117646300424,0.6355730812387022,1.0,0.5578664953731663,2,0.5,-2.4348321,0,0.7758620689655172,False,O=C(O)[C@]1(NS(=O)(=O)c2ccc(-c3cc(Cl)c(Cl)cn3)s2)C[C@@H]1c1ccccc1,7.01,6.64,0.37,False,3.43,469.4,4.41,2,5,96.4,6,True,True,0.511,False
1081,CAND-01399,C[C@@H]1[C@H](c2ccccc2)[C@]1(NS(=O)(=O)N1CCN(c2ccc(Cl)c(Cl)c2)C(CO)C1)C(=O)O,0.3204516431724326,7.016730198451292,0.5672664596709704,0.3027557247044905,1.0,0.524233521697933,2,0.5,-4.015033100000003,0,0.8387096774193549,True,C[C@@H]1[C@H](c2ccccc2)[C@]1(NS(=O)(=O)N1CCN(c2ccc(Cl)c(Cl)c2)C(CO)C1)C(=O)O,6.97,6.64,0.33,False,3.88,514.4,2.57,3,5,110.2,7,True,True,0.538,False
1082,CAND-01458,CCCCNc1nc(NCc2csc(-c3cccs3)n2)nc(N2CCC[C@@H]2CNS(=O)(=O)c2ccc(Cl)cc2O)n1,0.3202108369363363,5.988191338349439,0.2534059669872867,0.539243558144274,0.75,0.1450261781423095,1,1.0,-2.8922000999999984,1,0.8125,False,CCCCNc1nc(NCc2csc(-c3cccs3)n2)nc(N2CCC[C@@H]2CNS(=O)(=O)c2ccc(Cl)cc2O)n1,5.95,6.21,-0.26,False,3.52,635.2,5.19,4,12,145.3,13,False,False,0.412,False
1083,CAND-01529,Fc1cc(-c2ccccc2)ccc1Cn1c([S-])nnc1COc1ccc(Cl)cc1,0.3201788840055788,5.496182498764065,0.10326858007154,0.8219882359817204,0.75,0.3951486465660292,1,1.0,-1.5497417999999987,1,0.7169811320754716,False,Fc1cc(-c2ccccc2)ccc1Cn1c([S-])nnc1COc1ccc(Cl)cc1,5.27,5.79,-0.52,False,2.52,424.9,5.27,0,5,39.9,6,True,True,0.784,True
1084,CAND-00324,COc1c(Cl)cnn1-c1ccc(S(=O)(=O)N[C@@]2(C(=O)O)C[C@@H]2C2CCCCC2)s1,0.3201449911605815,6.752069213734863,0.4865046816969021,0.4818940796058928,1.0,0.656792138242373,2,0.5,-3.1644927000000016,0,0.6764705882352942,False,COc1c(Cl)cnn1-c1ccc(S(=O)(=O)N[C@@]2(C(=O)O)C[C@@H]2C2CCCCC2)s1,6.83,6.82,0.01,False,3.92,460.0,3.3,2,7,110.5,7,True,True,0.734,False
1085,CAND-01409,COc1cc(N2CCN(S(=O)(=O)N[C@@]3(C(=O)O)[C@H](C)[C@@H]3c3ccccc3)CC2CO)ccc1Cl,0.3201046882581159,7.065622666421822,0.582186084666211,0.2120109036474142,1.0,0.4970544472770877,2,0.5,-4.445885200000001,0,0.7761194029850746,True,COc1cc(N2CCN(S(=O)(=O)N[C@@]3(C(=O)O)[C@H](C)[C@@H]3c3ccccc3)CC2CO)ccc1Cl,6.85,6.55,0.3,False,3.9,510.0,1.92,3,6,119.4,8,True,True,0.451,False
1086,CAND-01869,C[C@]1(c2cccc(C#N)c2)C[C@@]1(NS(=O)(=O)c1ccc(-c2ccc(Cl)cc2)s1)C(=O)O,0.3199504793910631,6.954864431693699,0.5483880090960752,0.6305510006681827,1.0,0.5523565141136285,2,0.5,-2.4586766999999994,0,0.7796610169491526,False,C[C@]1(c2cccc(C#N)c2)C[C@@]1(NS(=O)(=O)c1ccc(-c2ccc(Cl)cc2)s1)C(=O)O,7.36,6.84,0.52,False,3.49,473.0,4.4,2,5,107.3,6,True,True,0.861,False
1087,CAND-01392,C[C@@H]1[C@H](c2ccc(F)cc2)[C@]1(NS(=O)(=O)N1CCN(c2ccc(Cl)cc2)C(CO)C1)C(=O)O,0.3197951565977376,6.977434150060906,0.5552751994602408,0.2469890547557075,1.0,0.5398423782178494,2,0.5,-4.279810600000002,0,0.8524590163934426,False,C[C@@H]1[C@H](c2ccc(F)cc2)[C@]1(NS(=O)(=O)N1CCN(c2ccc(Cl)cc2)C(CO)C1)C(=O)O,6.94,6.67,0.27,False,3.85,498.0,2.05,3,5,110.2,7,True,True,0.563,False
1088,CAND-01985,N#Cc1c(Cl)cccc1-c1ccc(S(=O)(=O)N[C@@]2(C(=O)O)C[C@@H]2c2ccccc2)s1,0.3197184322765748,6.908580990262005,0.534264533266091,0.6225377991881763,1.0,0.5743486597336809,2,0.5,-2.496723,0,0.6721311475409836,False,N#Cc1c(Cl)cccc1-c1ccc(S(=O)(=O)N[C@@]2(C(=O)O)C[C@@H]2c2ccccc2)s1,6.97,6.7,0.27,False,3.45,458.9,4.23,2,5,107.3,6,True,True,0.538,False
1089,CAND-00029,O=CN(O)C1(CS(=O)(=O)N2CCC(CCc3ccccc3O)CC2)CCOCC1,0.3194061458230317,6.190770055572288,0.3152232287954558,0.2954227954049663,0.25,0.3726484380843459,1,1.0,-4.049849500000002,3,0.8166666666666667,False,O=CN(O)C1(CS(=O)(=O)N2CCC(CCc3ccccc3O)CC2)CCOCC1,6.13,7.57,-1.44,False,3.01,426.5,1.76,2,6,107.4,8,True,True,0.64,False
1090,CAND-01848,COc1cccc([C@@]2(C)C[C@@]2(NS(=O)(=O)c2ccc(-c3ccc(Cl)cc3)s2)C(=O)O)c1,0.3191496941831915,7.006456317299504,0.564131366263071,0.6445813853445249,1.0,0.520779017449492,2,0.5,-2.392061099999999,0,0.7931034482758621,True,COc1cccc([C@@]2(C)C[C@@]2(NS(=O)(=O)c2ccc(-c3ccc(Cl)cc3)s2)C(=O)O)c1,7.32,6.71,0.61,False,3.36,478.0,4.54,2,5,92.7,7,True,True,0.827,False
1091,CAND-00219,Cc1ncc(CCC2CCN(S(=O)(=O)CC3(N(O)C=O)CCOCC3)CC2)c(C)c1Cl,0.3190727902385659,6.225772423342016,0.3259042646021286,0.3779146905955772,0.25,0.3537355264583388,1,1.0,-3.658181900000003,3,0.7647058823529411,False,Cc1ncc(CCC2CCN(S(=O)(=O)CC3(N(O)C=O)CCOCC3)CC2)c(C)c1Cl,6.17,7.44,-1.27,False,3.34,474.0,2.72,1,6,100.0,8,True,True,0.698,False
1092,CAND-01459,CCCCNc1nc(NCc2csc(-c3cccs3)n2)nc(N2CCC[C@@H]2CNS(=O)(=O)c2ccc(Cl)c(O)c2)n1,0.3190122553867731,5.980335697200177,0.2510088038881605,0.539243558144274,0.75,0.1450261781423095,1,1.0,-2.8922000999999984,1,0.825,False,CCCCNc1nc(NCc2csc(-c3cccs3)n2)nc(N2CCC[C@@H]2CNS(=O)(=O)c2ccc(Cl)c(O)c2)n1,6.0,6.18,-0.18,False,3.49,635.2,5.19,4,12,145.3,13,False,False,0.636,False
1093,CAND-01151,Cc1nc(-c2ccc(S(=O)(=O)N[C@@]3(C(=O)O)C[C@@H]3c3ccccc3)s2)ccc1Cl,0.3189924591110581,6.863738396645704,0.5205807347519223,0.6102177306954946,1.0,0.592315169487184,2,0.5,-2.5552180999999994,0,0.7049180327868853,False,Cc1nc(-c2ccc(S(=O)(=O)N[C@@]3(C(=O)O)C[C@@H]3c3ccccc3)s2)ccc1Cl,7.04,6.79,0.25,False,3.4,449.0,4.06,2,5,96.4,6,True,True,0.599,False
1094,CAND-00032,O=CN(O)C1(CS(=O)(=O)N2CCC(CCc3ccccc3C(F)(F)F)CC2)CCOCC1,0.3188231051644686,6.226370416821203,0.3260867433934313,0.4249911093255459,0.25,0.3525991115591766,1,1.0,-3.4346653000000007,3,0.7903225806451613,False,O=CN(O)C1(CS(=O)(=O)N2CCC(CCc3ccccc3C(F)(F)F)CC2)CCOCC1,6.4,7.99,-1.59,False,3.07,478.5,3.08,1,5,87.2,8,True,True,0.723,False
1095,CAND-02067,Cc1cc(Cl)ccc1N1CCN(S(=O)(=O)N[C@@]2(C(=O)O)[C@H](C)[C@@H]2c2ccccc2)CC1,0.3187499461213211,6.67415966177733,0.462730441062246,0.4115465350590594,1.0,0.6871155723717306,2,0.5,-3.498499500000001,0,0.75,False,Cc1cc(Cl)ccc1N1CCN(S(=O)(=O)N[C@@]2(C(=O)O)[C@H](C)[C@@H]2c2ccccc2)CC1,7.11,6.99,0.12,False,3.44,464.0,2.86,2,4,90.0,6,True,True,0.463,False
1096,CAND-01927,O=C(O)[C@]1(NS(=O)(=O)c2cc(F)c(-c3cccc(Cl)c3)s2)C[C@@H]1c1ccccc1,0.3186519696810985,6.88792762880709,0.5279621226783455,0.6715463349728119,1.0,0.577742926743414,2,0.5,-2.2640327999999994,0,0.7166666666666667,False,O=C(O)[C@]1(NS(=O)(=O)c2cc(F)c(-c3cccc(Cl)c3)s2)C[C@@H]1c1ccccc1,7.21,6.61,0.6,False,3.41,451.9,4.5,2,4,83.5,6,True,True,0.592,False
1097,CAND-01926,O=C(O)[C@]1(NS(=O)(=O)c2sc(-c3cccc(Cl)c3)cc2F)C[C@@H]1c1ccccc1,0.3186519696810985,6.88792762880709,0.5279621226783455,0.6715463349728119,1.0,0.577742926743414,2,0.5,-2.2640327999999994,0,0.7166666666666667,False,O=C(O)[C@]1(NS(=O)(=O)c2sc(-c3cccc(Cl)c3)cc2F)C[C@@H]1c1ccccc1,7.17,6.59,0.58,False,3.44,451.9,4.5,2,4,83.5,6,True,True,0.63,False
1098,CAND-01613,C[C@@H]1[C@H](c2ccc(C(F)(F)F)cc2)[C@]1(NS(=O)(=O)N1CCn2c(cc3cc(Cl)ccc32)C1)C(=O)O,0.3186244909548391,7.001951487022649,0.5627567091596825,0.5325410690186977,1.0,0.5195687577661233,2,0.5,-2.924023200000001,0,0.8125,True,C[C@@H]1[C@H](c2ccc(C(F)(F)F)cc2)[C@]1(NS(=O)(=O)N1CCn2c(cc3cc(Cl)ccc32)C1)C(=O)O,7.14,6.86,0.28,False,3.94,528.0,4.22,2,4,91.6,5,True,True,0.551,False
1099,CAND-01398,C[C@@H]1[C@H](c2ccccc2)[C@]1(NS(=O)(=O)N1CCN(c2ccc(Cl)cc2Cl)C(CO)C1)C(=O)O,0.3186029113385897,6.99249659686919,0.5598715323355993,0.3027557247044907,1.0,0.524233521697933,2,0.5,-4.015033100000002,0,0.78125,False,C[C@@H]1[C@H](c2ccccc2)[C@]1(NS(=O)(=O)N1CCN(c2ccc(Cl)cc2Cl)C(CO)C1)C(=O)O,6.98,6.65,0.33,False,3.88,514.4,2.57,3,5,110.2,7,True,True,0.561,False
1100,CAND-01175,O=C(O)[C@]1(NS(=O)(=O)c2ccc(-c3ccc(Cl)c(C(F)(F)F)n3)s2)C[C@@H]1c1ccccc1,0.3185532446142234,7.027991366767487,0.5707028255420322,0.6471079059868438,1.0,0.5058502548581028,2,0.5,-2.380065299999999,0,0.671875,True,O=C(O)[C@]1(NS(=O)(=O)c2ccc(-c3ccc(Cl)c(C(F)(F)F)n3)s2)C[C@@H]1c1ccccc1,7.06,6.6,0.46,False,3.56,502.9,4.77,2,5,96.4,6,True,True,0.633,False
1101,CAND-00298,COc1cc(C)c(CCC2CCN(S(=O)(=O)CC3(N(O)C=O)CCOCC3)CC2)cn1,0.3184443924244297,6.242191607005861,0.3309146081818432,0.2590707046879676,0.25,0.3432902944450268,1,1.0,-4.222447500000003,3,0.8208955223880597,False,COc1cc(C)c(CCC2CCN(S(=O)(=O)CC3(N(O)C=O)CCOCC3)CC2)cn1,6.14,7.39,-1.25,False,3.21,455.6,1.77,1,7,109.3,9,True,True,0.599,False
1102,CAND-01408,COc1cc(Cl)ccc1N1CCN(S(=O)(=O)N[C@@]2(C(=O)O)[C@H](C)[C@@H]2c2ccccc2)CC1CO,0.3183516416439002,7.042643328680096,0.5751738982093485,0.2120109036474141,1.0,0.4970544472770872,2,0.5,-4.445885200000002,0,0.7352941176470589,True,COc1cc(Cl)ccc1N1CCN(S(=O)(=O)N[C@@]2(C(=O)O)[C@H](C)[C@@H]2c2ccccc2)CC1CO,6.86,6.55,0.31,False,3.9,510.0,1.92,3,6,119.4,8,True,True,0.471,False
1103,CAND-00776,CCCCNc1nc(NCc2nc(-c3cccs3)sc2C(F)(F)F)nc(N2CCC[C@@H]2CNS(=O)(=O)c2cccc(C#N)c2)n1,0.3182218548338194,5.965088431584338,0.2463560732195376,0.5640366663314349,0.75,0.1501460607468351,1,1.0,-2.7744835999999973,1,0.7777777777777778,False,CCCCNc1nc(NCc2nc(-c3cccs3)sc2C(F)(F)F)nc(N2CCC[C@@H]2CNS(=O)(=O)c2cccc(C#N)c2)n1,5.81,5.75,0.06,False,3.79,677.8,5.72,3,12,148.8,13,False,False,0.521,False
1104,CAND-01983,N#Cc1cc(Cl)cc(-c2ccc(S(=O)(=O)N[C@@]3(C(=O)O)C[C@@H]3c3ccccc3)s2)c1,0.3181357045006492,6.887834230979463,0.5279336221623885,0.6225377991881763,1.0,0.5743486597336805,2,0.5,-2.496723,0,0.7377049180327869,False,N#Cc1cc(Cl)cc(-c2ccc(S(=O)(=O)N[C@@]3(C(=O)O)C[C@@H]3c3ccccc3)s2)c1,7.03,6.7,0.33,False,3.4,458.9,4.23,2,5,107.3,6,True,True,0.393,False
1105,CAND-01424,C[C@@H]1[C@H](c2ccccc2)[C@]1(NS(=O)(=O)N1CCN(c2ccc(Cl)c(C#N)c2)C(CO)C1)C(=O)O,0.3180833030473833,6.988280259442502,0.5585849093470134,0.1979805189710721,1.0,0.5229138380708667,2,0.5,-4.5125008000000015,0,0.7647058823529411,False,C[C@@H]1[C@H](c2ccccc2)[C@]1(NS(=O)(=O)N1CCN(c2ccc(Cl)c(C#N)c2)C(CO)C1)C(=O)O,6.79,6.44,0.35,False,4.03,505.0,1.79,3,6,134.0,7,True,True,0.427,False
1106,CAND-01423,C[C@@H]1[C@H](c2ccccc2)[C@]1(NS(=O)(=O)N1CCN(c2ccc(Cl)cc2C#N)C(CO)C1)C(=O)O,0.3180833030473833,6.988280259442502,0.5585849093470134,0.1979805189710721,1.0,0.5229138380708667,2,0.5,-4.5125008000000015,0,0.7246376811594203,False,C[C@@H]1[C@H](c2ccccc2)[C@]1(NS(=O)(=O)N1CCN(c2ccc(Cl)cc2C#N)C(CO)C1)C(=O)O,6.82,6.47,0.35,False,4.0,505.0,1.79,3,6,134.0,7,True,True,0.472,False
1107,CAND-01849,COc1ccc([C@@]2(C)C[C@@]2(NS(=O)(=O)c2ccc(-c3ccc(Cl)cc3)s2)C(=O)O)cc1,0.3180345681467606,6.991838989039123,0.5596708621173473,0.6445813853445247,1.0,0.520779017449492,2,0.5,-2.3920611,0,0.8035714285714286,False,COc1ccc([C@@]2(C)C[C@@]2(NS(=O)(=O)c2ccc(-c3ccc(Cl)cc3)s2)C(=O)O)cc1,7.34,6.65,0.69,False,3.31,478.0,4.54,2,5,92.7,7,True,True,0.83,False
1108,CAND-01395,C[C@@H]1[C@H](c2ccccc2Cl)[C@]1(NS(=O)(=O)N1CCN(c2ccc(Cl)cc2)C(CO)C1)C(=O)O,0.317961995135794,6.984095320047022,0.5573078675244161,0.3027557247044905,1.0,0.524233521697933,2,0.5,-4.015033100000003,0,0.8387096774193549,False,C[C@@H]1[C@H](c2ccccc2Cl)[C@]1(NS(=O)(=O)N1CCN(c2ccc(Cl)cc2)C(CO)C1)C(=O)O,6.79,6.61,0.18,False,3.91,514.4,2.57,3,5,110.2,7,True,True,0.453,False
1109,CAND-01605,C[C@@H]1[C@H](c2cccc(O)c2)[C@]1(NS(=O)(=O)N1CCn2c(cc3cc(Cl)ccc32)C1)C(=O)O,0.3178090989508502,6.980592186239665,0.5562388799096896,0.4029727550981182,1.0,0.524995859822852,2,0.5,-3.539207400000002,0,0.8709677419354839,False,C[C@@H]1[C@H](c2cccc(O)c2)[C@]1(NS(=O)(=O)N1CCn2c(cc3cc(Cl)ccc32)C1)C(=O)O,7.18,7.01,0.17,False,3.93,476.0,2.91,3,5,111.9,5,True,True,0.505,False
1110,CAND-01606,C[C@@H]1[C@H](c2ccc(O)cc2)[C@]1(NS(=O)(=O)N1CCn2c(cc3cc(Cl)ccc32)C1)C(=O)O,0.3178090989508502,6.980592186239665,0.5562388799096896,0.4029727550981182,1.0,0.524995859822852,2,0.5,-3.539207400000002,0,0.8666666666666667,False,C[C@@H]1[C@H](c2ccc(O)cc2)[C@]1(NS(=O)(=O)N1CCn2c(cc3cc(Cl)ccc32)C1)C(=O)O,7.17,6.98,0.19,False,3.89,476.0,2.91,3,5,111.9,5,True,True,0.512,False
1111,CAND-01154,Cc1ccc([C@H]2C[C@@]2(NS(=O)(=O)c2ccc(-c3ccc(Cl)cn3)s2)C(=O)O)cc1,0.3177227674918473,6.847094987218316,0.5155019682750789,0.6102177306954945,1.0,0.592315169487184,2,0.5,-2.5552181,0,0.8421052631578947,False,Cc1ccc([C@H]2C[C@@]2(NS(=O)(=O)c2ccc(-c3ccc(Cl)cn3)s2)C(=O)O)cc1,7.09,6.8,0.29,False,3.32,449.0,4.06,2,5,96.4,6,True,True,0.513,False
1112,CAND-00115,COCc1cc(N2CCN(S(=O)(=O)N[C@@]3(C(=O)O)[C@H](CF)[C@@H]3c3ccccc3)C[C@H]2C)no1,0.3175839938660516,6.930156457799227,0.5408483261919537,0.1650078639160775,1.0,0.5491460821204216,2,0.5,-4.669053400000001,0,0.8405797101449275,False,COCc1cc(N2CCN(S(=O)(=O)N[C@@]3(C(=O)O)[C@H](CF)[C@@H]3c3ccccc3)C[C@H]2C)no1,7.04,6.64,0.4,False,4.31,482.5,1.37,2,7,125.2,9,True,True,0.44,False
1113,CAND-00106,COCc1onc(N2CCN(S(=O)(=O)N[C@@]3(C(=O)O)[C@H](C)[C@@H]3c3ccccc3)C[C@H]2C)c1C(F)(F)F,0.3174378275880938,6.963276114245821,0.5509548492345668,0.260646836715405,1.0,0.5313274351963474,2,0.5,-4.214964100000001,0,0.6753246753246753,False,COCc1onc(N2CCN(S(=O)(=O)N[C@@]3(C(=O)O)[C@H](C)[C@@H]3c3ccccc3)C[C@H]2C)c1C(F)(F)F,6.96,6.66,0.3,False,4.34,532.5,2.44,2,7,125.2,8,True,True,0.566,False
1114,CAND-01593,Cc1c2n(c3ccc(Cl)cc13)CCN(S(=O)(=O)N[C@@]1(C(=O)O)[C@H](C)[C@@H]1c1ccccc1)C2,0.3173821202571157,7.1693442069380975,0.6138369002757692,0.4956508937273485,0.75,0.5928193012544892,2,0.5,-3.099176000000001,1,0.7121212121212122,True,Cc1c2n(c3ccc(Cl)cc13)CCN(S(=O)(=O)N[C@@]1(C(=O)O)[C@H](C)[C@@H]1c1ccccc1)C2,7.12,7.1,0.02,False,3.8,474.0,3.51,2,4,91.6,5,True,True,0.438,False
1115,CAND-00351,Cc1cnc(C)c(CCC2CCN(S(=O)(=O)CC3(N(O)C=O)CCOCC3)CC2)c1C#N,0.3173054611975161,6.213432245613067,0.3221386370579942,0.2731394848621585,0.25,0.35412047556173,1,1.0,-4.155649600000003,3,0.684931506849315,False,Cc1cnc(C)c(CCC2CCN(S(=O)(=O)CC3(N(O)C=O)CCOCC3)CC2)c1C#N,6.13,7.53,-1.4,False,3.42,464.6,1.94,1,7,123.8,8,True,True,0.515,False
1116,CAND-01973,O=C(O)[C@]1(NS(=O)(=O)c2ccc(-c3cc(Cl)ccc3C(F)(F)F)s2)C[C@@H]1c1ccccc1,0.3172887164156459,7.0720654982355855,0.5841521264423531,0.7388478296697364,1.0,0.4750045653670508,2,0.5,-1.9444885,0,0.7096774193548387,True,O=C(O)[C@]1(NS(=O)(=O)c2ccc(-c3cc(Cl)ccc3C(F)(F)F)s2)C[C@@H]1c1ccccc1,7.13,6.65,0.48,False,3.4,501.9,5.38,2,4,83.5,6,False,True,0.564,False
1117,CAND-01049,CC1(C)C[C@@H](O)CN(S(=O)(=O)c2ccc(OCc3cc(O)c(Cl)cc3Cl)cc2)[C@H]1C(=O)NO,0.317242889165189,7.991534157050842,0.864729650012425,0.3510838830000929,0.5,0.3404031777472183,2,0.5,-3.7855733000000016,2,0.803030303030303,True,CC1(C)C[C@@H](O)CN(S(=O)(=O)c2ccc(OCc3cc(O)c(Cl)cc3Cl)cc2)[C@H]1C(=O)NO,7.84,8.11,-0.27,False,3.56,519.4,2.93,4,7,136.4,6,True,True,1.156,False
1118,CAND-01612,C[C@@H]1[C@H](c2cccc(C(F)(F)F)c2)[C@]1(NS(=O)(=O)N1CCn2c(cc3cc(Cl)ccc32)C1)C(=O)O,0.3169950336423409,6.980592186239665,0.5562388799096896,0.5325410690186978,1.0,0.5195687577661233,2,0.5,-2.924023200000001,0,0.8181818181818182,False,C[C@@H]1[C@H](c2cccc(C(F)(F)F)c2)[C@]1(NS(=O)(=O)N1CCn2c(cc3cc(Cl)ccc32)C1)C(=O)O,7.13,6.88,0.25,False,3.97,528.0,4.22,2,4,91.6,5,True,True,0.531,False
1119,CAND-01165,O=C(O)[C@]1(NS(=O)(=O)c2ccc(-c3ncc(Cl)cc3O)s2)C[C@@H]1c1ccccc1,0.3169503960483256,6.961159392376188,0.5503089277291686,0.5175395920662642,1.0,0.5291544274402232,2,0.5,-2.9952495000000003,0,0.7377049180327869,False,O=C(O)[C@]1(NS(=O)(=O)c2ccc(-c3ncc(Cl)cc3O)s2)C[C@@H]1c1ccccc1,7.08,6.68,0.4,False,3.49,450.9,3.46,3,6,116.6,6,True,True,0.435,False
1120,CAND-00783,CCCCNc1nc(NCc2csc(-c3cccs3)n2)nc(N2CCC[C@@H]2CNS(=O)(=O)c2cccc(C#N)c2C(F)(F)F)n1,0.3168834912337954,5.956316642820482,0.2436793460194897,0.5640366663314347,0.75,0.1501460607468351,1,1.0,-2.774483599999998,1,0.7386363636363636,False,CCCCNc1nc(NCc2csc(-c3cccs3)n2)nc(N2CCC[C@@H]2CNS(=O)(=O)c2cccc(C#N)c2C(F)(F)F)n1,5.89,5.77,0.12,False,3.76,677.8,5.72,3,12,148.8,13,False,False,0.552,False
1121,CAND-00331,O=C(O)[C@]1(NS(=O)(=O)c2cc(C(F)(F)F)c(-n3cc(Cl)cn3)s2)C[C@@H]1C1CCCCC1,0.3168635739746418,6.783283293431529,0.4960297145491301,0.5841737254111113,1.0,0.6190409689157289,2,0.5,-2.6788738,0,0.6811594202898551,False,O=C(O)[C@]1(NS(=O)(=O)c2cc(C(F)(F)F)c(-n3cc(Cl)cn3)s2)C[C@@H]1C1CCCCC1,6.89,6.67,0.22,False,4.02,497.9,4.31,2,6,101.3,6,True,True,0.714,False
1122,CAND-01937,O=C(O)[C@]1(NS(=O)(=O)c2ccc(-c3cc(Cl)ccc3Cl)s2)C[C@@H]1c1ccccc1,0.3168597262983993,6.952655121730103,0.547713834166412,0.727313004921595,1.0,0.5328751183786425,2,0.5,-1.9992552999999995,0,0.75,False,O=C(O)[C@]1(NS(=O)(=O)c2ccc(-c3cc(Cl)ccc3Cl)s2)C[C@@H]1c1ccccc1,7.08,6.7,0.38,False,3.25,468.4,5.01,2,4,83.5,6,True,True,0.443,False
1123,CAND-01959,COc1ccccc1[C@H]1C[C@@]1(NS(=O)(=O)c1ccc(-c2cccc(Cl)c2)s1)C(=O)O,0.3167945573113978,6.932890627784354,0.541682663106096,0.6365681838645185,1.0,0.5424926102324923,2,0.5,-2.430107399999999,0,0.7419354838709677,False,COc1ccccc1[C@H]1C[C@@]1(NS(=O)(=O)c1ccc(-c2cccc(Cl)c2)s1)C(=O)O,7.03,6.55,0.48,False,3.24,464.0,4.37,2,5,92.7,7,True,True,0.577,False
1124,CAND-01598,COc1cccc([C@H]2[C@@H](C)[C@@]2(NS(=O)(=O)N2CCn3c(cc4cc(Cl)ccc43)C2)C(=O)O)c1,0.3166916405893352,6.910077386436079,0.5347211612639854,0.4302614232134797,1.0,0.5534090018222593,2,0.5,-3.409642100000001,0,0.8307692307692308,False,COc1cccc([C@H]2[C@@H](C)[C@@]2(NS(=O)(=O)N2CCn3c(cc4cc(Cl)ccc43)C2)C(=O)O)c1,7.07,7.17,-0.1,False,3.85,490.0,3.21,2,5,100.9,6,True,True,0.442,False
1125,CAND-00114,C[C@@H]1CN(S(=O)(=O)N[C@@]2(C(=O)O)[C@H](C)[C@@H]2c2ccccc2)CCN1c1cc(COCF)on1,0.3166173018950469,6.908792135381709,0.534328964581104,0.2169873224300366,1.0,0.5535670716651393,2,0.5,-4.422257400000002,0,0.8405797101449275,False,C[C@@H]1CN(S(=O)(=O)N[C@@]2(C(=O)O)[C@H](C)[C@@H]2c2ccccc2)CCN1c1cc(COCF)on1,7.03,6.64,0.39,False,4.3,482.5,1.72,2,7,125.2,9,True,True,0.443,False
1126,CAND-01964,O=C(O)[C@]1(NS(=O)(=O)c2ccc(-c3cc(Cl)ccc3O)s2)C[C@@H]1c1ccccc1,0.3164836217361885,6.961159392376188,0.5503089277291686,0.609279515749157,1.0,0.526042598692642,2,0.5,-2.5596727,0,0.7368421052631579,False,O=C(O)[C@]1(NS(=O)(=O)c2ccc(-c3cc(Cl)ccc3O)s2)C[C@@H]1c1ccccc1,7.09,6.86,0.23,False,3.29,449.9,4.06,3,5,103.7,6,True,True,0.475,False
1127,CAND-00301,Cc1cc(O)ncc1CCC1CCN(S(=O)(=O)CC2(N(O)C=O)CCOCC2)CC1,0.3164554685995222,6.204238406465878,0.3193331204204356,0.2317820365726064,0.25,0.3559630279643479,1,1.0,-4.3520128000000025,3,0.859375,False,Cc1cc(O)ncc1CCC1CCN(S(=O)(=O)CC2(N(O)C=O)CCOCC2)CC1,5.99,7.25,-1.26,False,3.38,441.6,1.47,2,7,120.3,8,True,True,0.476,False
1128,CAND-01166,O=C(O)[C@]1(NS(=O)(=O)c2ccc(-c3cc(O)c(Cl)cn3)s2)C[C@@H]1c1ccccc1,0.3163511052735441,6.953303751226926,0.5479117646300424,0.5175395920662642,1.0,0.5291544274402232,2,0.5,-2.9952495000000003,0,0.75,False,O=C(O)[C@]1(NS(=O)(=O)c2ccc(-c3cc(O)c(Cl)cn3)s2)C[C@@H]1c1ccccc1,7.01,6.65,0.36,False,3.54,450.9,3.46,3,6,116.6,6,True,True,0.537,False
1129,CAND-00299,COc1nccc(C)c1CCC1CCN(S(=O)(=O)CC2(N(O)C=O)CCOCC2)CC1,0.3162519372895699,6.227822004218639,0.3265296979121238,0.2590707046879676,0.25,0.3432902944450268,1,1.0,-4.222447500000003,3,0.6944444444444444,False,COc1nccc(C)c1CCC1CCN(S(=O)(=O)CC2(N(O)C=O)CCOCC2)CC1,6.27,7.39,-1.12,False,3.25,455.6,1.77,1,7,109.3,9,True,True,0.551,False
1130,CAND-00231,Cc1cc(CF)ncc1CCC1CCN(S(=O)(=O)CC2(N(O)C=O)CCOCC2)CC1,0.3162370579531525,6.220827284588343,0.3243952465709934,0.3254348690303867,0.25,0.3467981155588527,1,1.0,-3.907353600000003,3,0.8208955223880597,False,Cc1cc(CF)ncc1CCC1CCN(S(=O)(=O)CC2(N(O)C=O)CCOCC2)CC1,6.09,7.41,-1.32,False,3.37,457.6,2.23,1,6,100.0,9,True,True,0.558,False
1131,CAND-00353,Cc1cnc(CF)c(CCC2CCN(S(=O)(=O)CC3(N(O)C=O)CCOCC3)CC2)c1,0.3162370579531525,6.220827284588343,0.3243952465709934,0.3254348690303867,0.25,0.3467981155588527,1,1.0,-3.907353600000003,3,0.8208955223880597,False,Cc1cnc(CF)c(CCC2CCN(S(=O)(=O)CC3(N(O)C=O)CCOCC3)CC2)c1,5.98,7.38,-1.4,False,3.39,457.6,2.23,1,6,100.0,9,True,True,0.637,False
1132,CAND-00775,CCCCNc1nc(NCc2csc(-c3cccs3)n2)nc(N2CCC[C@@H]2CNS(=O)(=O)c2cccc(C#N)c2O)n1,0.3161733559708816,5.941454520277978,0.2391441424560058,0.4344683524108552,0.75,0.1553376158095955,1,1.0,-3.389667799999999,1,0.7647058823529411,False,CCCCNc1nc(NCc2csc(-c3cccs3)n2)nc(N2CCC[C@@H]2CNS(=O)(=O)c2cccc(C#N)c2O)n1,5.78,6.48,-0.7,False,3.65,625.8,4.41,4,13,169.0,13,False,False,0.593,False
1133,CAND-01856,C[C@]1(c2ccc(O)cc2)C[C@@]1(NS(=O)(=O)c1ccc(-c2ccc(Cl)cc2)s1)C(=O)O,0.3161313958100949,6.994042749366614,0.56034334356552,0.6172927172291633,1.0,0.5069703994580995,2,0.5,-2.5216264,0,0.8490566037735849,False,C[C@]1(c2ccc(O)cc2)C[C@@]1(NS(=O)(=O)c1ccc(-c2ccc(Cl)cc2)s1)C(=O)O,7.46,6.75,0.71,False,3.39,464.0,4.24,3,5,103.7,6,True,True,0.827,False
1134,CAND-00024,Cc1cccc(CCC2CCN(S(=O)(=O)CC3(N(O)C=O)CCOCC3)CC2)c1,0.3159460174502688,6.127531632017571,0.2959259095172543,0.3881009340341965,0.25,0.3932768756388055,1,1.0,-3.609818100000002,3,0.8,False,Cc1cccc(CCC2CCN(S(=O)(=O)CC3(N(O)C=O)CCOCC3)CC2)c1,6.22,7.75,-1.53,False,2.92,424.6,2.37,1,5,87.2,8,True,True,0.645,False
1135,CAND-01418,C[C@@H]1[C@H](c2ccccc2)[C@]1(NS(=O)(=O)N1CCN(c2ccc(Cl)cc2C(F)(F)F)C(CO)C1)C(=O)O,0.3159047549581489,7.021279006262578,0.5686545365984987,0.3142905494526323,1.0,0.491607472056828,2,0.5,-3.960266300000001,0,0.7246376811594203,True,C[C@@H]1[C@H](c2ccccc2)[C@]1(NS(=O)(=O)N1CCN(c2ccc(Cl)cc2C(F)(F)F)C(CO)C1)C(=O)O,6.94,6.64,0.3,False,4.02,548.0,2.93,3,5,110.2,7,True,True,0.556,False
1136,CAND-01419,C[C@@H]1[C@H](c2ccccc2)[C@]1(NS(=O)(=O)N1CCN(c2ccc(Cl)c(C(F)(F)F)c2)C(CO)C1)C(=O)O,0.3159047549581489,7.021279006262578,0.5686545365984987,0.3142905494526323,1.0,0.491607472056828,2,0.5,-3.960266300000001,0,0.7647058823529411,True,C[C@@H]1[C@H](c2ccccc2)[C@]1(NS(=O)(=O)N1CCN(c2ccc(Cl)c(C(F)(F)F)c2)C(CO)C1)C(=O)O,6.9,6.64,0.26,False,4.01,548.0,2.93,3,5,110.2,7,True,True,0.532,False
1137,CAND-00784,CCCCNc1nc(NCc2nc(-c3cccs3)sc2C#N)nc(N2CCC[C@@H]2CNS(=O)(=O)c2cccc(C#N)c2)n1,0.3158950902742197,5.899259250009176,0.2262681794474948,0.4477266358498744,0.75,0.1758700018349074,1,1.0,-3.326718099999999,1,0.813953488372093,False,CCCCNc1nc(NCc2nc(-c3cccs3)sc2C#N)nc(N2CCC[C@@H]2CNS(=O)(=O)c2cccc(C#N)c2)n1,5.7,5.77,-0.07,False,3.75,634.8,4.57,3,13,172.6,13,False,False,0.552,False
1138,CAND-01054,CC1(C)C[C@@H](O)CN(S(=O)(=O)c2ccc(OCc3cc(C(F)(F)F)c(Cl)cc3Cl)cc2)[C@H]1C(=O)NO,0.3158504719004593,7.94850146839025,0.8515981472676677,0.4806521969206727,0.5,0.3530062338902827,2,0.5,-3.1703890999999995,2,0.7571428571428571,True,CC1(C)C[C@@H](O)CN(S(=O)(=O)c2ccc(OCc3cc(C(F)(F)F)c(Cl)cc3Cl)cc2)[C@H]1C(=O)NO,7.76,8.24,-0.48,False,3.64,571.4,4.25,3,6,116.2,6,True,True,1.197,False
1139,CAND-00760,CCCCNc1nc(NCc2nc(-c3cccs3)sc2OC)nc(N2CCC[C@@H]2CNS(=O)(=O)c2cccc(C#N)c2)n1,0.3156416780468293,5.920623572426694,0.2327875410583446,0.4617570205262166,0.75,0.1641596917255234,1,1.0,-3.2601024999999986,1,0.7954545454545454,False,CCCCNc1nc(NCc2nc(-c3cccs3)sc2OC)nc(N2CCC[C@@H]2CNS(=O)(=O)c2cccc(C#N)c2)n1,5.76,5.84,-0.08,False,3.72,639.8,4.71,3,13,158.1,14,False,False,0.618,False
1140,CAND-00773,CCCCNc1nc(NCc2csc(-c3cccs3)n2)nc(N2CCC[C@@H]2CNS(=O)(=O)c2cc(O)cc(C#N)c2)n1,0.3155901457127453,5.937632093256507,0.2379777219397333,0.4344683524108552,0.75,0.1553376158095955,1,1.0,-3.389667799999999,1,0.8452380952380952,False,CCCCNc1nc(NCc2csc(-c3cccs3)n2)nc(N2CCC[C@@H]2CNS(=O)(=O)c2cc(O)cc(C#N)c2)n1,5.76,6.33,-0.57,False,3.63,625.8,4.41,4,13,169.0,13,False,False,0.557,False
1141,CAND-01183,N#Cc1nc(-c2ccc(S(=O)(=O)N[C@@]3(C(=O)O)C[C@@H]3c3ccccc3)s2)ccc1Cl,0.3155594463170824,6.842243943407902,0.5140216634859959,0.5307978755052835,1.0,0.5803602029705561,2,0.5,-2.9322998,0,0.671875,False,N#Cc1nc(-c2ccc(S(=O)(=O)N[C@@]3(C(=O)O)C[C@@H]3c3ccccc3)s2)ccc1Cl,7.01,6.67,0.34,False,3.51,459.9,3.62,2,6,120.1,6,True,True,0.588,False
1142,CAND-01405,COc1ccccc1[C@H]1[C@@H](C)[C@@]1(NS(=O)(=O)N1CCN(c2ccc(Cl)cc2)C(CO)C1)C(=O)O,0.3155149743753795,7.0054596424645394,0.5638272291352658,0.2120109036474139,1.0,0.4970544472770872,2,0.5,-4.445885200000003,0,0.7878787878787878,True,COc1ccccc1[C@H]1[C@@H](C)[C@@]1(NS(=O)(=O)N1CCN(c2ccc(Cl)cc2)C(CO)C1)C(=O)O,6.74,6.52,0.22,False,3.88,510.0,1.92,3,6,119.4,8,True,True,0.427,False
1143,CAND-01643,Cc1nn(-c2ccc(S(=O)(=O)N[C@@]3(C(=O)O)C[C@@H]3C(C)C)s2)cc1Cl,0.3155091814161691,6.465576076664917,0.399080782961211,0.4605395273015052,1.0,0.771593237839109,2,0.5,-3.2658831,0,0.7333333333333333,False,Cc1nn(-c2ccc(S(=O)(=O)N[C@@]3(C(=O)O)C[C@@H]3C(C)C)s2)cc1Cl,6.46,6.52,-0.06,False,3.93,403.9,2.67,2,6,101.3,6,True,True,0.652,False
1144,CAND-01835,C[C@]1(c2ccc(Cl)cc2)C[C@@]1(NS(=O)(=O)c1ccc(-c2ccc(Cl)cc2)s1)C(=O)O,0.3154896037530568,6.98553847872053,0.5577482500027632,0.7353262064016013,1.0,0.50701694168244,2,0.5,-1.961209,0,0.9183673469387756,False,C[C@]1(c2ccc(Cl)cc2)C[C@@]1(NS(=O)(=O)c1ccc(-c2ccc(Cl)cc2)s1)C(=O)O,7.32,6.74,0.58,False,3.33,482.4,5.19,2,4,83.5,6,True,True,0.804,False
1145,CAND-01420,C[C@@H]1[C@H](c2ccccc2C#N)[C@]1(NS(=O)(=O)N1CCN(c2ccc(Cl)cc2)C(CO)C1)C(=O)O,0.3152466357788626,6.951096573226946,0.5472382402729308,0.1979805189710719,1.0,0.5229138380708663,2,0.5,-4.512500800000002,0,0.7761194029850746,False,C[C@@H]1[C@H](c2ccccc2C#N)[C@]1(NS(=O)(=O)N1CCN(c2ccc(Cl)cc2)C(CO)C1)C(=O)O,6.74,6.42,0.32,False,4.03,505.0,1.79,3,6,134.0,7,True,True,0.406,False
1146,CAND-01400,Cc1ccccc1[C@H]1[C@@H](C)[C@@]1(NS(=O)(=O)N1CCN(c2ccc(Cl)cc2)C(CO)C1)C(=O)O,0.3152231032765486,6.9068391609861255,0.5337330109134556,0.2774003741612829,1.0,0.5452656703212315,2,0.5,-4.135419100000002,0,0.8253968253968254,False,Cc1ccccc1[C@H]1[C@@H](C)[C@@]1(NS(=O)(=O)N1CCN(c2ccc(Cl)cc2)C(CO)C1)C(=O)O,6.72,6.65,0.07,False,3.92,494.0,2.22,3,5,110.2,7,True,True,0.434,False
1147,CAND-01862,C[C@]1(c2cccc(C(F)(F)F)c2)C[C@@]1(NS(=O)(=O)c1ccc(-c2ccc(Cl)cc2)s1)C(=O)O,0.3151531007575591,7.092034929202015,0.5902458344050409,0.7468610311497428,1.0,0.4506109477086596,2,0.5,-1.9064422,0,0.7796610169491526,True,C[C@]1(c2cccc(C(F)(F)F)c2)C[C@@]1(NS(=O)(=O)c1ccc(-c2ccc(Cl)cc2)s1)C(=O)O,7.29,6.8,0.49,False,3.48,516.0,5.55,2,4,83.5,6,False,True,0.879,False
1148,CAND-01984,N#Cc1ccc(-c2ccc(S(=O)(=O)N[C@@]3(C(=O)O)C[C@@H]3c3ccccc3)s2)cc1Cl,0.3150190069129964,6.846979843010125,0.515466831811777,0.6225377991881763,1.0,0.5743486597336809,2,0.5,-2.496723,0,0.7166666666666667,False,N#Cc1ccc(-c2ccc(S(=O)(=O)N[C@@]3(C(=O)O)C[C@@H]3c3ccccc3)s2)cc1Cl,6.92,6.67,0.25,False,3.35,458.9,4.23,2,5,107.3,6,True,True,0.565,False
1149,CAND-00846,C=CCCNc1nc(NCc2nc(-c3cccs3)sc2OC)nc(N2CCC[C@@H]2CNS(=O)(=O)c2ccc(C(F)(F)F)cc2)n1,0.3149369375415621,6.342993552727848,0.3616745041615089,0.5471605918551206,0.5,0.1136656182026923,1,1.0,-2.8546104000000003,2,0.7790697674418605,False,C=CCCNc1nc(NCc2nc(-c3cccs3)sc2OC)nc(N2CCC[C@@H]2CNS(=O)(=O)c2ccc(C(F)(F)F)cc2)n1,6.59,5.88,0.71,False,3.83,680.8,5.63,3,12,134.3,14,False,False,0.768,False
1150,CAND-00107,COCc1cc(N2CCN(S(=O)(=O)N[C@@]3(C(=O)O)[C@H](C)[C@@H]3c3ccccc3C(F)(F)F)C[C@H]2C)no1,0.3148870466251262,6.929839891399331,0.5407517253826962,0.2606468367154052,1.0,0.5313274351963474,2,0.5,-4.2149641,0,0.7837837837837838,False,COCc1cc(N2CCN(S(=O)(=O)N[C@@]3(C(=O)O)[C@H](C)[C@@H]3c3ccccc3C(F)(F)F)C[C@H]2C)no1,6.98,6.6,0.38,False,4.29,532.5,2.44,2,7,125.2,8,True,True,0.628,False
1151,CAND-01176,O=C(O)[C@]1(NS(=O)(=O)c2ccc(-c3ccc(Cl)cn3)s2)C[C@@H]1c1ccccc1C(F)(F)F,0.3148318793415219,6.979210855873883,0.5558173644512261,0.6471079059868435,1.0,0.5058502548581029,2,0.5,-2.3800653000000005,0,0.746031746031746,False,O=C(O)[C@]1(NS(=O)(=O)c2ccc(-c3ccc(Cl)cn3)s2)C[C@@H]1c1ccccc1C(F)(F)F,7.12,6.56,0.56,False,3.53,502.9,4.77,2,5,96.4,6,True,True,0.567,False
1152,CAND-00099,COCc1cc(N2CCN(S(=O)(=O)N[C@@]3(C(=O)O)[C@H](C)[C@@H]3c3ccccc3OC)C[C@H]2C)no1,0.3147997328410289,6.929839891399331,0.5407517253826962,0.1583671909101871,1.0,0.5307453433023656,2,0.5,-4.700583000000001,0,0.8169014084507042,False,COCc1cc(N2CCN(S(=O)(=O)N[C@@]3(C(=O)O)[C@H](C)[C@@H]3c3ccccc3OC)C[C@H]2C)no1,6.92,6.61,0.31,False,4.16,494.6,1.43,2,8,134.4,9,True,True,0.571,False
1153,CAND-00339,Cc1cnc(C)c(CCC2CCN(S(=O)(=O)CC3(N(O)C=O)CCOCC3)CC2)c1F,0.3147592589608211,6.175338614081655,0.310514296525663,0.3221480206467941,0.25,0.3650070356599652,1,1.0,-3.9229594000000025,3,0.7142857142857143,False,Cc1cnc(C)c(CCC2CCN(S(=O)(=O)CC3(N(O)C=O)CCOCC3)CC2)c1F,6.43,7.42,-0.99,False,3.37,457.6,2.21,1,6,100.0,8,True,True,0.74,False
1154,CAND-01184,N#Cc1ccccc1[C@H]1C[C@@]1(NS(=O)(=O)c1ccc(-c2ccc(Cl)cn2)s1)C(=O)O,0.3143813916765333,6.826801732548325,0.5093094449237995,0.5307978755052836,1.0,0.5803602029705561,2,0.5,-2.9322998,0,0.746031746031746,False,N#Cc1ccccc1[C@H]1C[C@@]1(NS(=O)(=O)c1ccc(-c2ccc(Cl)cn2)s1)C(=O)O,6.99,6.67,0.32,False,3.53,459.9,3.62,2,6,120.2,6,True,True,0.465,False
1155,CAND-00864,C=CCCNc1nc(NCc2nc(-c3cccs3)sc2C#N)nc(N2CCC[C@@H]2CNS(=O)(=O)c2ccc(C(F)(F)F)cc2)n1,0.3143735393355336,6.3216292303103305,0.3551551425506591,0.5331302071787789,0.5,0.1226532268673467,1,1.0,-2.9212259999999985,2,0.7701149425287356,False,C=CCCNc1nc(NCc2nc(-c3cccs3)sc2C#N)nc(N2CCC[C@@H]2CNS(=O)(=O)c2ccc(C(F)(F)F)cc2)n1,6.5,5.81,0.69,False,3.86,675.8,5.49,3,12,148.8,13,False,False,0.795,False
1156,CAND-01932,O=C(O)[C@]1(NS(=O)(=O)c2ccc(-c3cccc(Cl)c3)s2)C[C@@H]1c1ccccc1F,0.3143313136336154,6.831291476764225,0.5106794984884131,0.6715463349728118,1.0,0.577742926743414,2,0.5,-2.2640328,0,0.7796610169491526,False,O=C(O)[C@]1(NS(=O)(=O)c2ccc(-c3cccc(Cl)c3)s2)C[C@@H]1c1ccccc1F,7.16,6.59,0.57,False,3.26,451.9,4.5,2,4,83.5,6,True,True,0.657,False
1157,CAND-00493,C=CCCNc1nc(NCc2csc(-c3ccccc3)n2)nc(N2CCC[C@@H]2CNS(=O)(=O)c2ccccc2C(F)(F)F)n1,0.3143102272582351,6.313180923326928,0.352577126400748,0.5830001458523436,0.5,0.1267388801928703,1,1.0,-2.6844459,2,0.8024691358024691,False,C=CCCNc1nc(NCc2csc(-c3ccccc3)n2)nc(N2CCC[C@@H]2CNS(=O)(=O)c2ccccc2C(F)(F)F)n1,6.58,5.61,0.97,False,3.52,644.7,5.56,3,10,125.0,13,False,False,0.598,False
1158,CAND-00767,CCCCNc1nc(NCc2csc(-c3cccs3)n2)nc(N2CCC[C@@H]2CNS(=O)(=O)c2cccc(C#N)c2OC)n1,0.3143033144468054,5.911851783662838,0.2301108138582967,0.4617570205262166,0.75,0.1641596917255234,1,1.0,-3.2601024999999986,1,0.7386363636363636,False,CCCCNc1nc(NCc2csc(-c3cccs3)n2)nc(N2CCC[C@@H]2CNS(=O)(=O)c2cccc(C#N)c2OC)n1,5.85,5.84,0.01,False,3.63,639.8,4.71,3,13,158.0,14,False,False,0.634,False
1159,CAND-00302,Cc1ccnc(O)c1CCC1CCN(S(=O)(=O)CC2(N(O)C=O)CCOCC2)CC1,0.3142630134646625,6.189868803678657,0.3149482101507163,0.2317820365726064,0.25,0.3559630279643479,1,1.0,-4.3520128000000025,3,0.7246376811594203,False,Cc1ccnc(O)c1CCC1CCN(S(=O)(=O)CC2(N(O)C=O)CCOCC2)CC1,6.1,7.3,-1.2,False,3.35,441.6,1.47,2,7,120.3,8,True,True,0.437,False
1160,CAND-00328,O=C(O)[C@]1(NS(=O)(=O)c2ccc(-n3ncc(Cl)c3O)s2)C[C@@H]1C1CCCCC1,0.314181380555988,6.7307048913173455,0.4799853200860524,0.4546054114905316,1.0,0.6279003368964993,2,0.5,-3.294058000000001,0,0.7076923076923077,False,O=C(O)[C@]1(NS(=O)(=O)c2ccc(-n3ncc(Cl)c3O)s2)C[C@@H]1C1CCCCC1,6.73,6.64,0.09,False,3.91,446.0,2.99,3,7,121.5,6,True,True,0.666,False
1161,CAND-00329,O=C(O)[C@]1(NS(=O)(=O)c2ccc(-n3cc(Cl)c(O)n3)s2)C[C@@H]1C1CCCCC1,0.314181380555988,6.7307048913173455,0.4799853200860524,0.4546054114905315,1.0,0.6279003368964993,2,0.5,-3.294058000000002,0,0.746031746031746,False,O=C(O)[C@]1(NS(=O)(=O)c2ccc(-n3cc(Cl)c(O)n3)s2)C[C@@H]1C1CCCCC1,6.72,6.66,0.06,False,4.02,446.0,2.99,3,7,121.5,6,True,True,0.691,False
1162,CAND-00304,Cc1cc(C(F)(F)F)ncc1CCC1CCN(S(=O)(=O)CC2(N(O)C=O)CCOCC2)CC1,0.3141050878940905,6.220827284588343,0.3243952465709934,0.3613503504931857,0.25,0.3396915486953125,1,1.0,-3.7368286000000026,3,0.8208955223880597,False,Cc1cc(C(F)(F)F)ncc1CCC1CCN(S(=O)(=O)CC2(N(O)C=O)CCOCC2)CC1,6.15,7.6,-1.45,False,3.3,493.5,2.78,1,6,100.0,8,True,True,0.597,False
1163,CAND-00789,CCCCNc1nc(NCc2csc(-c3cccs3)n2)nc(N2CCC[C@@H]2CNS(=O)(=O)c2cc(C#N)cc(C#N)c2)n1,0.3139735164160595,5.886665034223849,0.2224250317311744,0.4477266358498745,0.75,0.1758700018349074,1,1.0,-3.3267180999999986,1,0.8987341772151899,False,CCCCNc1nc(NCc2csc(-c3cccs3)n2)nc(N2CCC[C@@H]2CNS(=O)(=O)c2cc(C#N)cc(C#N)c2)n1,5.74,5.62,0.12,False,3.66,634.8,4.57,3,13,172.6,13,False,False,0.54,False
1164,CAND-00297,COc1cncc(CCC2CCN(S(=O)(=O)CC3(N(O)C=O)CCOCC3)CC2)c1C,0.3139209702059987,6.212544578209578,0.3218677637449814,0.2590707046879676,0.25,0.3432902944450267,1,1.0,-4.222447500000003,3,0.7285714285714285,False,COc1cncc(CCC2CCN(S(=O)(=O)CC3(N(O)C=O)CCOCC3)CC2)c1C,6.3,7.56,-1.26,False,3.28,455.6,1.77,1,7,109.3,9,True,True,0.66,False
1165,CAND-00765,CCCCNc1nc(NCc2csc(-c3cccs3)n2)nc(N2CCC[C@@H]2CNS(=O)(=O)c2cc(C#N)cc(OC)c2)n1,0.3137201041886691,5.908029356641367,0.2289443933420242,0.4617570205262166,0.75,0.1641596917255234,1,1.0,-3.2601024999999986,1,0.8255813953488372,False,CCCCNc1nc(NCc2csc(-c3cccs3)n2)nc(N2CCC[C@@H]2CNS(=O)(=O)c2cc(C#N)cc(OC)c2)n1,5.8,5.68,0.12,False,3.58,639.8,4.71,3,13,158.0,14,False,False,0.617,False
1166,CAND-00764,CCCCNc1nc(NCc2csc(-c3cccs3)n2)nc(N2CCC[C@@H]2CNS(=O)(=O)c2cc(C#N)ccc2OC)n1,0.3137201041886691,5.908029356641367,0.2289443933420242,0.4617570205262166,0.75,0.1641596917255234,1,1.0,-3.2601024999999986,1,0.7906976744186046,False,CCCCNc1nc(NCc2csc(-c3cccs3)n2)nc(N2CCC[C@@H]2CNS(=O)(=O)c2cc(C#N)ccc2OC)n1,5.84,5.72,0.12,False,3.53,639.8,4.71,3,13,158.0,14,False,False,0.618,False
1167,CAND-01974,O=C(O)[C@]1(NS(=O)(=O)c2ccc(-c3cc(Cl)cc(C(F)(F)F)c3)s2)C[C@@H]1c1ccccc1,0.3136985466728961,7.025004728487779,0.5697914474713541,0.7388478296697364,1.0,0.4750045653670508,2,0.5,-1.9444885,0,0.7796610169491526,True,O=C(O)[C@]1(NS(=O)(=O)c2ccc(-c3cc(Cl)cc(C(F)(F)F)c3)s2)C[C@@H]1c1ccccc1,7.11,6.68,0.43,False,3.4,501.9,5.38,2,4,83.5,6,False,True,0.573,False
1168,CAND-01857,C[C@]1(c2ccccc2)C[C@@]1(NS(=O)(=O)c1sc(-c2ccc(Cl)cc2)cc1O)C(=O)O,0.3136552970021842,7.289291220546532,0.6504389483338772,0.6172927172291636,0.75,0.5069703994580995,2,0.5,-2.5216264,1,0.7068965517241379,True,C[C@]1(c2ccccc2)C[C@@]1(NS(=O)(=O)c1sc(-c2ccc(Cl)cc2)cc1O)C(=O)O,7.39,6.8,0.59,False,3.56,464.0,4.24,3,5,103.7,6,True,True,0.83,False
1169,CAND-00938,Cc1cc(C(F)(F)F)cc(C(F)(F)F)c1CCC1CCN(S(=O)(=O)CC2(N(O)C=O)CCN(C(=O)C3CCC3)CC2)CC1,0.3136294771188633,6.537672431704715,0.4210811160465824,0.5053943989540762,0.25,0.176963063651907,1,1.0,-3.0529142999999963,3,0.7733333333333333,False,Cc1cc(C(F)(F)F)cc(C(F)(F)F)c1CCC1CCN(S(=O)(=O)CC2(N(O)C=O)CCN(C(=O)C3CCC3)CC2)CC1,6.73,8.36,-1.63,False,3.41,641.7,5.02,1,5,98.2,9,False,True,0.707,False
1170,CAND-00490,C=CCCNc1nc(NCc2csc(-c3ccccc3C(F)(F)F)n2)nc(N2CCC[C@@H]2CNS(=O)(=O)c2ccccc2)n1,0.3135654560814996,6.308299607487484,0.351087584047277,0.5830001458523437,0.5,0.1267388801928703,1,1.0,-2.684445899999999,2,0.8026315789473685,False,C=CCCNc1nc(NCc2csc(-c3ccccc3C(F)(F)F)n2)nc(N2CCC[C@@H]2CNS(=O)(=O)c2ccccc2)n1,6.56,5.6,0.96,False,3.53,644.7,5.56,3,10,125.0,13,False,False,0.581,False
1171,CAND-01144,O=C(O)[C@]1(NS(=O)(=O)c2ccc(-c3ccc(Cl)cn3)s2)C[C@@H]1c1ccccc1Cl,0.3135247423497961,6.859800479368401,0.5193790721752848,0.6355730812387022,1.0,0.5578664953731663,2,0.5,-2.4348321,0,0.8103448275862069,False,O=C(O)[C@]1(NS(=O)(=O)c2ccc(-c3ccc(Cl)cn3)s2)C[C@@H]1c1ccccc1Cl,6.99,6.61,0.38,False,3.38,469.4,4.41,2,5,96.4,6,True,True,0.47,False
1172,CAND-00092,COCc1cc(N2CCN(S(=O)(=O)N[C@@]3(C(=O)O)[C@H](C)[C@@H]3c3cccc(Cl)c3)C[C@H]2C)no1,0.3135000066073528,6.8428679368513095,0.5142120762133865,0.2491120119672635,1.0,0.5663132503600412,2,0.5,-4.269730900000002,0,0.8840579710144928,False,COCc1cc(N2CCN(S(=O)(=O)N[C@@]3(C(=O)O)[C@H](C)[C@@H]3c3cccc(Cl)c3)C[C@H]2C)no1,6.96,6.72,0.24,False,4.17,499.0,2.08,2,7,125.2,8,True,True,0.479,False
1173,CAND-00093,COCc1cc(N2CCN(S(=O)(=O)N[C@@]3(C(=O)O)[C@H](C)[C@@H]3c3ccc(Cl)cc3)C[C@H]2C)no1,0.3135000066073528,6.8428679368513095,0.5142120762133865,0.2491120119672635,1.0,0.5663132503600412,2,0.5,-4.269730900000002,0,0.8805970149253731,False,COCc1cc(N2CCN(S(=O)(=O)N[C@@]3(C(=O)O)[C@H](C)[C@@H]3c3ccc(Cl)cc3)C[C@H]2C)no1,6.93,6.68,0.25,False,4.13,499.0,2.08,2,7,125.2,8,True,True,0.488,False
1174,CAND-01953,COc1cc(-c2cccc(Cl)c2)sc1S(=O)(=O)N[C@@]1(C(=O)O)C[C@@H]1c1ccccc1,0.3134060065029036,6.888472725344133,0.5281284598721191,0.6365681838645183,1.0,0.5424926102324923,2,0.5,-2.4301074,0,0.6825396825396826,False,COc1cc(-c2cccc(Cl)c2)sc1S(=O)(=O)N[C@@]1(C(=O)O)C[C@@H]1c1ccccc1,7.08,6.56,0.52,False,3.36,464.0,4.37,2,5,92.7,7,True,True,0.483,False
1175,CAND-01457,CCCCNc1nc(NCc2csc(-c3ccc(O)s3)n2)nc(N2CCC[C@@H]2CNS(=O)(=O)c2ccc(Cl)cc2)n1,0.3133872212543605,5.943468577384517,0.2397587356233353,0.5392435581442737,0.75,0.1450261781423095,1,1.0,-2.8922001,1,0.8076923076923077,False,CCCCNc1nc(NCc2csc(-c3ccc(O)s3)n2)nc(N2CCC[C@@H]2CNS(=O)(=O)c2ccc(Cl)cc2)n1,5.89,6.24,-0.35,False,3.57,635.2,5.19,4,12,145.3,13,False,False,0.448,False
1176,CAND-01976,O=C(O)[C@]1(NS(=O)(=O)c2ccc(-c3cccc(Cl)c3C(F)(F)F)s2)C[C@@H]1c1ccccc1,0.3132776177998765,7.019487096121402,0.5681077319792756,0.7388478296697364,1.0,0.4750045653670508,2,0.5,-1.9444885,0,0.6721311475409836,True,O=C(O)[C@]1(NS(=O)(=O)c2ccc(-c3cccc(Cl)c3C(F)(F)F)s2)C[C@@H]1c1ccccc1,7.03,6.66,0.37,False,3.49,501.9,5.38,2,4,83.5,6,False,True,0.644,False
1177,CAND-01980,N#Cc1cc(-c2cccc(Cl)c2)sc1S(=O)(=O)N[C@@]1(C(=O)O)C[C@@H]1c1ccccc1,0.3131839222872533,6.82292513216693,0.5081264933088049,0.6225377991881762,1.0,0.5743486597336809,2,0.5,-2.496723,0,0.6825396825396826,False,N#Cc1cc(-c2cccc(Cl)c2)sc1S(=O)(=O)N[C@@]1(C(=O)O)C[C@@H]1c1ccccc1,7.04,6.66,0.38,False,3.51,458.9,4.23,2,5,107.3,6,True,True,0.457,False
1178,CAND-01981,N#Cc1cc(S(=O)(=O)N[C@@]2(C(=O)O)C[C@@H]2c2ccccc2)sc1-c1cccc(Cl)c1,0.3131839222872533,6.82292513216693,0.5081264933088049,0.6225377991881763,1.0,0.5743486597336809,2,0.5,-2.496723,0,0.6825396825396826,False,N#Cc1cc(S(=O)(=O)N[C@@]2(C(=O)O)C[C@@H]2c2ccccc2)sc1-c1cccc(Cl)c1,7.09,6.67,0.42,False,3.52,458.9,4.23,2,5,107.3,6,True,True,0.517,False
1179,CAND-01975,O=C(O)[C@]1(NS(=O)(=O)c2ccc(-c3ccc(C(F)(F)F)c(Cl)c3)s2)C[C@@H]1c1ccccc1,0.3130992558981146,7.017149087338517,0.5673942843722278,0.7388478296697365,1.0,0.4750045653670508,2,0.5,-1.9444885,0,0.7288135593220338,True,O=C(O)[C@]1(NS(=O)(=O)c2ccc(-c3ccc(C(F)(F)F)c(Cl)c3)s2)C[C@@H]1c1ccccc1,6.98,6.63,0.35,False,3.4,501.9,5.38,2,4,83.5,6,False,True,0.664,False
1180,CAND-00036,N#Cc1cccc(CCC2CCN(S(=O)(=O)CC3(N(O)C=O)CCOCC3)CC2)c1,0.3130924527164963,6.136035902663656,0.298521003080011,0.3086810788439855,0.25,0.3794398372549692,1,1.0,-3.9868998000000015,3,0.7619047619047619,False,N#Cc1cccc(CCC2CCN(S(=O)(=O)CC3(N(O)C=O)CCOCC3)CC2)c1,6.02,7.68,-1.66,False,3.04,435.5,1.93,1,6,110.9,8,True,True,0.536,False
1181,CAND-01415,C[C@@H]1[C@H](c2ccccc2C(F)(F)F)[C@]1(NS(=O)(=O)N1CCN(c2ccc(Cl)cc2)C(CO)C1)C(=O)O,0.3130680876896281,6.984095320047022,0.5573078675244161,0.314290549452632,1.0,0.4916074720568272,2,0.5,-3.9602663000000025,0,0.7761194029850746,False,C[C@@H]1[C@H](c2ccccc2C(F)(F)F)[C@]1(NS(=O)(=O)N1CCN(c2ccc(Cl)cc2)C(CO)C1)C(=O)O,6.83,6.61,0.22,False,4.02,548.0,2.93,3,5,110.2,7,True,True,0.521,False
1182,CAND-01503,COc1cnn(-c2sc(S(=O)(=O)N[C@@]3(C(=O)O)[C@H](C)[C@@H]3c3ccccc3)cc2O)c1,0.313034471488121,7.287331875842222,0.649841050755004,0.3286814474239157,0.75,0.5038280586624666,2,0.5,-3.891939000000001,1,0.7424242424242424,True,COc1cnn(-c2sc(S(=O)(=O)N[C@@]3(C(=O)O)[C@H](C)[C@@H]3c3ccccc3)cc2O)c1,7.5,6.68,0.82,False,4.08,449.5,2.18,3,8,130.8,7,True,True,0.497,False
1183,CAND-00296,Cc1ccnc(C)c1CCC1CCN(S(=O)(=O)CC2(N(O)C=O)CCOCC2)CC1,0.3130086474816965,6.138073203646736,0.2991426891582904,0.3244601752018365,0.25,0.3781243430085045,1,1.0,-3.911981400000003,3,0.7575757575757576,False,Cc1ccnc(C)c1CCC1CCN(S(=O)(=O)CC2(N(O)C=O)CCOCC2)CC1,5.97,7.21,-1.24,False,3.22,439.6,2.07,1,6,100.0,8,True,True,0.423,False
1184,CAND-01167,O=C(O)[C@]1(NS(=O)(=O)c2ccc(-c3ccc(Cl)c(O)n3)s2)C[C@@H]1c1ccccc1,0.3129392974325562,6.908580990262005,0.534264533266091,0.5175395920662641,1.0,0.5291544274402232,2,0.5,-2.995249500000001,0,0.7166666666666667,False,O=C(O)[C@]1(NS(=O)(=O)c2ccc(-c3ccc(Cl)c(O)n3)s2)C[C@@H]1c1ccccc1,6.96,6.65,0.31,False,3.53,450.9,3.46,3,6,116.6,6,True,True,0.528,False
1185,CAND-01055,CC1(C)C[C@@H](O)CN(S(=O)(=O)c2ccc(OCc3ccc(Cl)c(C(F)(F)F)c3Cl)cc2)[C@H]1C(=O)NO,0.3128803662296847,7.909568640943512,0.8397177245845693,0.4806521969206727,0.5,0.3530062338902827,2,0.5,-3.1703890999999995,2,0.7323943661971831,True,CC1(C)C[C@@H](O)CN(S(=O)(=O)c2ccc(OCc3ccc(Cl)c(C(F)(F)F)c3Cl)cc2)[C@H]1C(=O)NO,7.6,8.43,-0.83,False,3.77,571.4,4.25,3,6,116.2,6,True,True,1.071,False
1186,CAND-00333,O=C(O)[C@]1(NS(=O)(=O)c2ccc(-n3cc(Cl)c(C(F)(F)F)n3)s2)C[C@@H]1C1CCCCC1,0.3128524753588724,6.7307048913173455,0.4799853200860524,0.5841737254111112,1.0,0.6190409689157289,2,0.5,-2.6788738000000003,0,0.7121212121212122,False,O=C(O)[C@]1(NS(=O)(=O)c2ccc(-n3cc(Cl)c(C(F)(F)F)n3)s2)C[C@@H]1C1CCCCC1,6.8,6.67,0.13,False,3.97,497.9,4.31,2,6,101.3,6,True,True,0.806,False
1187,CAND-01940,O=C(O)[C@]1(NS(=O)(=O)c2ccc(-c3cccc(Cl)c3Cl)s2)C[C@@H]1c1ccccc1,0.3128486276826299,6.90007671961592,0.5316694397033342,0.727313004921595,1.0,0.5328751183786425,2,0.5,-1.9992552999999995,0,0.7321428571428571,False,O=C(O)[C@]1(NS(=O)(=O)c2ccc(-c3cccc(Cl)c3Cl)s2)C[C@@H]1c1ccccc1,6.94,6.7,0.24,False,3.27,468.4,5.01,2,4,83.5,6,True,True,0.535,False
1188,CAND-00111,COCc1cc(N2CCN(S(=O)(=O)N[C@@]3(C(=O)O)[C@H](C)[C@@H]3c3ccccc3C#N)C[C@H]2C)no1,0.3128264327986406,6.847954678654156,0.515764304670985,0.1443368062338449,1.0,0.5592357108726291,2,0.5,-4.767198600000001,0,0.7837837837837838,False,COCc1cc(N2CCN(S(=O)(=O)N[C@@]3(C(=O)O)[C@H](C)[C@@H]3c3ccccc3C#N)C[C@H]2C)no1,6.9,6.59,0.31,False,4.3,489.6,1.29,2,8,149.0,8,True,False,0.561,False
1189,CAND-00229,Cc1ncc(CCC2CCN(S(=O)(=O)CC3(N(O)C=O)CCOCC3)CC2)c(C)c1C#N,0.3126743006504001,6.183079087435367,0.3128763159637622,0.2731394848621585,0.25,0.35412047556173,1,1.0,-4.155649600000003,3,0.7323943661971831,False,Cc1ncc(CCC2CCN(S(=O)(=O)CC3(N(O)C=O)CCOCC3)CC2)c(C)c1C#N,6.01,7.43,-1.42,False,3.41,464.6,1.94,1,7,123.8,8,True,True,0.584,False
1190,CAND-01939,O=C(O)[C@]1(NS(=O)(=O)c2ccc(-c3ccc(Cl)c(Cl)c3)s2)C[C@@H]1c1ccccc1,0.3125153409657655,6.895707920766219,0.5303362928358766,0.727313004921595,1.0,0.5328751183786425,2,0.5,-1.9992552999999995,0,0.7962962962962963,False,O=C(O)[C@]1(NS(=O)(=O)c2ccc(-c3ccc(Cl)c(Cl)c3)s2)C[C@@H]1c1ccccc1,6.91,6.67,0.24,False,3.21,468.4,5.01,2,4,83.5,6,True,True,0.524,False
1191,CAND-01967,O=C(O)[C@]1(NS(=O)(=O)c2ccc(-c3cccc(Cl)c3O)s2)C[C@@H]1c1ccccc1,0.312472523120419,6.908580990262005,0.534264533266091,0.609279515749157,1.0,0.526042598692642,2,0.5,-2.5596727,0,0.7192982456140351,False,O=C(O)[C@]1(NS(=O)(=O)c2ccc(-c3cccc(Cl)c3O)s2)C[C@@H]1c1ccccc1,6.96,6.84,0.12,False,3.36,449.9,4.06,3,5,103.7,6,True,True,0.56,False
1192,CAND-01938,O=C(O)[C@]1(NS(=O)(=O)c2ccc(-c3cc(Cl)cc(Cl)c3)s2)C[C@@H]1c1ccccc1,0.3122654974436919,6.892432914483011,0.5293369187475823,0.727313004921595,1.0,0.5328751183786425,2,0.5,-1.9992552999999995,0,0.8490566037735849,False,O=C(O)[C@]1(NS(=O)(=O)c2ccc(-c3cc(Cl)cc(Cl)c3)s2)C[C@@H]1c1ccccc1,7.01,6.71,0.3,False,3.28,468.4,5.01,2,4,83.5,6,True,True,0.385,False
1193,CAND-00768,CCCCNc1nc(NCc2nc(-c3cccs3)sc2O)nc(N2CCC[C@@H]2CNS(=O)(=O)c2cccc(C#N)c2)n1,0.312248265056872,5.915729023577377,0.2312939606279866,0.434468352410855,0.75,0.1553376158095955,1,1.0,-3.3896678,1,0.8045977011494253,False,CCCCNc1nc(NCc2nc(-c3cccs3)sc2O)nc(N2CCC[C@@H]2CNS(=O)(=O)c2cccc(C#N)c2)n1,5.72,6.49,-0.77,False,3.68,625.8,4.41,4,13,169.1,13,False,False,0.586,False
1194,CAND-00305,Cc1ccnc(C(F)(F)F)c1CCC1CCN(S(=O)(=O)CC2(N(O)C=O)CCOCC2)CC1,0.3119126327592307,6.206457681801122,0.320010336301274,0.361350350493186,0.25,0.3396915486953125,1,1.0,-3.7368286000000017,3,0.6944444444444444,False,Cc1ccnc(C(F)(F)F)c1CCC1CCN(S(=O)(=O)CC2(N(O)C=O)CCOCC2)CC1,6.23,7.62,-1.39,False,3.37,493.5,2.78,1,6,100.0,8,True,True,0.541,False
1195,CAND-01870,C[C@]1(c2ccc(C#N)cc2)C[C@@]1(NS(=O)(=O)c1ccc(-c2ccc(Cl)cc2)s1)C(=O)O,0.3118260832904936,6.848367981212214,0.5158904246937976,0.6305510006681827,1.0,0.5523565141136285,2,0.5,-2.4586766999999994,0,0.7894736842105263,False,C[C@]1(c2ccc(C#N)cc2)C[C@@]1(NS(=O)(=O)c1ccc(-c2ccc(Cl)cc2)s1)C(=O)O,7.37,6.77,0.6,False,3.44,473.0,4.4,2,5,107.3,6,True,True,0.866,False
1196,CAND-01162,COc1ccc([C@H]2C[C@@]2(NS(=O)(=O)c2ccc(-c3ccc(Cl)cn3)s2)C(=O)O)cc1,0.3113749760967721,6.844891226890825,0.5148294868269062,0.5448282601816256,1.0,0.5511173626003036,2,0.5,-2.8656842,0,0.8,False,COc1ccc([C@H]2C[C@@]2(NS(=O)(=O)c2ccc(-c3ccc(Cl)cn3)s2)C(=O)O)cc1,7.08,6.75,0.33,False,3.31,465.0,3.76,2,6,105.6,7,True,True,0.516,False
1197,CAND-01952,Cc1ccc([C@H]2C[C@@]2(NS(=O)(=O)c2ccc(-c3cccc(Cl)c3)s2)C(=O)O)cc1,0.3110996116901032,6.794474248810194,0.4994446548153647,0.7019576543783873,1.0,0.5749229865750806,2,0.5,-2.1196412999999987,0,0.8571428571428571,False,Cc1ccc([C@H]2C[C@@]2(NS(=O)(=O)c2ccc(-c3cccc(Cl)c3)s2)C(=O)O)cc1,7.04,6.61,0.43,False,3.19,448.0,4.67,2,4,83.5,6,True,True,0.485,False
1198,CAND-01951,Cc1cccc([C@H]2C[C@@]2(NS(=O)(=O)c2ccc(-c3cccc(Cl)c3)s2)C(=O)O)c1,0.3110996116901032,6.794474248810194,0.4994446548153647,0.7019576543783873,1.0,0.5749229865750807,2,0.5,-2.119641299999999,0,0.8421052631578947,False,Cc1cccc([C@H]2C[C@@]2(NS(=O)(=O)c2ccc(-c3cccc(Cl)c3)s2)C(=O)O)c1,7.05,6.63,0.42,False,3.24,448.0,4.67,2,4,83.5,6,True,True,0.481,False
1199,CAND-00103,COCc1cc(N2CCN(S(=O)(=O)N[C@@]3(C(=O)O)[C@H](C)[C@@H]3c3ccccc3O)C[C@H]2C)no1,0.3110841211378862,6.929839891399331,0.5407517253826962,0.1310785227948257,1.0,0.5059745986147479,2,0.5,-4.830148300000001,0,0.8285714285714286,False,COCc1cc(N2CCN(S(=O)(=O)N[C@@]3(C(=O)O)[C@H](C)[C@@H]3c3ccccc3O)C[C@H]2C)no1,6.9,6.53,0.37,False,4.24,480.5,1.13,3,8,145.4,8,True,False,0.543,False
1200,CAND-01413,C[C@@H]1[C@H](c2ccccc2)[C@]1(NS(=O)(=O)N1CCN(c2ccc(Cl)cc2O)C(CO)C1)C(=O)O,0.3109870248920064,7.021279006262578,0.5686545365984987,0.1847222355320529,1.0,0.4588226049492114,2,0.5,-4.575450500000001,0,0.7692307692307693,True,C[C@@H]1[C@H](c2ccccc2)[C@]1(NS(=O)(=O)N1CCN(c2ccc(Cl)cc2O)C(CO)C1)C(=O)O,6.82,6.5,0.32,False,3.99,496.0,1.62,4,6,130.4,7,True,True,0.474,False
1201,CAND-01414,C[C@@H]1[C@H](c2ccccc2)[C@]1(NS(=O)(=O)N1CCN(c2ccc(Cl)c(O)c2)C(CO)C1)C(=O)O,0.3109870248920064,7.021279006262578,0.5686545365984987,0.1847222355320529,1.0,0.4588226049492114,2,0.5,-4.575450500000001,0,0.8125,True,C[C@@H]1[C@H](c2ccccc2)[C@]1(NS(=O)(=O)N1CCN(c2ccc(Cl)c(O)c2)C(CO)C1)C(=O)O,6.8,6.45,0.35,False,3.98,496.0,1.62,4,6,130.4,7,True,True,0.45,False
1202,CAND-01965,O=C(O)[C@]1(NS(=O)(=O)c2ccc(-c3cc(O)cc(Cl)c3)s2)C[C@@H]1c1ccccc1,0.3108897953444934,6.887834230979463,0.5279336221623885,0.609279515749157,1.0,0.526042598692642,2,0.5,-2.5596727,0,0.7894736842105263,False,O=C(O)[C@]1(NS(=O)(=O)c2ccc(-c3cc(O)cc(Cl)c3)s2)C[C@@H]1c1ccccc1,7.04,6.82,0.22,False,3.36,449.9,4.06,3,5,103.7,6,True,True,0.453,False
1203,CAND-00774,CCCCNc1nc(NCc2csc(-c3cccs3)n2)nc(N2CCC[C@@H]2CNS(=O)(=O)c2ccc(O)c(C#N)c2)n1,0.3105553320870027,5.904633346436431,0.227908094688248,0.4344683524108552,0.75,0.1553376158095955,1,1.0,-3.389667799999999,1,0.8095238095238095,False,CCCCNc1nc(NCc2csc(-c3cccs3)n2)nc(N2CCC[C@@H]2CNS(=O)(=O)c2ccc(O)c(C#N)c2)n1,5.76,6.31,-0.55,False,3.58,625.8,4.41,4,13,169.0,13,False,False,0.565,False
1204,CAND-01971,O=C(O)[C@]1(NS(=O)(=O)c2sc(-c3cccc(Cl)c3)cc2C(F)(F)F)C[C@@H]1c1ccccc1,0.3105113536004187,6.983226269508626,0.5570426751814443,0.7388478296697364,1.0,0.4750045653670508,2,0.5,-1.9444885,0,0.6935483870967742,False,O=C(O)[C@]1(NS(=O)(=O)c2sc(-c3cccc(Cl)c3)cc2C(F)(F)F)C[C@@H]1c1ccccc1,7.06,6.62,0.44,False,3.53,501.9,5.38,2,4,83.5,6,False,True,0.578,False
1205,CAND-01972,O=C(O)[C@]1(NS(=O)(=O)c2cc(C(F)(F)F)c(-c3cccc(Cl)c3)s2)C[C@@H]1c1ccccc1,0.3105113536004187,6.983226269508626,0.5570426751814443,0.7388478296697365,1.0,0.4750045653670508,2,0.5,-1.9444885,0,0.7096774193548387,False,O=C(O)[C@]1(NS(=O)(=O)c2cc(C(F)(F)F)c(-c3cccc(Cl)c3)s2)C[C@@H]1c1ccccc1,7.08,6.63,0.45,False,3.53,501.9,5.38,2,4,83.5,6,False,True,0.58,False
1206,CAND-01194,O=C(COc1ccc(Cl)cc1O)NNC(=S)NCCCCC1CCCCC1,0.3103485734447492,6.2830734358220806,0.3433897721564918,0.5967188593398941,0.25,0.2955122912216776,1,1.0,-2.6193101000000008,3,0.7368421052631579,False,O=C(COc1ccc(Cl)cc1O)NNC(=S)NCCCCC1CCCCC1,6.14,6.29,-0.15,False,2.32,414.0,3.67,4,4,82.6,8,True,True,0.499,False
1207,CAND-00852,C=CCCNc1nc(NCc2nc(-c3cccs3)sc2O)nc(N2CCC[C@@H]2CNS(=O)(=O)c2ccc(C(F)(F)F)cc2)n1,0.3103351665734563,6.3216292303103305,0.3551551425506591,0.5198719237397597,0.5,0.109191984327089,1,1.0,-2.9841756999999984,2,0.7976190476190477,False,C=CCCNc1nc(NCc2nc(-c3cccs3)sc2O)nc(N2CCC[C@@H]2CNS(=O)(=O)c2ccc(C(F)(F)F)cc2)n1,6.53,6.38,0.15,False,3.8,666.8,5.33,4,12,145.3,13,False,False,0.77,False
1208,CAND-00772,CCCCNc1nc(NCc2csc(-c3cccs3)n2)nc(N2CCC[C@@H]2CNS(=O)(=O)c2cc(C#N)ccc2O)n1,0.3103266911987118,5.903134807792051,0.2274508129116662,0.4344683524108552,0.75,0.1553376158095955,1,1.0,-3.389667799999999,1,0.8095238095238095,False,CCCCNc1nc(NCc2csc(-c3cccs3)n2)nc(N2CCC[C@@H]2CNS(=O)(=O)c2cc(C#N)ccc2O)n1,5.78,6.34,-0.56,False,3.59,625.8,4.41,4,13,169.0,13,False,False,0.573,False
1209,CAND-00116,COCc1cc(N2CCN(S(=O)(=O)N[C@@]3(C(=O)O)[C@H](C)[C@@H]3c3ccccc3)C[C@H]2CF)no1,0.310247618171726,6.833989559832551,0.5115028234146511,0.1650078639160775,1.0,0.5491460821204216,2,0.5,-4.669053400000001,0,0.855072463768116,False,COCc1cc(N2CCN(S(=O)(=O)N[C@@]3(C(=O)O)[C@H](C)[C@@H]3c3ccccc3)C[C@H]2CF)no1,6.98,6.53,0.45,False,4.27,482.5,1.37,2,7,125.2,9,True,True,0.459,False
1210,CAND-01185,N#Cc1cccc([C@H]2C[C@@]2(NS(=O)(=O)c2ccc(-c3ccc(Cl)cn3)s2)C(=O)O)c1,0.3102317572863556,6.772407371677756,0.492710907363089,0.5307978755052835,1.0,0.5803602029705562,2,0.5,-2.9322998,0,0.7777777777777778,False,N#Cc1cccc([C@H]2C[C@@]2(NS(=O)(=O)c2ccc(-c3ccc(Cl)cn3)s2)C(=O)O)c1,7.01,6.72,0.29,False,3.49,459.9,3.62,2,6,120.2,6,True,True,0.4,False
1211,CAND-01958,COc1c(Cl)cccc1-c1ccc(S(=O)(=O)N[C@@]2(C(=O)O)C[C@@H]2c2ccccc2)s1,0.3101156452531364,6.845341914196524,0.5149670148730503,0.6365681838645185,1.0,0.5424926102324923,2,0.5,-2.430107399999999,0,0.6721311475409836,False,COc1c(Cl)cccc1-c1ccc(S(=O)(=O)N[C@@]2(C(=O)O)C[C@@H]2c2ccccc2)s1,7.04,6.56,0.48,False,3.3,464.0,4.37,2,5,92.7,7,True,True,0.635,False
1212,CAND-00095,COCc1cc(N2CCN(S(=O)(=O)N[C@@]3(C(=O)O)[C@H](C)[C@@H]3c3ccccc3C)C[C@H]2C)no1,0.3101135789718642,6.756416834371758,0.4878313659944331,0.2237566614240557,1.0,0.5877049164883726,2,0.5,-4.3901169000000015,0,0.8285714285714286,False,COCc1cc(N2CCN(S(=O)(=O)N[C@@]3(C(=O)O)[C@H](C)[C@@H]3c3ccccc3C)C[C@H]2C)no1,6.91,6.6,0.31,False,4.21,478.6,1.73,2,7,125.2,8,True,True,0.55,False
1213,CAND-00300,Cc1c(O)cncc1CCC1CCN(S(=O)(=O)CC2(N(O)C=O)CCOCC2)CC1,0.3096318529175465,6.1595156455009565,0.3056858890564842,0.2317820365726064,0.25,0.3559630279643479,1,1.0,-4.3520128000000025,3,0.7611940298507462,False,Cc1c(O)cncc1CCC1CCN(S(=O)(=O)CC2(N(O)C=O)CCOCC2)CC1,5.98,7.42,-1.44,False,3.37,441.6,1.47,2,7,120.3,8,True,True,0.405,False
1214,CAND-01401,Cc1cccc([C@H]2[C@@H](C)[C@@]2(NS(=O)(=O)N2CCN(c3ccc(Cl)cc3)C(CO)C2)C(=O)O)c1,0.3095539796062895,6.8325269855641455,0.5110565162324191,0.2774003741612827,1.0,0.5452656703212315,2,0.5,-4.135419100000003,0,0.8571428571428571,False,Cc1cccc([C@H]2[C@@H](C)[C@@]2(NS(=O)(=O)N2CCN(c3ccc(Cl)cc3)C(CO)C2)C(=O)O)c1,6.78,6.71,0.07,False,3.88,494.0,2.22,3,5,110.2,7,True,True,0.472,False
1215,CAND-00035,N#Cc1ccccc1CCC1CCN(S(=O)(=O)CC2(N(O)C=O)CCOCC2)CC1,0.3093047731537743,6.11121101574296,0.290945643954567,0.3086810788439853,0.25,0.3794398372549692,1,1.0,-3.9868998000000033,3,0.765625,False,N#Cc1ccccc1CCC1CCN(S(=O)(=O)CC2(N(O)C=O)CCOCC2)CC1,6.06,7.63,-1.57,False,3.07,435.5,1.93,1,6,110.9,8,True,True,0.663,False
1216,CAND-01168,O=C(O)[C@]1(NS(=O)(=O)c2ccc(-c3ccc(Cl)cn3)s2)C[C@@H]1c1ccccc1O,0.3092179321598547,6.859800479368401,0.5193790721752848,0.5175395920662642,1.0,0.5291544274402232,2,0.5,-2.9952495000000003,0,0.7966101694915254,False,O=C(O)[C@]1(NS(=O)(=O)c2ccc(-c3ccc(Cl)cn3)s2)C[C@@H]1c1ccccc1O,7.01,6.63,0.38,False,3.44,450.9,3.46,3,6,116.6,6,True,True,0.478,False
1217,CAND-00025,Cc1ccc(CCC2CCN(S(=O)(=O)CC3(N(O)C=O)CCOCC3)CC2)cc1,0.3091224017682931,6.08280887105265,0.2822786781533029,0.3881009340341963,0.25,0.3932768756388055,1,1.0,-3.609818100000002,3,0.8245614035087719,False,Cc1ccc(CCC2CCN(S(=O)(=O)CC3(N(O)C=O)CCOCC3)CC2)cc1,6.15,7.73,-1.58,False,2.88,424.6,2.37,1,5,87.2,8,True,True,0.62,False
1218,CAND-01425,O=C(O)[C@]1(NS(=O)(=O)N2CCN(c3ccc(Cl)cc3)C(CO)C2)[C@H](CF)[C@@H]1c1ccccc1,0.3090242729136595,6.888396009266384,0.5281050498222969,0.2186515766533044,1.0,0.5133200697205685,2,0.5,-4.414355600000002,0,0.7777777777777778,False,O=C(O)[C@]1(NS(=O)(=O)N2CCN(c3ccc(Cl)cc3)C(CO)C2)[C@H](CF)[C@@H]1c1ccccc1,6.77,6.58,0.19,False,4.02,498.0,1.86,3,5,110.2,8,True,True,0.444,False
1219,CAND-00937,Cc1cc(C(F)(F)F)c(C(F)(F)F)cc1CCC1CCN(S(=O)(=O)CC2(N(O)C=O)CCN(C(=O)C3CCC3)CC2)CC1,0.3089983165717473,6.507319273527015,0.4118187949523504,0.5053943989540762,0.25,0.176963063651907,1,1.0,-3.0529142999999963,3,0.8194444444444444,False,Cc1cc(C(F)(F)F)c(C(F)(F)F)cc1CCC1CCN(S(=O)(=O)CC2(N(O)C=O)CCN(C(=O)C3CCC3)CC2)CC1,6.71,8.38,-1.67,False,3.41,641.7,5.02,1,5,98.2,9,False,True,0.745,False
1220,CAND-00097,COCc1cc(N2CCN(S(=O)(=O)N[C@@]3(C(=O)O)[C@H](C)[C@@H]3c3ccc(C)cc3)C[C@H]2C)no1,0.3089683139297244,6.741404437100795,0.4832503058258741,0.2237566614240557,1.0,0.5877049164883726,2,0.5,-4.3901169000000015,0,0.8805970149253731,False,COCc1cc(N2CCN(S(=O)(=O)N[C@@]3(C(=O)O)[C@H](C)[C@@H]3c3ccc(C)cc3)C[C@H]2C)no1,6.93,6.66,0.27,False,4.12,478.6,1.73,2,7,125.2,8,True,True,0.474,False
1221,CAND-00788,CCCCNc1nc(NCc2csc(-c3cccs3)n2)nc(N2CCC[C@@H]2CNS(=O)(=O)c2cc(C#N)ccc2C#N)n1,0.3089387027903168,5.853666287403773,0.2123554044796892,0.4477266358498745,0.75,0.1758700018349074,1,1.0,-3.3267180999999986,1,0.8192771084337349,False,CCCCNc1nc(NCc2csc(-c3cccs3)n2)nc(N2CCC[C@@H]2CNS(=O)(=O)c2cc(C#N)ccc2C#N)n1,5.78,5.64,0.14,False,3.65,634.8,4.57,3,13,172.6,13,False,False,0.547,False
1222,CAND-00790,CCCCNc1nc(NCc2csc(-c3cccs3)n2)nc(N2CCC[C@@H]2CNS(=O)(=O)c2ccc(C#N)c(C#N)c2)n1,0.3089387027903168,5.853666287403773,0.2123554044796892,0.4477266358498745,0.75,0.1758700018349074,1,1.0,-3.3267180999999986,1,0.8395061728395061,False,CCCCNc1nc(NCc2csc(-c3cccs3)n2)nc(N2CCC[C@@H]2CNS(=O)(=O)c2ccc(C#N)c(C#N)c2)n1,5.77,5.61,0.16,False,3.63,634.8,4.57,3,13,172.6,13,False,False,0.535,False
1223,CAND-01986,N#Cc1ccccc1[C@H]1C[C@@]1(NS(=O)(=O)c1ccc(-c2cccc(Cl)c2)s1)C(=O)O,0.3088632662397702,6.766288980124065,0.4908438691188725,0.6225377991881763,1.0,0.5743486597336809,2,0.5,-2.496723,0,0.7419354838709677,False,N#Cc1ccccc1[C@H]1C[C@@]1(NS(=O)(=O)c1ccc(-c2cccc(Cl)c2)s1)C(=O)O,6.99,6.65,0.34,False,3.41,458.9,4.23,2,5,107.3,6,True,True,0.538,False
1224,CAND-01935,O=C(O)[C@]1(NS(=O)(=O)c2sc(-c3cccc(Cl)c3)cc2Cl)C[C@@H]1c1ccccc1,0.3088315245061798,6.847419608340922,0.5156010269975335,0.727313004921595,1.0,0.5328751183786425,2,0.5,-1.9992552999999995,0,0.7413793103448276,False,O=C(O)[C@]1(NS(=O)(=O)c2sc(-c3cccc(Cl)c3)cc2Cl)C[C@@H]1c1ccccc1,7.01,6.66,0.35,False,3.41,468.4,5.01,2,4,83.5,6,True,True,0.447,False
1225,CAND-01936,O=C(O)[C@]1(NS(=O)(=O)c2cc(Cl)c(-c3cccc(Cl)c3)s2)C[C@@H]1c1ccccc1,0.3088315245061798,6.847419608340922,0.5156010269975335,0.727313004921595,1.0,0.5328751183786425,2,0.5,-1.9992552999999995,0,0.7413793103448276,False,O=C(O)[C@]1(NS(=O)(=O)c2cc(Cl)c(-c3cccc(Cl)c3)s2)C[C@@H]1c1ccccc1,7.02,6.68,0.34,False,3.36,468.4,5.01,2,4,83.5,6,True,True,0.45,False
1226,CAND-00766,CCCCNc1nc(NCc2csc(-c3cccs3)n2)nc(N2CCC[C@@H]2CNS(=O)(=O)c2ccc(OC)c(C#N)c2)n1,0.3086852905629265,5.875030609821291,0.2188747660905389,0.4617570205262166,0.75,0.1641596917255234,1,1.0,-3.2601024999999986,1,0.7906976744186046,False,CCCCNc1nc(NCc2csc(-c3cccs3)n2)nc(N2CCC[C@@H]2CNS(=O)(=O)c2ccc(OC)c(C#N)c2)n1,5.83,5.69,0.14,False,3.53,639.8,4.71,3,13,158.1,14,False,False,0.611,False
1227,CAND-01863,C[C@]1(c2ccc(C(F)(F)F)cc2)C[C@@]1(NS(=O)(=O)c1ccc(-c2ccc(Cl)cc2)s1)C(=O)O,0.308658161969488,7.006897779503514,0.5642660792527562,0.7468610311497428,1.0,0.4506109477086596,2,0.5,-1.9064422,0,0.7894736842105263,True,C[C@]1(c2ccc(C(F)(F)F)cc2)C[C@@]1(NS(=O)(=O)c1ccc(-c2ccc(Cl)cc2)s1)C(=O)O,7.3,6.73,0.57,False,3.45,516.0,5.55,2,4,83.5,6,False,True,0.883,False
1228,CAND-01040,Cc1c(Cl)ccc(COc2ccc(S(=O)(=O)N3C[C@H](O)CC(C)(C)[C@@H]3C(=O)NO)cc2)c1Cl,0.3084055211777778,7.760546623837939,0.7942433866438136,0.4437620216293229,0.5,0.3989644967788292,2,0.5,-3.345541900000002,2,0.7878787878787878,True,Cc1c(Cl)ccc(COc2ccc(S(=O)(=O)N3C[C@H](O)CC(C)(C)[C@@H]3C(=O)NO)cc2)c1Cl,7.77,8.41,-0.64,False,3.55,517.4,3.54,3,6,116.2,6,True,True,1.187,False
1229,CAND-00096,COCc1cc(N2CCN(S(=O)(=O)N[C@@]3(C(=O)O)[C@H](C)[C@@H]3c3cccc(C)c3)C[C@H]2C)no1,0.3083690231549428,6.733548795951533,0.4808531427267478,0.2237566614240557,1.0,0.5877049164883726,2,0.5,-4.3901169000000015,0,0.8695652173913043,False,COCc1cc(N2CCN(S(=O)(=O)N[C@@]3(C(=O)O)[C@H](C)[C@@H]3c3cccc(C)c3)C[C@H]2C)no1,6.89,6.66,0.23,False,4.17,478.6,1.73,2,7,125.2,8,True,True,0.548,False
1230,CAND-01177,O=C(O)[C@]1(NS(=O)(=O)c2ccc(-c3ccc(Cl)cn3)s2)C[C@@H]1c1cccc(C(F)(F)F)c1,0.308164838138473,6.891817748183238,0.5291491996390303,0.6471079059868436,1.0,0.5058502548581029,2,0.5,-2.3800653,0,0.7777777777777778,False,O=C(O)[C@]1(NS(=O)(=O)c2ccc(-c3ccc(Cl)cn3)s2)C[C@@H]1c1cccc(C(F)(F)F)c1,7.17,6.66,0.51,False,3.48,502.9,4.77,2,5,96.4,6,True,True,0.582,False
1231,CAND-01410,C[C@@H]1[C@H](c2ccccc2O)[C@]1(NS(=O)(=O)N1CCN(c2ccc(Cl)cc2)C(CO)C1)C(=O)O,0.3081503576234857,6.984095320047022,0.5573078675244161,0.1847222355320529,1.0,0.4588226049492114,2,0.5,-4.575450500000001,0,0.8253968253968254,False,C[C@@H]1[C@H](c2ccccc2O)[C@]1(NS(=O)(=O)N1CCN(c2ccc(Cl)cc2)C(CO)C1)C(=O)O,6.72,6.43,0.29,False,3.95,496.0,1.62,4,6,130.4,7,True,True,0.382,False
1232,CAND-00221,Cc1ncc(CCC2CCN(S(=O)(=O)CC3(N(O)C=O)CCOCC3)CC2)c(C)c1C,0.3080269476425046,6.124308923591501,0.2949424942146161,0.3525593400523693,0.25,0.3685190017839886,1,1.0,-3.778567900000003,3,0.8,False,Cc1ncc(CCC2CCN(S(=O)(=O)CC3(N(O)C=O)CCOCC3)CC2)c(C)c1C,5.95,7.31,-1.36,False,3.27,453.6,2.38,1,6,100.0,8,True,True,0.548,False
1233,CAND-01161,COc1cccc([C@H]2C[C@@]2(NS(=O)(=O)c2ccc(-c3ccc(Cl)cn3)s2)C(=O)O)c1,0.3077775138736215,6.797734865634642,0.5004396379343038,0.5448282601816256,1.0,0.5511173626003036,2,0.5,-2.8656842,0,0.7777777777777778,False,COc1cccc([C@H]2C[C@@]2(NS(=O)(=O)c2ccc(-c3ccc(Cl)cn3)s2)C(=O)O)c1,7.11,6.79,0.32,False,3.35,465.0,3.76,2,6,105.6,7,True,True,0.496,False
1234,CAND-01648,CC(C)[C@H]1C[C@@]1(NS(=O)(=O)c1sc(-n2cc(Cl)cn2)cc1O)C(=O)O,0.3075299713450151,6.876894145229006,0.5245952352167556,0.3678613886722747,0.75,0.6758744169388415,2,0.5,-3.7059145000000018,1,0.7096774193548387,False,CC(C)[C@H]1C[C@@]1(NS(=O)(=O)c1sc(-n2cc(Cl)cn2)cc1O)C(=O)O,6.52,6.34,0.18,False,4.23,405.9,2.07,3,7,121.5,6,True,True,0.656,False
1235,CAND-00303,Cc1c(CCC2CCN(S(=O)(=O)CC3(N(O)C=O)CCOCC3)CC2)cncc1C(F)(F)F,0.3072814722121147,6.1761045236234215,0.310748015207042,0.361350350493186,0.25,0.3396915486953125,1,1.0,-3.7368286000000017,3,0.7285714285714285,False,Cc1c(CCC2CCN(S(=O)(=O)CC3(N(O)C=O)CCOCC3)CC2)cncc1C(F)(F)F,6.13,7.7,-1.57,False,3.38,493.5,2.78,1,6,100.0,8,True,True,0.544,False
1236,CAND-01145,O=C(O)[C@]1(NS(=O)(=O)c2ccc(-c3ccc(Cl)cn3)s2)C[C@@H]1c1cccc(Cl)c1,0.3068577011467472,6.772407371677756,0.492710907363089,0.6355730812387022,1.0,0.5578664953731663,2,0.5,-2.4348321,0,0.8596491228070176,False,O=C(O)[C@]1(NS(=O)(=O)c2ccc(-c3ccc(Cl)cn3)s2)C[C@@H]1c1cccc(Cl)c1,7.03,6.67,0.36,False,3.38,469.4,4.41,2,5,96.4,6,True,True,0.408,False
1237,CAND-01186,N#Cc1ccc([C@H]2C[C@@]2(NS(=O)(=O)c2ccc(-c3ccc(Cl)cn3)s2)C(=O)O)cc1,0.3068199494453678,6.727684610712834,0.4790636759991376,0.5307978755052835,1.0,0.5803602029705562,2,0.5,-2.9322998,0,0.8,False,N#Cc1ccc([C@H]2C[C@@]2(NS(=O)(=O)c2ccc(-c3ccc(Cl)cn3)s2)C(=O)O)cc1,6.97,6.68,0.29,False,3.45,459.9,3.62,2,6,120.2,6,True,True,0.408,False
1238,CAND-01961,COc1ccc([C@H]2C[C@@]2(NS(=O)(=O)c2ccc(-c3cccc(Cl)c3)s2)C(=O)O)cc1,0.306715708267361,6.800774759128787,0.5013672669299488,0.6365681838645185,1.0,0.5424926102324923,2,0.5,-2.430107399999999,0,0.8135593220338984,False,COc1ccc([C@H]2C[C@@]2(NS(=O)(=O)c2ccc(-c3cccc(Cl)c3)s2)C(=O)O)cc1,7.06,6.54,0.52,False,3.19,464.0,4.37,2,5,92.7,7,True,True,0.51,False
1239,CAND-01060,CC1(C)C[C@@H](O)CN(S(=O)(=O)c2ccc(OCc3ccc(Cl)c(C#N)c3Cl)cc2)[C@H]1C(=O)NO,0.3065727497212975,7.760546623837939,0.7942433866438136,0.3643421664391121,0.5,0.3867460204022941,2,0.5,-3.7226236000000017,2,0.7323943661971831,True,CC1(C)C[C@@H](O)CN(S(=O)(=O)c2ccc(OCc3ccc(Cl)c(C#N)c3Cl)cc2)[C@H]1C(=O)NO,7.76,8.34,-0.58,False,3.7,528.4,3.1,3,7,140.0,6,True,True,1.166,False
1240,CAND-00347,Cc1cnc(C)c(CCC2CCN(S(=O)(=O)CC3(N(O)C=O)CCOCC3)CC2)c1O,0.3065510671595958,6.154662081769201,0.3042048153088482,0.2598812014231393,0.25,0.3481621983505724,1,1.0,-4.218599300000003,3,0.7246376811594203,False,Cc1cnc(C)c(CCC2CCN(S(=O)(=O)CC3(N(O)C=O)CCOCC3)CC2)c1O,6.14,7.47,-1.33,False,3.38,455.6,1.78,2,7,120.3,8,True,True,0.448,False
1241,CAND-01396,C[C@@H]1[C@H](c2cccc(Cl)c2)[C@]1(NS(=O)(=O)N1CCN(c2ccc(Cl)cc2)C(CO)C1)C(=O)O,0.3063991573127947,6.8325269855641455,0.5110565162324191,0.3027557247044905,1.0,0.524233521697933,2,0.5,-4.015033100000003,0,0.8852459016393442,False,C[C@@H]1[C@H](c2cccc(Cl)c2)[C@]1(NS(=O)(=O)N1CCN(c2ccc(Cl)cc2)C(CO)C1)C(=O)O,6.88,6.67,0.21,False,3.89,514.4,2.57,3,5,110.2,7,True,True,0.519,False
1242,CAND-01178,O=C(O)[C@]1(NS(=O)(=O)c2ccc(-c3ccc(Cl)cn3)s2)C[C@@H]1c1ccc(C(F)(F)F)cc1,0.3063824876099834,6.8684542880013,0.5220197975250719,0.6471079059868436,1.0,0.5058502548581029,2,0.5,-2.3800653,0,0.8,False,O=C(O)[C@]1(NS(=O)(=O)c2ccc(-c3ccc(Cl)cn3)s2)C[C@@H]1c1ccc(C(F)(F)F)cc1,7.13,6.62,0.51,False,3.45,502.9,4.77,2,5,96.4,6,True,True,0.599,False
1243,CAND-00037,N#Cc1ccc(CCC2CCN(S(=O)(=O)CC3(N(O)C=O)CCOCC3)CC2)cc1,0.3062688370345205,6.091313141698734,0.2848737717160596,0.3086810788439855,0.25,0.3794398372549692,1,1.0,-3.9868998000000015,3,0.7833333333333333,False,N#Cc1ccc(CCC2CCN(S(=O)(=O)CC3(N(O)C=O)CCOCC3)CC2)cc1,6.01,7.67,-1.66,False,3.0,435.5,1.93,1,6,110.9,8,True,True,0.509,False
1244,CAND-01421,C[C@@H]1[C@H](c2cccc(C#N)c2)[C@]1(NS(=O)(=O)N1CCN(c2ccc(Cl)cc2)C(CO)C1)C(=O)O,0.3062012047687347,6.8325269855641455,0.5110565162324191,0.1979805189710719,1.0,0.5229138380708663,2,0.5,-4.512500800000002,0,0.8059701492537313,False,C[C@@H]1[C@H](c2cccc(C#N)c2)[C@]1(NS(=O)(=O)N1CCN(c2ccc(Cl)cc2)C(CO)C1)C(=O)O,6.77,6.46,0.31,False,3.99,505.0,1.79,3,6,134.0,7,True,True,0.43,False
1245,CAND-01977,O=C(O)[C@]1(NS(=O)(=O)c2ccc(-c3cccc(Cl)c3)s2)C[C@@H]1c1ccccc1C(F)(F)F,0.3061906975529356,6.926590117465761,0.5397600509915119,0.7388478296697363,1.0,0.4750045653670509,2,0.5,-1.9444885000000005,0,0.7540983606557377,False,O=C(O)[C@]1(NS(=O)(=O)c2ccc(-c3cccc(Cl)c3)s2)C[C@@H]1c1ccccc1C(F)(F)F,7.07,6.61,0.46,False,3.41,501.9,5.38,2,4,83.5,6,False,True,0.618,False
1246,CAND-01402,Cc1ccc([C@H]2[C@@H](C)[C@@]2(NS(=O)(=O)N2CCN(c3ccc(Cl)cc3)C(CO)C2)C(=O)O)cc1,0.3061421717653017,6.787804224599224,0.4974092848684677,0.2774003741612827,1.0,0.5452656703212315,2,0.5,-4.135419100000003,0,0.8666666666666667,False,Cc1ccc([C@H]2[C@@H](C)[C@@]2(NS(=O)(=O)N2CCN(c3ccc(Cl)cc3)C(CO)C2)C(=O)O)cc1,6.72,6.68,0.04,False,3.83,494.0,2.22,3,5,110.2,7,True,True,0.432,False
1247,CAND-00188,CC(C)(Oc1ccc(Cl)cc1O)C(=O)NNC(=S)NCc1ccc(-c2ccccc2)cc1,0.3060715098559962,5.89367414154735,0.2245638735028979,0.65860905306024,0.5,0.3126319103484906,1,1.0,-2.3254584,2,0.7368421052631579,False,CC(C)(Oc1ccc(Cl)cc1O)C(=O)NNC(=S)NCc1ccc(-c2ccccc2)cc1,5.69,5.8,-0.11,False,2.37,470.0,4.57,4,4,82.6,6,True,True,0.54,False
1248,CAND-00345,COc1c(C)cnc(C)c1CCC1CCN(S(=O)(=O)CC2(N(O)C=O)CCOCC2)CC1,0.3058497166046703,6.176026404186719,0.3107241769196979,0.2871698695385005,0.25,0.3349587604827376,1,1.0,-4.089034000000003,3,0.6944444444444444,False,COc1c(C)cnc(C)c1CCC1CCN(S(=O)(=O)CC2(N(O)C=O)CCOCC2)CC1,6.18,7.51,-1.33,False,3.3,469.6,2.08,1,7,109.3,9,True,True,0.572,False
1249,CAND-00232,Cc1cc(CF)c(CCC2CCN(S(=O)(=O)CC3(N(O)C=O)CCOCC3)CC2)cn1,0.3057169922454581,6.151877565567201,0.3033551151556046,0.3254348690303867,0.25,0.3467981155588527,1,1.0,-3.907353600000003,3,0.8333333333333334,False,Cc1cc(CF)c(CCC2CCN(S(=O)(=O)CC3(N(O)C=O)CCOCC3)CC2)cn1,6.01,7.5,-1.49,False,3.38,457.6,2.23,1,6,100.0,9,True,True,0.595,False
1250,CAND-00226,Cc1cc(C)c(CCC2CCN(S(=O)(=O)CC3(N(O)C=O)CCOCC3)CC2)c(O)n1,0.3053592962054774,6.146851078044774,0.3018212734006114,0.2598812014231393,0.25,0.3481621983505724,1,1.0,-4.218599300000003,3,0.7246376811594203,False,Cc1cc(C)c(CCC2CCN(S(=O)(=O)CC3(N(O)C=O)CCOCC3)CC2)c(O)n1,6.18,7.65,-1.47,False,3.33,455.6,1.78,2,7,120.3,8,True,True,0.327,False
1251,CAND-00034,O=CN(O)C1(CS(=O)(=O)N2CCC(CCc3ccc(C(F)(F)F)cc3)CC2)CCOCC1,0.3049892404872,6.135701678718499,0.298419014038894,0.4249911093255459,0.25,0.3525991115591766,1,1.0,-3.4346653000000007,3,0.7966101694915254,False,O=CN(O)C1(CS(=O)(=O)N2CCC(CCc3ccc(C(F)(F)F)cc3)CC2)CCOCC1,6.29,8.08,-1.79,False,2.99,478.5,3.08,1,5,87.2,8,True,True,0.641,False
1252,CAND-01135,O=C(O)[C@]1(NS(=O)(=O)c2ccc(-c3ccc(Cl)c(F)n3)s2)C[C@@H]1c1ccccc1,0.3049205130025487,7.084468774230487,0.5879370085364202,0.579806411289919,0.75,0.5529084057896245,2,0.5,-2.6996096,1,0.7049180327868853,True,O=C(O)[C@]1(NS(=O)(=O)c2ccc(-c3ccc(Cl)c(F)n3)s2)C[C@@H]1c1ccccc1,7.22,6.8,0.42,False,3.48,452.9,3.89,2,5,96.4,6,True,True,0.605,False
1253,CAND-01045,COc1c(Cl)ccc(COc2ccc(S(=O)(=O)N3C[C@H](O)CC(C)(C)[C@@H]3C(=O)NO)cc2)c1Cl,0.3048792590045884,7.773790089283844,0.7982846540678558,0.3783725511154542,0.5,0.3687206365841631,2,0.5,-3.6560080000000017,2,0.7536231884057971,True,COc1c(Cl)ccc(COc2ccc(S(=O)(=O)N3C[C@H](O)CC(C)(C)[C@@H]3C(=O)NO)cc2)c1Cl,7.71,8.39,-0.68,False,3.57,533.4,3.24,3,7,125.4,7,True,True,1.151,False
1254,CAND-00113,COCc1cc(N2CCN(S(=O)(=O)N[C@@]3(C(=O)O)[C@H](C)[C@@H]3c3ccc(C#N)cc3)C[C@H]2C)no1,0.3046979330873628,6.741404437100795,0.4832503058258741,0.1443368062338449,1.0,0.5592357108726291,2,0.5,-4.767198600000001,0,0.8309859154929577,False,COCc1cc(N2CCN(S(=O)(=O)N[C@@]3(C(=O)O)[C@H](C)[C@@H]3c3ccc(C#N)cc3)C[C@H]2C)no1,6.93,6.63,0.3,False,4.23,489.6,1.29,2,8,149.0,8,True,False,0.451,False
1255,CAND-00224,COc1nc(C)cc(C)c1CCC1CCN(S(=O)(=O)CC2(N(O)C=O)CCOCC2)CC1,0.3046579456505519,6.168215400462292,0.3083406350114612,0.2871698695385005,0.25,0.3349587604827376,1,1.0,-4.089034000000003,3,0.704225352112676,False,COc1nc(C)cc(C)c1CCC1CCN(S(=O)(=O)CC2(N(O)C=O)CCOCC2)CC1,6.25,7.61,-1.36,False,3.26,469.6,2.08,1,7,109.3,9,True,True,0.509,False
1256,CAND-01875,O=C(O)[C@]1(NS(=O)(=O)c2ccc(-c3ccc(Cl)cc3)s2)C[C@]1(CF)c1ccccc1,0.3046072972018582,6.781012832600284,0.4953368793216474,0.651222058350415,1.0,0.5384871824763092,2,0.5,-2.3605315,0,0.7068965517241379,False,O=C(O)[C@]1(NS(=O)(=O)c2ccc(-c3ccc(Cl)cc3)s2)C[C@]1(CF)c1ccccc1,7.2,6.72,0.48,False,3.52,466.0,4.48,2,4,83.5,7,True,True,0.896,False
1257,CAND-01061,CC1(CF)C[C@@H](O)CN(S(=O)(=O)c2ccc(OCc3ccc(Cl)cc3Cl)cc2)[C@H]1C(=O)NO,0.3045919562029109,7.7459403044679265,0.789786241880889,0.3850132241213447,0.5,0.3809693048845911,2,0.5,-3.624478400000001,2,0.8333333333333334,True,CC1(CF)C[C@@H](O)CN(S(=O)(=O)c2ccc(OCc3ccc(Cl)cc3Cl)cc2)[C@H]1C(=O)NO,7.97,8.47,-0.5,False,3.75,521.4,3.18,3,6,116.2,7,True,True,1.084,False
1258,CAND-01941,O=C(O)[C@]1(NS(=O)(=O)c2ccc(-c3cccc(Cl)c3)s2)C[C@@H]1c1ccccc1Cl,0.3045108684586966,6.7907834562980565,0.498318402807601,0.727313004921595,1.0,0.5328751183786425,2,0.5,-1.9992552999999995,0,0.8070175438596491,False,O=C(O)[C@]1(NS(=O)(=O)c2ccc(-c3cccc(Cl)c3)s2)C[C@@H]1c1ccccc1Cl,6.98,6.67,0.31,False,3.25,468.4,5.01,2,4,83.5,6,True,True,0.521,False
1259,CAND-01907,C[C@@H]1[C@H](c2ccccc2)[C@]1(NS(=O)(=O)c1sc2c([nH]c3cc(Cl)ccc32)c1O)C(=O)O,0.3043362993630323,7.490445227955846,0.7118214573666743,0.6064838685728215,0.75,0.3425395668090916,2,0.5,-2.5729463,1,0.71875,True,C[C@@H]1[C@H](c2ccccc2)[C@]1(NS(=O)(=O)c1sc2c([nH]c3cc(Cl)ccc32)c1O)C(=O)O,7.83,6.68,1.15,False,3.93,477.0,4.28,4,5,119.5,5,True,True,0.647,False
1260,CAND-00030,O=CN(O)C1(CS(=O)(=O)N2CCC(CCc3cccc(O)c3)CC2)CCOCC1,0.3043257288849432,6.091931270768656,0.2850623949192788,0.2954227954049663,0.25,0.3726484380843459,1,1.0,-4.049849500000002,3,0.8135593220338984,False,O=CN(O)C1(CS(=O)(=O)N2CCC(CCc3cccc(O)c3)CC2)CCOCC1,6.1,7.62,-1.52,False,3.0,426.5,1.76,2,6,107.4,8,True,True,0.5,False
1261,CAND-01406,COc1cccc([C@H]2[C@@H](C)[C@@]2(NS(=O)(=O)N2CCN(c3ccc(Cl)cc3)C(CO)C2)C(=O)O)c1,0.3042792421825674,6.858179083727236,0.5188843003640176,0.2120109036474141,1.0,0.4970544472770872,2,0.5,-4.445885200000002,0,0.8181818181818182,False,COc1cccc([C@H]2[C@@H](C)[C@@]2(NS(=O)(=O)N2CCN(c3ccc(Cl)cc3)C(CO)C2)C(=O)O)c1,6.79,6.59,0.2,False,3.87,510.0,1.92,3,6,119.4,8,True,True,0.443,False
1262,CAND-01933,O=C(O)[C@]1(NS(=O)(=O)c2ccc(-c3cccc(Cl)c3)s2)C[C@@H]1c1cccc(F)c1,0.3042524645895785,6.699175608108658,0.4703641023122659,0.6715463349728118,1.0,0.577742926743414,2,0.5,-2.2640328,0,0.8421052631578947,False,O=C(O)[C@]1(NS(=O)(=O)c2ccc(-c3cccc(Cl)c3)s2)C[C@@H]1c1cccc(F)c1,7.22,6.59,0.63,True,3.26,451.9,4.5,2,4,83.5,6,True,True,0.617,False
1263,CAND-01934,O=C(O)[C@]1(NS(=O)(=O)c2ccc(-c3cccc(Cl)c3)s2)C[C@@H]1c1ccc(F)cc1,0.3042524645895785,6.699175608108658,0.4703641023122659,0.6715463349728118,1.0,0.577742926743414,2,0.5,-2.2640328,0,0.8571428571428571,False,O=C(O)[C@]1(NS(=O)(=O)c2ccc(-c3cccc(Cl)c3)s2)C[C@@H]1c1ccc(F)cc1,7.2,6.6,0.6,False,3.21,451.9,4.5,2,4,83.5,6,True,True,0.625,False
1264,CAND-01968,O=C(O)[C@]1(NS(=O)(=O)c2ccc(-c3cccc(Cl)c3)s2)C[C@@H]1c1ccccc1O,0.3041347638964857,6.799287726944141,0.5009134963703578,0.6092795157491571,1.0,0.5260425986926419,2,0.5,-2.5596727,0,0.7931034482758621,False,O=C(O)[C@]1(NS(=O)(=O)c2ccc(-c3cccc(Cl)c3)s2)C[C@@H]1c1ccccc1O,7.0,6.79,0.21,False,3.31,449.9,4.06,3,5,103.7,6,True,True,0.546,False
1265,CAND-00112,COCc1cc(N2CCN(S(=O)(=O)N[C@@]3(C(=O)O)[C@H](C)[C@@H]3c3cccc(C#N)c3)C[C@H]2C)no1,0.3040986423125813,6.733548795951533,0.4808531427267478,0.1443368062338449,1.0,0.5592357108726291,2,0.5,-4.767198600000001,0,0.821917808219178,False,COCc1cc(N2CCN(S(=O)(=O)N[C@@]3(C(=O)O)[C@H](C)[C@@H]3c3cccc(C#N)c3)C[C@H]2C)no1,6.87,6.63,0.24,False,4.27,489.6,1.29,2,8,149.0,8,True,False,0.563,False
1266,CAND-00306,Cc1c(C#N)cncc1CCC1CCN(S(=O)(=O)CC2(N(O)C=O)CCOCC2)CC1,0.3038914538040826,6.108884842827113,0.2902358080837446,0.2450403200116254,0.25,0.3625784992073679,1,1.0,-4.289063100000004,3,0.7536231884057971,False,Cc1c(C#N)cncc1CCC1CCN(S(=O)(=O)CC2(N(O)C=O)CCOCC2)CC1,6.07,7.57,-1.5,False,3.4,450.6,1.63,1,7,123.8,8,True,True,0.467,False
1267,CAND-00033,O=CN(O)C1(CS(=O)(=O)N2CCC(CCc3cccc(C(F)(F)F)c3)CC2)CCOCC1,0.3037426882263802,6.127531632017571,0.2959259095172543,0.4249911093255459,0.25,0.3525991115591766,1,1.0,-3.4346653000000007,3,0.7741935483870968,False,O=CN(O)C1(CS(=O)(=O)N2CCC(CCc3cccc(C(F)(F)F)c3)CC2)CCOCC1,6.41,8.1,-1.69,False,3.01,478.5,3.08,1,5,87.2,8,True,True,0.683,False
1268,CAND-01564,FC(F)(F)c1cc(-c2ccccc2)ccc1Cn1c([S-])nnc1COc1ccc(Cl)cc1,0.3037364399608583,5.54769812498273,0.1189886665486788,0.8892897306786451,0.75,0.3141403556217296,1,1.0,-1.2301974999999978,1,0.6785714285714286,False,FC(F)(F)c1cc(-c2ccccc2)ccc1Cn1c([S-])nnc1COc1ccc(Cl)cc1,5.32,5.84,-0.52,False,2.66,474.9,6.15,0,5,39.9,6,True,True,0.741,True
1269,CAND-00222,Cc1cc(C)c(CCC2CCN(S(=O)(=O)CC3(N(O)C=O)CCOCC3)CC2)c(C)n1,0.3035635767392894,6.095055478012854,0.2860157524081856,0.3525593400523695,0.25,0.3685190017839886,1,1.0,-3.7785679000000014,3,0.7424242424242424,False,Cc1cc(C)c(CCC2CCN(S(=O)(=O)CC3(N(O)C=O)CCOCC3)CC2)c(C)n1,6.16,7.65,-1.49,False,3.2,453.6,2.38,1,6,100.0,8,True,True,0.452,False
1270,CAND-01146,O=C(O)[C@]1(NS(=O)(=O)c2ccc(-c3ccc(Cl)cn3)s2)C[C@@H]1c1ccc(Cl)cc1,0.3034458933057594,6.727684610712834,0.4790636759991376,0.6355730812387022,1.0,0.5578664953731663,2,0.5,-2.4348321,0,0.9056603773584906,False,O=C(O)[C@]1(NS(=O)(=O)c2ccc(-c3ccc(Cl)cn3)s2)C[C@@H]1c1ccc(Cl)cc1,6.95,6.63,0.32,False,3.33,469.4,4.41,2,5,96.4,6,True,True,0.398,False
1271,CAND-00028,COc1ccc(CCC2CCN(S(=O)(=O)CC3(N(O)C=O)CCOCC3)CC2)cc1,0.3033214297461825,6.112677464116252,0.2913931333269093,0.3227114635203275,0.25,0.3587495436090928,1,1.0,-3.9202842000000016,3,0.7833333333333333,False,COc1ccc(CCC2CCN(S(=O)(=O)CC3(N(O)C=O)CCOCC3)CC2)cc1,6.13,7.62,-1.49,False,2.86,440.6,2.07,1,6,96.4,9,True,True,0.614,False
1272,CAND-01397,C[C@@H]1[C@H](c2ccc(Cl)cc2)[C@]1(NS(=O)(=O)N1CCN(c2ccc(Cl)cc2)C(CO)C1)C(=O)O,0.3029873494718069,6.787804224599224,0.4974092848684677,0.3027557247044905,1.0,0.524233521697933,2,0.5,-4.015033100000003,0,0.9285714285714286,False,C[C@@H]1[C@H](c2ccc(Cl)cc2)[C@]1(NS(=O)(=O)N1CCN(c2ccc(Cl)cc2)C(CO)C1)C(=O)O,6.78,6.62,0.16,False,3.85,514.4,2.57,3,5,110.2,7,True,True,0.463,False
1273,CAND-00187,COc1cc(Cl)ccc1OC(C)(C)C(=O)NNC(=S)NCc1ccc(-c2ccccc2)cc1,0.3029050900668694,5.841110124574556,0.2085238686917224,0.6858977211756014,0.5,0.3288105190700274,1,1.0,-2.1958931,2,0.7368421052631579,False,COc1cc(Cl)ccc1OC(C)(C)C(=O)NNC(=S)NCc1ccc(-c2ccccc2)cc1,5.51,5.85,-0.34,False,2.31,484.0,4.87,3,4,71.6,7,True,True,0.442,False
1274,CAND-01454,CCCCNc1nc(NCc2nc(-c3cccs3)sc2O)nc(N2CCC[C@@H]2CNS(=O)(=O)c2ccc(Cl)cc2)n1,0.3028671555466661,5.874518858363375,0.2187186042079464,0.5392435581442738,0.75,0.1450261781423095,1,1.0,-2.8922001,1,0.7901234567901234,False,CCCCNc1nc(NCc2nc(-c3cccs3)sc2O)nc(N2CCC[C@@H]2CNS(=O)(=O)c2ccc(Cl)cc2)n1,5.96,6.13,-0.17,False,3.56,635.2,5.19,4,12,145.3,13,False,False,0.421,False
1275,CAND-00734,O=C(COc1cc(Cl)c(Cl)cc1O)NNC(=S)NCc1ccc(-c2ccccc2)cc1,0.3028318358492201,5.875181385582722,0.2189207755867311,0.631675948737903,0.5,0.3112381601861818,1,1.0,-2.453335500000001,2,0.7735849056603774,False,O=C(COc1cc(Cl)c(Cl)cc1O)NNC(=S)NCc1ccc(-c2ccccc2)cc1,5.72,5.77,-0.05,False,2.19,476.4,4.44,4,4,82.6,6,True,True,0.407,False
1276,CAND-01422,C[C@@H]1[C@H](c2ccc(C#N)cc2)[C@]1(NS(=O)(=O)N1CCN(c2ccc(Cl)cc2)C(CO)C1)C(=O)O,0.3027893969277468,6.787804224599224,0.4974092848684677,0.1979805189710719,1.0,0.5229138380708663,2,0.5,-4.512500800000002,0,0.8125,False,C[C@@H]1[C@H](c2ccc(C#N)cc2)[C@]1(NS(=O)(=O)N1CCN(c2ccc(Cl)cc2)C(CO)C1)C(=O)O,6.7,6.43,0.27,False,3.95,505.0,1.79,3,6,134.0,7,True,True,0.392,False
1277,CAND-00791,CCCCNc1nc(NCc2csc(-c3cccs3)n2)nc(N2CCC[C@@H]2CNS(=O)(=O)c2cccc(C#N)c2C#N)n1,0.3026798494709135,5.812645043833805,0.1998376978408824,0.4477266358498745,0.75,0.1758700018349074,1,1.0,-3.3267180999999986,1,0.7647058823529411,False,CCCCNc1nc(NCc2csc(-c3cccs3)n2)nc(N2CCC[C@@H]2CNS(=O)(=O)c2cccc(C#N)c2C#N)n1,5.78,5.78,0.0,False,3.66,634.8,4.57,3,13,172.6,13,False,False,0.563,False
1278,CAND-01169,O=C(O)[C@]1(NS(=O)(=O)c2ccc(-c3ccc(Cl)cn3)s2)C[C@@H]1c1cccc(O)c1,0.3025508909568057,6.772407371677756,0.492710907363089,0.5175395920662641,1.0,0.5291544274402232,2,0.5,-2.995249500000001,0,0.8305084745762712,False,O=C(O)[C@]1(NS(=O)(=O)c2ccc(-c3ccc(Cl)cn3)s2)C[C@@H]1c1cccc(O)c1,7.05,6.69,0.36,False,3.43,450.9,3.46,3,6,116.6,6,True,True,0.474,False
1279,CAND-00109,COCc1cc(N2CCN(S(=O)(=O)N[C@@]3(C(=O)O)[C@H](C)[C@@H]3c3ccc(C(F)(F)F)cc3)C[C@H]2C)no1,0.3021411490484189,6.762763737883779,0.4897681350758671,0.2606468367154052,1.0,0.5313274351963474,2,0.5,-4.2149641,0,0.8309859154929577,False,COCc1cc(N2CCN(S(=O)(=O)N[C@@]3(C(=O)O)[C@H](C)[C@@H]3c3ccc(C(F)(F)F)cc3)C[C@H]2C)no1,7.06,6.64,0.42,False,4.22,532.5,2.44,2,7,125.2,8,True,True,0.571,False
1280,CAND-00326,O=C(O)[C@]1(NS(=O)(=O)c2sc(-n3cc(Cl)cn3)cc2O)C[C@@H]1C1CCCCC1,0.3020625628263353,6.899554387675713,0.5315100491674418,0.4546054114905315,0.75,0.6279003368964993,2,0.5,-3.294058000000002,1,0.7230769230769231,False,O=C(O)[C@]1(NS(=O)(=O)c2sc(-n3cc(Cl)cn3)cc2O)C[C@@H]1C1CCCCC1,6.81,6.67,0.14,False,4.06,446.0,2.99,3,7,121.5,6,True,True,0.632,False
1281,CAND-01416,C[C@@H]1[C@H](c2cccc(C(F)(F)F)c2)[C@]1(NS(=O)(=O)N1CCN(c2ccc(Cl)cc2)C(CO)C1)C(=O)O,0.3015052498666288,6.8325269855641455,0.5110565162324191,0.314290549452632,1.0,0.4916074720568272,2,0.5,-3.9602663000000025,0,0.8059701492537313,False,C[C@@H]1[C@H](c2cccc(C(F)(F)F)c2)[C@]1(NS(=O)(=O)N1CCN(c2ccc(Cl)cc2)C(CO)C1)C(=O)O,6.9,6.67,0.23,False,3.99,548.0,2.93,3,5,110.2,7,True,True,0.566,False
1282,CAND-01987,N#Cc1cccc([C@H]2C[C@@]2(NS(=O)(=O)c2ccc(-c3cccc(Cl)c3)s2)C(=O)O)c1,0.3013018240086048,6.667171858288574,0.4605981001942106,0.6225377991881763,1.0,0.5743486597336809,2,0.5,-2.496723,0,0.8,False,N#Cc1cccc([C@H]2C[C@@]2(NS(=O)(=O)c2ccc(-c3cccc(Cl)c3)s2)C(=O)O)c1,7.01,6.69,0.32,False,3.37,458.9,4.23,2,5,107.3,6,True,True,0.462,False
1283,CAND-01988,N#Cc1ccc([C@H]2C[C@@]2(NS(=O)(=O)c2ccc(-c3cccc(Cl)c3)s2)C(=O)O)cc1,0.3013018240086048,6.667171858288574,0.4605981001942106,0.6225377991881763,1.0,0.5743486597336809,2,0.5,-2.496723,0,0.8135593220338984,False,N#Cc1ccc([C@H]2C[C@@]2(NS(=O)(=O)c2ccc(-c3cccc(Cl)c3)s2)C(=O)O)cc1,7.0,6.67,0.33,False,3.32,458.9,4.23,2,5,107.3,6,True,True,0.463,False
1284,CAND-00223,COc1c(C)ncc(CCC2CCN(S(=O)(=O)CC3(N(O)C=O)CCOCC3)CC2)c1C,0.3012185560575542,6.145673246009019,0.3014618558254659,0.2871698695385005,0.25,0.3349587604827376,1,1.0,-4.089034000000003,3,0.7428571428571429,False,COc1c(C)ncc(CCC2CCN(S(=O)(=O)CC3(N(O)C=O)CCOCC3)CC2)c1C,6.07,7.4,-1.33,False,3.32,469.6,2.08,1,7,109.3,9,True,True,0.633,False
1285,CAND-00349,Cc1cnc(C)c(CCC2CCN(S(=O)(=O)CC3(N(O)C=O)CCOCC3)CC2)c1C(F)(F)F,0.3010568990866868,6.154662081769201,0.3042048153088482,0.3894495153437189,0.25,0.329848304774209,1,1.0,-3.6034151000000016,3,0.6944444444444444,False,Cc1cnc(C)c(CCC2CCN(S(=O)(=O)CC3(N(O)C=O)CCOCC3)CC2)c1C(F)(F)F,6.14,7.84,-1.7,False,3.45,507.6,3.09,1,6,100.0,8,True,True,0.521,False
1286,CAND-01960,COc1cccc([C@H]2C[C@@]2(NS(=O)(=O)c2ccc(-c3cccc(Cl)c3)s2)C(=O)O)c1,0.3009217368294187,6.7248260504870805,0.4781913811781795,0.6365681838645185,1.0,0.5424926102324923,2,0.5,-2.430107399999999,0,0.8,False,COc1cccc([C@H]2C[C@@]2(NS(=O)(=O)c2ccc(-c3cccc(Cl)c3)s2)C(=O)O)c1,7.07,6.55,0.52,False,3.23,464.0,4.37,2,5,92.7,7,True,True,0.517,False
1287,CAND-00740,CCCCNc1nc(NCc2csc(-c3cccs3)n2)nc(N2CCC[C@@H]2CNS(=O)(=O)c2cc(C#N)ccc2F)n1,0.3009036028635121,5.800962044457564,0.1962726094592077,0.49673517163451,0.75,0.1758909937796942,1,1.0,-3.094027899999999,1,0.8095238095238095,False,CCCCNc1nc(NCc2csc(-c3cccs3)n2)nc(N2CCC[C@@H]2CNS(=O)(=O)c2cc(C#N)ccc2F)n1,6.04,5.68,0.36,False,3.55,627.8,4.84,3,12,148.8,13,False,False,0.722,False
1288,CAND-01575,N#Cc1ccc(-c2ccc(Cn3c([S-])nnc3COc3ccc(Cl)cc3)cc2)cc1,0.3006436282162661,5.355338369045411,0.0602897392519293,0.772979700197085,0.75,0.4016625286343381,1,1.0,-1.782431999999999,1,0.7708333333333334,False,N#Cc1ccc(-c2ccc(Cn3c([S-])nnc3COc3ccc(Cl)cc3)cc2)cc1,5.26,5.38,-0.12,False,2.54,431.9,5.0,0,6,63.7,6,True,True,0.538,True
1289,CAND-01407,COc1ccc([C@H]2[C@@H](C)[C@@]2(NS(=O)(=O)N2CCN(c3ccc(Cl)cc3)C(CO)C2)C(=O)O)cc1,0.3005403287113924,6.809168547016742,0.5039286464793175,0.2120109036474141,1.0,0.4970544472770872,2,0.5,-4.445885200000002,0,0.8253968253968254,False,COc1ccc([C@H]2[C@@H](C)[C@@]2(NS(=O)(=O)N2CCN(c3ccc(Cl)cc3)C(CO)C2)C(=O)O)cc1,6.72,6.55,0.17,False,3.83,510.0,1.92,3,6,119.4,8,True,True,0.404,False
1290,CAND-00101,COCc1cc(N2CCN(S(=O)(=O)N[C@@]3(C(=O)O)[C@H](C)[C@@H]3c3ccc(OC)cc3)C[C@H]2C)no1,0.3004243779518233,6.741404437100795,0.4832503058258741,0.1583671909101869,1.0,0.5307453433023656,2,0.5,-4.700583000000002,0,0.8676470588235294,False,COCc1cc(N2CCN(S(=O)(=O)N[C@@]3(C(=O)O)[C@H](C)[C@@H]3c3ccc(OC)cc3)C[C@H]2C)no1,6.93,6.66,0.27,False,4.11,494.6,1.43,2,8,134.4,9,True,True,0.457,False
1291,CAND-01029,CC1(C)C[C@@H](O)CN(S(=O)(=O)c2ccc(OCc3cc(F)c(Cl)cc3Cl)cc2)[C@H]1C(=O)NO,0.3002788714001772,8.166181903587487,0.9180237256185312,0.4133507022237479,0.25,0.3051529333036297,2,0.5,-3.4899334000000004,3,0.7910447761194029,True,CC1(C)C[C@@H](O)CN(S(=O)(=O)c2ccc(OCc3cc(F)c(Cl)cc3Cl)cc2)[C@H]1C(=O)NO,7.9,8.21,-0.31,False,3.52,521.4,3.37,3,6,116.2,6,True,True,0.985,False
1292,CAND-00108,COCc1cc(N2CCN(S(=O)(=O)N[C@@]3(C(=O)O)[C@H](C)[C@@H]3c3cccc(C(F)(F)F)c3)C[C@H]2C)no1,0.2999124009611391,6.733548795951533,0.4808531427267478,0.2606468367154052,1.0,0.5313274351963474,2,0.5,-4.2149641,0,0.821917808219178,False,COCc1cc(N2CCN(S(=O)(=O)N[C@@]3(C(=O)O)[C@H](C)[C@@H]3c3cccc(C(F)(F)F)c3)C[C@H]2C)no1,7.02,6.64,0.38,False,4.25,532.5,2.44,2,7,125.2,8,True,True,0.656,False
1293,CAND-00228,Cc1cc(C)c(CCC2CCN(S(=O)(=O)CC3(N(O)C=O)CCOCC3)CC2)c(C(F)(F)F)n1,0.2998651281325684,6.146851078044774,0.3018212734006114,0.3894495153437189,0.25,0.329848304774209,1,1.0,-3.6034151000000016,3,0.6944444444444444,False,Cc1cc(C)c(CCC2CCN(S(=O)(=O)CC3(N(O)C=O)CCOCC3)CC2)c(C(F)(F)F)n1,6.25,7.91,-1.66,False,3.37,507.6,3.09,1,6,100.0,8,True,True,0.506,False
1294,CAND-01417,C[C@@H]1[C@H](c2ccc(C(F)(F)F)cc2)[C@]1(NS(=O)(=O)N1CCN(c2ccc(Cl)cc2)C(CO)C1)C(=O)O,0.2997228993381393,6.809163525382208,0.5039271141184607,0.314290549452632,1.0,0.4916074720568272,2,0.5,-3.9602663000000025,0,0.8125,False,C[C@@H]1[C@H](c2ccc(C(F)(F)F)cc2)[C@]1(NS(=O)(=O)N1CCN(c2ccc(Cl)cc2)C(CO)C1)C(=O)O,6.85,6.61,0.24,False,3.96,548.0,2.93,3,5,110.2,7,True,True,0.577,False
1295,CAND-01050,CC1(C)C[C@@H](O)CN(S(=O)(=O)c2ccc(OCc3ccc(Cl)c(O)c3Cl)cc2)[C@H]1C(=O)NO,0.2996213233230361,7.760546623837939,0.7942433866438136,0.351083883000093,0.5,0.3404031777472183,2,0.5,-3.785573300000001,2,0.7761194029850746,True,CC1(C)C[C@@H](O)CN(S(=O)(=O)c2ccc(OCc3ccc(Cl)c(O)c3Cl)cc2)[C@H]1C(=O)NO,7.79,8.28,-0.49,False,3.62,519.4,2.93,4,7,136.4,6,True,True,1.155,False
1296,CAND-00813,C=CCCNc1nc(NCc2ccccc2O)nc(N2CCC[C@@H]2CNS(=O)(=O)c2ccc(C(F)(F)F)cc2)n1,0.2994509566264432,6.42855047922968,0.387782354964256,0.457198255458537,0.25,0.185199263814384,1,1.0,-3.2817473000000006,3,0.8082191780821918,False,C=CCCNc1nc(NCc2ccccc2O)nc(N2CCC[C@@H]2CNS(=O)(=O)c2ccc(C(F)(F)F)cc2)n1,6.44,6.52,-0.08,False,3.36,577.6,4.14,4,9,132.4,12,True,False,0.656,False
1297,CAND-01170,O=C(O)[C@]1(NS(=O)(=O)c2ccc(-c3ccc(Cl)cn3)s2)C[C@@H]1c1ccc(O)cc1,0.2991390831158179,6.727684610712834,0.4790636759991376,0.5175395920662641,1.0,0.5291544274402232,2,0.5,-2.995249500000001,0,0.8571428571428571,False,O=C(O)[C@]1(NS(=O)(=O)c2ccc(-c3ccc(Cl)cn3)s2)C[C@@H]1c1ccc(O)cc1,6.99,6.65,0.34,False,3.4,450.9,3.46,3,6,116.6,6,True,True,0.46,False
1298,CAND-00342,Cc1cc(CCC2CCN(S(=O)(=O)CC3(N(O)C=O)CCOCC3)CC2)c(C)nc1C,0.2989324161921733,6.0647023198351535,0.2767534313139536,0.3525593400523695,0.25,0.3685190017839885,1,1.0,-3.7785679000000014,3,0.7727272727272727,False,Cc1cc(CCC2CCN(S(=O)(=O)CC3(N(O)C=O)CCOCC3)CC2)c(C)nc1C,6.04,7.63,-1.59,False,3.24,453.6,2.38,1,6,100.0,8,True,True,0.547,False
1299,CAND-01649,CC(C)[C@H]1C[C@@]1(NS(=O)(=O)c1cc(O)c(-n2cc(Cl)cn2)s1)C(=O)O,0.2986598876904372,6.7606230509848215,0.4891149005984437,0.3678613886722749,0.75,0.6758744169388418,2,0.5,-3.705914500000001,1,0.7096774193548387,False,CC(C)[C@H]1C[C@@]1(NS(=O)(=O)c1cc(O)c(-n2cc(Cl)cn2)s1)C(=O)O,6.52,6.32,0.2,False,4.15,405.9,2.07,3,7,121.5,6,True,True,0.655,False
1300,CAND-01574,N#Cc1cccc(-c2ccc(Cn3c([S-])nnc3COc3ccc(Cl)cc3)cc2)c1,0.2981840814334318,5.3392182169182485,0.0553706456862607,0.772979700197085,0.75,0.4016625286343381,1,1.0,-1.782431999999999,1,0.7358490566037735,False,N#Cc1cccc(-c2ccc(Cn3c([S-])nnc3COc3ccc(Cl)cc3)cc2)c1,5.21,5.45,-0.24,False,2.58,431.9,5.0,0,6,63.7,6,True,True,0.521,True
1301,CAND-01979,O=C(O)[C@]1(NS(=O)(=O)c2ccc(-c3cccc(Cl)c3)s2)C[C@@H]1c1ccc(C(F)(F)F)cc1,0.2977413058213971,6.815833549593178,0.5059624840653577,0.7388478296697364,1.0,0.4750045653670508,2,0.5,-1.9444885,0,0.8275862068965517,False,O=C(O)[C@]1(NS(=O)(=O)c2ccc(-c3cccc(Cl)c3)s2)C[C@@H]1c1ccc(C(F)(F)F)cc1,7.09,6.65,0.44,False,3.33,501.9,5.38,2,4,83.5,6,False,True,0.627,False
1302,CAND-00031,O=CN(O)C1(CS(=O)(=O)N2CCC(CCc3ccc(O)cc3)CC2)CCOCC1,0.2975021132029675,6.047208509803735,0.2714151635553274,0.2954227954049663,0.25,0.3726484380843459,1,1.0,-4.049849500000002,3,0.8392857142857143,False,O=CN(O)C1(CS(=O)(=O)N2CCC(CCc3ccc(O)cc3)CC2)CCOCC1,6.07,7.6,-1.53,False,2.95,426.5,1.76,2,6,107.4,8,True,True,0.469,False
1303,CAND-01545,Cc1ccccc1-c1ccc(Cn2c([S-])nnc2COc2ccc(Cl)cc2)cc1,0.2969144824631944,5.355338369045411,0.0602897392519293,0.8523995553872957,0.75,0.3892320427907657,1,1.0,-1.405350299999999,1,0.7450980392156863,False,Cc1ccccc1-c1ccc(Cn2c([S-])nnc2COc2ccc(Cl)cc2)cc1,5.33,5.35,-0.02,False,2.45,420.9,5.44,0,5,39.9,6,True,True,0.561,True
1304,CAND-01547,Cc1ccc(-c2ccc(Cn3c([S-])nnc3COc3ccc(Cl)cc3)cc2)cc1,0.2969144824631944,5.355338369045411,0.0602897392519293,0.8523995553872961,0.75,0.3892320427907657,1,1.0,-1.4053502999999972,1,0.7872340425531915,False,Cc1ccc(-c2ccc(Cn3c([S-])nnc3COc3ccc(Cl)cc3)cc2)cc1,5.27,5.37,-0.1,False,2.41,420.9,5.44,0,5,39.9,6,True,True,0.539,True
1305,CAND-00105,COCc1cc(N2CCN(S(=O)(=O)N[C@@]3(C(=O)O)[C@H](C)[C@@H]3c3ccc(O)cc3)C[C@H]2C)no1,0.2967087662486807,6.741404437100795,0.4832503058258741,0.1310785227948257,1.0,0.5059745986147479,2,0.5,-4.830148300000001,0,0.8939393939393939,False,COCc1cc(N2CCN(S(=O)(=O)N[C@@]3(C(=O)O)[C@H](C)[C@@H]3c3ccc(O)cc3)C[C@H]2C)no1,6.91,6.58,0.33,False,4.19,480.5,1.13,3,8,145.4,8,True,False,0.465,False
1306,CAND-01411,C[C@@H]1[C@H](c2cccc(O)c2)[C@]1(NS(=O)(=O)N1CCN(c2ccc(Cl)cc2)C(CO)C1)C(=O)O,0.2965875198004865,6.8325269855641455,0.5110565162324191,0.1847222355320529,1.0,0.4588226049492114,2,0.5,-4.575450500000001,0,0.8571428571428571,False,C[C@@H]1[C@H](c2cccc(O)c2)[C@]1(NS(=O)(=O)N1CCN(c2ccc(Cl)cc2)C(CO)C1)C(=O)O,6.77,6.49,0.28,False,3.94,496.0,1.62,4,6,130.4,7,True,True,0.443,False
1307,CAND-00038,COc1ccc(OCC(=O)NNC(=S)NCc2ccc(-c3ccccc3)cc2)cc1OC,0.296522392803995,5.7427469499515205,0.1785081681220231,0.5147652804024471,0.5,0.3575610291432783,1,1.0,-3.0084218000000003,2,0.7843137254901961,False,COc1ccc(OCC(=O)NNC(=S)NCc2ccc(-c3ccccc3)cc2)cc1OC,5.7,5.54,0.16,False,2.02,451.5,3.45,3,5,80.9,8,True,True,0.398,False
1308,CAND-00227,Cc1ncc(CCC2CCN(S(=O)(=O)CC3(N(O)C=O)CCOCC3)CC2)c(C)c1C(F)(F)F,0.2964257385395707,6.124308923591501,0.2949424942146161,0.3894495153437189,0.25,0.329848304774209,1,1.0,-3.6034151000000016,3,0.7428571428571429,False,Cc1ncc(CCC2CCN(S(=O)(=O)CC3(N(O)C=O)CCOCC3)CC2)c(C)c1C(F)(F)F,6.04,7.77,-1.73,False,3.47,507.6,3.09,1,6,100.0,8,True,True,0.614,False
1309,CAND-00027,COc1cccc(CCC2CCN(S(=O)(=O)CC3(N(O)C=O)CCOCC3)CC2)c1,0.2961265052998813,6.065521102860069,0.2770032844343069,0.3227114635203275,0.25,0.3587495436090928,1,1.0,-3.9202842000000016,3,0.7619047619047619,False,COc1cccc(CCC2CCN(S(=O)(=O)CC3(N(O)C=O)CCOCC3)CC2)c1,6.15,7.64,-1.49,False,2.9,440.6,2.07,1,6,96.4,9,True,True,0.649,False
1310,CAND-01978,O=C(O)[C@]1(NS(=O)(=O)c2ccc(-c3cccc(Cl)c3)s2)C[C@@H]1c1cccc(C(F)(F)F)c1,0.2961118485088988,6.794474248810194,0.4994446548153647,0.7388478296697363,1.0,0.4750045653670509,2,0.5,-1.9444885000000005,0,0.8135593220338984,False,O=C(O)[C@]1(NS(=O)(=O)c2ccc(-c3cccc(Cl)c3)s2)C[C@@H]1c1cccc(C(F)(F)F)c1,7.09,6.67,0.42,False,3.36,501.9,5.38,2,4,83.5,6,False,True,0.605,False
1311,CAND-00104,COCc1cc(N2CCN(S(=O)(=O)N[C@@]3(C(=O)O)[C@H](C)[C@@H]3c3cccc(O)c3)C[C@H]2C)no1,0.2961094754738991,6.733548795951533,0.4808531427267478,0.1310785227948257,1.0,0.5059745986147479,2,0.5,-4.830148300000001,0,0.8823529411764706,False,COCc1cc(N2CCN(S(=O)(=O)N[C@@]3(C(=O)O)[C@H](C)[C@@H]3c3cccc(O)c3)C[C@H]2C)no1,6.86,6.59,0.27,False,4.22,480.5,1.13,3,8,145.4,8,True,False,0.547,False
1312,CAND-00735,O=C(COc1ccc(Cl)c(Cl)c1O)NNC(=S)NCc1ccc(-c2ccccc2)cc1,0.2960082201672444,5.8304586246178,0.2052735442227797,0.631675948737903,0.5,0.3112381601861818,1,1.0,-2.453335500000001,2,0.75,False,O=C(COc1ccc(Cl)c(Cl)c1O)NNC(=S)NCc1ccc(-c2ccccc2)cc1,5.73,5.75,-0.02,False,2.23,476.4,4.44,4,4,82.6,6,True,True,0.404,False
1313,CAND-01554,COc1ccc(-c2ccc(Cn3c([S-])nnc3COc3ccc(Cl)cc3)cc2)cc1,0.2959849445301682,5.376702691462929,0.066809100862779,0.7870100848734272,0.75,0.3752679803292623,1,1.0,-1.7158163999999978,1,0.7872340425531915,False,COc1ccc(-c2ccc(Cn3c([S-])nnc3COc3ccc(Cl)cc3)cc2)cc1,5.24,5.36,-0.12,False,2.41,436.9,5.14,0,6,49.2,7,True,True,0.524,True
1314,CAND-01858,C[C@]1(c2ccccc2)C[C@@]1(NS(=O)(=O)c1cc(O)c(-c2ccc(Cl)cc2)s1)C(=O)O,0.2957897906121713,7.055106058592487,0.5789769227738257,0.6172927172291636,0.75,0.5069703994580995,2,0.5,-2.5216264,1,0.7068965517241379,True,C[C@]1(c2ccccc2)C[C@@]1(NS(=O)(=O)c1cc(O)c(-c2ccc(Cl)cc2)s1)C(=O)O,7.45,6.78,0.67,False,3.56,464.0,4.24,3,5,103.7,6,True,True,0.808,False
1315,CAND-01573,N#Cc1ccccc1-c1ccc(Cn2c([S-])nnc2COc2ccc(Cl)cc2)cc1,0.2956088145905234,5.322339622225335,0.050220112000444,0.772979700197085,0.75,0.4016625286343381,1,1.0,-1.782431999999999,1,0.7037037037037037,False,N#Cc1ccccc1-c1ccc(Cn2c([S-])nnc2COc2ccc(Cl)cc2)cc1,5.31,5.37,-0.06,False,2.58,431.9,5.0,0,6,63.7,6,True,True,0.575,True
1316,CAND-01546,Cc1cccc(-c2ccc(Cn3c([S-])nnc3COc3ccc(Cl)cc3)cc2)c1,0.2944549356803601,5.3392182169182485,0.0553706456862607,0.8523995553872961,0.75,0.3892320427907657,1,1.0,-1.405350299999998,1,0.7647058823529411,False,Cc1cccc(-c2ccc(Cn3c([S-])nnc3COc3ccc(Cl)cc3)cc2)c1,5.21,5.42,-0.21,False,2.45,420.9,5.44,0,5,39.9,6,True,True,0.531,True
1317,CAND-01544,Cc1cc(Cn2c([S-])nnc2COc2ccc(Cl)cc2)ccc1-c1ccccc1,0.2944549356803601,5.3392182169182485,0.0553706456862607,0.8523995553872958,0.75,0.3892320427907657,1,1.0,-1.4053502999999985,1,0.7358490566037735,False,Cc1cc(Cn2c([S-])nnc2COc2ccc(Cl)cc2)ccc1-c1ccccc1,5.24,5.88,-0.64,False,2.49,420.9,5.44,0,5,39.9,6,True,True,0.543,True
1318,CAND-01943,O=C(O)[C@]1(NS(=O)(=O)c2ccc(-c3cccc(Cl)c3)s2)C[C@@H]1c1ccc(Cl)cc1,0.2944320194146598,6.65866758764249,0.4580030066314539,0.727313004921595,1.0,0.5328751183786425,2,0.5,-1.9992552999999995,0,0.9056603773584906,False,O=C(O)[C@]1(NS(=O)(=O)c2ccc(-c3cccc(Cl)c3)s2)C[C@@H]1c1ccc(Cl)cc1,6.95,6.68,0.27,False,3.2,468.4,5.01,2,4,83.5,6,True,True,0.434,False
1319,CAND-01942,O=C(O)[C@]1(NS(=O)(=O)c2ccc(-c3cccc(Cl)c3)s2)C[C@@H]1c1cccc(Cl)c1,0.2944320194146598,6.65866758764249,0.4580030066314539,0.727313004921595,1.0,0.5328751183786425,2,0.5,-1.9992552999999995,0,0.9230769230769232,False,O=C(O)[C@]1(NS(=O)(=O)c2ccc(-c3cccc(Cl)c3)s2)C[C@@H]1c1cccc(Cl)c1,6.98,6.68,0.3,False,3.25,468.4,5.01,2,4,83.5,6,True,True,0.438,False
1320,CAND-01403,Cc1cc(Cl)ccc1N1CCN(S(=O)(=O)N[C@@]2(C(=O)O)[C@H](C)[C@@H]2c2ccccc2)CC1CO,0.2942278803029215,6.631628955072863,0.449752119018947,0.2774003741612829,1.0,0.5452656703212315,2,0.5,-4.135419100000002,0,0.78125,False,Cc1cc(Cl)ccc1N1CCN(S(=O)(=O)N[C@@]2(C(=O)O)[C@H](C)[C@@H]2c2ccccc2)CC1CO,6.82,6.69,0.13,False,3.88,494.0,2.22,3,5,110.2,7,True,True,0.537,False
1321,CAND-01969,O=C(O)[C@]1(NS(=O)(=O)c2ccc(-c3cccc(Cl)c3)s2)C[C@@H]1c1cccc(O)c1,0.294055914852449,6.667171858288574,0.4605981001942106,0.609279515749157,1.0,0.526042598692642,2,0.5,-2.5596727,0,0.8571428571428571,False,O=C(O)[C@]1(NS(=O)(=O)c2ccc(-c3cccc(Cl)c3)s2)C[C@@H]1c1cccc(O)c1,7.03,6.83,0.2,False,3.3,449.9,4.06,3,5,103.7,6,True,True,0.502,False
1322,CAND-01970,O=C(O)[C@]1(NS(=O)(=O)c2ccc(-c3cccc(Cl)c3)s2)C[C@@H]1c1ccc(O)cc1,0.294055914852449,6.667171858288574,0.4605981001942106,0.609279515749157,1.0,0.526042598692642,2,0.5,-2.5596727,0,0.8727272727272727,False,O=C(O)[C@]1(NS(=O)(=O)c2ccc(-c3cccc(Cl)c3)s2)C[C@@H]1c1ccc(O)cc1,7.02,6.81,0.21,False,3.27,449.9,4.06,3,5,103.7,6,True,True,0.505,False
1323,CAND-00524,COc1cc(/C=C2/SC(=S)NC2=O)cc(O)c1OCc1ccc(Cl)cc1,0.2939873801977696,5.628975648354527,0.1437906497494453,0.6720650427737007,0.25,0.5736401844101564,1,1.0,-2.26157,3,0.7288135593220338,False,COc1cc(/C=C2/SC(=S)NC2=O)cc(O)c1OCc1ccc(Cl)cc1,5.38,6.34,-0.96,False,2.44,407.9,4.12,2,6,67.8,5,True,True,0.382,False
1324,CAND-01193,COc1cc(Cl)ccc1OCC(=O)NNC(=S)NCCCCC1CCCCC1,0.2935427407197266,6.135792514738818,0.2984467328147192,0.6240075274552553,0.25,0.3143979143745565,1,1.0,-2.489744800000001,3,0.711864406779661,False,COc1cc(Cl)ccc1OCC(=O)NNC(=S)NCCCCC1CCCCC1,6.33,6.17,0.16,False,2.22,428.0,3.97,3,4,71.6,9,True,True,0.516,False
1325,CAND-01557,Oc1cc(-c2ccccc2)ccc1Cn1c([S-])nnc1COc1ccc(Cl)cc1,0.2934171615203612,5.539683389925306,0.1165429556558466,0.7597214167580655,0.5,0.4504856123081262,1,1.0,-1.8453817,2,0.7169811320754716,False,Oc1cc(-c2ccccc2)ccc1Cn1c([S-])nnc1COc1ccc(Cl)cc1,5.32,5.64,-0.32,False,2.58,422.9,4.84,1,6,60.2,6,True,True,0.781,False
1326,CAND-00202,COc1ccc(-c2nc(/C=C3\NC(=O)CS3)sc2CC(=O)O)cc1OC,0.2932753585994394,6.158164125387633,0.3052734702504532,0.4666700224991716,1.0,0.7797132735788409,2,0.5,-3.236775800000001,0,0.7931034482758621,False,COc1ccc(-c2nc(/C=C3\NC(=O)CS3)sc2CC(=O)O)cc1OC,6.23,5.26,0.97,False,2.91,392.5,2.62,2,7,97.8,6,True,True,0.64,False
1327,CAND-00327,O=C(O)[C@]1(NS(=O)(=O)c2cc(O)c(-n3cc(Cl)cn3)s2)C[C@@H]1C1CCCCC1,0.2931924791717574,6.783283293431529,0.4960297145491301,0.4546054114905316,0.75,0.6279003368964993,2,0.5,-3.294058000000001,1,0.7230769230769231,False,O=C(O)[C@]1(NS(=O)(=O)c2cc(O)c(-n3cc(Cl)cn3)s2)C[C@@H]1C1CCCCC1,6.81,6.66,0.15,False,4.0,446.0,2.99,3,7,121.5,6,True,True,0.633,False
1328,CAND-01412,C[C@@H]1[C@H](c2ccc(O)cc2)[C@]1(NS(=O)(=O)N1CCN(c2ccc(Cl)cc2)C(CO)C1)C(=O)O,0.2931757119594986,6.787804224599224,0.4974092848684677,0.1847222355320529,1.0,0.4588226049492114,2,0.5,-4.575450500000001,0,0.8666666666666667,False,C[C@@H]1[C@H](c2ccc(O)cc2)[C@]1(NS(=O)(=O)N1CCN(c2ccc(Cl)cc2)C(CO)C1)C(=O)O,6.7,6.45,0.25,False,3.9,496.0,1.62,4,6,130.4,7,True,True,0.386,False
1329,CAND-01572,N#Cc1cc(Cn2c([S-])nnc2COc2ccc(Cl)cc2)ccc1-c1ccccc1,0.2931492678076892,5.306219470098172,0.0453010184347754,0.772979700197085,0.75,0.4016625286343381,1,1.0,-1.782431999999999,1,0.6964285714285714,False,N#Cc1cc(Cn2c([S-])nnc2COc2ccc(Cl)cc2)ccc1-c1ccccc1,5.24,5.84,-0.6,False,2.63,431.9,5.0,0,6,63.7,6,True,True,0.55,True
1330,CAND-01569,N#Cc1cc(Cl)ccc1OCc1nnc([S-])n1Cc1ccc(-c2ccccc2)cc1,0.2931492678076892,5.306219470098172,0.0453010184347754,0.772979700197085,0.75,0.4016625286343381,1,1.0,-1.782431999999999,1,0.6428571428571429,False,N#Cc1cc(Cl)ccc1OCc1nnc([S-])n1Cc1ccc(-c2ccccc2)cc1,5.25,5.9,-0.65,False,2.61,431.9,5.0,0,6,63.7,6,True,True,0.519,True
1331,CAND-00346,Cc1cc(CCC2CCN(S(=O)(=O)CC3(N(O)C=O)CCOCC3)CC2)c(C)nc1O,0.2928253751621485,6.0647023198351535,0.2767534313139536,0.2598812014231393,0.25,0.3481621983505723,1,1.0,-4.218599300000003,3,0.75,False,Cc1cc(CCC2CCN(S(=O)(=O)CC3(N(O)C=O)CCOCC3)CC2)c(C)nc1O,6.07,7.63,-1.56,False,3.42,455.6,1.78,2,7,120.3,8,True,True,0.439,False
1332,CAND-00100,COCc1cc(N2CCN(S(=O)(=O)N[C@@]3(C(=O)O)[C@H](C)[C@@H]3c3cccc(OC)c3)C[C@H]2C)no1,0.2928158171129033,6.641669673730429,0.452816062470194,0.1583671909101869,1.0,0.5307453433023656,2,0.5,-4.700583000000002,0,0.8571428571428571,False,COCc1cc(N2CCN(S(=O)(=O)N[C@@]3(C(=O)O)[C@H](C)[C@@H]3c3cccc(OC)c3)C[C@H]2C)no1,6.88,6.66,0.22,False,4.14,494.6,1.43,2,8,134.4,9,True,True,0.555,False
1333,CAND-01238,O=C(COc1ccccc1O)NNC(=S)NCc1ccc(-c2ccccc2)cc1,0.2925303939123599,5.689590834498724,0.1622874833892039,0.5247669179504217,0.5,0.3712888407258599,1,1.0,-2.9609345,2,0.7708333333333334,False,O=C(COc1ccccc1O)NNC(=S)NCc1ccc(-c2ccccc2)cc1,5.79,5.51,0.28,False,2.0,407.5,3.13,4,4,82.6,6,True,True,0.789,False
1334,CAND-00290,Cc1cc(F)ncc1CCC1CCN(S(=O)(=O)CC2(N(O)C=O)CCOCC2)CC1,0.292445471715524,6.513884968683546,0.413822328699666,0.2940488557962611,0.0,0.2851143578856366,1,1.0,-4.056372900000003,4,0.8461538461538461,False,Cc1cc(F)ncc1CCC1CCN(S(=O)(=O)CC2(N(O)C=O)CCOCC2)CC1,6.38,7.24,-0.86,False,3.27,443.5,1.9,1,6,100.0,8,True,True,0.813,False
1335,CAND-01549,COc1cc(OCc2nnc([S-])n2Cc2ccc(-c3ccccc3)cc2)ccc1Cl,0.2923268161977708,5.352726898186504,0.0594928441979842,0.787010084873427,0.75,0.3752679803292624,1,1.0,-1.7158163999999982,1,0.6851851851851852,False,COc1cc(OCc2nnc([S-])n2Cc2ccc(-c3ccccc3)cc2)ccc1Cl,5.18,5.9,-0.72,False,2.48,436.9,5.14,0,6,49.2,7,True,True,0.538,True
1336,CAND-00321,Cc1nn(-c2ccc(S(=O)(=O)N[C@@]3(C(=O)O)C[C@@H]3C3CCCCC3)s2)cc1Cl,0.2921752094029716,6.281240059794052,0.342830314146928,0.5472835501197618,1.0,0.7097842057749307,2,0.5,-2.854026600000001,0,0.734375,False,Cc1nn(-c2ccc(S(=O)(=O)N[C@@]3(C(=O)O)C[C@@H]3C3CCCCC3)s2)cc1Cl,6.6,6.95,-0.35,False,3.81,444.0,3.6,2,6,101.3,6,True,True,0.729,False
1337,CAND-00344,COc1nc(C)c(CCC2CCN(S(=O)(=O)CC3(N(O)C=O)CCOCC3)CC2)cc1C,0.292124024607223,6.086066642252671,0.2832727929248033,0.2871698695385005,0.25,0.3349587604827376,1,1.0,-4.089034000000003,3,0.7183098591549296,False,COc1nc(C)c(CCC2CCN(S(=O)(=O)CC3(N(O)C=O)CCOCC3)CC2)cc1C,6.14,7.58,-1.44,False,3.28,469.6,2.08,1,7,109.3,9,True,True,0.588,False
1338,CAND-01570,N#Cc1cc(OCc2nnc([S-])n2Cc2ccc(-c3ccccc3)cc2)ccc1Cl,0.2919506862581261,5.298363828948911,0.0429038553356492,0.7729797001970848,0.75,0.4016625286343381,1,1.0,-1.7824319999999991,1,0.6727272727272727,False,N#Cc1cc(OCc2nnc([S-])n2Cc2ccc(-c3ccccc3)cc2)ccc1Cl,5.23,5.89,-0.66,False,2.64,431.9,5.0,0,6,63.7,6,True,True,0.524,True
1339,CAND-01164,O=C(O)[C@]1(NS(=O)(=O)c2cc(O)c(-c3ccc(Cl)cn3)s2)C[C@@H]1c1ccccc1,0.2919503960483256,6.961159392376188,0.5503089277291686,0.5175395920662642,0.75,0.5291544274402232,2,0.5,-2.9952495000000003,1,0.7377049180327869,False,O=C(O)[C@]1(NS(=O)(=O)c2cc(O)c(-c3ccc(Cl)cn3)s2)C[C@@H]1c1ccccc1,7.08,6.66,0.42,False,3.58,450.9,3.46,3,6,116.6,6,True,True,0.43,False
1340,CAND-01163,O=C(O)[C@]1(NS(=O)(=O)c2sc(-c3ccc(Cl)cn3)cc2O)C[C@@H]1c1ccccc1,0.2919503960483256,6.961159392376188,0.5503089277291686,0.5175395920662641,0.75,0.5291544274402232,2,0.5,-2.995249500000001,1,0.7377049180327869,False,O=C(O)[C@]1(NS(=O)(=O)c2sc(-c3ccc(Cl)cn3)cc2O)C[C@@H]1c1ccccc1,7.07,6.64,0.43,False,3.6,450.9,3.46,3,6,116.6,6,True,True,0.401,False
1341,CAND-00291,Cc1ccnc(F)c1CCC1CCN(S(=O)(=O)CC2(N(O)C=O)CCOCC2)CC1,0.2902530165806642,6.4995153658963245,0.4094374184299466,0.2940488557962611,0.0,0.2851143578856366,1,1.0,-4.056372900000003,4,0.7246376811594203,False,Cc1ccnc(F)c1CCC1CCN(S(=O)(=O)CC2(N(O)C=O)CCOCC2)CC1,6.44,7.3,-0.86,False,3.3,443.5,1.9,1,6,100.0,8,True,True,0.706,False
1342,CAND-00489,C=CCCNc1nc(NCc2nc(-c3ccccc3)sc2C(F)(F)F)nc(N2CCC[C@@H]2CNS(=O)(=O)c2ccccc2)n1,0.2895653815696303,6.1510003624010645,0.3030874350235384,0.5830001458523438,0.5,0.1267388801928703,1,1.0,-2.6844458999999987,2,0.7215189873417721,False,C=CCCNc1nc(NCc2nc(-c3ccccc3)sc2C(F)(F)F)nc(N2CCC[C@@H]2CNS(=O)(=O)c2ccccc2)n1,6.52,5.64,0.88,False,3.64,644.7,5.56,3,10,125.0,13,False,False,0.613,False
1343,CAND-00040,COc1ccc(OCC(=O)NNC(=S)NCc2ccc(-c3ccccc3)cc2)cc1O,0.2889507257001713,5.740614105782239,0.1778573268677394,0.4874766122870859,0.5,0.3334068742210054,1,1.0,-3.1379871,2,0.7692307692307693,False,COc1ccc(OCC(=O)NNC(=S)NCc2ccc(-c3ccccc3)cc2)cc1O,5.65,5.49,0.16,False,2.08,437.5,3.14,4,5,91.9,7,True,True,0.378,False
1344,CAND-00662,Cc1cc(Cl)cc(O)c1CCC1CCN(S(=O)(=O)CC2(N(O)C=O)CCOCC2)CC1,0.2883019648162535,6.050027148987784,0.272275276398235,0.3769764756492399,0.25,0.3405477553904532,1,1.0,-3.6626365000000014,3,0.75,False,Cc1cc(Cl)cc(O)c1CCC1CCN(S(=O)(=O)CC2(N(O)C=O)CCOCC2)CC1,6.79,7.86,-1.07,False,3.24,475.0,2.73,2,6,107.4,8,True,True,0.634,False
1345,CAND-00348,Cc1cc(CCC2CCN(S(=O)(=O)CC3(N(O)C=O)CCOCC3)CC2)c(C)nc1C(F)(F)F,0.2873312070892395,6.0647023198351535,0.2767534313139536,0.3894495153437188,0.25,0.329848304774209,1,1.0,-3.603415100000002,3,0.7428571428571429,False,Cc1cc(CCC2CCN(S(=O)(=O)CC3(N(O)C=O)CCOCC3)CC2)c(C)nc1C(F)(F)F,6.08,7.84,-1.76,False,3.4,507.6,3.09,1,6,100.0,8,True,True,0.65,False
1346,CAND-01535,[S-]c1nnc(COc2ccc(Cl)c(Cl)c2)n1Cc1ccc(-c2ccccc2)cc1,0.2868631049360095,5.355596177351089,0.0603684099225056,0.8777549059305036,0.75,0.355596333249189,1,1.0,-1.2849642999999986,1,0.7551020408163265,False,[S-]c1nnc(COc2ccc(Cl)c(Cl)c2)n1Cc1ccc(-c2ccccc2)cc1,5.23,5.92,-0.69,False,2.47,441.4,5.79,0,5,39.9,6,True,True,0.546,True
1347,CAND-01143,O=C(O)[C@]1(NS(=O)(=O)c2ccc(-c3ccc(Cl)c(Cl)n3)s2)C[C@@H]1c1ccccc1,0.2868454322334376,6.908580990262005,0.534264533266091,0.6355730812387022,0.75,0.5218619927794328,2,0.5,-2.4348321,1,0.7288135593220338,False,O=C(O)[C@]1(NS(=O)(=O)c2ccc(-c3ccc(Cl)c(Cl)n3)s2)C[C@@H]1c1ccccc1,6.98,6.62,0.36,False,3.43,469.4,4.41,2,5,96.4,6,True,True,0.502,False
1348,CAND-01540,[S-]c1nnc(COc2ccc(Cl)cc2)n1Cc1ccc(-c2ccc(Cl)cc2)cc1,0.2868237696007214,5.355338369045411,0.0602897392519293,0.8777549059305034,0.75,0.3555963332491891,1,1.0,-1.2849642999999995,1,0.8809523809523809,False,[S-]c1nnc(COc2ccc(Cl)cc2)n1Cc1ccc(-c2ccc(Cl)cc2)cc1,5.27,5.37,-0.1,False,2.42,441.4,5.79,0,5,39.9,6,True,True,0.542,True
1349,CAND-01538,[S-]c1nnc(COc2ccc(Cl)cc2)n1Cc1ccc(-c2ccccc2Cl)cc1,0.2868237696007214,5.355338369045411,0.0602897392519293,0.8777549059305034,0.75,0.3555963332491891,1,1.0,-1.2849642999999995,1,0.7755102040816326,False,[S-]c1nnc(COc2ccc(Cl)cc2)n1Cc1ccc(-c2ccccc2Cl)cc1,5.34,5.36,-0.02,False,2.46,441.4,5.79,0,5,39.9,6,True,True,0.573,True
1350,CAND-00853,C=CCCNc1nc(NCc2csc(-c3sccc3O)n2)nc(N2CCC[C@@H]2CNS(=O)(=O)c2ccc(C(F)(F)F)cc2)n1,0.2852496002960097,6.48492129069019,0.404984009995766,0.5198719237397597,0.25,0.109191984327089,1,1.0,-2.9841756999999984,3,0.8072289156626506,False,C=CCCNc1nc(NCc2csc(-c3sccc3O)n2)nc(N2CCC[C@@H]2CNS(=O)(=O)c2ccc(C(F)(F)F)cc2)n1,6.51,6.41,0.1,False,3.78,666.8,5.33,4,12,145.3,13,False,False,0.764,False
1351,CAND-01187,COc1cc(Cl)ccc1OCC(=O)NNC(=S)NCCCn1ccnc1,0.2850918441262384,6.004155467814252,0.2582774499554618,0.2942597045779205,0.25,0.3531770638283583,1,1.0,-4.055371800000001,3,0.7213114754098361,False,COc1cc(Cl)ccc1OCC(=O)NNC(=S)NCCCn1ccnc1,5.74,6.56,-0.82,False,2.32,397.9,1.51,3,6,89.4,8,True,True,0.587,False
1352,CAND-01034,CC1(C)C[C@@H](O)CN(S(=O)(=O)c2ccc(OCc3cc(Cl)c(Cl)cc3Cl)cc2)[C@H]1C(=O)NO,0.2850621480869464,7.991534157050842,0.864729650012425,0.469117372172531,0.25,0.2925315705589345,2,0.5,-3.2251559000000007,3,0.8412698412698413,True,CC1(C)C[C@@H](O)CN(S(=O)(=O)c2ccc(OCc3cc(Cl)c(Cl)cc3Cl)cc2)[C@H]1C(=O)NO,7.83,8.2,-0.37,False,3.5,537.8,3.88,3,6,116.2,6,True,True,1.194,False
1353,CAND-01539,[S-]c1nnc(COc2ccc(Cl)cc2)n1Cc1ccc(-c2cccc(Cl)c2)cc1,0.2843642228178871,5.3392182169182485,0.0553706456862607,0.8777549059305034,0.75,0.3555963332491891,1,1.0,-1.2849642999999995,1,0.8125,False,[S-]c1nnc(COc2ccc(Cl)cc2)n1Cc1ccc(-c2cccc(Cl)c2)cc1,5.22,5.41,-0.19,False,2.46,441.4,5.79,0,5,39.9,6,True,True,0.544,True
1354,CAND-01534,[S-]c1nnc(COc2ccc(Cl)cc2Cl)n1Cc1ccc(-c2ccccc2)cc1,0.2843642228178871,5.3392182169182485,0.0553706456862607,0.8777549059305036,0.75,0.355596333249189,1,1.0,-1.2849642999999986,1,0.7058823529411765,False,[S-]c1nnc(COc2ccc(Cl)cc2Cl)n1Cc1ccc(-c2ccccc2)cc1,5.26,5.94,-0.68,False,2.46,441.4,5.79,0,5,39.9,6,True,True,0.548,True
1355,CAND-01533,Fc1ccc(-c2ccc(Cn3c([S-])nnc3COc3ccc(Cl)cc3)cc2)cc1,0.2842298252292254,5.260568238304535,0.0313704625188333,0.8219882359817205,0.75,0.3951486465660291,1,1.0,-1.5497417999999985,1,0.7872340425531915,False,Fc1ccc(-c2ccc(Cn3c([S-])nnc3COc3ccc(Cl)cc3)cc2)cc1,5.03,5.41,-0.38,False,2.43,424.9,5.27,0,5,39.9,6,True,True,0.702,True
1356,CAND-01531,Fc1ccccc1-c1ccc(Cn2c([S-])nnc2COc2ccc(Cl)cc2)cc1,0.2842298252292254,5.260568238304535,0.0313704625188333,0.8219882359817205,0.75,0.3951486465660291,1,1.0,-1.5497417999999985,1,0.7450980392156863,False,Fc1ccccc1-c1ccc(Cn2c([S-])nnc2COc2ccc(Cl)cc2)cc1,5.27,5.39,-0.12,False,2.46,424.9,5.27,0,5,39.9,6,True,True,0.607,True
1357,CAND-01962,O=C(O)[C@]1(NS(=O)(=O)c2sc(-c3cccc(Cl)c3)cc2O)C[C@@H]1c1ccccc1,0.2834554199439688,6.855923878987007,0.5181961205602902,0.609279515749157,0.75,0.526042598692642,2,0.5,-2.5596727,1,0.7288135593220338,False,O=C(O)[C@]1(NS(=O)(=O)c2sc(-c3cccc(Cl)c3)cc2O)C[C@@H]1c1ccccc1,7.03,6.78,0.25,False,3.45,449.9,4.06,3,5,103.7,6,True,True,0.461,False
1358,CAND-01721,O=C(O)[C@@]1(N(CCn2nccn2)S(=O)(=O)c2ccc(-c3ccc(Cl)cc3)cc2F)C[C@H]1c1ccccc1,0.2831899002366706,6.897697087731658,0.53094329073165,0.5485211783395052,1.0,0.3363605170250539,2,0.5,-2.8481504,0,0.765625,False,O=C(O)[C@@]1(N(CCn2nccn2)S(=O)(=O)c2ccc(-c3ccc(Cl)cc3)cc2F)C[C@H]1c1ccccc1,6.88,6.01,0.87,False,3.67,541.0,4.44,1,6,105.4,9,True,True,0.607,False
1359,CAND-01723,O=C(O)[C@@]1(N(CCn2nccn2)S(=O)(=O)c2ccc(-c3ccc(Cl)cc3F)cc2)C[C@H]1c1ccccc1,0.2831899002366706,6.897697087731658,0.53094329073165,0.5485211783395052,1.0,0.3363605170250539,2,0.5,-2.8481504,0,0.8095238095238095,False,O=C(O)[C@@]1(N(CCn2nccn2)S(=O)(=O)c2ccc(-c3ccc(Cl)cc3F)cc2)C[C@H]1c1ccccc1,6.89,6.1,0.79,False,3.62,541.0,4.44,1,6,105.4,9,True,True,0.631,False
1360,CAND-01726,O=C(O)[C@@]1(N(CCn2nccn2)S(=O)(=O)c2ccc(-c3ccc(Cl)cc3)cc2)C[C@H]1c1cccc(F)c1,0.2831899002366706,6.897697087731658,0.53094329073165,0.5485211783395053,1.0,0.3363605170250539,2,0.5,-2.8481504,0,0.8225806451612904,False,O=C(O)[C@@]1(N(CCn2nccn2)S(=O)(=O)c2ccc(-c3ccc(Cl)cc3)cc2)C[C@H]1c1cccc(F)c1,6.91,6.12,0.79,False,3.6,541.0,4.44,1,6,105.4,9,True,True,0.611,False
1361,CAND-01722,O=C(O)[C@@]1(N(CCn2nccn2)S(=O)(=O)c2ccc(-c3ccc(Cl)cc3)c(F)c2)C[C@H]1c1ccccc1,0.2831899002366706,6.897697087731658,0.53094329073165,0.5485211783395052,1.0,0.3363605170250539,2,0.5,-2.8481504,0,0.8095238095238095,False,O=C(O)[C@@]1(N(CCn2nccn2)S(=O)(=O)c2ccc(-c3ccc(Cl)cc3)c(F)c2)C[C@H]1c1ccccc1,6.88,5.98,0.9,False,3.63,541.0,4.44,1,6,105.4,9,True,True,0.609,False
1362,CAND-01030,CC1(C)C[C@@H](O)CN(S(=O)(=O)c2ccc(OCc3ccc(Cl)c(F)c3Cl)cc2)[C@H]1C(=O)NO,0.2826573055580244,7.935194370374584,0.8475374622499199,0.4133507022237479,0.25,0.3051529333036297,2,0.5,-3.4899334000000004,3,0.7647058823529411,True,CC1(C)C[C@@H](O)CN(S(=O)(=O)c2ccc(OCc3ccc(Cl)c(F)c3Cl)cc2)[C@H]1C(=O)NO,7.87,8.4,-0.53,False,3.6,521.4,3.37,3,6,116.2,6,True,True,0.994,False
1363,CAND-01724,O=C(O)[C@@]1(N(CCn2nccn2)S(=O)(=O)c2ccc(-c3ccc(Cl)c(F)c3)cc2)C[C@H]1c1ccccc1,0.2825906094618891,6.8898414465823965,0.5285461276325238,0.5485211783395052,1.0,0.3363605170250539,2,0.5,-2.8481504,0,0.7936507936507936,False,O=C(O)[C@@]1(N(CCn2nccn2)S(=O)(=O)c2ccc(-c3ccc(Cl)c(F)c3)cc2)C[C@H]1c1ccccc1,6.84,6.08,0.76,False,3.63,541.0,4.44,1,6,105.4,9,True,True,0.711,False
1364,CAND-01568,FC(F)(F)c1ccc(-c2ccc(Cn3c([S-])nnc3COc3ccc(Cl)cc3)cc2)cc1,0.2824571442552791,5.4082311767112605,0.0764300751375204,0.8892897306786451,0.75,0.3141403556217296,1,1.0,-1.2301974999999978,1,0.74,False,FC(F)(F)c1ccc(-c2ccc(Cn3c([S-])nnc3COc3ccc(Cl)cc3)cc2)cc1,5.24,5.41,-0.17,False,2.56,474.9,6.15,0,5,39.9,6,True,True,0.54,True
1365,CAND-01553,COc1cccc(-c2ccc(Cn3c([S-])nnc3COc3ccc(Cl)cc3)cc2)c1,0.2819374548714493,5.28463383069406,0.0387141215453412,0.787010084873427,0.75,0.3752679803292623,1,1.0,-1.715816399999999,1,0.75,False,COc1cccc(-c2ccc(Cn3c([S-])nnc3COc3ccc(Cl)cc3)cc2)c1,5.16,5.41,-0.25,False,2.45,436.9,5.14,0,6,49.2,7,True,True,0.519,True
1366,CAND-01527,Fc1cc(Cl)ccc1OCc1nnc([S-])n1Cc1ccc(-c2ccccc2)cc1,0.2817702784463912,5.244448086177372,0.0264513689531647,0.8219882359817204,0.75,0.3951486465660292,1,1.0,-1.5497417999999987,1,0.6792452830188679,False,Fc1cc(Cl)ccc1OCc1nnc([S-])n1Cc1ccc(-c2ccccc2)cc1,5.18,5.94,-0.76,False,2.49,424.9,5.27,0,5,39.9,6,True,True,0.589,True
1367,CAND-01530,Fc1cc(Cn2c([S-])nnc2COc2ccc(Cl)cc2)ccc1-c1ccccc1,0.2817702784463912,5.244448086177372,0.0264513689531647,0.8219882359817204,0.75,0.3951486465660292,1,1.0,-1.5497417999999987,1,0.7358490566037735,False,Fc1cc(Cn2c([S-])nnc2COc2ccc(Cl)cc2)ccc1-c1ccccc1,5.18,5.85,-0.67,False,2.5,424.9,5.27,0,5,39.9,6,True,True,0.595,True
1368,CAND-01532,Fc1cccc(-c2ccc(Cn3c([S-])nnc3COc3ccc(Cl)cc3)cc2)c1,0.2817702784463911,5.244448086177372,0.0264513689531647,0.8219882359817205,0.75,0.3951486465660291,1,1.0,-1.5497417999999985,1,0.7647058823529411,False,Fc1cccc(-c2ccc(Cn3c([S-])nnc3COc3ccc(Cl)cc3)cc2)c1,5.05,5.45,-0.4,False,2.47,424.9,5.27,0,5,39.9,6,True,True,0.621,True
1369,CAND-00218,Cc1cc(C)c(CCC2CCN(S(=O)(=O)CC3(N(O)C=O)CCOCC3)CC2)c(F)n1,0.2815784283259243,6.456497640262442,0.3963104816798418,0.3221480206467941,0.0,0.2780772916200115,1,1.0,-3.9229594000000025,4,0.7142857142857143,False,Cc1cc(C)c(CCC2CCN(S(=O)(=O)CC3(N(O)C=O)CCOCC3)CC2)c(F)n1,6.58,7.62,-1.04,False,3.35,457.6,2.21,1,6,100.0,8,True,True,0.719,False
1370,CAND-00935,Cc1cc(C(F)(F)F)cc(O)c1CCC1CCN(S(=O)(=O)CC2(N(O)C=O)CCN(C(=O)C3CCC3)CC2)CC1,0.2807237585021423,6.163196151420765,0.3068090020920013,0.3758260850334965,0.25,0.2577308581871388,1,1.0,-3.668098499999998,3,0.7733333333333333,False,Cc1cc(C(F)(F)F)cc(O)c1CCC1CCN(S(=O)(=O)CC2(N(O)C=O)CCN(C(=O)C3CCC3)CC2)CC1,6.64,8.42,-1.78,False,3.33,589.7,3.7,2,6,118.5,9,True,True,0.683,False
1371,CAND-01537,[S-]c1nnc(COc2ccc(Cl)cc2)n1Cc1ccc(-c2ccccc2)c(Cl)c1,0.2806327451344705,5.314761683570072,0.0479076903194276,0.8777549059305034,0.75,0.3555963332491891,1,1.0,-1.2849642999999995,1,0.7647058823529411,False,[S-]c1nnc(COc2ccc(Cl)cc2)n1Cc1ccc(-c2ccccc2)c(Cl)c1,5.25,5.87,-0.62,False,2.5,441.4,5.79,0,5,39.9,6,True,True,0.56,True
1372,CAND-01528,Fc1cc(OCc2nnc([S-])n2Cc2ccc(-c3ccccc3)cc2)ccc1Cl,0.280571696896828,5.23659244502811,0.0240542058540385,0.8219882359817204,0.75,0.3951486465660292,1,1.0,-1.5497417999999987,1,0.7115384615384616,False,Fc1cc(OCc2nnc([S-])n2Cc2ccc(-c3ccccc3)cc2)ccc1Cl,5.15,5.9,-0.75,False,2.51,424.9,5.27,0,5,39.9,6,True,True,0.592,True
1373,CAND-01720,O=C(O)[C@@]1(N(CCn2ncc(F)n2)S(=O)(=O)c2ccc(-c3ccc(Cl)cc3)cc2)C[C@H]1c1ccccc1,0.2797780923956827,6.852974326766737,0.5172960593676986,0.5485211783395052,1.0,0.3363605170250539,2,0.5,-2.8481504,0,0.7903225806451613,False,O=C(O)[C@@]1(N(CCn2ncc(F)n2)S(=O)(=O)c2ccc(-c3ccc(Cl)cc3)cc2)C[C@H]1c1ccccc1,6.83,6.08,0.75,False,3.67,541.0,4.44,1,6,105.4,9,True,True,0.549,False
1374,CAND-01727,O=C(O)[C@@]1(N(CCn2nccn2)S(=O)(=O)c2ccc(-c3ccc(Cl)cc3)cc2)C[C@H]1c1ccc(F)cc1,0.2797780923956827,6.852974326766737,0.5172960593676986,0.5485211783395052,1.0,0.3363605170250539,2,0.5,-2.8481504,0,0.847457627118644,False,O=C(O)[C@@]1(N(CCn2nccn2)S(=O)(=O)c2ccc(-c3ccc(Cl)cc3)cc2)C[C@H]1c1ccc(F)cc1,6.83,6.07,0.76,False,3.57,541.0,4.44,1,6,105.4,9,True,True,0.568,False
1375,CAND-00769,CCCCNc1nc(NCc2csc(-c3sccc3O)n2)nc(N2CCC[C@@H]2CNS(=O)(=O)c2cccc(C#N)c2)n1,0.2789914317277582,6.025465661119232,0.2647802939697591,0.434468352410855,0.5,0.1553376158095955,1,1.0,-3.3896678,2,0.813953488372093,False,CCCCNc1nc(NCc2csc(-c3sccc3O)n2)nc(N2CCC[C@@H]2CNS(=O)(=O)c2cccc(C#N)c2)n1,5.74,6.51,-0.77,False,3.67,625.8,4.41,4,13,169.1,13,False,False,0.578,False
1376,CAND-00854,C=CCCNc1nc(NCc2csc(-c3cc(O)cs3)n2)nc(N2CCC[C@@H]2CNS(=O)(=O)c2ccc(C(F)(F)F)cc2)n1,0.2776788479631264,6.435301710296394,0.3898425053299994,0.5198719237397597,0.25,0.109191984327089,1,1.0,-2.9841756999999984,3,0.8170731707317073,False,C=CCCNc1nc(NCc2csc(-c3cc(O)cs3)n2)nc(N2CCC[C@@H]2CNS(=O)(=O)c2ccc(C(F)(F)F)cc2)n1,6.51,6.5,0.01,False,3.82,666.8,5.33,4,12,145.3,13,False,False,0.762,False
1377,CAND-01321,COC(=O)c1cncn1CCN([C@]1(C(=O)O)C[C@H]1c1ccccc1)S(=O)(=O)c1ccc(-c2ccc(Cl)cc2)cc1F,0.2762793752825803,6.957091787022921,0.5490676906016839,0.5337870797991344,1.0,0.2600830175477286,2,0.5,-2.9181072,0,0.7922077922077922,False,COC(=O)c1cncn1CCN([C@]1(C(=O)O)C[C@H]1c1ccccc1)S(=O)(=O)c1ccc(-c2ccc(Cl)cc2)cc1F,7.06,5.91,1.15,False,3.74,598.1,4.83,1,7,118.8,10,True,True,0.632,False
1378,CAND-01319,COC(=O)c1cncn1CCN([C@]1(C(=O)O)C[C@H]1c1cccc(F)c1)S(=O)(=O)c1ccc(-c2ccc(Cl)cc2)cc1,0.2762793752825803,6.957091787022921,0.5490676906016839,0.5337870797991344,1.0,0.2600830175477286,2,0.5,-2.9181072,0,0.84,False,COC(=O)c1cncn1CCN([C@]1(C(=O)O)C[C@H]1c1cccc(F)c1)S(=O)(=O)c1ccc(-c2ccc(Cl)cc2)cc1,7.08,6.07,1.01,False,3.67,598.1,4.83,1,7,118.8,10,True,True,0.647,False
1379,CAND-01322,COC(=O)c1cncn1CCN([C@]1(C(=O)O)C[C@H]1c1ccccc1)S(=O)(=O)c1ccc(-c2ccc(Cl)cc2)c(F)c1,0.2762793752825803,6.957091787022921,0.5490676906016839,0.5337870797991344,1.0,0.2600830175477286,2,0.5,-2.9181072,0,0.8289473684210527,False,COC(=O)c1cncn1CCN([C@]1(C(=O)O)C[C@H]1c1ccccc1)S(=O)(=O)c1ccc(-c2ccc(Cl)cc2)c(F)c1,7.05,5.91,1.14,False,3.7,598.1,4.83,1,7,118.8,10,True,True,0.645,False
1380,CAND-01323,COC(=O)c1cncn1CCN([C@]1(C(=O)O)C[C@H]1c1ccccc1)S(=O)(=O)c1ccc(-c2ccc(Cl)cc2F)cc1,0.2762793752825803,6.957091787022921,0.5490676906016839,0.5337870797991344,1.0,0.2600830175477286,2,0.5,-2.9181072,0,0.8289473684210527,False,COC(=O)c1cncn1CCN([C@]1(C(=O)O)C[C@H]1c1ccccc1)S(=O)(=O)c1ccc(-c2ccc(Cl)cc2F)cc1,7.05,6.04,1.01,False,3.69,598.1,4.83,1,7,118.8,10,True,True,0.658,False
1381,CAND-01237,COc1ccccc1OCC(=O)NNC(=S)NCc1ccc(-c2ccccc2)cc1,0.2761831110211573,5.523897847947837,0.1117259689823077,0.552055586065783,0.5,0.4010670884333447,1,1.0,-2.8313692,2,0.7551020408163265,False,COc1ccccc1OCC(=O)NNC(=S)NCc1ccc(-c2ccccc2)cc1,5.55,5.53,0.02,False,1.93,421.5,3.44,3,4,71.6,7,True,True,0.586,False
1382,CAND-01324,COC(=O)c1cncn1CCN([C@]1(C(=O)O)C[C@H]1c1ccccc1)S(=O)(=O)c1ccc(-c2ccc(Cl)c(F)c2)cc1,0.2756800845077987,6.949236145873659,0.5466705275025577,0.5337870797991344,1.0,0.2600830175477286,2,0.5,-2.9181072,0,0.8157894736842105,False,COC(=O)c1cncn1CCN([C@]1(C(=O)O)C[C@H]1c1ccccc1)S(=O)(=O)c1ccc(-c2ccc(Cl)c(F)c2)cc1,7.02,6.02,1.0,False,3.7,598.1,4.83,1,7,118.8,10,True,True,0.74,False
1383,CAND-01725,O=C(O)[C@@]1(N(CCn2nccn2)S(=O)(=O)c2ccc(-c3ccc(Cl)cc3)cc2)C[C@H]1c1ccccc1F,0.2754574363481996,6.796338174723871,0.5000134351777662,0.5485211783395053,1.0,0.3363605170250539,2,0.5,-2.8481504,0,0.7903225806451613,False,O=C(O)[C@@]1(N(CCn2nccn2)S(=O)(=O)c2ccc(-c3ccc(Cl)cc3)cc2)C[C@H]1c1ccccc1F,6.79,6.07,0.72,False,3.62,541.0,4.44,1,6,105.4,9,True,True,0.582,False
1384,CAND-00225,Cc1ncc(CCC2CCN(S(=O)(=O)CC3(N(O)C=O)CCOCC3)CC2)c(C)c1O,0.274388242002075,5.943863231348029,0.2398791649938066,0.2598812014231391,0.25,0.3481621983505724,1,1.0,-4.218599300000004,3,0.7761194029850746,False,Cc1ncc(CCC2CCN(S(=O)(=O)CC3(N(O)C=O)CCOCC3)CC2)c(C)c1O,6.02,7.35,-1.33,False,3.33,455.6,1.78,2,7,120.3,8,True,True,0.54,False
1385,CAND-01566,FC(F)(F)c1ccccc1-c1ccc(Cn2c([S-])nnc2COc2ccc(Cl)cc2)cc1,0.2743869763124835,5.355338369045411,0.0602897392519293,0.8892897306786451,0.75,0.3141403556217296,1,1.0,-1.2301974999999987,1,0.7037037037037037,False,FC(F)(F)c1ccccc1-c1ccc(Cn2c([S-])nnc2COc2ccc(Cl)cc2)cc1,5.31,5.38,-0.07,False,2.61,474.9,6.15,0,5,39.9,6,True,True,0.566,True
1386,CAND-00729,O=C(COc1ccc(C(F)(F)F)cc1O)NNC(=S)NCc1ccc(-c2ccccc2)cc1,0.2740183977022283,5.675330236770045,0.1579358362101719,0.5897562580923039,0.5,0.3168349319904746,1,1.0,-2.6523682,2,0.7321428571428571,False,O=C(COc1ccc(C(F)(F)F)cc1O)NNC(=S)NCc1ccc(-c2ccccc2)cc1,5.77,5.69,0.08,False,2.25,475.5,4.15,4,4,82.6,6,True,True,0.522,False
1387,CAND-01316,COC(=O)c1c(F)ncn1CCN([C@]1(C(=O)O)C[C@H]1c1ccccc1)S(=O)(=O)c1ccc(-c2ccc(Cl)cc2)cc1,0.2728675674415924,6.912369026057999,0.5354204592377325,0.5337870797991344,1.0,0.2600830175477286,2,0.5,-2.9181072,0,0.7272727272727273,False,COC(=O)c1c(F)ncn1CCN([C@]1(C(=O)O)C[C@H]1c1ccccc1)S(=O)(=O)c1ccc(-c2ccc(Cl)cc2)cc1,7.12,6.12,1.0,False,3.7,598.1,4.83,1,7,118.8,10,True,True,0.588,False
1388,CAND-01320,COC(=O)c1cncn1CCN([C@]1(C(=O)O)C[C@H]1c1ccc(F)cc1)S(=O)(=O)c1ccc(-c2ccc(Cl)cc2)cc1,0.2728675674415924,6.912369026057999,0.5354204592377325,0.5337870797991344,1.0,0.2600830175477286,2,0.5,-2.9181072,0,0.8611111111111112,False,COC(=O)c1cncn1CCN([C@]1(C(=O)O)C[C@H]1c1ccc(F)cc1)S(=O)(=O)c1ccc(-c2ccc(Cl)cc2)cc1,7.04,6.01,1.03,False,3.64,598.1,4.83,1,7,118.8,10,True,True,0.623,False
1389,CAND-00770,CCCCNc1nc(NCc2csc(-c3cc(O)cs3)n2)nc(N2CCC[C@@H]2CNS(=O)(=O)c2cccc(C#N)c2)n1,0.2727683307645664,5.984678742598519,0.2523340920433755,0.4344683524108552,0.5,0.1553376158095955,1,1.0,-3.389667799999999,2,0.8333333333333334,False,CCCCNc1nc(NCc2csc(-c3cc(O)cs3)n2)nc(N2CCC[C@@H]2CNS(=O)(=O)c2cccc(C#N)c2)n1,5.75,6.62,-0.87,False,3.71,625.8,4.41,4,13,169.1,13,False,False,0.585,False
1390,CAND-00039,COc1ccc(OCC(=O)NNC(=S)NCc2ccc(-c3ccccc3)cc2)c(OC)c1,0.2724928103622558,5.585254306503345,0.1304490032385446,0.5147652804024472,0.5,0.3575610291432783,1,1.0,-3.0084218,2,0.7692307692307693,False,COc1ccc(OCC(=O)NNC(=S)NCc2ccc(-c3ccccc3)cc2)c(OC)c1,5.7,5.54,0.16,False,2.02,451.5,3.45,3,5,80.9,8,True,True,0.404,False
1391,CAND-01963,O=C(O)[C@]1(NS(=O)(=O)c2cc(O)c(-c3cccc(Cl)c3)s2)C[C@@H]1c1ccccc1,0.2721053384161317,6.707144402897034,0.4727957944489415,0.609279515749157,0.75,0.526042598692642,2,0.5,-2.5596727,1,0.7288135593220338,False,O=C(O)[C@]1(NS(=O)(=O)c2cc(O)c(-c3cccc(Cl)c3)s2)C[C@@H]1c1ccccc1,7.04,6.78,0.26,False,3.45,449.9,4.06,3,5,103.7,6,True,True,0.468,False
1392,CAND-01562,FC(F)(F)c1cc(Cl)ccc1OCc1nnc([S-])n1Cc1ccc(-c2ccccc2)cc1,0.2719274295296493,5.3392182169182485,0.0553706456862607,0.8892897306786451,0.75,0.3141403556217296,1,1.0,-1.2301974999999978,1,0.6428571428571429,False,FC(F)(F)c1cc(Cl)ccc1OCc1nnc([S-])n1Cc1ccc(-c2ccccc2)cc1,5.21,5.98,-0.77,False,2.63,474.9,6.15,0,5,39.9,6,True,True,0.548,True
1393,CAND-01567,FC(F)(F)c1cccc(-c2ccc(Cn3c([S-])nnc3COc3ccc(Cl)cc3)cc2)c1,0.2719274295296493,5.3392182169182485,0.0553706456862607,0.8892897306786451,0.75,0.3141403556217296,1,1.0,-1.2301974999999987,1,0.7222222222222222,False,FC(F)(F)c1cccc(-c2ccc(Cn3c([S-])nnc3COc3ccc(Cl)cc3)cc2)c1,5.17,5.46,-0.29,False,2.58,474.9,6.15,0,5,39.9,6,True,True,0.532,True
1394,CAND-01565,FC(F)(F)c1cc(Cn2c([S-])nnc2COc2ccc(Cl)cc2)ccc1-c1ccccc1,0.2719274295296493,5.3392182169182485,0.0553706456862607,0.8892897306786454,0.75,0.3141403556217296,1,1.0,-1.2301974999999974,1,0.6964285714285714,False,FC(F)(F)c1cc(Cn2c([S-])nnc2COc2ccc(Cl)cc2)ccc1-c1ccccc1,5.22,5.91,-0.69,False,2.65,474.9,6.15,0,5,39.9,6,True,True,0.551,True
1395,CAND-00732,COc1cc(Cl)c(Cl)cc1OCC(=O)NNC(=S)NCc1ccc(-c2ccccc2)cc1,0.2710611567270498,5.633272075442986,0.1451017122431168,0.6589646168532646,0.5,0.3283676686849712,1,1.0,-2.3237702,2,0.75,False,COc1cc(Cl)c(Cl)cc1OCC(=O)NNC(=S)NCc1ccc(-c2ccccc2)cc1,5.72,5.84,-0.12,False,2.12,490.4,4.74,3,4,71.6,7,True,True,0.32,False
1396,CAND-01370,COC(=O)c1c(C#N)ncn1CCN([C@]1(C(=O)O)C[C@H]1c1ccccc1)S(=O)(=O)c1ccc(-c2ccc(Cl)cc2)cc1,0.2710122520528111,6.8891710338078775,0.5283415499623217,0.4847785440144989,1.0,0.2595124304148709,2,0.5,-3.1507974,0,0.7,False,COC(=O)c1c(C#N)ncn1CCN([C@]1(C(=O)O)C[C@H]1c1ccccc1)S(=O)(=O)c1ccc(-c2ccc(Cl)cc2)cc1,6.92,6.03,0.89,False,3.74,605.1,4.56,1,8,142.6,10,True,False,0.44,False
1397,CAND-01563,FC(F)(F)c1cc(OCc2nnc([S-])n2Cc2ccc(-c3ccccc3)cc2)ccc1Cl,0.2707288479800862,5.331362575768987,0.0529734825871345,0.8892897306786451,0.75,0.3141403556217296,1,1.0,-1.2301974999999985,1,0.6727272727272727,False,FC(F)(F)c1cc(OCc2nnc([S-])n2Cc2ccc(-c3ccccc3)cc2)ccc1Cl,5.16,5.93,-0.77,False,2.62,474.9,6.15,0,5,39.9,6,True,True,0.576,True
1398,CAND-01455,CCCCNc1nc(NCc2csc(-c3sccc3O)n2)nc(N2CCC[C@@H]2CNS(=O)(=O)c2ccc(Cl)cc2)n1,0.270718554091605,5.991518974903305,0.2544214012978243,0.5392435581442737,0.5,0.1450261781423095,1,1.0,-2.8922001,2,0.7875,False,CCCCNc1nc(NCc2csc(-c3sccc3O)n2)nc(N2CCC[C@@H]2CNS(=O)(=O)c2ccc(Cl)cc2)n1,5.9,6.17,-0.27,False,3.55,635.2,5.19,4,12,145.3,13,False,False,0.443,False
1399,CAND-01738,Cc1cc(S(=O)(=O)N(CCn2nccn2)[C@]2(C(=O)O)C[C@H]2c2ccccc2)ccc1-c1ccc(Cl)cc1,0.2705414704503112,6.735048230767802,0.4813106979718017,0.5789324977450806,1.0,0.3347586397157382,2,0.5,-2.7037588999999995,0,0.8095238095238095,False,Cc1cc(S(=O)(=O)N(CCn2nccn2)[C@]2(C(=O)O)C[C@H]2c2ccccc2)ccc1-c1ccc(Cl)cc1,6.7,6.02,0.68,False,3.61,537.0,4.61,1,6,105.4,9,True,True,0.396,False
1400,CAND-01456,CCCCNc1nc(NCc2csc(-c3cc(O)cs3)n2)nc(N2CCC[C@@H]2CNS(=O)(=O)c2ccc(Cl)cc2)n1,0.2702108369363362,5.988191338349439,0.2534059669872867,0.5392435581442739,0.5,0.1450261781423095,1,1.0,-2.892200099999999,2,0.7974683544303798,False,CCCCNc1nc(NCc2csc(-c3cc(O)cs3)n2)nc(N2CCC[C@@H]2CNS(=O)(=O)c2ccc(Cl)cc2)n1,5.9,6.27,-0.37,False,3.59,635.2,5.19,4,12,145.3,13,False,False,0.459,False
1401,CAND-01317,COC(=O)c1cnc(F)n1CCN([C@]1(C(=O)O)C[C@H]1c1ccccc1)S(=O)(=O)c1ccc(-c2ccc(Cl)cc2)cc1,0.2699663078767964,6.874338649184255,0.5238154209785484,0.5337870797991344,1.0,0.2600830175477286,2,0.5,-2.9181072,0,0.7272727272727273,False,COC(=O)c1cnc(F)n1CCN([C@]1(C(=O)O)C[C@H]1c1ccccc1)S(=O)(=O)c1ccc(-c2ccc(Cl)cc2)cc1,7.1,6.04,1.06,False,3.69,598.1,4.83,1,7,118.8,10,True,True,0.609,False
1402,CAND-00204,COc1ccc(-c2nc(/C=C3\NC(=O)CS3)sc2CC(=O)O)cc1O,0.269882009081992,5.94448954486812,0.2400702856967918,0.4393813543838104,1.0,0.7324295843852937,2,0.5,-3.3663411000000014,0,0.7666666666666667,False,COc1ccc(-c2nc(/C=C3\NC(=O)CS3)sc2CC(=O)O)cc1O,6.08,5.38,0.7,False,3.05,378.4,2.31,3,7,108.8,5,True,True,0.585,False
1403,CAND-01542,Cc1cc(OCc2nnc([S-])n2Cc2ccc(-c3ccccc3)cc2)ccc1Cl,0.2696089748752679,5.1763749359044775,0.0056787240760763,0.8523995553872961,0.75,0.3892320427907657,1,1.0,-1.405350299999998,1,0.7115384615384616,False,Cc1cc(OCc2nnc([S-])n2Cc2ccc(-c3ccccc3)cc2)ccc1Cl,5.23,5.94,-0.71,False,2.48,420.9,5.44,0,5,39.9,6,True,True,0.541,True
1404,CAND-00503,COc1cc(/C=C2/SC(=S)NC2=O)c(F)cc1OCc1ccc(Cl)cc1,0.2691446635341464,5.455052625564574,0.0907177249048899,0.7343318619973556,0.25,0.5792860036056716,1,1.0,-1.9659301,3,0.711864406779661,False,COc1cc(/C=C2/SC(=S)NC2=O)c(F)cc1OCc1ccc(Cl)cc1,5.35,5.4,-0.05,False,2.38,409.9,4.56,1,5,47.6,5,True,True,0.448,False
1405,CAND-00504,COc1cc(/C=C2/SC(=S)NC2=O)cc(F)c1OCc1ccc(Cl)cc1,0.2691446635341464,5.455052625564574,0.0907177249048899,0.7343318619973556,0.25,0.5792860036056716,1,1.0,-1.9659301,3,0.7288135593220338,False,COc1cc(/C=C2/SC(=S)NC2=O)cc(F)c1OCc1ccc(Cl)cc1,5.36,5.41,-0.05,False,2.41,409.9,4.56,1,5,47.6,5,True,True,0.454,False
1406,CAND-00338,Cc1cc(CCC2CCN(S(=O)(=O)CC3(N(O)C=O)CCOCC3)CC2)c(C)nc1F,0.2690445072825954,6.374348882052821,0.3712426395931839,0.322148020646794,0.0,0.2780772916200115,1,1.0,-3.922959400000003,4,0.7391304347826086,False,Cc1cc(CCC2CCN(S(=O)(=O)CC3(N(O)C=O)CCOCC3)CC2)c(C)nc1F,6.46,7.58,-1.12,False,3.35,457.6,2.21,1,6,100.0,8,True,True,0.825,False
1407,CAND-01318,COC(=O)c1cncn1CCN([C@]1(C(=O)O)C[C@H]1c1ccccc1F)S(=O)(=O)c1ccc(-c2ccc(Cl)cc2)cc1,0.2685469113941093,6.855732874015134,0.5181378350478001,0.5337870797991343,1.0,0.2600830175477286,2,0.5,-2.9181072,0,0.8133333333333334,False,COC(=O)c1cncn1CCN([C@]1(C(=O)O)C[C@H]1c1ccccc1F)S(=O)(=O)c1ccc(-c2ccc(Cl)cc2)cc1,7.0,6.01,0.99,False,3.69,598.1,4.83,1,7,118.8,10,True,True,0.644,False
1408,CAND-01188,O=C(COc1ccc(Cl)cc1O)NNC(=S)NCCCn1ccnc1,0.2683488654380825,5.952428103344822,0.2424927511682948,0.2669710364625593,0.25,0.3236749661797838,1,1.0,-4.184937100000001,3,0.7457627118644068,False,O=C(COc1ccc(Cl)cc1O)NNC(=S)NCCCn1ccnc1,5.73,6.61,-0.88,False,2.43,383.9,1.21,4,6,100.4,7,True,True,0.542,False
1409,CAND-00506,COc1cc(/C=C2/SC(=S)NC2=O)ccc1OCc1ccc(Cl)c(F)c1,0.2679460819845833,5.447196984415312,0.0883205618057637,0.7343318619973555,0.25,0.5792860036056717,1,1.0,-1.9659301,3,0.7758620689655172,False,COc1cc(/C=C2/SC(=S)NC2=O)ccc1OCc1ccc(Cl)c(F)c1,5.27,5.47,-0.2,False,2.34,409.9,4.56,1,5,47.6,5,True,True,0.447,False
1410,CAND-01389,COc1ccc(Oc2cccc(/C=C3/SC(=S)NC3=O)c2O)cc1,0.2679460388225674,5.3256210699969335,0.0512214517205667,0.6685284025061329,0.25,0.6411177098742802,1,1.0,-2.278361799999999,3,0.6111111111111112,False,COc1ccc(Oc2cccc(/C=C3/SC(=S)NC3=O)c2O)cc1,5.1,6.34,-1.24,False,2.36,359.4,3.68,2,6,67.8,4,True,True,0.582,False
1411,CAND-00352,Cc1ncc(CF)cc1CCC1CCN(S(=O)(=O)CC2(N(O)C=O)CCOCC2)CC1,0.2677434993231917,5.902994931181506,0.2274081293110717,0.3254348690303867,0.25,0.3467981155588527,1,1.0,-3.907353600000003,3,0.8208955223880597,False,Cc1ncc(CF)cc1CCC1CCN(S(=O)(=O)CC2(N(O)C=O)CCOCC2)CC1,5.84,7.29,-1.45,False,3.34,457.6,2.23,1,6,100.0,9,True,True,0.7,False
1412,CAND-01035,CC1(C)C[C@@H](O)CN(S(=O)(=O)c2ccc(OCc3ccc(Cl)c(Cl)c3Cl)cc2)[C@H]1C(=O)NO,0.2674405822447935,7.760546623837939,0.7942433866438136,0.4691173721725312,0.25,0.2925315705589344,2,0.5,-3.2251559,3,0.8,True,CC1(C)C[C@@H](O)CN(S(=O)(=O)c2ccc(OCc3ccc(Cl)c(Cl)c3Cl)cc2)[C@H]1C(=O)NO,7.77,8.39,-0.62,False,3.55,537.8,3.88,3,6,116.2,6,True,True,1.203,False
1413,CAND-00523,COc1cc(/C=C2/SC(=S)NC2=O)c(O)cc1OCc1ccc(Cl)cc1,0.2670619046261339,5.452502988700219,0.0899396986061738,0.6720650427737007,0.25,0.5736401844101564,1,1.0,-2.26157,3,0.711864406779661,False,COc1cc(/C=C2/SC(=S)NC2=O)c(O)cc1OCc1ccc(Cl)cc1,5.38,6.33,-0.95,False,2.4,407.9,4.12,2,6,67.8,5,True,True,0.385,False
1414,CAND-01028,CC1(C)C[C@@H](O)CN(S(=O)(=O)c2ccc(OCc3c(F)cc(Cl)cc3Cl)cc2)[C@H]1C(=O)NO,0.2667208133300456,7.218431782925739,0.6288160628351724,0.4133507022237479,0.5,0.3967786508083505,2,0.5,-3.4899334000000004,2,0.7647058823529411,True,CC1(C)C[C@@H](O)CN(S(=O)(=O)c2ccc(OCc3c(F)cc(Cl)cc3Cl)cc2)[C@H]1C(=O)NO,7.81,8.22,-0.41,True,3.53,521.4,3.37,3,6,116.2,6,True,True,0.99,False
1415,CAND-01012,N#Cc1ncccc1CCN([C@]1(C(=O)O)C[C@H]1c1ccccc1)S(=O)(=O)c1ccc(-c2ccc(Cl)cc2)cc1,0.266605658210846,6.771484444869414,0.492429274578939,0.6878983730355349,1.0,0.289988930440742,2,0.5,-2.1863940999999985,0,0.7101449275362319,False,N#Cc1ncccc1CCN([C@]1(C(=O)O)C[C@H]1c1ccccc1)S(=O)(=O)c1ccc(-c2ccc(Cl)cc2)cc1,6.59,6.16,0.43,False,3.51,558.1,5.52,1,5,111.4,9,False,True,0.406,False
1416,CAND-01742,Cc1cccc([C@@H]2C[C@@]2(C(=O)O)N(CCn2nccn2)S(=O)(=O)c2ccc(-c3ccc(Cl)cc3)cc2)c1,0.2663432240525574,6.680016652534422,0.4645177123807868,0.5789324977450807,1.0,0.3347586397157382,2,0.5,-2.703758899999999,0,0.8225806451612904,False,Cc1cccc([C@@H]2C[C@@]2(C(=O)O)N(CCn2nccn2)S(=O)(=O)c2ccc(-c3ccc(Cl)cc3)cc2)c1,6.72,6.18,0.54,False,3.59,537.0,4.61,1,6,105.4,9,True,True,0.363,False
1417,CAND-01737,Cc1cc(-c2ccc(Cl)cc2)ccc1S(=O)(=O)N(CCn1nccn1)[C@]1(C(=O)O)C[C@H]1c1ccccc1,0.2663432240525574,6.680016652534422,0.4645177123807868,0.5789324977450804,1.0,0.3347586397157382,2,0.5,-2.7037589000000004,0,0.765625,False,Cc1cc(-c2ccc(Cl)cc2)ccc1S(=O)(=O)N(CCn1nccn1)[C@]1(C(=O)O)C[C@H]1c1ccccc1,6.73,6.04,0.69,False,3.65,537.0,4.61,1,6,105.4,9,True,True,0.37,False
1418,CAND-01739,Cc1cc(Cl)ccc1-c1ccc(S(=O)(=O)N(CCn2nccn2)[C@]2(C(=O)O)C[C@H]2c2ccccc2)cc1,0.2663432240525574,6.680016652534422,0.4645177123807868,0.5789324977450805,1.0,0.3347586397157382,2,0.5,-2.7037589,0,0.8225806451612904,False,Cc1cc(Cl)ccc1-c1ccc(S(=O)(=O)N(CCn2nccn2)[C@]2(C(=O)O)C[C@H]2c2ccccc2)cc1,6.73,6.14,0.59,False,3.61,537.0,4.61,1,6,105.4,9,True,True,0.441,False
1419,CAND-00526,COc1cc(/C=C2/SC(=S)NC2=O)ccc1OCc1ccc(Cl)c(O)c1,0.2658633230765707,5.444647347550958,0.0875425355070476,0.6720650427737006,0.25,0.5736401844101564,1,1.0,-2.2615700000000003,3,0.7758620689655172,False,COc1cc(/C=C2/SC(=S)NC2=O)ccc1OCc1ccc(Cl)c(O)c1,5.3,6.41,-1.11,False,2.4,407.9,4.12,2,6,67.8,5,True,True,0.405,False
1420,CAND-01740,Cc1cc(-c2ccc(S(=O)(=O)N(CCn3nccn3)[C@]3(C(=O)O)C[C@H]3c3ccccc3)cc2)ccc1Cl,0.2657439332777759,6.67216101138516,0.4621205492816605,0.5789324977450807,1.0,0.3347586397157382,2,0.5,-2.703758899999999,0,0.7936507936507936,False,Cc1cc(-c2ccc(S(=O)(=O)N(CCn3nccn3)[C@]3(C(=O)O)C[C@H]3c3ccccc3)cc2)ccc1Cl,6.6,6.12,0.48,False,3.61,537.0,4.61,1,6,105.4,9,True,True,0.614,False
1421,CAND-01314,COc1ccccc1OCC(=O)NC(c1ccccc1Cl)c1cc([N+](=O)[O-])c2cccnc2c1O,0.2655127584732509,6.045723805146801,0.2709621032450259,0.6622405342092197,0.25,0.2667723561691266,1,1.0,-2.308216299999999,3,0.7910447761194029,False,COc1ccccc1OCC(=O)NC(c1ccccc1Cl)c1cc([N+](=O)[O-])c2cccnc2c1O,6.08,6.67,-0.59,False,2.92,493.9,4.8,2,7,123.8,8,True,True,0.624,False
1422,CAND-00873,O=C1CCC(=O)N1CCN([C@]1(C(=O)O)C[C@H]1c1cccc(F)c1)S(=O)(=O)c1ccc(-c2ccc(Cl)cc2)cc1,0.265339996083795,6.897697087731658,0.53094329073165,0.4886108906944625,0.75,0.3840278226725502,2,0.5,-3.1326016,1,0.8253968253968254,False,O=C1CCC(=O)N1CCN([C@]1(C(=O)O)C[C@H]1c1cccc(F)c1)S(=O)(=O)c1ccc(-c2ccc(Cl)cc2)cc1,6.92,6.09,0.83,False,3.49,571.0,4.3,1,5,112.1,9,True,True,0.634,False
1423,CAND-00875,O=C1CCC(=O)N1CCN([C@]1(C(=O)O)C[C@H]1c1ccccc1)S(=O)(=O)c1ccc(-c2ccc(Cl)cc2)cc1F,0.265339996083795,6.897697087731658,0.53094329073165,0.4886108906944625,0.75,0.3840278226725502,2,0.5,-3.1326016,1,0.7692307692307693,False,O=C1CCC(=O)N1CCN([C@]1(C(=O)O)C[C@H]1c1ccccc1)S(=O)(=O)c1ccc(-c2ccc(Cl)cc2)cc1F,6.9,5.95,0.95,False,3.56,571.0,4.3,1,5,112.1,9,True,True,0.63,False
1424,CAND-00877,O=C1CCC(=O)N1CCN([C@]1(C(=O)O)C[C@H]1c1ccccc1)S(=O)(=O)c1ccc(-c2ccc(Cl)cc2F)cc1,0.265339996083795,6.897697087731658,0.53094329073165,0.4886108906944625,0.75,0.3840278226725502,2,0.5,-3.1326016,1,0.8125,False,O=C1CCC(=O)N1CCN([C@]1(C(=O)O)C[C@H]1c1ccccc1)S(=O)(=O)c1ccc(-c2ccc(Cl)cc2F)cc1,6.89,6.06,0.83,False,3.52,571.0,4.3,1,5,112.1,9,True,True,0.657,False
1425,CAND-00876,O=C1CCC(=O)N1CCN([C@]1(C(=O)O)C[C@H]1c1ccccc1)S(=O)(=O)c1ccc(-c2ccc(Cl)cc2)c(F)c1,0.265339996083795,6.897697087731658,0.53094329073165,0.4886108906944625,0.75,0.3840278226725502,2,0.5,-3.1326016,1,0.8125,False,O=C1CCC(=O)N1CCN([C@]1(C(=O)O)C[C@H]1c1ccccc1)S(=O)(=O)c1ccc(-c2ccc(Cl)cc2)c(F)c1,6.89,5.94,0.95,False,3.52,571.0,4.3,1,5,112.1,9,True,True,0.63,False
1426,CAND-00041,COc1ccc(OCC(=O)NNC(=S)NCc2ccc(-c3ccccc3)cc2)c(O)c1,0.2649211432584321,5.583121462334064,0.1297981619842609,0.4874766122870858,0.5,0.3334068742210054,1,1.0,-3.1379871,2,0.7692307692307693,False,COc1ccc(OCC(=O)NNC(=S)NCc2ccc(-c3ccccc3)cc2)c(O)c1,5.64,5.48,0.16,False,2.09,437.5,3.14,4,5,91.9,7,True,True,0.401,False
1427,CAND-00878,O=C1CCC(=O)N1CCN([C@]1(C(=O)O)C[C@H]1c1ccccc1)S(=O)(=O)c1ccc(-c2ccc(Cl)c(F)c2)cc1,0.2647407053090135,6.8898414465823965,0.5285461276325238,0.4886108906944625,0.75,0.3840278226725502,2,0.5,-3.1326016,1,0.796875,False,O=C1CCC(=O)N1CCN([C@]1(C(=O)O)C[C@H]1c1ccccc1)S(=O)(=O)c1ccc(-c2ccc(Cl)c(F)c2)cc1,6.85,6.04,0.81,False,3.52,571.0,4.3,1,5,112.1,9,True,True,0.727,False
1428,CAND-01746,COc1cc(S(=O)(=O)N(CCn2nccn2)[C@]2(C(=O)O)C[C@H]2c2ccccc2)ccc1-c1ccc(Cl)cc1,0.2644992506687149,6.70138097495194,0.4710370739916366,0.5135430272312117,1.0,0.3115998811387049,2,0.5,-3.014225,0,0.7846153846153846,False,COc1cc(S(=O)(=O)N(CCn2nccn2)[C@]2(C(=O)O)C[C@H]2c2ccccc2)ccc1-c1ccc(Cl)cc1,6.78,5.9,0.88,False,3.62,553.0,4.31,1,7,114.6,10,True,True,0.409,False
1429,CAND-01745,COc1cc(-c2ccc(Cl)cc2)ccc1S(=O)(=O)N(CCn1nccn1)[C@]1(C(=O)O)C[C@H]1c1ccccc1,0.2644992506687149,6.70138097495194,0.4710370739916366,0.5135430272312117,1.0,0.3115998811387049,2,0.5,-3.014225,0,0.7313432835820896,False,COc1cc(-c2ccc(Cl)cc2)ccc1S(=O)(=O)N(CCn1nccn1)[C@]1(C(=O)O)C[C@H]1c1ccccc1,6.79,5.9,0.89,False,3.67,553.0,4.31,1,7,114.6,10,True,True,0.393,False
1430,CAND-01747,COc1cc(Cl)ccc1-c1ccc(S(=O)(=O)N(CCn2nccn2)[C@]2(C(=O)O)C[C@H]2c2ccccc2)cc1,0.2644992506687149,6.70138097495194,0.4710370739916366,0.5135430272312117,1.0,0.3115998811387049,2,0.5,-3.014225,0,0.7846153846153846,False,COc1cc(Cl)ccc1-c1ccc(S(=O)(=O)N(CCn2nccn2)[C@]2(C(=O)O)C[C@H]2c2ccccc2)cc1,6.79,6.01,0.78,False,3.62,553.0,4.31,1,7,114.6,10,True,True,0.435,False
1431,CAND-01315,O=C(COc1ccccc1O)NC(c1ccccc1Cl)c1cc([N+](=O)[O-])c2cccnc2c1O,0.2644937311390395,6.047927565474293,0.2716345846931987,0.6349518660938582,0.25,0.2622547959748008,1,1.0,-2.4377816,3,0.8153846153846154,False,O=C(COc1ccccc1O)NC(c1ccccc1Cl)c1cc([N+](=O)[O-])c2cccnc2c1O,6.08,6.67,-0.59,False,2.99,479.9,4.49,3,7,134.8,7,True,True,0.623,False
1432,CAND-00970,Cc1cc(S(=O)(=O)N(CCc2cccnc2)[C@]2(C(=O)O)C[C@H]2c2ccccc2)ccc1-c1ccc(Cl)cc1,0.2643539894520891,6.761721351613396,0.489450049020901,0.7673182282257458,1.0,0.2799431813124255,2,0.5,-1.8093123999999985,0,0.8208955223880597,False,Cc1cc(S(=O)(=O)N(CCc2cccnc2)[C@]2(C(=O)O)C[C@H]2c2ccccc2)ccc1-c1ccc(Cl)cc1,6.53,6.18,0.35,False,3.39,547.1,5.95,1,4,87.6,9,False,True,0.476,False
1433,CAND-00733,COc1c(OCC(=O)NNC(=S)NCc2ccc(-c3ccccc3)cc2)ccc(Cl)c1Cl,0.2642375410450741,5.5885493144780645,0.1314544808791654,0.6589646168532646,0.5,0.3283676686849712,1,1.0,-2.3237702,2,0.7090909090909091,False,COc1c(OCC(=O)NNC(=S)NCc2ccc(-c3ccccc3)cc2)ccc(Cl)c1Cl,5.73,5.81,-0.08,False,2.22,490.4,4.74,3,4,71.6,7,True,True,0.314,False
1434,CAND-01732,O=C(O)[C@@]1(N(CCn2nccn2)S(=O)(=O)c2ccc(-c3ccc(Cl)c(Cl)c3)cc2)C[C@H]1c1ccccc1,0.2642173790751332,6.696394612967263,0.4695154766170317,0.6042878482882883,1.0,0.3122567328058357,2,0.5,-2.5833729,0,0.8333333333333334,False,O=C(O)[C@@]1(N(CCn2nccn2)S(=O)(=O)c2ccc(-c3ccc(Cl)c(Cl)c3)cc2)C[C@H]1c1ccccc1,6.57,6.21,0.36,False,3.6,557.5,4.95,1,6,105.4,9,True,True,0.578,False
1435,CAND-01748,COc1cc(-c2ccc(S(=O)(=O)N(CCn3nccn3)[C@]3(C(=O)O)C[C@H]3c3ccccc3)cc2)ccc1Cl,0.2638999598939333,6.693525333802678,0.4686399108925103,0.5135430272312119,1.0,0.3115998811387049,2,0.5,-3.014224999999999,0,0.7575757575757576,False,COc1cc(-c2ccc(S(=O)(=O)N(CCn3nccn3)[C@]3(C(=O)O)C[C@H]3c3ccccc3)cc2)ccc1Cl,6.67,5.98,0.69,False,3.61,553.0,4.31,1,7,114.6,10,True,True,0.617,False
1436,CAND-01382,COc1ccc(Oc2cccc(/C=C3/SC(=S)NC3=O)c2)cc1OC,0.2637520678871316,5.316343024622615,0.0483902394005608,0.6958170706214942,0.25,0.6318564939561707,1,1.0,-2.1487964999999987,3,0.8125,False,COc1ccc(Oc2cccc(/C=C3/SC(=S)NC3=O)c2)cc1OC,5.12,5.47,-0.35,False,2.23,373.5,3.98,1,6,56.8,5,True,True,0.345,False
1437,CAND-01384,COc1ccc(Oc2cc(/C=C3/SC(=S)NC3=O)ccc2OC)cc1,0.2637520678871316,5.316343024622615,0.0483902394005608,0.695817070621494,0.25,0.6318564939561706,1,1.0,-2.1487965,3,0.7169811320754716,False,COc1ccc(Oc2cc(/C=C3/SC(=S)NC3=O)ccc2OC)cc1,5.14,5.42,-0.28,False,2.2,373.5,3.98,1,6,56.8,5,True,True,0.347,False
1438,CAND-01719,O=C1NC(=S)S/C1=C/c1cccc(Oc2ccc(Cl)c(Cl)c2)c1O,0.2637075088880737,5.448965524005624,0.0888602348591386,0.81272773895695,0.25,0.5642579715283479,1,1.0,-1.5937102000000003,3,0.6545454545454545,False,O=C1NC(=S)S/C1=C/c1cccc(Oc2ccc(Cl)c(Cl)c2)c1O,5.23,6.29,-1.06,False,2.51,398.3,4.98,2,5,58.6,3,True,True,0.462,False
1439,CAND-00186,N#Cc1c(/C=C2/SC(=S)N(C(C(=O)O)c3ccccc3)C2=O)cccc1Oc1ccc(Cl)c(Cl)c1,0.2635966555823194,6.017186625423965,0.2622539312594528,0.8836899695184394,0.25,0.2748989665086434,1,1.0,-1.2567849,3,0.6857142857142857,False,N#Cc1c(/C=C2/SC(=S)N(C(C(=O)O)c3ccccc3)C2=O)cccc1Oc1ccc(Cl)c(Cl)c1,6.08,6.08,0.0,False,3.12,541.4,6.68,1,6,90.6,6,False,True,0.817,False
1440,CAND-00179,N#Cc1ccc(C(C(=O)O)N2C(=O)/C(=C\c3cccc(Oc4ccc(Cl)c(Cl)c4)c3)SC2=S)cc1,0.2635966555823194,6.017186625423965,0.2622539312594528,0.8836899695184397,0.25,0.2748989665086434,1,1.0,-1.2567848999999989,3,0.828125,False,N#Cc1ccc(C(C(=O)O)N2C(=O)/C(=C\c3cccc(Oc4ccc(Cl)c(Cl)c4)c3)SC2=S)cc1,5.9,6.04,-0.14,False,3.01,541.4,6.68,1,6,90.6,6,False,True,0.683,False
1441,CAND-00178,N#Cc1cccc(C(C(=O)O)N2C(=O)/C(=C\c3cccc(Oc4ccc(Cl)c(Cl)c4)c3)SC2=S)c1,0.2635966555823194,6.017186625423965,0.2622539312594528,0.8836899695184397,0.25,0.2748989665086434,1,1.0,-1.2567848999999989,3,0.8153846153846154,False,N#Cc1cccc(C(C(=O)O)N2C(=O)/C(=C\c3cccc(Oc4ccc(Cl)c(Cl)c4)c3)SC2=S)c1,5.9,6.05,-0.15,False,3.06,541.4,6.68,1,6,90.6,6,False,True,0.679,False
1442,CAND-00181,N#Cc1cc(/C=C2/SC(=S)N(C(C(=O)O)c3ccccc3)C2=O)cc(Oc2ccc(Cl)c(Cl)c2)c1,0.2635966555823194,6.017186625423965,0.2622539312594528,0.8836899695184394,0.25,0.2748989665086434,1,1.0,-1.2567849,3,0.7727272727272727,False,N#Cc1cc(/C=C2/SC(=S)N(C(C(=O)O)c3ccccc3)C2=O)cc(Oc2ccc(Cl)c(Cl)c2)c1,5.92,6.03,-0.11,False,3.07,541.4,6.68,1,6,90.6,6,False,True,0.66,False
1443,CAND-00533,COc1cc(/C=C2/SC(=S)NC2=O)c(C#N)cc1OCc1ccc(Cl)cc1,0.2635688114073876,5.419504241880143,0.0798700713546886,0.68532332621272,0.25,0.5787792524334777,1,1.0,-2.1986202999999995,3,0.6774193548387096,False,COc1cc(/C=C2/SC(=S)NC2=O)c(C#N)cc1OCc1ccc(Cl)cc1,5.33,5.44,-0.11,False,2.54,416.9,4.29,1,6,71.3,5,True,True,0.372,False
1444,CAND-00534,COc1cc(/C=C2/SC(=S)NC2=O)cc(C#N)c1OCc1ccc(Cl)cc1,0.2635688114073876,5.419504241880143,0.0798700713546886,0.68532332621272,0.25,0.5787792524334777,1,1.0,-2.1986202999999995,3,0.7213114754098361,False,COc1cc(/C=C2/SC(=S)NC2=O)cc(C#N)c1OCc1ccc(Cl)cc1,5.33,5.41,-0.08,False,2.53,416.9,4.29,1,6,71.3,5,True,True,0.378,False
1445,CAND-00514,COc1cc(/C=C2/SC(=S)NC2=O)cc(C)c1OCc1ccc(Cl)cc1,0.263426650068581,5.425080107618502,0.0815715568655092,0.764743181402931,0.25,0.5754695721194213,1,1.0,-1.821538599999999,3,0.7413793103448276,False,COc1cc(/C=C2/SC(=S)NC2=O)cc(C)c1OCc1ccc(Cl)cc1,5.44,5.4,0.04,False,2.36,405.9,4.72,1,5,47.6,5,True,True,0.35,False
1446,CAND-00513,COc1cc(/C=C2/SC(=S)NC2=O)c(C)cc1OCc1ccc(Cl)cc1,0.263426650068581,5.425080107618502,0.0815715568655092,0.764743181402931,0.25,0.5754695721194213,1,1.0,-1.821538599999999,3,0.7241379310344828,False,COc1cc(/C=C2/SC(=S)NC2=O)c(C)cc1OCc1ccc(Cl)cc1,5.43,5.39,0.04,False,2.34,405.9,4.72,1,5,47.6,5,True,True,0.354,False
1447,CAND-01340,COC(=O)c1cncn1CCN([C@]1(C(=O)O)C[C@H]1c1ccccc1)S(=O)(=O)c1ccc(-c2ccc(Cl)cc2)c(C)c1,0.2634103249554712,6.7944429300590645,0.4994350978418356,0.5641983992047099,1.0,0.2570103366334152,2,0.5,-2.773715699999999,0,0.84,False,COC(=O)c1cncn1CCN([C@]1(C(=O)O)C[C@H]1c1ccccc1)S(=O)(=O)c1ccc(-c2ccc(Cl)cc2)c(C)c1,6.84,5.99,0.85,False,3.68,594.1,5.0,1,7,118.8,10,True,True,0.407,False
1448,CAND-01734,O=C(O)[C@@]1(N(CCn2nccn2)S(=O)(=O)c2ccc(-c3ccc(Cl)cc3)cc2)C[C@H]1c1cccc(Cl)c1,0.262967938016072,6.680016652534422,0.4645177123807868,0.6042878482882886,1.0,0.3122567328058357,2,0.5,-2.5833728999999988,0,0.864406779661017,False,O=C(O)[C@@]1(N(CCn2nccn2)S(=O)(=O)c2ccc(-c3ccc(Cl)cc3)cc2)C[C@H]1c1cccc(Cl)c1,6.71,6.24,0.47,False,3.6,557.5,4.95,1,6,105.4,9,True,True,0.342,False
1449,CAND-01730,O=C(O)[C@@]1(N(CCn2nccn2)S(=O)(=O)c2ccc(-c3ccc(Cl)cc3)c(Cl)c2)C[C@H]1c1ccccc1,0.262967938016072,6.680016652534422,0.4645177123807868,0.6042878482882883,1.0,0.3122567328058357,2,0.5,-2.5833729,0,0.8360655737704918,False,O=C(O)[C@@]1(N(CCn2nccn2)S(=O)(=O)c2ccc(-c3ccc(Cl)cc3)c(Cl)c2)C[C@H]1c1ccccc1,6.67,6.13,0.54,False,3.63,557.5,4.95,1,6,105.4,9,True,True,0.37,False
1450,CAND-01731,O=C(O)[C@@]1(N(CCn2nccn2)S(=O)(=O)c2ccc(-c3ccc(Cl)cc3Cl)cc2)C[C@H]1c1ccccc1,0.262967938016072,6.680016652534422,0.4645177123807868,0.6042878482882883,1.0,0.3122567328058357,2,0.5,-2.5833729,0,0.8360655737704918,False,O=C(O)[C@@]1(N(CCn2nccn2)S(=O)(=O)c2ccc(-c3ccc(Cl)cc3Cl)cc2)C[C@H]1c1ccccc1,6.7,6.22,0.48,False,3.61,557.5,4.95,1,6,105.4,9,True,True,0.417,False
1451,CAND-01729,O=C(O)[C@@]1(N(CCn2nccn2)S(=O)(=O)c2ccc(-c3ccc(Cl)cc3)cc2Cl)C[C@H]1c1ccccc1,0.262967938016072,6.680016652534422,0.4645177123807868,0.6042878482882883,1.0,0.3122567328058357,2,0.5,-2.5833729,0,0.7903225806451613,False,O=C(O)[C@@]1(N(CCn2nccn2)S(=O)(=O)c2ccc(-c3ccc(Cl)cc3)cc2Cl)C[C@H]1c1ccccc1,6.69,6.14,0.55,False,3.67,557.5,4.95,1,6,105.4,9,True,True,0.351,False
1452,CAND-01743,Cc1ccc([C@@H]2C[C@@]2(C(=O)O)N(CCn2nccn2)S(=O)(=O)c2ccc(-c3ccc(Cl)cc3)cc2)cc1,0.2629314162115695,6.635293891569501,0.4508704810168353,0.5789324977450807,1.0,0.3347586397157382,2,0.5,-2.703758899999999,0,0.847457627118644,False,Cc1ccc([C@@H]2C[C@@]2(C(=O)O)N(CCn2nccn2)S(=O)(=O)c2ccc(-c3ccc(Cl)cc3)cc2)cc1,6.67,6.11,0.56,False,3.55,537.0,4.61,1,6,105.4,9,True,True,0.286,False
1453,CAND-01736,Cc1cnn(CCN([C@]2(C(=O)O)C[C@H]2c2ccccc2)S(=O)(=O)c2ccc(-c3ccc(Cl)cc3)cc2)n1,0.2629314162115695,6.635293891569501,0.4508704810168353,0.5789324977450806,1.0,0.3347586397157382,2,0.5,-2.7037588999999995,0,0.7903225806451613,False,Cc1cnn(CCN([C@]2(C(=O)O)C[C@H]2c2ccccc2)S(=O)(=O)c2ccc(-c3ccc(Cl)cc3)cc2)n1,6.7,6.12,0.58,False,3.6,537.0,4.61,1,6,105.4,9,True,True,0.298,False
1454,CAND-00160,O=C(O)C(c1ccccc1)N1C(=O)/C(=C\c2cc(Oc3ccc(Cl)c(Cl)c3)ccc2O)SC1=S,0.2626946751606997,6.00868235477788,0.259658837696696,0.8704316860794205,0.25,0.2762175210411723,1,1.0,-1.3197345999999983,3,0.7619047619047619,False,O=C(O)C(c1ccccc1)N1C(=O)/C(=C\c2cc(Oc3ccc(Cl)c(Cl)c3)ccc2O)SC1=S,5.95,6.04,-0.09,False,2.96,532.4,6.52,2,6,87.1,6,False,True,0.644,False
1455,CAND-00158,O=C(O)C(c1cccc(O)c1)N1C(=O)/C(=C\c2cccc(Oc3ccc(Cl)c(Cl)c3)c2)SC1=S,0.2626946751606997,6.00868235477788,0.259658837696696,0.8704316860794205,0.25,0.2762175210411723,1,1.0,-1.3197345999999983,3,0.8688524590163934,False,O=C(O)C(c1cccc(O)c1)N1C(=O)/C(=C\c2cccc(Oc3ccc(Cl)c(Cl)c3)c2)SC1=S,5.93,6.07,-0.14,False,2.99,532.4,6.52,2,6,87.1,6,False,True,0.671,False
1456,CAND-00159,O=C(O)C(c1ccc(O)cc1)N1C(=O)/C(=C\c2cccc(Oc3ccc(Cl)c(Cl)c3)c2)SC1=S,0.2626946751606997,6.00868235477788,0.259658837696696,0.8704316860794205,0.25,0.2762175210411723,1,1.0,-1.3197345999999983,3,0.8983050847457628,False,O=C(O)C(c1ccc(O)cc1)N1C(=O)/C(=C\c2cccc(Oc3ccc(Cl)c(Cl)c3)c2)SC1=S,5.92,6.06,-0.14,False,2.95,532.4,6.52,2,6,87.1,6,False,True,0.662,False
1457,CAND-00161,O=C(O)C(c1ccccc1)N1C(=O)/C(=C\c2cc(O)cc(Oc3ccc(Cl)c(Cl)c3)c2)SC1=S,0.2626946751606997,6.00868235477788,0.259658837696696,0.8704316860794205,0.25,0.2762175210411723,1,1.0,-1.3197345999999983,3,0.8360655737704918,False,O=C(O)C(c1ccccc1)N1C(=O)/C(=C\c2cc(O)cc(Oc3ccc(Cl)c(Cl)c3)c2)SC1=S,5.96,6.06,-0.1,False,3.0,532.4,6.52,2,6,87.1,6,False,True,0.653,False
1458,CAND-01755,O=C(O)[C@@]1(N(CCn2nccn2)S(=O)(=O)c2ccc(-c3ccc(Cl)cc3O)cc2)C[C@H]1c1ccccc1,0.2625636435433178,6.640612362165861,0.4524934219347234,0.4862543591158502,1.0,0.3296019203975801,2,0.5,-3.143790300000001,0,0.8360655737704918,False,O=C(O)[C@@]1(N(CCn2nccn2)S(=O)(=O)c2ccc(-c3ccc(Cl)cc3O)cc2)C[C@H]1c1ccccc1,6.67,5.76,0.91,False,3.68,539.0,4.01,2,7,125.6,9,True,True,0.427,False
1459,CAND-01758,O=C(O)[C@@]1(N(CCn2nccn2)S(=O)(=O)c2ccc(-c3ccc(Cl)cc3)cc2)C[C@H]1c1cccc(O)c1,0.2625636435433178,6.640612362165861,0.4524934219347234,0.4862543591158502,1.0,0.3296019203975801,2,0.5,-3.143790300000001,0,0.8360655737704918,False,O=C(O)[C@@]1(N(CCn2nccn2)S(=O)(=O)c2ccc(-c3ccc(Cl)cc3)cc2)C[C@H]1c1cccc(O)c1,6.66,5.77,0.89,False,3.64,539.0,4.01,2,7,125.6,9,True,True,0.384,False
1460,CAND-01753,O=C(O)[C@@]1(N(CCn2nccn2)S(=O)(=O)c2ccc(-c3ccc(Cl)cc3)cc2O)C[C@H]1c1ccccc1,0.2625636435433178,6.640612362165861,0.4524934219347234,0.4862543591158502,1.0,0.3296019203975801,2,0.5,-3.143790300000001,0,0.7777777777777778,False,O=C(O)[C@@]1(N(CCn2nccn2)S(=O)(=O)c2ccc(-c3ccc(Cl)cc3)cc2O)C[C@H]1c1ccccc1,6.66,5.71,0.95,False,3.75,539.0,4.01,2,7,125.6,9,True,True,0.372,False
1461,CAND-01754,O=C(O)[C@@]1(N(CCn2nccn2)S(=O)(=O)c2ccc(-c3ccc(Cl)cc3)c(O)c2)C[C@H]1c1ccccc1,0.2625636435433178,6.640612362165861,0.4524934219347234,0.4862543591158502,1.0,0.3296019203975801,2,0.5,-3.143790300000001,0,0.8360655737704918,False,O=C(O)[C@@]1(N(CCn2nccn2)S(=O)(=O)c2ccc(-c3ccc(Cl)cc3)c(O)c2)C[C@H]1c1ccccc1,6.64,5.7,0.94,False,3.68,539.0,4.01,2,7,125.6,9,True,True,0.383,False
1462,CAND-00536,COc1cc(/C=C2/SC(=S)NC2=O)ccc1OCc1ccc(Cl)c(C#N)c1,0.2623702298578245,5.4116486007308815,0.0774729082555623,0.68532332621272,0.25,0.5787792524334777,1,1.0,-2.1986203,3,0.7377049180327869,False,COc1cc(/C=C2/SC(=S)NC2=O)ccc1OCc1ccc(Cl)c(C#N)c1,5.26,5.47,-0.21,False,2.48,416.9,4.29,1,6,71.3,5,True,True,0.388,False
1463,CAND-00502,COc1c(OCc2ccc(Cl)cc2)ccc(/C=C2/SC(=S)NC2=O)c1F,0.2623210478521708,5.410329864599652,0.0770704935409385,0.7343318619973558,0.25,0.579286003605672,1,1.0,-1.965930099999999,3,0.6557377049180327,False,COc1c(OCc2ccc(Cl)cc2)ccc(/C=C2/SC(=S)NC2=O)c1F,5.38,5.4,-0.02,False,2.49,409.9,4.56,1,5,47.6,5,True,True,0.448,False
1464,CAND-00516,COc1cc(/C=C2/SC(=S)NC2=O)ccc1OCc1ccc(Cl)c(C)c1,0.2622280685190179,5.41722446646924,0.079174393766383,0.7647431814029308,0.25,0.5754695721194213,1,1.0,-1.8215386,3,0.7894736842105263,False,COc1cc(/C=C2/SC(=S)NC2=O)ccc1OCc1ccc(Cl)c(C)c1,5.34,5.45,-0.11,False,2.31,405.9,4.72,1,5,47.6,5,True,True,0.376,False
1465,CAND-01756,O=C(O)[C@@]1(N(CCn2nccn2)S(=O)(=O)c2ccc(-c3ccc(Cl)c(O)c3)cc2)C[C@H]1c1ccccc1,0.2619643527685363,6.632756721016599,0.4500962588355972,0.4862543591158502,1.0,0.3296019203975801,2,0.5,-3.143790300000001,0,0.8064516129032258,False,O=C(O)[C@@]1(N(CCn2nccn2)S(=O)(=O)c2ccc(-c3ccc(Cl)c(O)c3)cc2)C[C@H]1c1ccccc1,6.53,5.72,0.81,False,3.67,539.0,4.01,2,7,125.6,9,True,True,0.604,False
1466,CAND-00874,O=C1CCC(=O)N1CCN([C@]1(C(=O)O)C[C@H]1c1ccc(F)cc1)S(=O)(=O)c1ccc(-c2ccc(Cl)cc2)cc1,0.2619281882428071,6.852974326766737,0.5172960593676986,0.4886108906944625,0.75,0.3840278226725502,2,0.5,-3.1326016,1,0.85,False,O=C1CCC(=O)N1CCN([C@]1(C(=O)O)C[C@H]1c1ccc(F)cc1)S(=O)(=O)c1ccc(-c2ccc(Cl)cc2)cc1,6.82,6.04,0.78,False,3.46,571.0,4.3,1,5,112.1,9,True,True,0.598,False
1467,CAND-01751,COc1ccc([C@@H]2C[C@@]2(C(=O)O)N(CCn2nccn2)S(=O)(=O)c2ccc(-c3ccc(Cl)cc3)cc2)cc1,0.261087442827727,6.6566582139870185,0.4573898426276851,0.5135430272312118,1.0,0.3115998811387049,2,0.5,-3.014225,0,0.819672131147541,False,COc1ccc([C@@H]2C[C@@]2(C(=O)O)N(CCn2nccn2)S(=O)(=O)c2ccc(-c3ccc(Cl)cc3)cc2)cc1,6.73,5.98,0.75,False,3.55,553.0,4.31,1,7,114.6,10,True,True,0.336,False
1468,CAND-01744,COc1cnn(CCN([C@]2(C(=O)O)C[C@H]2c2ccccc2)S(=O)(=O)c2ccc(-c3ccc(Cl)cc3)cc2)n1,0.261087442827727,6.6566582139870185,0.4573898426276851,0.5135430272312117,1.0,0.3115998811387049,2,0.5,-3.014225,0,0.7538461538461538,False,COc1cnn(CCN([C@]2(C(=O)O)C[C@H]2c2ccccc2)S(=O)(=O)c2ccc(-c3ccc(Cl)cc3)cc2)n1,6.74,6.0,0.74,False,3.64,553.0,4.31,1,7,114.6,10,True,True,0.349,False
1469,CAND-00517,COc1c(/C=C2/SC(=S)NC2=O)ccc(OCc2ccc(Cl)cc2)c1OC,0.2604599093725808,5.455965527279337,0.0909962985136099,0.6993537108890622,0.25,0.5498725337192528,1,1.0,-2.132004699999999,3,0.6896551724137931,False,COc1c(/C=C2/SC(=S)NC2=O)ccc(OCc2ccc(Cl)cc2)c1OC,5.36,5.42,-0.06,False,2.39,421.9,4.43,1,6,56.8,6,True,True,0.365,False
1470,CAND-00522,COc1c(OCc2ccc(Cl)cc2)ccc(/C=C2/SC(=S)NC2=O)c1O,0.2602382889441582,5.407780227735298,0.0762924672422224,0.6720650427737009,0.25,0.5736401844101565,1,1.0,-2.2615699999999985,3,0.6557377049180327,False,COc1c(OCc2ccc(Cl)cc2)ccc(/C=C2/SC(=S)NC2=O)c1O,5.39,6.32,-0.93,False,2.48,407.9,4.12,2,6,67.8,5,True,True,0.389,False
1471,CAND-00974,Cc1cccc([C@@H]2C[C@@]2(C(=O)O)N(CCc2cccnc2)S(=O)(=O)c2ccc(-c3ccc(Cl)cc3)cc2)c1,0.2601557430543354,6.706689773380016,0.4726570634298861,0.7673182282257459,1.0,0.2799431813124255,2,0.5,-1.8093123999999976,0,0.8333333333333334,False,Cc1cccc([C@@H]2C[C@@]2(C(=O)O)N(CCc2cccnc2)S(=O)(=O)c2ccc(-c3ccc(Cl)cc3)cc2)c1,6.53,6.28,0.25,False,3.36,547.1,5.95,1,4,87.6,9,False,True,0.455,False
1472,CAND-00971,Cc1cc(Cl)ccc1-c1ccc(S(=O)(=O)N(CCc2cccnc2)[C@]2(C(=O)O)C[C@H]2c2ccccc2)cc1,0.2601557430543354,6.706689773380016,0.4726570634298861,0.7673182282257456,1.0,0.2799431813124255,2,0.5,-1.8093123999999992,0,0.8333333333333334,False,Cc1cc(Cl)ccc1-c1ccc(S(=O)(=O)N(CCc2cccnc2)[C@]2(C(=O)O)C[C@H]2c2ccccc2)cc1,6.54,6.25,0.29,False,3.38,547.1,5.95,1,4,87.6,9,False,True,0.514,False
1473,CAND-00966,Cc1cncc(CCN([C@]2(C(=O)O)C[C@H]2c2ccccc2)S(=O)(=O)c2ccc(-c3ccc(Cl)cc3)cc2)c1,0.2601557430543354,6.706689773380016,0.4726570634298861,0.7673182282257458,1.0,0.2799431813124255,2,0.5,-1.8093123999999985,0,0.7727272727272727,False,Cc1cncc(CCN([C@]2(C(=O)O)C[C@H]2c2ccccc2)S(=O)(=O)c2ccc(-c3ccc(Cl)cc3)cc2)c1,6.58,6.3,0.28,False,3.4,547.1,5.95,1,4,87.6,9,False,True,0.482,False
1474,CAND-00969,Cc1cc(-c2ccc(Cl)cc2)ccc1S(=O)(=O)N(CCc1cccnc1)[C@]1(C(=O)O)C[C@H]1c1ccccc1,0.2601557430543353,6.706689773380016,0.4726570634298861,0.767318228225746,1.0,0.2799431813124254,2,0.5,-1.8093123999999967,0,0.7794117647058824,False,Cc1cc(-c2ccc(Cl)cc2)ccc1S(=O)(=O)N(CCc1cccnc1)[C@]1(C(=O)O)C[C@H]1c1ccccc1,6.54,6.18,0.36,False,3.43,547.1,5.95,1,4,87.6,9,False,True,0.468,False
1475,CAND-01426,COc1ccccc1OCC(=O)NC(c1ccccc1)c1cc([N+](=O)[O-])c2cccnc2c1O,0.2599102606758892,5.944260305396287,0.2400003328575135,0.6087860188154789,0.25,0.2997003141571082,1,1.0,-2.5620158,3,0.7903225806451613,False,COc1ccccc1OCC(=O)NC(c1ccccc1)c1cc([N+](=O)[O-])c2cccnc2c1O,6.05,5.6,0.45,False,2.8,459.5,4.14,2,7,123.8,8,True,True,0.637,False
1476,CAND-00185,N#Cc1c(Oc2cccc(/C=C3/SC(=S)N(C(C(=O)O)c4ccccc4)C3=O)c2)ccc(Cl)c1Cl,0.2598991919146338,5.992953023841863,0.2548590039240816,0.8836899695184397,0.25,0.2748989665086433,1,1.0,-1.256784899999999,3,0.7246376811594203,False,N#Cc1c(Oc2cccc(/C=C3/SC(=S)N(C(C(=O)O)c4ccccc4)C3=O)c2)ccc(Cl)c1Cl,5.94,6.07,-0.13,False,3.12,541.4,6.68,1,6,90.6,6,False,True,0.638,False
1477,CAND-01373,COC(=O)c1cncn1CCN([C@]1(C(=O)O)C[C@H]1c1cccc(C#N)c1)S(=O)(=O)c1ccc(-c2ccc(Cl)cc2)cc1,0.2595873926249358,6.739411351825685,0.4826421122508207,0.4847785440144989,1.0,0.2595124304148709,2,0.5,-3.1507974,0,0.8076923076923077,False,COC(=O)c1cncn1CCN([C@]1(C(=O)O)C[C@H]1c1cccc(C#N)c1)S(=O)(=O)c1ccc(-c2ccc(Cl)cc2)cc1,6.81,6.02,0.79,False,3.76,605.1,4.56,1,8,142.6,10,True,False,0.48,False
1478,CAND-00972,Cc1cc(-c2ccc(S(=O)(=O)N(CCc3cccnc3)[C@]3(C(=O)O)C[C@H]3c3ccccc3)cc2)ccc1Cl,0.2595564522795538,6.698834132230754,0.4702599003307599,0.7673182282257459,1.0,0.2799431813124255,2,0.5,-1.8093123999999976,0,0.8059701492537313,False,Cc1cc(-c2ccc(S(=O)(=O)N(CCc3cccnc3)[C@]3(C(=O)O)C[C@H]3c3ccccc3)cc2)ccc1Cl,6.48,6.24,0.24,False,3.38,547.1,5.95,1,4,87.6,9,False,True,0.617,False
1479,CAND-01735,O=C(O)[C@@]1(N(CCn2nccn2)S(=O)(=O)c2ccc(-c3ccc(Cl)cc3)cc2)C[C@H]1c1ccc(Cl)cc1,0.2595561301750842,6.635293891569501,0.4508704810168353,0.6042878482882886,1.0,0.3122567328058357,2,0.5,-2.5833728999999988,0,0.925925925925926,False,O=C(O)[C@@]1(N(CCn2nccn2)S(=O)(=O)c2ccc(-c3ccc(Cl)cc3)cc2)C[C@H]1c1ccc(Cl)cc1,6.63,6.18,0.45,False,3.56,557.5,4.95,1,6,105.4,9,True,True,0.186,False
1480,CAND-01344,COC(=O)c1cnc(OC)n1CCN([C@]1(C(=O)O)C[C@H]1c1ccccc1)S(=O)(=O)c1ccc(-c2ccc(Cl)cc2)cc1,0.2594944225827685,6.771813155737262,0.4925295812945481,0.4988089286908411,1.0,0.2424135150608762,2,0.5,-3.0841817999999988,0,0.7272727272727273,False,COC(=O)c1cnc(OC)n1CCN([C@]1(C(=O)O)C[C@H]1c1ccccc1)S(=O)(=O)c1ccc(-c2ccc(Cl)cc2)cc1,6.91,5.97,0.94,False,3.71,610.1,4.7,1,8,128.0,11,True,False,0.405,False
1481,CAND-01358,COC(=O)c1cncn1CCN([C@]1(C(=O)O)C[C@H]1c1ccccc1)S(=O)(=O)c1ccc(-c2ccc(Cl)cc2)c(O)c1,0.259251422811137,6.739411351825685,0.4826421122508207,0.4715202605754797,1.0,0.2572726316562119,2,0.5,-3.2137470999999995,0,0.8513513513513513,False,COC(=O)c1cncn1CCN([C@]1(C(=O)O)C[C@H]1c1ccccc1)S(=O)(=O)c1ccc(-c2ccc(Cl)cc2)c(O)c1,6.82,5.82,1.0,False,3.75,596.1,4.4,2,8,139.0,10,True,True,0.489,False
1482,CAND-01355,COC(=O)c1cncn1CCN([C@]1(C(=O)O)C[C@H]1c1cccc(O)c1)S(=O)(=O)c1ccc(-c2ccc(Cl)cc2)cc1,0.259251422811137,6.739411351825685,0.4826421122508207,0.4715202605754795,1.0,0.2572726316562119,2,0.5,-3.2137471000000004,0,0.8513513513513513,False,COC(=O)c1cncn1CCN([C@]1(C(=O)O)C[C@H]1c1cccc(O)c1)S(=O)(=O)c1ccc(-c2ccc(Cl)cc2)cc1,6.82,5.98,0.84,False,3.71,596.1,4.4,2,8,139.0,10,True,True,0.498,False
1483,CAND-01359,COC(=O)c1cncn1CCN([C@]1(C(=O)O)C[C@H]1c1ccccc1)S(=O)(=O)c1ccc(-c2ccc(Cl)cc2O)cc1,0.259251422811137,6.739411351825685,0.4826421122508207,0.4715202605754798,1.0,0.2572726316562119,2,0.5,-3.213747099999999,0,0.8513513513513513,False,COC(=O)c1cncn1CCN([C@]1(C(=O)O)C[C@H]1c1ccccc1)S(=O)(=O)c1ccc(-c2ccc(Cl)cc2O)cc1,6.83,5.93,0.9,False,3.74,596.1,4.4,2,8,139.0,10,True,True,0.497,False
1484,CAND-01357,COC(=O)c1cncn1CCN([C@]1(C(=O)O)C[C@H]1c1ccccc1)S(=O)(=O)c1ccc(-c2ccc(Cl)cc2)cc1O,0.259251422811137,6.739411351825685,0.4826421122508207,0.4715202605754798,1.0,0.2572726316562119,2,0.5,-3.213747099999999,0,0.8026315789473685,False,COC(=O)c1cncn1CCN([C@]1(C(=O)O)C[C@H]1c1ccccc1)S(=O)(=O)c1ccc(-c2ccc(Cl)cc2)cc1O,6.83,5.82,1.01,False,3.81,596.1,4.4,2,8,139.0,10,True,True,0.503,False
1485,CAND-01337,COC(=O)c1cncn1CCN([C@]1(C(=O)O)C[C@H]1c1cccc(C)c1)S(=O)(=O)c1ccc(-c2ccc(Cl)cc2)cc1,0.2592120785577175,6.739411351825685,0.4826421122508207,0.5641983992047097,1.0,0.2570103366334152,2,0.5,-2.7737157,0,0.8513513513513513,False,COC(=O)c1cncn1CCN([C@]1(C(=O)O)C[C@H]1c1cccc(C)c1)S(=O)(=O)c1ccc(-c2ccc(Cl)cc2)cc1,6.84,6.16,0.68,False,3.66,594.1,5.0,1,7,118.8,10,True,True,0.393,False
1486,CAND-01339,COC(=O)c1cncn1CCN([C@]1(C(=O)O)C[C@H]1c1ccccc1)S(=O)(=O)c1ccc(-c2ccc(Cl)cc2)cc1C,0.2592120785577175,6.739411351825685,0.4826421122508207,0.5641983992047099,1.0,0.2570103366334152,2,0.5,-2.773715699999999,0,0.8026315789473685,False,COC(=O)c1cncn1CCN([C@]1(C(=O)O)C[C@H]1c1ccccc1)S(=O)(=O)c1ccc(-c2ccc(Cl)cc2)cc1C,6.85,5.99,0.86,False,3.72,594.1,5.0,1,7,118.8,10,True,True,0.403,False
1487,CAND-01341,COC(=O)c1cncn1CCN([C@]1(C(=O)O)C[C@H]1c1ccccc1)S(=O)(=O)c1ccc(-c2ccc(Cl)cc2C)cc1,0.2592120785577175,6.739411351825685,0.4826421122508207,0.5641983992047099,1.0,0.2570103366334152,2,0.5,-2.773715699999999,0,0.8513513513513513,False,COC(=O)c1cncn1CCN([C@]1(C(=O)O)C[C@H]1c1ccccc1)S(=O)(=O)c1ccc(-c2ccc(Cl)cc2C)cc1,6.85,6.11,0.74,False,3.68,594.1,5.0,1,7,118.8,10,True,True,0.425,False
1488,CAND-01759,O=C(O)[C@@]1(N(CCn2nccn2)S(=O)(=O)c2ccc(-c3ccc(Cl)cc3)cc2)C[C@H]1c1ccc(O)cc1,0.25915183570233,6.595889601200939,0.438846190570772,0.4862543591158502,1.0,0.3296019203975801,2,0.5,-3.143790300000001,0,0.8620689655172413,False,O=C(O)[C@@]1(N(CCn2nccn2)S(=O)(=O)c2ccc(-c3ccc(Cl)cc3)cc2)C[C@H]1c1ccc(O)cc1,6.59,5.72,0.87,False,3.61,539.0,4.01,2,7,125.6,9,True,True,0.288,False
1489,CAND-01752,O=C(O)[C@@]1(N(CCn2ncc(O)n2)S(=O)(=O)c2ccc(-c3ccc(Cl)cc3)cc2)C[C@H]1c1ccccc1,0.25915183570233,6.595889601200939,0.438846190570772,0.4862543591158502,1.0,0.3296019203975801,2,0.5,-3.143790300000001,0,0.8032786885245902,False,O=C(O)[C@@]1(N(CCn2ncc(O)n2)S(=O)(=O)c2ccc(-c3ccc(Cl)cc3)cc2)C[C@H]1c1ccccc1,6.62,5.71,0.91,False,3.68,539.0,4.01,2,7,125.6,9,True,True,0.307,False
1490,CAND-00164,O=C(O)C(c1ccccc1)N1C(=O)/C(=C\c2cccc(Oc3cc(O)c(Cl)c(Cl)c3)c2)SC1=S,0.2589972114930141,5.984448753195778,0.2522639103613249,0.8704316860794205,0.25,0.2762175210411723,1,1.0,-1.3197345999999983,3,0.8095238095238095,False,O=C(O)C(c1ccccc1)N1C(=O)/C(=C\c2cccc(Oc3cc(O)c(Cl)c(Cl)c3)c2)SC1=S,5.95,6.05,-0.1,False,3.08,532.4,6.52,2,6,87.1,6,False,True,0.636,False
1491,CAND-00977,COc1cncc(CCN([C@]2(C(=O)O)C[C@H]2c2ccccc2)S(=O)(=O)c2ccc(-c3ccc(Cl)cc3)cc2)c1,0.2588436238069267,6.712990283698609,0.4745796755444701,0.7019287577118771,1.0,0.2679913661387281,2,0.5,-2.1197784999999976,0,0.7391304347826086,False,COc1cncc(CCN([C@]2(C(=O)O)C[C@H]2c2ccccc2)S(=O)(=O)c2ccc(-c3ccc(Cl)cc3)cc2)c1,6.8,6.26,0.54,False,3.4,563.1,5.65,1,5,96.8,10,False,True,0.432,False
1492,CAND-00980,COc1cc(-c2ccc(Cl)cc2)ccc1S(=O)(=O)N(CCc1cccnc1)[C@]1(C(=O)O)C[C@H]1c1ccccc1,0.2588436238069267,6.712990283698609,0.4745796755444701,0.7019287577118767,1.0,0.2679913661387282,2,0.5,-2.1197785,0,0.7464788732394366,False,COc1cc(-c2ccc(Cl)cc2)ccc1S(=O)(=O)N(CCc1cccnc1)[C@]1(C(=O)O)C[C@H]1c1ccccc1,6.76,6.1,0.66,False,3.45,563.1,5.65,1,5,96.8,10,False,True,0.453,False
1493,CAND-00981,COc1cc(S(=O)(=O)N(CCc2cccnc2)[C@]2(C(=O)O)C[C@H]2c2ccccc2)ccc1-c1ccc(Cl)cc1,0.2588436238069267,6.712990283698609,0.4745796755444701,0.701928757711877,1.0,0.2679913661387281,2,0.5,-2.119778499999998,0,0.7971014492753623,False,COc1cc(S(=O)(=O)N(CCc2cccnc2)[C@]2(C(=O)O)C[C@H]2c2ccccc2)ccc1-c1ccc(Cl)cc1,6.75,6.14,0.61,False,3.4,563.1,5.65,1,5,96.8,10,False,True,0.455,False
1494,CAND-00982,COc1cc(Cl)ccc1-c1ccc(S(=O)(=O)N(CCc2cccnc2)[C@]2(C(=O)O)C[C@H]2c2ccccc2)cc1,0.2588436238069267,6.712990283698609,0.4745796755444701,0.7019287577118767,1.0,0.2679913661387282,2,0.5,-2.1197785,0,0.7971014492753623,False,COc1cc(Cl)ccc1-c1ccc(S(=O)(=O)N(CCc2cccnc2)[C@]2(C(=O)O)C[C@H]2c2ccccc2)cc1,6.76,6.22,0.54,False,3.4,563.1,5.65,1,5,96.8,10,False,True,0.477,False
1495,CAND-01360,COC(=O)c1cncn1CCN([C@]1(C(=O)O)C[C@H]1c1ccccc1)S(=O)(=O)c1ccc(-c2ccc(Cl)c(O)c2)cc1,0.2586521320363554,6.731555710676423,0.4802449491516944,0.4715202605754797,1.0,0.2572726316562119,2,0.5,-3.2137470999999995,0,0.8266666666666667,False,COC(=O)c1cncn1CCN([C@]1(C(=O)O)C[C@H]1c1ccccc1)S(=O)(=O)c1ccc(-c2ccc(Cl)c(O)c2)cc1,6.68,5.91,0.77,False,3.74,596.1,4.4,2,8,139.0,10,True,True,0.731,False
1496,CAND-00294,Cc1ccnc(Cl)c1CCC1CCN(S(=O)(=O)CC2(N(O)C=O)CCOCC2)CC1,0.2586265949735108,6.307921181551636,0.3509721066887864,0.3498155257450442,0.0,0.2771351387637254,1,1.0,-3.791595400000003,4,0.7142857142857143,False,Cc1ccnc(Cl)c1CCC1CCN(S(=O)(=O)CC2(N(O)C=O)CCOCC2)CC1,6.34,7.39,-1.05,False,3.25,460.0,2.41,1,6,100.0,8,True,True,0.622,False
1497,CAND-01342,COC(=O)c1cncn1CCN([C@]1(C(=O)O)C[C@H]1c1ccccc1)S(=O)(=O)c1ccc(-c2ccc(Cl)c(C)c2)cc1,0.2586127877829359,6.731555710676423,0.4802449491516944,0.5641983992047099,1.0,0.2570103366334152,2,0.5,-2.773715699999999,0,0.8266666666666667,False,COC(=O)c1cncn1CCN([C@]1(C(=O)O)C[C@H]1c1ccccc1)S(=O)(=O)c1ccc(-c2ccc(Cl)c(C)c2)cc1,6.7,6.09,0.61,False,3.68,594.1,5.0,1,7,118.8,10,True,True,0.645,False
1498,CAND-01741,Cc1ccccc1[C@@H]1C[C@@]1(C(=O)O)N(CCn1nccn1)S(=O)(=O)c1ccc(-c2ccc(Cl)cc2)cc1,0.2586107601640864,6.578657739526635,0.4335878568269029,0.5789324977450807,1.0,0.3347586397157382,2,0.5,-2.703758899999999,0,0.7903225806451613,False,Cc1ccccc1[C@@H]1C[C@@]1(C(=O)O)N(CCn1nccn1)S(=O)(=O)c1ccc(-c2ccc(Cl)cc2)cc1,6.67,6.12,0.55,False,3.61,537.0,4.61,1,6,105.4,9,True,True,0.311,False
1499,CAND-01761,O=C(O)[C@@]1(N(CCn2nccn2)S(=O)(=O)c2ccc(-c3ccc(Cl)cc3)cc2C(F)(F)F)C[C@H]1c1ccccc1,0.2585624054836393,6.680016652534422,0.4645177123807868,0.61582267303643,1.0,0.2828865159229511,2,0.5,-2.528606099999999,0,0.7313432835820896,False,O=C(O)[C@@]1(N(CCn2nccn2)S(=O)(=O)c2ccc(-c3ccc(Cl)cc3)cc2C(F)(F)F)C[C@H]1c1ccccc1,6.72,5.91,0.81,False,3.79,591.0,5.32,1,6,105.4,9,False,True,0.468,False
1500,CAND-01763,O=C(O)[C@@]1(N(CCn2nccn2)S(=O)(=O)c2ccc(-c3ccc(Cl)cc3C(F)(F)F)cc2)C[C@H]1c1ccccc1,0.2585624054836393,6.680016652534422,0.4645177123807868,0.61582267303643,1.0,0.2828865159229511,2,0.5,-2.528606099999999,0,0.7727272727272727,False,O=C(O)[C@@]1(N(CCn2nccn2)S(=O)(=O)c2ccc(-c3ccc(Cl)cc3C(F)(F)F)cc2)C[C@H]1c1ccccc1,6.71,6.05,0.66,False,3.75,591.0,5.32,1,6,105.4,9,False,True,0.511,False
1501,CAND-01762,O=C(O)[C@@]1(N(CCn2nccn2)S(=O)(=O)c2ccc(-c3ccc(Cl)cc3)c(C(F)(F)F)c2)C[C@H]1c1ccccc1,0.2585624054836393,6.680016652534422,0.4645177123807868,0.61582267303643,1.0,0.2828865159229511,2,0.5,-2.528606099999999,0,0.7727272727272727,False,O=C(O)[C@@]1(N(CCn2nccn2)S(=O)(=O)c2ccc(-c3ccc(Cl)cc3)c(C(F)(F)F)c2)C[C@H]1c1ccccc1,6.69,5.93,0.76,False,3.75,591.0,5.32,1,6,105.4,9,False,True,0.49,False
1502,CAND-01766,O=C(O)[C@@]1(N(CCn2nccn2)S(=O)(=O)c2ccc(-c3ccc(Cl)cc3)cc2)C[C@H]1c1cccc(C(F)(F)F)c1,0.2585624054836393,6.680016652534422,0.4645177123807868,0.6158226730364297,1.0,0.2828865159229511,2,0.5,-2.5286061,0,0.7846153846153846,False,O=C(O)[C@@]1(N(CCn2nccn2)S(=O)(=O)c2ccc(-c3ccc(Cl)cc3)cc2)C[C@H]1c1cccc(C(F)(F)F)c1,6.74,6.11,0.63,False,3.7,591.0,5.32,1,6,105.4,9,False,True,0.489,False
1503,CAND-00182,N#Cc1ccc(/C=C2/SC(=S)N(C(C(=O)O)c3ccccc3)C2=O)cc1Oc1ccc(Cl)c(Cl)c1,0.2585618419565768,5.984187878603889,0.2521843040079675,0.8836899695184394,0.25,0.2748989665086434,1,1.0,-1.2567849,3,0.7352941176470589,False,N#Cc1ccc(/C=C2/SC(=S)N(C(C(=O)O)c3ccccc3)C2=O)cc1Oc1ccc(Cl)c(Cl)c1,5.92,6.03,-0.11,False,3.03,541.4,6.68,1,6,90.6,6,False,True,0.638,False
1504,CAND-00177,N#Cc1ccccc1C(C(=O)O)N1C(=O)/C(=C\c2cccc(Oc3ccc(Cl)c(Cl)c3)c2)SC1=S,0.2585618419565768,5.984187878603889,0.2521843040079675,0.8836899695184397,0.25,0.2748989665086434,1,1.0,-1.2567848999999989,3,0.7611940298507462,False,N#Cc1ccccc1C(C(=O)O)N1C(=O)/C(=C\c2cccc(Oc3ccc(Cl)c(Cl)c3)c2)SC1=S,5.91,6.05,-0.14,False,3.11,541.4,6.68,1,6,90.6,6,False,True,0.636,False
1505,CAND-00180,N#Cc1ccc(Oc2ccc(Cl)c(Cl)c2)cc1/C=C1/SC(=S)N(C(C(=O)O)c2ccccc2)C1=O,0.2585618419565767,5.984187878603889,0.2521843040079675,0.88368996951844,0.25,0.2748989665086432,1,1.0,-1.256784899999997,3,0.7164179104477612,False,N#Cc1ccc(Oc2ccc(Cl)c(Cl)c2)cc1/C=C1/SC(=S)N(C(C(=O)O)c2ccccc2)C1=O,5.93,6.05,-0.12,False,3.09,541.4,6.68,1,6,90.6,6,False,True,0.637,False
1506,CAND-00985,COc1cccc([C@@H]2C[C@@]2(C(=O)O)N(CCc2cccnc2)S(=O)(=O)c2ccc(-c3ccc(Cl)cc3)cc2)c1,0.2583045979344949,6.705924608733837,0.4724235720547425,0.7019287577118771,1.0,0.2679913661387281,2,0.5,-2.1197784999999976,0,0.7971014492753623,False,COc1cccc([C@@H]2C[C@@]2(C(=O)O)N(CCc2cccnc2)S(=O)(=O)c2ccc(-c3ccc(Cl)cc3)cc2)c1,6.73,6.22,0.51,False,3.37,563.1,5.65,1,5,96.8,10,False,True,0.458,False
1507,CAND-00983,COc1cc(-c2ccc(S(=O)(=O)N(CCc3cccnc3)[C@]3(C(=O)O)C[C@H]3c3ccccc3)cc2)ccc1Cl,0.2582443330321452,6.705134642549347,0.4721825124453439,0.7019287577118771,1.0,0.2679913661387281,2,0.5,-2.1197784999999976,0,0.7714285714285715,False,COc1cc(-c2ccc(S(=O)(=O)N(CCc3cccnc3)[C@]3(C(=O)O)C[C@H]3c3ccccc3)cc2)ccc1Cl,6.68,6.18,0.5,False,3.39,563.1,5.65,1,5,96.8,10,False,True,0.616,False
1508,CAND-01716,O=C1NC(=S)S/C1=C/c1ccc(O)c(Oc2ccc(Cl)c(Cl)c2)c1,0.2582191101214099,5.412993928071516,0.077883437325811,0.81272773895695,0.25,0.5642579715283479,1,1.0,-1.5937102000000003,3,0.6981132075471698,False,O=C1NC(=S)S/C1=C/c1ccc(O)c(Oc2ccc(Cl)c(Cl)c2)c1,5.25,6.22,-0.97,False,2.43,398.3,4.98,2,5,58.6,3,True,True,0.371,False
1509,CAND-01712,COc1ccc(/C=C2/SC(=S)NC2=O)cc1Oc1ccc(Cl)c(Cl)c1,0.2581691634393506,5.446913489792339,0.0882340529090257,0.8400164070723115,0.25,0.5468404566161259,1,1.0,-1.4641448999999995,3,0.6851851851851852,False,COc1ccc(/C=C2/SC(=S)NC2=O)cc1Oc1ccc(Cl)c(Cl)c1,5.44,5.36,0.08,False,2.34,412.3,5.28,1,5,47.6,4,True,True,0.352,False
1510,CAND-01715,COc1c(/C=C2/SC(=S)NC2=O)cccc1Oc1ccc(Cl)c(Cl)c1,0.2581691634393506,5.446913489792339,0.0882340529090257,0.8400164070723114,0.25,0.5468404566161258,1,1.0,-1.4641449,3,0.631578947368421,False,COc1c(/C=C2/SC(=S)NC2=O)cccc1Oc1ccc(Cl)c(Cl)c1,5.41,5.4,0.01,False,2.45,412.3,5.28,1,5,47.6,4,True,True,0.447,False
1511,CAND-01764,O=C(O)[C@@]1(N(CCn2nccn2)S(=O)(=O)c2ccc(-c3ccc(Cl)c(C(F)(F)F)c3)cc2)C[C@H]1c1ccccc1,0.2579631147088578,6.67216101138516,0.4621205492816605,0.61582267303643,1.0,0.2828865159229511,2,0.5,-2.528606099999999,0,0.7575757575757576,False,O=C(O)[C@@]1(N(CCn2nccn2)S(=O)(=O)c2ccc(-c3ccc(Cl)c(C(F)(F)F)c3)cc2)C[C@H]1c1ccccc1,6.59,6.03,0.56,False,3.73,591.0,5.32,1,6,105.4,9,False,True,0.652,False
1512,CAND-01381,O=C(COc1ccc(-c2ccccc2)cc1O)NNC(=S)NCc1ccc(-c2ccccc2)cc1,0.2579216701749587,5.753687100340255,0.1818465747921434,0.6762790065823109,0.5,0.22332794259629,1,1.0,-2.2415623,2,0.7169811320754716,False,O=C(COc1ccc(-c2ccccc2)cc1O)NNC(=S)NCc1ccc(-c2ccccc2)cc1,5.57,5.86,-0.29,False,2.15,483.6,4.8,4,4,82.6,7,True,True,0.671,False
1513,CAND-01333,COC(=O)c1cncn1CCN([C@]1(C(=O)O)C[C@H]1c1ccccc1)S(=O)(=O)c1ccc(-c2ccc(Cl)c(Cl)c2)cc1,0.2578431465717549,6.755789312258525,0.4876398764870656,0.5895537497479177,1.0,0.2395545163332565,2,0.5,-2.6533296999999987,0,0.8493150684931506,False,COC(=O)c1cncn1CCN([C@]1(C(=O)O)C[C@H]1c1ccccc1)S(=O)(=O)c1ccc(-c2ccc(Cl)c(Cl)c2)cc1,6.72,6.06,0.66,False,3.67,614.5,5.35,1,7,118.8,10,False,True,0.663,False
1514,CAND-00872,O=C1CCC(=O)N1CCN([C@]1(C(=O)O)C[C@H]1c1ccccc1F)S(=O)(=O)c1ccc(-c2ccc(Cl)cc2)cc1,0.257607532195324,6.796338174723871,0.5000134351777662,0.4886108906944625,0.75,0.3840278226725502,2,0.5,-3.1326016,1,0.7936507936507936,False,O=C1CCC(=O)N1CCN([C@]1(C(=O)O)C[C@H]1c1ccccc1F)S(=O)(=O)c1ccc(-c2ccc(Cl)cc2)cc1,6.79,6.05,0.74,False,3.51,571.0,4.3,1,5,112.1,9,True,True,0.6,False
1515,CAND-01750,COc1cccc([C@@H]2C[C@@]2(C(=O)O)N(CCn2nccn2)S(=O)(=O)c2ccc(-c3ccc(Cl)cc3)cc2)c1,0.2574899806045764,6.609501852730836,0.4429999937350827,0.5135430272312118,1.0,0.3115998811387049,2,0.5,-3.014225,0,0.796875,False,COc1cccc([C@@H]2C[C@@]2(C(=O)O)N(CCn2nccn2)S(=O)(=O)c2ccc(-c3ccc(Cl)cc3)cc2)c1,6.76,6.04,0.72,False,3.58,553.0,4.31,1,7,114.6,10,True,True,0.413,False
1516,CAND-01427,O=C(COc1ccccc1O)NC(c1ccccc1)c1cc([N+](=O)[O-])c2cccnc2c1O,0.2574890202871208,5.946464065723778,0.2406728143056862,0.5814973507001174,0.25,0.2905087104475922,1,1.0,-2.6915811,3,0.8166666666666667,False,O=C(COc1ccccc1O)NC(c1ccccc1)c1cc([N+](=O)[O-])c2cccnc2c1O,6.05,5.19,0.86,False,2.87,445.4,3.84,3,7,134.8,7,True,True,0.64,False
1517,CAND-01377,COC(=O)c1cncn1CCN([C@]1(C(=O)O)C[C@H]1c1ccccc1)S(=O)(=O)c1ccc(-c2ccc(Cl)cc2C#N)cc1,0.2570699858120645,6.7064126050056085,0.4725724849993354,0.4847785440144991,1.0,0.2595124304148711,2,0.5,-3.1507973999999987,0,0.7974683544303798,False,COC(=O)c1cncn1CCN([C@]1(C(=O)O)C[C@H]1c1ccccc1)S(=O)(=O)c1ccc(-c2ccc(Cl)cc2C#N)cc1,6.81,5.96,0.85,False,3.79,605.1,4.56,1,8,142.6,10,True,False,0.499,False
1518,CAND-01375,COC(=O)c1cncn1CCN([C@]1(C(=O)O)C[C@H]1c1ccccc1)S(=O)(=O)c1ccc(-c2ccc(Cl)cc2)cc1C#N,0.2570699858120645,6.7064126050056085,0.4725724849993354,0.4847785440144991,1.0,0.2595124304148711,2,0.5,-3.1507973999999987,0,0.7625,False,COC(=O)c1cncn1CCN([C@]1(C(=O)O)C[C@H]1c1ccccc1)S(=O)(=O)c1ccc(-c2ccc(Cl)cc2)cc1C#N,6.81,5.84,0.97,False,3.83,605.1,4.56,1,8,142.6,10,True,False,0.504,False
1519,CAND-01376,COC(=O)c1cncn1CCN([C@]1(C(=O)O)C[C@H]1c1ccccc1)S(=O)(=O)c1ccc(-c2ccc(Cl)cc2)c(C#N)c1,0.2570699858120645,6.7064126050056085,0.4725724849993354,0.4847785440144991,1.0,0.2595124304148711,2,0.5,-3.1507973999999987,0,0.7974683544303798,False,COC(=O)c1cncn1CCN([C@]1(C(=O)O)C[C@H]1c1ccccc1)S(=O)(=O)c1ccc(-c2ccc(Cl)cc2)c(C#N)c1,6.8,5.83,0.97,False,3.8,605.1,4.56,1,8,142.6,10,True,False,0.49,False
1520,CAND-01350,COC(=O)c1cncn1CCN([C@]1(C(=O)O)C[C@H]1c1ccccc1)S(=O)(=O)c1ccc(-c2ccc(Cl)cc2OC)cc1,0.2570225553218366,6.739411351825685,0.4826421122508207,0.498808928690841,1.0,0.2424135150608762,2,0.5,-3.084181799999999,0,0.84,False,COC(=O)c1cncn1CCN([C@]1(C(=O)O)C[C@H]1c1ccccc1)S(=O)(=O)c1ccc(-c2ccc(Cl)cc2OC)cc1,6.83,5.98,0.85,False,3.7,610.1,4.7,1,8,128.0,11,True,False,0.467,False
1521,CAND-01349,COC(=O)c1cncn1CCN([C@]1(C(=O)O)C[C@H]1c1ccccc1)S(=O)(=O)c1ccc(-c2ccc(Cl)cc2)c(OC)c1,0.2570225553218366,6.739411351825685,0.4826421122508207,0.498808928690841,1.0,0.2424135150608762,2,0.5,-3.084181799999999,0,0.84,False,COC(=O)c1cncn1CCN([C@]1(C(=O)O)C[C@H]1c1ccccc1)S(=O)(=O)c1ccc(-c2ccc(Cl)cc2)c(OC)c1,6.82,5.86,0.96,False,3.7,610.1,4.7,1,8,128.0,11,True,False,0.458,False
1522,CAND-01348,COC(=O)c1cncn1CCN([C@]1(C(=O)O)C[C@H]1c1ccccc1)S(=O)(=O)c1ccc(-c2ccc(Cl)cc2)cc1OC,0.2570225553218366,6.739411351825685,0.4826421122508207,0.498808928690841,1.0,0.2424135150608762,2,0.5,-3.084181799999999,0,0.7922077922077922,False,COC(=O)c1cncn1CCN([C@]1(C(=O)O)C[C@H]1c1ccccc1)S(=O)(=O)c1ccc(-c2ccc(Cl)cc2)cc1OC,6.84,5.86,0.98,False,3.74,610.1,4.7,1,8,128.0,11,True,False,0.451,False
1523,CAND-01385,COc1ccc(Oc2cccc(/C=C3/SC(=S)NC3=O)c2OC)cc1,0.2569284522051559,5.271620263657693,0.0347430080366094,0.6958170706214942,0.25,0.6318564939561707,1,1.0,-2.1487964999999987,3,0.6226415094339622,False,COc1ccc(Oc2cccc(/C=C3/SC(=S)NC3=O)c2OC)cc1,5.12,5.45,-0.33,False,2.3,373.5,3.98,1,6,56.8,5,True,True,0.456,False
1524,CAND-01335,COC(=O)c1cnc(C)n1CCN([C@]1(C(=O)O)C[C@H]1c1ccccc1)S(=O)(=O)c1ccc(-c2ccc(Cl)cc2)cc1,0.2568816608385629,6.70886370100254,0.4733204413742026,0.5641983992047099,1.0,0.2570103366334152,2,0.5,-2.773715699999999,0,0.7368421052631579,False,COC(=O)c1cnc(C)n1CCN([C@]1(C(=O)O)C[C@H]1c1ccccc1)S(=O)(=O)c1ccc(-c2ccc(Cl)cc2)cc1,6.93,6.1,0.83,False,3.58,594.1,5.0,1,7,118.8,10,True,True,0.344,False
1525,CAND-01767,O=C(O)[C@@]1(N(CCn2nccn2)S(=O)(=O)c2ccc(-c3ccc(Cl)cc3)cc2)C[C@H]1c1ccc(C(F)(F)F)cc1,0.2567800549551497,6.6566531923524845,0.4573883102668283,0.6158226730364299,1.0,0.2828865159229511,2,0.5,-2.5286061,0,0.8064516129032258,False,O=C(O)[C@@]1(N(CCn2nccn2)S(=O)(=O)c2ccc(-c3ccc(Cl)cc3)cc2)C[C@H]1c1ccc(C(F)(F)F)cc1,6.64,6.03,0.61,False,3.68,591.0,5.32,1,6,105.4,9,False,True,0.468,False
1526,CAND-01749,COc1ccccc1[C@@H]1C[C@@]1(C(=O)O)N(CCn1nccn1)S(=O)(=O)c1ccc(-c2ccc(Cl)cc2)cc1,0.2567667867802439,6.600022061944153,0.4401072184377527,0.5135430272312118,1.0,0.3115998811387049,2,0.5,-3.014225,0,0.7538461538461538,False,COc1ccccc1[C@@H]1C[C@@]1(C(=O)O)N(CCn1nccn1)S(=O)(=O)c1ccc(-c2ccc(Cl)cc2)cc1,6.73,5.99,0.74,False,3.61,553.0,4.31,1,7,114.6,10,True,True,0.377,False
1527,CAND-00965,Cc1ccncc1CCN([C@]1(C(=O)O)C[C@H]1c1ccccc1)S(=O)(=O)c1ccc(-c2ccc(Cl)cc2)cc1,0.2567439352133475,6.661967012415095,0.4590098320659347,0.7673182282257459,1.0,0.2799431813124255,2,0.5,-1.8093123999999976,0,0.746268656716418,False,Cc1ccncc1CCN([C@]1(C(=O)O)C[C@H]1c1ccccc1)S(=O)(=O)c1ccc(-c2ccc(Cl)cc2)cc1,6.52,6.2,0.32,False,3.4,547.1,5.95,1,4,87.6,9,False,True,0.471,False
1528,CAND-00975,Cc1ccc([C@@H]2C[C@@]2(C(=O)O)N(CCc2cccnc2)S(=O)(=O)c2ccc(-c3ccc(Cl)cc3)cc2)cc1,0.2567439352133475,6.661967012415095,0.4590098320659347,0.7673182282257458,1.0,0.2799431813124255,2,0.5,-1.8093123999999985,0,0.873015873015873,False,Cc1ccc([C@@H]2C[C@@]2(C(=O)O)N(CCc2cccnc2)S(=O)(=O)c2ccc(-c3ccc(Cl)cc3)cc2)cc1,6.48,6.24,0.24,False,3.33,547.1,5.95,1,4,87.6,9,False,True,0.385,False
1529,CAND-00967,Cc1ccc(CCN([C@]2(C(=O)O)C[C@H]2c2ccccc2)S(=O)(=O)c2ccc(-c3ccc(Cl)cc3)cc2)cn1,0.2567439352133475,6.661967012415095,0.4590098320659347,0.7673182282257461,1.0,0.2799431813124255,2,0.5,-1.809312399999997,0,0.7846153846153846,False,Cc1ccc(CCN([C@]2(C(=O)O)C[C@H]2c2ccccc2)S(=O)(=O)c2ccc(-c3ccc(Cl)cc3)cc2)cn1,6.53,6.23,0.3,False,3.34,547.1,5.95,1,4,87.6,9,False,True,0.455,False
1530,CAND-00512,COc1c(OCc2ccc(Cl)cc2)ccc(/C=C2/SC(=S)NC2=O)c1C,0.2566030343866053,5.380357346653581,0.0679243255015578,0.764743181402931,0.25,0.5754695721194213,1,1.0,-1.821538599999999,3,0.6666666666666666,False,COc1c(OCc2ccc(Cl)cc2)ccc(/C=C2/SC(=S)NC2=O)c1C,5.46,5.39,0.07,False,2.49,405.9,4.72,1,5,47.6,5,True,True,0.354,False
1531,CAND-01330,COC(=O)c1cncn1CCN([C@]1(C(=O)O)C[C@H]1c1ccccc1)S(=O)(=O)c1ccc(-c2ccc(Cl)cc2)cc1Cl,0.2565937055126936,6.739411351825685,0.4826421122508207,0.5895537497479177,1.0,0.2395545163332565,2,0.5,-2.6533296999999987,0,0.8133333333333334,False,COC(=O)c1cncn1CCN([C@]1(C(=O)O)C[C@H]1c1ccccc1)S(=O)(=O)c1ccc(-c2ccc(Cl)cc2)cc1Cl,6.86,5.96,0.9,False,3.73,614.5,5.35,1,7,118.8,10,False,True,0.42,False
1532,CAND-01331,COC(=O)c1cncn1CCN([C@]1(C(=O)O)C[C@H]1c1ccccc1)S(=O)(=O)c1ccc(-c2ccc(Cl)cc2)c(Cl)c1,0.2565937055126936,6.739411351825685,0.4826421122508207,0.5895537497479177,1.0,0.2395545163332565,2,0.5,-2.6533296999999987,0,0.8513513513513513,False,COC(=O)c1cncn1CCN([C@]1(C(=O)O)C[C@H]1c1ccccc1)S(=O)(=O)c1ccc(-c2ccc(Cl)cc2)c(Cl)c1,6.85,5.97,0.88,False,3.7,614.5,5.35,1,7,118.8,10,False,True,0.422,False
1533,CAND-01328,COC(=O)c1cncn1CCN([C@]1(C(=O)O)C[C@H]1c1cccc(Cl)c1)S(=O)(=O)c1ccc(-c2ccc(Cl)cc2)cc1,0.2565937055126936,6.739411351825685,0.4826421122508207,0.5895537497479177,1.0,0.2395545163332565,2,0.5,-2.6533296999999987,0,0.875,False,COC(=O)c1cncn1CCN([C@]1(C(=O)O)C[C@H]1c1cccc(Cl)c1)S(=O)(=O)c1ccc(-c2ccc(Cl)cc2)cc1,6.86,6.11,0.75,False,3.67,614.5,5.35,1,7,118.8,10,False,True,0.409,False
1534,CAND-01332,COC(=O)c1cncn1CCN([C@]1(C(=O)O)C[C@H]1c1ccccc1)S(=O)(=O)c1ccc(-c2ccc(Cl)cc2Cl)cc1,0.2565937055126936,6.739411351825685,0.4826421122508207,0.5895537497479177,1.0,0.2395545163332565,2,0.5,-2.6533296999999987,0,0.8513513513513513,False,COC(=O)c1cncn1CCN([C@]1(C(=O)O)C[C@H]1c1ccccc1)S(=O)(=O)c1ccc(-c2ccc(Cl)cc2Cl)cc1,6.88,6.08,0.8,False,3.68,614.5,5.35,1,7,118.8,10,False,True,0.466,False
1535,CAND-01378,COC(=O)c1cncn1CCN([C@]1(C(=O)O)C[C@H]1c1ccccc1)S(=O)(=O)c1ccc(-c2ccc(Cl)c(C#N)c2)cc1,0.256470695037283,6.698556963856347,0.4701753219002091,0.4847785440144991,1.0,0.2595124304148711,2,0.5,-3.1507973999999987,0,0.7848101265822784,False,COC(=O)c1cncn1CCN([C@]1(C(=O)O)C[C@H]1c1ccccc1)S(=O)(=O)c1ccc(-c2ccc(Cl)c(C#N)c2)cc1,6.66,5.95,0.71,False,3.8,605.1,4.56,1,8,142.6,10,True,False,0.689,False
1536,CAND-01351,COC(=O)c1cncn1CCN([C@]1(C(=O)O)C[C@H]1c1ccccc1)S(=O)(=O)c1ccc(-c2ccc(Cl)c(OC)c2)cc1,0.256423264547055,6.731555710676423,0.4802449491516944,0.498808928690841,1.0,0.2424135150608762,2,0.5,-3.084181799999999,0,0.8157894736842105,False,COC(=O)c1cncn1CCN([C@]1(C(=O)O)C[C@H]1c1ccccc1)S(=O)(=O)c1ccc(-c2ccc(Cl)c(OC)c2)cc1,6.72,5.96,0.76,False,3.69,610.1,4.7,1,8,128.0,11,True,False,0.662,False
1537,CAND-01388,COc1ccc(Oc2cc(/C=C3/SC(=S)NC3=O)ccc2O)cc1,0.2563538530905609,5.249644553188855,0.0280370802565538,0.6685284025061327,0.25,0.6411177098742802,1,1.0,-2.2783618000000003,3,0.6730769230769231,False,COc1ccc(Oc2cc(/C=C3/SC(=S)NC3=O)ccc2O)cc1,5.1,6.29,-1.19,False,2.28,359.4,3.68,2,6,67.8,4,True,True,0.411,False
1538,CAND-01386,COc1ccc(Oc2cccc(/C=C3/SC(=S)NC3=O)c2)cc1O,0.2563538530905609,5.249644553188855,0.0280370802565538,0.6685284025061329,0.25,0.6411177098742802,1,1.0,-2.2783617999999994,3,0.7647058823529411,False,COc1ccc(Oc2cccc(/C=C3/SC(=S)NC3=O)c2)cc1O,5.09,6.36,-1.27,False,2.34,359.4,3.68,2,6,67.8,4,True,True,0.397,False
1539,CAND-00728,COc1cc(C(F)(F)F)ccc1OCC(=O)NNC(=S)NCc1ccc(-c2ccccc2)cc1,0.2562561364663153,5.520274365034524,0.1106202566203162,0.6170449262076652,0.5,0.3364866938538575,1,1.0,-2.5228029,2,0.7068965517241379,False,COc1cc(C(F)(F)F)ccc1OCC(=O)NNC(=S)NCc1ccc(-c2ccccc2)cc1,5.59,5.77,-0.18,False,2.18,489.5,4.46,3,4,71.6,7,True,True,0.472,False
1540,CAND-01374,COC(=O)c1cncn1CCN([C@]1(C(=O)O)C[C@H]1c1ccc(C#N)cc1)S(=O)(=O)c1ccc(-c2ccc(Cl)cc2)cc1,0.256175584783948,6.694688590860763,0.4689948808868693,0.4847785440144989,1.0,0.2595124304148709,2,0.5,-3.1507974,0,0.8266666666666667,False,COC(=O)c1cncn1CCN([C@]1(C(=O)O)C[C@H]1c1ccc(C#N)cc1)S(=O)(=O)c1ccc(-c2ccc(Cl)cc2)cc1,6.77,5.96,0.81,False,3.73,605.1,4.56,1,8,142.6,10,True,False,0.44,False
1541,CAND-00508,COc1cc(/C=C2/SC(=S)NC2=O)c(Cl)cc1OCc1ccc(Cl)cc1,0.2561683628868619,5.4580016638040245,0.0916176292553054,0.7900985319461387,0.25,0.5345318275306974,1,1.0,-1.7011526,3,0.7368421052631579,False,COc1cc(/C=C2/SC(=S)NC2=O)c(Cl)cc1OCc1ccc(Cl)cc1,5.43,5.38,0.05,False,2.35,426.3,5.07,1,5,47.6,5,True,True,0.336,False
1542,CAND-01356,COC(=O)c1cncn1CCN([C@]1(C(=O)O)C[C@H]1c1ccc(O)cc1)S(=O)(=O)c1ccc(-c2ccc(Cl)cc2)cc1,0.2558396149701491,6.694688590860763,0.4689948808868693,0.4715202605754795,1.0,0.2572726316562119,2,0.5,-3.2137471000000004,0,0.8732394366197183,False,COC(=O)c1cncn1CCN([C@]1(C(=O)O)C[C@H]1c1ccc(O)cc1)S(=O)(=O)c1ccc(-c2ccc(Cl)cc2)cc1,6.77,5.92,0.85,False,3.68,596.1,4.4,2,8,139.0,10,True,True,0.449,False
1543,CAND-01352,COC(=O)c1c(O)ncn1CCN([C@]1(C(=O)O)C[C@H]1c1ccccc1)S(=O)(=O)c1ccc(-c2ccc(Cl)cc2)cc1,0.2558396149701491,6.694688590860763,0.4689948808868693,0.4715202605754797,1.0,0.2572726316562119,2,0.5,-3.2137470999999995,0,0.7368421052631579,False,COC(=O)c1c(O)ncn1CCN([C@]1(C(=O)O)C[C@H]1c1ccccc1)S(=O)(=O)c1ccc(-c2ccc(Cl)cc2)cc1,6.91,5.99,0.92,False,3.69,596.1,4.4,2,8,139.0,10,True,True,0.41,False
1544,CAND-01338,COC(=O)c1cncn1CCN([C@]1(C(=O)O)C[C@H]1c1ccc(C)cc1)S(=O)(=O)c1ccc(-c2ccc(Cl)cc2)cc1,0.2558002707167296,6.694688590860763,0.4689948808868693,0.5641983992047097,1.0,0.2570103366334152,2,0.5,-2.7737157,0,0.8732394366197183,False,COC(=O)c1cncn1CCN([C@]1(C(=O)O)C[C@H]1c1ccc(C)cc1)S(=O)(=O)c1ccc(-c2ccc(Cl)cc2)cc1,6.81,6.08,0.73,False,3.63,594.1,5.0,1,7,118.8,10,True,True,0.343,False
1545,CAND-00518,COc1cc(OCc2ccc(Cl)cc2)c(OC)cc1/C=C1/SC(=S)NC1=O,0.2557475385485305,5.425080107618502,0.0815715568655092,0.6993537108890622,0.25,0.5498725337192528,1,1.0,-2.132004699999999,3,0.75,False,COc1cc(OCc2ccc(Cl)cc2)c(OC)cc1/C=C1/SC(=S)NC1=O,5.34,5.43,-0.09,False,2.32,421.9,4.43,1,6,56.8,6,True,True,0.36,False
1546,CAND-00519,COc1cc(/C=C2/SC(=S)NC2=O)cc(OC)c1OCc1ccc(Cl)cc1,0.2557475385485305,5.425080107618502,0.0815715568655092,0.6993537108890622,0.25,0.5498725337192528,1,1.0,-2.132004699999999,3,0.7962962962962963,False,COc1cc(/C=C2/SC(=S)NC2=O)cc(OC)c1OCc1ccc(Cl)cc1,5.35,5.42,-0.07,False,2.3,421.9,4.43,1,6,56.8,6,True,True,0.358,False
1547,CAND-00976,COc1ccncc1CCN([C@]1(C(=O)O)C[C@H]1c1ccccc1)S(=O)(=O)c1ccc(-c2ccc(Cl)cc2)cc1,0.2554318159659389,6.668267522733688,0.4609324441805187,0.7019287577118771,1.0,0.2679913661387281,2,0.5,-2.1197784999999976,0,0.7142857142857143,False,COc1ccncc1CCN([C@]1(C(=O)O)C[C@H]1c1ccccc1)S(=O)(=O)c1ccc(-c2ccc(Cl)cc2)cc1,6.72,6.17,0.55,False,3.41,563.1,5.65,1,5,96.8,10,False,True,0.435,False
1548,CAND-00986,COc1ccc([C@@H]2C[C@@]2(C(=O)O)N(CCc2cccnc2)S(=O)(=O)c2ccc(-c3ccc(Cl)cc3)cc2)cc1,0.2554318159659389,6.668267522733688,0.4609324441805187,0.7019287577118771,1.0,0.2679913661387281,2,0.5,-2.1197784999999976,0,0.8333333333333334,False,COc1ccc([C@@H]2C[C@@]2(C(=O)O)N(CCc2cccnc2)S(=O)(=O)c2ccc(-c3ccc(Cl)cc3)cc2)cc1,6.68,6.19,0.49,False,3.34,563.1,5.65,1,5,96.8,10,False,True,0.386,False
1549,CAND-00979,COc1ncccc1CCN([C@]1(C(=O)O)C[C@H]1c1ccccc1)S(=O)(=O)c1ccc(-c2ccc(Cl)cc2)cc1,0.2554318159659389,6.668267522733688,0.4609324441805187,0.7019287577118771,1.0,0.2679913661387281,2,0.5,-2.1197784999999976,0,0.7101449275362319,False,COc1ncccc1CCN([C@]1(C(=O)O)C[C@H]1c1ccccc1)S(=O)(=O)c1ccc(-c2ccc(Cl)cc2)cc1,6.75,6.11,0.64,False,3.42,563.1,5.65,1,5,96.8,10,False,True,0.458,False
1550,CAND-00978,COc1ccc(CCN([C@]2(C(=O)O)C[C@H]2c2ccccc2)S(=O)(=O)c2ccc(-c3ccc(Cl)cc3)cc2)cn1,0.2554318159659389,6.668267522733688,0.4609324441805187,0.7019287577118771,1.0,0.2679913661387281,2,0.5,-2.1197784999999976,0,0.7246376811594203,False,COc1ccc(CCN([C@]2(C(=O)O)C[C@H]2c2ccccc2)S(=O)(=O)c2ccc(-c3ccc(Cl)cc3)cc2)cn1,6.77,6.22,0.55,False,3.38,563.1,5.65,1,5,96.8,10,False,True,0.404,False
1551,CAND-00537,O=C1NC(=S)S/C1=C/c1ccc(OCc2ccc(Cl)cc2)c(OCF)c1,0.2552558821397889,5.416646753130627,0.0789981034966415,0.757973842408912,0.25,0.5525227679715605,1,1.0,-1.853679099999999,3,0.8148148148148148,False,O=C1NC(=S)S/C1=C/c1ccc(OCc2ccc(Cl)cc2)c(OCF)c1,5.4,5.41,-0.01,False,2.43,409.9,4.71,1,5,47.6,6,True,True,0.309,False
1552,CAND-01733,O=C(O)[C@@]1(N(CCn2nccn2)S(=O)(=O)c2ccc(-c3ccc(Cl)cc3)cc2)C[C@H]1c1ccccc1Cl,0.2552354741276011,6.578657739526635,0.4335878568269029,0.6042878482882886,1.0,0.3122567328058357,2,0.5,-2.5833728999999988,0,0.8166666666666667,False,O=C(O)[C@@]1(N(CCn2nccn2)S(=O)(=O)c2ccc(-c3ccc(Cl)cc3)cc2)C[C@H]1c1ccccc1Cl,6.63,6.19,0.44,False,3.62,557.5,4.95,1,6,105.4,9,True,True,0.288,False
1553,CAND-01760,O=C(O)[C@@]1(N(CCn2ncc(C(F)(F)F)n2)S(=O)(=O)c2ccc(-c3ccc(Cl)cc3)cc2)C[C@H]1c1ccccc1,0.2551505976426515,6.635293891569501,0.4508704810168353,0.6158226730364302,1.0,0.2828865159229511,2,0.5,-2.528606099999998,0,0.765625,False,O=C(O)[C@@]1(N(CCn2ncc(C(F)(F)F)n2)S(=O)(=O)c2ccc(-c3ccc(Cl)cc3)cc2)C[C@H]1c1ccccc1,6.71,6.05,0.66,False,3.7,591.0,5.32,1,6,105.4,9,False,True,0.434,False
1554,CAND-01774,N#Cc1cccc([C@@H]2C[C@@]2(C(=O)O)N(CCn2nccn2)S(=O)(=O)c2ccc(-c3ccc(Cl)cc3)cc2)c1,0.2549139964364475,6.534341884380022,0.4200647935090644,0.4995126425548698,1.0,0.3326519870612094,2,0.5,-3.0808406,0,0.7846153846153846,False,N#Cc1cccc([C@@H]2C[C@@]2(C(=O)O)N(CCn2nccn2)S(=O)(=O)c2ccc(-c3ccc(Cl)cc3)cc2)c1,6.62,5.95,0.67,False,3.69,548.0,4.17,1,7,129.2,9,True,True,0.384,False
1555,CAND-00184,N#Cc1cc(Oc2cccc(/C=C3/SC(=S)N(C(C(=O)O)c4ccccc4)C3=O)c2)cc(Cl)c1Cl,0.2548643782888912,5.959954277021787,0.2447893766725963,0.8836899695184397,0.25,0.2748989665086433,1,1.0,-1.256784899999999,3,0.7611940298507462,False,N#Cc1cc(Oc2cccc(/C=C3/SC(=S)N(C(C(=O)O)c4ccccc4)C3=O)c2)cc(Cl)c1Cl,5.94,6.05,-0.11,False,3.17,541.4,6.68,1,6,90.6,6,False,True,0.634,False
1556,CAND-00183,N#Cc1cc(Cl)c(Cl)cc1Oc1cccc(/C=C2/SC(=S)N(C(C(=O)O)c3ccccc3)C2=O)c1,0.2548643782888911,5.959954277021787,0.2447893766725963,0.88368996951844,0.25,0.2748989665086432,1,1.0,-1.256784899999997,3,0.746268656716418,False,N#Cc1cc(Cl)c(Cl)cc1Oc1cccc(/C=C2/SC(=S)N(C(C(=O)O)c3ccccc3)C2=O)c1,5.93,6.06,-0.13,False,3.07,541.4,6.68,1,6,90.6,6,False,True,0.633,False
1557,CAND-01757,O=C(O)[C@@]1(N(CCn2nccn2)S(=O)(=O)c2ccc(-c3ccc(Cl)cc3)cc2)C[C@H]1c1ccccc1O,0.2548311796548469,6.539253449158074,0.4215635663808396,0.4862543591158505,1.0,0.3296019203975801,2,0.5,-3.1437903,0,0.8032786885245902,False,O=C(O)[C@@]1(N(CCn2nccn2)S(=O)(=O)c2ccc(-c3ccc(Cl)cc3)cc2)C[C@H]1c1ccccc1O,6.59,5.71,0.88,False,3.66,539.0,4.01,2,7,125.6,9,True,True,0.325,False
1558,CAND-00521,COc1cc(COc2ccc(/C=C3/SC(=S)NC3=O)cc2OC)ccc1Cl,0.2545489569989673,5.41722446646924,0.079174393766383,0.6993537108890621,0.25,0.5498725337192528,1,1.0,-2.1320046999999995,3,0.8333333333333334,False,COc1cc(COc2ccc(/C=C3/SC(=S)NC3=O)cc2OC)ccc1Cl,5.24,5.48,-0.24,False,2.3,421.9,4.43,1,6,56.8,6,True,True,0.377,False
1559,CAND-01718,O=C1NC(=S)S/C1=C/c1cccc(Oc2ccc(Cl)c(Cl)c2O)c1,0.2545216464537243,5.388760326489414,0.0704885099904399,0.81272773895695,0.25,0.5642579715283479,1,1.0,-1.5937102000000003,3,0.7037037037037037,False,O=C1NC(=S)S/C1=C/c1cccc(Oc2ccc(Cl)c(Cl)c2O)c1,5.25,6.3,-1.05,False,2.57,398.3,4.98,2,5,58.6,3,True,True,0.357,False
1560,CAND-01717,O=C1NC(=S)S/C1=C/c1cccc(Oc2cc(Cl)c(Cl)cc2O)c1,0.2545216464537243,5.388760326489414,0.0704885099904399,0.81272773895695,0.25,0.5642579715283479,1,1.0,-1.5937102000000003,3,0.7307692307692307,False,O=C1NC(=S)S/C1=C/c1cccc(Oc2cc(Cl)c(Cl)cc2O)c1,5.24,6.29,-1.05,False,2.51,398.3,4.98,2,5,58.6,3,True,True,0.366,False
1561,CAND-01714,COc1c(Oc2cccc(/C=C3/SC(=S)NC3=O)c2)ccc(Cl)c1Cl,0.254471699771665,5.4226798882102365,0.0808391255736545,0.8400164070723115,0.25,0.5468404566161259,1,1.0,-1.4641448999999995,3,0.6785714285714286,False,COc1c(Oc2cccc(/C=C3/SC(=S)NC3=O)c2)ccc(Cl)c1Cl,5.44,5.4,0.04,False,2.51,412.3,5.28,1,5,47.6,4,True,True,0.361,False
1562,CAND-01713,COc1cc(Cl)c(Cl)cc1Oc1cccc(/C=C2/SC(=S)NC2=O)c1,0.254471699771665,5.4226798882102365,0.0808391255736545,0.8400164070723115,0.25,0.5468404566161259,1,1.0,-1.4641448999999995,3,0.7307692307692307,False,COc1cc(Cl)c(Cl)cc1Oc1cccc(/C=C2/SC(=S)NC2=O)c1,5.43,5.41,0.02,False,2.39,412.3,5.28,1,5,47.6,4,True,True,0.359,False
1563,CAND-01343,COC(=O)c1c(OC)ncn1CCN([C@]1(C(=O)O)C[C@H]1c1ccccc1)S(=O)(=O)c1ccc(-c2ccc(Cl)cc2)cc1,0.2536107474808488,6.694688590860763,0.4689948808868693,0.4988089286908411,1.0,0.2424135150608762,2,0.5,-3.0841817999999988,0,0.7272727272727273,False,COC(=O)c1c(OC)ncn1CCN([C@]1(C(=O)O)C[C@H]1c1ccccc1)S(=O)(=O)c1ccc(-c2ccc(Cl)cc2)cc1,6.93,6.03,0.9,False,3.68,610.1,4.7,1,8,128.0,11,True,False,0.376,False
1564,CAND-01347,COC(=O)c1cncn1CCN([C@]1(C(=O)O)C[C@H]1c1ccc(OC)cc1)S(=O)(=O)c1ccc(-c2ccc(Cl)cc2)cc1,0.2536107474808488,6.694688590860763,0.4689948808868693,0.498808928690841,1.0,0.2424135150608762,2,0.5,-3.084181799999999,0,0.8611111111111112,False,COC(=O)c1cncn1CCN([C@]1(C(=O)O)C[C@H]1c1ccc(OC)cc1)S(=O)(=O)c1ccc(-c2ccc(Cl)cc2)cc1,6.79,5.97,0.82,False,3.64,610.1,4.7,1,8,128.0,11,True,False,0.415,False
1565,CAND-01008,O=C(O)[C@@]1(N(CCc2cccnc2)S(=O)(=O)c2ccc(-c3ccc(Cl)cc3)cc2)C[C@H]1c1ccc(C(F)(F)F)cc1,0.2535825465780457,6.714859820080944,0.4751501679515258,0.8042084035170948,1.0,0.2319666972677616,2,0.5,-1.6341595999999994,0,0.8333333333333334,False,O=C(O)[C@@]1(N(CCc2cccnc2)S(=O)(=O)c2ccc(-c3ccc(Cl)cc3)cc2)C[C@H]1c1ccc(C(F)(F)F)cc1,6.46,6.17,0.29,False,3.47,601.0,6.67,1,4,87.6,9,False,True,0.509,False
1566,CAND-01366,COC(=O)c1cncn1CCN([C@]1(C(=O)O)C[C@H]1c1ccccc1)S(=O)(=O)c1ccc(-c2ccc(Cl)cc2)cc1C(F)(F)F,0.2535248726436326,6.739411351825685,0.4826421122508207,0.6010885744960591,1.0,0.2190956305395159,2,0.5,-2.5985628999999992,0,0.7625,False,COC(=O)c1cncn1CCN([C@]1(C(=O)O)C[C@H]1c1ccccc1)S(=O)(=O)c1ccc(-c2ccc(Cl)cc2)cc1C(F)(F)F,6.86,5.88,0.98,False,3.86,648.1,5.71,1,7,118.8,10,False,True,0.518,False
1567,CAND-01364,COC(=O)c1cncn1CCN([C@]1(C(=O)O)C[C@H]1c1cccc(C(F)(F)F)c1)S(=O)(=O)c1ccc(-c2ccc(Cl)cc2)cc1,0.2535248726436326,6.739411351825685,0.4826421122508207,0.6010885744960593,1.0,0.2190956305395159,2,0.5,-2.598562899999998,0,0.8076923076923077,False,COC(=O)c1cncn1CCN([C@]1(C(=O)O)C[C@H]1c1cccc(C(F)(F)F)c1)S(=O)(=O)c1ccc(-c2ccc(Cl)cc2)cc1,6.88,6.08,0.8,False,3.78,648.1,5.71,1,7,118.8,10,False,True,0.527,False
1568,CAND-01368,COC(=O)c1cncn1CCN([C@]1(C(=O)O)C[C@H]1c1ccccc1)S(=O)(=O)c1ccc(-c2ccc(Cl)cc2C(F)(F)F)cc1,0.2535248726436326,6.739411351825685,0.4826421122508207,0.6010885744960591,1.0,0.2190956305395159,2,0.5,-2.5985628999999992,0,0.7974683544303798,False,COC(=O)c1cncn1CCN([C@]1(C(=O)O)C[C@H]1c1ccccc1)S(=O)(=O)c1ccc(-c2ccc(Cl)cc2C(F)(F)F)cc1,6.87,6.02,0.85,False,3.82,648.1,5.71,1,7,118.8,10,False,True,0.53,False
1569,CAND-01367,COC(=O)c1cncn1CCN([C@]1(C(=O)O)C[C@H]1c1ccccc1)S(=O)(=O)c1ccc(-c2ccc(Cl)cc2)c(C(F)(F)F)c1,0.2535248726436326,6.739411351825685,0.4826421122508207,0.6010885744960591,1.0,0.2190956305395159,2,0.5,-2.5985628999999992,0,0.7974683544303798,False,COC(=O)c1cncn1CCN([C@]1(C(=O)O)C[C@H]1c1ccccc1)S(=O)(=O)c1ccc(-c2ccc(Cl)cc2)c(C(F)(F)F)c1,6.85,5.9,0.95,False,3.83,648.1,5.71,1,7,118.8,10,False,True,0.525,False
1570,CAND-01371,COC(=O)c1cnc(C#N)n1CCN([C@]1(C(=O)O)C[C@H]1c1ccccc1)S(=O)(=O)c1ccc(-c2ccc(Cl)cc2)cc1,0.2532743252191519,6.6566582139870185,0.4573898426276851,0.4847785440144989,1.0,0.2595124304148709,2,0.5,-3.1507974,0,0.7,False,COC(=O)c1cnc(C#N)n1CCN([C@]1(C(=O)O)C[C@H]1c1ccccc1)S(=O)(=O)c1ccc(-c2ccc(Cl)cc2)cc1,6.87,5.97,0.9,False,3.77,605.1,4.56,1,8,142.6,10,True,False,0.464,False
1571,CAND-01329,COC(=O)c1cncn1CCN([C@]1(C(=O)O)C[C@H]1c1ccc(Cl)cc1)S(=O)(=O)c1ccc(-c2ccc(Cl)cc2)cc1,0.2531818976717058,6.694688590860763,0.4689948808868693,0.5895537497479177,1.0,0.2395545163332565,2,0.5,-2.6533296999999987,0,0.9253731343283582,False,COC(=O)c1cncn1CCN([C@]1(C(=O)O)C[C@H]1c1ccc(Cl)cc1)S(=O)(=O)c1ccc(-c2ccc(Cl)cc2)cc1,6.82,6.05,0.77,False,3.64,614.5,5.35,1,7,118.8,10,False,True,0.34,False
1572,CAND-01325,COC(=O)c1c(Cl)ncn1CCN([C@]1(C(=O)O)C[C@H]1c1ccccc1)S(=O)(=O)c1ccc(-c2ccc(Cl)cc2)cc1,0.2531818976717058,6.694688590860763,0.4689948808868693,0.589553749747918,1.0,0.2395545163332565,2,0.5,-2.653329699999998,0,0.7466666666666667,False,COC(=O)c1c(Cl)ncn1CCN([C@]1(C(=O)O)C[C@H]1c1ccccc1)S(=O)(=O)c1ccc(-c2ccc(Cl)cc2)cc1,6.96,6.17,0.79,False,3.64,614.5,5.35,1,7,118.8,10,False,True,0.281,False
1573,CAND-01003,O=C(O)[C@@]1(N(CCc2cccnc2)S(=O)(=O)c2ccc(-c3ccc(Cl)cc3)c(C(F)(F)F)c2)C[C@H]1c1ccccc1,0.2529592704476358,6.706689773380016,0.4726570634298861,0.804208403517095,1.0,0.2319666972677616,2,0.5,-1.6341595999999985,0,0.7857142857142857,False,O=C(O)[C@@]1(N(CCc2cccnc2)S(=O)(=O)c2ccc(-c3ccc(Cl)cc3)c(C(F)(F)F)c2)C[C@H]1c1ccccc1,6.53,6.09,0.44,False,3.54,601.0,6.67,1,4,87.6,9,False,True,0.535,False
1574,CAND-00999,O=C(O)[C@@]1(N(CCc2cncc(C(F)(F)F)c2)S(=O)(=O)c2ccc(-c3ccc(Cl)cc3)cc2)C[C@H]1c1ccccc1,0.2529592704476358,6.706689773380016,0.4726570634298861,0.8042084035170951,1.0,0.2319666972677616,2,0.5,-1.634159599999998,0,0.7391304347826086,False,O=C(O)[C@@]1(N(CCc2cncc(C(F)(F)F)c2)S(=O)(=O)c2ccc(-c3ccc(Cl)cc3)cc2)C[C@H]1c1ccccc1,6.62,6.23,0.39,False,3.51,601.0,6.67,1,4,87.6,9,False,True,0.534,False
1575,CAND-01007,O=C(O)[C@@]1(N(CCc2cccnc2)S(=O)(=O)c2ccc(-c3ccc(Cl)cc3)cc2)C[C@H]1c1cccc(C(F)(F)F)c1,0.2529592704476358,6.706689773380016,0.4726570634298861,0.8042084035170948,1.0,0.2319666972677616,2,0.5,-1.6341595999999994,0,0.7971014492753623,False,O=C(O)[C@@]1(N(CCc2cccnc2)S(=O)(=O)c2ccc(-c3ccc(Cl)cc3)cc2)C[C@H]1c1cccc(C(F)(F)F)c1,6.57,6.23,0.34,False,3.49,601.0,6.67,1,4,87.6,9,False,True,0.548,False
1576,CAND-01004,O=C(O)[C@@]1(N(CCc2cccnc2)S(=O)(=O)c2ccc(-c3ccc(Cl)cc3C(F)(F)F)cc2)C[C@H]1c1ccccc1,0.2529592704476358,6.706689773380016,0.4726570634298861,0.804208403517095,1.0,0.2319666972677616,2,0.5,-1.6341595999999985,0,0.7857142857142857,False,O=C(O)[C@@]1(N(CCc2cccnc2)S(=O)(=O)c2ccc(-c3ccc(Cl)cc3C(F)(F)F)cc2)C[C@H]1c1ccccc1,6.54,6.18,0.36,False,3.54,601.0,6.67,1,4,87.6,9,False,True,0.558,False
1577,CAND-01002,O=C(O)[C@@]1(N(CCc2cccnc2)S(=O)(=O)c2ccc(-c3ccc(Cl)cc3)cc2C(F)(F)F)C[C@H]1c1ccccc1,0.2529592704476358,6.706689773380016,0.4726570634298861,0.804208403517095,1.0,0.2319666972677616,2,0.5,-1.6341595999999985,0,0.7571428571428571,False,O=C(O)[C@@]1(N(CCc2cccnc2)S(=O)(=O)c2ccc(-c3ccc(Cl)cc3)cc2C(F)(F)F)C[C@H]1c1ccccc1,6.54,6.07,0.47,False,3.58,601.0,6.67,1,4,87.6,9,False,True,0.528,False
1578,CAND-01353,COC(=O)c1cnc(O)n1CCN([C@]1(C(=O)O)C[C@H]1c1ccccc1)S(=O)(=O)c1ccc(-c2ccc(Cl)cc2)cc1,0.2529383554053531,6.6566582139870185,0.4573898426276851,0.4715202605754797,1.0,0.2572726316562119,2,0.5,-3.2137470999999995,0,0.7368421052631579,False,COC(=O)c1cnc(O)n1CCN([C@]1(C(=O)O)C[C@H]1c1ccccc1)S(=O)(=O)c1ccc(-c2ccc(Cl)cc2)cc1,6.89,5.93,0.96,False,3.7,596.1,4.4,2,8,139.0,10,True,True,0.442,False
1579,CAND-01369,COC(=O)c1cncn1CCN([C@]1(C(=O)O)C[C@H]1c1ccccc1)S(=O)(=O)c1ccc(-c2ccc(Cl)c(C(F)(F)F)c2)cc1,0.252925581868851,6.731555710676423,0.4802449491516944,0.6010885744960591,1.0,0.2190956305395159,2,0.5,-2.5985628999999992,0,0.7848101265822784,False,COC(=O)c1cncn1CCN([C@]1(C(=O)O)C[C@H]1c1ccccc1)S(=O)(=O)c1ccc(-c2ccc(Cl)c(C(F)(F)F)c2)cc1,6.75,6.0,0.75,False,3.81,648.1,5.71,1,7,118.8,10,False,True,0.709,False
1580,CAND-00952,O=C(O)[C@@]1(N(CCc2cccnc2)S(=O)(=O)c2ccc(-c3ccc(Cl)cc3)cc2)C[C@H]1c1cccc(F)c1,0.2529035419053768,6.601523025691784,0.4405652402389758,0.7369069088201702,1.0,0.285081545637552,2,0.5,-1.9537039,0,0.8333333333333334,False,O=C(O)[C@@]1(N(CCc2cccnc2)S(=O)(=O)c2ccc(-c3ccc(Cl)cc3)cc2)C[C@H]1c1cccc(F)c1,6.79,6.24,0.55,False,3.37,551.0,5.79,1,4,87.6,9,False,True,0.656,False
1581,CAND-00947,O=C(O)[C@@]1(N(CCc2cccnc2)S(=O)(=O)c2ccc(-c3ccc(Cl)cc3)cc2F)C[C@H]1c1ccccc1,0.2529035419053768,6.601523025691784,0.4405652402389758,0.7369069088201704,1.0,0.285081545637552,2,0.5,-1.953703899999999,0,0.7794117647058824,False,O=C(O)[C@@]1(N(CCc2cccnc2)S(=O)(=O)c2ccc(-c3ccc(Cl)cc3)cc2F)C[C@H]1c1ccccc1,6.75,6.15,0.6,False,3.44,551.0,5.79,1,4,87.6,9,False,True,0.649,False
1582,CAND-00949,O=C(O)[C@@]1(N(CCc2cccnc2)S(=O)(=O)c2ccc(-c3ccc(Cl)cc3F)cc2)C[C@H]1c1ccccc1,0.2529035419053768,6.601523025691784,0.4405652402389758,0.7369069088201704,1.0,0.285081545637552,2,0.5,-1.953703899999999,0,0.8208955223880597,False,O=C(O)[C@@]1(N(CCc2cccnc2)S(=O)(=O)c2ccc(-c3ccc(Cl)cc3F)cc2)C[C@H]1c1ccccc1,6.76,6.23,0.53,False,3.4,551.0,5.79,1,4,87.6,9,False,True,0.662,False
1583,CAND-00944,O=C(O)[C@@]1(N(CCc2cncc(F)c2)S(=O)(=O)c2ccc(-c3ccc(Cl)cc3)cc2)C[C@H]1c1ccccc1,0.2529035419053768,6.601523025691784,0.4405652402389758,0.7369069088201704,1.0,0.285081545637552,2,0.5,-1.953703899999999,0,0.7727272727272727,False,O=C(O)[C@@]1(N(CCc2cncc(F)c2)S(=O)(=O)c2ccc(-c3ccc(Cl)cc3)cc2)C[C@H]1c1ccccc1,6.83,6.26,0.57,False,3.41,551.0,5.79,1,4,87.6,9,False,True,0.638,False
1584,CAND-00948,O=C(O)[C@@]1(N(CCc2cccnc2)S(=O)(=O)c2ccc(-c3ccc(Cl)cc3)c(F)c2)C[C@H]1c1ccccc1,0.2529035419053768,6.601523025691784,0.4405652402389758,0.7369069088201704,1.0,0.285081545637552,2,0.5,-1.953703899999999,0,0.8208955223880597,False,O=C(O)[C@@]1(N(CCc2cccnc2)S(=O)(=O)c2ccc(-c3ccc(Cl)cc3)c(F)c2)C[C@H]1c1ccccc1,6.76,6.15,0.61,False,3.4,551.0,5.79,1,4,87.6,9,False,True,0.647,False
1585,CAND-00890,Cc1cc(S(=O)(=O)N(CCN2C(=O)CCC2=O)[C@]2(C(=O)O)C[C@H]2c2ccccc2)ccc1-c1ccc(Cl)cc1,0.2527160097956456,6.735048230767802,0.4813106979718017,0.5190222101000378,0.75,0.382588902017968,2,0.5,-2.9882101,1,0.8125,False,Cc1cc(S(=O)(=O)N(CCN2C(=O)CCC2=O)[C@]2(C(=O)O)C[C@H]2c2ccccc2)ccc1-c1ccc(Cl)cc1,6.71,5.97,0.74,False,3.51,567.1,4.47,1,5,112.1,9,True,True,0.453,False
1586,CAND-01043,COc1cc(Cl)cc(Cl)c1COc1ccc(S(=O)(=O)N2C[C@H](O)CC(C)(C)[C@@H]2C(=O)NO)cc1,0.2524782098459667,7.086905098963407,0.5886804574333689,0.3783725511154542,0.5,0.3687206365841631,2,0.5,-3.6560080000000017,2,0.7428571428571429,True,COc1cc(Cl)cc(Cl)c1COc1ccc(S(=O)(=O)N2C[C@H](O)CC(C)(C)[C@@H]2C(=O)NO)cc1,7.79,8.21,-0.42,False,3.55,533.4,3.24,3,7,125.4,7,True,True,1.042,False
1587,CAND-00973,Cc1ccccc1[C@@H]1C[C@@]1(C(=O)O)N(CCc1cccnc1)S(=O)(=O)c1ccc(-c2ccc(Cl)cc2)cc1,0.2524232791658644,6.605330860372229,0.4417272078760023,0.7673182282257461,1.0,0.2799431813124255,2,0.5,-1.809312399999997,0,0.803030303030303,False,Cc1ccccc1[C@@H]1C[C@@]1(C(=O)O)N(CCc1cccnc1)S(=O)(=O)c1ccc(-c2ccc(Cl)cc2)cc1,6.47,6.22,0.25,False,3.38,547.1,5.95,1,4,87.6,9,False,True,0.436,False
1588,CAND-01770,N#Cc1cc(S(=O)(=O)N(CCn2nccn2)[C@]2(C(=O)O)C[C@H]2c2ccccc2)ccc1-c1ccc(Cl)cc1,0.2523965896235762,6.501343137559946,0.4099951662575792,0.4995126425548696,1.0,0.3326519870612094,2,0.5,-3.0808406,0,0.7727272727272727,False,N#Cc1cc(S(=O)(=O)N(CCn2nccn2)[C@]2(C(=O)O)C[C@H]2c2ccccc2)ccc1-c1ccc(Cl)cc1,6.59,5.75,0.84,False,3.73,548.0,4.17,1,7,129.2,9,True,True,0.391,False
1589,CAND-01771,N#Cc1cc(Cl)ccc1-c1ccc(S(=O)(=O)N(CCn2nccn2)[C@]2(C(=O)O)C[C@H]2c2ccccc2)cc1,0.2523965896235762,6.501343137559946,0.4099951662575792,0.4995126425548695,1.0,0.332651987061209,2,0.5,-3.0808406000000006,0,0.7727272727272727,False,N#Cc1cc(Cl)ccc1-c1ccc(S(=O)(=O)N(CCn2nccn2)[C@]2(C(=O)O)C[C@H]2c2ccccc2)cc1,6.61,5.88,0.73,False,3.73,548.0,4.17,1,7,129.2,9,True,True,0.44,False
1590,CAND-01769,N#Cc1cc(-c2ccc(Cl)cc2)ccc1S(=O)(=O)N(CCn1nccn1)[C@]1(C(=O)O)C[C@H]1c1ccccc1,0.2523965896235762,6.501343137559946,0.4099951662575792,0.4995126425548694,1.0,0.332651987061209,2,0.5,-3.080840600000001,0,0.7313432835820896,False,N#Cc1cc(-c2ccc(Cl)cc2)ccc1S(=O)(=O)N(CCn1nccn1)[C@]1(C(=O)O)C[C@H]1c1ccccc1,6.61,5.76,0.85,False,3.77,548.0,4.17,1,7,129.2,9,True,True,0.375,False
1591,CAND-01005,O=C(O)[C@@]1(N(CCc2cccnc2)S(=O)(=O)c2ccc(-c3ccc(Cl)c(C(F)(F)F)c3)cc2)C[C@H]1c1ccccc1,0.2523599796728542,6.698834132230754,0.4702599003307599,0.804208403517095,1.0,0.2319666972677616,2,0.5,-1.6341595999999985,0,0.782608695652174,False,O=C(O)[C@@]1(N(CCc2cccnc2)S(=O)(=O)c2ccc(-c3ccc(Cl)c(C(F)(F)F)c3)cc2)C[C@H]1c1ccccc1,6.49,6.16,0.33,False,3.52,601.0,6.67,1,4,87.6,9,False,True,0.642,False
1592,CAND-00950,O=C(O)[C@@]1(N(CCc2cccnc2)S(=O)(=O)c2ccc(-c3ccc(Cl)c(F)c3)cc2)C[C@H]1c1ccccc1,0.2523042511305952,6.593667384542522,0.4381680771398495,0.7369069088201704,1.0,0.285081545637552,2,0.5,-1.953703899999999,0,0.8059701492537313,False,O=C(O)[C@@]1(N(CCc2cccnc2)S(=O)(=O)c2ccc(-c3ccc(Cl)c(F)c3)cc2)C[C@H]1c1ccccc1,6.74,6.21,0.53,False,3.4,551.0,5.79,1,4,87.6,9,False,True,0.716,False
1593,CAND-01379,O=C(OCF)c1cncn1CCN([C@]1(C(=O)O)C[C@H]1c1ccccc1)S(=O)(=O)c1ccc(-c2ccc(Cl)cc2)cc1,0.2519163263695909,6.673324268443245,0.4624755192760195,0.5574290602106908,1.0,0.2419829770039064,2,0.5,-2.8058562,0,0.821917808219178,False,O=C(OCF)c1cncn1CCN([C@]1(C(=O)O)C[C@H]1c1ccccc1)S(=O)(=O)c1ccc(-c2ccc(Cl)cc2)cc1,6.68,6.04,0.64,False,3.77,598.1,4.99,1,7,118.8,11,True,False,0.469,False
1594,CAND-00532,COc1c(OCc2ccc(Cl)cc2)ccc(/C=C2/SC(=S)NC2=O)c1C#N,0.251877444576704,5.342877680759034,0.0564873376933213,0.6853233262127201,0.25,0.5787792524334777,1,1.0,-2.198620299999999,3,0.625,False,COc1c(OCc2ccc(Cl)cc2)ccc(/C=C2/SC(=S)NC2=O)c1C#N,5.35,5.4,-0.05,False,2.64,416.9,4.29,1,6,71.3,5,True,True,0.373,False
1595,CAND-01772,N#Cc1cc(-c2ccc(S(=O)(=O)N(CCn3nccn3)[C@]3(C(=O)O)C[C@H]3c3ccccc3)cc2)ccc1Cl,0.2517972988487946,6.493487496410684,0.4075980031584529,0.4995126425548698,1.0,0.3326519870612094,2,0.5,-3.0808406,0,0.7575757575757576,False,N#Cc1cc(-c2ccc(S(=O)(=O)N(CCn3nccn3)[C@]3(C(=O)O)C[C@H]3c3ccccc3)cc2)ccc1Cl,6.49,5.85,0.64,False,3.73,548.0,4.17,1,7,129.2,9,True,True,0.575,False
1596,CAND-01365,COC(=O)c1cncn1CCN([C@]1(C(=O)O)C[C@H]1c1ccc(C(F)(F)F)cc1)S(=O)(=O)c1ccc(-c2ccc(Cl)cc2)cc1,0.2517425221151429,6.716047891643747,0.4755127101368622,0.6010885744960596,1.0,0.2190956305395159,2,0.5,-2.598562899999997,0,0.8266666666666667,False,COC(=O)c1cncn1CCN([C@]1(C(=O)O)C[C@H]1c1ccc(C(F)(F)F)cc1)S(=O)(=O)c1ccc(-c2ccc(Cl)cc2)cc1,6.82,6.02,0.8,False,3.76,648.1,5.71,1,7,118.8,10,False,True,0.547,False
1597,CAND-01354,COC(=O)c1cncn1CCN([C@]1(C(=O)O)C[C@H]1c1ccccc1O)S(=O)(=O)c1ccc(-c2ccc(Cl)cc2)cc1,0.251518958922666,6.638052438817898,0.4517122566969369,0.4715202605754795,1.0,0.2572726316562119,2,0.5,-3.2137471000000004,0,0.8243243243243243,False,COC(=O)c1cncn1CCN([C@]1(C(=O)O)C[C@H]1c1ccccc1O)S(=O)(=O)c1ccc(-c2ccc(Cl)cc2)cc1,6.76,5.91,0.85,False,3.73,596.1,4.4,2,8,139.0,10,True,True,0.474,False
1598,CAND-01775,N#Cc1ccc([C@@H]2C[C@@]2(C(=O)O)N(CCn2nccn2)S(=O)(=O)c2ccc(-c3ccc(Cl)cc3)cc2)cc1,0.2515021885954597,6.489619123415101,0.406417562145113,0.4995126425548697,1.0,0.3326519870612094,2,0.5,-3.0808406,0,0.8064516129032258,False,N#Cc1ccc([C@@H]2C[C@@]2(C(=O)O)N(CCn2nccn2)S(=O)(=O)c2ccc(-c3ccc(Cl)cc3)cc2)cc1,6.55,5.87,0.68,False,3.66,548.0,4.17,1,7,129.2,9,True,True,0.298,False
1599,CAND-01768,N#Cc1cnn(CCN([C@]2(C(=O)O)C[C@H]2c2ccccc2)S(=O)(=O)c2ccc(-c3ccc(Cl)cc3)cc2)n1,0.2515021885954597,6.489619123415101,0.406417562145113,0.4995126425548697,1.0,0.3326519870612094,2,0.5,-3.0808406,0,0.7538461538461538,False,N#Cc1cnn(CCN([C@]2(C(=O)O)C[C@H]2c2ccccc2)S(=O)(=O)c2ccc(-c3ccc(Cl)cc3)cc2)n1,6.56,5.87,0.69,False,3.73,548.0,4.17,1,7,129.2,9,True,True,0.325,False
1600,CAND-01336,COC(=O)c1cncn1CCN([C@]1(C(=O)O)C[C@H]1c1ccccc1C)S(=O)(=O)c1ccc(-c2ccc(Cl)cc2)cc1,0.2514796146692465,6.638052438817898,0.4517122566969369,0.5641983992047097,1.0,0.2570103366334152,2,0.5,-2.7737157,0,0.8243243243243243,False,COC(=O)c1cncn1CCN([C@]1(C(=O)O)C[C@H]1c1ccccc1C)S(=O)(=O)c1ccc(-c2ccc(Cl)cc2)cc1,6.8,6.09,0.71,False,3.68,594.1,5.0,1,7,118.8,10,True,True,0.368,False
1601,CAND-00996,O=C(O)[C@@]1(N(CCc2cccnc2)S(=O)(=O)c2ccc(-c3ccc(Cl)cc3)cc2)C[C@H]1c1cccc(O)c1,0.2514583585039177,6.5695192758717,0.4307992381209206,0.6746400895965156,1.0,0.2917236598245835,2,0.5,-2.2493437999999992,0,0.8461538461538461,False,O=C(O)[C@@]1(N(CCc2cccnc2)S(=O)(=O)c2ccc(-c3ccc(Cl)cc3)cc2)C[C@H]1c1cccc(O)c1,6.6,6.31,0.29,False,3.41,549.0,5.35,2,5,107.8,9,False,True,0.411,False
1602,CAND-00988,O=C(O)[C@@]1(N(CCc2cncc(O)c2)S(=O)(=O)c2ccc(-c3ccc(Cl)cc3)cc2)C[C@H]1c1ccccc1,0.2514583585039177,6.5695192758717,0.4307992381209206,0.6746400895965154,1.0,0.2917236598245836,2,0.5,-2.2493438,0,0.7846153846153846,False,O=C(O)[C@@]1(N(CCc2cncc(O)c2)S(=O)(=O)c2ccc(-c3ccc(Cl)cc3)cc2)C[C@H]1c1ccccc1,6.65,6.34,0.31,False,3.44,549.0,5.35,2,5,107.8,9,False,True,0.411,False
1603,CAND-00991,O=C(O)[C@@]1(N(CCc2cccnc2)S(=O)(=O)c2ccc(-c3ccc(Cl)cc3)cc2O)C[C@H]1c1ccccc1,0.2514583585039177,6.5695192758717,0.4307992381209206,0.6746400895965156,1.0,0.2917236598245835,2,0.5,-2.2493437999999992,0,0.7910447761194029,False,O=C(O)[C@@]1(N(CCc2cccnc2)S(=O)(=O)c2ccc(-c3ccc(Cl)cc3)cc2O)C[C@H]1c1ccccc1,6.6,6.19,0.41,False,3.52,549.0,5.35,2,5,107.8,9,False,True,0.402,False
1604,CAND-00992,O=C(O)[C@@]1(N(CCc2cccnc2)S(=O)(=O)c2ccc(-c3ccc(Cl)cc3)c(O)c2)C[C@H]1c1ccccc1,0.2514583585039177,6.5695192758717,0.4307992381209206,0.6746400895965156,1.0,0.2917236598245835,2,0.5,-2.2493437999999992,0,0.8461538461538461,False,O=C(O)[C@@]1(N(CCc2cccnc2)S(=O)(=O)c2ccc(-c3ccc(Cl)cc3)c(O)c2)C[C@H]1c1ccccc1,6.59,6.19,0.4,False,3.45,549.0,5.35,2,5,107.8,9,False,True,0.404,False
1605,CAND-00993,O=C(O)[C@@]1(N(CCc2cccnc2)S(=O)(=O)c2ccc(-c3ccc(Cl)cc3O)cc2)C[C@H]1c1ccccc1,0.2514583585039177,6.5695192758717,0.4307992381209206,0.6746400895965156,1.0,0.2917236598245835,2,0.5,-2.2493437999999992,0,0.8461538461538461,False,O=C(O)[C@@]1(N(CCc2cccnc2)S(=O)(=O)c2ccc(-c3ccc(Cl)cc3O)cc2)C[C@H]1c1ccccc1,6.61,6.26,0.35,False,3.45,549.0,5.35,2,5,107.8,9,False,True,0.438,False
1606,CAND-01018,N#Cc1cccc([C@@H]2C[C@@]2(C(=O)O)N(CCc2cccnc2)S(=O)(=O)c2ccc(-c3ccc(Cl)cc3)cc2)c1,0.2511981490963414,6.5695192758717,0.4307992381209206,0.6878983730355349,1.0,0.289988930440742,2,0.5,-2.1863940999999985,0,0.7971014492753623,False,N#Cc1cccc([C@@H]2C[C@@]2(C(=O)O)N(CCc2cccnc2)S(=O)(=O)c2ccc(-c3ccc(Cl)cc3)cc2)c1,6.6,6.23,0.37,False,3.47,558.1,5.52,1,5,111.4,9,False,True,0.394,False
1607,CAND-01010,N#Cc1cncc(CCN([C@]2(C(=O)O)C[C@H]2c2ccccc2)S(=O)(=O)c2ccc(-c3ccc(Cl)cc3)cc2)c1,0.2511981490963414,6.5695192758717,0.4307992381209206,0.6878983730355349,1.0,0.289988930440742,2,0.5,-2.1863940999999985,0,0.7391304347826086,False,N#Cc1cncc(CCN([C@]2(C(=O)O)C[C@H]2c2ccccc2)S(=O)(=O)c2ccc(-c3ccc(Cl)cc3)cc2)c1,6.64,6.27,0.37,False,3.49,558.1,5.52,1,5,111.4,9,False,True,0.389,False
1608,CAND-00984,COc1ccccc1[C@@H]1C[C@@]1(C(=O)O)N(CCc1cccnc1)S(=O)(=O)c1ccc(-c2ccc(Cl)cc2)cc1,0.2511111599184558,6.611631370690822,0.4436498199905863,0.7019287577118771,1.0,0.2679913661387281,2,0.5,-2.1197784999999976,0,0.7681159420289855,False,COc1ccccc1[C@@H]1C[C@@]1(C(=O)O)N(CCc1cccnc1)S(=O)(=O)c1ccc(-c2ccc(Cl)cc2)cc1,6.67,6.19,0.48,False,3.39,563.1,5.65,1,5,96.8,10,False,True,0.445,False
1609,CAND-00994,O=C(O)[C@@]1(N(CCc2cccnc2)S(=O)(=O)c2ccc(-c3ccc(Cl)c(O)c3)cc2)C[C@H]1c1ccccc1,0.2508590677291361,6.561663634722438,0.4284020750217943,0.6746400895965154,1.0,0.2917236598245836,2,0.5,-2.2493438,0,0.8181818181818182,False,O=C(O)[C@@]1(N(CCc2cccnc2)S(=O)(=O)c2ccc(-c3ccc(Cl)c(O)c3)cc2)C[C@H]1c1ccccc1,6.51,6.25,0.26,False,3.44,549.0,5.35,2,5,107.8,9,False,True,0.606,False
1610,CAND-01765,O=C(O)[C@@]1(N(CCn2nccn2)S(=O)(=O)c2ccc(-c3ccc(Cl)cc3)cc2)C[C@H]1c1ccccc1C(F)(F)F,0.2508299415951684,6.578657739526635,0.4335878568269029,0.6158226730364297,1.0,0.2828865159229511,2,0.5,-2.5286061,0,0.7538461538461538,False,O=C(O)[C@@]1(N(CCn2nccn2)S(=O)(=O)c2ccc(-c3ccc(Cl)cc3)cc2)C[C@H]1c1ccccc1C(F)(F)F,6.66,6.01,0.65,False,3.76,591.0,5.32,1,6,105.4,9,False,True,0.454,False
1611,CAND-01038,Cc1cc(Cl)cc(Cl)c1COc1ccc(S(=O)(=O)N2C[C@H](O)CC(C)(C)[C@@H]2C(=O)NO)cc1,0.2504422956379017,7.000751347728503,0.5623904844843092,0.4437620216293229,0.5,0.3989644967788292,2,0.5,-3.345541900000002,2,0.7647058823529411,True,Cc1cc(Cl)cc(Cl)c1COc1ccc(S(=O)(=O)N2C[C@H](O)CC(C)(C)[C@@H]2C(=O)NO)cc1,7.73,8.24,-0.51,False,3.55,517.4,3.54,3,6,116.2,6,True,True,1.098,False
1612,CAND-00943,O=C(O)[C@@]1(N(CCc2cnccc2F)S(=O)(=O)c2ccc(-c3ccc(Cl)cc3)cc2)C[C@H]1c1ccccc1,0.2502916578691154,6.567285849723518,0.4301177040939304,0.7369069088201704,1.0,0.285081545637552,2,0.5,-1.953703899999999,0,0.746268656716418,False,O=C(O)[C@@]1(N(CCc2cnccc2F)S(=O)(=O)c2ccc(-c3ccc(Cl)cc3)cc2)C[C@H]1c1ccccc1,6.69,6.18,0.51,False,3.45,551.0,5.79,1,4,87.6,9,False,True,0.636,False
1613,CAND-01326,COC(=O)c1cnc(Cl)n1CCN([C@]1(C(=O)O)C[C@H]1c1ccccc1)S(=O)(=O)c1ccc(-c2ccc(Cl)cc2)cc1,0.2502806381069097,6.6566582139870185,0.4573898426276851,0.589553749747918,1.0,0.2395545163332565,2,0.5,-2.653329699999998,0,0.7466666666666667,False,COC(=O)c1cnc(Cl)n1CCN([C@]1(C(=O)O)C[C@H]1c1ccccc1)S(=O)(=O)c1ccc(-c2ccc(Cl)cc2)cc1,6.94,6.0,0.94,False,3.66,614.5,5.35,1,7,118.8,10,False,True,0.326,False
1614,CAND-01361,COC(=O)c1c(C(F)(F)F)ncn1CCN([C@]1(C(=O)O)C[C@H]1c1ccccc1)S(=O)(=O)c1ccc(-c2ccc(Cl)cc2)cc1,0.2501130648026447,6.694688590860763,0.4689948808868693,0.6010885744960593,1.0,0.2190956305395159,2,0.5,-2.598562899999998,0,0.7,False,COC(=O)c1c(C(F)(F)F)ncn1CCN([C@]1(C(=O)O)C[C@H]1c1ccccc1)S(=O)(=O)c1ccc(-c2ccc(Cl)cc2)cc1,6.95,6.12,0.83,False,3.78,648.1,5.71,1,7,118.8,10,False,True,0.497,False
1615,CAND-01346,COC(=O)c1cncn1CCN([C@]1(C(=O)O)C[C@H]1c1cccc(OC)c1)S(=O)(=O)c1ccc(-c2ccc(Cl)cc2)cc1,0.2500132852576981,6.647532229604581,0.4546050319942668,0.498808928690841,1.0,0.2424135150608762,2,0.5,-3.084181799999999,0,0.84,False,COC(=O)c1cncn1CCN([C@]1(C(=O)O)C[C@H]1c1cccc(OC)c1)S(=O)(=O)c1ccc(-c2ccc(Cl)cc2)cc1,6.8,6.01,0.79,False,3.66,610.1,4.7,1,8,128.0,11,True,False,0.477,False
1616,CAND-01383,COc1ccc(Oc2cccc(/C=C3/SC(=S)NC3=O)c2)c(OC)c1,0.2497335277588547,5.224463902401511,0.020353159144007,0.6958170706214942,0.25,0.6318564939561707,1,1.0,-2.1487964999999987,3,0.78,False,COc1ccc(Oc2cccc(/C=C3/SC(=S)NC3=O)c2)c(OC)c1,5.12,5.47,-0.35,False,2.25,373.5,3.98,1,6,56.8,5,True,True,0.341,False
1617,CAND-01001,O=C(O)[C@@]1(N(CCc2cccnc2C(F)(F)F)S(=O)(=O)c2ccc(-c3ccc(Cl)cc3)cc2)C[C@H]1c1ccccc1,0.2495474626066479,6.661967012415095,0.4590098320659347,0.8042084035170951,1.0,0.2319666972677616,2,0.5,-1.634159599999998,0,0.7101449275362319,False,O=C(O)[C@@]1(N(CCc2cccnc2C(F)(F)F)S(=O)(=O)c2ccc(-c3ccc(Cl)cc3)cc2)C[C@H]1c1ccccc1,6.51,6.13,0.38,False,3.58,601.0,6.67,1,4,87.6,9,False,True,0.615,False
1618,CAND-00998,O=C(O)[C@@]1(N(CCc2cnccc2C(F)(F)F)S(=O)(=O)c2ccc(-c3ccc(Cl)cc3)cc2)C[C@H]1c1ccccc1,0.2495474626066479,6.661967012415095,0.4590098320659347,0.8042084035170951,1.0,0.2319666972677616,2,0.5,-1.634159599999998,0,0.7142857142857143,False,O=C(O)[C@@]1(N(CCc2cnccc2C(F)(F)F)S(=O)(=O)c2ccc(-c3ccc(Cl)cc3)cc2)C[C@H]1c1ccccc1,6.49,6.09,0.4,False,3.55,601.0,6.67,1,4,87.6,9,False,True,0.538,False
1619,CAND-01000,O=C(O)[C@@]1(N(CCc2ccc(C(F)(F)F)nc2)S(=O)(=O)c2ccc(-c3ccc(Cl)cc3)cc2)C[C@H]1c1ccccc1,0.2495474626066479,6.661967012415095,0.4590098320659347,0.8042084035170951,1.0,0.2319666972677616,2,0.5,-1.634159599999998,0,0.746268656716418,False,O=C(O)[C@@]1(N(CCc2ccc(C(F)(F)F)nc2)S(=O)(=O)c2ccc(-c3ccc(Cl)cc3)cc2)C[C@H]1c1ccccc1,6.53,6.21,0.32,False,3.5,601.0,6.67,1,4,87.6,9,False,True,0.532,False
1620,CAND-00509,COc1cc(/C=C2/SC(=S)NC2=O)cc(Cl)c1OCc1ccc(Cl)cc1,0.2495223592834436,5.414442992803136,0.0783256220484688,0.7900985319461387,0.25,0.5345318275306974,1,1.0,-1.7011526,3,0.7543859649122807,False,COc1cc(/C=C2/SC(=S)NC2=O)cc(Cl)c1OCc1ccc(Cl)cc1,5.44,5.38,0.06,False,2.32,426.3,5.07,1,5,47.6,5,True,True,0.331,False
1621,CAND-00953,O=C(O)[C@@]1(N(CCc2cccnc2)S(=O)(=O)c2ccc(-c3ccc(Cl)cc3)cc2)C[C@H]1c1ccc(F)cc1,0.2494917340643889,6.556800264726863,0.4269180088750244,0.7369069088201702,1.0,0.285081545637552,2,0.5,-1.9537039,0,0.873015873015873,False,O=C(O)[C@@]1(N(CCc2cccnc2)S(=O)(=O)c2ccc(-c3ccc(Cl)cc3)cc2)C[C@H]1c1ccc(F)cc1,6.7,6.21,0.49,False,3.34,551.0,5.79,1,4,87.6,9,False,True,0.617,False
1622,CAND-01372,COC(=O)c1cncn1CCN([C@]1(C(=O)O)C[C@H]1c1ccccc1C#N)S(=O)(=O)c1ccc(-c2ccc(Cl)cc2)cc1,0.2493375219235935,6.6050536919978216,0.4416426294454516,0.4847785440144989,1.0,0.2595124304148709,2,0.5,-3.1507974,0,0.782051282051282,False,COC(=O)c1cncn1CCN([C@]1(C(=O)O)C[C@H]1c1ccccc1C#N)S(=O)(=O)c1ccc(-c2ccc(Cl)cc2)cc1,6.76,5.94,0.82,False,3.81,605.1,4.56,1,8,142.6,10,True,False,0.471,False
1623,CAND-01345,COC(=O)c1cncn1CCN([C@]1(C(=O)O)C[C@H]1c1ccccc1OC)S(=O)(=O)c1ccc(-c2ccc(Cl)cc2)cc1,0.2492900914333656,6.638052438817898,0.4517122566969369,0.498808928690841,1.0,0.2424135150608762,2,0.5,-3.084181799999999,0,0.8133333333333334,False,COC(=O)c1cncn1CCN([C@]1(C(=O)O)C[C@H]1c1ccccc1OC)S(=O)(=O)c1ccc(-c2ccc(Cl)cc2)cc1,6.8,5.96,0.84,False,3.68,610.1,4.7,1,8,128.0,11,True,False,0.433,False
1624,CAND-01327,COC(=O)c1cncn1CCN([C@]1(C(=O)O)C[C@H]1c1ccccc1Cl)S(=O)(=O)c1ccc(-c2ccc(Cl)cc2)cc1,0.2488612416242226,6.638052438817898,0.4517122566969369,0.5895537497479177,1.0,0.2395545163332565,2,0.5,-2.6533296999999987,0,0.8356164383561644,False,COC(=O)c1cncn1CCN([C@]1(C(=O)O)C[C@H]1c1ccccc1Cl)S(=O)(=O)c1ccc(-c2ccc(Cl)cc2)cc1,6.81,6.06,0.75,False,3.69,614.5,5.35,1,7,118.8,10,False,True,0.392,False
1625,CAND-01013,N#Cc1cc(-c2ccc(Cl)cc2)ccc1S(=O)(=O)N(CCc1cccnc1)[C@]1(C(=O)O)C[C@H]1c1ccccc1,0.2486807422834701,6.536520529051624,0.4207296108694353,0.6878983730355346,1.0,0.289988930440742,2,0.5,-2.1863941,0,0.7464788732394366,False,N#Cc1cc(-c2ccc(Cl)cc2)ccc1S(=O)(=O)N(CCc1cccnc1)[C@]1(C(=O)O)C[C@H]1c1ccccc1,6.59,6.16,0.43,False,3.55,558.1,5.52,1,5,111.4,9,False,True,0.392,False
1626,CAND-01014,N#Cc1cc(S(=O)(=O)N(CCc2cccnc2)[C@]2(C(=O)O)C[C@H]2c2ccccc2)ccc1-c1ccc(Cl)cc1,0.2486807422834701,6.536520529051624,0.4207296108694353,0.6878983730355348,1.0,0.289988930440742,2,0.5,-2.186394099999999,0,0.7857142857142857,False,N#Cc1cc(S(=O)(=O)N(CCc2cccnc2)[C@]2(C(=O)O)C[C@H]2c2ccccc2)ccc1-c1ccc(Cl)cc1,6.57,6.17,0.4,False,3.51,558.1,5.52,1,5,111.4,9,False,True,0.396,False
1627,CAND-01015,N#Cc1cc(Cl)ccc1-c1ccc(S(=O)(=O)N(CCc2cccnc2)[C@]2(C(=O)O)C[C@H]2c2ccccc2)cc1,0.2486807422834701,6.536520529051624,0.4207296108694353,0.6878983730355347,1.0,0.289988930440742,2,0.5,-2.1863941,0,0.7857142857142857,False,N#Cc1cc(Cl)ccc1-c1ccc(S(=O)(=O)N(CCc2cccnc2)[C@]2(C(=O)O)C[C@H]2c2ccccc2)cc1,6.59,6.25,0.34,False,3.51,558.1,5.52,1,5,111.4,9,False,True,0.429,False
1628,CAND-00891,Cc1cc(Cl)ccc1-c1ccc(S(=O)(=O)N(CCN2C(=O)CCC2=O)[C@]2(C(=O)O)C[C@H]2c2ccccc2)cc1,0.2485177633978919,6.680016652534422,0.4645177123807868,0.5190222101000377,0.75,0.382588902017968,2,0.5,-2.9882101000000003,1,0.8253968253968254,False,Cc1cc(Cl)ccc1-c1ccc(S(=O)(=O)N(CCN2C(=O)CCC2=O)[C@]2(C(=O)O)C[C@H]2c2ccccc2)cc1,6.72,6.1,0.62,False,3.5,567.1,4.47,1,5,112.1,9,True,True,0.497,False
1629,CAND-00887,Cc1cccc([C@@H]2C[C@@]2(C(=O)O)N(CCN2C(=O)CCC2=O)S(=O)(=O)c2ccc(-c3ccc(Cl)cc3)cc2)c1,0.2485177633978919,6.680016652534422,0.4645177123807868,0.5190222101000378,0.75,0.382588902017968,2,0.5,-2.9882101,1,0.8253968253968254,False,Cc1cccc([C@@H]2C[C@@]2(C(=O)O)N(CCN2C(=O)CCC2=O)S(=O)(=O)c2ccc(-c3ccc(Cl)cc3)cc2)c1,6.73,6.14,0.59,False,3.49,567.1,4.47,1,5,112.1,9,True,True,0.429,False
1630,CAND-00889,Cc1cc(-c2ccc(Cl)cc2)ccc1S(=O)(=O)N(CCN1C(=O)CCC1=O)[C@]1(C(=O)O)C[C@H]1c1ccccc1,0.2485177633978918,6.680016652534422,0.4645177123807868,0.5190222101000376,0.75,0.3825889020179673,2,0.5,-2.988210100000001,1,0.7692307692307693,False,Cc1cc(-c2ccc(Cl)cc2)ccc1S(=O)(=O)N(CCN1C(=O)CCC1=O)[C@]1(C(=O)O)C[C@H]1c1ccccc1,6.73,5.97,0.76,False,3.55,567.1,4.47,1,5,112.1,9,True,True,0.444,False
1631,CAND-00511,COc1cc(/C=C2/SC(=S)NC2=O)ccc1OCc1ccc(Cl)c(Cl)c1,0.2482897637181495,5.4063644198878,0.0758604309178806,0.7900985319461387,0.25,0.5345318275306974,1,1.0,-1.7011526,3,0.8181818181818182,False,COc1cc(/C=C2/SC(=S)NC2=O)ccc1OCc1ccc(Cl)c(Cl)c1,5.32,5.43,-0.11,False,2.29,426.3,5.07,1,5,47.6,5,True,True,0.36,False
1632,CAND-01016,N#Cc1cc(-c2ccc(S(=O)(=O)N(CCc3cccnc3)[C@]3(C(=O)O)C[C@H]3c3ccccc3)cc2)ccc1Cl,0.2480814515086885,6.528664887902362,0.418332447770309,0.6878983730355351,1.0,0.289988930440742,2,0.5,-2.1863940999999976,0,0.7714285714285715,False,N#Cc1cc(-c2ccc(S(=O)(=O)N(CCc3cccnc3)[C@]3(C(=O)O)C[C@H]3c3ccccc3)cc2)ccc1Cl,6.5,6.23,0.27,False,3.51,558.1,5.52,1,5,111.4,9,False,True,0.566,False
1633,CAND-00997,O=C(O)[C@@]1(N(CCc2cccnc2)S(=O)(=O)c2ccc(-c3ccc(Cl)cc3)cc2)C[C@H]1c1ccc(O)cc1,0.2480465506629298,6.524796514906779,0.4171520067569691,0.6746400895965156,1.0,0.2917236598245835,2,0.5,-2.2493437999999992,0,0.8870967741935484,False,O=C(O)[C@@]1(N(CCc2cccnc2)S(=O)(=O)c2ccc(-c3ccc(Cl)cc3)cc2)C[C@H]1c1ccc(O)cc1,6.52,6.28,0.24,False,3.38,549.0,5.35,2,5,107.8,9,False,True,0.277,False
1634,CAND-00990,O=C(O)[C@@]1(N(CCc2cccnc2O)S(=O)(=O)c2ccc(-c3ccc(Cl)cc3)cc2)C[C@H]1c1ccccc1,0.2480465506629298,6.524796514906779,0.4171520067569691,0.6746400895965154,1.0,0.2917236598245836,2,0.5,-2.2493438,0,0.7538461538461538,False,O=C(O)[C@@]1(N(CCc2cccnc2O)S(=O)(=O)c2ccc(-c3ccc(Cl)cc3)cc2)C[C@H]1c1ccccc1,6.59,6.16,0.43,False,3.51,549.0,5.35,2,5,107.8,9,False,True,0.392,False
1635,CAND-00989,O=C(O)[C@@]1(N(CCc2ccc(O)nc2)S(=O)(=O)c2ccc(-c3ccc(Cl)cc3)cc2)C[C@H]1c1ccccc1,0.2480465506629298,6.524796514906779,0.4171520067569691,0.6746400895965154,1.0,0.2917236598245836,2,0.5,-2.2493438,0,0.7692307692307693,False,O=C(O)[C@@]1(N(CCc2ccc(O)nc2)S(=O)(=O)c2ccc(-c3ccc(Cl)cc3)cc2)C[C@H]1c1ccccc1,6.6,6.28,0.32,False,3.51,549.0,5.35,2,5,107.8,9,False,True,0.35,False
1636,CAND-00987,O=C(O)[C@@]1(N(CCc2cnccc2O)S(=O)(=O)c2ccc(-c3ccc(Cl)cc3)cc2)C[C@H]1c1ccccc1,0.2480465506629298,6.524796514906779,0.4171520067569691,0.6746400895965154,1.0,0.2917236598245836,2,0.5,-2.2493438,0,0.7575757575757576,False,O=C(O)[C@@]1(N(CCc2cnccc2O)S(=O)(=O)c2ccc(-c3ccc(Cl)cc3)cc2)C[C@H]1c1ccccc1,6.56,6.22,0.34,False,3.49,549.0,5.35,2,5,107.8,9,False,True,0.339,False
1637,CAND-00892,Cc1cc(-c2ccc(S(=O)(=O)N(CCN3C(=O)CCC3=O)[C@]3(C(=O)O)C[C@H]3c3ccccc3)cc2)ccc1Cl,0.2479184726231103,6.67216101138516,0.4621205492816605,0.5190222101000378,0.75,0.382588902017968,2,0.5,-2.9882101,1,0.796875,False,Cc1cc(-c2ccc(S(=O)(=O)N(CCN3C(=O)CCC3=O)[C@]3(C(=O)O)C[C@H]3c3ccccc3)cc2)ccc1Cl,6.6,6.08,0.52,False,3.5,567.1,4.47,1,5,112.1,9,True,True,0.64,False
1638,CAND-01019,N#Cc1ccc([C@@H]2C[C@@]2(C(=O)O)N(CCc2cccnc2)S(=O)(=O)c2ccc(-c3ccc(Cl)cc3)cc2)cc1,0.2477863412553535,6.524796514906779,0.4171520067569691,0.6878983730355349,1.0,0.289988930440742,2,0.5,-2.1863940999999985,0,0.8333333333333334,False,N#Cc1ccc([C@@H]2C[C@@]2(C(=O)O)N(CCc2cccnc2)S(=O)(=O)c2ccc(-c3ccc(Cl)cc3)cc2)cc1,6.52,6.2,0.32,False,3.44,558.1,5.52,1,5,111.4,9,False,True,0.276,False
1639,CAND-01011,N#Cc1ccc(CCN([C@]2(C(=O)O)C[C@H]2c2ccccc2)S(=O)(=O)c2ccc(-c3ccc(Cl)cc3)cc2)cn1,0.2477863412553535,6.524796514906779,0.4171520067569691,0.6878983730355349,1.0,0.289988930440742,2,0.5,-2.1863940999999985,0,0.7246376811594203,False,N#Cc1ccc(CCN([C@]2(C(=O)O)C[C@H]2c2ccccc2)S(=O)(=O)c2ccc(-c3ccc(Cl)cc3)cc2)cn1,6.58,6.27,0.31,False,3.49,558.1,5.52,1,5,111.4,9,False,True,0.366,False
1640,CAND-01033,CC1(C)C[C@@H](O)CN(S(=O)(=O)c2ccc(OCc3c(Cl)cc(Cl)cc3Cl)cc2)[C@H]1C(=O)NO,0.2476527576858621,7.000751347728503,0.5623904844843092,0.469117372172531,0.5,0.3803675770985656,2,0.5,-3.2251559000000007,2,0.8125,True,CC1(C)C[C@@H](O)CN(S(=O)(=O)c2ccc(OCc3c(Cl)cc(Cl)cc3Cl)cc2)[C@H]1C(=O)NO,7.87,8.23,-0.36,False,3.51,537.8,3.88,3,6,116.2,6,True,True,1.143,False
1641,CAND-01058,CC1(C)C[C@@H](O)CN(S(=O)(=O)c2ccc(OCc3c(Cl)cc(Cl)cc3C#N)cc2)[C@H]1C(=O)NO,0.2472422141003225,6.982828333077066,0.5569212441599136,0.364342166439112,0.5,0.3867460204022941,2,0.5,-3.722623600000002,2,0.7222222222222222,False,CC1(C)C[C@@H](O)CN(S(=O)(=O)c2ccc(OCc3c(Cl)cc(Cl)cc3C#N)cc2)[C@H]1C(=O)NO,7.83,8.17,-0.34,True,3.7,528.4,3.1,3,7,140.0,6,True,True,1.104,False
1642,CAND-00220,Cc1cc(C)c(CCC2CCN(S(=O)(=O)CC3(N(O)C=O)CCOCC3)CC2)c(Cl)n1,0.2472385803372996,6.248314577795289,0.3327830437881238,0.3779146905955775,0.0,0.2694901948107922,1,1.0,-3.6581819000000015,4,0.7142857142857143,False,Cc1cc(C)c(CCC2CCN(S(=O)(=O)CC3(N(O)C=O)CCOCC3)CC2)c(Cl)n1,6.39,7.69,-1.3,False,3.27,474.0,2.72,1,6,100.0,8,True,True,0.579,False
1643,CAND-01362,COC(=O)c1cnc(C(F)(F)F)n1CCN([C@]1(C(=O)O)C[C@H]1c1ccccc1)S(=O)(=O)c1ccc(-c2ccc(Cl)cc2)cc1,0.2472118052378486,6.6566582139870185,0.4573898426276851,0.6010885744960593,1.0,0.2190956305395159,2,0.5,-2.598562899999998,0,0.7,False,COC(=O)c1cnc(C(F)(F)F)n1CCN([C@]1(C(=O)O)C[C@H]1c1ccccc1)S(=O)(=O)c1ccc(-c2ccc(Cl)cc2)cc1,6.9,6.04,0.86,False,3.78,648.1,5.71,1,7,118.8,10,False,True,0.554,False
1644,CAND-00961,O=C(O)[C@@]1(N(CCc2cccnc2)S(=O)(=O)c2ccc(-c3ccc(Cl)c(Cl)c3)cc2)C[C@H]1c1ccccc1,0.2467930890042733,6.577392965658456,0.4332019087944087,0.7926735787689533,1.0,0.2566174120378077,2,0.5,-1.6889263999999995,0,0.84375,False,O=C(O)[C@@]1(N(CCc2cccnc2)S(=O)(=O)c2ccc(-c3ccc(Cl)c(Cl)c3)cc2)C[C@H]1c1ccccc1,6.37,6.27,0.1,False,3.37,567.5,6.3,1,4,87.6,9,False,True,0.566,False
1645,CAND-00885,O=C1CCC(=O)N1CCN([C@]1(C(=O)O)C[C@H]1c1ccccc1)S(=O)(=O)c1ccc(-c2ccc(Cl)c(Cl)c2)cc1,0.2463709221690396,6.696394612967263,0.4695154766170317,0.5443775606432458,0.75,0.3599470200985443,2,0.5,-2.8678240999999987,1,0.8360655737704918,False,O=C1CCC(=O)N1CCN([C@]1(C(=O)O)C[C@H]1c1ccccc1)S(=O)(=O)c1ccc(-c2ccc(Cl)c(Cl)c2)cc1,6.58,6.05,0.53,False,3.49,587.5,4.81,1,5,112.1,9,True,True,0.61,False
1646,CAND-00898,COc1cc(Cl)ccc1-c1ccc(S(=O)(=O)N(CCN2C(=O)CCC2=O)[C@]2(C(=O)O)C[C@H]2c2ccccc2)cc1,0.2461831083077119,6.70138097495194,0.4710370739916366,0.4536327395861688,0.75,0.3561589320653521,2,0.5,-3.298676200000001,1,0.7878787878787878,False,COc1cc(Cl)ccc1-c1ccc(S(=O)(=O)N(CCN2C(=O)CCC2=O)[C@]2(C(=O)O)C[C@H]2c2ccccc2)cc1,6.82,5.93,0.89,False,3.52,583.1,4.17,1,6,121.3,10,True,True,0.501,False
1647,CAND-00897,COc1cc(S(=O)(=O)N(CCN2C(=O)CCC2=O)[C@]2(C(=O)O)C[C@H]2c2ccccc2)ccc1-c1ccc(Cl)cc1,0.2461831083077119,6.70138097495194,0.4710370739916366,0.453632739586169,0.75,0.3561589320653521,2,0.5,-3.2986762,1,0.7878787878787878,False,COc1cc(S(=O)(=O)N(CCN2C(=O)CCC2=O)[C@]2(C(=O)O)C[C@H]2c2ccccc2)ccc1-c1ccc(Cl)cc1,6.82,5.79,1.03,False,3.52,583.1,4.17,1,6,121.3,10,True,True,0.475,False
1648,CAND-00896,COc1cc(-c2ccc(Cl)cc2)ccc1S(=O)(=O)N(CCN1C(=O)CCC1=O)[C@]1(C(=O)O)C[C@H]1c1ccccc1,0.2461831083077119,6.70138097495194,0.4710370739916366,0.4536327395861688,0.75,0.3561589320653521,2,0.5,-3.298676200000001,1,0.7352941176470589,False,COc1cc(-c2ccc(Cl)cc2)ccc1S(=O)(=O)N(CCN1C(=O)CCC1=O)[C@]1(C(=O)O)C[C@H]1c1ccccc1,6.84,5.78,1.06,False,3.56,583.1,4.17,1,6,121.3,10,True,True,0.458,False
1649,CAND-01363,COC(=O)c1cncn1CCN([C@]1(C(=O)O)C[C@H]1c1ccccc1C(F)(F)F)S(=O)(=O)c1ccc(-c2ccc(Cl)cc2)cc1,0.2457924087551616,6.638052438817898,0.4517122566969369,0.6010885744960596,1.0,0.2190956305395159,2,0.5,-2.598562899999997,0,0.782051282051282,False,COC(=O)c1cncn1CCN([C@]1(C(=O)O)C[C@H]1c1ccccc1C(F)(F)F)S(=O)(=O)c1ccc(-c2ccc(Cl)cc2)cc1,6.81,6.0,0.81,False,3.83,648.1,5.71,1,7,118.8,10,False,True,0.532,False
1650,CAND-00899,COc1cc(-c2ccc(S(=O)(=O)N(CCN3C(=O)CCC3=O)[C@]3(C(=O)O)C[C@H]3c3ccccc3)cc2)ccc1Cl,0.2455838175329304,6.693525333802678,0.4686399108925103,0.4536327395861689,0.75,0.3561589320653521,2,0.5,-3.2986762,1,0.7611940298507462,False,COc1cc(-c2ccc(S(=O)(=O)N(CCN3C(=O)CCC3=O)[C@]3(C(=O)O)C[C@H]3c3ccccc3)cc2)ccc1Cl,6.7,5.89,0.81,False,3.51,583.1,4.17,1,6,121.3,10,True,True,0.67,False
1651,CAND-00959,O=C(O)[C@@]1(N(CCc2cccnc2)S(=O)(=O)c2ccc(-c3ccc(Cl)cc3)c(Cl)c2)C[C@H]1c1ccccc1,0.2455436479452121,6.561015005225616,0.4282041445581638,0.7926735787689533,1.0,0.2566174120378077,2,0.5,-1.6889263999999995,0,0.8461538461538461,False,O=C(O)[C@@]1(N(CCc2cccnc2)S(=O)(=O)c2ccc(-c3ccc(Cl)cc3)c(Cl)c2)C[C@H]1c1ccccc1,6.4,6.22,0.18,False,3.4,567.5,6.3,1,4,87.6,9,False,True,0.426,False
1652,CAND-00958,O=C(O)[C@@]1(N(CCc2cccnc2)S(=O)(=O)c2ccc(-c3ccc(Cl)cc3)cc2Cl)C[C@H]1c1ccccc1,0.2455436479452121,6.561015005225616,0.4282041445581638,0.7926735787689535,1.0,0.2566174120378076,2,0.5,-1.6889263999999988,0,0.803030303030303,False,O=C(O)[C@@]1(N(CCc2cccnc2)S(=O)(=O)c2ccc(-c3ccc(Cl)cc3)cc2Cl)C[C@H]1c1ccccc1,6.41,6.21,0.2,False,3.44,567.5,6.3,1,4,87.6,9,False,True,0.418,False
1653,CAND-00960,O=C(O)[C@@]1(N(CCc2cccnc2)S(=O)(=O)c2ccc(-c3ccc(Cl)cc3Cl)cc2)C[C@H]1c1ccccc1,0.2455436479452121,6.561015005225616,0.4282041445581638,0.7926735787689533,1.0,0.2566174120378077,2,0.5,-1.6889263999999995,0,0.8461538461538461,False,O=C(O)[C@@]1(N(CCc2cccnc2)S(=O)(=O)c2ccc(-c3ccc(Cl)cc3Cl)cc2)C[C@H]1c1ccccc1,6.42,6.29,0.13,False,3.39,567.5,6.3,1,4,87.6,9,False,True,0.476,False
1654,CAND-00955,O=C(O)[C@@]1(N(CCc2cncc(Cl)c2)S(=O)(=O)c2ccc(-c3ccc(Cl)cc3)cc2)C[C@H]1c1ccccc1,0.2455436479452121,6.561015005225616,0.4282041445581638,0.7926735787689533,1.0,0.2566174120378077,2,0.5,-1.6889263999999995,0,0.8095238095238095,False,O=C(O)[C@@]1(N(CCc2cncc(Cl)c2)S(=O)(=O)c2ccc(-c3ccc(Cl)cc3)cc2)C[C@H]1c1ccccc1,6.45,6.32,0.13,False,3.4,567.5,6.3,1,4,87.6,9,False,True,0.428,False
1655,CAND-00963,O=C(O)[C@@]1(N(CCc2cccnc2)S(=O)(=O)c2ccc(-c3ccc(Cl)cc3)cc2)C[C@H]1c1cccc(Cl)c1,0.2455436479452121,6.561015005225616,0.4282041445581638,0.7926735787689535,1.0,0.2566174120378077,2,0.5,-1.6889263999999988,0,0.873015873015873,False,O=C(O)[C@@]1(N(CCc2cccnc2)S(=O)(=O)c2ccc(-c3ccc(Cl)cc3)cc2)C[C@H]1c1cccc(Cl)c1,6.42,6.3,0.12,False,3.37,567.5,6.3,1,4,87.6,9,False,True,0.441,False
1656,CAND-01009,N#Cc1ccncc1CCN([C@]1(C(=O)O)C[C@H]1c1ccccc1)S(=O)(=O)c1ccc(-c2ccc(Cl)cc2)cc1,0.2452689344424822,6.491797768086703,0.4070823795054838,0.6878983730355349,1.0,0.289988930440742,2,0.5,-2.1863940999999985,0,0.7142857142857143,False,N#Cc1ccncc1CCN([C@]1(C(=O)O)C[C@H]1c1ccccc1)S(=O)(=O)c1ccc(-c2ccc(Cl)cc2)cc1,6.57,6.21,0.36,False,3.54,558.1,5.52,1,5,111.4,9,False,True,0.363,False
1657,CAND-01006,O=C(O)[C@@]1(N(CCc2cccnc2)S(=O)(=O)c2ccc(-c3ccc(Cl)cc3)cc2)C[C@H]1c1ccccc1C(F)(F)F,0.2452268065591648,6.605330860372229,0.4417272078760023,0.8042084035170948,1.0,0.2319666972677616,2,0.5,-1.6341595999999994,0,0.7681159420289855,False,O=C(O)[C@@]1(N(CCc2cccnc2)S(=O)(=O)c2ccc(-c3ccc(Cl)cc3)cc2)C[C@H]1c1ccccc1C(F)(F)F,6.47,6.14,0.33,False,3.54,601.0,6.67,1,4,87.6,9,False,True,0.52,False
1658,CAND-00951,O=C(O)[C@@]1(N(CCc2cccnc2)S(=O)(=O)c2ccc(-c3ccc(Cl)cc3)cc2)C[C@H]1c1ccccc1F,0.2451710780169058,6.500164112683997,0.409635384685092,0.7369069088201702,1.0,0.285081545637552,2,0.5,-1.9537039,0,0.803030303030303,False,O=C(O)[C@@]1(N(CCc2cccnc2)S(=O)(=O)c2ccc(-c3ccc(Cl)cc3)cc2)C[C@H]1c1ccccc1F,6.66,6.2,0.46,False,3.39,551.0,5.79,1,4,87.6,9,False,True,0.67,False
1659,CAND-00884,O=C1CCC(=O)N1CCN([C@]1(C(=O)O)C[C@H]1c1ccccc1)S(=O)(=O)c1ccc(-c2ccc(Cl)cc2Cl)cc1,0.2451214811099784,6.680016652534422,0.4645177123807868,0.5443775606432458,0.75,0.3599470200985443,2,0.5,-2.8678240999999987,1,0.8387096774193549,False,O=C1CCC(=O)N1CCN([C@]1(C(=O)O)C[C@H]1c1ccccc1)S(=O)(=O)c1ccc(-c2ccc(Cl)cc2Cl)cc1,6.71,6.07,0.64,False,3.51,587.5,4.81,1,5,112.1,9,True,True,0.464,False
1660,CAND-00883,O=C1CCC(=O)N1CCN([C@]1(C(=O)O)C[C@H]1c1ccccc1)S(=O)(=O)c1ccc(-c2ccc(Cl)cc2)c(Cl)c1,0.2451214811099784,6.680016652534422,0.4645177123807868,0.5443775606432458,0.75,0.3599470200985443,2,0.5,-2.8678240999999987,1,0.8387096774193549,False,O=C1CCC(=O)N1CCN([C@]1(C(=O)O)C[C@H]1c1ccccc1)S(=O)(=O)c1ccc(-c2ccc(Cl)cc2)c(Cl)c1,6.69,5.94,0.75,False,3.52,587.5,4.81,1,5,112.1,9,True,True,0.417,False
1661,CAND-00880,O=C1CCC(=O)N1CCN([C@]1(C(=O)O)C[C@H]1c1cccc(Cl)c1)S(=O)(=O)c1ccc(-c2ccc(Cl)cc2)cc1,0.2451214811099784,6.680016652534422,0.4645177123807868,0.5443775606432457,0.75,0.3599470200985443,2,0.5,-2.8678240999999995,1,0.8666666666666667,False,O=C1CCC(=O)N1CCN([C@]1(C(=O)O)C[C@H]1c1cccc(Cl)c1)S(=O)(=O)c1ccc(-c2ccc(Cl)cc2)cc1,6.72,6.1,0.62,False,3.49,587.5,4.81,1,5,112.1,9,True,True,0.411,False
1662,CAND-00882,O=C1CCC(=O)N1CCN([C@]1(C(=O)O)C[C@H]1c1ccccc1)S(=O)(=O)c1ccc(-c2ccc(Cl)cc2)cc1Cl,0.2451214811099784,6.680016652534422,0.4645177123807868,0.544377560643246,0.75,0.3599470200985443,2,0.5,-2.8678240999999978,1,0.7936507936507936,False,O=C1CCC(=O)N1CCN([C@]1(C(=O)O)C[C@H]1c1ccccc1)S(=O)(=O)c1ccc(-c2ccc(Cl)cc2)cc1Cl,6.7,5.93,0.77,False,3.56,587.5,4.81,1,5,112.1,9,True,True,0.403,False
1663,CAND-00888,Cc1ccc([C@@H]2C[C@@]2(C(=O)O)N(CCN2C(=O)CCC2=O)S(=O)(=O)c2ccc(-c3ccc(Cl)cc3)cc2)cc1,0.245105955556904,6.635293891569501,0.4508704810168353,0.5190222101000378,0.75,0.382588902017968,2,0.5,-2.9882101,1,0.85,False,Cc1ccc([C@@H]2C[C@@]2(C(=O)O)N(CCN2C(=O)CCC2=O)S(=O)(=O)c2ccc(-c3ccc(Cl)cc3)cc2)cc1,6.66,6.08,0.58,False,3.45,567.1,4.47,1,5,112.1,9,True,True,0.357,False
1664,CAND-00915,N#Cc1cccc([C@@H]2C[C@@]2(C(=O)O)N(CCN2C(=O)CCC2=O)S(=O)(=O)c2ccc(-c3ccc(Cl)cc3)cc2)c1,0.2449989129879263,6.640612362165861,0.4524934219347234,0.4396023549098269,0.75,0.3791703833616363,2,0.5,-3.3652918,1,0.7878787878787878,False,N#Cc1cccc([C@@H]2C[C@@]2(C(=O)O)N(CCN2C(=O)CCC2=O)S(=O)(=O)c2ccc(-c3ccc(Cl)cc3)cc2)c1,6.67,5.85,0.82,False,3.59,578.0,4.03,1,6,135.8,9,True,True,0.477,False
1665,CAND-00670,CN(C)c1ccc(-c2ccc(S(=O)(=O)N(CCN3CCCC3=O)[C@]3(C(=O)O)C[C@H]3c3ccccc3)cc2)cc1F,0.2448115670782123,6.277021312866169,0.3415429558946963,0.4784485944204368,1.0,0.396172187363588,2,0.5,-3.1808517000000007,0,0.75,False,CN(C)c1ccc(-c2ccc(S(=O)(=O)N(CCN3CCCC3=O)[C@]3(C(=O)O)C[C@H]3c3ccccc3)cc2)cc1F,6.61,6.04,0.57,False,3.6,565.7,4.18,1,5,98.2,10,True,True,1.027,False
1666,CAND-01773,N#Cc1ccccc1[C@@H]1C[C@@]1(C(=O)O)N(CCn1nccn1)S(=O)(=O)c1ccc(-c2ccc(Cl)cc2)cc1,0.2446641257351052,6.399984224552159,0.3790653107036953,0.4995126425548698,1.0,0.3326519870612094,2,0.5,-3.0808406,0,0.7538461538461538,False,N#Cc1ccccc1[C@@H]1C[C@@]1(C(=O)O)N(CCn1nccn1)S(=O)(=O)c1ccc(-c2ccc(Cl)cc2)cc1,6.53,5.84,0.69,False,3.74,548.0,4.17,1,7,129.2,9,True,True,0.358,False
1667,CAND-00904,O=C1CCC(=O)N1CCN([C@]1(C(=O)O)C[C@H]1c1ccccc1)S(=O)(=O)c1ccc(-c2ccc(Cl)cc2)c(O)c1,0.244297163389267,6.640612362165861,0.4524934219347234,0.4263440714708076,0.75,0.3744920527039079,2,0.5,-3.4282415000000004,1,0.8524590163934426,False,O=C1CCC(=O)N1CCN([C@]1(C(=O)O)C[C@H]1c1ccccc1)S(=O)(=O)c1ccc(-c2ccc(Cl)cc2)c(O)c1,6.6,5.73,0.87,False,3.57,569.0,3.86,2,6,132.3,9,True,True,0.459,False
1668,CAND-00901,O=C1CCC(=O)N1CCN([C@]1(C(=O)O)C[C@H]1c1cccc(O)c1)S(=O)(=O)c1ccc(-c2ccc(Cl)cc2)cc1,0.244297163389267,6.640612362165861,0.4524934219347234,0.4263440714708076,0.75,0.3744920527039079,2,0.5,-3.4282415,1,0.8387096774193549,False,O=C1CCC(=O)N1CCN([C@]1(C(=O)O)C[C@H]1c1cccc(O)c1)S(=O)(=O)c1ccc(-c2ccc(Cl)cc2)cc1,6.62,5.81,0.81,False,3.53,569.0,3.86,2,6,132.3,9,True,True,0.472,False
1669,CAND-00903,O=C1CCC(=O)N1CCN([C@]1(C(=O)O)C[C@H]1c1ccccc1)S(=O)(=O)c1ccc(-c2ccc(Cl)cc2)cc1O,0.244297163389267,6.640612362165861,0.4524934219347234,0.4263440714708078,0.75,0.3744920527039079,2,0.5,-3.4282414999999995,1,0.78125,False,O=C1CCC(=O)N1CCN([C@]1(C(=O)O)C[C@H]1c1ccccc1)S(=O)(=O)c1ccc(-c2ccc(Cl)cc2)cc1O,6.62,5.73,0.89,False,3.64,569.0,3.86,2,6,132.3,9,True,True,0.467,False
1670,CAND-00905,O=C1CCC(=O)N1CCN([C@]1(C(=O)O)C[C@H]1c1ccccc1)S(=O)(=O)c1ccc(-c2ccc(Cl)cc2O)cc1,0.244297163389267,6.640612362165861,0.4524934219347234,0.4263440714708076,0.75,0.3744920527039079,2,0.5,-3.4282415000000004,1,0.8387096774193549,False,O=C1CCC(=O)N1CCN([C@]1(C(=O)O)C[C@H]1c1ccccc1)S(=O)(=O)c1ccc(-c2ccc(Cl)cc2O)cc1,6.61,5.8,0.81,False,3.57,569.0,3.86,2,6,132.3,9,True,True,0.514,False
1671,CAND-01728,O=C(O)[C@@]1(N(CCn2ncc(Cl)n2)S(=O)(=O)c2ccc(-c3ccc(Cl)cc3)cc2)C[C@H]1c1ccccc1,0.2441246701165542,6.433014768095318,0.3891446407827155,0.6042878482882883,1.0,0.3122567328058357,2,0.5,-2.5833729,0,0.8166666666666667,False,O=C(O)[C@@]1(N(CCn2ncc(Cl)n2)S(=O)(=O)c2ccc(-c3ccc(Cl)cc3)cc2)C[C@H]1c1ccccc1,6.6,6.19,0.41,False,3.66,557.5,4.95,1,6,105.4,9,True,True,0.336,False
1672,CAND-00995,O=C(O)[C@@]1(N(CCc2cccnc2)S(=O)(=O)c2ccc(-c3ccc(Cl)cc3)cc2)C[C@H]1c1ccccc1O,0.2437258946154467,6.468160362863913,0.3998693825670367,0.6746400895965156,1.0,0.2917236598245835,2,0.5,-2.2493437999999992,0,0.8153846153846154,False,O=C(O)[C@@]1(N(CCc2cccnc2)S(=O)(=O)c2ccc(-c3ccc(Cl)cc3)cc2)C[C@H]1c1ccccc1O,6.5,6.24,0.26,False,3.43,549.0,5.35,2,5,107.8,9,False,True,0.394,False
1673,CAND-00906,O=C1CCC(=O)N1CCN([C@]1(C(=O)O)C[C@H]1c1ccccc1)S(=O)(=O)c1ccc(-c2ccc(Cl)c(O)c2)cc1,0.2436978726144855,6.632756721016599,0.4500962588355972,0.4263440714708076,0.75,0.3744920527039079,2,0.5,-3.4282415000000004,1,0.8095238095238095,False,O=C1CCC(=O)N1CCN([C@]1(C(=O)O)C[C@H]1c1ccccc1)S(=O)(=O)c1ccc(-c2ccc(Cl)c(O)c2)cc1,6.47,5.76,0.71,False,3.56,569.0,3.86,2,6,132.3,9,True,True,0.674,False
1674,CAND-01053,CC1(C)C[C@@H](O)CN(S(=O)(=O)c2ccc(OCc3c(Cl)cc(Cl)cc3C(F)(F)F)cc2)[C@H]1C(=O)NO,0.2435485562046197,7.000751347728503,0.5623904844843092,0.4806521969206726,0.5,0.3530062338902827,2,0.5,-3.1703891,2,0.7222222222222222,True,CC1(C)C[C@@H](O)CN(S(=O)(=O)c2ccc(OCc3c(Cl)cc(Cl)cc3C(F)(F)F)cc2)[C@H]1C(=O)NO,7.81,8.24,-0.43,False,3.7,571.4,4.25,3,6,116.2,6,True,True,1.15,False
1675,CAND-00616,COc1cc(S(=O)(=O)N(CCN2CCCC2=O)[C@H](Cc2ccccc2)C(=O)O)ccc1-c1ccc(Cl)cc1,0.2433602071274621,6.295733125995558,0.3472528995007294,0.5107157453660288,1.0,0.376979881681865,2,0.5,-3.0276488,0,0.7681159420289855,False,COc1cc(S(=O)(=O)N(CCN2CCCC2=O)[C@H](Cc2ccccc2)C(=O)O)ccc1-c1ccc(Cl)cc1,6.11,5.7,0.41,False,2.98,557.1,4.32,1,5,104.2,11,True,False,0.708,False
1676,CAND-00617,COc1cc(Cl)ccc1-c1ccc(S(=O)(=O)N(CCN2CCCC2=O)[C@H](Cc2ccccc2)C(=O)O)cc1,0.2433602071274621,6.295733125995558,0.3472528995007294,0.5107157453660286,1.0,0.376979881681865,2,0.5,-3.0276488000000006,0,0.7681159420289855,False,COc1cc(Cl)ccc1-c1ccc(S(=O)(=O)N(CCN2CCCC2=O)[C@H](Cc2ccccc2)C(=O)O)cc1,6.1,5.83,0.27,False,2.98,557.1,4.32,1,5,104.2,11,True,False,0.712,False
1677,CAND-01334,COC(=O)c1c(C)ncn1CCN([C@]1(C(=O)O)C[C@H]1c1ccccc1)S(=O)(=O)c1ccc(-c2ccc(Cl)cc2)cc1,0.2432697480192021,6.53043562073898,0.4188727900967594,0.5641983992047099,1.0,0.2570103366334152,2,0.5,-2.773715699999999,0,0.7368421052631579,False,COC(=O)c1c(C)ncn1CCN([C@]1(C(=O)O)C[C@H]1c1ccccc1)S(=O)(=O)c1ccc(-c2ccc(Cl)cc2)cc1,6.95,6.19,0.76,False,3.62,594.1,5.0,1,7,118.8,10,True,True,0.303,False
1678,CAND-00895,COc1ccc([C@@H]2C[C@@]2(C(=O)O)N(CCN2C(=O)CCC2=O)S(=O)(=O)c2ccc(-c3ccc(Cl)cc3)cc2)cc1,0.2427713004667241,6.6566582139870185,0.4573898426276851,0.453632739586169,0.75,0.3561589320653521,2,0.5,-3.2986762,1,0.8095238095238095,False,COc1ccc([C@@H]2C[C@@]2(C(=O)O)N(CCN2C(=O)CCC2=O)S(=O)(=O)c2ccc(-c3ccc(Cl)cc3)cc2)cc1,6.79,5.89,0.9,False,3.46,583.1,4.17,1,6,121.3,10,True,True,0.429,False
1679,CAND-00507,COc1c(OCc2ccc(Cl)cc2)ccc(/C=C2/SC(=S)NC2=O)c1Cl,0.2426987436014679,5.369720231838215,0.0646783906845173,0.7900985319461388,0.25,0.5345318275306976,1,1.0,-1.701152599999999,3,0.6779661016949152,False,COc1c(OCc2ccc(Cl)cc2)ccc(/C=C2/SC(=S)NC2=O)c1Cl,5.45,5.37,0.08,False,2.46,426.3,5.07,1,5,47.6,5,True,True,0.332,False
1680,CAND-00919,N#Cc1cc(Cl)ccc1-c1ccc(S(=O)(=O)N(CCN2C(=O)CCC2=O)[C@]2(C(=O)O)C[C@H]2c2ccccc2)cc1,0.2424815061750549,6.607613615345785,0.4424237946832381,0.4396023549098267,0.75,0.3791703833616363,2,0.5,-3.365291800000001,1,0.7761194029850746,False,N#Cc1cc(Cl)ccc1-c1ccc(S(=O)(=O)N(CCN2C(=O)CCC2=O)[C@]2(C(=O)O)C[C@H]2c2ccccc2)cc1,6.64,5.85,0.79,False,3.62,578.0,4.03,1,6,135.8,9,True,True,0.53,False
1681,CAND-00917,N#Cc1cc(-c2ccc(Cl)cc2)ccc1S(=O)(=O)N(CCN1C(=O)CCC1=O)[C@]1(C(=O)O)C[C@H]1c1ccccc1,0.2424815061750549,6.607613615345785,0.4424237946832381,0.4396023549098265,0.75,0.3791703833616363,2,0.5,-3.365291800000002,1,0.7352941176470589,False,N#Cc1cc(-c2ccc(Cl)cc2)ccc1S(=O)(=O)N(CCN1C(=O)CCC1=O)[C@]1(C(=O)O)C[C@H]1c1ccccc1,6.65,5.77,0.88,False,3.67,578.0,4.03,1,6,135.8,9,True,True,0.476,False
1682,CAND-00918,N#Cc1cc(S(=O)(=O)N(CCN2C(=O)CCC2=O)[C@]2(C(=O)O)C[C@H]2c2ccccc2)ccc1-c1ccc(Cl)cc1,0.2424815061750549,6.607613615345785,0.4424237946832381,0.4396023549098269,0.75,0.3791703833616363,2,0.5,-3.3652918,1,0.7761194029850746,False,N#Cc1cc(S(=O)(=O)N(CCN2C(=O)CCC2=O)[C@]2(C(=O)O)C[C@H]2c2ccccc2)ccc1-c1ccc(Cl)cc1,6.63,5.77,0.86,False,3.63,578.0,4.03,1,6,135.8,9,True,True,0.479,False
1683,CAND-01387,COc1ccc(Oc2cccc(/C=C3/SC(=S)NC3=O)c2)c(O)c1,0.2423353129622841,5.157765430967751,0.0,0.6685284025061328,0.25,0.6411177098742803,1,1.0,-2.2783618,3,0.75,False,COc1ccc(Oc2cccc(/C=C3/SC(=S)NC3=O)c2)c(O)c1,5.08,6.35,-1.27,False,2.35,359.4,3.68,2,6,67.8,4,True,True,0.398,False
1684,CAND-00964,O=C(O)[C@@]1(N(CCc2cccnc2)S(=O)(=O)c2ccc(-c3ccc(Cl)cc3)cc2)C[C@H]1c1ccc(Cl)cc1,0.2421318401042242,6.516292244260694,0.4145569131942124,0.7926735787689535,1.0,0.2566174120378077,2,0.5,-1.6889263999999988,0,0.9482758620689656,False,O=C(O)[C@@]1(N(CCc2cccnc2)S(=O)(=O)c2ccc(-c3ccc(Cl)cc3)cc2)C[C@H]1c1ccc(Cl)cc1,6.33,6.26,0.07,False,3.34,567.5,6.3,1,4,87.6,9,False,True,0.292,False
1685,CAND-00954,O=C(O)[C@@]1(N(CCc2cnccc2Cl)S(=O)(=O)c2ccc(-c3ccc(Cl)cc3)cc2)C[C@H]1c1ccccc1,0.2421318401042242,6.516292244260694,0.4145569131942124,0.7926735787689533,1.0,0.2566174120378077,2,0.5,-1.6889263999999995,0,0.7692307692307693,False,O=C(O)[C@@]1(N(CCc2cnccc2Cl)S(=O)(=O)c2ccc(-c3ccc(Cl)cc3)cc2)C[C@H]1c1ccccc1,6.36,6.24,0.12,False,3.42,567.5,6.3,1,4,87.6,9,False,True,0.39,False
1686,CAND-00920,N#Cc1cc(-c2ccc(S(=O)(=O)N(CCN3C(=O)CCC3=O)[C@]3(C(=O)O)C[C@H]3c3ccccc3)cc2)ccc1Cl,0.2418822154002734,6.599757974196523,0.4400266315841119,0.4396023549098268,0.75,0.3791703833616363,2,0.5,-3.3652918000000005,1,0.7611940298507462,False,N#Cc1cc(-c2ccc(S(=O)(=O)N(CCN3C(=O)CCC3=O)[C@]3(C(=O)O)C[C@H]3c3ccccc3)cc2)ccc1Cl,6.5,5.8,0.7,False,3.62,578.0,4.03,1,6,135.8,9,True,True,0.676,False
1687,CAND-00881,O=C1CCC(=O)N1CCN([C@]1(C(=O)O)C[C@H]1c1ccc(Cl)cc1)S(=O)(=O)c1ccc(-c2ccc(Cl)cc2)cc1,0.2417096732689905,6.635293891569501,0.4508704810168353,0.5443775606432458,0.75,0.3599470200985443,2,0.5,-2.8678240999999987,1,0.9272727272727272,False,O=C1CCC(=O)N1CCN([C@]1(C(=O)O)C[C@H]1c1ccc(Cl)cc1)S(=O)(=O)c1ccc(-c2ccc(Cl)cc2)cc1,6.64,6.04,0.6,False,3.46,587.5,4.81,1,5,112.1,9,True,True,0.293,False
1688,CAND-01048,CC1(C)C[C@@H](O)CN(S(=O)(=O)c2ccc(OCc3c(O)cc(Cl)cc3Cl)cc2)[C@H]1C(=O)NO,0.24165809778316,7.000751347728503,0.5623904844843092,0.3510838830000929,0.5,0.3404031777472183,2,0.5,-3.7855733000000016,2,0.7647058823529411,True,CC1(C)C[C@@H](O)CN(S(=O)(=O)c2ccc(OCc3c(O)cc(Cl)cc3Cl)cc2)[C@H]1C(=O)NO,7.88,8.13,-0.25,False,3.61,519.4,2.93,4,7,136.4,6,True,True,1.089,False
1689,CAND-00916,N#Cc1ccc([C@@H]2C[C@@]2(C(=O)O)N(CCN2C(=O)CCC2=O)S(=O)(=O)c2ccc(-c3ccc(Cl)cc3)cc2)cc1,0.2415871051469384,6.595889601200939,0.438846190570772,0.4396023549098268,0.75,0.3791703833616363,2,0.5,-3.3652918000000005,1,0.8095238095238095,False,N#Cc1ccc([C@@H]2C[C@@]2(C(=O)O)N(CCN2C(=O)CCC2=O)S(=O)(=O)c2ccc(-c3ccc(Cl)cc3)cc2)cc1,6.6,5.79,0.81,False,3.56,578.0,4.03,1,6,135.8,9,True,True,0.412,False
1690,CAND-01017,N#Cc1ccccc1[C@@H]1C[C@@]1(C(=O)O)N(CCc1cccnc1)S(=O)(=O)c1ccc(-c2ccc(Cl)cc2)cc1,0.2409482783949991,6.435161616043837,0.3897997553155514,0.6878983730355351,1.0,0.289988930440742,2,0.5,-2.1863940999999976,0,0.7681159420289855,False,N#Cc1ccccc1[C@@H]1C[C@@]1(C(=O)O)N(CCc1cccnc1)S(=O)(=O)c1ccc(-c2ccc(Cl)cc2)cc1,6.49,6.22,0.27,False,3.52,558.1,5.52,1,5,111.4,9,False,True,0.399,False
1691,CAND-00902,O=C1CCC(=O)N1CCN([C@]1(C(=O)O)C[C@H]1c1ccc(O)cc1)S(=O)(=O)c1ccc(-c2ccc(Cl)cc2)cc1,0.2408853555482792,6.595889601200939,0.438846190570772,0.4263440714708076,0.75,0.3744920527039079,2,0.5,-3.4282415000000004,1,0.864406779661017,False,O=C1CCC(=O)N1CCN([C@]1(C(=O)O)C[C@H]1c1ccc(O)cc1)S(=O)(=O)c1ccc(-c2ccc(Cl)cc2)cc1,6.54,5.76,0.78,False,3.5,569.0,3.86,2,6,132.3,9,True,True,0.393,False
1692,CAND-00886,Cc1ccccc1[C@@H]1C[C@@]1(C(=O)O)N(CCN1C(=O)CCC1=O)S(=O)(=O)c1ccc(-c2ccc(Cl)cc2)cc1,0.2407852995094209,6.578657739526635,0.4335878568269029,0.5190222101000378,0.75,0.382588902017968,2,0.5,-2.9882101,1,0.7936507936507936,False,Cc1ccccc1[C@@H]1C[C@@]1(C(=O)O)N(CCN1C(=O)CCC1=O)S(=O)(=O)c1ccc(-c2ccc(Cl)cc2)cc1,6.66,6.08,0.58,False,3.5,567.1,4.47,1,5,112.1,9,True,True,0.378,False
1693,CAND-00908,O=C1CCC(=O)N1CCN([C@]1(C(=O)O)C[C@H]1c1cccc(C(F)(F)F)c1)S(=O)(=O)c1ccc(-c2ccc(Cl)cc2)cc1,0.2406679307967887,6.680016652534422,0.4645177123807868,0.5559123853913873,0.75,0.3302566846772799,2,0.5,-2.8130572999999983,1,0.7878787878787878,False,O=C1CCC(=O)N1CCN([C@]1(C(=O)O)C[C@H]1c1cccc(C(F)(F)F)c1)S(=O)(=O)c1ccc(-c2ccc(Cl)cc2)cc1,6.78,6.08,0.7,False,3.61,621.0,5.18,1,5,112.1,9,False,True,0.487,False
1694,CAND-00912,O=C1CCC(=O)N1CCN([C@]1(C(=O)O)C[C@H]1c1ccccc1)S(=O)(=O)c1ccc(-c2ccc(Cl)cc2C(F)(F)F)cc1,0.2406679307967887,6.680016652534422,0.4645177123807868,0.5559123853913872,0.75,0.3302566846772799,2,0.5,-2.813057299999999,1,0.7761194029850746,False,O=C1CCC(=O)N1CCN([C@]1(C(=O)O)C[C@H]1c1ccccc1)S(=O)(=O)c1ccc(-c2ccc(Cl)cc2C(F)(F)F)cc1,6.74,6.02,0.72,False,3.65,621.0,5.18,1,5,112.1,9,False,True,0.518,False
1695,CAND-00911,O=C1CCC(=O)N1CCN([C@]1(C(=O)O)C[C@H]1c1ccccc1)S(=O)(=O)c1ccc(-c2ccc(Cl)cc2)c(C(F)(F)F)c1,0.2406679307967887,6.680016652534422,0.4645177123807868,0.5559123853913872,0.75,0.3302566846772799,2,0.5,-2.813057299999999,1,0.7761194029850746,False,O=C1CCC(=O)N1CCN([C@]1(C(=O)O)C[C@H]1c1ccccc1)S(=O)(=O)c1ccc(-c2ccc(Cl)cc2)c(C(F)(F)F)c1,6.72,5.89,0.83,False,3.66,621.0,5.18,1,5,112.1,9,False,True,0.494,False
1696,CAND-00910,O=C1CCC(=O)N1CCN([C@]1(C(=O)O)C[C@H]1c1ccccc1)S(=O)(=O)c1ccc(-c2ccc(Cl)cc2)cc1C(F)(F)F,0.2406679307967887,6.680016652534422,0.4645177123807868,0.5559123853913872,0.75,0.3302566846772799,2,0.5,-2.813057299999999,1,0.7352941176470589,False,O=C1CCC(=O)N1CCN([C@]1(C(=O)O)C[C@H]1c1ccccc1)S(=O)(=O)c1ccc(-c2ccc(Cl)cc2)cc1C(F)(F)F,6.75,5.86,0.89,False,3.69,621.0,5.18,1,5,112.1,9,False,True,0.474,False
1697,CAND-00913,O=C1CCC(=O)N1CCN([C@]1(C(=O)O)C[C@H]1c1ccccc1)S(=O)(=O)c1ccc(-c2ccc(Cl)c(C(F)(F)F)c2)cc1,0.2400686400220071,6.67216101138516,0.4621205492816605,0.5559123853913872,0.75,0.3302566846772799,2,0.5,-2.813057299999999,1,0.7611940298507462,False,O=C1CCC(=O)N1CCN([C@]1(C(=O)O)C[C@H]1c1ccccc1)S(=O)(=O)c1ccc(-c2ccc(Cl)c(C(F)(F)F)c2)cc1,6.62,6.0,0.62,False,3.63,621.0,5.18,1,5,112.1,9,False,True,0.655,False
1698,CAND-00259,COc1ccc(C[C@@H](C(=O)N[C@H]2c3ccccc3C[C@H]2O)[C@H](NCC2CC2)C(=O)NO)cc1O,0.2399838622477741,7.201781775734036,0.6237352830386196,0.1570607751446542,0.5,0.2270002765874619,2,0.5,-4.706785800000002,2,0.7428571428571429,True,COc1ccc(C[C@@H](C(=O)N[C@H]2c3ccccc3C[C@H]2O)[C@H](NCC2CC2)C(=O)NO)cc1O,7.25,7.45,-0.2,False,3.82,469.5,1.21,6,7,140.2,10,True,False,0.775,False
1699,CAND-00528,COc1cc(/C=C2/SC(=S)NC2=O)c(C(F)(F)F)cc1OCc1ccc(Cl)cc1,0.2392818685204274,5.461203429666816,0.0925946538968966,0.8016333566942803,0.25,0.4766151385732639,1,1.0,-1.646385799999999,3,0.6774193548387096,False,COc1cc(/C=C2/SC(=S)NC2=O)c(C(F)(F)F)cc1OCc1ccc(Cl)cc1,5.6,5.64,-0.04,False,2.55,459.9,5.44,1,5,47.6,5,True,True,0.278,False
1700,CAND-00529,COc1cc(/C=C2/SC(=S)NC2=O)cc(C(F)(F)F)c1OCc1ccc(Cl)cc1,0.2392818685204274,5.461203429666816,0.0925946538968966,0.8016333566942803,0.25,0.4766151385732639,1,1.0,-1.646385799999999,3,0.6935483870967742,False,COc1cc(/C=C2/SC(=S)NC2=O)cc(C(F)(F)F)c1OCc1ccc(Cl)cc1,5.61,5.64,-0.03,False,2.53,459.9,5.44,1,5,47.6,5,True,True,0.268,False
1701,CAND-00894,COc1cccc([C@@H]2C[C@@]2(C(=O)O)N(CCN2C(=O)CCC2=O)S(=O)(=O)c2ccc(-c3ccc(Cl)cc3)cc2)c1,0.2391738382435735,6.609501852730836,0.4429999937350827,0.4536327395861688,0.75,0.3561589320653521,2,0.5,-3.2986762000000005,1,0.7878787878787878,False,COc1cccc([C@@H]2C[C@@]2(C(=O)O)N(CCN2C(=O)CCC2=O)S(=O)(=O)c2ccc(-c3ccc(Cl)cc3)cc2)c1,6.8,5.96,0.84,False,3.49,583.1,4.17,1,6,121.3,10,True,True,0.497,False
1702,CAND-00909,O=C1CCC(=O)N1CCN([C@]1(C(=O)O)C[C@H]1c1ccc(C(F)(F)F)cc1)S(=O)(=O)c1ccc(-c2ccc(Cl)cc2)cc1,0.2388855802682991,6.6566531923524845,0.4573883102668283,0.5559123853913873,0.75,0.3302566846772799,2,0.5,-2.8130572999999983,1,0.8095238095238095,False,O=C1CCC(=O)N1CCN([C@]1(C(=O)O)C[C@H]1c1ccc(C(F)(F)F)cc1)S(=O)(=O)c1ccc(-c2ccc(Cl)cc2)cc1,6.66,6.01,0.65,False,3.58,621.0,5.18,1,5,112.1,9,False,True,0.465,False
1703,CAND-00893,COc1ccccc1[C@@H]1C[C@@]1(C(=O)O)N(CCN1C(=O)CCC1=O)S(=O)(=O)c1ccc(-c2ccc(Cl)cc2)cc1,0.238450644419241,6.600022061944153,0.4401072184377527,0.4536327395861688,0.75,0.3561589320653521,2,0.5,-3.298676200000001,1,0.7575757575757576,False,COc1ccccc1[C@@H]1C[C@@]1(C(=O)O)N(CCN1C(=O)CCC1=O)S(=O)(=O)c1ccc(-c2ccc(Cl)cc2)cc1,6.8,5.9,0.9,False,3.51,583.1,4.17,1,6,121.3,10,True,True,0.446,False
1704,CAND-00674,CN(C)c1ccc(-c2ccc(S(=O)(=O)N(CCN3CCCC3=O)[C@]3(C(=O)O)C[C@H]3c3ccccc3F)cc2)cc1,0.2381633627847141,6.189875123713267,0.3149501387207037,0.4784485944204367,1.0,0.396172187363588,2,0.5,-3.180851700000001,0,0.7702702702702703,False,CN(C)c1ccc(-c2ccc(S(=O)(=O)N(CCN3CCCC3=O)[C@]3(C(=O)O)C[C@H]3c3ccccc3F)cc2)cc1,6.39,6.04,0.35,False,3.57,565.7,4.18,1,5,98.2,10,True,True,1.033,False
1705,CAND-00531,COc1cc(/C=C2/SC(=S)NC2=O)ccc1OCc1ccc(Cl)c(C(F)(F)F)c1,0.2380832869708643,5.453347788517554,0.0901974907977703,0.80163335669428,0.25,0.4766151385732638,1,1.0,-1.6463858,3,0.75,False,COc1cc(/C=C2/SC(=S)NC2=O)ccc1OCc1ccc(Cl)c(C(F)(F)F)c1,5.49,5.68,-0.19,False,2.46,459.9,5.44,1,5,47.6,5,True,True,0.424,False
1706,CAND-00962,O=C(O)[C@@]1(N(CCc2cccnc2)S(=O)(=O)c2ccc(-c3ccc(Cl)cc3)cc2)C[C@H]1c1ccccc1Cl,0.2378111840567411,6.459656092217829,0.3972742890042799,0.7926735787689535,1.0,0.2566174120378077,2,0.5,-1.6889263999999988,0,0.828125,False,O=C(O)[C@@]1(N(CCc2cccnc2)S(=O)(=O)c2ccc(-c3ccc(Cl)cc3)cc2)C[C@H]1c1ccccc1Cl,6.31,6.26,0.05,False,3.39,567.5,6.3,1,4,87.6,9,False,True,0.41,False
1707,CAND-00879,O=C1CCC(=O)N1CCN([C@]1(C(=O)O)C[C@H]1c1ccccc1Cl)S(=O)(=O)c1ccc(-c2ccc(Cl)cc2)cc1,0.2373890172215074,6.578657739526635,0.4335878568269029,0.5443775606432457,0.75,0.3599470200985443,2,0.5,-2.8678240999999995,1,0.819672131147541,False,O=C1CCC(=O)N1CCN([C@]1(C(=O)O)C[C@H]1c1ccccc1Cl)S(=O)(=O)c1ccc(-c2ccc(Cl)cc2)cc1,6.65,6.05,0.6,False,3.51,587.5,4.81,1,5,112.1,9,True,True,0.33,False
1708,CAND-00594,O=C(O)[C@@H](Cc1ccccc1)N(CCN1CCCC1=O)S(=O)(=O)c1ccc(-c2ccc(Cl)cc2)cc1F,0.2370945768142359,6.155319792179334,0.3044055168295929,0.5456938964743225,1.0,0.4066213173789179,2,0.5,-2.8615741999999984,0,0.7727272727272727,False,O=C(O)[C@@H](Cc1ccccc1)N(CCN1CCCC1=O)S(=O)(=O)c1ccc(-c2ccc(Cl)cc2)cc1F,5.85,5.79,0.06,False,2.99,545.0,4.46,1,4,95.0,10,True,True,0.646,False
1709,CAND-00592,O=C(O)[C@@H](Cc1cccc(F)c1)N(CCN1CCCC1=O)S(=O)(=O)c1ccc(-c2ccc(Cl)cc2)cc1,0.2370945768142359,6.155319792179334,0.3044055168295929,0.5456938964743225,1.0,0.4066213173789179,2,0.5,-2.861574199999999,0,0.828125,False,O=C(O)[C@@H](Cc1cccc(F)c1)N(CCN1CCCC1=O)S(=O)(=O)c1ccc(-c2ccc(Cl)cc2)cc1,5.8,5.9,-0.1,False,2.95,545.0,4.46,1,4,95.0,10,True,True,0.72,False
1710,CAND-00596,O=C(O)[C@@H](Cc1ccccc1)N(CCN1CCCC1=O)S(=O)(=O)c1ccc(-c2ccc(Cl)cc2F)cc1,0.2370945768142359,6.155319792179334,0.3044055168295929,0.5456938964743225,1.0,0.4066213173789179,2,0.5,-2.8615741999999984,0,0.8153846153846154,False,O=C(O)[C@@H](Cc1ccccc1)N(CCN1CCCC1=O)S(=O)(=O)c1ccc(-c2ccc(Cl)cc2F)cc1,5.85,5.88,-0.03,False,2.97,545.0,4.46,1,4,95.0,10,True,True,0.63,False
1711,CAND-00595,O=C(O)[C@@H](Cc1ccccc1)N(CCN1CCCC1=O)S(=O)(=O)c1ccc(-c2ccc(Cl)cc2)c(F)c1,0.2370945768142359,6.155319792179334,0.3044055168295929,0.5456938964743225,1.0,0.4066213173789179,2,0.5,-2.8615741999999984,0,0.8153846153846154,False,O=C(O)[C@@H](Cc1ccccc1)N(CCN1CCCC1=O)S(=O)(=O)c1ccc(-c2ccc(Cl)cc2)c(F)c1,5.85,5.74,0.11,False,2.97,545.0,4.46,1,4,95.0,10,True,True,0.624,False
1712,CAND-00900,O=C1CCC(=O)N1CCN([C@]1(C(=O)O)C[C@H]1c1ccccc1O)S(=O)(=O)c1ccc(-c2ccc(Cl)cc2)cc1,0.2365646995007961,6.539253449158074,0.4215635663808396,0.4263440714708076,0.75,0.3744920527039079,2,0.5,-3.4282415000000004,1,0.8064516129032258,False,O=C1CCC(=O)N1CCN([C@]1(C(=O)O)C[C@H]1c1ccccc1O)S(=O)(=O)c1ccc(-c2ccc(Cl)cc2)cc1,6.55,5.75,0.8,False,3.55,569.0,3.86,2,6,132.3,9,True,True,0.412,False
1713,CAND-00597,O=C(O)[C@@H](Cc1ccccc1)N(CCN1CCCC1=O)S(=O)(=O)c1ccc(-c2ccc(Cl)c(F)c2)cc1,0.2364952860394543,6.147464151030072,0.3020083537304666,0.5456938964743225,1.0,0.4066213173789179,2,0.5,-2.8615741999999984,0,0.8,False,O=C(O)[C@@H](Cc1ccccc1)N(CCN1CCCC1=O)S(=O)(=O)c1ccc(-c2ccc(Cl)c(F)c2)cc1,5.83,5.87,-0.04,False,2.97,545.0,4.46,1,4,95.0,10,True,True,0.625,False
1714,CAND-00672,CN(C)c1ccc(-c2ccc(S(=O)(=O)N(CCN3CCCC3=O)[C@]3(C(=O)O)C[C@H]3c3ccccc3)cc2F)cc1,0.2360266324114965,6.161866371115925,0.3064032172278332,0.4784485944204368,1.0,0.396172187363588,2,0.5,-3.1808517000000007,0,0.7972972972972973,False,CN(C)c1ccc(-c2ccc(S(=O)(=O)N(CCN3CCCC3=O)[C@]3(C(=O)O)C[C@H]3c3ccccc3)cc2F)cc1,6.56,5.94,0.62,False,3.58,565.7,4.18,1,5,98.2,10,True,True,1.041,False
1715,CAND-00671,CN(C)c1ccc(-c2ccc(S(=O)(=O)N(CCN3CCCC3=O)[C@]3(C(=O)O)C[C@H]3c3ccccc3)cc2)c(F)c1,0.2360266324114965,6.161866371115925,0.3064032172278332,0.4784485944204368,1.0,0.396172187363588,2,0.5,-3.1808517000000007,0,0.7972972972972973,False,CN(C)c1ccc(-c2ccc(S(=O)(=O)N(CCN3CCCC3=O)[C@]3(C(=O)O)C[C@H]3c3ccccc3)cc2)c(F)c1,6.56,6.07,0.49,False,3.58,565.7,4.18,1,5,98.2,10,True,True,1.039,False
1716,CAND-00675,CN(C)c1ccc(-c2ccc(S(=O)(=O)N(CCN3CCCC3=O)[C@]3(C(=O)O)C[C@H]3c3cccc(F)c3)cc2)cc1,0.2360266324114965,6.161866371115925,0.3064032172278332,0.4784485944204367,1.0,0.396172187363588,2,0.5,-3.180851700000001,0,0.7972972972972973,False,CN(C)c1ccc(-c2ccc(S(=O)(=O)N(CCN3CCCC3=O)[C@]3(C(=O)O)C[C@H]3c3cccc(F)c3)cc2)cc1,6.6,6.09,0.51,False,3.55,565.7,4.18,1,5,98.2,10,True,True,1.064,False
1717,CAND-00673,CN(C)c1ccc(-c2ccc(S(=O)(=O)N(CCN3CCCC3=O)[C@]3(C(=O)O)C[C@H]3c3ccccc3)c(F)c2)cc1,0.2360266324114965,6.161866371115925,0.3064032172278332,0.4784485944204367,1.0,0.396172187363588,2,0.5,-3.180851700000001,0,0.75,False,CN(C)c1ccc(-c2ccc(S(=O)(=O)N(CCN3CCCC3=O)[C@]3(C(=O)O)C[C@H]3c3ccccc3)c(F)c2)cc1,6.56,5.94,0.62,False,3.62,565.7,4.18,1,5,98.2,10,True,True,1.047,False
1718,CAND-00914,N#Cc1ccccc1[C@@H]1C[C@@]1(C(=O)O)N(CCN1C(=O)CCC1=O)S(=O)(=O)c1ccc(-c2ccc(Cl)cc2)cc1,0.234749042286584,6.506254702337998,0.4114939391293543,0.4396023549098268,0.75,0.3791703833616363,2,0.5,-3.3652918000000005,1,0.7575757575757576,False,N#Cc1ccccc1[C@@H]1C[C@@]1(C(=O)O)N(CCN1C(=O)CCC1=O)S(=O)(=O)c1ccc(-c2ccc(Cl)cc2)cc1,6.59,5.8,0.79,False,3.63,578.0,4.03,1,6,135.8,9,True,True,0.437,False
1719,CAND-00340,Cc1cc(CCC2CCN(S(=O)(=O)CC3(N(O)C=O)CCOCC3)CC2)c(C)nc1Cl,0.2347046592939707,6.166165819585668,0.307715201701466,0.3779146905955773,0.0,0.2694901948107922,1,1.0,-3.6581819000000015,4,0.75,False,Cc1cc(CCC2CCN(S(=O)(=O)CC3(N(O)C=O)CCOCC3)CC2)c(C)nc1Cl,6.27,7.68,-1.41,False,3.29,474.0,2.72,1,6,100.0,8,True,True,0.676,False
1720,CAND-00593,O=C(O)[C@@H](Cc1ccc(F)cc1)N(CCN1CCCC1=O)S(=O)(=O)c1ccc(-c2ccc(Cl)cc2)cc1,0.233682768973248,6.110597031214413,0.2907582854656415,0.5456938964743225,1.0,0.4066213173789179,2,0.5,-2.861574199999999,0,0.8524590163934426,False,O=C(O)[C@@H](Cc1ccc(F)cc1)N(CCN1CCCC1=O)S(=O)(=O)c1ccc(-c2ccc(Cl)cc2)cc1,5.85,5.88,-0.03,False,2.91,545.0,4.46,1,4,95.0,10,True,True,1.054,False
1721,CAND-00591,O=C(O)[C@@H](Cc1ccccc1F)N(CCN1CCCC1=O)S(=O)(=O)c1ccc(-c2ccc(Cl)cc2)cc1,0.2330818312640103,6.102719801669954,0.2883545346286906,0.5456938964743225,1.0,0.4066213173789179,2,0.5,-2.861574199999999,0,0.796875,False,O=C(O)[C@@H](Cc1ccccc1F)N(CCN1CCCC1=O)S(=O)(=O)c1ccc(-c2ccc(Cl)cc2)cc1,5.83,5.8,0.03,False,2.97,545.0,4.46,1,4,95.0,10,True,True,0.673,False
1722,CAND-00907,O=C1CCC(=O)N1CCN([C@]1(C(=O)O)C[C@H]1c1ccccc1C(F)(F)F)S(=O)(=O)c1ccc(-c2ccc(Cl)cc2)cc1,0.2329354669083177,6.578657739526635,0.4335878568269029,0.5559123853913873,0.75,0.3302566846772799,2,0.5,-2.8130572999999983,1,0.7575757575757576,False,O=C1CCC(=O)N1CCN([C@]1(C(=O)O)C[C@H]1c1ccccc1C(F)(F)F)S(=O)(=O)c1ccc(-c2ccc(Cl)cc2)cc1,6.68,5.98,0.7,False,3.66,621.0,5.18,1,5,112.1,9,False,True,0.455,False
1723,CAND-00676,CN(C)c1ccc(-c2ccc(S(=O)(=O)N(CCN3CCCC3=O)[C@]3(C(=O)O)C[C@H]3c3ccc(F)cc3)cc2)cc1,0.2326148245705086,6.117143610151004,0.2927559858638818,0.4784485944204368,1.0,0.396172187363588,2,0.5,-3.1808517000000007,0,0.8169014084507042,False,CN(C)c1ccc(-c2ccc(S(=O)(=O)N(CCN3CCCC3=O)[C@]3(C(=O)O)C[C@H]3c3ccc(F)cc3)cc2)cc1,6.4,6.03,0.37,False,3.52,565.7,4.18,1,5,98.2,10,True,True,1.044,False
1724,CAND-00527,COc1c(OCc2ccc(Cl)cc2)ccc(/C=C2/SC(=S)NC2=O)c1C(F)(F)F,0.2324582528384517,5.416480668701895,0.0789474225329451,0.8016333566942802,0.25,0.4766151385732639,1,1.0,-1.6463857999999991,3,0.625,False,COc1c(OCc2ccc(Cl)cc2)ccc(/C=C2/SC(=S)NC2=O)c1C(F)(F)F,5.6,5.63,-0.03,False,2.71,459.9,5.44,1,5,47.6,5,True,True,0.28,False
1725,CAND-01380,COc1cc(-c2ccccc2)ccc1OCC(=O)NNC(=S)NCc1ccc(-c2ccccc2)cc1,0.2310029820534271,5.55952244991052,0.1225968806779149,0.7035676746976722,0.5,0.2323484723815655,1,1.0,-2.1119969999999992,2,0.7115384615384616,False,COc1cc(-c2ccccc2)ccc1OCC(=O)NNC(=S)NCc1ccc(-c2ccccc2)cc1,5.52,6.06,-0.54,False,2.09,497.6,5.1,3,4,71.6,8,True,True,0.618,False
1726,CAND-00609,Cc1cc(S(=O)(=O)N(CCN2CCCC2=O)[C@H](Cc2ccccc2)C(=O)O)ccc1-c1ccc(Cl)cc1,0.226988917373653,6.026903488258042,0.2652190495206541,0.5761052158798977,1.0,0.4045610332899298,2,0.5,-2.7171826999999995,0,0.803030303030303,False,Cc1cc(S(=O)(=O)N(CCN2CCCC2=O)[C@H](Cc2ccccc2)C(=O)O)ccc1-c1ccc(Cl)cc1,5.78,5.8,-0.02,False,2.96,541.1,4.62,1,4,95.0,10,True,True,0.504,False
1727,CAND-00174,O=C(O)C(c1ccccc1)N1C(=O)/C(=C\c2cccc(Oc3cc(Cl)c(Cl)c(C(F)(F)F)c3)c2)SC1=S,0.2264283555109206,5.851196304423689,0.2116016847077664,1.0,0.25,0.2354250438567913,1,1.0,-0.7045503999999982,3,0.7611940298507462,False,O=C(O)C(c1ccccc1)N1C(=O)/C(=C\c2cccc(Oc3cc(Cl)c(Cl)c(C(F)(F)F)c3)c2)SC1=S,5.8,5.89,-0.09,False,3.16,584.4,7.83,1,5,66.8,6,False,True,0.383,False
1728,CAND-00260,COc1c(O)cccc1C[C@@H](C(=O)N[C@H]1c2ccccc2C[C@H]1O)[C@H](NCC1CC1)C(=O)NO,0.2261022044412226,7.019817816210604,0.5682086518124133,0.1570607751446542,0.5,0.2270002765874619,2,0.5,-4.706785800000002,2,0.6805555555555556,True,COc1c(O)cccc1C[C@@H](C(=O)N[C@H]1c2ccccc2C[C@H]1O)[C@H](NCC1CC1)C(=O)NO,7.19,7.57,-0.38,False,3.94,469.5,1.21,6,7,140.2,10,True,False,0.808,False
1729,CAND-01042,COc1cc(S(=O)(=O)N2C[C@H](O)CC(C)(C)[C@@H]2C(=O)NO)ccc1OCc1ccc(Cl)cc1Cl,0.2260030805580848,8.22111317171049,0.9347861013980112,0.3783725511154545,0.5,0.3687206365841631,3,0.3333333333333333,-3.656008,2,0.782608695652174,True,COc1cc(S(=O)(=O)N2C[C@H](O)CC(C)(C)[C@@H]2C(=O)NO)ccc1OCc1ccc(Cl)cc1Cl,8.01,8.49,-0.48,False,3.45,533.4,3.24,3,7,125.4,7,True,True,1.015,False
1730,CAND-00677,CN(C)c1ccc(-c2ccc(S(=O)(=O)N(CCN3CCCC3=O)[C@]3(C(=O)O)C[C@H]3c3ccccc3)cc2)cc1Cl,0.2254138624552381,6.068838250399016,0.2780155180029784,0.5342152643692201,1.0,0.3727332196966234,2,0.5,-2.9160742,0,0.7857142857142857,False,CN(C)c1ccc(-c2ccc(S(=O)(=O)N(CCN3CCCC3=O)[C@]3(C(=O)O)C[C@H]3c3ccccc3)cc2)cc1Cl,6.37,6.05,0.32,False,3.59,582.1,4.7,1,5,98.2,10,True,True,0.81,False
1731,CAND-00968,Cc1ncccc1CCN([C@]1(C(=O)O)C[C@H]1c1ccccc1)S(=O)(=O)c1ccc(-c2ccc(Cl)cc2)cc1,0.2245411191987513,6.239845102231216,0.3301985680075501,0.7673182282257459,1.0,0.2799431813124255,2,0.5,-1.8093123999999976,0,0.7538461538461538,False,Cc1ncccc1CCN([C@]1(C(=O)O)C[C@H]1c1ccccc1)S(=O)(=O)c1ccc(-c2ccc(Cl)cc2)cc1,6.49,6.15,0.34,False,3.39,547.1,5.95,1,4,87.6,9,False,True,0.501,False
1732,CAND-00608,Cc1cc(-c2ccc(Cl)cc2)ccc1S(=O)(=O)N(CCN1CCCC1=O)[C@H](Cc1ccccc1)C(=O)O,0.2227906709758993,5.971871910024662,0.2484260639296392,0.5761052158798974,1.0,0.4045610332899298,2,0.5,-2.717182700000001,0,0.7727272727272727,False,Cc1cc(-c2ccc(Cl)cc2)ccc1S(=O)(=O)N(CCN1CCCC1=O)[C@H](Cc1ccccc1)C(=O)O,5.78,5.84,-0.06,False,2.98,541.1,4.62,1,4,95.0,10,True,True,0.521,False
1733,CAND-00610,Cc1cc(Cl)ccc1-c1ccc(S(=O)(=O)N(CCN2CCCC2=O)[C@H](Cc2ccccc2)C(=O)O)cc1,0.2227906709758993,5.971871910024662,0.2484260639296392,0.5761052158798976,1.0,0.4045610332899298,2,0.5,-2.7171827,0,0.803030303030303,False,Cc1cc(Cl)ccc1-c1ccc(S(=O)(=O)N(CCN2CCCC2=O)[C@H](Cc2ccccc2)C(=O)O)cc1,6.12,5.98,0.14,False,2.95,541.1,4.62,1,4,95.0,10,True,True,0.804,False
1734,CAND-00606,Cc1cccc(C[C@H](C(=O)O)N(CCN2CCCC2=O)S(=O)(=O)c2ccc(-c3ccc(Cl)cc3)cc2)c1,0.2227906709758993,5.971871910024662,0.2484260639296392,0.5761052158798978,1.0,0.4045610332899298,2,0.5,-2.7171826999999986,0,0.828125,False,Cc1cccc(C[C@H](C(=O)O)N(CCN2CCCC2=O)S(=O)(=O)c2ccc(-c3ccc(Cl)cc3)cc2)c1,5.74,5.99,-0.25,False,2.94,541.1,4.62,1,4,95.0,10,True,True,0.495,False
1735,CAND-00634,N#Cc1cccc(C[C@H](C(=O)O)N(CCN2CCCC2=O)S(=O)(=O)c2ccc(-c3ccc(Cl)cc3)cc2)c1,0.222622019926703,5.971871910024662,0.2484260639296392,0.4966853606896869,1.0,0.403436692961955,2,0.5,-3.0942643999999992,0,0.7910447761194029,False,N#Cc1cccc(C[C@H](C(=O)O)N(CCN2CCCC2=O)S(=O)(=O)c2ccc(-c3ccc(Cl)cc3)cc2)c1,5.75,5.81,-0.06,False,3.05,552.1,4.19,1,5,118.8,10,True,True,0.53,False
1736,CAND-01047,CC1(C)C[C@@H](O)CN(S(=O)(=O)c2ccc(OCc3ccc(Cl)cc3Cl)c(O)c2)[C@H]1C(=O)NO,0.2224977901037167,8.207869706264587,0.9307448339739696,0.351083883000093,0.5,0.3404031777472183,3,0.3333333333333333,-3.785573300000001,2,0.7941176470588235,True,CC1(C)C[C@@H](O)CN(S(=O)(=O)c2ccc(OCc3ccc(Cl)cc3Cl)c(O)c2)[C@H]1C(=O)NO,8.11,8.43,-0.32,True,3.55,519.4,2.93,4,7,136.4,6,True,True,1.007,False
1737,CAND-00611,Cc1cc(-c2ccc(S(=O)(=O)N(CCN3CCCC3=O)[C@H](Cc3ccccc3)C(=O)O)cc2)ccc1Cl,0.2221913802011177,5.9640162688754,0.2460289008305129,0.5761052158798978,1.0,0.4045610332899298,2,0.5,-2.7171826999999986,0,0.8,False,Cc1cc(-c2ccc(S(=O)(=O)N(CCN3CCCC3=O)[C@H](Cc3ccccc3)C(=O)O)cc2)ccc1Cl,5.75,5.94,-0.19,False,2.95,541.1,4.62,1,4,95.0,10,True,True,0.491,False
1738,CAND-00945,O=C(O)[C@@]1(N(CCc2ccc(F)nc2)S(=O)(=O)c2ccc(-c3ccc(Cl)cc3)cc2)C[C@H]1c1ccccc1,0.2217318750297106,6.556800264726863,0.4269180088750244,0.7369069088201704,0.75,0.2666824854063638,2,0.5,-1.953703899999999,1,0.7575757575757576,False,O=C(O)[C@@]1(N(CCc2ccc(F)nc2)S(=O)(=O)c2ccc(-c3ccc(Cl)cc3)cc2)C[C@H]1c1ccccc1,6.73,6.24,0.49,False,3.41,551.0,5.79,1,4,87.6,9,False,True,0.633,False
1739,CAND-00946,O=C(O)[C@@]1(N(CCc2cccnc2F)S(=O)(=O)c2ccc(-c3ccc(Cl)cc3)cc2)C[C@H]1c1ccccc1,0.2217318750297106,6.556800264726863,0.4269180088750244,0.7369069088201704,0.75,0.2666824854063638,2,0.5,-1.953703899999999,1,0.7538461538461538,False,O=C(O)[C@@]1(N(CCc2cccnc2F)S(=O)(=O)c2ccc(-c3ccc(Cl)cc3)cc2)C[C@H]1c1ccccc1,6.72,6.13,0.59,False,3.43,551.0,5.79,1,4,87.6,9,False,True,0.668,False
1740,CAND-00684,Cc1cc(-c2ccc(S(=O)(=O)N(CCN3CCCC3=O)[C@]3(C(=O)O)C[C@H]3c3ccccc3)cc2)ccc1N(C)C,0.2210579542497912,5.967374750648501,0.247053747615466,0.5088599138260128,1.0,0.3952967823061648,2,0.5,-3.036460199999998,0,0.7464788732394366,False,Cc1cc(-c2ccc(S(=O)(=O)N(CCN3CCCC3=O)[C@]3(C(=O)O)C[C@H]3c3ccccc3)cc2)ccc1N(C)C,6.11,6.06,0.05,False,3.58,561.7,4.35,1,5,98.2,10,True,True,0.833,False
1741,CAND-00615,COc1cc(-c2ccc(Cl)cc2)ccc1S(=O)(=O)N(CCN1CCCC1=O)[C@H](Cc1ccccc1)C(=O)O,0.220283338637402,5.99323623244218,0.254945425540489,0.5107157453660286,1.0,0.376979881681865,2,0.5,-3.027648800000001,0,0.7391304347826086,False,COc1cc(-c2ccc(Cl)cc2)ccc1S(=O)(=O)N(CCN1CCCC1=O)[C@H](Cc1ccccc1)C(=O)O,5.75,5.72,0.03,False,3.0,557.1,4.32,1,5,104.2,11,True,False,0.546,False
1742,CAND-00637,N#Cc1cc(S(=O)(=O)N(CCN2CCCC2=O)[C@H](Cc2ccccc2)C(=O)O)ccc1-c1ccc(Cl)cc1,0.2201046131138317,5.938873163204586,0.2383564366781539,0.4966853606896868,1.0,0.403436692961955,2,0.5,-3.0942644,0,0.7681159420289855,False,N#Cc1cc(S(=O)(=O)N(CCN2CCCC2=O)[C@H](Cc2ccccc2)C(=O)O)ccc1-c1ccc(Cl)cc1,5.79,5.56,0.23,False,3.09,552.1,4.19,1,5,118.8,10,True,True,0.55,False
1743,CAND-00636,N#Cc1cc(-c2ccc(Cl)cc2)ccc1S(=O)(=O)N(CCN1CCCC1=O)[C@H](Cc1ccccc1)C(=O)O,0.2201046131138316,5.938873163204586,0.2383564366781539,0.4966853606896863,1.0,0.4034366929619544,2,0.5,-3.094264400000002,0,0.7391304347826086,False,N#Cc1cc(-c2ccc(Cl)cc2)ccc1S(=O)(=O)N(CCN1CCCC1=O)[C@H](Cc1ccccc1)C(=O)O,5.8,5.6,0.2,False,3.11,552.1,4.19,1,5,118.8,10,True,True,0.558,False
1744,CAND-00638,N#Cc1cc(Cl)ccc1-c1ccc(S(=O)(=O)N(CCN2CCCC2=O)[C@H](Cc2ccccc2)C(=O)O)cc1,0.2201046131138316,5.938873163204586,0.2383564366781539,0.4966853606896864,1.0,0.4034366929619544,2,0.5,-3.094264400000001,0,0.7681159420289855,False,N#Cc1cc(Cl)ccc1-c1ccc(S(=O)(=O)N(CCN2CCCC2=O)[C@H](Cc2ccccc2)C(=O)O)cc1,5.79,5.7,0.09,False,3.08,552.1,4.19,1,5,118.8,10,True,True,0.555,False
1745,CAND-00618,COc1cc(-c2ccc(S(=O)(=O)N(CCN3CCCC3=O)[C@H](Cc3ccccc3)C(=O)O)cc2)ccc1Cl,0.2196840478626204,5.985380591292918,0.2525482624413627,0.5107157453660289,1.0,0.376979881681865,2,0.5,-3.0276488,0,0.7647058823529411,False,COc1cc(-c2ccc(S(=O)(=O)N(CCN3CCCC3=O)[C@H](Cc3ccccc3)C(=O)O)cc2)ccc1Cl,5.73,5.83,-0.1,False,2.96,557.1,4.32,1,5,104.2,11,True,False,0.528,False
1746,CAND-00639,N#Cc1cc(-c2ccc(S(=O)(=O)N(CCN3CCCC3=O)[C@H](Cc3ccccc3)C(=O)O)cc2)ccc1Cl,0.2195053223390501,5.931017522055324,0.2359592735790276,0.4966853606896866,1.0,0.403436692961955,2,0.5,-3.0942644,0,0.7647058823529411,False,N#Cc1cc(-c2ccc(S(=O)(=O)N(CCN3CCCC3=O)[C@H](Cc3ccccc3)C(=O)O)cc2)ccc1Cl,5.76,5.71,0.05,False,3.09,552.1,4.19,1,5,118.8,10,True,True,0.525,False
1747,CAND-00607,Cc1ccc(C[C@H](C(=O)O)N(CCN2CCCC2=O)S(=O)(=O)c2ccc(-c3ccc(Cl)cc3)cc2)cc1,0.2193788631349114,5.9271491490597406,0.2347788325656878,0.5761052158798978,1.0,0.4045610332899298,2,0.5,-2.7171826999999986,0,0.8524590163934426,False,Cc1ccc(C[C@H](C(=O)O)N(CCN2CCCC2=O)S(=O)(=O)c2ccc(-c3ccc(Cl)cc3)cc2)cc1,5.64,5.96,-0.32,False,2.9,541.1,4.62,1,4,95.0,10,True,True,0.524,False
1748,CAND-00635,N#Cc1ccc(C[C@H](C(=O)O)N(CCN2CCCC2=O)S(=O)(=O)c2ccc(-c3ccc(Cl)cc3)cc2)cc1,0.2192102120857152,5.9271491490597406,0.2347788325656878,0.496685360689687,1.0,0.403436692961955,2,0.5,-3.0942643999999984,0,0.8125,False,N#Cc1ccc(C[C@H](C(=O)O)N(CCN2CCCC2=O)S(=O)(=O)c2ccc(-c3ccc(Cl)cc3)cc2)cc1,5.63,5.73,-0.1,False,3.02,552.1,4.19,1,5,118.8,10,True,True,0.56,False
1749,CAND-00623,O=C(O)[C@@H](Cc1ccccc1)N(CCN1CCCC1=O)S(=O)(=O)c1ccc(-c2ccc(Cl)cc2)c(O)c1,0.2190478903838326,5.932467619656101,0.2364017734835758,0.4834270772506677,1.0,0.3996496467529246,2,0.5,-3.1572140999999987,0,0.828125,False,O=C(O)[C@@H](Cc1ccccc1)N(CCN1CCCC1=O)S(=O)(=O)c1ccc(-c2ccc(Cl)cc2)c(O)c1,5.76,5.39,0.37,False,3.03,543.0,4.02,2,5,115.2,10,True,True,0.479,False
1750,CAND-00624,O=C(O)[C@@H](Cc1ccccc1)N(CCN1CCCC1=O)S(=O)(=O)c1ccc(-c2ccc(Cl)cc2O)cc1,0.2190478903838326,5.932467619656101,0.2364017734835758,0.4834270772506677,1.0,0.3996496467529246,2,0.5,-3.1572140999999987,0,0.828125,False,O=C(O)[C@@H](Cc1ccccc1)N(CCN1CCCC1=O)S(=O)(=O)c1ccc(-c2ccc(Cl)cc2O)cc1,5.76,5.46,0.3,False,3.02,543.0,4.02,2,5,115.2,10,True,True,0.485,False
1751,CAND-00620,O=C(O)[C@@H](Cc1cccc(O)c1)N(CCN1CCCC1=O)S(=O)(=O)c1ccc(-c2ccc(Cl)cc2)cc1,0.2190478903838326,5.932467619656101,0.2364017734835758,0.4834270772506674,1.0,0.3996496467529246,2,0.5,-3.1572141,0,0.8412698412698413,False,O=C(O)[C@@H](Cc1cccc(O)c1)N(CCN1CCCC1=O)S(=O)(=O)c1ccc(-c2ccc(Cl)cc2)cc1,5.72,5.54,0.18,False,3.0,543.0,4.02,2,5,115.2,10,True,True,0.471,False
1752,CAND-00622,O=C(O)[C@@H](Cc1ccccc1)N(CCN1CCCC1=O)S(=O)(=O)c1ccc(-c2ccc(Cl)cc2)cc1O,0.2190478903838326,5.932467619656101,0.2364017734835758,0.4834270772506677,1.0,0.3996496467529246,2,0.5,-3.1572140999999987,0,0.7846153846153846,False,O=C(O)[C@@H](Cc1ccccc1)N(CCN1CCCC1=O)S(=O)(=O)c1ccc(-c2ccc(Cl)cc2)cc1O,5.78,5.43,0.35,False,3.07,543.0,4.02,2,5,115.2,10,True,True,0.503,False
1753,CAND-00605,Cc1ccccc1C[C@H](C(=O)O)N(CCN1CCCC1=O)S(=O)(=O)c1ccc(-c2ccc(Cl)cc2)cc1,0.2187779254256737,5.919271919515282,0.2323750817287369,0.5761052158798978,1.0,0.4045610332899298,2,0.5,-2.7171826999999986,0,0.796875,False,Cc1ccccc1C[C@H](C(=O)O)N(CCN1CCCC1=O)S(=O)(=O)c1ccc(-c2ccc(Cl)cc2)cc1,5.77,5.87,-0.1,False,2.95,541.1,4.62,1,4,95.0,10,True,True,0.63,False
1754,CAND-00681,CN(C)c1ccc(-c2ccc(S(=O)(=O)N(CCN3CCCC3=O)[C@]3(C(=O)O)C[C@H]3c3ccccc3Cl)cc2)cc1,0.2187656581617399,5.981692061246114,0.2514227008289858,0.5342152643692201,1.0,0.3727332196966234,2,0.5,-2.9160742,0,0.7466666666666667,False,CN(C)c1ccc(-c2ccc(S(=O)(=O)N(CCN3CCCC3=O)[C@]3(C(=O)O)C[C@H]3c3ccccc3Cl)cc2)cc1,6.19,6.07,0.12,False,3.57,582.1,4.7,1,5,98.2,10,True,True,0.788,False
1755,CAND-00625,O=C(O)[C@@H](Cc1ccccc1)N(CCN1CCCC1=O)S(=O)(=O)c1ccc(-c2ccc(Cl)c(O)c2)cc1,0.2184485996090511,5.924611978506839,0.2340046103844496,0.4834270772506677,1.0,0.3996496467529246,2,0.5,-3.1572140999999987,0,0.8125,False,O=C(O)[C@@H](Cc1ccccc1)N(CCN1CCCC1=O)S(=O)(=O)c1ccc(-c2ccc(Cl)c(O)c2)cc1,5.73,5.47,0.26,False,3.02,543.0,4.02,2,5,115.2,10,True,True,0.452,False
1756,CAND-00691,COc1cc(-c2ccc(S(=O)(=O)N(CCN3CCCC3=O)[C@]3(C(=O)O)C[C@H]3c3ccccc3)cc2)ccc1N(C)C,0.2183563260024216,5.988739073066019,0.2535731092263157,0.4434704433121437,1.0,0.3664203246389513,2,0.5,-3.346926299999999,0,0.7162162162162162,False,COc1cc(-c2ccc(S(=O)(=O)N(CCN3CCCC3=O)[C@]3(C(=O)O)C[C@H]3c3ccccc3)cc2)ccc1N(C)C,6.12,5.88,0.24,False,3.6,577.7,4.05,1,6,107.5,11,True,False,0.855,False
1757,CAND-00120,O=C(O)C(c1ccccc1)N1C(=O)/C(=C\c2cc(Oc3ccc(Cl)c(Cl)c3)ccc2F)SC1=S,0.2181263034122897,5.723344762235668,0.1725875554627838,0.9326985053030752,0.25,0.2727750856029928,1,1.0,-1.0240946999999982,3,0.75,False,O=C(O)C(c1ccccc1)N1C(=O)/C(=C\c2cc(Oc3ccc(Cl)c(Cl)c3)ccc2F)SC1=S,5.63,6.04,-0.41,False,2.94,534.4,6.95,1,5,66.8,6,False,True,0.576,False
1758,CAND-00122,O=C(O)C(c1ccccc1)N1C(=O)/C(=C\c2ccc(F)c(Oc3ccc(Cl)c(Cl)c3)c2)SC1=S,0.2181263034122897,5.723344762235668,0.1725875554627838,0.9326985053030752,0.25,0.2727750856029928,1,1.0,-1.0240946999999982,3,0.7692307692307693,False,O=C(O)C(c1ccccc1)N1C(=O)/C(=C\c2ccc(F)c(Oc3ccc(Cl)c(Cl)c3)c2)SC1=S,5.63,6.02,-0.39,False,2.92,534.4,6.95,1,5,66.8,6,False,True,0.568,False
1759,CAND-00682,CN(C)c1ccc(-c2ccc(S(=O)(=O)N(CCN3CCCC3=O)[C@]3(C(=O)O)C[C@H]3c3cccc(Cl)c3)cc2)cc1,0.2172282185633039,5.961538949798034,0.2452729424352416,0.5342152643692201,1.0,0.3727332196966234,2,0.5,-2.9160742,0,0.7733333333333333,False,CN(C)c1ccc(-c2ccc(S(=O)(=O)N(CCN3CCCC3=O)[C@]3(C(=O)O)C[C@H]3c3cccc(Cl)c3)cc2)cc1,6.44,6.12,0.32,False,3.55,582.1,4.7,1,5,98.2,10,True,True,0.786,False
1760,CAND-00121,O=C(O)C(c1ccccc1)N1C(=O)/C(=C\c2cc(F)cc(Oc3ccc(Cl)c(Cl)c3)c2)SC1=S,0.2169277218627266,5.715489121086407,0.1701903923636575,0.9326985053030752,0.25,0.2727750856029928,1,1.0,-1.0240946999999982,3,0.8095238095238095,False,O=C(O)C(c1ccccc1)N1C(=O)/C(=C\c2cc(F)cc(Oc3ccc(Cl)c(Cl)c3)c2)SC1=S,5.57,6.04,-0.47,False,2.97,534.4,6.95,1,5,66.8,6,False,True,0.639,False
1761,CAND-00126,O=C(O)C(c1ccccc1)N1C(=O)/C(=C\c2cccc(Oc3ccc(Cl)c(Cl)c3)c2F)SC1=S,0.2169277218627266,5.715489121086407,0.1701903923636575,0.9326985053030752,0.25,0.2727750856029928,1,1.0,-1.0240946999999982,3,0.7164179104477612,False,O=C(O)C(c1ccccc1)N1C(=O)/C(=C\c2cccc(Oc3ccc(Cl)c(Cl)c3)c2F)SC1=S,5.66,6.06,-0.4,False,3.0,534.4,6.95,1,5,66.8,6,False,True,0.68,False
1762,CAND-00117,O=C(O)C(c1ccccc1F)N1C(=O)/C(=C\c2cccc(Oc3ccc(Cl)c(Cl)c3)c2)SC1=S,0.2169277218627266,5.715489121086407,0.1701903923636575,0.9326985053030752,0.25,0.2727750856029928,1,1.0,-1.0240946999999982,3,0.796875,False,O=C(O)C(c1ccccc1F)N1C(=O)/C(=C\c2cccc(Oc3ccc(Cl)c(Cl)c3)c2)SC1=S,5.61,6.05,-0.44,False,2.98,534.4,6.95,1,5,66.8,6,False,True,0.554,False
1763,CAND-00118,O=C(O)C(c1cccc(F)c1)N1C(=O)/C(=C\c2cccc(Oc3ccc(Cl)c(Cl)c3)c2)SC1=S,0.2169277218627266,5.715489121086407,0.1701903923636575,0.9326985053030752,0.25,0.2727750856029928,1,1.0,-1.0240946999999982,3,0.8548387096774194,False,O=C(O)C(c1cccc(F)c1)N1C(=O)/C(=C\c2cccc(Oc3ccc(Cl)c(Cl)c3)c2)SC1=S,5.56,6.05,-0.49,False,2.95,534.4,6.95,1,5,66.8,6,False,True,0.638,False
1764,CAND-00119,O=C(O)C(c1ccc(F)cc1)N1C(=O)/C(=C\c2cccc(Oc3ccc(Cl)c(Cl)c3)c2)SC1=S,0.2169277218627266,5.715489121086407,0.1701903923636575,0.9326985053030752,0.25,0.2727750856029928,1,1.0,-1.0240946999999982,3,0.8688524590163934,False,O=C(O)C(c1ccc(F)cc1)N1C(=O)/C(=C\c2cccc(Oc3ccc(Cl)c(Cl)c3)c2)SC1=S,5.45,6.06,-0.61,False,2.9,534.4,6.95,1,5,66.8,6,False,True,0.842,False
1765,CAND-00614,COc1ccc(C[C@H](C(=O)O)N(CCN2CCCC2=O)S(=O)(=O)c2ccc(-c3ccc(Cl)cc3)cc2)cc1,0.2168715307964141,5.948513471477258,0.2412981941765375,0.5107157453660289,1.0,0.376979881681865,2,0.5,-3.0276488,0,0.8125,False,COc1ccc(C[C@H](C(=O)O)N(CCN2CCCC2=O)S(=O)(=O)c2ccc(-c3ccc(Cl)cc3)cc2)cc1,5.58,5.85,-0.27,False,2.91,557.1,4.32,1,5,104.2,11,True,False,0.547,False
1766,CAND-00604,O=C(O)[C@@H](Cc1ccccc1)N(CCN1CCCC1=O)S(=O)(=O)c1ccc(-c2ccc(Cl)c(Cl)c2)cc1,0.2167727371439375,5.946378289915431,0.2406466396626925,0.6014605664231057,1.0,0.377407181521763,2,0.5,-2.5967966999999983,0,0.8387096774193549,False,O=C(O)[C@@H](Cc1ccccc1)N(CCN1CCCC1=O)S(=O)(=O)c1ccc(-c2ccc(Cl)c(Cl)c2)cc1,5.76,6.11,-0.35,False,2.94,561.5,4.97,1,4,95.0,10,True,True,0.427,False
1767,CAND-00293,Cc1cc(Cl)ncc1CCC1CCN(S(=O)(=O)CC2(N(O)C=O)CCOCC2)CC1,0.2167291865771627,6.033320754433643,0.2671772898960903,0.3498155257450442,0.0,0.2771351387637254,1,1.0,-3.791595400000003,4,0.8461538461538461,False,Cc1cc(Cl)ncc1CCC1CCN(S(=O)(=O)CC2(N(O)C=O)CCOCC2)CC1,6.18,7.36,-1.18,False,3.23,460.0,2.41,1,6,100.0,8,True,True,0.651,False
1768,CAND-00680,CN(C)c1ccc(-c2ccc(S(=O)(=O)N(CCN3CCCC3=O)[C@]3(C(=O)O)C[C@H]3c3ccccc3)c(Cl)c2)cc1,0.2166289277885223,5.953683308648772,0.2428757793361153,0.5342152643692201,1.0,0.3727332196966234,2,0.5,-2.9160742,0,0.7272727272727273,False,CN(C)c1ccc(-c2ccc(S(=O)(=O)N(CCN3CCCC3=O)[C@]3(C(=O)O)C[C@H]3c3ccccc3)c(Cl)c2)cc1,6.32,5.94,0.38,False,3.61,582.1,4.7,1,5,98.2,10,True,True,0.826,False
1769,CAND-00679,CN(C)c1ccc(-c2ccc(S(=O)(=O)N(CCN3CCCC3=O)[C@]3(C(=O)O)C[C@H]3c3ccccc3)cc2Cl)cc1,0.2166289277885223,5.953683308648772,0.2428757793361153,0.5342152643692201,1.0,0.3727332196966234,2,0.5,-2.9160742,0,0.7631578947368421,False,CN(C)c1ccc(-c2ccc(S(=O)(=O)N(CCN3CCCC3=O)[C@]3(C(=O)O)C[C@H]3c3ccccc3)cc2Cl)cc1,6.31,5.95,0.36,False,3.58,582.1,4.7,1,5,98.2,10,True,True,0.826,False
1770,CAND-00678,CN(C)c1ccc(-c2ccc(S(=O)(=O)N(CCN3CCCC3=O)[C@]3(C(=O)O)C[C@H]3c3ccccc3)cc2)c(Cl)c1,0.2166289277885223,5.953683308648772,0.2428757793361153,0.5342152643692201,1.0,0.3727332196966234,2,0.5,-2.9160742,0,0.7631578947368421,False,CN(C)c1ccc(-c2ccc(S(=O)(=O)N(CCN3CCCC3=O)[C@]3(C(=O)O)C[C@H]3c3ccccc3)cc2)c(Cl)c1,6.32,6.09,0.23,False,3.58,582.1,4.7,1,5,98.2,10,True,True,0.823,False
1771,CAND-00143,Cc1cc(Cl)c(Cl)cc1Oc1cccc(/C=C2/SC(=S)N(C(C(=O)O)c3ccccc3)C2=O)c1,0.2165790618471567,5.717754230474879,0.1708815945887031,0.9631098247086508,0.25,0.270460881842684,1,1.0,-0.8797031999999971,3,0.78125,False,Cc1cc(Cl)c(Cl)cc1Oc1cccc(/C=C2/SC(=S)N(C(C(=O)O)c3ccccc3)C2=O)c1,5.62,6.1,-0.48,False,2.94,530.5,7.12,1,5,66.8,6,False,True,0.607,False
1772,CAND-00686,Cc1cc(S(=O)(=O)N(CCN2CCCC2=O)[C@]2(C(=O)O)C[C@H]2c2ccccc2)ccc1-c1ccc(N(C)C)cc1,0.2164712659808292,5.907251387131637,0.2287069945396178,0.5088599138260126,1.0,0.3952967823061648,2,0.5,-3.0364601999999987,0,0.7733333333333333,False,Cc1cc(S(=O)(=O)N(CCN2CCCC2=O)[C@]2(C(=O)O)C[C@H]2c2ccccc2)ccc1-c1ccc(N(C)C)cc1,6.08,5.96,0.12,False,3.56,561.7,4.35,1,5,98.2,10,True,True,0.837,False
1773,CAND-00612,COc1ccccc1C[C@H](C(=O)O)N(CCN1CCCC1=O)S(=O)(=O)c1ccc(-c2ccc(Cl)cc2)cc1,0.2162705930871764,5.9406362419328,0.2388944433395867,0.5107157453660287,1.0,0.376979881681865,2,0.5,-3.0276488,0,0.7611940298507462,False,COc1ccccc1C[C@H](C(=O)O)N(CCN1CCCC1=O)S(=O)(=O)c1ccc(-c2ccc(Cl)cc2)cc1,5.92,5.76,0.16,False,2.97,557.1,4.32,1,5,104.2,11,True,False,0.796,False
1774,CAND-00633,N#Cc1ccccc1C[C@H](C(=O)O)N(CCN1CCCC1=O)S(=O)(=O)c1ccc(-c2ccc(Cl)cc2)cc1,0.2160918675636061,5.886273172695206,0.2223054544772517,0.4966853606896869,1.0,0.403436692961955,2,0.5,-3.0942643999999992,0,0.7611940298507462,False,N#Cc1ccccc1C[C@H](C(=O)O)N(CCN1CCCC1=O)S(=O)(=O)c1ccc(-c2ccc(Cl)cc2)cc1,5.77,5.6,0.17,False,3.09,552.1,4.19,1,5,118.8,10,True,True,0.573,False
1775,CAND-00621,O=C(O)[C@@H](Cc1ccc(O)cc1)N(CCN1CCCC1=O)S(=O)(=O)c1ccc(-c2ccc(Cl)cc2)cc1,0.2156360825428448,5.887744858691179,0.2227545421196244,0.4834270772506674,1.0,0.3996496467529246,2,0.5,-3.1572141,0,0.8666666666666667,False,O=C(O)[C@@H](Cc1ccc(O)cc1)N(CCN1CCCC1=O)S(=O)(=O)c1ccc(-c2ccc(Cl)cc2)cc1,5.6,5.48,0.12,False,2.96,543.0,4.02,2,5,115.2,10,True,True,0.499,False
1776,CAND-00601,O=C(O)[C@@H](Cc1ccccc1)N(CCN1CCCC1=O)S(=O)(=O)c1ccc(-c2ccc(Cl)cc2)cc1Cl,0.2155232960848763,5.93000032948259,0.2356488754264476,0.601460566423106,1.0,0.377407181521763,2,0.5,-2.5967966999999974,0,0.796875,False,O=C(O)[C@@H](Cc1ccccc1)N(CCN1CCCC1=O)S(=O)(=O)c1ccc(-c2ccc(Cl)cc2)cc1Cl,5.8,6.01,-0.21,False,2.99,561.5,4.97,1,4,95.0,10,True,True,0.48,False
1777,CAND-00602,O=C(O)[C@@H](Cc1ccccc1)N(CCN1CCCC1=O)S(=O)(=O)c1ccc(-c2ccc(Cl)cc2)c(Cl)c1,0.2155232960848763,5.93000032948259,0.2356488754264476,0.601460566423106,1.0,0.377407181521763,2,0.5,-2.5967966999999974,0,0.828125,False,O=C(O)[C@@H](Cc1ccccc1)N(CCN1CCCC1=O)S(=O)(=O)c1ccc(-c2ccc(Cl)cc2)c(Cl)c1,5.8,6.0,-0.2,False,2.97,561.5,4.97,1,4,95.0,10,True,True,0.443,False
1778,CAND-00603,O=C(O)[C@@H](Cc1ccccc1)N(CCN1CCCC1=O)S(=O)(=O)c1ccc(-c2ccc(Cl)cc2Cl)cc1,0.2155232960848763,5.93000032948259,0.2356488754264476,0.6014605664231059,1.0,0.377407181521763,2,0.5,-2.596796699999998,0,0.828125,False,O=C(O)[C@@H](Cc1ccccc1)N(CCN1CCCC1=O)S(=O)(=O)c1ccc(-c2ccc(Cl)cc2Cl)cc1,5.81,6.11,-0.3,False,2.96,561.5,4.97,1,4,95.0,10,True,True,0.458,False
1779,CAND-00599,O=C(O)[C@@H](Cc1cccc(Cl)c1)N(CCN1CCCC1=O)S(=O)(=O)c1ccc(-c2ccc(Cl)cc2)cc1,0.2155232960848763,5.93000032948259,0.2356488754264476,0.6014605664231056,1.0,0.377407181521763,2,0.5,-2.5967966999999987,0,0.8688524590163934,False,O=C(O)[C@@H](Cc1cccc(Cl)c1)N(CCN1CCCC1=O)S(=O)(=O)c1ccc(-c2ccc(Cl)cc2)cc1,5.73,6.14,-0.41,False,2.95,561.5,4.97,1,4,95.0,10,True,True,0.43,False
1780,CAND-00619,O=C(O)[C@@H](Cc1ccccc1O)N(CCN1CCCC1=O)S(=O)(=O)c1ccc(-c2ccc(Cl)cc2)cc1,0.215035144833607,5.8798676291467205,0.2203507912826736,0.4834270772506674,1.0,0.3996496467529246,2,0.5,-3.1572141,0,0.8225806451612904,False,O=C(O)[C@@H](Cc1ccccc1O)N(CCN1CCCC1=O)S(=O)(=O)c1ccc(-c2ccc(Cl)cc2)cc1,5.74,5.42,0.32,False,3.01,543.0,4.02,2,5,115.2,10,True,True,0.518,False
1781,CAND-00712,CN(C)c1ccc(-c2ccc(S(=O)(=O)N(CCN3CCCC3=O)[C@]3(C(=O)O)C[C@H]3c3ccccc3)cc2)cc1C#N,0.214867764488652,5.894971713459864,0.2249598299179173,0.4294400586358013,1.0,0.3908520467278181,2,0.5,-3.4135419,0,0.7066666666666667,False,CN(C)c1ccc(-c2ccc(S(=O)(=O)N(CCN3CCCC3=O)[C@]3(C(=O)O)C[C@H]3c3ccccc3)cc2)cc1C#N,5.99,5.78,0.21,False,3.71,572.7,3.92,1,6,122.0,10,True,True,0.798,False
1782,CAND-00957,O=C(O)[C@@]1(N(CCc2cccnc2Cl)S(=O)(=O)c2ccc(-c3ccc(Cl)cc3)cc2)C[C@H]1c1ccccc1,0.2146475408084406,6.516292244260694,0.4145569131942124,0.7926735787689533,0.75,0.2400554167325831,2,0.5,-1.6889263999999995,1,0.765625,False,O=C(O)[C@@]1(N(CCc2cccnc2Cl)S(=O)(=O)c2ccc(-c3ccc(Cl)cc3)cc2)C[C@H]1c1ccccc1,6.37,6.2,0.17,False,3.41,567.5,6.3,1,4,87.6,9,False,True,0.447,False
1783,CAND-00688,Cc1ccccc1[C@@H]1C[C@@]1(C(=O)O)N(CCN1CCCC1=O)S(=O)(=O)c1ccc(-c2ccc(N(C)C)cc2)cc1,0.214409749956293,5.880228561495599,0.2204609304414734,0.5088599138260123,1.0,0.3952967823061648,2,0.5,-3.0364602,0,0.7567567567567568,False,Cc1ccccc1[C@@H]1C[C@@]1(C(=O)O)N(CCN1CCCC1=O)S(=O)(=O)c1ccc(-c2ccc(N(C)C)cc2)cc1,5.91,6.08,-0.17,False,3.56,561.7,4.35,1,5,98.2,10,True,True,0.748,False
1784,CAND-00698,CN(C)c1ccc(-c2ccc(S(=O)(=O)N(CCN3CCCC3=O)[C@]3(C(=O)O)C[C@H]3c3ccccc3)cc2)cc1O,0.2143046687643644,5.89761730210224,0.2257671360751706,0.4161817751967819,1.0,0.3857525649704783,2,0.5,-3.476491600000001,0,0.7464788732394366,False,CN(C)c1ccc(-c2ccc(S(=O)(=O)N(CCN3CCCC3=O)[C@]3(C(=O)O)C[C@H]3c3ccccc3)cc2)cc1O,6.04,5.79,0.25,False,3.64,563.7,3.75,2,6,118.5,10,True,True,0.823,False
1785,CAND-00683,CN(C)c1ccc(-c2ccc(S(=O)(=O)N(CCN3CCCC3=O)[C@]3(C(=O)O)C[C@H]3c3ccc(Cl)cc3)cc2)cc1,0.213816410722316,5.9168161888331126,0.2316257110712901,0.5342152643692201,1.0,0.3727332196966234,2,0.5,-2.9160742,0,0.8333333333333334,False,CN(C)c1ccc(-c2ccc(S(=O)(=O)N(CCN3CCCC3=O)[C@]3(C(=O)O)C[C@H]3c3ccc(Cl)cc3)cc2)cc1,6.35,6.07,0.28,False,3.52,582.1,4.7,1,5,98.2,10,True,True,0.717,False
1786,CAND-00613,COc1cccc(C[C@H](C(=O)O)N(CCN2CCCC2=O)S(=O)(=O)c2ccc(-c3ccc(Cl)cc3)cc2)c1,0.2132740685732635,5.901357110221076,0.2269083452839351,0.5107157453660289,1.0,0.376979881681865,2,0.5,-3.0276488,0,0.7910447761194029,False,COc1cccc(C[C@H](C(=O)O)N(CCN2CCCC2=O)S(=O)(=O)c2ccc(-c3ccc(Cl)cc3)cc2)c1,5.69,5.86,-0.17,False,2.95,557.1,4.32,1,5,104.2,11,True,False,0.536,False
1787,CAND-00705,CN(C)c1ccc(-c2ccc(S(=O)(=O)N(CCN3CCCC3=O)[C@]3(C(=O)O)C[C@H]3c3ccccc3)cc2)cc1C(F)(F)F,0.2131432986941533,5.967374750648501,0.247053747615466,0.5457500891173616,1.0,0.3425324119352457,2,0.5,-2.8613074,0,0.7662337662337663,False,CN(C)c1ccc(-c2ccc(S(=O)(=O)N(CCN3CCCC3=O)[C@]3(C(=O)O)C[C@H]3c3ccccc3)cc2)cc1C(F)(F)F,6.13,6.03,0.1,False,3.73,615.7,5.06,1,5,98.2,10,False,True,0.871,False
1788,CAND-00140,Cc1ccc(Oc2ccc(Cl)c(Cl)c2)cc1/C=C1/SC(=S)N(C(C(=O)O)c2ccccc2)C1=O,0.213093624509961,5.69491027381692,0.1639107199143117,0.9631098247086508,0.25,0.270460881842684,1,1.0,-0.8797031999999971,3,0.75,False,Cc1ccc(Oc2ccc(Cl)c(Cl)c2)cc1/C=C1/SC(=S)N(C(C(=O)O)c2ccccc2)C1=O,5.78,6.06,-0.28,False,2.92,530.5,7.12,1,5,66.8,6,False,True,0.355,False
1789,CAND-00139,Cc1ccc(C(C(=O)O)N2C(=O)/C(=C\c3cccc(Oc4ccc(Cl)c(Cl)c4)c3)SC2=S)cc1,0.213093624509961,5.69491027381692,0.1639107199143117,0.9631098247086504,0.25,0.270460881842684,1,1.0,-0.8797031999999989,3,0.8688524590163934,False,Cc1ccc(C(C(=O)O)N2C(=O)/C(=C\c3cccc(Oc4ccc(Cl)c(Cl)c4)c3)SC2=S)cc1,5.76,6.1,-0.34,False,2.89,530.5,7.12,1,5,66.8,6,False,True,0.338,False
1790,CAND-00137,Cc1ccccc1C(C(=O)O)N1C(=O)/C(=C\c2cccc(Oc3ccc(Cl)c(Cl)c3)c2)SC1=S,0.213093624509961,5.69491027381692,0.1639107199143117,0.9631098247086504,0.25,0.270460881842684,1,1.0,-0.8797031999999989,3,0.796875,False,Cc1ccccc1C(C(=O)O)N1C(=O)/C(=C\c2cccc(Oc3ccc(Cl)c(Cl)c3)c2)SC1=S,5.76,6.1,-0.34,False,2.97,530.5,7.12,1,5,66.8,6,False,True,0.325,False
1791,CAND-00138,Cc1cccc(C(C(=O)O)N2C(=O)/C(=C\c3cccc(Oc4ccc(Cl)c(Cl)c4)c3)SC2=S)c1,0.213093624509961,5.69491027381692,0.1639107199143117,0.9631098247086504,0.25,0.270460881842684,1,1.0,-0.8797031999999989,3,0.8548387096774194,False,Cc1cccc(C(C(=O)O)N2C(=O)/C(=C\c3cccc(Oc4ccc(Cl)c(Cl)c4)c3)SC2=S)c1,5.76,6.1,-0.34,False,2.94,530.5,7.12,1,5,66.8,6,False,True,0.335,False
1792,CAND-00142,Cc1ccc(/C=C2/SC(=S)N(C(C(=O)O)c3ccccc3)C2=O)cc1Oc1ccc(Cl)c(Cl)c1,0.213093624509961,5.69491027381692,0.1639107199143117,0.9631098247086504,0.25,0.2704608818426838,1,1.0,-0.8797031999999994,3,0.7692307692307693,False,Cc1ccc(/C=C2/SC(=S)N(C(C(=O)O)c3ccccc3)C2=O)cc1Oc1ccc(Cl)c(Cl)c1,5.61,6.05,-0.44,False,2.89,530.5,7.12,1,5,66.8,6,False,True,0.609,False
1793,CAND-00141,Cc1cc(/C=C2/SC(=S)N(C(C(=O)O)c3ccccc3)C2=O)cc(Oc2ccc(Cl)c(Cl)c2)c1,0.213093624509961,5.69491027381692,0.1639107199143117,0.9631098247086504,0.25,0.2704608818426838,1,1.0,-0.8797031999999994,3,0.8095238095238095,False,Cc1cc(/C=C2/SC(=S)N(C(C(=O)O)c3ccccc3)C2=O)cc(Oc2ccc(Cl)c(Cl)c2)c1,5.78,6.09,-0.31,False,2.94,530.5,7.12,1,5,66.8,6,False,True,0.345,False
1794,CAND-00146,Cc1c(/C=C2/SC(=S)N(C(C(=O)O)c3ccccc3)C2=O)cccc1Oc1ccc(Cl)c(Cl)c1,0.213093624509961,5.69491027381692,0.1639107199143117,0.96310982470865,0.25,0.2704608818426838,1,1.0,-0.8797032000000002,3,0.7164179104477612,False,Cc1c(/C=C2/SC(=S)N(C(C(=O)O)c3ccccc3)C2=O)cccc1Oc1ccc(Cl)c(Cl)c1,5.78,6.06,-0.28,False,2.99,530.5,7.12,1,5,66.8,6,False,True,0.538,False
1795,CAND-00157,O=C(O)C(c1ccccc1O)N1C(=O)/C(=C\c2cccc(Oc3ccc(Cl)c(Cl)c3)c2)SC1=S,0.2126946751606997,6.00868235477788,0.259658837696696,0.8704316860794205,0.0,0.2762175210411723,1,1.0,-1.3197345999999983,4,0.8225806451612904,False,O=C(O)C(c1ccccc1O)N1C(=O)/C(=C\c2cccc(Oc3ccc(Cl)c(Cl)c3)c2)SC1=S,5.93,6.05,-0.12,False,3.02,532.4,6.52,2,6,87.1,6,False,True,0.643,False
1796,CAND-00646,O=C1NC(=S)S/C1=C/c1cc(OCc2ccccc2)cc(OCc2ccccc2)c1O,0.2124934328486704,5.457575527650891,0.0914875930377536,0.7556772313960597,0.25,0.3891654544326455,1,1.0,-1.8645832999999987,3,0.6792452830188679,False,O=C1NC(=S)S/C1=C/c1cc(OCc2ccccc2)cc(OCc2ccccc2)c1O,5.4,6.17,-0.77,False,2.35,449.6,5.04,2,6,67.8,7,True,True,0.452,False
1797,CAND-00151,COc1cc(/C=C2/SC(=S)N(C(C(=O)O)c3ccccc3)C2=O)cc(Oc2ccc(Cl)c(Cl)c2)c1,0.2124540650913525,5.716274596234438,0.1704300815251614,0.8977203541947815,0.25,0.2574634144292395,1,1.0,-1.1901692999999995,3,0.8095238095238095,False,COc1cc(/C=C2/SC(=S)N(C(C(=O)O)c3ccccc3)C2=O)cc(Oc2ccc(Cl)c(Cl)c2)c1,5.76,6.03,-0.27,False,2.95,546.5,6.82,1,6,76.1,7,False,True,0.352,False
1798,CAND-00150,COc1ccc(Oc2ccc(Cl)c(Cl)c2)cc1/C=C1/SC(=S)N(C(C(=O)O)c2ccccc2)C1=O,0.2124540650913525,5.716274596234438,0.1704300815251614,0.8977203541947822,0.25,0.2574634144292393,1,1.0,-1.1901692999999969,3,0.7272727272727273,False,COc1ccc(Oc2ccc(Cl)c(Cl)c2)cc1/C=C1/SC(=S)N(C(C(=O)O)c2ccccc2)C1=O,5.78,6.01,-0.23,False,2.92,546.5,6.82,1,6,76.1,7,False,True,0.351,False
1799,CAND-00149,COc1ccc(C(C(=O)O)N2C(=O)/C(=C\c3cccc(Oc4ccc(Cl)c(Cl)c4)c3)SC2=S)cc1,0.2124540650913525,5.716274596234438,0.1704300815251614,0.8977203541947818,0.25,0.2574634144292393,1,1.0,-1.1901692999999989,3,0.8688524590163934,False,COc1ccc(C(C(=O)O)N2C(=O)/C(=C\c3cccc(Oc4ccc(Cl)c(Cl)c4)c3)SC2=S)cc1,5.75,6.04,-0.29,False,2.89,546.5,6.82,1,6,76.1,7,False,True,0.346,False
1800,CAND-00147,COc1ccccc1C(C(=O)O)N1C(=O)/C(=C\c2cccc(Oc3ccc(Cl)c(Cl)c3)c2)SC1=S,0.2124540650913525,5.716274596234438,0.1704300815251614,0.8977203541947818,0.25,0.2574634144292393,1,1.0,-1.1901692999999978,3,0.7846153846153846,False,COc1ccccc1C(C(=O)O)N1C(=O)/C(=C\c2cccc(Oc3ccc(Cl)c(Cl)c3)c2)SC1=S,5.77,6.03,-0.26,False,2.98,546.5,6.82,1,6,76.1,7,False,True,0.539,False
1801,CAND-00689,Cc1cccc([C@@H]2C[C@@]2(C(=O)O)N(CCN2CCCC2=O)S(=O)(=O)c2ccc(-c3ccc(N(C)C)cc3)cc2)c1,0.2122730195830754,5.8522198088982575,0.2119140089486029,0.5088599138260124,1.0,0.3952967823061648,2,0.5,-3.0364602,0,0.7837837837837838,False,Cc1cccc([C@@H]2C[C@@]2(C(=O)O)N(CCN2CCCC2=O)S(=O)(=O)c2ccc(-c3ccc(N(C)C)cc3)cc2)c1,6.03,6.13,-0.1,False,3.54,561.7,4.35,1,5,98.2,10,True,True,0.833,False
1802,CAND-00685,Cc1cc(N(C)C)ccc1-c1ccc(S(=O)(=O)N(CCN2CCCC2=O)[C@]2(C(=O)O)C[C@H]2c2ccccc2)cc1,0.2122730195830754,5.8522198088982575,0.2119140089486029,0.5088599138260119,1.0,0.3952967823061648,2,0.5,-3.036460200000002,0,0.7733333333333333,False,Cc1cc(N(C)C)ccc1-c1ccc(S(=O)(=O)N(CCN2CCCC2=O)[C@]2(C(=O)O)C[C@H]2c2ccccc2)cc1,6.08,6.09,-0.01,False,3.57,561.7,4.35,1,5,98.2,10,True,True,0.835,False
1803,CAND-00687,Cc1cc(-c2ccc(N(C)C)cc2)ccc1S(=O)(=O)N(CCN1CCCC1=O)[C@]1(C(=O)O)C[C@H]1c1ccccc1,0.2122730195830754,5.8522198088982575,0.2119140089486029,0.5088599138260119,1.0,0.3952967823061648,2,0.5,-3.036460200000002,0,0.7368421052631579,False,Cc1cc(-c2ccc(N(C)C)cc2)ccc1S(=O)(=O)N(CCN1CCCC1=O)[C@]1(C(=O)O)C[C@H]1c1ccccc1,6.06,5.97,0.09,False,3.6,561.7,4.35,1,5,98.2,10,True,True,0.836,False
1804,CAND-00600,O=C(O)[C@@H](Cc1ccc(Cl)cc1)N(CCN1CCCC1=O)S(=O)(=O)c1ccc(-c2ccc(Cl)cc2)cc1,0.2121114882438885,5.885277568517669,0.2220016440624962,0.6014605664231056,1.0,0.377407181521763,2,0.5,-2.5967966999999987,0,0.9285714285714286,False,O=C(O)[C@@H](Cc1ccc(Cl)cc1)N(CCN1CCCC1=O)S(=O)(=O)c1ccc(-c2ccc(Cl)cc2)cc1,5.63,6.08,-0.45,False,2.91,561.5,4.97,1,4,95.0,10,True,True,0.474,False
1805,CAND-00695,COc1ccccc1[C@@H]1C[C@@]1(C(=O)O)N(CCN1CCCC1=O)S(=O)(=O)c1ccc(-c2ccc(N(C)C)cc2)cc1,0.2117081217089235,5.901592883913117,0.2269802920523231,0.4434704433121434,1.0,0.3664203246389513,2,0.5,-3.3469263,0,0.7272727272727273,False,COc1ccccc1[C@@H]1C[C@@]1(C(=O)O)N(CCN1CCCC1=O)S(=O)(=O)c1ccc(-c2ccc(N(C)C)cc2)cc1,5.92,5.86,0.06,False,3.57,577.7,4.05,1,6,107.5,11,True,False,0.777,False
1806,CAND-00130,O=C(O)C(c1ccccc1)N1C(=O)/C(=C\c2cc(Oc3ccc(Cl)c(Cl)c3)ccc2Cl)SC1=S,0.2116462925687346,5.718438159325857,0.171090296714073,0.9884651752518584,0.25,0.2536704807056604,1,1.0,-0.7593171999999995,3,0.8,False,O=C(O)C(c1ccccc1)N1C(=O)/C(=C\c2cc(Oc3ccc(Cl)c(Cl)c3)ccc2Cl)SC1=S,5.72,6.05,-0.33,False,2.93,550.9,7.47,1,5,66.8,6,False,True,0.453,False
1807,CAND-00598,O=C(O)[C@@H](Cc1ccccc1Cl)N(CCN1CCCC1=O)S(=O)(=O)c1ccc(-c2ccc(Cl)cc2)cc1,0.2115105505346508,5.87740033897321,0.2195978932255453,0.6014605664231056,1.0,0.377407181521763,2,0.5,-2.5967966999999987,0,0.8225806451612904,False,O=C(O)[C@@H](Cc1ccccc1Cl)N(CCN1CCCC1=O)S(=O)(=O)c1ccc(-c2ccc(Cl)cc2)cc1,5.72,5.97,-0.25,False,2.96,561.5,4.97,1,4,95.0,10,True,True,0.574,False
1808,CAND-00148,COc1cccc(C(C(=O)O)N2C(=O)/C(=C\c3cccc(Oc4ccc(Cl)c(Cl)c4)c3)SC2=S)c1,0.2113760133464887,5.709208921269666,0.1682739780354337,0.8977203541947818,0.25,0.2574634144292393,1,1.0,-1.1901692999999978,3,0.8548387096774194,False,COc1cccc(C(C(=O)O)N2C(=O)/C(=C\c3cccc(Oc4ccc(Cl)c(Cl)c4)c3)SC2=S)c1,5.74,6.03,-0.29,False,2.94,546.5,6.82,1,6,76.1,7,False,True,0.343,False
1809,CAND-00702,CN(C)c1ccc(-c2ccc(S(=O)(=O)N(CCN3CCCC3=O)[C@]3(C(=O)O)C[C@H]3c3ccccc3O)cc2)cc1,0.2099720447444242,5.840824271127038,0.20843663999541,0.4161817751967819,1.0,0.3857525649704783,2,0.5,-3.476491600000001,0,0.7567567567567568,False,CN(C)c1ccc(-c2ccc(S(=O)(=O)N(CCN3CCCC3=O)[C@]3(C(=O)O)C[C@H]3c3ccccc3O)cc2)cc1,5.84,5.77,0.07,False,3.61,563.7,3.75,2,6,118.5,10,True,True,0.717,False
1810,CAND-00692,COc1cc(N(C)C)ccc1-c1ccc(S(=O)(=O)N(CCN2CCCC2=O)[C@]2(C(=O)O)C[C@H]2c2ccccc2)cc1,0.2095713913357058,5.873584131315775,0.2184333705594527,0.4434704433121431,1.0,0.3664203246389513,2,0.5,-3.346926300000002,0,0.7532467532467533,False,COc1cc(N(C)C)ccc1-c1ccc(S(=O)(=O)N(CCN2CCCC2=O)[C@]2(C(=O)O)C[C@H]2c2ccccc2)cc1,6.11,5.9,0.21,False,3.58,577.7,4.05,1,6,107.5,11,True,False,0.858,False
1811,CAND-00693,COc1cc(S(=O)(=O)N(CCN2CCCC2=O)[C@]2(C(=O)O)C[C@H]2c2ccccc2)ccc1-c1ccc(N(C)C)cc1,0.2095713913357058,5.873584131315775,0.2184333705594527,0.4434704433121436,1.0,0.3664203246389513,2,0.5,-3.3469263,0,0.7532467532467533,False,COc1cc(S(=O)(=O)N(CCN2CCCC2=O)[C@]2(C(=O)O)C[C@H]2c2ccccc2)ccc1-c1ccc(N(C)C)cc1,6.11,5.84,0.27,False,3.58,577.7,4.05,1,6,107.5,11,True,False,0.859,False
1812,CAND-00694,COc1cc(-c2ccc(N(C)C)cc2)ccc1S(=O)(=O)N(CCN1CCCC1=O)[C@]1(C(=O)O)C[C@H]1c1ccccc1,0.2095713913357058,5.873584131315775,0.2184333705594527,0.4434704433121432,1.0,0.3664203246389513,2,0.5,-3.346926300000001,0,0.7088607594936709,False,COc1cc(-c2ccc(N(C)C)cc2)ccc1S(=O)(=O)N(CCN1CCCC1=O)[C@]1(C(=O)O)C[C@H]1c1ccccc1,6.08,5.83,0.25,False,3.62,577.7,4.05,1,6,107.5,11,True,False,0.859,False
1813,CAND-00145,Cc1c(Oc2cccc(/C=C3/SC(=S)N(C(C(=O)O)c4ccccc4)C3=O)c2)ccc(Cl)c1Cl,0.2093961608422754,5.670676672234818,0.1565157925789405,0.9631098247086504,0.25,0.2704608818426838,1,1.0,-0.8797031999999994,3,0.7575757575757576,False,Cc1c(Oc2cccc(/C=C3/SC(=S)N(C(C(=O)O)c4ccccc4)C3=O)c2)ccc(Cl)c1Cl,5.8,6.06,-0.26,False,2.99,530.5,7.12,1,5,66.8,6,False,True,0.317,False
1814,CAND-00690,Cc1ccc([C@@H]2C[C@@]2(C(=O)O)N(CCN2CCCC2=O)S(=O)(=O)c2ccc(-c3ccc(N(C)C)cc3)cc2)cc1,0.2088612117420876,5.807497047933336,0.1982667775846515,0.5088599138260124,1.0,0.3952967823061648,2,0.5,-3.0364602,0,0.8028169014084507,False,Cc1ccc([C@@H]2C[C@@]2(C(=O)O)N(CCN2CCCC2=O)S(=O)(=O)c2ccc(-c3ccc(N(C)C)cc3)cc2)cc1,5.88,6.07,-0.19,False,3.51,561.7,4.35,1,5,98.2,10,True,True,0.723,False
1815,CAND-00154,COc1cc(Oc2cccc(/C=C3/SC(=S)N(C(C(=O)O)c4ccccc4)C3=O)c2)cc(Cl)c1Cl,0.2087566014236669,5.692040994652336,0.1630351541897903,0.8977203541947818,0.25,0.2574634144292393,1,1.0,-1.1901692999999989,3,0.7727272727272727,False,COc1cc(Oc2cccc(/C=C3/SC(=S)N(C(C(=O)O)c4ccccc4)C3=O)c2)cc(Cl)c1Cl,5.77,6.03,-0.26,False,3.0,546.5,6.82,1,6,76.1,7,False,True,0.353,False
1816,CAND-00717,CN(C)c1ccc(-c2ccc(S(=O)(=O)N(CCN3CCCC3=O)[C@]3(C(=O)O)C[C@H]3c3cccc(C#N)c3)cc2)cc1,0.2086002366348076,5.812815518529696,0.1998897185025395,0.4294400586358012,1.0,0.3908520467278181,2,0.5,-3.413541900000001,0,0.7435897435897436,False,CN(C)c1ccc(-c2ccc(S(=O)(=O)N(CCN3CCCC3=O)[C@]3(C(=O)O)C[C@H]3c3cccc(C#N)c3)cc2)cc1,5.93,5.79,0.14,False,3.65,572.7,3.92,1,6,122.0,10,True,True,0.803,False
1817,CAND-00716,CN(C)c1ccc(-c2ccc(S(=O)(=O)N(CCN3CCCC3=O)[C@]3(C(=O)O)C[C@H]3c3ccccc3C#N)cc2)cc1,0.2082195601951539,5.807825524306962,0.1983670127439248,0.4294400586358012,1.0,0.3908520467278181,2,0.5,-3.4135419000000007,0,0.717948717948718,False,CN(C)c1ccc(-c2ccc(S(=O)(=O)N(CCN3CCCC3=O)[C@]3(C(=O)O)C[C@H]3c3ccccc3C#N)cc2)cc1,5.79,5.75,0.04,False,3.69,572.7,3.92,1,6,122.0,10,True,True,0.705,False
1818,CAND-00700,CN(C)c1ccc(-c2ccc(S(=O)(=O)N(CCN3CCCC3=O)[C@]3(C(=O)O)C[C@H]3c3ccccc3)cc2O)cc1,0.2078353143712066,5.812815518529696,0.1998897185025395,0.4161817751967819,1.0,0.3857525649704783,2,0.5,-3.476491600000001,0,0.7837837837837838,False,CN(C)c1ccc(-c2ccc(S(=O)(=O)N(CCN3CCCC3=O)[C@]3(C(=O)O)C[C@H]3c3ccccc3)cc2O)cc1,6.01,5.74,0.27,False,3.63,563.7,3.75,2,6,118.5,10,True,True,0.804,False
1819,CAND-00701,CN(C)c1ccc(-c2ccc(S(=O)(=O)N(CCN3CCCC3=O)[C@]3(C(=O)O)C[C@H]3c3ccccc3)c(O)c2)cc1,0.2078353143712066,5.812815518529696,0.1998897185025395,0.4161817751967819,1.0,0.3857525649704783,2,0.5,-3.476491600000001,0,0.7368421052631579,False,CN(C)c1ccc(-c2ccc(S(=O)(=O)N(CCN3CCCC3=O)[C@]3(C(=O)O)C[C@H]3c3ccccc3)c(O)c2)cc1,5.99,5.74,0.25,False,3.69,563.7,3.75,2,6,118.5,10,True,True,0.801,False
1820,CAND-00703,CN(C)c1ccc(-c2ccc(S(=O)(=O)N(CCN3CCCC3=O)[C@]3(C(=O)O)C[C@H]3c3cccc(O)c3)cc2)cc1,0.2078353143712066,5.812815518529696,0.1998897185025395,0.4161817751967819,1.0,0.3857525649704783,2,0.5,-3.476491600000001,0,0.7837837837837838,False,CN(C)c1ccc(-c2ccc(S(=O)(=O)N(CCN3CCCC3=O)[C@]3(C(=O)O)C[C@H]3c3cccc(O)c3)cc2)cc1,5.98,5.83,0.15,False,3.59,563.7,3.75,2,6,118.5,10,True,True,0.817,False
1821,CAND-00699,CN(C)c1ccc(-c2ccc(S(=O)(=O)N(CCN3CCCC3=O)[C@]3(C(=O)O)C[C@H]3c3ccccc3)cc2)c(O)c1,0.2078353143712066,5.812815518529696,0.1998897185025395,0.4161817751967819,1.0,0.3857525649704783,2,0.5,-3.476491600000001,0,0.7837837837837838,False,CN(C)c1ccc(-c2ccc(S(=O)(=O)N(CCN3CCCC3=O)[C@]3(C(=O)O)C[C@H]3c3ccccc3)cc2)c(O)c1,6.01,5.8,0.21,False,3.63,563.7,3.75,2,6,118.5,10,True,True,0.803,False
1822,CAND-00628,O=C(O)[C@@H](Cc1ccc(C(F)(F)F)cc1)N(CCN1CCCC1=O)S(=O)(=O)c1ccc(-c2ccc(Cl)cc2)cc1,0.2075420513705837,5.894690097931589,0.2248738944303238,0.612995391171247,1.0,0.3421571850866848,2,0.5,-2.542029899999999,0,0.8125,False,O=C(O)[C@@H](Cc1ccc(C(F)(F)F)cc1)N(CCN1CCCC1=O)S(=O)(=O)c1ccc(-c2ccc(Cl)cc2)cc1,5.62,5.88,-0.26,False,3.05,595.0,5.33,1,4,95.0,10,False,True,0.513,False
1823,CAND-00173,O=C(O)C(c1ccccc1)N1C(=O)/C(=C\c2cccc(Oc3cc(Cl)c(Cl)cc3C(F)(F)F)c2)SC1=S,0.2073638130718073,5.726245103455232,0.1734725998295399,1.0,0.25,0.2354250438567913,1,1.0,-0.7045503999999982,3,0.746268656716418,False,O=C(O)C(c1ccccc1)N1C(=O)/C(=C\c2cccc(Oc3cc(Cl)c(Cl)cc3C(F)(F)F)c2)SC1=S,5.79,5.89,-0.1,False,3.12,584.4,7.83,1,5,66.8,6,False,True,0.352,False
1824,CAND-00647,O=C1NC(=S)S/C1=C/c1cc(OCc2ccccc2)c(O)c(OCc2ccccc2)c1,0.2070050340820066,5.421603931716783,0.080510795504426,0.7556772313960597,0.25,0.3891654544326455,1,1.0,-1.8645832999999987,3,0.7755102040816326,False,O=C1NC(=S)S/C1=C/c1cc(OCc2ccccc2)c(O)c(OCc2ccccc2)c1,5.39,6.15,-0.76,False,2.31,449.6,5.04,2,6,67.8,7,True,True,0.431,False
1825,CAND-00631,O=C(O)[C@@H](Cc1ccccc1)N(CCN1CCCC1=O)S(=O)(=O)c1ccc(-c2ccc(Cl)cc2C(F)(F)F)cc1,0.2069187752401737,5.886520051230661,0.2223807899086842,0.612995391171247,1.0,0.3421571850866848,2,0.5,-2.542029899999999,0,0.7681159420289855,False,O=C(O)[C@@H](Cc1ccccc1)N(CCN1CCCC1=O)S(=O)(=O)c1ccc(-c2ccc(Cl)cc2C(F)(F)F)cc1,5.75,5.9,-0.15,False,3.12,595.0,5.33,1,4,95.0,10,False,True,0.49,False
1826,CAND-00629,O=C(O)[C@@H](Cc1ccccc1)N(CCN1CCCC1=O)S(=O)(=O)c1ccc(-c2ccc(Cl)cc2)cc1C(F)(F)F,0.2069187752401737,5.886520051230661,0.2223807899086842,0.6129953911712472,1.0,0.3421571850866847,2,0.5,-2.542029899999998,0,0.7391304347826086,False,O=C(O)[C@@H](Cc1ccccc1)N(CCN1CCCC1=O)S(=O)(=O)c1ccc(-c2ccc(Cl)cc2)cc1C(F)(F)F,5.72,5.73,-0.01,False,3.14,595.0,5.33,1,4,95.0,10,False,True,0.542,False
1827,CAND-00630,O=C(O)[C@@H](Cc1ccccc1)N(CCN1CCCC1=O)S(=O)(=O)c1ccc(-c2ccc(Cl)cc2)c(C(F)(F)F)c1,0.2069187752401737,5.886520051230661,0.2223807899086842,0.6129953911712471,1.0,0.3421571850866848,2,0.5,-2.5420298999999984,0,0.7681159420289855,False,O=C(O)[C@@H](Cc1ccccc1)N(CCN1CCCC1=O)S(=O)(=O)c1ccc(-c2ccc(Cl)cc2)c(C(F)(F)F)c1,5.75,5.75,0.0,False,3.12,595.0,5.33,1,4,95.0,10,False,True,0.484,False
1828,CAND-00627,O=C(O)[C@@H](Cc1cccc(C(F)(F)F)c1)N(CCN1CCCC1=O)S(=O)(=O)c1ccc(-c2ccc(Cl)cc2)cc1,0.2069187752401737,5.886520051230661,0.2223807899086842,0.612995391171247,1.0,0.3421571850866848,2,0.5,-2.542029899999999,0,0.7910447761194029,False,O=C(O)[C@@H](Cc1cccc(C(F)(F)F)c1)N(CCN1CCCC1=O)S(=O)(=O)c1ccc(-c2ccc(Cl)cc2)cc1,5.7,5.98,-0.28,False,3.08,595.0,5.33,1,4,95.0,10,False,True,0.481,False
1829,CAND-00709,CN(C)c1ccc(-c2ccc(S(=O)(=O)N(CCN3CCCC3=O)[C@]3(C(=O)O)C[C@H]3c3ccccc3C(F)(F)F)cc2)cc1,0.2064950944006552,5.880228561495599,0.2204609304414734,0.5457500891173616,1.0,0.3425324119352457,2,0.5,-2.8613074,0,0.7866666666666666,False,CN(C)c1ccc(-c2ccc(S(=O)(=O)N(CCN3CCCC3=O)[C@]3(C(=O)O)C[C@H]3c3ccccc3C(F)(F)F)cc2)cc1,5.93,6.04,-0.11,False,3.71,615.7,5.06,1,5,98.2,10,False,True,0.813,False
1830,CAND-00632,O=C(O)[C@@H](Cc1ccccc1)N(CCN1CCCC1=O)S(=O)(=O)c1ccc(-c2ccc(Cl)c(C(F)(F)F)c2)cc1,0.2063194844653922,5.878664410081399,0.2199836268095579,0.612995391171247,1.0,0.3421571850866848,2,0.5,-2.542029899999999,0,0.7647058823529411,False,O=C(O)[C@@H](Cc1ccccc1)N(CCN1CCCC1=O)S(=O)(=O)c1ccc(-c2ccc(Cl)c(C(F)(F)F)c2)cc1,5.69,5.89,-0.2,False,3.1,595.0,5.33,1,4,95.0,10,False,True,0.535,False
1831,CAND-00128,O=C(O)C(c1cccc(Cl)c1)N1C(=O)/C(=C\c2cccc(Oc3ccc(Cl)c(Cl)c3)c2)SC1=S,0.2061988705148794,5.682735129474231,0.1601954526063626,0.9884651752518584,0.25,0.2536704807056604,1,1.0,-0.7593171999999995,3,0.8833333333333333,False,O=C(O)C(c1cccc(Cl)c1)N1C(=O)/C(=C\c2cccc(Oc3ccc(Cl)c(Cl)c3)c2)SC1=S,5.7,6.05,-0.35,False,2.94,550.9,7.47,1,5,66.8,6,False,True,0.439,False
1832,CAND-00131,O=C(O)C(c1ccccc1)N1C(=O)/C(=C\c2cc(Cl)cc(Oc3ccc(Cl)c(Cl)c3)c2)SC1=S,0.2061988705148794,5.682735129474231,0.1601954526063626,0.9884651752518584,0.25,0.2536704807056602,1,1.0,-0.7593171999999986,3,0.85,False,O=C(O)C(c1ccccc1)N1C(=O)/C(=C\c2cc(Cl)cc(Oc3ccc(Cl)c(Cl)c3)c2)SC1=S,5.71,6.05,-0.34,False,2.96,550.9,7.47,1,5,66.8,6,False,True,0.444,False
1833,CAND-00129,O=C(O)C(c1ccc(Cl)cc1)N1C(=O)/C(=C\c2cccc(Oc3ccc(Cl)c(Cl)c3)c2)SC1=S,0.2061988705148794,5.682735129474231,0.1601954526063626,0.9884651752518584,0.25,0.2536704807056602,1,1.0,-0.7593171999999986,3,0.8983050847457628,False,O=C(O)C(c1ccc(Cl)cc1)N1C(=O)/C(=C\c2cccc(Oc3ccc(Cl)c(Cl)c3)c2)SC1=S,5.69,6.06,-0.37,False,2.9,550.9,7.47,1,5,66.8,6,False,True,0.446,False
1834,CAND-00697,COc1ccc([C@@H]2C[C@@]2(C(=O)O)N(CCN2CCCC2=O)S(=O)(=O)c2ccc(-c3ccc(N(C)C)cc3)cc2)cc1,0.206159583494718,5.828861370350854,0.2047861391955012,0.4434704433121434,1.0,0.3664203246389513,2,0.5,-3.3469263,0,0.7702702702702703,False,COc1ccc([C@@H]2C[C@@]2(C(=O)O)N(CCN2CCCC2=O)S(=O)(=O)c2ccc(-c3ccc(N(C)C)cc3)cc2)cc1,5.9,5.87,0.03,False,3.52,577.7,4.05,1,6,107.5,11,True,False,0.776,False
1835,CAND-00715,CN(C)c1ccc(-c2ccc(S(=O)(=O)N(CCN3CCCC3=O)[C@]3(C(=O)O)C[C@H]3c3ccccc3)c(C#N)c2)cc1,0.2060828298219363,5.77981677170962,0.1898200912510542,0.4294400586358013,1.0,0.3908520467278181,2,0.5,-3.4135419,0,0.7,False,CN(C)c1ccc(-c2ccc(S(=O)(=O)N(CCN3CCCC3=O)[C@]3(C(=O)O)C[C@H]3c3ccccc3)c(C#N)c2)cc1,5.95,5.72,0.23,False,3.72,572.7,3.92,1,6,122.0,10,True,True,0.796,False
1836,CAND-00713,CN(C)c1ccc(-c2ccc(S(=O)(=O)N(CCN3CCCC3=O)[C@]3(C(=O)O)C[C@H]3c3ccccc3)cc2)c(C#N)c1,0.2060828298219363,5.77981677170962,0.1898200912510542,0.4294400586358012,1.0,0.3908520467278181,2,0.5,-3.4135419000000007,0,0.7341772151898734,False,CN(C)c1ccc(-c2ccc(S(=O)(=O)N(CCN3CCCC3=O)[C@]3(C(=O)O)C[C@H]3c3ccccc3)cc2)c(C#N)c1,5.97,5.78,0.19,False,3.69,572.7,3.92,1,6,122.0,10,True,True,0.801,False
1837,CAND-00714,CN(C)c1ccc(-c2ccc(S(=O)(=O)N(CCN3CCCC3=O)[C@]3(C(=O)O)C[C@H]3c3ccccc3)cc2C#N)cc1,0.2060828298219363,5.77981677170962,0.1898200912510542,0.4294400586358013,1.0,0.3908520467278181,2,0.5,-3.4135419,0,0.7341772151898734,False,CN(C)c1ccc(-c2ccc(S(=O)(=O)N(CCN3CCCC3=O)[C@]3(C(=O)O)C[C@H]3c3ccccc3)cc2C#N)cc1,5.97,5.73,0.24,False,3.68,572.7,3.92,1,6,122.0,10,True,True,0.802,False
1838,CAND-00718,CN(C)c1ccc(-c2ccc(S(=O)(=O)N(CCN3CCCC3=O)[C@]3(C(=O)O)C[C@H]3c3ccc(C#N)cc3)cc2)cc1,0.2051884287938197,5.768092757564775,0.1862424871385881,0.4294400586358012,1.0,0.3908520467278181,2,0.5,-3.4135419000000007,0,0.76,False,CN(C)c1ccc(-c2ccc(S(=O)(=O)N(CCN3CCCC3=O)[C@]3(C(=O)O)C[C@H]3c3ccc(C#N)cc3)cc2)cc1,5.8,5.74,0.06,False,3.61,572.7,3.92,1,6,122.0,10,True,True,0.701,False
1839,CAND-00136,O=C(O)C(c1ccccc1)N1C(=O)/C(=C\c2cccc(Oc3ccc(Cl)c(Cl)c3)c2Cl)SC1=S,0.2050002889653163,5.674879488324969,0.1577982895072363,0.9884651752518584,0.25,0.2536704807056604,1,1.0,-0.7593171999999995,3,0.7384615384615385,False,O=C(O)C(c1ccccc1)N1C(=O)/C(=C\c2cccc(Oc3ccc(Cl)c(Cl)c3)c2Cl)SC1=S,5.74,6.07,-0.33,False,3.0,550.9,7.47,1,5,66.8,6,False,True,0.578,False
1840,CAND-00127,O=C(O)C(c1ccccc1Cl)N1C(=O)/C(=C\c2cccc(Oc3ccc(Cl)c(Cl)c3)c2)SC1=S,0.2050002889653163,5.674879488324969,0.1577982895072363,0.9884651752518584,0.25,0.2536704807056604,1,1.0,-0.7593171999999995,3,0.85,False,O=C(O)C(c1ccccc1Cl)N1C(=O)/C(=C\c2cccc(Oc3ccc(Cl)c(Cl)c3)c2)SC1=S,5.71,6.05,-0.34,False,2.96,550.9,7.47,1,5,66.8,6,False,True,0.453,False
1841,CAND-00562,COc1cc(S(=O)(=O)C2(C(=O)NO)CCN(Cc3ccccc3)CC2)ccc1Oc1ccc(Cl)cc1,0.2045751232101394,6.540757184839365,0.4220224340426306,0.5636383051431118,0.5,0.3271300979965451,2,0.5,-2.776375,2,0.7704918032786885,False,COc1cc(S(=O)(=O)C2(C(=O)NO)CCN(Cc3ccccc3)CC2)ccc1Oc1ccc(Cl)cc1,6.52,5.98,0.54,False,2.48,531.0,4.45,2,7,105.2,8,True,True,0.779,False
1842,CAND-00563,COc1cc(Cl)ccc1Oc1ccc(S(=O)(=O)C2(C(=O)NO)CCN(Cc3ccccc3)CC2)cc1,0.2045751232101393,6.540757184839365,0.4220224340426306,0.5636383051431113,0.5,0.3271300979965447,2,0.5,-2.776375000000001,2,0.7704918032786885,False,COc1cc(Cl)ccc1Oc1ccc(S(=O)(=O)C2(C(=O)NO)CCN(Cc3ccccc3)CC2)cc1,6.54,5.98,0.56,False,2.47,531.0,4.45,2,7,105.2,8,True,True,0.783,False
1843,CAND-00704,CN(C)c1ccc(-c2ccc(S(=O)(=O)N(CCN3CCCC3=O)[C@]3(C(=O)O)C[C@H]3c3ccc(O)cc3)cc2)cc1,0.2044235065302188,5.768092757564775,0.1862424871385881,0.4161817751967819,1.0,0.3857525649704783,2,0.5,-3.476491600000001,0,0.8028169014084507,False,CN(C)c1ccc(-c2ccc(S(=O)(=O)N(CCN3CCCC3=O)[C@]3(C(=O)O)C[C@H]3c3ccc(O)cc3)cc2)cc1,5.83,5.77,0.06,False,3.56,563.7,3.75,2,6,118.5,10,True,True,0.714,False
1844,CAND-00708,CN(C)c1ccc(-c2ccc(S(=O)(=O)N(CCN3CCCC3=O)[C@]3(C(=O)O)C[C@H]3c3ccccc3)c(C(F)(F)F)c2)cc1,0.2043583640274376,5.8522198088982575,0.2119140089486029,0.5457500891173616,1.0,0.3425324119352457,2,0.5,-2.8613074,0,0.7662337662337663,False,CN(C)c1ccc(-c2ccc(S(=O)(=O)N(CCN3CCCC3=O)[C@]3(C(=O)O)C[C@H]3c3ccccc3)c(C(F)(F)F)c2)cc1,6.08,5.91,0.17,False,3.75,615.7,5.06,1,5,98.2,10,False,True,0.879,False
1845,CAND-00707,CN(C)c1ccc(-c2ccc(S(=O)(=O)N(CCN3CCCC3=O)[C@]3(C(=O)O)C[C@H]3c3ccccc3)cc2C(F)(F)F)cc1,0.2043583640274376,5.8522198088982575,0.2119140089486029,0.5457500891173616,1.0,0.3425324119352457,2,0.5,-2.8613074,0,0.8026315789473685,False,CN(C)c1ccc(-c2ccc(S(=O)(=O)N(CCN3CCCC3=O)[C@]3(C(=O)O)C[C@H]3c3ccccc3)cc2C(F)(F)F)cc1,6.1,5.94,0.16,False,3.71,615.7,5.06,1,5,98.2,10,False,True,0.875,False
1846,CAND-00706,CN(C)c1ccc(-c2ccc(S(=O)(=O)N(CCN3CCCC3=O)[C@]3(C(=O)O)C[C@H]3c3ccccc3)cc2)c(C(F)(F)F)c1,0.2043583640274376,5.8522198088982575,0.2119140089486029,0.5457500891173616,1.0,0.3425324119352457,2,0.5,-2.8613074,0,0.8026315789473685,False,CN(C)c1ccc(-c2ccc(S(=O)(=O)N(CCN3CCCC3=O)[C@]3(C(=O)O)C[C@H]3c3ccccc3)cc2)c(C(F)(F)F)c1,6.1,6.08,0.02,False,3.72,615.7,5.06,1,5,98.2,10,False,True,0.874,False
1847,CAND-00710,CN(C)c1ccc(-c2ccc(S(=O)(=O)N(CCN3CCCC3=O)[C@]3(C(=O)O)C[C@H]3c3cccc(C(F)(F)F)c3)cc2)cc1,0.2043583640274376,5.8522198088982575,0.2119140089486029,0.5457500891173616,1.0,0.3425324119352457,2,0.5,-2.8613074,0,0.8133333333333334,False,CN(C)c1ccc(-c2ccc(S(=O)(=O)N(CCN3CCCC3=O)[C@]3(C(=O)O)C[C@H]3c3cccc(C(F)(F)F)c3)cc2)cc1,6.13,6.12,0.01,False,3.66,615.7,5.06,1,5,98.2,10,False,True,0.922,False
1848,CAND-00626,O=C(O)[C@@H](Cc1ccccc1C(F)(F)F)N(CCN1CCCC1=O)S(=O)(=O)c1ccc(-c2ccc(Cl)cc2)cc1,0.2029060296899482,5.83392006072128,0.2063298077077819,0.612995391171247,1.0,0.3421571850866848,2,0.5,-2.542029899999999,0,0.7611940298507462,False,O=C(O)[C@@H](Cc1ccccc1C(F)(F)F)N(CCN1CCCC1=O)S(=O)(=O)c1ccc(-c2ccc(Cl)cc2)cc1,5.73,5.73,0.0,False,3.12,595.0,5.33,1,4,95.0,10,False,True,0.538,False
1849,CAND-00170,O=C(O)C(c1ccccc1)N1C(=O)/C(=C\c2cc(Oc3ccc(Cl)c(Cl)c3)ccc2C(F)(F)F)SC1=S,0.2025828731141932,5.69491027381692,0.1639107199143117,1.0,0.25,0.2354250438567913,1,1.0,-0.7045503999999982,3,0.7164179104477612,False,O=C(O)C(c1ccccc1)N1C(=O)/C(=C\c2cc(Oc3ccc(Cl)c(Cl)c3)ccc2C(F)(F)F)SC1=S,5.79,5.88,-0.09,False,3.11,584.4,7.83,1,5,66.8,6,False,True,0.376,False
1850,CAND-00171,O=C(O)C(c1ccccc1)N1C(=O)/C(=C\c2cc(Oc3ccc(Cl)c(Cl)c3)cc(C(F)(F)F)c2)SC1=S,0.2025828731141932,5.69491027381692,0.1639107199143117,1.0,0.25,0.2354250438567913,1,1.0,-0.7045503999999982,3,0.7727272727272727,False,O=C(O)C(c1ccccc1)N1C(=O)/C(=C\c2cc(Oc3ccc(Cl)c(Cl)c3)cc(C(F)(F)F)c2)SC1=S,5.77,5.89,-0.12,False,3.08,584.4,7.83,1,5,66.8,6,False,True,0.356,False
1851,CAND-00172,O=C(O)C(c1ccccc1)N1C(=O)/C(=C\c2ccc(C(F)(F)F)c(Oc3ccc(Cl)c(Cl)c3)c2)SC1=S,0.2025828731141932,5.69491027381692,0.1639107199143117,0.9999999999999996,0.25,0.2354250438567913,1,1.0,-0.7045503999999991,3,0.7352941176470589,False,O=C(O)C(c1ccccc1)N1C(=O)/C(=C\c2ccc(C(F)(F)F)c(Oc3ccc(Cl)c(Cl)c3)c2)SC1=S,5.77,5.86,-0.09,False,3.08,584.4,7.83,1,5,66.8,6,False,True,0.369,False
1852,CAND-00176,O=C(O)C(c1ccccc1)N1C(=O)/C(=C\c2cccc(Oc3ccc(Cl)c(Cl)c3)c2C(F)(F)F)SC1=S,0.2025828731141932,5.69491027381692,0.1639107199143117,1.0,0.25,0.2354250438567913,1,1.0,-0.7045503999999982,3,0.6857142857142857,False,O=C(O)C(c1ccccc1)N1C(=O)/C(=C\c2cccc(Oc3ccc(Cl)c(Cl)c3)c2C(F)(F)F)SC1=S,5.8,5.98,-0.18,False,3.2,584.4,7.83,1,5,66.8,6,False,True,0.561,False
1853,CAND-00168,O=C(O)C(c1cccc(C(F)(F)F)c1)N1C(=O)/C(=C\c2cccc(Oc3ccc(Cl)c(Cl)c3)c2)SC1=S,0.2025828731141932,5.69491027381692,0.1639107199143117,0.9999999999999996,0.25,0.2354250438567913,1,1.0,-0.7045503999999996,3,0.8153846153846154,False,O=C(O)C(c1cccc(C(F)(F)F)c1)N1C(=O)/C(=C\c2cccc(Oc3ccc(Cl)c(Cl)c3)c2)SC1=S,5.74,5.91,-0.17,False,3.07,584.4,7.83,1,5,66.8,6,False,True,0.348,False
1854,CAND-00711,CN(C)c1ccc(-c2ccc(S(=O)(=O)N(CCN3CCCC3=O)[C@]3(C(=O)O)C[C@H]3c3ccc(C(F)(F)F)cc3)cc2)cc1,0.202576013498948,5.82885634871632,0.2047846068346444,0.5457500891173616,1.0,0.3425324119352457,2,0.5,-2.8613074,0,0.8333333333333334,False,CN(C)c1ccc(-c2ccc(S(=O)(=O)N(CCN3CCCC3=O)[C@]3(C(=O)O)C[C@H]3c3ccc(C(F)(F)F)cc3)cc2)cc1,5.94,6.06,-0.12,False,3.64,615.7,5.06,1,5,98.2,10,False,True,0.837,False
1855,CAND-00696,COc1cccc([C@@H]2C[C@@]2(C(=O)O)N(CCN2CCCC2=O)S(=O)(=O)c2ccc(-c3ccc(N(C)C)cc3)cc2)c1,0.2025621212715674,5.781705009094671,0.1903962903028988,0.4434704433121434,1.0,0.3664203246389513,2,0.5,-3.3469263,0,0.7532467532467533,False,COc1cccc([C@@H]2C[C@@]2(C(=O)O)N(CCN2CCCC2=O)S(=O)(=O)c2ccc(-c3ccc(N(C)C)cc3)cc2)c1,6.01,5.92,0.09,False,3.54,577.7,4.05,1,6,107.5,11,True,False,0.849,False
1856,CAND-00569,O=C(NO)C1(S(=O)(=O)c2ccc(Oc3ccc(Cl)cc3)c(O)c2)CCN(Cc2ccccc2)CC1,0.2017005344593568,6.519392862421848,0.4155030724317809,0.5363496370277504,0.5,0.3188317756760773,2,0.5,-2.9059403,2,0.7966101694915254,False,O=C(NO)C1(S(=O)(=O)c2ccc(Oc3ccc(Cl)cc3)c(O)c2)CCN(Cc2ccccc2)CC1,6.47,5.81,0.66,False,2.54,517.0,4.15,3,7,116.2,7,True,True,0.71,False
1857,CAND-00570,O=C(NO)C1(S(=O)(=O)c2ccc(Oc3ccc(Cl)cc3O)cc2)CCN(Cc2ccccc2)CC1,0.2017005344593568,6.519392862421848,0.4155030724317809,0.5363496370277504,0.5,0.3188317756760773,2,0.5,-2.9059403,2,0.7966101694915254,False,O=C(NO)C1(S(=O)(=O)c2ccc(Oc3ccc(Cl)cc3O)cc2)CCN(Cc2ccccc2)CC1,6.5,5.82,0.68,False,2.53,517.0,4.15,3,7,116.2,7,True,True,0.72,False
1858,CAND-00364,O=C(CCNS(=O)(=O)c1ccc(Oc2cccc(Cl)c2)cc1)NO,0.1992330514998745,6.107057149998146,0.2896780843126493,0.448165498707074,0.5,0.5120902028114152,2,0.5,-3.3246344000000008,2,0.7555555555555555,False,O=C(CCNS(=O)(=O)c1ccc(Oc2cccc(Cl)c2)cc1)NO,5.96,6.69,-0.73,False,1.99,370.8,2.31,3,5,104.7,7,True,True,0.496,False
1859,CAND-00956,O=C(O)[C@@]1(N(CCc2ccc(Cl)nc2)S(=O)(=O)c2ccc(-c3ccc(Cl)cc3)cc2)C[C@H]1c1ccccc1,0.1992160807499106,6.314013120786512,0.3528310729600926,0.7926735787689533,0.75,0.2400554167325831,2,0.5,-1.6889263999999995,1,0.78125,False,O=C(O)[C@@]1(N(CCc2ccc(Cl)nc2)S(=O)(=O)c2ccc(-c3ccc(Cl)cc3)cc2)C[C@H]1c1ccccc1,6.34,6.31,0.03,False,3.37,567.5,6.3,1,4,87.6,9,False,True,0.447,False
1860,CAND-00175,O=C(O)C(c1ccccc1)N1C(=O)/C(=C\c2cccc(Oc3ccc(Cl)c(Cl)c3C(F)(F)F)c2)SC1=S,0.1988854094465076,5.670676672234818,0.1565157925789405,1.0,0.25,0.2354250438567913,1,1.0,-0.7045503999999982,3,0.7246376811594203,False,O=C(O)C(c1ccccc1)N1C(=O)/C(=C\c2cccc(Oc3ccc(Cl)c(Cl)c3C(F)(F)F)c2)SC1=S,5.8,5.92,-0.12,False,3.2,584.4,7.83,1,5,66.8,6,False,True,0.326,False
1861,CAND-00361,O=C(CCNS(=O)(=O)c1ccc(Oc2ccccc2)cc1Cl)NO,0.198633760725093,6.099201508848884,0.287280921213523,0.448165498707074,0.5,0.5120902028114152,2,0.5,-3.3246344000000008,2,0.6808510638297872,False,O=C(CCNS(=O)(=O)c1ccc(Oc2ccccc2)cc1Cl)NO,5.99,5.68,0.31,False,2.07,370.8,2.31,3,5,104.7,7,True,True,0.46,False
1862,CAND-00362,O=C(CCNS(=O)(=O)c1ccc(Oc2ccccc2)c(Cl)c1)NO,0.198633760725093,6.099201508848884,0.287280921213523,0.448165498707074,0.5,0.5120902028114152,2,0.5,-3.3246344000000008,2,0.7021276595744681,False,O=C(CCNS(=O)(=O)c1ccc(Oc2ccccc2)c(Cl)c1)NO,5.96,5.64,0.32,False,2.01,370.8,2.31,3,5,104.7,7,True,True,0.448,False
1863,CAND-00167,O=C(O)C(c1ccccc1C(F)(F)F)N1C(=O)/C(=C\c2cccc(Oc3ccc(Cl)c(Cl)c3)c2)SC1=S,0.198105098113883,5.665562422131406,0.1549551699136912,0.9999999999999996,0.25,0.2354250438567913,1,1.0,-0.7045503999999996,3,0.7611940298507462,False,O=C(O)C(c1ccccc1C(F)(F)F)N1C(=O)/C(=C\c2cccc(Oc3ccc(Cl)c(Cl)c3)c2)SC1=S,5.71,5.88,-0.17,False,3.13,584.4,7.83,1,5,66.8,6,False,True,0.396,False
1864,CAND-00356,O=C(CCNS(=O)(=O)c1ccc(Oc2ccccc2)cc1F)NO,0.1980547885515957,6.077339261752535,0.2806096169867162,0.3923988287582909,0.5,0.5193492286994443,2,0.5,-3.589411900000001,2,0.6808510638297872,False,O=C(CCNS(=O)(=O)c1ccc(Oc2ccccc2)cc1F)NO,6.07,5.69,0.38,False,2.07,354.4,1.79,3,5,104.7,7,True,True,0.62,False
1865,CAND-00359,O=C(CCNS(=O)(=O)c1ccc(Oc2cccc(F)c2)cc1)NO,0.1980547885515957,6.077339261752535,0.2806096169867162,0.3923988287582909,0.5,0.5193492286994443,2,0.5,-3.589411900000001,2,0.7555555555555555,False,O=C(CCNS(=O)(=O)c1ccc(Oc2cccc(F)c2)cc1)NO,6.09,6.72,-0.63,False,2.0,354.4,1.79,3,5,104.7,7,True,True,0.729,False
1866,CAND-00357,O=C(CCNS(=O)(=O)c1ccc(Oc2ccccc2)c(F)c1)NO,0.1980547885515957,6.077339261752535,0.2806096169867162,0.3923988287582909,0.5,0.5193492286994443,2,0.5,-3.589411900000001,2,0.7021276595744681,False,O=C(CCNS(=O)(=O)c1ccc(Oc2ccccc2)c(F)c1)NO,6.05,5.65,0.4,False,2.02,354.4,1.79,3,5,104.7,7,True,True,0.614,False
1867,CAND-01064,COc1cc(CCc2nnc([C@H](CCC(=O)O)NC(=O)c3ccc(-c4ccccc4)cc3)o2)c(F)c(OC)c1OC,0.1976721322623171,5.985940971292415,0.2527192634113355,0.606724414365982,1.0,0.2299487760632219,2,0.5,-2.571804199999999,0,0.782608695652174,False,COc1cc(CCc2nnc([C@H](CCC(=O)O)NC(=O)c3ccc(-c4ccccc4)cc3)o2)c(F)c(OC)c1OC,5.45,5.73,-0.28,False,3.15,563.6,5.02,2,8,133.0,13,False,False,0.727,False
1868,CAND-00360,O=C(CCNS(=O)(=O)c1ccc(Oc2ccc(F)cc2)cc1)NO,0.1975227754528001,6.070365511835614,0.2784815645915341,0.3923988287582909,0.5,0.5193492286994443,2,0.5,-3.589411900000001,2,0.7804878048780488,False,O=C(CCNS(=O)(=O)c1ccc(Oc2ccc(F)cc2)cc1)NO,6.2,6.54,-0.34,False,1.93,354.4,1.79,3,5,104.7,7,True,True,1.049,False
1869,CAND-00358,O=C(CCNS(=O)(=O)c1ccc(Oc2ccccc2F)cc1)NO,0.1975227754528001,6.070365511835614,0.2784815645915341,0.3923988287582909,0.5,0.5193492286994443,2,0.5,-3.589411900000001,2,0.7333333333333333,False,O=C(CCNS(=O)(=O)c1ccc(Oc2ccccc2F)cc1)NO,6.3,6.56,-0.26,False,1.98,354.4,1.79,3,5,104.7,7,True,True,0.784,False
1870,CAND-00645,COc1c(OCc2ccccc2)cc(/C=C2/SC(=S)NC2=O)cc1OCc1ccccc1,0.1974477572689844,5.417463497540522,0.0792473345299355,0.7829658995114208,0.25,0.3594136333467222,1,1.0,-1.7350179999999993,3,0.7450980392156863,False,COc1c(OCc2ccccc2)cc(/C=C2/SC(=S)NC2=O)cc1OCc1ccccc1,5.52,6.2,-0.68,False,2.27,463.6,5.34,1,6,56.8,8,True,True,0.379,False
1871,CAND-00644,COc1c(/C=C2/SC(=S)NC2=O)cc(OCc2ccccc2)cc1OCc1ccccc1,0.1974477572689844,5.417463497540522,0.0792473345299355,0.7829658995114209,0.25,0.3594136333467222,1,1.0,-1.7350179999999988,3,0.6545454545454545,False,COc1c(/C=C2/SC(=S)NC2=O)cc(OCc2ccccc2)cc1OCc1ccccc1,5.52,6.22,-0.7,False,2.34,463.6,5.34,1,6,56.8,8,True,True,0.392,False
1872,CAND-01228,O=C(CNS(=O)(=O)c1ccc(Oc2cccc(C(F)(F)F)c2)nc1)NO,0.1962669129807921,6.0733722747833285,0.2793990837410384,0.3276469593998675,0.5,0.5094476136368833,2,0.5,-3.8968507000000008,2,0.7115384615384616,False,O=C(CNS(=O)(=O)c1ccc(Oc2cccc(C(F)(F)F)c2)nc1)NO,5.9,6.94,-1.04,False,2.41,391.3,1.68,3,6,117.6,6,True,True,0.641,False
1873,CAND-01226,O=C(CNS(=O)(=O)c1cnc(Oc2ccccc2)c(C(F)(F)F)c1)NO,0.1962669129807921,6.0733722747833285,0.2793990837410384,0.3276469593998676,0.5,0.5094476136368833,2,0.5,-3.8968507,2,0.6296296296296297,False,O=C(CNS(=O)(=O)c1cnc(Oc2ccccc2)c(C(F)(F)F)c1)NO,5.92,5.43,0.49,False,2.46,391.3,1.68,3,6,117.6,6,True,True,0.664,False
1874,CAND-01225,O=C(CNS(=O)(=O)c1cnc(Oc2ccccc2)cc1C(F)(F)F)NO,0.1962669129807921,6.0733722747833285,0.2793990837410384,0.3276469593998676,0.5,0.5094476136368833,2,0.5,-3.8968507,2,0.6296296296296297,False,O=C(CNS(=O)(=O)c1cnc(Oc2ccccc2)cc1C(F)(F)F)NO,5.92,5.48,0.44,False,2.53,391.3,1.68,3,6,117.6,6,True,True,0.64,False
1875,CAND-00382,O=C(CCNS(=O)(=O)c1ccc(Oc2ccccc2)c(C(F)(F)F)c1)NO,0.1945364356373291,6.096390610674164,0.2864231705536074,0.4597003234552155,0.5,0.486204286659515,2,0.5,-3.2698676000000004,2,0.66,False,O=C(CCNS(=O)(=O)c1ccc(Oc2ccccc2)c(C(F)(F)F)c1)NO,5.98,5.6,0.38,False,2.2,404.4,2.67,3,5,104.7,7,True,True,0.507,False
1876,CAND-00381,O=C(CCNS(=O)(=O)c1ccc(Oc2ccccc2)cc1C(F)(F)F)NO,0.1945364356373291,6.096390610674164,0.2864231705536074,0.4597003234552155,0.5,0.486204286659515,2,0.5,-3.2698676000000004,2,0.64,False,O=C(CCNS(=O)(=O)c1ccc(Oc2ccccc2)cc1C(F)(F)F)NO,5.98,5.64,0.34,False,2.24,404.4,2.67,3,5,104.7,7,True,True,0.541,False
1877,CAND-00384,O=C(CCNS(=O)(=O)c1ccc(Oc2cccc(C(F)(F)F)c2)cc1)NO,0.1945364356373291,6.096390610674164,0.2864231705536074,0.4597003234552155,0.5,0.486204286659515,2,0.5,-3.2698676000000004,2,0.7083333333333334,False,O=C(CCNS(=O)(=O)c1ccc(Oc2cccc(C(F)(F)F)c2)cc1)NO,6.0,6.86,-0.86,False,2.14,404.4,2.67,3,5,104.7,7,True,True,0.549,False
1878,CAND-00371,COc1cc(Oc2ccccc2)ccc1S(=O)(=O)NCCC(=O)NO,0.1890164712307875,6.02918969947708,0.2659166910074473,0.3574206776499972,0.5,0.4835819898595049,2,0.5,-3.7554865000000017,2,0.6530612244897959,False,COc1cc(Oc2ccccc2)ccc1S(=O)(=O)NCCC(=O)NO,5.97,5.53,0.44,False,2.06,366.4,1.66,3,6,114.0,8,True,True,0.477,False
1879,CAND-01198,O=C(CNS(=O)(=O)c1ccc(Oc2cccc(F)c2)nc1)NO,0.1887825475554883,5.938295123801993,0.2381800469093993,0.260345464702943,0.5,0.5282502388542566,2,0.5,-4.216395,2,0.7551020408163265,False,O=C(CNS(=O)(=O)c1ccc(Oc2cccc(F)c2)nc1)NO,5.86,6.59,-0.73,False,2.31,341.3,0.8,3,6,117.6,6,True,True,0.79,False
1880,CAND-01196,O=C(CNS(=O)(=O)c1cnc(Oc2ccccc2)c(F)c1)NO,0.1887825475554883,5.938295123801993,0.2381800469093993,0.260345464702943,0.5,0.5282502388542566,2,0.5,-4.216395,2,0.6666666666666666,False,O=C(CNS(=O)(=O)c1cnc(Oc2ccccc2)c(F)c1)NO,5.86,5.39,0.47,False,2.35,341.3,0.8,3,6,117.6,6,True,True,0.737,False
1881,CAND-01195,O=C(CNS(=O)(=O)c1cnc(Oc2ccccc2)cc1F)NO,0.1887825475554883,5.938295123801993,0.2381800469093993,0.260345464702943,0.5,0.5282502388542566,2,0.5,-4.216395,2,0.6666666666666666,False,O=C(CNS(=O)(=O)c1cnc(Oc2ccccc2)cc1F)NO,5.87,5.45,0.42,False,2.45,341.3,0.8,3,6,117.6,6,True,True,0.699,False
1882,CAND-01204,O=C(CNS(=O)(=O)c1ccc(Oc2cccc(Cl)c2)nc1)NO,0.1885955722174524,5.933006259214009,0.2365661403184928,0.3161121346517261,0.5,0.5296935809188617,2,0.5,-3.9516175000000007,2,0.7551020408163265,False,O=C(CNS(=O)(=O)c1ccc(Oc2cccc(Cl)c2)nc1)NO,5.86,6.66,-0.8,False,2.29,357.8,1.31,3,6,117.6,6,True,True,0.554,False
1883,CAND-01199,O=C(CNS(=O)(=O)c1ccc(Oc2ccc(F)cc2)nc1)NO,0.1882505344566928,5.931321373885072,0.2360519945142173,0.260345464702943,0.5,0.5282502388542566,2,0.5,-4.216395,2,0.782608695652174,False,O=C(CNS(=O)(=O)c1ccc(Oc2ccc(F)cc2)nc1)NO,6.02,6.44,-0.42,False,2.23,341.3,0.8,3,6,117.6,6,True,True,1.09,False
1884,CAND-01197,O=C(CNS(=O)(=O)c1ccc(Oc2ccccc2F)nc1)NO,0.1882505344566928,5.931321373885072,0.2360519945142173,0.260345464702943,0.5,0.5282502388542566,2,0.5,-4.216395,2,0.7142857142857143,False,O=C(CNS(=O)(=O)c1ccc(Oc2ccccc2F)nc1)NO,6.1,6.47,-0.37,False,2.29,341.3,0.8,3,6,117.6,6,True,True,0.89,False
1885,CAND-01205,O=C(CNS(=O)(=O)c1ccc(Oc2ccc(Cl)cc2)nc1)NO,0.1880635591186569,5.926032509297088,0.2344380879233108,0.3161121346517261,0.5,0.5296935809188617,2,0.5,-3.9516175000000007,2,0.782608695652174,False,O=C(CNS(=O)(=O)c1ccc(Oc2ccc(Cl)cc2)nc1)NO,5.79,6.43,-0.64,False,2.22,357.8,1.31,3,6,117.6,6,True,True,0.585,False
1886,CAND-01201,O=C(CNS(=O)(=O)c1cnc(Oc2ccccc2)cc1Cl)NO,0.1879962814426709,5.925150618064747,0.2341689772193666,0.3161121346517261,0.5,0.5296935809188617,2,0.5,-3.9516175000000007,2,0.6666666666666666,False,O=C(CNS(=O)(=O)c1cnc(Oc2ccccc2)cc1Cl)NO,5.94,5.5,0.44,False,2.37,357.8,1.31,3,6,117.6,6,True,True,0.583,False
1887,CAND-01202,O=C(CNS(=O)(=O)c1cnc(Oc2ccccc2)c(Cl)c1)NO,0.1879962814426709,5.925150618064747,0.2341689772193666,0.3161121346517261,0.5,0.5296935809188617,2,0.5,-3.9516175000000007,2,0.6666666666666666,False,O=C(CNS(=O)(=O)c1cnc(Oc2ccccc2)c(Cl)c1)NO,5.9,5.44,0.46,False,2.3,357.8,1.31,3,6,117.6,6,True,True,0.62,False
1888,CAND-01067,COc1cc(CCc2nnc([C@H](CCC(=O)O)NC(=O)c3ccc(-c4ccccc4F)cc3)o2)cc(OC)c1OC,0.1877538733492778,5.855930154965892,0.2130462277591781,0.606724414365982,1.0,0.2299487760632219,2,0.5,-2.571804199999999,0,0.8382352941176471,False,COc1cc(CCc2nnc([C@H](CCC(=O)O)NC(=O)c3ccc(-c4ccccc4F)cc3)o2)cc(OC)c1OC,5.48,5.75,-0.27,False,3.04,563.6,5.02,2,8,133.0,13,False,False,0.691,False
1889,CAND-01069,COc1cc(CCc2nnc([C@H](CCC(=O)O)NC(=O)c3ccc(-c4ccc(F)cc4)cc3)o2)cc(OC)c1OC,0.1877538733492778,5.855930154965892,0.2130462277591781,0.606724414365982,1.0,0.2299487760632219,2,0.5,-2.571804199999999,0,0.875,False,COc1cc(CCc2nnc([C@H](CCC(=O)O)NC(=O)c3ccc(-c4ccc(F)cc4)cc3)o2)cc(OC)c1OC,5.58,5.79,-0.21,False,3.02,563.6,5.02,2,8,133.0,13,False,False,0.911,False
1890,CAND-01203,O=C(CNS(=O)(=O)c1ccc(Oc2ccccc2Cl)nc1)NO,0.1874642683438753,5.918176868147826,0.2320409248241845,0.3161121346517261,0.5,0.5296935809188617,2,0.5,-3.9516175000000007,2,0.7142857142857143,False,O=C(CNS(=O)(=O)c1ccc(Oc2ccccc2Cl)nc1)NO,6.13,6.56,-0.43,False,2.28,357.8,1.31,3,6,117.6,6,True,True,0.784,False
1891,CAND-01085,COc1ccccc1-c1ccc(C(=O)N[C@@H](CCC(=O)O)c2nnc(CCc3cc(OC)c(OC)c(OC)c3)o2)cc1,0.1873244262657437,5.883013039344167,0.2213106188910977,0.5717462632576883,1.0,0.2133118102864618,2,0.5,-2.7378788000000003,0,0.8769230769230769,False,COc1ccccc1-c1ccc(C(=O)N[C@@H](CCC(=O)O)c2nnc(CCc3cc(OC)c(OC)c(OC)c3)o2)cc1,6.06,5.6,0.46,False,3.05,575.6,4.89,2,9,142.2,14,True,False,0.953,False
1892,CAND-00365,O=C(CCNS(=O)(=O)c1ccc(Oc2ccc(Cl)cc2)cc1)NO,0.1869511600043087,5.94606329478904,0.2405505183303861,0.448165498707074,0.5,0.5120902028114152,2,0.5,-3.3246344000000008,2,0.7804878048780488,False,O=C(CCNS(=O)(=O)c1ccc(Oc2ccc(Cl)cc2)cc1)NO,5.88,6.38,-0.5,False,1.92,370.8,2.31,3,5,104.7,7,True,True,0.559,False
1893,CAND-01070,COc1cc(CCc2nnc([C@H](CCC(=O)O)NC(=O)c3ccc(-c4ccccc4)cc3)o2)c(Cl)c(OC)c1OC,0.1864776146703943,5.879642132805138,0.2202819806663587,0.6624910843147654,1.0,0.2093807966920308,2,0.5,-2.307026699999997,0,0.782608695652174,False,COc1cc(CCc2nnc([C@H](CCC(=O)O)NC(=O)c3ccc(-c4ccccc4)cc3)o2)c(Cl)c(OC)c1OC,5.42,5.65,-0.23,False,3.16,580.0,5.54,2,8,133.0,13,False,False,0.654,False
1894,CAND-00363,O=C(CCNS(=O)(=O)c1ccc(Oc2ccccc2Cl)cc1)NO,0.1863518692295272,5.938207653639778,0.2381533552312598,0.448165498707074,0.5,0.5120902028114152,2,0.5,-3.3246344000000008,2,0.7333333333333333,False,O=C(CCNS(=O)(=O)c1ccc(Oc2ccccc2Cl)cc1)NO,6.22,6.55,-0.33,False,1.97,370.8,2.31,3,5,104.7,7,True,True,0.71,False
1895,CAND-00367,Cc1cc(S(=O)(=O)NCCC(=O)NO)ccc1Oc1ccccc1,0.1859939082121489,5.912212029667316,0.2302207435778617,0.4228101481638663,0.5,0.5229248154512234,2,0.5,-3.4450204000000006,2,0.7021276595744681,False,Cc1cc(S(=O)(=O)NCCC(=O)NO)ccc1Oc1ccccc1,5.94,5.64,0.3,False,2.0,350.4,1.96,3,5,104.7,7,True,True,0.414,False
1896,CAND-00144,Cc1cc(Oc2cccc(/C=C3/SC(=S)N(C(C(=O)O)c4ccccc4)C3=O)c2)cc(Cl)c1Cl,0.1857487815867464,5.515689032370309,0.1092210340678823,0.9631098247086504,0.25,0.270460881842684,1,1.0,-0.8797031999999989,3,0.796875,False,Cc1cc(Oc2cccc(/C=C3/SC(=S)N(C(C(=O)O)c4ccccc4)C3=O)c2)cc(Cl)c1Cl,5.78,6.08,-0.3,False,3.0,530.5,7.12,1,5,66.8,6,False,True,0.338,False
1897,CAND-01068,COc1cc(CCc2nnc([C@H](CCC(=O)O)NC(=O)c3ccc(-c4cccc(F)c4)cc3)o2)cc(OC)c1OC,0.1855683624448557,5.8272819759593055,0.2043041841414898,0.606724414365982,1.0,0.2299487760632219,2,0.5,-2.571804199999999,0,0.8656716417910447,False,COc1cc(CCc2nnc([C@H](CCC(=O)O)NC(=O)c3ccc(-c4cccc(F)c4)cc3)o2)cc(OC)c1OC,5.46,5.77,-0.31,False,3.05,563.6,5.02,2,8,133.0,13,False,False,0.742,False
1898,CAND-01066,COc1cc(CCc2nnc([C@H](CCC(=O)O)NC(=O)c3ccc(-c4ccccc4)c(F)c3)o2)cc(OC)c1OC,0.1855683624448557,5.8272819759593055,0.2043041841414898,0.606724414365982,1.0,0.2299487760632219,2,0.5,-2.571804199999999,0,0.8115942028985508,False,COc1cc(CCc2nnc([C@H](CCC(=O)O)NC(=O)c3ccc(-c4ccccc4)c(F)c3)o2)cc(OC)c1OC,5.53,5.73,-0.2,False,3.07,563.6,5.02,2,8,133.0,13,False,False,0.715,False
1899,CAND-01065,COc1cc(CCc2nnc([C@H](CCC(=O)O)NC(=O)c3ccc(-c4ccccc4)cc3F)o2)cc(OC)c1OC,0.1855683624448557,5.8272819759593055,0.2043041841414898,0.606724414365982,1.0,0.2299487760632219,2,0.5,-2.571804199999999,0,0.7971014492753623,False,COc1cc(CCc2nnc([C@H](CCC(=O)O)NC(=O)c3ccc(-c4ccccc4)cc3F)o2)cc(OC)c1OC,5.44,5.63,-0.19,False,3.08,563.6,5.02,2,8,133.0,13,False,False,0.702,False
1900,CAND-01084,COc1cc(C(=O)N[C@@H](CCC(=O)O)c2nnc(CCc3cc(OC)c(OC)c(OC)c3)o2)ccc1-c1ccccc1,0.1851389153613216,5.85436486033758,0.2125685752734095,0.5717462632576884,1.0,0.2133118102864618,2,0.5,-2.7378788,0,0.8484848484848485,False,COc1cc(C(=O)N[C@@H](CCC(=O)O)c2nnc(CCc3cc(OC)c(OC)c(OC)c3)o2)ccc1-c1ccccc1,6.03,5.59,0.44,False,3.08,575.6,4.89,2,9,142.2,14,True,False,0.911,False
1901,CAND-01227,O=C(CNS(=O)(=O)c1ccc(Oc2ccccc2C(F)(F)F)nc1)NO,0.1839850214852263,5.912378419574223,0.2302715177587752,0.3276469593998675,0.5,0.5094476136368833,2,0.5,-3.8968507000000008,2,0.6730769230769231,False,O=C(CNS(=O)(=O)c1ccc(Oc2ccccc2C(F)(F)F)nc1)NO,6.16,6.74,-0.58,False,2.45,391.3,1.68,3,6,117.6,6,True,True,0.821,False
1902,CAND-00369,Cc1cccc(Oc2ccc(S(=O)(=O)NCCC(=O)NO)cc2)c1,0.1833361370348182,5.877373354512386,0.2195896588685389,0.4228101481638663,0.5,0.5229248154512234,2,0.5,-3.4450204,2,0.7555555555555555,False,Cc1cccc(Oc2ccc(S(=O)(=O)NCCC(=O)NO)cc2)c1,5.96,6.62,-0.66,False,1.97,350.4,1.96,3,5,104.7,7,True,True,0.441,False
1903,CAND-00370,Cc1ccc(Oc2ccc(S(=O)(=O)NCCC(=O)NO)cc2)cc1,0.1828041239360227,5.870399604595465,0.2174616064733568,0.4228101481638663,0.5,0.5229248154512234,2,0.5,-3.4450204000000006,2,0.7804878048780488,False,Cc1ccc(Oc2ccc(S(=O)(=O)NCCC(=O)NO)cc2)cc1,5.89,6.38,-0.49,False,1.91,350.4,1.96,3,5,104.7,7,True,True,0.498,False
1904,CAND-00368,Cc1ccccc1Oc1ccc(S(=O)(=O)NCCC(=O)NO)cc1,0.1828041239360227,5.870399604595465,0.2174616064733568,0.4228101481638662,0.5,0.5229248154512234,2,0.5,-3.445020400000001,2,0.7333333333333333,False,Cc1ccccc1Oc1ccc(S(=O)(=O)NCCC(=O)NO)cc1,6.19,6.47,-0.28,False,1.96,350.4,1.96,3,5,104.7,7,True,True,0.685,False
1905,CAND-00169,O=C(O)C(c1ccc(C(F)(F)F)cc1)N1C(=O)/C(=C\c2cccc(Oc3ccc(Cl)c(Cl)c3)c2)SC1=S,0.1827600353018707,5.564989117871892,0.1242650442896667,0.9999999999999996,0.25,0.2354250438567913,1,1.0,-0.7045503999999996,3,0.828125,False,O=C(O)C(c1ccc(C(F)(F)F)cc1)N1C(=O)/C(=C\c2cccc(Oc3ccc(Cl)c(Cl)c3)c2)SC1=S,5.75,5.92,-0.17,False,3.04,584.4,7.83,1,5,66.8,6,False,True,0.363,False
1906,CAND-00383,O=C(CCNS(=O)(=O)c1ccc(Oc2ccccc2C(F)(F)F)cc1)NO,0.1822545441417633,5.935396755465058,0.2372956045713442,0.4597003234552155,0.5,0.486204286659515,2,0.5,-3.2698676000000004,2,0.6875,False,O=C(CCNS(=O)(=O)c1ccc(Oc2ccccc2C(F)(F)F)cc1)NO,6.22,6.61,-0.39,False,2.17,404.4,2.67,3,5,104.7,7,True,True,0.749,False
1907,CAND-00374,COc1cccc(Oc2ccc(S(=O)(=O)NCCC(=O)NO)cc2)c1,0.1820072011666491,5.937310577255976,0.2378796107508935,0.3574206776499974,0.5,0.4835819898595049,2,0.5,-3.755486500000001,2,0.7555555555555555,False,COc1cccc(Oc2ccc(S(=O)(=O)NCCC(=O)NO)cc2)c1,5.95,6.76,-0.81,False,1.98,366.4,1.66,3,6,114.0,8,True,True,0.512,False
1908,CAND-01208,Cc1cc(S(=O)(=O)NCC(=O)NO)cnc1Oc1ccccc1,0.1817232163181337,5.83479095873303,0.2065955638105876,0.2907567841085182,0.5,0.5338288357699125,2,0.5,-4.072003500000001,2,0.6666666666666666,False,Cc1cc(S(=O)(=O)NCC(=O)NO)cnc1Oc1ccccc1,5.9,5.41,0.49,False,2.32,337.4,0.97,3,6,117.6,6,True,True,0.588,False
1909,CAND-01076,COc1cc(CCc2nnc([C@H](CCC(=O)O)NC(=O)c3ccc(-c4ccccc4)cc3)o2)c(C)c(OC)c1OC,0.1813701854543674,5.778178633054623,0.1893202102788463,0.6371357337715573,1.0,0.2269342192310389,2,0.5,-2.427412699999999,0,0.7941176470588235,False,COc1cc(CCc2nnc([C@H](CCC(=O)O)NC(=O)c3ccc(-c4ccccc4)cc3)o2)c(C)c(OC)c1OC,5.37,5.78,-0.41,False,3.13,559.6,5.19,2,8,133.0,13,False,False,0.629,False
1910,CAND-01082,COc1cc(CCc2nnc([C@H](CCC(=O)O)NC(=O)c3ccc(-c4ccccc4)cc3)o2)c(OC)c(OC)c1OC,0.1793268241126808,5.778178633054623,0.1893202102788463,0.5717462632576885,1.0,0.2133118102864618,2,0.5,-2.737878799999999,0,0.8181818181818182,False,COc1cc(CCc2nnc([C@H](CCC(=O)O)NC(=O)c3ccc(-c4ccccc4)cc3)o2)c(OC)c(OC)c1OC,5.41,5.59,-0.18,False,3.13,575.6,4.89,2,9,142.2,14,True,False,0.676,False
1911,CAND-01210,Cc1cccc(Oc2ccc(S(=O)(=O)NCC(=O)NO)cn2)c1,0.179065445140803,5.7999522835781,0.1959644791012648,0.2907567841085182,0.5,0.5338288357699125,2,0.5,-4.072003500000001,2,0.7551020408163265,False,Cc1cccc(Oc2ccc(S(=O)(=O)NCC(=O)NO)cn2)c1,5.86,6.56,-0.7,False,2.27,337.4,0.97,3,6,117.6,6,True,True,0.523,False
1912,CAND-01207,Cc1cc(Oc2ccccc2)ncc1S(=O)(=O)NCC(=O)NO,0.179065445140803,5.7999522835781,0.1959644791012648,0.2907567841085182,0.5,0.5338288357699125,2,0.5,-4.072003500000001,2,0.6666666666666666,False,Cc1cc(Oc2ccccc2)ncc1S(=O)(=O)NCC(=O)NO,5.92,5.48,0.44,False,2.38,337.4,0.97,3,6,117.6,6,True,True,0.55,False
1913,CAND-01209,Cc1ccccc1Oc1ccc(S(=O)(=O)NCC(=O)NO)cn1,0.1785334320420075,5.792978533661179,0.1938364267060827,0.2907567841085182,0.5,0.5338288357699125,2,0.5,-4.072003500000001,2,0.7142857142857143,False,Cc1ccccc1Oc1ccc(S(=O)(=O)NCC(=O)NO)cn1,6.13,6.45,-0.32,False,2.26,337.4,0.97,3,6,117.6,6,True,True,0.757,False
1914,CAND-01211,Cc1ccc(Oc2ccc(S(=O)(=O)NCC(=O)NO)cn2)cc1,0.1785334320420075,5.792978533661179,0.1938364267060827,0.2907567841085182,0.5,0.5338288357699125,2,0.5,-4.072003500000001,2,0.782608695652174,False,Cc1ccc(Oc2ccc(S(=O)(=O)NCC(=O)NO)cn2)cc1,5.82,6.36,-0.54,False,2.21,337.4,0.97,3,6,117.6,6,True,True,0.562,False
1915,CAND-00389,N#Cc1cccc(Oc2ccc(S(=O)(=O)NCCC(=O)NO)cc2)c1,0.1783131645495034,5.843717903806184,0.2093196372389295,0.3433902929736553,0.5,0.5065550349318073,2,0.5,-3.822102100000001,2,0.7083333333333334,False,N#Cc1cccc(Oc2ccc(S(=O)(=O)NCCC(=O)NO)cc2)c1,5.97,6.74,-0.77,False,2.14,361.4,1.52,3,6,128.5,7,True,True,0.57,False
1916,CAND-00386,N#Cc1cc(Oc2ccccc2)ccc1S(=O)(=O)NCCC(=O)NO,0.1778311632404168,5.837399719917839,0.2073916320025829,0.3433902929736551,0.5,0.5065550349318072,2,0.5,-3.822102100000002,2,0.64,False,N#Cc1cc(Oc2ccccc2)ccc1S(=O)(=O)NCCC(=O)NO,5.99,5.5,0.49,False,2.24,361.4,1.52,3,6,128.5,7,True,True,0.556,False
1917,CAND-00390,N#Cc1ccc(Oc2ccc(S(=O)(=O)NCCC(=O)NO)cc2)cc1,0.1777811514507079,5.836744153889264,0.2071915848437474,0.3433902929736555,0.5,0.5065550349318073,2,0.5,-3.8221021,2,0.7272727272727273,False,N#Cc1ccc(Oc2ccc(S(=O)(=O)NCCC(=O)NO)cc2)cc1,5.91,6.51,-0.6,False,2.08,361.4,1.52,3,6,128.5,7,True,True,0.61,False
1918,CAND-01100,COc1cc(CCc2nnc([C@H](CCC(=O)O)NC(=O)c3ccc(-c4ccccc4)cc3)o2)c(C#N)c(OC)c1OC,0.1776066795444464,5.723358601700052,0.1725917786003611,0.5577158785813464,1.0,0.2297248992957075,2,0.5,-2.8044943999999994,0,0.75,False,COc1cc(CCc2nnc([C@H](CCC(=O)O)NC(=O)c3ccc(-c4ccccc4)cc3)o2)c(C#N)c(OC)c1OC,5.44,5.63,-0.19,False,3.26,570.6,4.76,2,9,156.8,13,True,False,0.712,False
1919,CAND-00375,COc1ccc(Oc2ccc(S(=O)(=O)NCCC(=O)NO)cc2)cc1,0.1767345797352217,5.868195844267974,0.2167891250251842,0.3574206776499974,0.5,0.483581989859505,2,0.5,-3.755486500000001,2,0.7804878048780488,False,COc1ccc(Oc2ccc(S(=O)(=O)NCCC(=O)NO)cc2)cc1,5.86,6.53,-0.67,False,1.92,366.4,1.66,3,6,114.0,8,True,True,0.557,False
1920,CAND-00719,CN(CF)c1ccc(-c2ccc(S(=O)(=O)N(CCN3CCCC3=O)[C@]3(C(=O)O)C[C@H]3c3ccccc3)cc2)cc1,0.1767043447721922,5.807497047933336,0.1982667775846515,0.5020905748319932,0.75,0.347584335840196,2,0.5,-3.0686007000000006,1,0.8055555555555556,False,CN(CF)c1ccc(-c2ccc(S(=O)(=O)N(CCN3CCCC3=O)[C@]3(C(=O)O)C[C@H]3c3ccccc3)cc2)cc1,5.91,6.07,-0.16,False,3.7,565.7,4.34,1,5,98.2,11,True,False,0.756,False
1921,CAND-00387,N#Cc1cc(S(=O)(=O)NCCC(=O)NO)ccc1Oc1ccccc1,0.1757957577366321,5.810719156986108,0.1992500099874442,0.3433902929736553,0.5,0.5065550349318073,2,0.5,-3.822102100000001,2,0.66,False,N#Cc1cc(S(=O)(=O)NCCC(=O)NO)ccc1Oc1ccccc1,5.97,5.45,0.52,False,2.19,361.4,1.52,3,6,128.5,7,True,True,0.547,False
1922,CAND-00388,N#Cc1ccccc1Oc1ccc(S(=O)(=O)NCCC(=O)NO)cc1,0.1752637446378366,5.803745407069187,0.1971219575922621,0.3433902929736552,0.5,0.5065550349318073,2,0.5,-3.822102100000001,2,0.6875,False,N#Cc1ccccc1Oc1ccc(S(=O)(=O)NCCC(=O)NO)cc1,6.2,6.55,-0.35,False,2.14,361.4,1.52,3,6,128.5,7,True,True,0.742,False
1923,CAND-01229,O=C(CNS(=O)(=O)c1ccc(Oc2ccc(C(F)(F)F)cc2)nc1)NO,0.174073602579065,5.782457263629195,0.1906258421341302,0.3276469593998675,0.5,0.5094476136368833,2,0.5,-3.8968507000000008,2,0.7346938775510204,False,O=C(CNS(=O)(=O)c1ccc(Oc2ccc(C(F)(F)F)cc2)nc1)NO,5.84,6.71,-0.87,False,2.36,391.3,1.68,3,6,117.6,6,True,True,0.67,False
1924,CAND-01094,COc1cc(CCc2nnc([C@H](CCC(=O)O)NC(=O)c3ccc(-c4ccccc4)cc3)o2)c(C(F)(F)F)c(OC)c1OC,0.173370558755025,5.747825474876923,0.1800578891846142,0.6740259090629069,1.0,0.1890405763924766,2,0.5,-2.2522598999999976,0,0.7605633802816901,False,COc1cc(CCc2nnc([C@H](CCC(=O)O)NC(=O)c3ccc(-c4ccccc4)cc3)o2)c(C(F)(F)F)c(OC)c1OC,5.43,5.84,-0.41,False,3.35,613.6,5.9,2,8,133.0,13,False,False,0.666,False
1925,CAND-01112,CCCCOc1ccc(S(=O)(=O)NCC(=O)NO)cc1C,0.1725138906563073,6.3516064813477096,0.3643027549014093,0.3164524497665048,0.25,0.3762546795397001,2,0.5,-3.9500017,3,0.6956521739130435,False,CCCCOc1ccc(S(=O)(=O)NCC(=O)NO)cc1C,5.94,5.91,0.03,False,2.13,316.4,0.96,3,5,104.7,8,True,True,0.731,False
1926,CAND-00385,O=C(CCNS(=O)(=O)c1ccc(Oc2ccc(C(F)(F)F)cc2)cc1)NO,0.172343125235602,5.8054755995200304,0.1976499289466992,0.4597003234552155,0.5,0.486204286659515,2,0.5,-3.2698676000000004,2,0.7272727272727273,False,O=C(CCNS(=O)(=O)c1ccc(Oc2ccc(C(F)(F)F)cc2)cc1)NO,5.92,6.6,-0.68,False,2.1,404.4,2.67,3,5,104.7,7,True,True,0.606,False
1927,CAND-01075,COc1cc(CCc2nnc([C@H](CCC(=O)O)NC(=O)c3ccc(-c4ccc(Cl)cc4)cc3)o2)cc(OC)c1OC,0.1719976391081786,5.689835286690565,0.162362078417496,0.6624910843147653,1.0,0.2093807966920309,2,0.5,-2.3070266999999984,0,0.875,False,COc1cc(CCc2nnc([C@H](CCC(=O)O)NC(=O)c3ccc(-c4ccc(Cl)cc4)cc3)o2)cc(OC)c1OC,5.42,5.72,-0.3,False,3.02,580.0,5.54,2,8,133.0,13,False,False,0.602,False
1928,CAND-01088,COc1cc(CCc2nnc([C@H](CCC(=O)O)NC(=O)c3ccc(-c4ccccc4)cc3)o2)c(O)c(OC)c1OC,0.1718066693494118,5.683757440498294,0.1605074126636196,0.544457595142327,1.0,0.2111987745567125,2,0.5,-2.8674441,0,0.7941176470588235,False,COc1cc(CCc2nnc([C@H](CCC(=O)O)NC(=O)c3ccc(-c4ccccc4)cc3)o2)c(O)c(OC)c1OC,5.45,5.63,-0.18,False,3.14,561.6,4.59,3,9,153.2,13,True,False,0.714,False
1929,CAND-00366,Cc1cc(Oc2ccccc2)ccc1S(=O)(=O)NCCC(=O)NO,0.1715124474070537,5.722385714647877,0.1722949003574808,0.4228101481638661,0.5,0.5229248154512234,2,0.5,-3.445020400000001,2,0.6808510638297872,False,Cc1cc(Oc2ccccc2)ccc1S(=O)(=O)NCCC(=O)NO,5.96,5.68,0.28,False,2.04,350.4,1.96,3,5,104.7,7,True,True,0.427,False
1930,CAND-01073,COc1cc(CCc2nnc([C@H](CCC(=O)O)NC(=O)c3ccc(-c4ccccc4Cl)cc3)o2)cc(OC)c1OC,0.1713983483333971,5.681979645541303,0.1599649153183697,0.6624910843147653,1.0,0.2093807966920309,2,0.5,-2.3070266999999984,0,0.8507462686567164,False,COc1cc(CCc2nnc([C@H](CCC(=O)O)NC(=O)c3ccc(-c4ccccc4Cl)cc3)o2)cc(OC)c1OC,5.41,5.68,-0.27,False,3.05,580.0,5.54,2,8,133.0,13,False,False,0.546,False
1931,CAND-01074,COc1cc(CCc2nnc([C@H](CCC(=O)O)NC(=O)c3ccc(-c4cccc(Cl)c4)cc3)o2)cc(OC)c1OC,0.1698121282037566,5.661187107683978,0.1536200347998077,0.6624910843147653,1.0,0.2093807966920309,2,0.5,-2.3070266999999984,0,0.8656716417910447,False,COc1cc(CCc2nnc([C@H](CCC(=O)O)NC(=O)c3ccc(-c4cccc(Cl)c4)cc3)o2)cc(OC)c1OC,5.42,5.69,-0.27,False,3.05,580.0,5.54,2,8,133.0,13,False,False,0.625,False
1932,CAND-01072,COc1cc(CCc2nnc([C@H](CCC(=O)O)NC(=O)c3ccc(-c4ccccc4)c(Cl)c3)o2)cc(OC)c1OC,0.169212837428975,5.653331466534716,0.1512228717006815,0.6624910843147653,1.0,0.2093807966920309,2,0.5,-2.3070266999999984,0,0.8235294117647058,False,COc1cc(CCc2nnc([C@H](CCC(=O)O)NC(=O)c3ccc(-c4ccccc4)c(Cl)c3)o2)cc(OC)c1OC,5.46,5.66,-0.2,False,3.07,580.0,5.54,2,8,133.0,13,False,False,0.58,False
1933,CAND-01071,COc1cc(CCc2nnc([C@H](CCC(=O)O)NC(=O)c3ccc(-c4ccccc4)cc3Cl)o2)cc(OC)c1OC,0.169212837428975,5.653331466534716,0.1512228717006815,0.6624910843147653,1.0,0.2093807966920309,2,0.5,-2.3070266999999984,0,0.7971014492753623,False,COc1cc(CCc2nnc([C@H](CCC(=O)O)NC(=O)c3ccc(-c4ccccc4)cc3Cl)o2)cc(OC)c1OC,5.37,5.52,-0.15,False,3.07,580.0,5.54,2,8,133.0,13,False,False,0.553,False
1934,CAND-01212,Cc1nc(Oc2ccccc2)ccc1S(=O)(=O)NCC(=O)NO,0.1688144399871131,5.66557975308825,0.1549604584865052,0.2907567841085182,0.5,0.5338288357699125,2,0.5,-4.072003500000001,2,0.6274509803921569,False,Cc1nc(Oc2ccccc2)ccc1S(=O)(=O)NCC(=O)NO,6.02,5.51,0.51,False,2.39,337.4,0.97,3,6,117.6,6,True,True,0.504,False
1935,CAND-00379,O=C(CCNS(=O)(=O)c1ccc(Oc2cccc(O)c2)cc1)NO,0.1683849159071769,5.843717903806184,0.2093196372389295,0.3301320095346363,0.5,0.4403667106496302,2,0.5,-3.8850518,2,0.7727272727272727,False,O=C(CCNS(=O)(=O)c1ccc(Oc2cccc(O)c2)cc1)NO,6.04,6.68,-0.64,False,2.07,352.4,1.36,4,6,125.0,7,True,True,0.559,False
1936,CAND-00376,O=C(CCNS(=O)(=O)c1ccc(Oc2ccccc2)cc1O)NO,0.1683849159071769,5.843717903806184,0.2093196372389295,0.3301320095346363,0.5,0.4403667106496302,2,0.5,-3.8850518,2,0.6956521739130435,False,O=C(CCNS(=O)(=O)c1ccc(Oc2ccccc2)cc1O)NO,6.04,5.5,0.54,False,2.17,352.4,1.36,4,6,125.0,7,True,True,0.521,False
1937,CAND-00380,O=C(CCNS(=O)(=O)c1ccc(Oc2ccc(O)cc2)cc1)NO,0.1678529028083814,5.836744153889264,0.2071915848437474,0.3301320095346363,0.5,0.4403667106496302,2,0.5,-3.8850518,2,0.8,False,O=C(CCNS(=O)(=O)c1ccc(Oc2ccc(O)cc2)cc1)NO,5.95,6.45,-0.5,False,2.0,352.4,1.36,4,6,125.0,7,True,True,0.591,False
1938,CAND-01079,COc1cc(CCc2nnc([C@H](CCC(=O)O)NC(=O)c3ccc(-c4ccccc4C)cc3)o2)cc(OC)c1OC,0.1662909191173701,5.580516145790789,0.1290031449308573,0.6371357337715573,1.0,0.2269342192310389,2,0.5,-2.427412699999999,0,0.8507462686567164,False,COc1cc(CCc2nnc([C@H](CCC(=O)O)NC(=O)c3ccc(-c4ccccc4C)cc3)o2)cc(OC)c1OC,5.38,5.8,-0.42,False,3.04,559.6,5.19,2,8,133.0,13,False,False,0.521,False
1939,CAND-01081,COc1cc(CCc2nnc([C@H](CCC(=O)O)NC(=O)c3ccc(-c4ccc(C)cc4)cc3)o2)cc(OC)c1OC,0.1662909191173701,5.580516145790789,0.1290031449308573,0.6371357337715573,1.0,0.2269342192310389,2,0.5,-2.427412699999999,0,0.8888888888888888,False,COc1cc(CCc2nnc([C@H](CCC(=O)O)NC(=O)c3ccc(-c4ccc(C)cc4)cc3)o2)cc(OC)c1OC,5.35,5.84,-0.49,False,3.01,559.6,5.19,2,8,133.0,13,False,False,0.514,False
1940,CAND-01234,N#Cc1cccc(Oc2ccc(S(=O)(=O)NCC(=O)NO)cn2)c1,0.1654345058053027,5.667338021323974,0.1554969972174578,0.2113369289183074,0.5,0.5104017100062551,2,0.5,-4.449085200000001,2,0.7115384615384616,False,N#Cc1cccc(Oc2ccc(S(=O)(=O)NCC(=O)NO)cn2)c1,5.73,6.74,-1.01,False,2.43,348.3,0.53,3,7,141.4,6,True,False,0.631,False
1941,CAND-01214,COc1cc(S(=O)(=O)NCC(=O)NO)cnc1Oc1ccccc1,0.1649846590520591,5.6958021613038,0.1641828809934008,0.2253673135946494,0.5,0.4929262586913925,2,0.5,-4.382469600000001,2,0.6415094339622641,False,COc1cc(S(=O)(=O)NCC(=O)NO)cnc1Oc1ccccc1,5.81,5.34,0.47,False,2.34,353.4,0.67,3,7,126.9,7,True,True,0.654,False
1942,CAND-01087,COc1ccc(-c2ccc(C(=O)N[C@@H](CCC(=O)O)c3nnc(CCc4cc(OC)c(OC)c(OC)c4)o3)cc2)cc1,0.1642475577756836,5.580516145790789,0.1290031449308573,0.5717462632576884,1.0,0.2133118102864618,2,0.5,-2.7378788,0,0.8888888888888888,False,COc1ccc(-c2ccc(C(=O)N[C@@H](CCC(=O)O)c3nnc(CCc4cc(OC)c(OC)c(OC)c4)o3)cc2)cc1,5.34,5.64,-0.3,False,3.02,575.6,4.89,2,9,142.2,14,True,False,0.578,False
1943,CAND-01080,COc1cc(CCc2nnc([C@H](CCC(=O)O)NC(=O)c3ccc(-c4cccc(C)c4)cc3)o2)cc(OC)c1OC,0.1641054082129481,5.551867966784202,0.120261101313169,0.6371357337715573,1.0,0.2269342192310389,2,0.5,-2.427412699999999,0,0.8787878787878788,False,COc1cc(CCc2nnc([C@H](CCC(=O)O)NC(=O)c3ccc(-c4cccc(C)c4)cc3)o2)cc(OC)c1OC,5.34,5.84,-0.5,False,3.04,559.6,5.19,2,8,133.0,13,False,False,0.523,False
1944,CAND-01077,COc1cc(CCc2nnc([C@H](CCC(=O)O)NC(=O)c3ccc(-c4ccccc4)cc3C)o2)cc(OC)c1OC,0.1641054082129481,5.551867966784202,0.120261101313169,0.6371357337715573,1.0,0.2269342192310389,2,0.5,-2.427412699999999,0,0.835820895522388,False,COc1cc(CCc2nnc([C@H](CCC(=O)O)NC(=O)c3ccc(-c4ccccc4)cc3C)o2)cc(OC)c1OC,5.34,5.76,-0.42,False,3.07,559.6,5.19,2,8,133.0,13,False,False,0.524,False
1945,CAND-01078,COc1cc(CCc2nnc([C@H](CCC(=O)O)NC(=O)c3ccc(-c4ccccc4)c(C)c3)o2)cc(OC)c1OC,0.1641054082129481,5.551867966784202,0.120261101313169,0.6371357337715573,1.0,0.2269342192310389,2,0.5,-2.427412699999999,0,0.8235294117647058,False,COc1cc(CCc2nnc([C@H](CCC(=O)O)NC(=O)c3ccc(-c4ccccc4)c(C)c3)o2)cc(OC)c1OC,5.44,5.79,-0.35,False,3.05,559.6,5.19,2,8,133.0,13,False,False,0.577,False
1946,CAND-00267,O=C(NO)[C@@H](NCC1CC1)[C@@H](Cc1ccc(O)c(O)c1)C(=O)N[C@H]1c2ccccc2C[C@H]1O,0.1632752656678388,6.96649651180146,0.551937559370915,0.129772107029293,0.0,0.1686058388340668,2,0.5,-4.836351100000002,4,0.8125,False,O=C(NO)[C@@H](NCC1CC1)[C@@H](Cc1ccc(O)c(O)c1)C(=O)N[C@H]1c2ccccc2C[C@H]1O,7.21,7.55,-0.34,False,3.86,455.5,0.9,7,7,151.2,9,True,False,0.835,False
1947,CAND-01555,Oc1cc(Cl)ccc1OCc1nnc([S-])n1Cc1ccc(-c2ccccc2)cc1,0.1630338947278501,5.425973612601702,0.0818442115265248,0.7597214167580657,0.75,0.4504856123081261,2,0.5,-1.8453816999999983,1,0.6792452830188679,False,Oc1cc(Cl)ccc1OCc1nnc([S-])n1Cc1ccc(-c2ccccc2)cc1,5.31,5.76,-0.45,False,2.55,422.9,4.84,1,6,60.2,6,True,True,0.53,False
1948,CAND-01231,N#Cc1cc(Oc2ccccc2)ncc1S(=O)(=O)NCC(=O)NO,0.1629170989924314,5.634339274503898,0.1454273699659725,0.2113369289183074,0.5,0.5104017100062551,2,0.5,-4.449085200000001,2,0.6296296296296297,False,N#Cc1cc(Oc2ccccc2)ncc1S(=O)(=O)NCC(=O)NO,5.77,5.44,0.33,False,2.55,348.3,0.53,3,7,141.4,6,True,False,0.636,False
1949,CAND-01232,N#Cc1cc(S(=O)(=O)NCC(=O)NO)cnc1Oc1ccccc1,0.1629170989924314,5.634339274503898,0.1454273699659725,0.2113369289183074,0.5,0.5104017100062551,2,0.5,-4.449085200000001,2,0.6296296296296297,False,N#Cc1cc(S(=O)(=O)NCC(=O)NO)cnc1Oc1ccccc1,5.76,5.37,0.39,False,2.45,348.3,0.53,3,7,141.4,6,True,False,0.683,False
1950,CAND-01105,COc1cc(CCc2nnc([C@H](CCC(=O)O)NC(=O)c3ccc(-c4ccc(C#N)cc4)cc3)o2)cc(OC)c1OC,0.1625274132074491,5.525696114436217,0.1122747132523721,0.5577158785813464,1.0,0.2297248992957075,2,0.5,-2.8044943999999994,0,0.835820895522388,False,COc1cc(CCc2nnc([C@H](CCC(=O)O)NC(=O)c3ccc(-c4ccc(C#N)cc4)cc3)o2)cc(OC)c1OC,5.4,5.67,-0.27,False,3.12,570.6,4.76,2,9,156.8,13,True,False,0.609,False
1951,CAND-01083,COc1cc(-c2ccccc2)ccc1C(=O)N[C@@H](CCC(=O)O)c1nnc(CCc2cc(OC)c(OC)c(OC)c2)o1,0.1620620468712615,5.551867966784202,0.120261101313169,0.5717462632576883,1.0,0.2133118102864618,2,0.5,-2.7378788000000003,0,0.8333333333333334,False,COc1cc(-c2ccccc2)ccc1C(=O)N[C@@H](CCC(=O)O)c1nnc(CCc2cc(OC)c(OC)c(OC)c2)o1,5.37,5.52,-0.15,False,3.08,575.6,4.89,2,9,142.2,14,True,False,0.583,False
1952,CAND-01106,COc1cc(CCc2nnc([C@H](CCC(=O)O)NC(=O)c3ccc(-c4ccccc4)cc3)o2)cc(OCF)c1OC,0.1619943997024659,5.551867966784202,0.120261101313169,0.6303663947775384,1.0,0.2128608291611582,2,0.5,-2.459553199999999,0,0.8939393939393939,False,COc1cc(CCc2nnc([C@H](CCC(=O)O)NC(=O)c3ccc(-c4ccccc4)cc3)o2)cc(OCF)c1OC,5.38,5.77,-0.39,False,3.15,563.6,5.18,2,8,133.0,14,False,False,0.571,False
1953,CAND-01107,COc1cc(CCc2nnc([C@H](CCC(=O)O)NC(=O)c3ccc(-c4ccccc4)cc3)o2)cc(OC)c1OCF,0.1619943997024659,5.551867966784202,0.120261101313169,0.6303663947775384,1.0,0.2128608291611582,2,0.5,-2.459553199999999,0,0.8636363636363636,False,COc1cc(CCc2nnc([C@H](CCC(=O)O)NC(=O)c3ccc(-c4ccccc4)cc3)o2)cc(OC)c1OCF,5.33,5.76,-0.43,False,3.14,563.6,5.18,2,8,133.0,14,False,False,0.605,False
1954,CAND-01099,COc1cc(CCc2nnc([C@H](CCC(=O)O)NC(=O)c3ccc(-c4ccc(C(F)(F)F)cc4)cc3)o2)cc(OC)c1OC,0.1606068726915858,5.580516145790789,0.1290031449308573,0.6740259090629069,1.0,0.1890405763924766,2,0.5,-2.252259899999997,0,0.8615384615384616,False,COc1cc(CCc2nnc([C@H](CCC(=O)O)NC(=O)c3ccc(-c4ccc(C(F)(F)F)cc4)cc3)o2)cc(OC)c1OC,5.43,5.77,-0.34,False,3.16,613.6,5.9,2,8,133.0,13,False,False,0.61,False
1955,CAND-01097,COc1cc(CCc2nnc([C@H](CCC(=O)O)NC(=O)c3ccc(-c4ccccc4C(F)(F)F)cc3)o2)cc(OC)c1OC,0.1606068726915858,5.580516145790789,0.1290031449308573,0.6740259090629069,1.0,0.1890405763924766,2,0.5,-2.252259899999997,0,0.8142857142857143,False,COc1cc(CCc2nnc([C@H](CCC(=O)O)NC(=O)c3ccc(-c4ccccc4C(F)(F)F)cc3)o2)cc(OC)c1OC,5.45,5.72,-0.27,False,3.2,613.6,5.9,2,8,133.0,13,False,False,0.603,False
1956,CAND-01104,COc1cc(CCc2nnc([C@H](CCC(=O)O)NC(=O)c3ccc(-c4cccc(C#N)c4)cc3)o2)cc(OC)c1OC,0.1603419023030271,5.49704793542963,0.1035326696346839,0.5577158785813464,1.0,0.2297248992957075,2,0.5,-2.8044943999999994,0,0.8285714285714286,False,COc1cc(CCc2nnc([C@H](CCC(=O)O)NC(=O)c3ccc(-c4cccc(C#N)c4)cc3)o2)cc(OC)c1OC,5.39,5.65,-0.26,False,3.15,570.6,4.76,2,9,156.8,13,True,False,0.613,False
1957,CAND-01218,COc1nc(Oc2ccccc2)ccc1S(=O)(=O)NCC(=O)NO,0.1602610491556841,5.633883997640178,0.1452884414079011,0.2253673135946494,0.5,0.4929262586913925,2,0.5,-4.382469600000001,2,0.6037735849056604,False,COc1nc(Oc2ccccc2)ccc1S(=O)(=O)NCC(=O)NO,5.9,5.44,0.46,False,2.41,353.4,0.67,3,7,126.9,7,True,True,0.585,False
1958,CAND-01103,COc1cc(CCc2nnc([C@H](CCC(=O)O)NC(=O)c3ccc(-c4ccccc4C#N)cc3)o2)cc(OC)c1OC,0.1600100063945778,5.492697367616141,0.1022050860008868,0.5577158785813464,1.0,0.2297248992957075,2,0.5,-2.8044943999999994,0,0.8028169014084507,False,COc1cc(CCc2nnc([C@H](CCC(=O)O)NC(=O)c3ccc(-c4ccccc4C#N)cc3)o2)cc(OC)c1OC,5.43,5.62,-0.19,False,3.15,570.6,4.76,2,9,156.8,13,True,False,0.622,False
1959,CAND-01093,COc1cc(CCc2nnc([C@H](CCC(=O)O)NC(=O)c3ccc(-c4ccc(O)cc4)cc3)o2)cc(OC)c1OC,0.1597484944965999,5.525696114436217,0.1122747132523721,0.544457595142327,1.0,0.2111987745567125,2,0.5,-2.8674441,0,0.8888888888888888,False,COc1cc(CCc2nnc([C@H](CCC(=O)O)NC(=O)c3ccc(-c4ccc(O)cc4)cc3)o2)cc(OC)c1OC,5.4,5.68,-0.28,False,3.06,561.6,4.59,3,9,153.2,13,True,False,0.592,False
1960,CAND-01091,COc1cc(CCc2nnc([C@H](CCC(=O)O)NC(=O)c3ccc(-c4ccccc4O)cc3)o2)cc(OC)c1OC,0.1597484944965999,5.525696114436217,0.1122747132523721,0.544457595142327,1.0,0.2111987745567125,2,0.5,-2.8674441,0,0.8507462686567164,False,COc1cc(CCc2nnc([C@H](CCC(=O)O)NC(=O)c3ccc(-c4ccccc4O)cc3)o2)cc(OC)c1OC,5.44,5.63,-0.19,False,3.09,561.6,4.59,3,9,153.2,13,True,False,0.613,False
1961,CAND-01235,N#Cc1ccc(Oc2ccc(S(=O)(=O)NCC(=O)NO)cn2)cc1,0.1586754904051431,5.578739294728622,0.1284609356168193,0.2113369289183074,0.5,0.5104017100062551,2,0.5,-4.449085200000001,2,0.7346938775510204,False,N#Cc1ccc(Oc2ccc(S(=O)(=O)NCC(=O)NO)cn2)cc1,5.68,6.52,-0.84,False,2.37,348.3,0.53,3,7,141.4,6,True,False,0.643,False
1962,CAND-02030,O=C(O)CCN1C(=O)/C(=C\c2ccc(OCc3ccccc3)c(OCc3ccccc3O)c2)SC1=S,0.1586669749208267,6.365723513973784,0.3686105929298262,0.6910718462326655,0.25,0.2767621779224677,2,0.5,-2.171326599999999,3,0.864406779661017,False,O=C(O)CCN1C(=O)/C(=C\c2ccc(OCc3ccccc3)c(OCc3ccccc3O)c2)SC1=S,5.9,6.21,-0.31,False,2.39,521.6,5.23,2,7,96.3,10,False,True,0.761,False
1963,CAND-02027,O=C(O)CCN1C(=O)/C(=C\c2ccc(OCc3ccccc3O)c(OCc3ccccc3)c2)SC1=S,0.1586669749208267,6.365723513973784,0.3686105929298262,0.6910718462326655,0.25,0.2767621779224677,2,0.5,-2.171326599999999,3,0.864406779661017,False,O=C(O)CCN1C(=O)/C(=C\c2ccc(OCc3ccccc3O)c(OCc3ccccc3)c2)SC1=S,5.9,6.21,-0.31,False,2.39,521.6,5.23,2,7,96.3,10,False,True,0.761,False
1964,CAND-01098,COc1cc(CCc2nnc([C@H](CCC(=O)O)NC(=O)c3ccc(-c4cccc(C(F)(F)F)c4)cc3)o2)cc(OC)c1OC,0.1584213617871637,5.551867966784202,0.120261101313169,0.6740259090629069,1.0,0.1890405763924766,2,0.5,-2.252259899999997,0,0.8405797101449275,False,COc1cc(CCc2nnc([C@H](CCC(=O)O)NC(=O)c3ccc(-c4cccc(C(F)(F)F)c4)cc3)o2)cc(OC)c1OC,5.42,5.76,-0.34,False,3.18,613.6,5.9,2,8,133.0,13,False,False,0.619,False
1965,CAND-01096,COc1cc(CCc2nnc([C@H](CCC(=O)O)NC(=O)c3ccc(-c4ccccc4)c(C(F)(F)F)c3)o2)cc(OC)c1OC,0.1584213617871637,5.551867966784202,0.120261101313169,0.6740259090629069,1.0,0.1890405763924766,2,0.5,-2.252259899999997,0,0.7887323943661971,False,COc1cc(CCc2nnc([C@H](CCC(=O)O)NC(=O)c3ccc(-c4ccccc4)c(C(F)(F)F)c3)o2)cc(OC)c1OC,5.5,5.71,-0.21,False,3.22,613.6,5.9,2,8,133.0,13,False,False,0.622,False
1966,CAND-01095,COc1cc(CCc2nnc([C@H](CCC(=O)O)NC(=O)c3ccc(-c4ccccc4)cc3C(F)(F)F)o2)cc(OC)c1OC,0.1584213617871637,5.551867966784202,0.120261101313169,0.6740259090629069,1.0,0.1890405763924766,2,0.5,-2.252259899999997,0,0.7746478873239436,False,COc1cc(CCc2nnc([C@H](CCC(=O)O)NC(=O)c3ccc(-c4ccccc4)cc3C(F)(F)F)o2)cc(OC)c1OC,5.41,5.58,-0.17,False,3.24,613.6,5.9,2,8,133.0,13,False,False,0.601,False
1967,CAND-01217,COc1ccc(Oc2ccc(S(=O)(=O)NCC(=O)NO)cn2)cc1,0.1582256436518994,5.607203434708448,0.1371468193927623,0.2253673135946495,0.5,0.4929262586913926,2,0.5,-4.3824696,2,0.782608695652174,False,COc1ccc(Oc2ccc(S(=O)(=O)NCC(=O)NO)cn2)cc1,5.74,6.56,-0.82,False,2.2,353.4,0.67,3,7,126.8,7,True,True,0.613,False
1968,CAND-01216,COc1cccc(Oc2ccc(S(=O)(=O)NCC(=O)NO)cn2)c1,0.1579753889879206,5.603923039082696,0.136145800736847,0.2253673135946495,0.5,0.4929262586913925,2,0.5,-4.3824696,2,0.7551020408163265,False,COc1cccc(Oc2ccc(S(=O)(=O)NCC(=O)NO)cn2)c1,5.78,6.77,-0.99,False,2.26,353.4,0.67,3,7,126.8,7,True,True,0.589,False
1969,CAND-01102,COc1cc(CCc2nnc([C@H](CCC(=O)O)NC(=O)c3ccc(-c4ccccc4)c(C#N)c3)o2)cc(OC)c1OC,0.1578244954901558,5.464049188609554,0.0934630423831986,0.5577158785813464,1.0,0.2297248992957075,2,0.5,-2.8044943999999994,0,0.7777777777777778,False,COc1cc(CCc2nnc([C@H](CCC(=O)O)NC(=O)c3ccc(-c4ccccc4)c(C#N)c3)o2)cc(OC)c1OC,5.48,5.61,-0.13,False,3.18,570.6,4.76,2,9,156.8,13,True,False,0.668,False
1970,CAND-01101,COc1cc(CCc2nnc([C@H](CCC(=O)O)NC(=O)c3ccc(-c4ccccc4)cc3C#N)o2)cc(OC)c1OC,0.1578244954901558,5.464049188609554,0.0934630423831986,0.5577158785813464,1.0,0.2297248992957075,2,0.5,-2.8044943999999994,0,0.7746478873239436,False,COc1cc(CCc2nnc([C@H](CCC(=O)O)NC(=O)c3ccc(-c4ccccc4)cc3C#N)o2)cc(OC)c1OC,5.4,5.58,-0.18,False,3.2,570.6,4.76,2,9,156.8,13,True,False,0.625,False
1971,CAND-01089,COc1cc(CCc2nnc([C@H](CCC(=O)O)NC(=O)c3ccc(-c4ccccc4)cc3O)o2)cc(OC)c1OC,0.1575629835921778,5.49704793542963,0.1035326696346839,0.544457595142327,1.0,0.2111987745567125,2,0.5,-2.8674441,0,0.8088235294117647,False,COc1cc(CCc2nnc([C@H](CCC(=O)O)NC(=O)c3ccc(-c4ccccc4)cc3O)o2)cc(OC)c1OC,5.4,5.56,-0.16,False,3.11,561.6,4.59,3,9,153.2,13,True,False,0.612,False
1972,CAND-01092,COc1cc(CCc2nnc([C@H](CCC(=O)O)NC(=O)c3ccc(-c4cccc(O)c4)cc3)o2)cc(OC)c1OC,0.1575629835921778,5.49704793542963,0.1035326696346839,0.544457595142327,1.0,0.2111987745567125,2,0.5,-2.8674441,0,0.8787878787878788,False,COc1cc(CCc2nnc([C@H](CCC(=O)O)NC(=O)c3ccc(-c4cccc(O)c4)cc3)o2)cc(OC)c1OC,5.4,5.66,-0.26,False,3.09,561.6,4.59,3,9,153.2,13,True,False,0.602,False
1973,CAND-01090,COc1cc(CCc2nnc([C@H](CCC(=O)O)NC(=O)c3ccc(-c4ccccc4)c(O)c3)o2)cc(OC)c1OC,0.1575629835921778,5.49704793542963,0.1035326696346839,0.544457595142327,1.0,0.2111987745567125,2,0.5,-2.8674441,0,0.835820895522388,False,COc1cc(CCc2nnc([C@H](CCC(=O)O)NC(=O)c3ccc(-c4ccccc4)c(O)c3)o2)cc(OC)c1OC,5.49,5.62,-0.13,False,3.12,561.6,4.59,3,9,153.2,13,True,False,0.651,False
1974,CAND-01086,COc1cccc(-c2ccc(C(=O)N[C@@H](CCC(=O)O)c3nnc(CCc4cc(OC)c(OC)c(OC)c4)o3)cc2)c1,0.1562680754333192,5.475919258142495,0.0970852155613998,0.5717462632576883,1.0,0.2133118102864618,2,0.5,-2.7378788000000003,0,0.8787878787878788,False,COc1cccc(-c2ccc(C(=O)N[C@@H](CCC(=O)O)c3nnc(CCc4cc(OC)c(OC)c(OC)c4)o3)cc2)c1,5.33,5.6,-0.27,False,3.05,575.6,4.89,2,9,142.2,14,True,False,0.592,False
1975,CAND-01233,N#Cc1ccccc1Oc1ccc(S(=O)(=O)NCC(=O)NO)cn1,0.1561580835922718,5.5457405479085455,0.118391308365334,0.2113369289183074,0.5,0.5104017100062551,2,0.5,-4.449085200000001,2,0.6730769230769231,False,N#Cc1ccccc1Oc1ccc(S(=O)(=O)NCC(=O)NO)cn1,5.97,6.55,-0.58,False,2.43,348.3,0.53,3,7,141.4,6,True,False,0.829,False
1976,CAND-01219,O=C(CNS(=O)(=O)c1cnc(Oc2ccccc2)cc1O)NO,0.1549112830735313,5.667338021323974,0.1554969972174578,0.1980786454792882,0.5,0.4402468917944457,2,0.5,-4.512034900000001,2,0.68,False,O=C(CNS(=O)(=O)c1cnc(Oc2ccccc2)cc1O)NO,5.77,5.43,0.34,False,2.52,339.3,0.36,4,7,137.8,6,True,True,0.593,False
1977,CAND-01220,O=C(CNS(=O)(=O)c1cnc(Oc2ccccc2)c(O)c1)NO,0.1549112830735313,5.667338021323974,0.1554969972174578,0.1980786454792882,0.5,0.4402468917944457,2,0.5,-4.512034900000001,2,0.68,False,O=C(CNS(=O)(=O)c1cnc(Oc2ccccc2)c(O)c1)NO,5.84,5.36,0.48,False,2.48,339.3,0.36,4,7,137.8,6,True,True,0.719,False
1978,CAND-01222,O=C(CNS(=O)(=O)c1ccc(Oc2cccc(O)c2)nc1)NO,0.1549112830735313,5.667338021323974,0.1554969972174578,0.1980786454792882,0.5,0.4402468917944457,2,0.5,-4.512034900000001,2,0.7708333333333334,False,O=C(CNS(=O)(=O)c1ccc(Oc2cccc(O)c2)nc1)NO,5.75,6.55,-0.8,False,2.38,339.3,0.36,4,7,137.8,6,True,True,0.613,False
1979,CAND-02048,N#Cc1ccccc1COc1cc(/C=C2/SC(=S)N(CCC(=O)O)C2=O)ccc1OCc1ccccc1,0.1523896783306648,6.286766139236672,0.3445166072795941,0.7043301296716848,0.25,0.2750701767384418,2,0.5,-2.1083768999999988,3,0.8225806451612904,False,N#Cc1ccccc1COc1cc(/C=C2/SC(=S)N(CCC(=O)O)C2=O)ccc1OCc1ccccc1,5.88,6.21,-0.33,False,2.45,530.6,5.39,1,7,99.9,10,False,True,0.745,False
1980,CAND-02045,N#Cc1ccccc1COc1ccc(/C=C2/SC(=S)N(CCC(=O)O)C2=O)cc1OCc1ccccc1,0.1523896783306648,6.286766139236672,0.3445166072795941,0.7043301296716848,0.25,0.2750701767384418,2,0.5,-2.1083768999999988,3,0.8225806451612904,False,N#Cc1ccccc1COc1ccc(/C=C2/SC(=S)N(CCC(=O)O)C2=O)cc1OCc1ccccc1,5.88,6.21,-0.33,False,2.45,530.6,5.39,1,7,99.9,10,False,True,0.745,False
1981,CAND-01213,COc1cc(Oc2ccccc2)ncc1S(=O)(=O)NCC(=O)NO,0.1523222164477224,5.529819954737964,0.1135331105760542,0.2253673135946494,0.5,0.4929262586913925,2,0.5,-4.382469600000001,2,0.6415094339622641,False,COc1cc(Oc2ccccc2)ncc1S(=O)(=O)NCC(=O)NO,5.83,5.4,0.43,False,2.39,353.4,0.67,3,7,126.9,7,True,True,0.603,False
1982,CAND-02021,COc1ccccc1COc1cc(/C=C2/SC(=S)N(CCC(=O)O)C2=O)ccc1OCc1ccccc1,0.152033264295799,6.324504080856569,0.3560324083923648,0.7183605143480266,0.25,0.2535010813180519,2,0.5,-2.0417613,3,0.8360655737704918,False,COc1ccccc1COc1cc(/C=C2/SC(=S)N(CCC(=O)O)C2=O)ccc1OCc1ccccc1,6.06,6.17,-0.11,False,2.35,535.6,5.53,1,7,85.3,11,False,False,0.867,False
1983,CAND-02018,COc1ccccc1COc1ccc(/C=C2/SC(=S)N(CCC(=O)O)C2=O)cc1OCc1ccccc1,0.152033264295799,6.324504080856569,0.3560324083923648,0.7183605143480266,0.25,0.2535010813180519,2,0.5,-2.0417613,3,0.8360655737704918,False,COc1ccccc1COc1ccc(/C=C2/SC(=S)N(CCC(=O)O)C2=O)cc1OCc1ccccc1,6.06,6.17,-0.11,False,2.35,535.6,5.53,1,7,85.3,11,False,False,0.867,False
1984,CAND-01224,O=C(CNS(=O)(=O)c1ccc(Oc2ccccc2)nc1O)NO,0.1501876731771563,5.605419857660352,0.136602557631958,0.1980786454792882,0.5,0.4402468917944457,2,0.5,-4.512034900000001,2,0.64,False,O=C(CNS(=O)(=O)c1ccc(Oc2ccccc2)nc1O)NO,5.83,5.47,0.36,False,2.53,339.3,0.36,4,7,137.8,6,True,True,0.587,False
1985,CAND-00132,O=C(O)C(c1ccccc1)N1C(=O)/C(=C\c2ccc(Cl)c(Oc3ccc(Cl)c(Cl)c3)c2)SC1=S,0.1500352672012659,5.314632422201576,0.0478682459791356,0.9884651752518584,0.25,0.2536704807056602,1,1.0,-0.7593171999999986,3,0.819672131147541,False,O=C(O)C(c1ccccc1)N1C(=O)/C(=C\c2ccc(Cl)c(Oc3ccc(Cl)c(Cl)c3)c2)SC1=S,5.72,6.04,-0.32,False,2.91,550.9,7.47,1,5,66.8,6,False,True,0.442,False
1986,CAND-00268,O=C(NO)[C@@H](NCC1CC1)[C@@H](Cc1cccc(O)c1O)C(=O)N[C@H]1c2ccccc2C[C@H]1O,0.1493936078612871,6.784532552278027,0.4964109281447084,0.129772107029293,0.0,0.1686058388340668,2,0.5,-4.836351100000002,4,0.7313432835820896,False,O=C(NO)[C@@H](NCC1CC1)[C@@H](Cc1cccc(O)c1O)C(=O)N[C@H]1c2ccccc2C[C@H]1O,7.15,7.64,-0.49,False,3.92,455.5,0.9,7,7,151.2,9,True,False,0.858,False
1987,CAND-01223,O=C(CNS(=O)(=O)c1ccc(Oc2ccc(O)cc2)nc1)NO,0.1481522676733717,5.578739294728622,0.1284609356168193,0.1980786454792882,0.5,0.4402468917944457,2,0.5,-4.512034900000001,2,0.8,False,O=C(CNS(=O)(=O)c1ccc(Oc2ccc(O)cc2)nc1)NO,5.7,6.34,-0.64,False,2.3,339.3,0.36,4,7,137.8,6,True,True,0.6,False
1988,CAND-01200,O=C(CNS(=O)(=O)c1ccc(Oc2ccccc2)nc1F)NO,0.1469880903691042,5.958001936816802,0.244193616529356,0.260345464702943,0.25,0.4062645749117683,2,0.5,-4.216395,3,0.6274509803921569,False,O=C(CNS(=O)(=O)c1ccc(Oc2ccccc2)nc1F)NO,5.96,5.36,0.6,False,2.5,341.3,0.8,3,6,117.6,6,True,True,0.691,False
1989,CAND-01548,COc1cc(Cl)ccc1OCc1nnc([S-])n1Cc1ccc(-c2ccccc2)cc1,0.146762698873667,5.360582539335766,0.0618900072971105,0.787010084873427,0.75,0.3752679803292624,2,0.5,-1.715816399999999,1,0.6666666666666666,False,COc1cc(Cl)ccc1OCc1nnc([S-])n1Cc1ccc(-c2ccccc2)cc1,5.2,5.92,-0.72,False,2.45,436.9,5.14,0,6,49.2,7,True,True,0.534,False
1990,CAND-01206,O=C(CNS(=O)(=O)c1ccc(Oc2ccccc2)nc1Cl)NO,0.1461518289054766,5.944857431079557,0.2401825468393232,0.3161121346517261,0.25,0.4073746146376391,2,0.5,-3.9516175000000007,3,0.6274509803921569,False,O=C(CNS(=O)(=O)c1ccc(Oc2ccccc2)nc1Cl)NO,6.04,5.57,0.47,False,2.37,357.8,1.31,3,6,117.6,6,True,True,0.549,False
1991,CAND-01118,CCCCOc1ccc(S(=O)(=O)NCC(=O)NO)cc1C(F)(F)F,0.1448088655126026,6.007048218276551,0.2591601779889151,0.3533426250578538,0.25,0.3667921401024924,2,0.5,-3.7748489,3,0.64,False,CCCCOc1ccc(S(=O)(=O)NCC(=O)NO)cc1C(F)(F)F,5.8,6.27,-0.47,False,2.34,370.3,1.67,3,5,104.7,8,True,True,0.656,False
1992,CAND-01119,CCCCOc1ccc(S(=O)(=O)NCC(=O)NO)c(C(F)(F)F)c1,0.1448088655126026,6.007048218276551,0.2591601779889151,0.3533426250578538,0.25,0.3667921401024924,2,0.5,-3.7748489,3,0.62,False,CCCCOc1ccc(S(=O)(=O)NCC(=O)NO)c(C(F)(F)F)c1,5.79,6.27,-0.48,False,2.38,370.3,1.67,3,5,104.7,8,True,True,0.679,False
1993,CAND-00125,O=C(O)C(c1ccccc1)N1C(=O)/C(=C\c2cccc(Oc3ccc(Cl)c(Cl)c3F)c2)SC1=S,0.1443331631384893,5.691255519504304,0.1627954650282864,0.9326985053030752,0.0,0.2097847687478204,1,1.0,-1.0240946999999991,4,0.7575757575757576,False,O=C(O)C(c1ccccc1)N1C(=O)/C(=C\c2cccc(Oc3ccc(Cl)c(Cl)c3F)c2)SC1=S,5.67,6.06,-0.39,False,3.02,534.4,6.95,1,5,66.8,6,False,True,0.549,False
1994,CAND-00124,O=C(O)C(c1ccccc1)N1C(=O)/C(=C\c2cccc(Oc3cc(F)c(Cl)c(Cl)c3)c2)SC1=S,0.1443331631384893,5.691255519504304,0.1627954650282864,0.9326985053030752,0.0,0.2097847687478203,1,1.0,-1.0240946999999982,4,0.796875,False,O=C(O)C(c1ccccc1)N1C(=O)/C(=C\c2cccc(Oc3cc(F)c(Cl)c(Cl)c3)c2)SC1=S,5.64,6.05,-0.41,False,3.06,534.4,6.95,1,5,66.8,6,False,True,0.572,False
1995,CAND-01111,CCCCOc1ccc(S(=O)(=O)NCC(=O)NO)c(Cl)c1,0.1423126516681203,5.954491612734881,0.2431224347893464,0.3418078003097126,0.25,0.3768802864718914,2,0.5,-3.8296157,3,0.6595744680851063,False,CCCCOc1ccc(S(=O)(=O)NCC(=O)NO)c(Cl)c1,5.73,5.92,-0.19,False,2.22,336.8,1.3,3,5,104.7,8,True,True,0.654,False
1996,CAND-01110,CCCCOc1ccc(S(=O)(=O)NCC(=O)NO)cc1Cl,0.1423126516681203,5.954491612734881,0.2431224347893464,0.3418078003097126,0.25,0.3768802864718914,2,0.5,-3.8296157,3,0.6808510638297872,False,CCCCOc1ccc(S(=O)(=O)NCC(=O)NO)cc1Cl,5.72,5.93,-0.21,False,2.15,336.8,1.3,3,5,104.7,8,True,True,0.62,False
1997,CAND-01109,CCCCOc1ccc(S(=O)(=O)NCC(=O)NO)c(F)c1,0.1358096319747684,5.876833864537177,0.2194250325272453,0.2860411303609294,0.25,0.373022492286381,2,0.5,-4.0943932,3,0.6595744680851063,False,CCCCOc1ccc(S(=O)(=O)NCC(=O)NO)c(F)c1,5.77,5.96,-0.19,False,2.22,320.3,0.79,3,5,104.7,8,True,True,0.781,False
1998,CAND-01108,CCCCOc1ccc(S(=O)(=O)NCC(=O)NO)cc1F,0.1358096319747684,5.876833864537177,0.2194250325272453,0.2860411303609294,0.25,0.373022492286381,2,0.5,-4.0943932,3,0.6808510638297872,False,CCCCOc1ccc(S(=O)(=O)NCC(=O)NO)cc1F,5.78,5.97,-0.19,False,2.17,320.3,0.79,3,5,104.7,8,True,True,0.761,False
1999,CAND-02026,O=C(O)CCN1C(=O)/C(=C\c2cc(O)c(OCc3ccccc3)c(OCc3ccccc3)c2)SC1=S,0.1356073530113952,6.063452692561295,0.2763721052921004,0.6910718462326655,0.25,0.2767621779224677,2,0.5,-2.1713266,3,0.7666666666666667,False,O=C(O)CCN1C(=O)/C(=C\c2cc(O)c(OCc3ccccc3)c(OCc3ccccc3)c2)SC1=S,5.81,6.24,-0.43,False,2.43,521.6,5.23,2,7,96.3,10,False,True,0.686,False
2000,CAND-01991,O=C(O)CCN1C(=O)/C(=C\c2ccc(OCc3ccccc3F)c(OCc3ccccc3)c2)SC1=S,0.1350863200223023,6.06700082007903,0.277454822818894,0.7533386654563204,0.25,0.2714840954505256,2,0.5,-1.8756866999999984,3,0.85,False,O=C(O)CCN1C(=O)/C(=C\c2ccc(OCc3ccccc3F)c(OCc3ccccc3)c2)SC1=S,5.45,6.18,-0.73,False,2.33,523.6,5.66,1,6,76.1,10,False,True,0.616,False
2001,CAND-01994,O=C(O)CCN1C(=O)/C(=C\c2ccc(OCc3ccccc3)c(OCc3ccccc3F)c2)SC1=S,0.1350863200223023,6.06700082007903,0.277454822818894,0.7533386654563204,0.25,0.2714840954505256,2,0.5,-1.8756866999999984,3,0.85,False,O=C(O)CCN1C(=O)/C(=C\c2ccc(OCc3ccccc3)c(OCc3ccccc3F)c2)SC1=S,5.45,6.18,-0.73,False,2.33,523.6,5.66,1,6,76.1,10,False,True,0.616,False
2002,CAND-00166,O=C(O)C(c1ccccc1)N1C(=O)/C(=C\c2cccc(Oc3ccc(Cl)c(Cl)c3)c2O)SC1=S,0.1340915369636817,6.0446539507119885,0.2706356352300236,0.8704316860794205,0.25,0.2762175210411723,2,0.5,-1.3197345999999983,3,0.7272727272727273,False,O=C(O)C(c1ccccc1)N1C(=O)/C(=C\c2cccc(Oc3ccc(Cl)c(Cl)c3)c2O)SC1=S,6.09,6.06,0.03,False,3.0,532.4,6.52,2,6,87.1,6,False,True,0.815,False
2003,CAND-00135,O=C(O)C(c1ccccc1)N1C(=O)/C(=C\c2cccc(Oc3ccc(Cl)c(Cl)c3Cl)c2)SC1=S,0.1337292438382416,5.650645886742867,0.1504033621718652,0.9884651752518584,0.0,0.1950918758410299,1,1.0,-0.7593171999999995,4,0.7936507936507936,False,O=C(O)C(c1ccccc1)N1C(=O)/C(=C\c2cccc(Oc3ccc(Cl)c(Cl)c3Cl)c2)SC1=S,5.74,6.07,-0.33,False,2.98,550.9,7.47,1,5,66.8,6,False,True,0.426,False
2004,CAND-00134,O=C(O)C(c1ccccc1)N1C(=O)/C(=C\c2cccc(Oc3cc(Cl)c(Cl)c(Cl)c3)c2)SC1=S,0.1337292438382416,5.650645886742867,0.1504033621718652,0.9884651752518584,0.0,0.1950918758410299,1,1.0,-0.7593171999999995,4,0.864406779661017,False,O=C(O)C(c1ccccc1)N1C(=O)/C(=C\c2cccc(Oc3cc(Cl)c(Cl)c(Cl)c3)c2)SC1=S,5.72,6.05,-0.33,False,3.01,550.9,7.47,1,5,66.8,6,False,True,0.441,False
2005,CAND-02000,O=C(O)CCN1C(=O)/C(=C\c2ccc(OCc3ccccc3Cl)c(OCc3ccccc3)c2)SC1=S,0.1318108762957539,6.078921248708267,0.2810923631663754,0.8091053354051035,0.25,0.2435852366944003,2,0.5,-1.6109091999999987,3,0.85,False,O=C(O)CCN1C(=O)/C(=C\c2ccc(OCc3ccccc3Cl)c(OCc3ccccc3)c2)SC1=S,5.52,6.26,-0.74,False,2.33,540.1,6.17,1,6,76.1,10,False,True,0.571,False
2006,CAND-02003,O=C(O)CCN1C(=O)/C(=C\c2ccc(OCc3ccccc3)c(OCc3ccccc3Cl)c2)SC1=S,0.1318108762957539,6.078921248708267,0.2810923631663754,0.8091053354051038,0.25,0.2435852366944003,2,0.5,-1.6109091999999978,3,0.85,False,O=C(O)CCN1C(=O)/C(=C\c2ccc(OCc3ccccc3)c(OCc3ccccc3Cl)c2)SC1=S,5.52,6.26,-0.74,False,2.33,540.1,6.17,1,6,76.1,10,False,True,0.571,False
2007,CAND-00162,O=C(O)C(c1ccccc1)N1C(=O)/C(=C\c2ccc(O)c(Oc3ccc(Cl)c(Cl)c3)c2)SC1=S,0.1313473375803498,6.00868235477788,0.259658837696696,0.8704316860794205,0.25,0.2762175210411723,2,0.5,-1.3197345999999983,3,0.78125,False,O=C(O)C(c1ccccc1)N1C(=O)/C(=C\c2ccc(O)c(Oc3ccc(Cl)c(Cl)c3)c2)SC1=S,5.94,6.03,-0.09,False,2.95,532.4,6.52,2,6,87.1,6,False,True,0.644,False
2008,CAND-02009,Cc1ccccc1COc1ccc(/C=C2/SC(=S)N(CCC(=O)O)C2=O)cc1OCc1ccccc1,0.1311308523800081,6.024326220861086,0.2644325917149607,0.7837499848618957,0.25,0.26681802967512,2,0.5,-1.7312951999999986,3,0.85,False,Cc1ccccc1COc1ccc(/C=C2/SC(=S)N(CCC(=O)O)C2=O)cc1OCc1ccccc1,5.46,6.18,-0.72,False,2.32,519.6,5.83,1,6,76.1,10,False,True,0.492,False
2009,CAND-02012,Cc1ccccc1COc1cc(/C=C2/SC(=S)N(CCC(=O)O)C2=O)ccc1OCc1ccccc1,0.1311308523800081,6.024326220861086,0.2644325917149607,0.7837499848618957,0.25,0.26681802967512,2,0.5,-1.7312951999999986,3,0.85,False,Cc1ccccc1COc1cc(/C=C2/SC(=S)N(CCC(=O)O)C2=O)ccc1OCc1ccccc1,5.46,6.18,-0.72,False,2.32,519.6,5.83,1,6,76.1,10,False,True,0.492,False
2010,CAND-00163,O=C(O)C(c1ccccc1)N1C(=O)/C(=C\c2cccc(Oc3cc(Cl)c(Cl)cc3O)c2)SC1=S,0.129498605746507,5.984448753195778,0.2522639103613249,0.8704316860794205,0.25,0.2762175210411723,2,0.5,-1.3197345999999983,3,0.7936507936507936,False,O=C(O)C(c1ccccc1)N1C(=O)/C(=C\c2cccc(Oc3cc(Cl)c(Cl)cc3O)c2)SC1=S,5.95,6.04,-0.09,False,3.0,532.4,6.52,2,6,87.1,6,False,True,0.641,False
2011,CAND-00165,O=C(O)C(c1ccccc1)N1C(=O)/C(=C\c2cccc(Oc3ccc(Cl)c(Cl)c3O)c2)SC1=S,0.129498605746507,5.984448753195778,0.2522639103613249,0.8704316860794205,0.25,0.2762175210411723,2,0.5,-1.3197345999999983,3,0.7692307692307693,False,O=C(O)C(c1ccccc1)N1C(=O)/C(=C\c2cccc(Oc3ccc(Cl)c(Cl)c3O)c2)SC1=S,5.95,6.04,-0.09,False,3.04,532.4,6.52,2,6,87.1,6,False,True,0.635,False
2012,CAND-00372,COc1cc(S(=O)(=O)NCCC(=O)NO)ccc1Oc1ccccc1,0.126010980820525,6.02918969947708,0.2659166910074473,0.3574206776499974,0.5,0.4835819898595049,3,0.3333333333333333,-3.755486500000001,2,0.6875,False,COc1cc(S(=O)(=O)NCCC(=O)NO)ccc1Oc1ccccc1,5.94,5.5,0.44,False,2.0,366.4,1.66,3,6,114.0,8,True,True,0.482,False
2013,CAND-02036,O=C(O)CCN1C(=O)/C(=C\c2ccc(OCc3ccccc3C(F)(F)F)c(OCc3ccccc3)c2)SC1=S,0.1227783710724179,6.010641383886009,0.2602566389708239,0.820640160153245,0.25,0.2180947421980795,2,0.5,-1.5561423999999984,3,0.8225806451612904,False,O=C(O)CCN1C(=O)/C(=C\c2ccc(OCc3ccccc3C(F)(F)F)c(OCc3ccccc3)c2)SC1=S,5.54,6.0,-0.46,False,2.51,573.6,6.54,1,6,76.1,10,False,True,0.545,False
2014,CAND-02039,O=C(O)CCN1C(=O)/C(=C\c2ccc(OCc3ccccc3)c(OCc3ccccc3C(F)(F)F)c2)SC1=S,0.1227783710724179,6.010641383886009,0.2602566389708239,0.820640160153245,0.25,0.2180947421980795,2,0.5,-1.5561423999999984,3,0.8225806451612904,False,O=C(O)CCN1C(=O)/C(=C\c2ccc(OCc3ccccc3)c(OCc3ccccc3C(F)(F)F)c2)SC1=S,5.54,6.0,-0.46,False,2.51,573.6,6.54,1,6,76.1,10,False,True,0.545,False
2015,CAND-02031,O=C(O)CCN1C(=O)/C(=C\c2ccc(OCc3ccccc3)c(OCc3cccc(O)c3)c2)SC1=S,0.1221446152255773,5.886980032906988,0.2225211541488289,0.6910718462326657,0.25,0.2767621779224677,2,0.5,-2.171326599999998,3,0.8947368421052632,False,O=C(O)CCN1C(=O)/C(=C\c2ccc(OCc3ccccc3)c(OCc3cccc(O)c3)c2)SC1=S,5.8,6.25,-0.45,False,2.38,521.6,5.23,2,7,96.3,10,False,True,0.683,False
2016,CAND-02029,O=C(O)CCN1C(=O)/C(=C\c2ccc(OCc3ccc(O)cc3)c(OCc3ccccc3)c2)SC1=S,0.1221446152255773,5.886980032906988,0.2225211541488289,0.6910718462326655,0.25,0.2767621779224677,2,0.5,-2.1713266,3,0.9272727272727272,False,O=C(O)CCN1C(=O)/C(=C\c2ccc(OCc3ccc(O)cc3)c(OCc3ccccc3)c2)SC1=S,5.8,6.27,-0.47,False,2.34,521.6,5.23,2,7,96.3,10,False,True,0.696,False
2017,CAND-02028,O=C(O)CCN1C(=O)/C(=C\c2ccc(OCc3cccc(O)c3)c(OCc3ccccc3)c2)SC1=S,0.1221446152255773,5.886980032906988,0.2225211541488289,0.6910718462326655,0.25,0.2767621779224677,2,0.5,-2.171326599999999,3,0.8947368421052632,False,O=C(O)CCN1C(=O)/C(=C\c2ccc(OCc3cccc(O)c3)c(OCc3ccccc3)c2)SC1=S,5.8,6.25,-0.45,False,2.38,521.6,5.23,2,7,96.3,10,False,True,0.683,False
2018,CAND-02032,O=C(O)CCN1C(=O)/C(=C\c2ccc(OCc3ccccc3)c(OCc3ccc(O)cc3)c2)SC1=S,0.1221446152255773,5.886980032906988,0.2225211541488289,0.6910718462326655,0.25,0.2767621779224677,2,0.5,-2.171326599999999,3,0.9272727272727272,False,O=C(O)CCN1C(=O)/C(=C\c2ccc(OCc3ccccc3)c(OCc3ccc(O)cc3)c2)SC1=S,5.8,6.27,-0.47,False,2.34,521.6,5.23,2,7,96.3,10,False,True,0.696,False
2019,CAND-02025,O=C(O)CCN1C(=O)/C(=C\c2cc(OCc3ccccc3)c(OCc3ccccc3)cc2O)SC1=S,0.1221446152255773,5.886980032906988,0.2225211541488289,0.6910718462326657,0.25,0.2767621779224677,2,0.5,-2.171326599999998,3,0.7457627118644068,False,O=C(O)CCN1C(=O)/C(=C\c2cc(OCc3ccccc3)c(OCc3ccccc3)cc2O)SC1=S,5.8,6.29,-0.49,False,2.41,521.6,5.23,2,7,96.3,10,False,True,0.686,False
2020,CAND-02049,N#Cc1cccc(COc2cc(/C=C3/SC(=S)N(CCC(=O)O)C3=O)ccc2OCc2ccccc2)c1,0.1218908150479735,5.886980032906988,0.2225211541488289,0.7043301296716845,0.25,0.2750701767384419,2,0.5,-2.1083769,3,0.8225806451612904,False,N#Cc1cccc(COc2cc(/C=C3/SC(=S)N(CCC(=O)O)C3=O)ccc2OCc2ccccc2)c1,5.8,6.23,-0.43,False,2.44,530.6,5.39,1,7,99.9,10,False,True,0.676,False
2021,CAND-02047,N#Cc1ccc(COc2ccc(/C=C3/SC(=S)N(CCC(=O)O)C3=O)cc2OCc2ccccc2)cc1,0.1218908150479735,5.886980032906988,0.2225211541488289,0.7043301296716845,0.25,0.2750701767384419,2,0.5,-2.1083769,3,0.85,False,N#Cc1ccc(COc2ccc(/C=C3/SC(=S)N(CCC(=O)O)C3=O)cc2OCc2ccccc2)cc1,5.79,6.24,-0.45,False,2.41,530.6,5.39,1,7,99.9,10,False,True,0.702,False
2022,CAND-02046,N#Cc1cccc(COc2ccc(/C=C3/SC(=S)N(CCC(=O)O)C3=O)cc2OCc2ccccc2)c1,0.1218908150479735,5.886980032906988,0.2225211541488289,0.7043301296716846,0.25,0.2750701767384418,2,0.5,-2.1083769,3,0.8225806451612904,False,N#Cc1cccc(COc2ccc(/C=C3/SC(=S)N(CCC(=O)O)C3=O)cc2OCc2ccccc2)c1,5.8,6.23,-0.43,False,2.44,530.6,5.39,1,7,99.9,10,False,True,0.676,False
2023,CAND-02050,N#Cc1ccc(COc2cc(/C=C3/SC(=S)N(CCC(=O)O)C3=O)ccc2OCc2ccccc2)cc1,0.1218908150479735,5.886980032906988,0.2225211541488289,0.7043301296716845,0.25,0.2750701767384419,2,0.5,-2.1083769,3,0.85,False,N#Cc1ccc(COc2cc(/C=C3/SC(=S)N(CCC(=O)O)C3=O)ccc2OCc2ccccc2)cc1,5.79,6.24,-0.45,False,2.41,530.6,5.39,1,7,99.9,10,False,True,0.702,False
2024,CAND-02017,COc1cc(/C=C2/SC(=S)N(CCC(=O)O)C2=O)cc(OCc2ccccc2)c1OCc1ccccc1,0.1196365177469382,5.899840084678421,0.2264454221969219,0.7183605143480268,0.25,0.2535010813180519,2,0.5,-2.0417612999999992,3,0.7540983606557377,False,COc1cc(/C=C2/SC(=S)N(CCC(=O)O)C2=O)cc(OCc2ccccc2)c1OCc1ccccc1,5.8,6.19,-0.39,False,2.35,535.6,5.53,1,7,85.3,11,False,False,0.669,False
2025,CAND-02023,COc1ccc(COc2cc(/C=C3/SC(=S)N(CCC(=O)O)C3=O)ccc2OCc2ccccc2)cc1,0.1196365177469382,5.899840084678421,0.2264454221969219,0.7183605143480266,0.25,0.2535010813180519,2,0.5,-2.0417613,3,0.864406779661017,False,COc1ccc(COc2cc(/C=C3/SC(=S)N(CCC(=O)O)C3=O)ccc2OCc2ccccc2)cc1,5.79,6.21,-0.42,False,2.3,535.6,5.53,1,7,85.3,11,False,False,0.677,False
2026,CAND-02016,COc1cc(OCc2ccccc2)c(OCc2ccccc2)cc1/C=C1/SC(=S)N(CCC(=O)O)C1=O,0.1196365177469382,5.899840084678421,0.2264454221969219,0.718360514348027,0.25,0.2535010813180519,2,0.5,-2.0417612999999983,3,0.7213114754098361,False,COc1cc(OCc2ccccc2)c(OCc2ccccc2)cc1/C=C1/SC(=S)N(CCC(=O)O)C1=O,5.79,6.24,-0.45,False,2.37,535.6,5.53,1,7,85.3,11,False,False,0.667,False
2027,CAND-02020,COc1ccc(COc2ccc(/C=C3/SC(=S)N(CCC(=O)O)C3=O)cc2OCc2ccccc2)cc1,0.1196365177469382,5.899840084678421,0.2264454221969219,0.7183605143480266,0.25,0.2535010813180519,2,0.5,-2.0417613,3,0.864406779661017,False,COc1ccc(COc2ccc(/C=C3/SC(=S)N(CCC(=O)O)C3=O)cc2OCc2ccccc2)cc1,5.79,6.21,-0.42,False,2.3,535.6,5.53,1,7,85.3,11,False,False,0.677,False
2028,CAND-02043,N#Cc1cc(OCc2ccccc2)c(OCc2ccccc2)cc1/C=C1/SC(=S)N(CCC(=O)O)C1=O,0.1193734082351022,5.853981286086912,0.2124515268973436,0.7043301296716847,0.25,0.2750701767384419,2,0.5,-2.108376899999999,3,0.6984126984126984,False,N#Cc1cc(OCc2ccccc2)c(OCc2ccccc2)cc1/C=C1/SC(=S)N(CCC(=O)O)C1=O,5.79,6.29,-0.5,False,2.53,530.6,5.39,1,7,99.9,10,False,True,0.684,False
2029,CAND-02044,N#Cc1cc(/C=C2/SC(=S)N(CCC(=O)O)C2=O)cc(OCc2ccccc2)c1OCc1ccccc1,0.1193734082351022,5.853981286086912,0.2124515268973436,0.7043301296716847,0.25,0.2750701767384419,2,0.5,-2.108376899999999,3,0.71875,False,N#Cc1cc(/C=C2/SC(=S)N(CCC(=O)O)C2=O)cc(OCc2ccccc2)c1OCc1ccccc1,5.8,6.24,-0.44,False,2.52,530.6,5.39,1,7,99.9,10,False,True,0.694,False
2030,CAND-02022,COc1cccc(COc2cc(/C=C3/SC(=S)N(CCC(=O)O)C3=O)ccc2OCc2ccccc2)c1,0.1190974918745063,5.892774409713649,0.2242893187071942,0.7183605143480266,0.25,0.2535010813180519,2,0.5,-2.0417613,3,0.8360655737704918,False,COc1cccc(COc2cc(/C=C3/SC(=S)N(CCC(=O)O)C3=O)ccc2OCc2ccccc2)c1,5.8,6.2,-0.4,False,2.33,535.6,5.53,1,7,85.3,11,False,False,0.665,False
2031,CAND-02019,COc1cccc(COc2ccc(/C=C3/SC(=S)N(CCC(=O)O)C3=O)cc2OCc2ccccc2)c1,0.1190974918745063,5.892774409713649,0.2242893187071942,0.7183605143480266,0.25,0.2535010813180519,2,0.5,-2.0417613,3,0.8360655737704918,False,COc1cccc(COc2ccc(/C=C3/SC(=S)N(CCC(=O)O)C3=O)cc2OCc2ccccc2)c1,5.8,6.2,-0.4,False,2.33,535.6,5.53,1,7,85.3,11,False,False,0.665,False
2032,CAND-02033,O=C(O)CCN1C(=O)/C(=C\c2ccc(OCc3ccccc3)c(OCc3ccccc3)c2O)SC1=S,0.1187328073845895,5.842257271942066,0.2088739227848774,0.6910718462326657,0.25,0.2767621779224677,2,0.5,-2.171326599999998,3,0.6935483870967742,False,O=C(O)CCN1C(=O)/C(=C\c2ccc(OCc3ccccc3)c(OCc3ccccc3)c2O)SC1=S,5.8,6.25,-0.45,False,2.47,521.6,5.23,2,7,96.3,10,False,True,0.693,False
2033,CAND-00373,COc1ccccc1Oc1ccc(S(=O)(=O)NCCC(=O)NO)cc1,0.1178230531568145,5.868195844267974,0.2167891250251842,0.3574206776499974,0.5,0.4835819898595049,3,0.3333333333333333,-3.755486500000001,2,0.7333333333333333,False,COc1ccccc1Oc1ccc(S(=O)(=O)NCCC(=O)NO)cc1,6.16,6.61,-0.45,False,1.95,366.4,1.66,3,6,114.0,8,True,True,0.753,False
2034,CAND-00123,O=C(O)C(c1ccccc1)N1C(=O)/C(=C\c2cccc(Oc3cc(Cl)c(Cl)cc3F)c2)SC1=S,0.1175267029809706,5.515562900544662,0.1091825447132489,0.9326985053030752,0.0,0.2097847687478204,1,1.0,-1.0240946999999991,4,0.78125,False,O=C(O)C(c1ccccc1)N1C(=O)/C(=C\c2cccc(Oc3cc(Cl)c(Cl)cc3F)c2)SC1=S,5.64,6.06,-0.42,False,2.95,534.4,6.95,1,5,66.8,6,False,True,0.566,False
2035,CAND-02024,COc1c(/C=C2/SC(=S)N(CCC(=O)O)C2=O)ccc(OCc2ccccc2)c1OCc1ccccc1,0.1162247099059504,5.8551173237135,0.2127981908329704,0.718360514348027,0.25,0.2535010813180519,2,0.5,-2.0417612999999983,3,0.671875,False,COc1c(/C=C2/SC(=S)N(CCC(=O)O)C2=O)ccc(OCc2ccccc2)c1OCc1ccccc1,5.8,6.15,-0.35,False,2.43,535.6,5.53,1,7,85.3,11,False,False,0.673,False
2036,CAND-01113,CCCCOc1ccc(S(=O)(=O)NCC(=O)NO)c(C)c1,0.1148629734216915,5.595905014249356,0.1336990859629462,0.3164524497665048,0.25,0.3762546795397001,2,0.5,-3.9500017,3,0.6739130434782609,False,CCCCOc1ccc(S(=O)(=O)NCC(=O)NO)c(C)c1,5.67,5.89,-0.22,False,2.18,316.4,0.96,3,5,104.7,8,True,True,0.584,False
2037,CAND-02051,N#Cc1c(/C=C2/SC(=S)N(CCC(=O)O)C2=O)ccc(OCc2ccccc2)c1OCc1ccccc1,0.1135277248197604,5.777354724965802,0.1890687932359764,0.7043301296716847,0.25,0.2750701767384419,2,0.5,-2.108376899999999,3,0.6515151515151515,False,N#Cc1c(/C=C2/SC(=S)N(CCC(=O)O)C2=O)ccc(OCc2ccccc2)c1OCc1ccccc1,5.8,6.27,-0.47,False,2.58,530.6,5.39,1,7,99.9,10,False,True,0.686,False
2038,CAND-00377,O=C(CCNS(=O)(=O)c1ccc(Oc2ccccc2)c(O)c1)NO,0.1122566106047846,5.843717903806184,0.2093196372389295,0.3301320095346363,0.5,0.4403667106496302,3,0.3333333333333333,-3.8850518,2,0.717391304347826,False,O=C(CCNS(=O)(=O)c1ccc(Oc2ccccc2)c(O)c1)NO,6.03,5.47,0.56,False,2.1,352.4,1.36,4,6,125.0,7,True,True,0.506,False
2039,CAND-00378,O=C(CCNS(=O)(=O)c1ccc(Oc2ccccc2O)cc1)NO,0.1119019352055875,5.836744153889264,0.2071915848437474,0.3301320095346363,0.5,0.4403667106496302,3,0.3333333333333333,-3.8850518,2,0.75,False,O=C(CCNS(=O)(=O)c1ccc(Oc2ccccc2O)cc1)NO,6.25,6.52,-0.27,False,2.04,352.4,1.36,4,6,125.0,7,True,True,0.703,False
2040,CAND-01121,CCCCOc1ccc(S(=O)(=O)NCC(=O)NO)c(C#N)c1,0.1095834522129205,5.553536301965142,0.1207701968098619,0.2370325945762939,0.25,0.3626060200697001,2,0.5,-4.327083399999999,3,0.62,False,CCCCOc1ccc(S(=O)(=O)NCC(=O)NO)c(C#N)c1,5.57,5.92,-0.35,False,2.41,327.4,0.52,3,6,128.5,8,True,True,0.607,False
2041,CAND-01115,CCCCOc1ccc(S(=O)(=O)NCC(=O)NO)c(OC)c1,0.1076494709528023,5.557650725525996,0.1220257205980358,0.2510629792526357,0.25,0.3476202720219559,2,0.5,-4.260467800000001,3,0.6458333333333334,False,CCCCOc1ccc(S(=O)(=O)NCC(=O)NO)c(OC)c1,5.58,6.01,-0.43,False,2.19,332.4,0.66,3,6,114.0,9,True,True,0.549,False
2042,CAND-01120,CCCCOc1ccc(S(=O)(=O)NCC(=O)NO)cc1C#N,0.1075480467091358,5.526855739033412,0.1126285747947232,0.2370325945762937,0.25,0.3626060200697001,2,0.5,-4.3270834,3,0.64,False,CCCCOc1ccc(S(=O)(=O)NCC(=O)NO)cc1C#N,5.59,5.92,-0.33,False,2.34,327.4,0.52,3,6,128.5,8,True,True,0.599,False
2043,CAND-00156,COc1c(/C=C2/SC(=S)N(C(C(=O)O)c3ccccc3)C2=O)cccc1Oc1ccc(Cl)c(Cl)c1,0.1062270325456762,5.716274596234438,0.1704300815251614,0.8977203541947815,0.25,0.2574634144292395,2,0.5,-1.1901692999999995,3,0.6956521739130435,False,COc1c(/C=C2/SC(=S)N(C(C(=O)O)c3ccccc3)C2=O)cccc1Oc1ccc(Cl)c(Cl)c1,5.79,6.0,-0.21,False,2.97,546.5,6.82,1,6,76.1,7,False,True,0.553,False
2044,CAND-00152,COc1ccc(/C=C2/SC(=S)N(C(C(=O)O)c3ccccc3)C2=O)cc1Oc1ccc(Cl)c(Cl)c1,0.1062270325456762,5.716274596234438,0.1704300815251614,0.8977203541947815,0.25,0.2574634144292395,2,0.5,-1.1901692999999995,3,0.7575757575757576,False,COc1ccc(/C=C2/SC(=S)N(C(C(=O)O)c3ccccc3)C2=O)cc1Oc1ccc(Cl)c(Cl)c1,5.77,6.02,-0.25,False,2.89,546.5,6.82,1,6,76.1,7,False,True,0.354,False
2045,CAND-01215,COc1ccccc1Oc1ccc(S(=O)(=O)NCC(=O)NO)cn1,0.1054837624345996,5.607203434708448,0.1371468193927623,0.2253673135946495,0.5,0.4929262586913925,3,0.3333333333333333,-4.3824696,2,0.7142857142857143,False,COc1ccccc1Oc1ccc(S(=O)(=O)NCC(=O)NO)cn1,6.0,6.63,-0.63,False,2.24,353.4,0.67,3,7,126.8,7,True,True,0.827,False
2046,CAND-01996,O=C(O)CCN1C(=O)/C(=C\c2ccc(OCc3ccccc3)c(OCc3ccc(F)cc3)c2)SC1=S,0.105352925612929,5.677248655589861,0.1585212451814007,0.7533386654563204,0.25,0.2714840954505256,2,0.5,-1.8756866999999984,3,0.8947368421052632,False,O=C(O)CCN1C(=O)/C(=C\c2ccc(OCc3ccccc3)c(OCc3ccc(F)cc3)c2)SC1=S,5.28,6.24,-0.96,False,2.29,523.6,5.66,1,6,76.1,10,False,True,0.831,False
2047,CAND-01992,O=C(O)CCN1C(=O)/C(=C\c2ccc(OCc3cccc(F)c3)c(OCc3ccccc3)c2)SC1=S,0.105352925612929,5.677248655589861,0.1585212451814007,0.7533386654563204,0.25,0.2714840954505256,2,0.5,-1.8756866999999984,3,0.864406779661017,False,O=C(O)CCN1C(=O)/C(=C\c2ccc(OCc3cccc(F)c3)c(OCc3ccccc3)c2)SC1=S,5.32,6.23,-0.91,False,2.33,523.6,5.66,1,6,76.1,10,False,True,0.571,False
2048,CAND-01990,O=C(O)CCN1C(=O)/C(=C\c2cc(F)c(OCc3ccccc3)c(OCc3ccccc3)c2)SC1=S,0.105352925612929,5.677248655589861,0.1585212451814007,0.7533386654563204,0.25,0.2714840954505256,2,0.5,-1.8756866999999984,3,0.7540983606557377,False,O=C(O)CCN1C(=O)/C(=C\c2cc(F)c(OCc3ccccc3)c(OCc3ccccc3)c2)SC1=S,5.39,6.21,-0.82,False,2.41,523.6,5.66,1,6,76.1,10,False,True,0.519,False
2049,CAND-01989,O=C(O)CCN1C(=O)/C(=C\c2cc(OCc3ccccc3)c(OCc3ccccc3)cc2F)SC1=S,0.105352925612929,5.677248655589861,0.1585212451814007,0.7533386654563204,0.25,0.2714840954505256,2,0.5,-1.8756866999999984,3,0.7333333333333333,False,O=C(O)CCN1C(=O)/C(=C\c2cc(OCc3ccccc3)c(OCc3ccccc3)cc2F)SC1=S,5.37,6.26,-0.89,False,2.39,523.6,5.66,1,6,76.1,10,False,True,0.508,False
2050,CAND-01993,O=C(O)CCN1C(=O)/C(=C\c2ccc(OCc3ccc(F)cc3)c(OCc3ccccc3)c2)SC1=S,0.105352925612929,5.677248655589861,0.1585212451814007,0.7533386654563204,0.25,0.2714840954505256,2,0.5,-1.8756866999999984,3,0.8947368421052632,False,O=C(O)CCN1C(=O)/C(=C\c2ccc(OCc3ccc(F)cc3)c(OCc3ccccc3)c2)SC1=S,5.28,6.24,-0.96,False,2.29,523.6,5.66,1,6,76.1,10,False,True,0.831,False
2051,CAND-01995,O=C(O)CCN1C(=O)/C(=C\c2ccc(OCc3ccccc3)c(OCc3cccc(F)c3)c2)SC1=S,0.105352925612929,5.677248655589861,0.1585212451814007,0.7533386654563204,0.25,0.2714840954505256,2,0.5,-1.8756866999999984,3,0.864406779661017,False,O=C(O)CCN1C(=O)/C(=C\c2ccc(OCc3ccccc3)c(OCc3cccc(F)c3)c2)SC1=S,5.32,6.23,-0.91,False,2.33,523.6,5.66,1,6,76.1,10,False,True,0.571,False
2052,CAND-00153,COc1cc(Cl)c(Cl)cc1Oc1cccc(/C=C2/SC(=S)N(C(C(=O)O)c3ccccc3)C2=O)c1,0.1043783007118334,5.692040994652336,0.1630351541897903,0.8977203541947822,0.25,0.2574634144292393,2,0.5,-1.1901692999999969,3,0.78125,False,COc1cc(Cl)c(Cl)cc1Oc1cccc(/C=C2/SC(=S)N(C(C(=O)O)c3ccccc3)C2=O)c1,5.76,6.04,-0.28,False,2.93,546.5,6.82,1,6,76.1,7,False,True,0.359,False
2053,CAND-00155,COc1c(Oc2cccc(/C=C3/SC(=S)N(C(C(=O)O)c4ccccc4)C3=O)c2)ccc(Cl)c1Cl,0.1043783007118334,5.692040994652336,0.1630351541897903,0.8977203541947818,0.25,0.2574634144292393,2,0.5,-1.1901692999999989,3,0.7352941176470589,False,COc1c(Oc2cccc(/C=C3/SC(=S)N(C(C(=O)O)c4ccccc4)C3=O)c2)ccc(Cl)c1Cl,5.79,6.02,-0.23,False,3.01,546.5,6.82,1,6,76.1,7,False,True,0.321,False
2054,CAND-01998,O=C(O)CCN1C(=O)/C(=C\c2cc(OCc3ccccc3)c(OCc3ccccc3)cc2Cl)SC1=S,0.1038612518205787,5.71255115029714,0.1692938652656747,0.8091053354051038,0.25,0.2435852366944003,2,0.5,-1.6109091999999978,3,0.7333333333333333,False,O=C(O)CCN1C(=O)/C(=C\c2cc(OCc3ccccc3)c(OCc3ccccc3)cc2Cl)SC1=S,5.44,6.32,-0.88,False,2.37,540.1,6.17,1,6,76.1,10,False,True,0.41,False
2055,CAND-01117,CCCCOc1ccc(S(=O)(=O)NCC(=O)NO)c(O)c1,0.1023810936584888,5.559854485853488,0.1226982020462085,0.2237743111372745,0.25,0.3113769543129111,2,0.5,-4.3900331,3,0.6739130434782609,False,CCCCOc1ccc(S(=O)(=O)NCC(=O)NO)c(O)c1,5.57,5.93,-0.36,False,2.34,318.4,0.35,4,6,125.0,8,True,True,0.599,False
2056,CAND-01997,O=C(O)CCN1C(=O)/C(=C\c2ccc(OCc3ccccc3)c(OCc3ccccc3)c2F)SC1=S,0.1019411177719411,5.63252589462494,0.1448740138174493,0.7533386654563204,0.25,0.2714840954505256,2,0.5,-1.8756866999999984,3,0.6825396825396826,False,O=C(O)CCN1C(=O)/C(=C\c2ccc(OCc3ccccc3)c(OCc3ccccc3)c2F)SC1=S,5.39,6.22,-0.83,False,2.46,523.6,5.66,1,6,76.1,10,False,True,0.501,False
2057,CAND-01122,O=C(CNS(=O)(=O)c1ccc(OCCCCF)cc1)NO,0.1015619849725612,5.471255759258136,0.09566214044557,0.2577036522585263,0.25,0.3509763324077916,2,0.5,-4.2289382,3,0.7619047619047619,False,O=C(CNS(=O)(=O)c1ccc(OCCCCF)cc1)NO,5.67,5.96,-0.29,False,2.24,320.3,0.6,3,5,104.7,9,True,True,0.649,False
2058,CAND-02010,Cc1cccc(COc2ccc(/C=C3/SC(=S)N(CCC(=O)O)C3=O)cc2OCc2ccccc2)c1,0.1003534697846006,5.62088921939684,0.1413230613333306,0.7837499848618957,0.25,0.26681802967512,2,0.5,-1.7312951999999986,3,0.864406779661017,False,Cc1cccc(COc2ccc(/C=C3/SC(=S)N(CCC(=O)O)C3=O)cc2OCc2ccccc2)c1,5.45,6.24,-0.79,False,2.32,519.6,5.83,1,6,76.1,10,False,True,0.389,False
2059,CAND-02013,Cc1cccc(COc2cc(/C=C3/SC(=S)N(CCC(=O)O)C3=O)ccc2OCc2ccccc2)c1,0.1003534697846006,5.62088921939684,0.1413230613333306,0.7837499848618955,0.25,0.26681802967512,2,0.5,-1.7312951999999997,3,0.864406779661017,False,Cc1cccc(COc2cc(/C=C3/SC(=S)N(CCC(=O)O)C3=O)ccc2OCc2ccccc2)c1,5.45,6.24,-0.79,False,2.32,519.6,5.83,1,6,76.1,10,False,True,0.389,False
2060,CAND-02007,Cc1cc(OCc2ccccc2)c(OCc2ccccc2)cc1/C=C1/SC(=S)N(CCC(=O)O)C1=O,0.1003534697846006,5.62088921939684,0.1413230613333306,0.783749984861896,0.25,0.26681802967512,2,0.5,-1.7312951999999977,3,0.7333333333333333,False,Cc1cc(OCc2ccccc2)c(OCc2ccccc2)cc1/C=C1/SC(=S)N(CCC(=O)O)C1=O,5.44,6.26,-0.82,False,2.36,519.6,5.83,1,6,76.1,10,False,True,0.407,False
2061,CAND-02008,Cc1cc(/C=C2/SC(=S)N(CCC(=O)O)C2=O)cc(OCc2ccccc2)c1OCc1ccccc1,0.1003534697846006,5.62088921939684,0.1413230613333306,0.7837499848618957,0.25,0.26681802967512,2,0.5,-1.7312951999999986,3,0.7540983606557377,False,Cc1cc(/C=C2/SC(=S)N(CCC(=O)O)C2=O)cc(OCc2ccccc2)c1OCc1ccccc1,5.45,6.21,-0.76,False,2.38,519.6,5.83,1,6,76.1,10,False,True,0.409,False
2062,CAND-02014,Cc1ccc(COc2cc(/C=C3/SC(=S)N(CCC(=O)O)C3=O)ccc2OCc2ccccc2)cc1,0.1003534697846006,5.62088921939684,0.1413230613333306,0.7837499848618955,0.25,0.26681802967512,2,0.5,-1.7312951999999997,3,0.8947368421052632,False,Cc1ccc(COc2cc(/C=C3/SC(=S)N(CCC(=O)O)C3=O)ccc2OCc2ccccc2)cc1,5.46,6.24,-0.78,False,2.28,519.6,5.83,1,6,76.1,10,False,True,0.412,False
2063,CAND-02011,Cc1ccc(COc2ccc(/C=C3/SC(=S)N(CCC(=O)O)C3=O)cc2OCc2ccccc2)cc1,0.1003534697846006,5.62088921939684,0.1413230613333306,0.7837499848618955,0.25,0.26681802967512,2,0.5,-1.7312951999999997,3,0.8947368421052632,False,Cc1ccc(COc2ccc(/C=C3/SC(=S)N(CCC(=O)O)C3=O)cc2OCc2ccccc2)cc1,5.46,6.24,-0.78,False,2.28,519.6,5.83,1,6,76.1,10,False,True,0.412,False
2064,CAND-02001,O=C(O)CCN1C(=O)/C(=C\c2ccc(OCc3cccc(Cl)c3)c(OCc3ccccc3)c2)SC1=S,0.0993938969749728,5.653992036707768,0.1514244458832511,0.8091053354051035,0.25,0.2435852366944003,2,0.5,-1.6109091999999987,3,0.864406779661017,False,O=C(O)CCN1C(=O)/C(=C\c2ccc(OCc3cccc(Cl)c3)c(OCc3ccccc3)c2)SC1=S,5.45,6.3,-0.85,False,2.33,540.1,6.17,1,6,76.1,10,False,True,0.391,False
2065,CAND-02002,O=C(O)CCN1C(=O)/C(=C\c2ccc(OCc3ccc(Cl)cc3)c(OCc3ccccc3)c2)SC1=S,0.0993938969749728,5.653992036707768,0.1514244458832511,0.8091053354051035,0.25,0.2435852366944003,2,0.5,-1.6109091999999987,3,0.8947368421052632,False,O=C(O)CCN1C(=O)/C(=C\c2ccc(OCc3ccc(Cl)cc3)c(OCc3ccccc3)c2)SC1=S,5.46,6.3,-0.84,False,2.29,540.1,6.17,1,6,76.1,10,False,True,0.408,False
2066,CAND-02004,O=C(O)CCN1C(=O)/C(=C\c2ccc(OCc3ccccc3)c(OCc3cccc(Cl)c3)c2)SC1=S,0.0993938969749728,5.653992036707768,0.1514244458832511,0.8091053354051038,0.25,0.2435852366944003,2,0.5,-1.6109091999999978,3,0.864406779661017,False,O=C(O)CCN1C(=O)/C(=C\c2ccc(OCc3ccccc3)c(OCc3cccc(Cl)c3)c2)SC1=S,5.45,6.3,-0.85,False,2.33,540.1,6.17,1,6,76.1,10,False,True,0.391,False
2067,CAND-02005,O=C(O)CCN1C(=O)/C(=C\c2ccc(OCc3ccccc3)c(OCc3ccc(Cl)cc3)c2)SC1=S,0.0993938969749728,5.653992036707768,0.1514244458832511,0.8091053354051038,0.25,0.2435852366944003,2,0.5,-1.6109091999999978,3,0.8947368421052632,False,O=C(O)CCN1C(=O)/C(=C\c2ccc(OCc3ccccc3)c(OCc3ccc(Cl)cc3)c2)SC1=S,5.46,6.3,-0.84,False,2.29,540.1,6.17,1,6,76.1,10,False,True,0.408,False
2068,CAND-01999,O=C(O)CCN1C(=O)/C(=C\c2cc(Cl)c(OCc3ccccc3)c(OCc3ccccc3)c2)SC1=S,0.0987946062001912,5.646136395558506,0.1490272827841249,0.8091053354051034,0.25,0.2435852366944003,2,0.5,-1.6109091999999992,3,0.7540983606557377,False,O=C(O)CCN1C(=O)/C(=C\c2cc(Cl)c(OCc3ccccc3)c(OCc3ccccc3)c2)SC1=S,5.45,6.27,-0.82,False,2.35,540.1,6.17,1,6,76.1,10,False,True,0.411,False
2069,CAND-01221,O=C(CNS(=O)(=O)c1ccc(Oc2ccccc2O)nc1)NO,0.0987681784489144,5.578739294728622,0.1284609356168193,0.1980786454792882,0.5,0.4402468917944457,3,0.3333333333333333,-4.512034900000001,2,0.7291666666666666,False,O=C(CNS(=O)(=O)c1ccc(Oc2ccccc2O)nc1)NO,5.97,6.39,-0.42,False,2.35,339.3,0.36,4,7,137.8,6,True,True,0.809,False
2070,CAND-02015,Cc1c(/C=C2/SC(=S)N(CCC(=O)O)C2=O)ccc(OCc2ccccc2)c1OCc1ccccc1,0.0969416619436128,5.576166458431919,0.1276758299693791,0.7837499848618957,0.25,0.26681802967512,2,0.5,-1.7312951999999986,3,0.6825396825396826,False,Cc1c(/C=C2/SC(=S)N(CCC(=O)O)C2=O)ccc(OCc2ccccc2)c1OCc1ccccc1,5.45,6.23,-0.78,False,2.47,519.6,5.83,1,6,76.1,10,False,True,0.402,False
2071,CAND-02006,O=C(O)CCN1C(=O)/C(=C\c2ccc(OCc3ccccc3)c(OCc3ccccc3)c2Cl)SC1=S,0.0953827983592034,5.601413634593585,0.1353800514201735,0.8091053354051038,0.25,0.2435852366944003,2,0.5,-1.6109091999999978,3,0.6825396825396826,False,O=C(O)CCN1C(=O)/C(=C\c2ccc(OCc3ccccc3)c(OCc3ccccc3)c2Cl)SC1=S,5.45,6.3,-0.85,False,2.44,540.1,6.17,1,6,76.1,10,False,True,0.405,False
2072,CAND-02034,O=C(O)CCN1C(=O)/C(=C\c2cc(OCc3ccccc3)c(OCc3ccccc3)cc2C(F)(F)F)SC1=S,0.0930449766630445,5.62088921939684,0.1413230613333306,0.820640160153245,0.25,0.2180947421980795,2,0.5,-1.5561423999999984,3,0.6984126984126984,False,O=C(O)CCN1C(=O)/C(=C\c2cc(OCc3ccccc3)c(OCc3ccccc3)cc2C(F)(F)F)SC1=S,5.47,6.12,-0.65,False,2.57,573.6,6.54,1,6,76.1,10,False,True,0.428,False
2073,CAND-02040,O=C(O)CCN1C(=O)/C(=C\c2ccc(OCc3ccccc3)c(OCc3cccc(C(F)(F)F)c3)c2)SC1=S,0.0930449766630445,5.62088921939684,0.1413230613333306,0.820640160153245,0.25,0.2180947421980795,2,0.5,-1.5561423999999984,3,0.8225806451612904,False,O=C(O)CCN1C(=O)/C(=C\c2ccc(OCc3ccccc3)c(OCc3cccc(C(F)(F)F)c3)c2)SC1=S,5.48,6.15,-0.67,False,2.47,573.6,6.54,1,6,76.1,10,False,True,0.406,False
2074,CAND-02037,O=C(O)CCN1C(=O)/C(=C\c2ccc(OCc3cccc(C(F)(F)F)c3)c(OCc3ccccc3)c2)SC1=S,0.0930449766630445,5.62088921939684,0.1413230613333306,0.820640160153245,0.25,0.2180947421980795,2,0.5,-1.5561423999999984,3,0.8225806451612904,False,O=C(O)CCN1C(=O)/C(=C\c2ccc(OCc3cccc(C(F)(F)F)c3)c(OCc3ccccc3)c2)SC1=S,5.48,6.15,-0.67,False,2.47,573.6,6.54,1,6,76.1,10,False,True,0.406,False
2075,CAND-02035,O=C(O)CCN1C(=O)/C(=C\c2cc(OCc3ccccc3)c(OCc3ccccc3)c(C(F)(F)F)c2)SC1=S,0.0930449766630445,5.62088921939684,0.1413230613333306,0.820640160153245,0.25,0.2180947421980795,2,0.5,-1.5561423999999984,3,0.71875,False,O=C(O)CCN1C(=O)/C(=C\c2cc(OCc3ccccc3)c(OCc3ccccc3)c(C(F)(F)F)c2)SC1=S,5.48,6.08,-0.6,False,2.55,573.6,6.54,1,6,76.1,10,False,True,0.429,False
2076,CAND-02042,O=C(O)CCN1C(=O)/C(=C\c2ccc(OCc3ccccc3)c(OCc3ccccc3)c2C(F)(F)F)SC1=S,0.0896331688220567,5.576166458431919,0.1276758299693791,0.820640160153245,0.25,0.2180947421980795,2,0.5,-1.5561423999999984,3,0.6515151515151515,False,O=C(O)CCN1C(=O)/C(=C\c2ccc(OCc3ccccc3)c(OCc3ccccc3)c2C(F)(F)F)SC1=S,5.48,6.12,-0.64,False,2.67,573.6,6.54,1,6,76.1,10,False,True,0.419,False
2077,CAND-02041,O=C(O)CCN1C(=O)/C(=C\c2ccc(OCc3ccccc3)c(OCc3ccc(C(F)(F)F)cc3)c2)SC1=S,0.0855391844157828,5.522501570334678,0.1112998923442837,0.820640160153245,0.25,0.2180947421980795,2,0.5,-1.5561423999999984,3,0.85,False,O=C(O)CCN1C(=O)/C(=C\c2ccc(OCc3ccccc3)c(OCc3ccc(C(F)(F)F)cc3)c2)SC1=S,5.48,6.09,-0.61,False,2.44,573.6,6.54,1,6,76.1,10,False,True,0.433,False
2078,CAND-02038,O=C(O)CCN1C(=O)/C(=C\c2ccc(OCc3ccc(C(F)(F)F)cc3)c(OCc3ccccc3)c2)SC1=S,0.0855391844157828,5.522501570334678,0.1112998923442837,0.820640160153245,0.25,0.2180947421980795,2,0.5,-1.5561423999999984,3,0.85,False,O=C(O)CCN1C(=O)/C(=C\c2ccc(OCc3ccc(C(F)(F)F)cc3)c(OCc3ccccc3)c2)SC1=S,5.48,6.09,-0.61,False,2.44,573.6,6.54,1,6,76.1,10,False,True,0.433,False
2079,CAND-00133,O=C(O)C(c1ccccc1)N1C(=O)/C(=C\c2cccc(Oc3cc(Cl)c(Cl)cc3Cl)c2)SC1=S,0.0787642220741912,5.290398820619473,0.0404733186437645,0.9884651752518584,0.0,0.1950918758410299,1,1.0,-0.7593171999999995,4,0.819672131147541,False,O=C(O)C(c1ccccc1)N1C(=O)/C(=C\c2cccc(Oc3cc(Cl)c(Cl)cc3Cl)c2)SC1=S,5.73,6.06,-0.33,False,2.93,550.9,7.47,1,5,66.8,6,False,True,0.439,False
2080,CAND-01114,CCCCOc1ccc(S(=O)(=O)NCC(=O)NO)cc1OC,0.0717663139685348,5.557650725525996,0.1220257205980358,0.2510629792526357,0.25,0.3476202720219559,3,0.3333333333333333,-4.260467800000001,3,0.6808510638297872,False,CCCCOc1ccc(S(=O)(=O)NCC(=O)NO)cc1OC,5.58,5.99,-0.41,False,2.11,332.4,0.66,3,6,114.0,9,True,True,0.524,False
2081,CAND-01116,CCCCOc1ccc(S(=O)(=O)NCC(=O)NO)cc1O,0.0682540624389925,5.559854485853488,0.1226982020462085,0.2237743111372745,0.25,0.3113769543129111,3,0.3333333333333333,-4.3900331,3,0.6956521739130435,False,CCCCOc1ccc(S(=O)(=O)NCC(=O)NO)cc1O,5.59,5.92,-0.33,False,2.26,318.4,0.35,4,6,125.0,8,True,True,0.595,False
