molecule_chembl_id,canonical_smiles,pIC50_median,n_measurements
CHEMBL6169315,O=C(/C=C/c1ccc(S(=O)(=O)N[C@@H]2C[C@H]2c2ccccc2)cc1)NO,11.0,1
CHEMBL6145619,O=C(CCCCCCC(=O)N[C@@H]1C[C@H]1c1ccccc1)NO,11.0,1
CHEMBL6174035,O=C(/C=C/c1cccc(S(=O)(=O)N[C@@H]2C[C@H]2c2ccccc2)c1)NO,10.92,1
CHEMBL6133082,O=C(CCCCCCCC(=O)N[C@@H]1C[C@H]1c1ccccc1)NO,10.77,1
CHEMBL6172024,O=C(CCCCCCCCC(=O)N[C@@H]1C[C@H]1c1ccccc1)NO,10.72,1
CHEMBL6173091,O=C(CCCCCC(=O)N[C@@H]1C[C@H]1c1ccccc1)NO,10.55,1
CHEMBL4290831,CC(=O)Nc1ccc(-c2ccnc(Nc3ccc(NC(=O)CCCCCCC(=O)NO)cc3)n2)cc1.Cl,10.0,1
CHEMBL5195946,COc1ccc2c3c(cccc13)C(=O)N(Cc1ccc(C(=O)NO)cc1)C2=O,10.0,1
CHEMBL4098975,O=C(CCCCCCC(=O)Nc1ccc(NCCCn2cc(-c3ncnc4[nH]ccc34)cn2)cc1)NO,9.85,1
CHEMBL3912061,CS(=O)(=O)NCCc1cn(Cc2ccc(C(=O)NO)cc2)c2ccccc12,9.77,1
CHEMBL4243347,O=C(CCCCCCC(=O)Nc1ccc(Nc2nc(-c3cn[nH]c3)c3cc[nH]c3n2)cc1)NO,9.7,1
CHEMBL5618084,O=C(NO)c1c(Cl)cc2c(c1Cl)CCN(C(=O)c1cc3ccccc3[nH]1)C2,9.7,1
CHEMBL4247128,C=CCCn1cc(-c2nc(Nc3ccc(NC(=O)CCCCCCC(=O)NO)cc3)nc3[nH]ccc23)cn1,9.6,1
CHEMBL4748025,O=C(NO)c1cnc(N[C@H](c2ccccc2)C2CC2)c(F)c1,9.56,1
CHEMBL4104117,O=C(NO)c1ccc(CNc2cccc3cccnc23)cc1,9.54,3
CHEMBL4863515,O=C(NO)c1ccc(CN2CCCc3cc(-c4cc[nH]n4)ccc32)cc1,9.52,1
CHEMBL3621294,O=C(CCCCCCC(=O)Nc1ccc2c(c1)/C(=C/c1ccc[nH]1)C(=O)N2)NO,9.49,1
CHEMBL4126811,CC(C)(C)OC(=O)Nc1ccc(-c2cc(C(=O)NCc3ccc(C(=O)NO)cc3)no2)cc1,9.48,1
CHEMBL4756236,O=C(NO)c1cnc(N[C@@H](c2ccccn2)C2CC2)c(F)c1,9.46,1
CHEMBL4777296,NCc1ccc(NC(=O)N(CCCCO)Cc2ccc(C(=O)NO)cc2)cc1,9.4,1
CHEMBL5188297,O=C(CCCCCCC(=O)N/N=C/c1cnc(N(c2ccccc2)c2ccccc2)nc1)NO,9.4,1
CHEMBL6152466,O=C(CCCCCCNC(=O)c1cc2cc(-c3cn[nH]c3)ccc2s1)NO,9.39,1
CHEMBL4749714,O=C(NO)c1cnc(NC2(c3c(F)cccc3F)CC2)c(F)c1,9.37,1
CHEMBL3670665,O=C(NO)c1ccc(CNC(=O)c2[nH]c(-c3ccc(O)cc3)cc2-c2ccsc2)cc1,9.36,2
CHEMBL2018447,NC(=O)CCN1CCc2c(c3ccccc3n2Cc2ccc(C(=O)NO)cc2)C1,9.34,1
CHEMBL3759794,O=C(CCCCCC(=O)N/N=C/c1ccc(-c2cccnc2)cc1)NO,9.3,1
CHEMBL2018446,O=C(NO)c1ccc(Cn2c3c(c4ccccc42)CN(Cc2ccncc2)CC3)cc1,9.23,1
CHEMBL3759982,O=C(CCCCCC(=O)N/N=C/c1ccc(-c2ccccc2)cc1)NO,9.22,1
CHEMBL4777764,CC(C)(Nc1ncc(C(=O)NO)cc1F)c1ccccn1,9.22,1
CHEMBL4751524,O=C(NO)c1cnc(N2CCc3ncccc3C2)c(F)c1,9.22,1
CHEMBL4531853,O=C(NO)c1ccc(CNC(=O)c2cc(Cn3c4ccccc4c4ccccc43)on2)cc1,9.21,1
CHEMBL6108953,Cc1oc2ccc(OCC(=O)NN)cc2c1C(=O)OC(C)C,9.21,1
CHEMBL5440081,FC(F)c1nnc(-c2ccc(Cn3nnc(-c4ccccc4Cl)n3)nc2)o1,9.2,1
CHEMBL4170617,CC(C)CCN(CCCCCCC(=O)NO)c1ncc(C(=O)NCCCn2ccnc2)s1,9.19,1
CHEMBL4762877,CC(C)(Nc1ncc(C(=O)NO)cc1F)c1ccccc1,9.19,1
CHEMBL4177129,O=C(NO)c1ccc(CN(CCCCO)C(=O)Nc2ccccc2)cc1,9.18,2
CHEMBL2018301,CN1CCc2c(c3cc(Br)ccc3n2Cc2ccc(C(=O)NO)cc2)C1,9.15,1
CHEMBL3670669,COc1ccc(-c2cc(-c3ccccc3)[nH]c2C(=O)NCc2ccc(C(=O)Nc3ccccn3)cc2)cc1,9.15,1
CHEMBL5268638,O=C1CN(Cc2ccc(C(=O)NO)cc2)C(=O)[C@@H](Cc2c[nH]c3ccccc23)N1,9.14,1
CHEMBL2018448,NC(=O)CN1CCc2c(c3ccccc3n2Cc2ccc(C(=O)NO)cc2)C1,9.1,1
CHEMBL4095667,O=C(NO)c1ccc(CNc2cccc3ncccc23)cc1,9.1,1
CHEMBL4464421,CCOC(=O)Nc1cccc(-c2csc(NC(=O)CCCCCC(=O)NO)n2)c1,9.1,1
CHEMBL4846714,O=C(NO)c1ccc(CN2C(=O)CCCc3cc(Cl)ccc32)cc1,9.1,1
CHEMBL5408594,FC(F)c1nnc(-c2ccc(Cn3nnc(-c4ccccc4)n3)nc2)o1,9.1,1
CHEMBL4282456,CC(=O)Nc1ccc(-c2ccnc(Nc3cccc(NC(=O)CCCCCCC(=O)NO)c3)n2)cc1.Cl,9.09,1
CHEMBL6169614,O=C(NO)c1ccc(CN[C@@H]2C[C@H]2c2ccccc2)cc1,9.09,1
CHEMBL1631914,COc1cc2cc(c1)COc1ccccc1NC(=O)[C@H](CCCCCC(=O)NO)OC/C=C\2,9.08,1
CHEMBL4242626,N#CCCn1cc(-c2nc(Nc3ccc(NC(=O)CCCCCCC(=O)NO)cc3)nc3[nH]ccc23)cn1,9.07,1
CHEMBL2018452,O=C(NO)c1ccc(Cn2c3c(c4ccccc42)CCN(Cc2ccccc2)C3)cc1,9.06,1
CHEMBL4091233,O=C(CCCCCCC(=O)Nc1ccc(CCCn2cc(-c3ncnc4[nH]ccc34)cn2)cc1)NO,9.05,1
CHEMBL4277484,CCCN1CC(=O)N2Cc3c(c4cc(O)ccc4n3Cc3ccc(C(=O)NO)cc3)CC2C1=O,9.05,1
CHEMBL4759584,CCCCN(Cc1ccc(C(=O)NO)cc1)C(=O)Nc1ccc(CN)cc1,9.05,1
CHEMBL4857825,O=C(NO)c1ccc(CN2C(=O)CCc3cc(Br)ccc32)cc1,9.05,1
CHEMBL5193507,O=C(NO)c1ccc(CN(C2CC2)S(=O)(=O)c2c(F)c(F)c(F)c(F)c2F)cc1,9.05,1
CHEMBL4278715,COc1cc(-c2nc(NCc3ccc(C(=O)NO)cc3)cc3c2[nH]c2ccccc23)cc(OC)c1OC,9.03,1
CHEMBL6011678,O=C(NO)c1ccc(Cn2sc3ncccc3c2=O)cc1,9.02,1
CHEMBL2018442,C=CCN1CCc2c(c3ccccc3n2Cc2ccc(C(=O)NO)cc2)C1,9.01,1
CHEMBL2048746,O=C(/C=C/c1ccc2c(ccn2S(=O)(=O)c2ccccc2)c1)NO,9.0,1
CHEMBL3356527,O=C1NCCC[C@H]1C(=O)N[C@@H](CCCCCS)C(=O)Nc1ccccc1,9.0,1
CHEMBL3356915,O=C1NCCC[C@@H]1C(=O)N[C@@H](CCCCCS)C(=O)Nc1ccccc1,9.0,1
CHEMBL3356916,Cc1cccc(NC(=O)[C@H](CCCCCS)NC(=O)[C@@H]2CCCC(=O)N2)c1,9.0,1
CHEMBL3356918,O=C1CC[C@@H](C(=O)N[C@@H](CCCCCS)C(=O)Nc2ccccc2)N1,9.0,1
CHEMBL3356922,Cc1cccc(NC(=O)[C@H](CCCCCS)NC(=O)[C@@H]2CCC(=O)N2)c1,9.0,1
CHEMBL3356924,Cc1cccc(NC(=O)[C@H](CCCCCS)NC(=O)[C@H]2CCC(=O)N2C)c1,9.0,1
CHEMBL3655993,O=C(NO)c1cnc(NC2(c3c(F)cccc3F)CC2)nc1,9.0,2
CHEMBL3655967,O=C(NO)c1cnc(NC2(c3ccccc3Cl)CC2)nc1,9.0,2
CHEMBL3655917,O=C(NO)c1cnc(NCc2cccc(Cl)c2)nc1,9.0,2
CHEMBL4095596,CC(CCCCCC(=O)NO)n1cc(-c2ncnc3[nH]ccc23)cn1,9.0,1
CHEMBL4225914,O=C(NO)c1ccc(CNC(=O)c2cc(-c3ccc(F)cc3)[nH]n2)cc1,9.0,1
CHEMBL4574641,Nc1ccc(-c2nnn(Cc3ccc(C(=O)NO)cc3)n2)cc1,9.0,1
CHEMBL4852905,O=C(NO)c1cc(F)c2c(c1)CCN(C1CCC1)C2,9.0,1
CHEMBL4854340,Cn1c2c(c3ccccc31)CCN(Cc1ccc(C(=O)NO)cc1F)C2,9.0,1
CHEMBL4862465,O=C(NO)c1ccc(CN2CC3(CCOC3)C2)c(F)c1,9.0,1
CHEMBL4856445,CN1Cc2cc(C(=O)NO)ccc2CN1Cc1ccccc1,9.0,1
CHEMBL4847638,O=C(NO)c1cc(F)c2c(c1)CCn1cccc1-2,9.0,1
CHEMBL4846606,CN1CC2(CCCCC2)CC[C@H]1Cc1cc(F)cc(C(=O)NO)c1,9.0,1
CHEMBL5209294,C#Cc1nc(C(=O)NCCCCCCC(=O)NO)cs1,9.0,1
CHEMBL5425437,CNC(=O)c1csc(-c2nnn(Cc3ccc(-c4nnc(C(F)F)o4)cc3)n2)c1,9.0,1
CHEMBL5632704,Nc1ncc2ncn(Cc3ccc(C(=O)NO)cc3F)c2n1,9.0,1
CHEMBL5661880,CN1CCc2c(n(Cc3ccc(C(=O)NO)cc3)c3ccccc23)C1.O=C(O)C(F)(F)F,9.0,1
CHEMBL5980923,Cn1c(Nc2cccc(OCc3ccccc3)c2)nc2cc(C(=O)NO)ccc21,9.0,1
CHEMBL2018300,CN1CCc2c(c3cc(Cl)ccc3n2Cc2ccc(C(=O)NO)cc2)C1,8.99,1
CHEMBL4288953,Cc1ccc(-c2nc(NCc3ccc(C(=O)NO)cc3)cc3c2[nH]c2ccccc23)cc1,8.96,2
CHEMBL5274330,O=C(CCCCCC(=O)N(Cc1ccc(Br)s1)c1ccc(OCCN2CCOCC2)cc1)NO,8.94,1
CHEMBL4286867,O=C(CCCCCCC(=O)Nc1ccc(-c2ccnc(Nc3ccc(N4CCOCC4)cc3)n2)cc1)NO,8.92,1
CHEMBL5853881,COc1ccc2c(c1)C(=O)N(CCCCCC(=O)NO)c1ccccc1S2(=O)=O,8.92,1
CHEMBL185013,O=C(CCCCCC(=O)Nc1ccccc1)NO,8.92,3
CHEMBL4292609,CCCN1CC(=O)N2Cc3c(c4cc(OCc5ccccc5)ccc4n3Cc3ccc(C(=O)NO)cc3)CC2C1=O,8.9,1
CHEMBL4441675,Cc1c(CN(C)C)c2ccccc2n1-c1ccc(C(=O)NO)cc1,8.9,1
CHEMBL5429654,FC(F)c1nnc(-c2ccc(Cn3nnc(-c4cccnc4)n3)nc2)o1,8.9,1
CHEMBL519491,O=C(CCCCCCC(=O)Nc1ccc(-c2cn(-c3ccccc3)nn2)cc1)NO,8.89,1
CHEMBL4290748,CC(=O)Nc1ccc(-c2ccnc(Nc3ccc(OCCCCCC(=O)NO)cc3)n2)cc1.Cl,8.89,1
CHEMBL4874875,N#Cc1ccc2c(c1)CCCN2Cc1ccc(C(=O)NO)cc1,8.89,1
CHEMBL6145298,Cc1nc(-c2ccc(OCC(C)C)c(C#N)c2)sc1C(=O)NCCCCCCC(=O)NO,8.88,1
CHEMBL2018451,CN1CCc2c(n(Cc3ccc(C(=O)NO)cc3)c3ccccc23)C1,8.85,4
CHEMBL3655944,C[C@@H](Nc1ncc(C(=O)NO)cn1)c1ccccc1,8.85,4
CHEMBL4060201,O=C(CCCCCCn1cc(-c2ncnc3[nH]ccc23)cn1)NO,8.85,1
CHEMBL2018443,O=C(NO)c1ccc(Cn2c3c(c4ccccc42)CN(Cc2ccccc2)CC3)cc1,8.84,1
CHEMBL3960564,Cc1c(CN)c2ccccc2n1Cc1ccc(C(=O)NO)cc1,8.84,1
CHEMBL4278951,O=C(CCCCCCC(=O)Nc1ccc(-c2ccnc(Nc3ccccc3)n2)cc1)NO,8.84,1
CHEMBL4562547,Cc1c(CN)c2ccccc2n1-c1ccc(C(=O)NO)cc1,8.84,1
CHEMBL4750701,O=C(NO)c1ccc(NC(=O)c2c(F)c(F)c(F)c(F)c2F)cc1,8.84,1
CHEMBL4563224,O=C(NO)c1ccc(N(Cc2ccccc2)C(=O)CN(Cc2c(F)c(F)c(F)c(F)c2F)S(=O)(=O)c2ccc(F)cc2)cc1,8.83,1
CHEMBL6161175,O=C(NO)c1ccc(Cn2c(=O)ccc3cc(Cl)cnc32)c(F)c1,8.83,1
CHEMBL3916257,COc1ccc(NC(=O)N2CCC(Nc3ncc(C(=O)NO)cn3)(c3ccccc3)CC2)cc1,8.82,1
CHEMBL566099,O=C(NO)c1ccc2[nH]c(=O)c(CCCc3ccccc3)nc2c1,8.81,1
CHEMBL5189457,O=C(CCCCCCn1cc(C(=O)NCc2ccc(Cl)cc2)c2ccccc21)NO,8.81,1
CHEMBL4087897,COc1ccc(-c2cc(-c3ccoc3)c(C(=O)NCc3ccc(C(=O)NO)cc3)[nH]2)cc1,8.8,3
CHEMBL3929319,CC(=O)N1CCC(Nc2ncc(C(=O)NO)cn2)(c2ccccc2)CC1,8.8,1
CHEMBL4243458,CCCn1cc(-c2nc(Nc3ccc(NC(=O)CCCCCCC(=O)NO)cc3)nc3[nH]ccc23)cn1,8.8,1
CHEMBL4063658,CN(C)c1ccc(C(=O)N(CC(=O)NC2CCCCC2)Cc2ccc(C(=O)NO)cc2)cc1,8.8,1
CHEMBL4757957,Cc1ccc(C(=O)Nc2ccc(C(=O)NO)cc2)cc1,8.8,1
CHEMBL5288006,[11CH3]n1cc(CCNCc2ccc(/C=C/C(=O)NO)cc2)c2ccccc21,8.8,1
CHEMBL5403206,O=C(NO)c1ccc(Cn2c(=O)[nH]c(=O)c3ccc(F)cc32)cc1,8.8,1
CHEMBL5421243,FC(F)c1nnc(-c2ccc(Cn3nnc(-c4cccc(Cl)c4)n3)nc2)o1,8.8,1
CHEMBL343557,Cn1cc(CCNCc2ccc(/C=C/C(=O)NO)cc2)c2ccccc21,8.8,1
CHEMBL3621296,O=C(CCCCC(=O)Nc1ccc2c(c1)/C(=C/c1ccc[nH]1)C(=O)N2)NO,8.79,1
CHEMBL4087616,CN1C(=O)C2CN(Cc3c2c2ccccc2n3Cc2ccc(C(=O)NO)cc2)C1=O,8.78,2
CHEMBL4285431,CCCN1CC(=O)N2Cc3c(c4cc(OC)ccc4n3Cc3ccc(C(=O)NO)cc3)CC2C1=O,8.78,1
CHEMBL1091815,O=C(CCCCCCC(=O)Nc1cccc(-c2cn(-c3cc(F)cc(F)c3)nn2)c1)NO,8.77,1
CHEMBL3655950,O=C(NO)c1cnc(NC2(c3ccccc3)CC2)nc1,8.77,13
CHEMBL3977741,O=C(NO)c1cnc(NC2(c3ccccc3)CCN(C(=O)Nc3ccccc3F)CC2)nc1,8.77,1
CHEMBL3951862,CNC(=O)N1CCC(Nc2ncc(C(=O)NO)cn2)(c2ccccc2)CC1,8.77,1
CHEMBL5206239,O=C(CCCCCCn1cc(C(=O)NC2C3CC4CC(C3)CC2C4)c2ccccc21)NO,8.77,1
CHEMBL2375871,O=C(/C=C/c1ccc(CNCC23CC4CC(CC(C4)C2)C3)cc1)NO,8.77,1
CHEMBL4460552,C[C@H](NC(=O)c1nc(-c2ncc(-c3ccccc3)s2)sc1C1CC1)c1ccc(C(=O)NO)cc1,8.75,2
CHEMBL5890164,Cc1nsc(N(CCCCCCC(=O)NO)c2ccccn2)n1,8.75,1
CHEMBL3621293,O=C(CCCCCCNC(=O)Cn1cnc2c(Nc3ccccc3)nc(Nc3ccccc3)nc21)NO,8.74,1
CHEMBL4069283,O=C(CCCCCCCn1cc(-c2ncnc3[nH]ccc23)cn1)NO,8.74,1
CHEMBL4285608,COc1cccc(-c2nc(NCc3ccc(C(=O)NO)cc3)cc3c2[nH]c2ccccc23)c1,8.74,1
CHEMBL4294153,CC(=O)Nc1ccc(-c2ccnc(Nc3cccc(OCCCCCCC(=O)NO)c3)n2)cc1,8.74,1
CHEMBL4294514,CCCN1CC(=O)N2[C@H](Cc3c(n(Cc4ccc(C(=O)NO)cc4)c4ccccc34)[C@@H]2C)C1=O,8.74,1
CHEMBL4532398,C[C@@H]1CN(C(=O)Nc2ccc(-c3nc(N4CCOCC4)c4cnn(CCCCCCC(=O)NO)c4n3)cc2)CCO1,8.74,1
CHEMBL4858994,O=C(NO)c1ccc(CN2CCCSc3ccccc32)cc1,8.74,2
CHEMBL5185898,O=C(CCCCCCn1cc(C(=O)NC2CCCCCCC2)c2ccccc21)NO,8.74,1
CHEMBL5401750,O=C(NO)c1ccc(CN2CCCc3cccnc32)c(F)c1,8.74,1
CHEMBL6166038,O=C(NO)c1ccc(CN2C(=O)CCc3cc(Br)cnc32)c(F)c1,8.73,1
CHEMBL483893,O=C(CCCCCCC(=O)Nc1cccc(-c2cn(CC(O)c3cccc(Br)c3)nn2)c1)NO,8.72,1
CHEMBL483494,O=C(CCCCCCC(=O)Nc1ccc(-c2cn(Cc3ccc(F)cc3)nn2)cc1)NO,8.72,2
CHEMBL1088736,O=C(CCCCCCC(=O)Nc1cccc(-c2cn(-c3cc(CO)cc(CO)c3)nn2)c1)NO,8.72,1
CHEMBL2414098,O=C(CCCCCCc1nc2ccc(Br)cc2[nH]1)NO,8.72,1
CHEMBL3339030,O=C(CCCCCCC(=O)Nc1cc2c(Nc3ccc(O[C@H]4CCOC4)c(Cl)c3)ncnc2s1)NO,8.72,1
CHEMBL3963102,O=C(NO)c1cnc(NC2(c3ccccc3)CCN(C(=O)Nc3ccccc3)CC2)nc1,8.72,1
CHEMBL4577299,O=C(NO)c1ccc(Cn2c3c(c4ccccc42)CS(=O)(=O)CC3)cc1,8.72,3
CHEMBL5208269,O=C(CCCCCCn1cc(C(=O)NC23CC4CC(CC(C4)C2)C3)c2ccccc21)NO,8.72,1
CHEMBL6144295,Cc1cc(C(=O)Nc2cccc(F)c2)nn1Cc1ccc(C(=O)NO)cc1,8.72,1
CHEMBL6161596,O=C(NO)c1ccc(CN2C(=O)COc3cccnc32)c(F)c1,8.72,1
CHEMBL1631913,COc1cc2cc(c1)COc1ccccc1NC(=O)C(CCCCCC(=O)NO)OC/C=C\2,8.71,1
CHEMBL6168499,Cc1ccc2c(n1)N(Cc1ccc(C(=O)NO)cc1F)CCC2,8.71,1
CHEMBL485514,O=C(C=C1c2ccccc2-c2ccccc21)NCCCCCC(=O)NO,8.7,1
CHEMBL3098602,O=C(CCCCC[C@H](NC(=O)[C@H]1CCC(=O)N1)C(=O)Nc1cccc(C(F)(F)F)c1)NO,8.7,2
CHEMBL3356917,Cc1ccc(NC(=O)[C@H](CCCCCS)NC(=O)[C@@H]2CCCC(=O)N2)cc1,8.7,1
CHEMBL3356923,Cc1cccc(NC(=O)[C@H](CCCCCS)NC(=O)[C@H]2CCC(=O)N2)c1,8.7,1
CHEMBL3356929,O=C1C[C@@H](C(=O)N[C@@H](CCCCCS)C(=O)Nc2ccccc2)N1,8.7,1
CHEMBL3655918,O=C(NO)c1cnc(NCc2ccccc2)nc1,8.7,2
CHEMBL5934650,COc1ccc(-c2cc(-c3ccsc3)c(C(=O)NCc3ccc(C(=O)NO)cc3)[nH]2)cc1,8.7,2
CHEMBL3655968,O=C(NO)c1cnc(NC2(c3ccccc3C(F)(F)F)CC2)nc1,8.7,2
CHEMBL3655974,O=C(NO)c1cnc(NC2(c3ccc(CO)cc3)CC2)nc1,8.7,2
CHEMBL3655923,O=C(NO)c1cnc(NCc2cccc(C(F)(F)F)c2)nc1,8.7,2
CHEMBL3655942,O=C(NO)c1cnc(NC(c2ccccc2)c2ccccc2)nc1,8.7,2
CHEMBL3655994,O=C(NO)c1cnc(NC2(c3cccc(OC(F)(F)F)c3)CC2)nc1,8.7,2
CHEMBL3655984,O=C(NO)c1cnc(NCc2ccc(-c3ccccc3)cc2)nc1,8.7,2
CHEMBL3655957,CC(C)(Nc1ncc(C(=O)NO)cn1)c1ccc(Cl)c(Cl)c1,8.7,2
CHEMBL3675764,O=C(CCCCCCN(c1ccccn1)c1cc2ccccc2cn1)NO,8.7,1
CHEMBL3655959,O=C(NO)c1cnc(NC2(c3ccccc3F)CC2)nc1,8.7,2
CHEMBL3655915,CC(Nc1ncc(C(=O)NO)cn1)c1ccccc1,8.7,4
CHEMBL3655936,O=C(NO)c1cnc(NCc2ccc(F)c(Cl)c2)nc1,8.7,2
CHEMBL3655948,CC(C)(Nc1ncc(C(=O)NO)cn1)c1ccccc1F,8.7,2
CHEMBL3655971,O=C(NO)c1cnc(NC2(c3cccc(Cl)c3)CC2)nc1,8.7,2
CHEMBL3655932,COc1cc(F)ccc1CNc1ncc(C(=O)NO)cn1,8.7,2
CHEMBL3655997,O=C(NO)c1cnc(NC2(c3ccc4c(c3)OCO4)CC2)nc1,8.7,2
CHEMBL3655996,Cc1ccccc1C1(Nc2ncc(C(=O)NO)cn2)CC1,8.7,2
CHEMBL3655979,O=C(NO)c1cnc(NC2(c3cc4ccccc4s3)CC2)nc1,8.7,2
CHEMBL3655916,O=C(NO)c1cnc(NCc2ccccc2Cl)nc1,8.7,2
CHEMBL3655919,O=C(NO)c1cnc(NCc2ccc(Cl)cc2)nc1,8.7,2
CHEMBL3655995,O=C(NO)c1cnc(NC2(c3cc(C(F)(F)F)ccc3F)CC2)nc1,8.7,2
CHEMBL3655964,O=C(NO)c1cnc(NC2(c3cccc(F)c3)CC2)nc1,8.7,2
CHEMBL3655929,O=C(NO)c1cnc(NCc2ccc3c(c2)OCO3)nc1,8.7,2
CHEMBL3655990,O=C(NO)c1cnc(NC2(c3cccc(C(F)(F)F)c3)CC2)nc1,8.7,2
CHEMBL3894825,CC1(C)C(=O)N(c2ccc(C#N)c(C(F)(F)F)c2)C(=S)N1c1ccc(C(=O)OCCCCCC(=O)NO)c(F)c1,8.7,1
CHEMBL3961733,O=C(NO)c1cnc(NC2(c3ccccc3)CCN(C(=O)Nc3ccc(F)cc3)CC2)nc1,8.7,1
CHEMBL3923499,Cc1ccc(NC(=O)N2CCC(Nc3ncc(C(=O)NO)cn3)(c3ccccc3)CC2)cc1,8.7,1
CHEMBL4128164,O=C(NO)c1ccc2c(c1)CCN(c1nc3ccccc3[nH]1)C2,8.7,1
CHEMBL4443998,C[C@H](NC(=O)c1nc(-c2ncc(-c3ccc(F)cc3)s2)sc1C1CC1)c1ccc(C(=O)NO)cc1,8.7,1
CHEMBL4471726,NCc1ccc(-c2nnn(Cc3ccc(C(=O)NO)cc3)n2)cc1,8.7,1
CHEMBL4798826,CC(C)(C)c1ccc(S(=O)(=O)Nc2ccc(C(=O)NO)cc2)cc1,8.7,1
CHEMBL1879463,Cn1c(=O)n(-c2ccc(C(C)(C)C#N)cc2)c2c3cc(-c4cnc5ccccc5c4)ccc3ncc21,8.7,1
CHEMBL5075135,O=C(NO)c1ccc(CN(Cc2cccnc2)S(=O)(=O)c2cc(F)c(F)c(F)c2F)cc1,8.7,5
CHEMBL5198759,CN(Cc1ccc(C(=O)NO)cc1)S(=O)(=O)c1c(F)c(F)c(F)c(F)c1F,8.7,1
CHEMBL5411782,FC(F)c1nnc(-c2ccc(Cn3nnc(-c4ccccn4)n3)cc2)o1,8.7,1
CHEMBL5403250,FC(F)c1nnc(-c2ccc(Cn3nnc(-c4ccc(Cl)cc4)n3)nc2)o1,8.7,1
CHEMBL5408305,COc1cccc(-c2nnn(Cc3ccc(-c4nnc(C(F)F)o4)cn3)n2)c1,8.7,1
CHEMBL5560545,CN1CCN(CC2C(=O)c3c(n(Cc4ccc(C(=O)NO)cc4)c4ccc(F)cc34)CC2(C)C)CC1,8.7,1
CHEMBL5568503,Cc1cn(Cc2ccc(C(=O)NO)cc2)c2c1C(=O)CCC2,8.7,1
CHEMBL5595119,O=C(NO)c1ccc(CNC(=O)[C@@H]2Cc3c([nH]c4ccccc34)[C@@H](c3ccc4c(c3)OCO4)N2)cc1,8.7,1
CHEMBL5923626,O=C(NO)c1ccc(CN2CC[S+]([O-])c3ccccc32)cc1,8.7,1
CHEMBL5846506,O=C(NO)c1ccc2nc(-c3cc(Cl)ccc3O)[nH]c2c1,8.7,1
CHEMBL5817277,COc1ccc(C(F)(F)F)cc1CNc1ncc(C(=O)NO)cn1,8.7,1
CHEMBL5854086,O=c1cc(-c2nnc(C(F)F)o2)ccn1CCOc1cccc(F)c1,8.7,1
CHEMBL3973951,O=C(/C=C/c1cccc(S(=O)(=O)c2ccc3ccccc3n2)c1)NO,8.68,2
CHEMBL3917405,O=C(CCCCCCOc1ccc2cc1COC/C=C/COCc1cccc(c1)-c1ccnc(n1)N2)NO,8.68,1
CHEMBL3948528,O=C(NO)c1cnc(NC2(c3ccccc3)CCN(c3ccccc3)CC2)nc1,8.68,1
CHEMBL4250891,COCCn1cc(-c2nc(Nc3ccc(NC(=O)CCCCCCC(=O)NO)cc3)nc3[nH]ccc23)cn1,8.68,1
CHEMBL4289006,Cc1cnc(Nc2ccc(N3CCN(C)CC3)cc2)nc1-c1ccc(NC(=O)CCCCCCC(=O)NO)cc1,8.68,1
CHEMBL4866683,O=C(NO)c1ccc(CN2C(=O)C(Cc3ccccc3)N(Cc3cccnc3)C2=O)cc1,8.68,1
CHEMBL5174843,O=C(CCCCCCn1cc(C(=O)NC2CCCCCC2)c2ccccc21)NO,8.68,1
CHEMBL5201523,Nc1nc(-c2ccco2)c2cnn(Cc3cccc(OCCCCCCC(=O)NO)c3)c2n1,8.68,1
CHEMBL5632625,O=C(NO)c1ccc(CNC(=O)[C@H]2Cc3c([nH]c4ccccc34)[C@H](c3ccccc3)N2)cc1,8.68,1
CHEMBL5810912,NC(=O)c1ccccc1NCc1ccc(-c2noc(C(F)(F)F)n2)cn1,8.68,1
CHEMBL4790152,CC(C)c1cc(C(=O)N2Cc3ccc(NC(=O)CCCCCCCC(=O)NO)cc3C2)c(O)cc1O,8.67,1
CHEMBL5991951,CCCCN(Cc1ccc(C(=O)NO)cc1)C(=O)Nc1ccccc1OC,8.67,1
CHEMBL1091475,O=C(CCCCCCC(=O)Nc1cccc(-c2cn(-c3ccc(I)cc3)nn2)c1)NO,8.66,1
CHEMBL3972758,CN(C(=O)N1CCC(Nc2ncc(C(=O)NO)cn2)(c2ccccc2)CC1)c1ccccc1,8.66,1
CHEMBL3914736,Cc1ccnc(NC(=O)NCc2ccc(C(=O)NO)cc2)c1,8.66,4
CHEMBL2018303,CC(C)(C)OC(=O)N1CCc2c(c3ccccc3n2Cc2ccc(C(=O)NO)cc2)C1,8.65,1
CHEMBL5206589,O=C(CCCCCNC(=O)c1cccc2cc3ccccc3nc12)NO,8.65,2
CHEMBL3972157,O=C(CCCCCCC(=O)Nc1ccc(NCCOc2ccc3cc2COC/C=C/COCc2cccc(c2)-c2ccnc(n2)N3)cc1)NO,8.64,1
CHEMBL4063376,O=C(NO)c1ccc(CNc2cncc3ccccc23)cc1,8.64,1
CHEMBL4237600,CS(=O)(=O)CCn1cc(-c2nc(Nc3ccc(NC(=O)CCCCCCC(=O)NO)cc3)nc3[nH]ccc23)cn1,8.64,1
CHEMBL4536605,O=C(NO)c1ccc(CN2CCCc3cc(Cl)ccc32)cc1,8.64,15
CHEMBL5175796,COc1ccc2c(c1)cc(C(=O)NC1C3CC4CC(C3)CC1C4)n2CCCCCCC(=O)NO,8.64,1
CHEMBL6003322,COc1ccc2c(c1)C(=O)N(CCCCCC(=O)NO)c1ccccc1S2,8.64,1
CHEMBL4091237,O=C(NO)c1ccc(CNc2cccc3cnccc23)cc1,8.63,1
CHEMBL5197455,O=C(CCCCCCn1cc(C(=O)NC2CCCCC2)c2ccccc21)NO,8.63,1
CHEMBL5634008,COc1ccc([C@@H]2N[C@@H](C(=O)NCc3ccc(C(=O)NO)cc3)Cc3c2[nH]c2ccccc32)cc1,8.63,1
CHEMBL2179249,COc1ccccc1NC(=O)N(CCCO)Cc1ccc(C(=O)NO)cc1,8.62,5
CHEMBL3952742,O=C(NO)c1cnc(NC2(c3ccccc3)CCN(C(=S)Nc3ccccc3)CC2)nc1,8.62,1
CHEMBL3920532,O=C(NO)c1cnc(NC2(c3cc(F)ccc3F)CCOCC2)nc1,8.62,2
CHEMBL4280540,CC(=O)Nc1ccc(-c2ccnc(Nc3cccc(OCCCCCC(=O)NO)c3)n2)cc1,8.62,1
CHEMBL4291041,CN1C(=O)C2Cc3c(n(Cc4ccc(C(=O)NO)cc4)c4ccccc34)CN2C1=O,8.62,1
CHEMBL4450360,COc1ccc(-c2cnc(-c3nc(C(=O)N[C@@H](C)c4ccc(C(=O)NO)cc4)c(C4CC4)s3)s2)cc1,8.62,1
CHEMBL4847663,NC(=O)c1ccc2c(c1)CCCCN2Cc1ccc(C(=O)NO)cc1,8.62,1
CHEMBL5435925,COc1ccc(-c2cc(C(=O)NCc3ccc(C(=O)NO)cc3)ccn2)cc1,8.62,1
CHEMBL4552057,Nc1ccc(-c2nc(N3CCOCC3)c3cnn(CCCCCCC(=O)NO)c3n2)cc1,8.61,1
CHEMBL4082995,O=C(/C=C/c1cccn(CCCc2ccc3ccccc3c2)c1=O)NO,8.61,2
CHEMBL5169341,O=C(CCCCCCn1c(C(=O)NC2C3CC4CC(C3)CC2C4)cc2ccccc21)NO,8.61,1
CHEMBL484489,O=C(/C=C/c1ccc(Cl)cc1F)NCCCCCC(=O)NO,8.6,1
CHEMBL468595,Nc1cccc(-c2cc(C(=O)NCCCCCCC(=O)NO)no2)c1,8.6,1
CHEMBL1094708,Nc1ccc(-n2cc(-c3cccc(NC(=O)CCCCCCC(=O)NO)c3)nn2)cc1,8.6,1
CHEMBL2018450,O=C(NO)c1ccc(Cn2c3c(c4ccccc42)CCNC3)cc1,8.6,1
CHEMBL3933593,O=C(CCCCCC(=O)Nc1ccc(NCCOc2ccc3cc2COC/C=C/COCc2cccc(c2)-c2ccnc(n2)N3)cc1)NO,8.6,1
CHEMBL3934237,O=C(NO)c1cnc(NC2(c3ccccc3)CCN(C(=O)Nc3cccc(F)c3)CC2)nc1,8.6,1
CHEMBL3893799,Cc1cc2ccccc2n1Cc1ccc(C(=O)NO)cc1,8.6,1
CHEMBL4170768,CCCCN(Cc1ccc(C(=O)NO)cc1)C(=O)Nc1ccc2cn[nH]c2c1,8.6,3
CHEMBL4859948,Cl.O=C(NO)c1ccc(CN2c3ccccc3Sc3ccccc32)nc1,8.6,1
CHEMBL5632279,O=C(NO)c1ccc(CNC(=O)[C@H]2Cc3c([nH]c4ccccc34)[C@H](C3CCCC3)N2)cc1,8.6,1
CHEMBL6062175,O=S(=O)(CCN1CCOCC1)N(Cc1ncc(-c2nnc(C(F)F)o2)s1)c1cncc(Cl)c1,8.6,1
CHEMBL483892,O=C(CCCCCCC(=O)Nc1cccc(-c2cn(Cc3ccc(F)cc3)nn2)c1)NO,8.59,1
CHEMBL561483,COc1cccc2c(C(CCCCCC(=O)NO)c3c[nH]c4c(OC)cccc34)c[nH]c12,8.59,1
CHEMBL3621287,O=C(CCCCCNC(=O)Cn1cnc2c(N3CCOCC3)nc(Nc3ccccc3)nc21)NO,8.59,1
CHEMBL3693786,O=C(CCCCCCNC(=O)c1cnc(N(c2ccccc2)c2ccccc2Cl)nc1)NO,8.59,19
CHEMBL3906837,O=C(NO)c1cnc(NC2(c3ccccc3)CCN(C(=O)OCc3ccccc3)CC2)nc1,8.59,1
CHEMBL4554522,COc1ccc(CN2CCC(Nc3nc(Nc4ccc(NC(=O)CCCCCCC(=O)NO)cc4)nc4cc(OC)c(OC)cc34)CC2)cc1,8.59,1
CHEMBL5199007,O=C(CCCCCCC(=O)Nc1nc2c(s1)C[C@@H](NC(=O)c1cccc3ccccc13)CC2)NO,8.59,2
CHEMBL5177696,COc1cc(OC)cc(N(CCNC(C)C)c2ccc3ncc(-c4cnn(CCCCCCC(=O)NO)c4)nc3c2)c1,8.59,1
CHEMBL5416448,O=C(CCCCCCNC(=O)c1ncc(-c2ccccc2)o1)NO,8.59,1
CHEMBL5590022,C[C@H](NC(=O)[C@H](CC(=O)NCC(C)(C)C)NC(=O)c1ccc(/C=C/C(=O)NO)cc1)C(=O)NCc1ccc(F)cc1F,8.58,1
CHEMBL5594253,CN1C(=O)CNC(=O)/C1=C/c1ccc(OCc2ccc(C(=O)NO)cc2)cc1,8.58,1
CHEMBL6169672,O=C(NO)c1ccc(Cn2ccc3cncnc32)c(F)c1,8.58,1
CHEMBL6147380,O=C(NO)c1ccc(CN2C(=O)CCc3cc(F)cnc32)c(F)c1,8.58,1
CHEMBL6152658,O=C(NO)c1ccc(CN2CCCc3cc(F)cnc32)c(F)c1,8.58,1
CHEMBL2408778,Nc1ncnc2c1c(-c1ccc(Cl)cc1)nn2-c1cccc(-c2cnnn2CCCCCC(=O)NO)c1,8.57,1
CHEMBL3339029,CN(C)c1ccc(Nc2ncnc3sc(NC(=O)CCCCCCC(=O)NO)cc23)cc1F,8.57,1
CHEMBL3827517,CN(Cc1nc2c(N3CCOCC3)nc(-c3ccncc3)nc2n1C)c1ncc(C(=O)NO)cn1,8.57,1
CHEMBL4176291,O=C(NO)c1ccc(CN2C(=O)c3cccc4c(N5CCOCC5)ccc(c34)C2=O)cc1,8.57,1
CHEMBL4847122,O=C(NO)c1ccc(CN2C(=O)CCc3cc(C4CC4)ccc32)cc1,8.57,1
CHEMBL5425203,COc1cc2c(cc1OC)C(=O)C(CC1CCN(Cc3ccc(NC(=O)CCCCCCC(=O)NO)cc3)CC1)C2,8.57,1
CHEMBL5436001,O=C(NO)c1ccc(CN2CCCc3cccnc32)cc1,8.57,1
CHEMBL5415232,Nc1nn(-c2ccccc2)nc1C(=O)NCc1ccc(C(=O)NO)cc1,8.57,1
CHEMBL5633657,O=C(NO)c1ccc(CNC(=O)[C@H]2Cc3c([nH]c4ccccc34)[C@H](c3ccc(Cl)cc3)N2)cc1,8.57,1
CHEMBL4237410,O=C(CCCCCn1cc(-c2ccc(Nc3c4ccccc4nc4ccccc34)cc2)nn1)NO,8.56,2
CHEMBL5180263,O=C(CCCCCCn1nc(C(=O)NC2C3CC4CC(C3)CC2C4)c2ccccc21)NO,8.56,1
CHEMBL5413000,COc1ccccc1-c1cnc(C(=O)NCCCCCCC(=O)NO)s1,8.56,1
CHEMBL6149334,O=C(NO)c1ccc(CN2C(=O)CCc3cc(Cl)cnc32)c(F)c1,8.56,1
CHEMBL487107,O=C(CCCCCCC(=O)Nc1cccc(-c2cnnn2CC(O)c2cccc(Br)c2)c1)NO,8.55,1
CHEMBL3891420,O=C(NO)c1cnc(NC2(c3ccccc3)CCN(C(=O)Cc3c[nH]c4ccccc34)CC2)nc1,8.55,1
CHEMBL4076426,O=C(CS)NCCCCNc1c(Cl)cc(Cl)c2cccnc12,8.55,3
CHEMBL4067006,COc1cc(NC(=O)NOCCCCCC(=O)NO)c2nc(OC)cc(C)c2c1,8.55,1
CHEMBL4098833,O=C(NO)c1ccc(COc2cccc3cccnc23)cc1,8.55,1
CHEMBL4456371,COc1cccc(-c2nc(NCc3ccc(/C=C/C(=O)NO)cc3)cc3c2[nH]c2ccccc23)c1,8.55,1
CHEMBL4747455,O=C(NO)c1ccc(NC(=O)c2ccc(C3CC3)cc2)cc1,8.55,1
CHEMBL1088734,O=C(CCCCCCC(=O)Nc1cccc(-c2cn(-c3ccc(C(F)(F)F)cc3)nn2)c1)NO,8.54,1
CHEMBL4299370,CC[C@@H]1OC(=O)[C@@H](C)[C@H](O[C@H]2C[C@@](C)(OC)[C@](O)(CN(C)Cc3ccc(-c4cn(CCCCCCC(=O)NO)nn4)cc3)[C@H](C)O2)[C@H](C)[C@H](O[C@@H]2O[C@H](C)C[C@H](N(C)C)[C@H]2O)[C@@](C)(OC)C[C@H](C)C(=O)[C@@H](C)[C@@H](O)[C@@]1(C)O,8.54,1
CHEMBL3901374,CCON1CCC(Nc2ncc(C(=O)NO)cn2)(c2ccccc2)CC1,8.54,1
CHEMBL3944941,O=C(NO)c1cnc(NC2(c3cc(F)cc(F)c3)CCCCC2)nc1,8.54,2
CHEMBL4060602,O=C(CCCCCn1cc(-c2ncnc3[nH]ccc23)cn1)NO,8.54,1
CHEMBL4241141,O=C(CCCCCCn1cc(-c2ccc(Nc3c4ccccc4nc4ccccc34)cc2)nn1)NO,8.54,1
CHEMBL4859648,O=C(NO)c1ccc(CN2C(=O)CCc3cc(Cl)ccc32)cc1,8.54,1
CHEMBL5775626,O=C(NO)c1ccc2nc(-c3ccc(-c4ccccc4F)s3)[nH]c2c1,8.54,1
CHEMBL6102628,O=C(NO)c1ccc(CN2CCOc3cccnc32)c(F)c1,8.54,1
CHEMBL6161573,Cc1c(N)cccc1-c1cn(CCCCCCC(=O)NO)c2ccc(C#N)cc12,8.54,1
CHEMBL2018444,COc1cccc(CN2CCc3c(c4ccccc4n3Cc3ccc(C(=O)NO)cc3)C2)c1,8.53,1
CHEMBL3927240,CN1CCN(CCc2cn(CC3=CCC(C(=O)NO)C=C3)c3ccccc23)CC1,8.53,1
CHEMBL5572911,O=C(NO)c1ccc(CNC(=O)c2cc(-c3ccc(F)cc3)cn3ccnc23)cc1,8.53,1
CHEMBL511212,O=C(CCCCCCC(=O)Nc1nc(-c2ccccc2)cs1)NO,8.52,1
CHEMBL468935,Nc1cccc(-c2csc(NC(=O)CCCCCCC(=O)NO)n2)c1,8.52,1
CHEMBL2018445,COc1ccc(CN2CCc3c(c4ccccc4n3Cc3ccc(C(=O)NO)cc3)C2)cc1,8.52,1
CHEMBL2018305,CCN1CCc2c(c3ccccc3n2Cc2ccc(C(=O)NO)cc2)C1,8.52,1
CHEMBL3098604,Cc1cccc(NC(=O)[C@H](CCCCCC(=O)NO)NC(=O)[C@H]2CCC(=O)N2)c1,8.52,2
CHEMBL3353925,O=C1CC[C@H](C(=O)N[C@@H](CCCCCS)C(=O)Nc2ccccc2)N1,8.52,1
CHEMBL3356526,CN1C(=O)CCC[C@H]1C(=O)N[C@@H](CCCCCS)C(=O)Nc1ccccc1,8.52,1
CHEMBL3356919,O=C1CC[C@@H](C(=O)N[C@H](CCCCCS)C(=O)Nc2ccccc2)N1,8.52,1
CHEMBL3655952,CC(C)(Nc1ncc(C(=O)NO)cn1)c1cccc(F)c1,8.52,2
CHEMBL3655958,O=C(NO)c1cnc(NC2(c3ccc(F)cc3)CC2)nc1,8.52,2
CHEMBL3655972,O=C(NO)c1cnc(NC2(c3ccccc3)CCOCC2)nc1,8.52,2
CHEMBL3656005,O=C(NO)c1cnc(NC2(c3ccc(Cl)cc3)CC2)nc1,8.52,2
CHEMBL3656016,Cc1cc(C(F)(F)F)cc(C2(Nc3ncc(C(=O)NO)cn3)CC2)c1,8.52,2
CHEMBL3655999,O=C(NO)c1cnc(NC2(c3ccccc3)CCC2)nc1,8.52,2
CHEMBL3655970,Cc1ccc(C2(Nc3ncc(C(=O)NO)cn3)CC2)cc1,8.52,2
CHEMBL3656013,O=C(NO)c1cnc(NC2(c3ccc(F)cc3Cl)CC2)nc1,8.52,2
CHEMBL3656000,O=C(NO)c1cnc(NC2(c3ccc(F)c(Cl)c3)CC2)nc1,8.52,2
CHEMBL3656003,Cc1cccc(C2(Nc3ncc(C(=O)NO)cn3)CC2)c1,8.52,2
CHEMBL3656015,O=C(NO)c1cnc(NC2(c3cc(Cl)cc(Cl)c3)CC2)nc1,8.52,2
CHEMBL3639548,CC(C)(Nc1ncc(C(=O)NO)cn1)c1ccc(F)cc1,8.52,2
CHEMBL3655998,COc1cc(OC)cc(C2(Nc3ncc(C(=O)NO)cn3)CC2)c1,8.52,2
CHEMBL3655913,O=C(NO)c1cnc(Nc2cccc(-c3ccncc3)c2)nc1,8.52,2
CHEMBL3655965,O=C(NO)c1cnc(NC2(c3ccccc3)CCCC2)nc1,8.52,2
CHEMBL3656017,O=C(NO)c1cnc(NC2(c3ccc(F)cc3)CCCC2)nc1,8.52,2
CHEMBL3655947,CC(C)(Nc1ncc(C(=O)NO)cn1)c1ccc(F)cc1F,8.52,2
CHEMBL3655935,Cc1cc(Cl)ccc1CNc1ncc(C(=O)NO)cn1,8.52,2
CHEMBL3652242,O=C(NO)c1cnc(Nc2cccc(C(F)(F)F)c2)nc1,8.52,2
CHEMBL3655960,CC(C)(Nc1ncc(C(=O)NO)cn1)c1ccc(Cl)cc1F,8.52,2
CHEMBL3656020,O=C(NO)c1cnc(NC2(c3cccc(F)c3)CCCC2)nc1,8.52,2
CHEMBL3675765,O=C(CCCCCCN(c1ccccn1)c1cc(OCc2ccccc2)ccn1)NO,8.52,1
CHEMBL3655966,O=C(NO)c1cnc(NC(c2ccc(F)cc2)c2ccc(F)cc2)nc1,8.52,2
CHEMBL3652243,COc1cc(Nc2ncc(C(=O)NO)cn2)cc(OC)c1,8.52,2
CHEMBL3656002,COc1ccccc1C1(Nc2ncc(C(=O)NO)cn2)CC1,8.52,2
CHEMBL3655992,O=C(NO)c1cnc(NC2(c3ccc(F)cc3F)CC2)nc1,8.52,2
CHEMBL4080014,Cc1nc2ccccc2n1Cc1ccc(C(=O)NO)cc1F,8.52,5
CHEMBL4283921,CC(=O)Nc1ccc(-c2ccnc(Nc3ccc(OCCCCCCC(=O)NO)cc3)n2)cc1.Cl,8.52,1
CHEMBL4583074,C[C@H](Nc1nc(N)nc(N)c1C#N)c1nc2cccc(CNc3ncc(C(=O)NO)cn3)c2c(=O)n1-c1ccccc1,8.52,1
CHEMBL4456827,CC[C@H](Nc1ncnc(N)c1Cl)c1nc2cccc(NCc3ccc(C(=O)NO)cn3)c2c(=O)n1-c1ccccc1,8.52,1
CHEMBL4456695,O=C(NO)c1ccc(Cn2nnc(-c3ccccc3)n2)cc1,8.52,1
CHEMBL4568509,Nc1ccc(-c2nnn(Cc3c(F)cc(C(=O)NO)cc3F)n2)cc1,8.52,1
CHEMBL4458053,O=C(NO)c1cc(F)c(Cn2nnc(-c3ccco3)n2)c(F)c1,8.52,1
CHEMBL4797268,O=C(NO)c1cnc(C2(c3ccccc3)CCC(F)(F)CC2)nc1,8.52,1
CHEMBL5076402,Nc1nc(NCc2ccc(C(=O)NO)cc2)nc2nc(-c3ccco3)nn12,8.52,1
CHEMBL5185889,O=C(NO)c1ccc(Cn2sc3ccccc3c2=O)cc1,8.52,1
CHEMBL5431660,O=C(NO)c1ccc(CN2CCc3cccnc32)c(F)c1,8.52,1
CHEMBL5559821,COc1ccccc1/C=C1\CC(=O)N(CCCCCCC(=O)NO)C1=O,8.52,1
CHEMBL5572465,Cc1ccccc1/C=C/C(=O)Nc1ccc(C(=O)NS(=O)(=O)c2ccc(NCCCCCCC(=O)NO)c([N+](=O)[O-])c2)c(Oc2ccccc2)c1,8.52,1
CHEMBL5595677,CN1C(=O)CNC(=O)/C1=C/c1ccc(C(=O)NCCCCCCC(=O)NO)cc1,8.52,1
CHEMBL5633941,Nc1nc(Cl)c2ccn(Cc3ccc(C(=O)NO)cc3F)c2n1,8.52,1
CHEMBL5865587,COc1ccc(-c2ccc(-c3nc4cc(C(=O)NO)ccc4o3)cc2)cn1,8.52,1
CHEMBL5865589,FC(F)(F)c1nc(-c2ccc(CNc3ccc4ccncc4c3)nc2)no1,8.52,1
CHEMBL5809386,O=c1cc(-c2nnc(C(F)F)o2)ccn1CCOc1cc(F)cc(F)c1,8.52,1
CHEMBL519746,O=C(CCCCCCC(=O)Nc1ccc(-c2cnnn2Cc2ccccc2)cc1)NO,8.51,1
CHEMBL483693,O=C(CCCCCCC(=O)Nc1cccc(-c2cn(Cc3ccccc3)nn2)c1)NO,8.51,1
CHEMBL1094709,O=C(CCCCCCC(=O)Nc1cccc(-n2cc(-c3ccccc3)nn2)c1)NO,8.51,1
CHEMBL2018299,COc1ccc2c(c1)c1c(n2Cc2ccc(C(=O)NO)cc2)CCN(C)C1,8.51,1
CHEMBL4292408,CN1CCN(c2ccc(Nc3nccc(-c4ccc(NC(=O)CCCCCCC(=O)NO)cc4)n3)cc2)CC1,8.51,1
CHEMBL4461441,COc1cc(-c2nc(NCc3cccc(/C=C/C(=O)NO)c3)cc3c2[nH]c2ccccc23)cc(OC)c1OC,8.51,1
CHEMBL5589847,COc1ccc([C@H]2N[C@H](C(=O)NCc3ccc(C(=O)NO)cc3)Cc3c2[nH]c2ccccc32)cc1OC,8.51,1
CHEMBL5877661,O=C(NO)c1ccc2nc(-c3ccc(-c4ccccc4)s3)[nH]c2c1,8.51,1
CHEMBL3930620,O=C(CCCCCCn1cc(-c2ccc3ncnc(Nc4cccc(Cl)c4F)c3c2)nn1)NO,8.49,1
CHEMBL4079874,O=C(NO)c1ccc(CNc2ccc3cccnc3c2)cc1,8.49,1
CHEMBL4292205,CCCCN1CC(=O)N2Cc3c(c4ccccc4n3Cc3ccc(C(=O)NO)cc3)CC2C1=O,8.49,1
CHEMBL4438404,O=C(NC(CCCCCSSCCO)C(=O)Nc1cccc2cccnc12)OCc1ccccc1,8.49,1
CHEMBL5080901,Nc1nc(NCCOc2ccc(C(=O)NO)cc2)nc2nc(-c3ccco3)nn12,8.49,1
CHEMBL5436188,O=C(NO)c1ccc(CN2CCc3cccnc32)cc1,8.49,1
CHEMBL5572953,Cc1ccc(-c2cc(C(=O)NCc3ccc(C(=O)NO)cc3)c3nccn3c2)cc1,8.49,1
CHEMBL5594197,O=C(NO)c1ccc(CNC(=O)[C@@H]2Cc3c([nH]c4ccccc34)[C@@H](C3CC3)N2)cc1,8.49,1
CHEMBL488747,O=C(CCCCCCC(=O)Nc1cccc(-c2cnnn2Cc2ccccc2)c1)NO,8.48,1
CHEMBL1094707,O=C(CCCCCCC(=O)Nc1cccc(-c2cn(C3CCCCC3)nn2)c1)NO,8.48,1
CHEMBL2048749,COc1ccc(S(=O)(=O)n2ccc3cc(/C=C/C(=O)NO)ccc32)cc1,8.48,1
CHEMBL1630208,Nc1cccc(-c2csc(NC(=O)CCCCCC(=O)NO)n2)c1,8.48,1
CHEMBL5434895,O=C(CCCCCCNC(=O)c1ccc(NC(=O)CNC(=O)CC2c3ccccc3-c3ccccc32)cc1)NO,8.48,1
CHEMBL484073,O=C(/C=C/c1ccc2cccnc2c1)NCCCCCC(=O)NO,8.47,1
CHEMBL3339031,O=C(CCCCCCC(=O)Nc1cc2c(Nc3ccc(N4CCCCC4)c(F)c3)ncnc2s1)NO,8.47,1
CHEMBL3935992,O=C(NO)c1cnc(NC2(c3ccccc3)CCC(F)(F)CC2)nc1,8.47,6
CHEMBL4085971,O=C(NO)c1ccc(CNc2cccc3ccncc23)cc1,8.47,1
CHEMBL4251261,O=C(CCCCCn1cc(-c2cccc(Nc3c4ccccc4nc4ccccc34)c2)nn1)NO,8.47,1
CHEMBL4777392,Cn1cc(-c2ccccc2Oc2ccccc2)c2cc(C(=O)NCCCCCC(=O)NO)[nH]c2c1=O,8.47,1
CHEMBL5188540,O=C(NO)c1ccc(CNC(=O)N2CCC(N3CC(c4ccccc4)(c4ccccc4)C3=O)CC2)cc1,8.47,1
CHEMBL5181688,COc1cc(OC)cc(N(CCNC(C)C)c2ccc3ncc(-c4cnn(CCOc5ccc(C(=O)NO)cc5)c4)nc3c2)c1,8.47,1
CHEMBL5954175,O=c1[nH]c2ccccc2n(Cc2ccc(-c3noc(C(F)(F)F)n3)cn2)c1=O,8.47,1
CHEMBL490018,CC(/C=C/c1ccccc1)=C\C(=O)NCCCCCC(=O)NO,8.46,1
CHEMBL487742,O=C(CCCCCCC(=O)Nc1ccc(-c2cnnn2-c2ccccc2)cc1)NO,8.46,1
CHEMBL1631917,COc1cc2cc(c1)COc1ccccc1NC(=O)[C@H](CCCCCC(=O)NO)OCCC2,8.46,1
CHEMBL3339028,CCN(CC)c1ccc(Nc2ncnc3sc(NC(=O)CCCCCCC(=O)NO)cc23)cc1F,8.46,1
CHEMBL4113837,O=C(NO)c1ccc(-c2c[nH]c3cncnc23)cc1,8.46,1
CHEMBL3909186,O=C(NO)c1ccc(Cn2cnc3cncnc32)cc1,8.46,1
CHEMBL4280050,CC(=O)Nc1ccc(-c2nc(Nc3ccc(OCCCCCC(=O)NO)cc3)ncc2C)cc1,8.46,1
CHEMBL4532304,O=C(CCCCCN1C(=O)c2cccc3c(NCc4ccccc4)ccc(c23)C1=O)NO,8.46,1
CHEMBL5846082,COc1c(C)cc(-c2nc3cc(C(=O)NO)ccc3n2C)cc1C,8.46,2
CHEMBL4101436,O=C(NO)c1ccc(CNc2cccc3cn[nH]c23)cc1,8.45,1
CHEMBL5631946,COc1ccc([C@@H]2N[C@@H](C(=O)NCc3ccc(C(=O)NO)cc3)Cc3c2[nH]c2ccccc32)cc1OC,8.45,1
CHEMBL4299435,CC[C@H]1OC(=O)[C@H](C)[C@@H](O[C@@H]2C[C@](C)(OC)[C@H](O)[C@@H](C)O2)[C@@H](C)[C@@H](O[C@H]2O[C@@H](C)C[C@@H](N(C)Cc3ccc(-c4cn(CCCCCC(=O)NO)nn4)cc3)[C@@H]2O)[C@](C)(OC)C[C@@H](C)C(=O)[C@H](C)[C@H](O)[C@]1(C)O,8.44,1
CHEMBL5414056,O=C(CCCCCCNC(=O)c1ncc(-c2ccc(F)cc2)o1)NO,8.44,1
CHEMBL5410523,O=C(CCCCCCNC(=O)c1ncc(-c2cccc(Cl)c2)s1)NO,8.44,1
CHEMBL5575487,Cc1cccc(-c2cc(C(=O)NCc3ccc(C(=O)NO)cc3)c3nccn3c2)c1,8.44,1
CHEMBL5810947,O=C(NO)c1ccc2nc(-c3ccc(-c4ccc(CN5CCCC5)cc4)cc3)[nH]c2c1,8.44,1
CHEMBL6018203,Cn1c(-c2ccc(-c3ccccc3)cc2)nc2cc(C(=O)NO)ccc21,8.44,2
CHEMBL387924,O=C(CCCCCCC(=O)Nc1nc(-c2cccc([N+](=O)[O-])c2)cs1)NO,8.43,1
CHEMBL3736314,CC[C@H]1OC(=O)[C@H](C)C(=O)[C@H](C)[C@@H](O[C@@H]2O[C@H](C)C[C@H](N(C)Cc3cccc(-c4cn(CCCCCCC(=O)NO)nn4)c3)[C@H]2O)[C@@](C)(OC)C[C@@H](C)C2=NCCN3C(=O)O[C@@]1(C)[C@H]3[C@H]2C,8.43,1
CHEMBL3916028,O=C(NO)c1cnc(NC2(c3ccccc3)CCN(C(=O)Nc3c(F)cccc3F)CC2)nc1,8.43,1
CHEMBL4281785,Cc1cnc(Nc2ccc(N3CCOCC3)cc2)nc1-c1ccc(NC(=O)CCCCCCC(=O)NO)cc1,8.43,1
CHEMBL4280893,CCCN1CC(=O)N2Cc3c(c4ccccc4n3Cc3ccc(C(=O)NO)cc3)CC2C1=O,8.43,2
CHEMBL4531108,O=C(NO)c1ccc(Cn2c3c(c4cc(F)ccc42)CS(=O)(=O)CC3)cc1,8.43,1
CHEMBL5171183,O=C(CCCCCCn1cc(C(=O)Nc2ccc(Cl)cc2Cl)c2ccccc21)NO,8.43,1
CHEMBL5432886,O=C(CCCCCCNC(=O)c1ncc(-c2ccccc2)s1)NO,8.43,1
CHEMBL5632432,COc1ccc([C@H]2N[C@H](C(=O)NCc3ccc(C(=O)NO)cc3)Cc3c2[nH]c2ccccc32)cc1,8.43,1
CHEMBL6166528,O=C(CCCCCCC(=O)Nc1ccc(CN[C@@H]2C[C@H]2c2ccccc2)cc1)NO,8.43,1
CHEMBL487106,O=C(CCCCCCC(=O)Nc1cccc(-c2cnnn2Cc2ccc(F)cc2)c1)NO,8.42,1
CHEMBL3601333,Cc1ccc(Nc2nccc3ccc(NC(=O)CCCCCCC(=O)NO)cc23)cc1,8.42,1
CHEMBL3621292,O=C(CCCCCNC(=O)Cn1cnc2c(Nc3ccccc3)nc(Nc3ccccc3)nc21)NO,8.42,1
CHEMBL4284297,CC(C)CN1CC(=O)N2Cc3c(c4ccccc4n3Cc3ccc(C(=O)NO)cc3)CC2C1=O,8.42,1
CHEMBL5395752,COc1ccc(-c2cnc(C(=O)NCCCCCCC(=O)NO)s2)cc1,8.42,1
CHEMBL5630869,COc1cc(-c2nc(C(=O)NCc3ccc(C(=O)NO)cc3)cc3c2[nH]c2ccccc23)cc(OC)c1OC,8.42,1
CHEMBL5752483,COCc1cc(=O)n(Cc2ccc(-c3noc(C(F)(F)F)n3)cn2)c2ccccc12,8.42,1
CHEMBL1076939,COc1cc(-n2cc(-c3cccc(NC(=O)CCCCCCC(=O)NO)c3)nn2)ccc1F,8.41,1
CHEMBL1631918,COc1cc2cc(c1)COc1ccccc1NC(=O)[C@@H](CCCCCC(=O)NO)OCCC2,8.41,1
CHEMBL3903253,O=C(NO)c1cnc(NC2(c3cccc(F)c3)CCC3(CC2)OCCO3)nc1,8.41,2
CHEMBL4218266,COc1ccc(C(=O)c2ccc3c(ccn3Cc3ccc(C(=O)NO)cc3)c2)cc1,8.41,1
CHEMBL4846560,Nc1nc2cc(-c3nn(CCCCCCC(=O)NO)c4ncnc(N)c34)ccc2o1,8.41,2
CHEMBL5879893,Cc1noc([C@@H]2CCC(=O)N2c2cc(F)c(-c3noc(C(F)(F)F)n3)cc2F)n1,8.41,1
CHEMBL5943632,O=C1CCc2cc(F)ccc2N1Cc1ccc(-c2noc(C(F)(F)F)n2)cn1,8.41,1
CHEMBL5804104,CCCS(=O)(=O)N(Cc1ncc(-c2nnc(C(F)F)o2)s1)c1cncc(Cl)c1,8.41,1
CHEMBL6144652,O=C(NO)c1ccc(CN2CCCCc3cccnc32)c(F)c1,8.41,1
CHEMBL469275,CC(C)(C)OC(=O)Nc1cccc(-c2cc(C(=O)NCCCCC(=O)NO)no2)c1,8.4,1
CHEMBL356769,O=C(CCCCCCC(=O)Nc1ccc([C@H]2O[C@@H](CSc3nc(-c4ccccc4)c(-c4ccccc4)o3)C[C@@H](c3ccc(CO)cc3)O2)cc1)NO,8.4,26
CHEMBL2333340,O=C(NO)c1ccc(C(=O)NCCc2ccccc2)cc1,8.4,1
CHEMBL3098606,Cc1ccc(NC(=O)[C@H](CCCCCC(=O)NO)NC(=O)[C@H]2CCC(=O)N2)cc1,8.4,1
CHEMBL3098694,O=C(CCCCC[C@H](NC(=O)C1C(=O)NCC1c1ccccc1)C(=O)Nc1ccccc1)NO,8.4,1
CHEMBL3098693,O=C(CCCCC[C@H](NC(=O)C1CCNC1=O)C(=O)Nc1ccccc1)NO,8.4,1
CHEMBL3356925,O=C1NC[C@@H](c2ccccc2)[C@@H]1C(=O)N[C@@H](CCCCCS)C(=O)Nc1ccccc1,8.4,1
CHEMBL3356927,O=C1NC[C@H](c2ccccc2)[C@@H]1C(=O)N[C@@H](CCCCCS)C(=O)Nc1ccccc1,8.4,1
CHEMBL3655930,O=C(NO)c1cnc(NCc2ccccc2OC(F)(F)F)nc1,8.4,2
CHEMBL3656006,O=C(NO)c1cnc(NC2(c3ccc(C(F)(F)F)c(F)c3)CC2)nc1,8.4,2
CHEMBL3655976,O=C(NO)c1cnc(NC2(c3ccco3)CC2)nc1,8.4,2
CHEMBL3655928,COc1ccccc1CNc1ncc(C(=O)NO)cn1,8.4,2
CHEMBL3655975,O=C(NO)c1cnc(NC2(c3cccs3)CC2)nc1,8.4,2
CHEMBL3655911,O=C(NO)c1cnc(Nc2cccc(-c3ccccc3)c2)nc1,8.4,2
CHEMBL3655954,O=C(NO)c1cnc(NCc2cnccn2)nc1,8.4,2
CHEMBL3655982,O=C(NO)c1cnc(NCc2cccs2)nc1,8.4,2
CHEMBL3655989,COc1cccc(C2(Nc3ncc(C(=O)NO)cn3)CC2)c1,8.4,2
CHEMBL3656012,O=C(NO)c1cnc(NC2(c3cccc(F)c3F)CC2)nc1,8.4,2
CHEMBL3655922,O=C(NO)c1cnc(NCCc2ccccc2Cl)nc1,8.4,2
CHEMBL3655962,CC(Nc1ncc(C(=O)NO)cn1)c1ccncc1,8.4,2
CHEMBL3656001,O=C(NO)c1cnc(NC2(c3cc(F)cc(F)c3)CC2)nc1,8.4,2
CHEMBL3656018,O=C(NO)c1cnc(NC2(c3cccc(F)c3)CCOCC2)nc1,8.4,2
CHEMBL3655983,O=C(NO)c1cnc(NCc2cccnc2)nc1,8.4,2
CHEMBL3655955,Cc1cc(C(C)(C)Nc2ncc(C(=O)NO)cn2)ccc1F,8.4,2
CHEMBL3655933,CC(C)(Nc1ncc(C(=O)NO)cn1)c1ccccc1,8.4,2
CHEMBL3655924,O=C(NO)c1cnc(NCCc2ccccc2)nc1,8.4,2
CHEMBL3652239,Cc1cc(C)cc(Nc2ncc(C(=O)NO)cn2)c1,8.4,2
CHEMBL3655953,CC(C)(Nc1ncc(C(=O)NO)cn1)c1ccc(F)c(F)c1,8.4,2
CHEMBL3656008,COc1ccc(Cl)cc1C1(Nc2ncc(C(=O)NO)cn2)CC1,8.4,2
CHEMBL3655925,O=C(NO)c1cnc(NCCc2cccc(Cl)c2)nc1,8.4,2
CHEMBL3656010,O=C(NO)c1cnc(NC2(c3ccc(Cl)c(Cl)c3)CC2)nc1,8.4,2
CHEMBL3656021,COc1ccc(C2(Nc3ncc(C(=O)NO)cn3)CCCC2)cc1,8.4,2
CHEMBL3655986,O=C(NO)c1cnc(NC2(Cc3ccccc3)CC2)nc1,8.4,2
CHEMBL3655926,O=C(NO)c1cnc(NCCc2c[nH]c3ccccc23)nc1,8.4,2
CHEMBL3892427,CCON1CCC(Nc2ncc(C(=O)NO)cn2)(C(C)C)CC1,8.4,1
CHEMBL4129402,O=C(NO)c1ccc2c(c1)CN(c1nc3ccccc3[nH]1)CC2,8.4,1
CHEMBL4160632,O=C(CCCCCN1C(=O)c2cccc3c(N4CCOCC4)ccc(c23)C1=O)NO,8.4,3
CHEMBL4550214,O=C(NO)c1ccc(Cn2c(=O)n(CCc3ccccc3)c(=O)c3ccccc32)cc1,8.4,4
CHEMBL4464812,CC[C@H](Nc1nc(N)nc(N)c1C#N)c1nc2cccc(NCc3ccc(C(=O)NO)cc3)c2c(=O)n1-c1ccccc1,8.4,1
CHEMBL4459679,CC[C@H](Nc1cc(C)nc(N)n1)c1nc2cccc(NCc3ccc(C(=O)NO)cc3)c2c(=O)n1-c1ccccc1,8.4,1
CHEMBL4578757,CC[C@H](Nc1ncnc(N)c1C#N)c1nc2cccc(NCc3ccc(C(=O)NO)cc3)c2c(=O)n1-c1ccccc1,8.4,1
CHEMBL4467927,CC[C@H](Nc1ncnc(N)c1Cl)c1nc2cccc(NCc3ccc(C(=O)NO)cc3)c2c(=O)n1-c1ccccc1,8.4,1
CHEMBL4440425,O=C(NO)c1ccc(Cc2nnc(-c3ccccc3)o2)cc1,8.4,1
CHEMBL4589682,NCc1ccc(-c2nnn(Cc3c(F)cc(C(=O)NO)cc3F)n2)cc1,8.4,1
CHEMBL4515782,O=C(NO)c1cc(F)c(Cc2nnc(-c3ccncc3)s2)c(F)c1,8.4,1
CHEMBL4800001,Cn1cc(-c2ccccc2Oc2ccccc2)c2cc(C(=O)NCCCCC(=O)NO)[nH]c2c1=O,8.4,1
CHEMBL5193020,O=C(CCCCC/C=C\c1csc(Br)n1)NO,8.4,1
CHEMBL5440297,FC(F)c1nnc(-c2cnc(NC3(c4ccccc4)CCC(F)(F)CC3)nc2)o1,8.4,1
CHEMBL5435916,COc1cccc(CNC(=O)c2csc(-c3nnn(Cc4ccc(-c5nnc(C(F)F)o5)cc4)n3)c2)c1,8.4,2
CHEMBL5436104,O=C(NCC12C[C@H]3C[C@@H](C1)C[C@@H](C2)C3)c1ccc2c(ccn2Cc2ccc(C(=O)NO)c(F)c2)c1,8.4,1
CHEMBL5559175,Cc1c2c(n(Cc3ccc(C(=O)NO)cc3)c1C)CCCC2=O,8.4,1
CHEMBL5634044,Nc1nc(Cl)c2ncn(Cc3ccc(C(=O)NO)cc3F)c2n1,8.4,1
CHEMBL5632852,O=C(NO)c1ccc(Cn2cnc3c(Cl)ncnc32)cc1,8.4,1
CHEMBL5858930,O=C(NO)c1ccc2oc(-c3ccc(Br)cc3)nc2c1,8.4,1
CHEMBL5830323,O=C(NO)c1ccc2oc(NCc3ccc(-c4ccccc4)cc3)nc2c1,8.4,1
CHEMBL5770543,O=C(NO)c1ccc2sc(COCc3ccccc3)nc2c1,8.4,1
CHEMBL5849561,O=C(NO)c1ccc2cc(-c3cccc(O)c3)oc2c1,8.4,1
CHEMBL5945074,COc1cccc(-c2cc3ccc(C(=O)NO)cc3o2)c1,8.4,2
CHEMBL5822037,Cn1c(=O)c2ccc(Cl)cc2n(Cc2ccc(C(=O)NO)cc2)c1=O,8.4,1
CHEMBL6133532,N#CCCN(C(=O)CCl)c1ccc2c(c1)OCCN2CC(=O)NCCCCCCCC(=O)Nc1ccc(C(=O)NCCCCCCC(=O)NO)cc1.O=C(O)C(F)(F)F,8.4,1
CHEMBL6141853,O=C(CCCCCCn1c2cc3c(cc2c2ncc4ccccc4c21)OCO3)NO,8.4,1
CHEMBL2018449,NC(=O)CCCN1CCc2c(c3ccccc3n2Cc2ccc(C(=O)NO)cc2)C1,8.39,1
CHEMBL3233755,CC(C)c1cc(C(=O)N2CCc3onc(C(=O)NCCCCCCC(=O)NO)c3C2)c(O)cc1O,8.39,1
CHEMBL3929484,O=C(CCCCCn1cc(-c2ccc3ncnc(Nc4cccc(Cl)c4F)c3c2)nn1)NO,8.39,1
CHEMBL5434546,COc1ccc(-c2cc(-c3ccn(Cc4ccc(C(=O)NO)cc4)n3)ccn2)cc1,8.39,1
CHEMBL1162969,CN(c1ccccc1)S(=O)(=O)c1cccc(/C=C/C(=O)NO)c1,8.39,1
CHEMBL5796974,CN(Cc1ccc(/C=C/C(=O)NO)cc1)CC12CC3CC(CC(C3)C1)C2,8.39,3
CHEMBL5773787,O=C(NO)c1ccc2nc(-c3ccc(-c4cccc(CN5CCCCC5)c4)cc3)[nH]c2c1,8.39,1
CHEMBL5754017,O=C1CC[C@@H](c2nc3ccccc3[nH]2)N1c1ccc(-c2noc(C(F)(F)F)n2)cc1F,8.39,1
CHEMBL487943,O=C(CCCCCCC(=O)Nc1ccc(-c2cnnn2CC(O)c2cccc(Br)c2)cc1)NO,8.38,1
CHEMBL4749655,O=C(CCCCCCn1cnc2c(N3CCOCC3)nc(-c3cccc(CO)c3)nc21)NO,8.38,2
CHEMBL5192159,Nc1ncc(-c2cn(Cc3ccc(C(=O)NO)cc3)c(=O)c(N3CCCCC3)n2)cn1,8.38,1
CHEMBL5201448,CN1CCN(c2nc(-c3cnc(N)nc3)cn(Cc3ccc(C(=O)NO)cc3)c2=O)CC1,8.38,1
CHEMBL5179295,CC(C)N(Cc1ccc(C(=O)NO)cc1)S(=O)(=O)c1c(F)c(F)c(F)c(F)c1F,8.38,2
CHEMBL5568060,C[C@@H](COCCC(=O)N1CCN(c2ncc(-c3cnn(CCCCCCC(=O)NO)c3)cn2)CC1)Nc1cn[nH]c(=O)c1C(F)(F)F,8.38,1
CHEMBL5973578,O=C1CCc2ccc(F)cc2N1Cc1ccc(-c2noc(C(F)(F)F)n2)cn1,8.38,1
CHEMBL5861824,NC(=O)c1cccc(NCc2ccc(-c3noc(C(F)(F)F)n3)cn2)c1,8.38,1
CHEMBL6034607,O=S(=O)(C1CC1)N(Cc1ncc(-c2nnc(C(F)F)o2)s1)c1cccc(Cl)c1,8.38,1
CHEMBL6160402,O=C(NO)c1ccc(CN2CCCc3cc(Cl)cnc32)c(F)c1,8.38,1
CHEMBL1094710,O=C(CCCCCCC(=O)Nc1cccc(-n2cc(C3CCCCC3)nn2)c1)NO,8.37,1
CHEMBL3098695,O=C(CCCCC[C@H](NC(=O)[C@@H]1CC(=O)N1)C(=O)Nc1ccccc1)NO,8.37,2
CHEMBL3098691,O=C(CCCCC[C@H](NC(=O)[C@@H]1CCC(=O)N1)C(=O)Nc1ccccc1)NO,8.37,2
CHEMBL4073165,O=C(NO)c1ccc(CNc2ccc3ccccc3n2)cc1,8.37,1
CHEMBL4863294,O=C(CCCCCCn1cc(-c2ccc3ncnc(Nc4ccc(Br)cc4F)c3c2)nn1)NO,8.37,1
CHEMBL5178922,O=C(CCCCCCN1CC(c2ccc3ncnc(Nc4ccc(Br)cc4F)c3c2)N=N1)NO,8.37,1
CHEMBL5201054,O=C(CCCCn1cc(-c2ccc3ncnc(Nc4ccccc4F)c3c2)nn1)NO,8.37,1
CHEMBL5280359,O=C(CCCCCn1cc(-c2ccc3ncnc(Nc4ccc(Br)cc4F)c3c2)nn1)NO,8.37,1
CHEMBL483495,O=C(CCCCCCC(=O)Nc1ccc(-c2cn(CC(O)c3cccc(Br)c3)nn2)cc1)NO,8.36,1
CHEMBL4445862,Cc1ccc(CN2C(=O)N(c3ccc(Cl)cc3)C(=O)C2CCC(=O)Nc2ccc(C(=O)NO)cc2)cc1,8.36,1
CHEMBL4778689,O=C(CCCCCCC(=O)Nc1cnc(N(c2ccccc2)c2ccccc2)nc1)NO,8.36,1
CHEMBL4855319,CC(C)S(=O)(=O)c1ccccc1Nc1nc(Nc2ccc(NC(=O)CCCCCCC(=O)NO)cc2)ncc1Cl,8.36,1
CHEMBL5406583,Cc1ccc(-c2cnc(C(=O)NCCCCCCC(=O)NO)o2)cc1,8.36,1
CHEMBL5634010,O=C(NO)c1ccc(CNC(=O)[C@H]2Cc3c([nH]c4ccccc34)[C@H](C3CC3)N2)cc1,8.36,1
CHEMBL5765908,NC(=O)c1ncccc1NCc1ccc(-c2noc(C(F)(F)F)n2)cn1,8.36,1
CHEMBL5848006,CCS(=O)(=O)N(Cc1ncc(-c2nnc(C(F)F)o2)s1)c1cccc(Cl)c1,8.36,1
CHEMBL3967312,Cc1ccccc1S(=O)(=O)N1CCC(Nc2ncc(C(=O)NO)cn2)(c2ccccc2)CC1,8.35,1
CHEMBL3938587,Cc1ccc(S(=O)(=O)N2CCC(Nc3ncc(C(=O)NO)cn3)(c3ccccc3)CC2)cc1,8.35,1
CHEMBL4453484,COc1cccc(-c2nc(NCc3cccc(/C=C/C(=O)NO)c3)cc3c2[nH]c2ccccc23)c1,8.35,1
CHEMBL5180796,O=C(NO)c1ccc(Cn2cc(-c3cccc4[nH]ncc34)nc(N3CCOCC3)c2=O)cc1,8.35,1
CHEMBL5433552,Cc1cnc(Nc2ccc(OCCCCCCC(=O)NO)cc2)nc1Nc1cccc(S(=O)(=O)NC(C)(C)C)c1,8.35,1
CHEMBL5560793,CN1CCN(CC2CCc3c(c4cc(F)ccc4n3Cc3ccc(C(=O)NO)cc3)C2=O)CC1,8.35,2
CHEMBL5881079,O=c1ccc2ccccc2n1Cc1ccc(-c2noc(C(F)(F)F)n2)cn1,8.35,1
CHEMBL3947383,O=C(NO)c1cnc(NC2(c3ccccc3)CCN(S(=O)(=O)c3ccccc3)CC2)nc1,8.34,1
CHEMBL4284388,CC(=O)Nc1ccc(-c2ccnc(Nc3cccc(NC(=O)CCCCC(=O)NO)c3)n2)cc1.O=C(O)C(F)(F)F,8.34,1
CHEMBL4279707,CCN1C(=O)C2Cc3c(n(Cc4ccc(C(=O)NO)cc4)c4ccccc34)CN2C1=O,8.34,1
CHEMBL4568168,COc1ccc(/C=C/C(=O)c2cc(OC)c(OC)c(OC)c2)cc1OCCCCCCC(=O)NO,8.34,1
CHEMBL4785064,Nc1ccc(-c2nc(N3CCOCC3)c3ncn(CCCCCCC(=O)NO)c3n2)cn1,8.34,1
CHEMBL4862510,NC(=O)c1ccc2c(c1)N(Cc1ccc(C(=O)NO)cc1)c1ccccc1S2,8.34,1
CHEMBL4856920,N#Cc1ccc2c(c1)CCCCN2Cc1ccc(C(=O)NO)cc1,8.34,1
CHEMBL5274088,O=C(NO)c1ccc(Cn2cnc(-c3cccc(C(F)(F)F)c3)n2)cc1,8.34,1
CHEMBL5593519,O=C(NO)c1ccc(CNC(=O)[C@@H]2Cc3c([nH]c4ccccc34)[C@@H](C3CCCC3)N2)cc1,8.34,1
CHEMBL6151525,O=C1CCC(N2C(=O)c3cccc(NCCOCCn4cc(CN(Cc5ccc(C(=O)NO)cc5)Cc5cccnc5)nn4)c3C2=O)C(=O)N1,8.34,1
CHEMBL6174054,O=C(NO)c1ccc(CN2CN(c3ccccc3)C3(CCN(Cc4cccnc4)CC3)C2=O)c(F)c1,8.34,1
CHEMBL99,CC(/C=C/C(=O)NO)=C\[C@@H](C)C(=O)c1ccc(N(C)C)cc1,8.33,93
CHEMBL4299447,CC[C@@H]1OC(=O)[C@@H](C)[C@H](O[C@H]2C[C@@](C)(OC)[C@@H](O)[C@H](C)O2)[C@@H](C)[C@H](O[C@H]2O[C@@H](C)C[C@@H](N(C)C)[C@@H]2O)[C@](C)(O)C[C@H](C)CN(Cc2ccc(-c3cn(CCCCCCC(=O)NO)nn3)cc2)[C@H](C)[C@H](O)[C@@]1(C)O,8.33,1
CHEMBL4076931,O=C(/C=C/c1ccc(CCNC(=O)c2ccc3[nH]cnc3c2)cc1)NO,8.33,1
CHEMBL4798212,Cn1cc(-c2ccccc2Oc2ccccc2)c2cc(C(=O)NCCCCCCC(=O)NO)[nH]c2c1=O,8.33,1
CHEMBL5171482,O=C(CCCCCCn1c(C(=O)NC2C3CC4CC(C3)CC2C4)cc2ccc(Br)cc21)NO,8.33,1
CHEMBL5428795,O=C(NO)c1ccc(CNc2cccc3ccc(F)nc23)cc1,8.33,1
CHEMBL5639390,Cn1c([C@@H](Cc2ccccc2)NCc2ccccc2)nc2cc(C(=O)NO)ccc21,8.33,1
CHEMBL5897397,COc1ccc(-c2ccc(-c3nc4ccc(C(=O)NO)cc4[nH]3)o2)cc1OC,8.33,1
CHEMBL5758351,O=C1CC[C@@H](c2nc3ccccc3o2)N1c1ccc(-c2noc(C(F)(F)F)n2)cc1F,8.33,1
CHEMBL5888492,O=C(NC1CC1)c1ccccc1NCc1ccc(-c2noc(C(F)(F)F)n2)cn1,8.33,1
CHEMBL487533,O=C(CCCCCCC(=O)Nc1ccc(-c2cn(Cc3ccccc3)nn2)cc1)NO,8.32,1
CHEMBL4068310,O=C(NO)c1ccc(CNc2ccc3ncccc3c2)cc1,8.32,1
CHEMBL4475116,CCCNc1ccc2c3c(cccc13)C(=O)N(CCCCCC(=O)NO)C2=O,8.32,2
CHEMBL4858289,O=C(NO)c1ccc(CN2C(=O)C(Cc3ccccc3)N(Cc3ccccn3)C2=O)cc1,8.32,1
CHEMBL5420639,COc1cc(NCc2ccc(C(=O)NO)cc2)c2ncccc2c1,8.32,1
CHEMBL5571945,Nc1ncnc2c1ncn2Cc1ccc(-c2cn(CCCCCCC(=O)NO)nn2)cc1,8.32,1
CHEMBL5619579,O=C(NO)c1ccc(CNc2cccc3cc(-c4cccnc4)cnc23)cc1,8.32,1
CHEMBL6015265,FC(F)(F)c1nc(-c2ccc(CNc3cccc(-c4cnco4)c3)nc2)no1,8.32,1
CHEMBL6160806,O=C1CCC(N2C(=O)c3cccc(NCCCCN(Cc4ccc(C(=O)NO)cc4)Cc4cccnc4)c3C2=O)C(=O)N1,8.32,1
CHEMBL6171267,O=C1CCC(N2C(=O)c3cccc(NCCN(Cc4ccc(C(=O)NO)cc4)Cc4cccnc4)c3C2=O)C(=O)N1,8.32,1
CHEMBL2018296,Cc1ccc2c(c1)c1c(n2Cc2ccc(C(=O)NO)cc2)CCN(C)C1,8.31,1
CHEMBL5094920,Nc1nc(NCCCc2ccc(C(=O)NO)cc2)nc2nc(-c3ccco3)nn12,8.31,1
CHEMBL512644,O=C(CCCCCCC(=O)Nc1ccc(-c2ccccc2)cc1)NO,8.3,1
CHEMBL2179618,CCCCN(Cc1ccc(C(=O)NO)cc1)C(=O)Nc1ccccc1,8.3,24
CHEMBL2364628,O=C(CCCCCCNC(=O)c1cnc(N(c2ccccc2)c2ccccc2)nc1)NO,8.3,62
CHEMBL3098689,O=C(CCCCC[C@H](NC(=O)[C@@H]1CCCC(=O)N1)C(=O)Nc1ccccc1)NO,8.3,1
CHEMBL3353927,O=C1CC[C@H](C(=O)N[C@@H](CCCCCS)C(=O)Nc2cccc(C(F)(F)F)c2)N1,8.3,2
CHEMBL3356524,O=C1CCC[C@H](C(=O)N[C@@H](CCCCCS)C(=O)Nc2ccccc2)N1,8.3,1
CHEMBL3356921,CN1C(=O)CC[C@@H]1C(=O)N[C@@H](CCCCCS)C(=O)Nc1ccccc1,8.3,1
CHEMBL3656023,O=C(NO)c1cnc(NC2(c3cccs3)CCCCC2)nc1,8.3,2
CHEMBL3652237,O=C(NO)c1cnc(Nc2cccc(Cl)c2)nc1,8.3,2
CHEMBL3652226,O=C(NO)c1cnc(Nc2ccc(Cl)c(Cl)c2)nc1,8.3,2
CHEMBL3655909,O=C(NO)c1cnc(Nc2cc(F)cc(C(F)(F)F)c2)nc1,8.3,2
CHEMBL3655985,O=C(NO)c1cnc(NCc2ccccn2)nc1,8.3,2
CHEMBL3655920,O=C(NO)c1cnc(NCc2ccc(C(F)(F)F)cc2)nc1,8.3,2
CHEMBL3655907,Cc1cc(F)cc(Nc2ncc(C(=O)NO)cn2)c1,8.3,2
CHEMBL3655946,O=C(NO)c1cnc(NCc2ccncc2)nc1,8.3,2
CHEMBL3652241,COc1cc(Nc2ncc(C(=O)NO)cn2)cc(C(F)(F)F)c1,8.3,2
CHEMBL3656019,O=C(NO)c1cnc(NC2(c3ccc(F)cc3)CCOCC2)nc1,8.3,2
CHEMBL3885011,COC(=O)Cc1c(C)n(Cc2ccc(-c3cn(CCCCCCCC(=O)NO)nn3)cc2)c2ccc(OC)cc12,8.3,1
CHEMBL3892568,O=C(NO)c1cnc(NC2(c3ccccc3)CCN(S(=O)(=O)c3ccc(Cl)cc3)CC2)nc1,8.3,1
CHEMBL3916246,CC(C)[C@H](C(=O)N1CCC(Nc2ncc(C(=O)NO)cn2)(c2ccccc2)CC1)c1ccccc1,8.3,1
CHEMBL3935353,O=C(NO)c1cnc(NC2(c3ccccc3)CCN(C(=O)Cc3cc4ccccc4[nH]3)CC2)nc1,8.3,1
CHEMBL4228987,Cc1cc(-c2ccc3c(c2)OCO3)nn1Cc1ccc(C(=O)NO)cc1,8.3,1
CHEMBL4240694,O=C(CCCCCCn1cc(-c2cccc(Nc3c4ccccc4nc4ccccc34)c2)nn1)NO,8.3,1
CHEMBL4462263,O=C(NO)c1ccc(Cn2c(=O)n(CCc3ccc(O)cc3)c(=O)c3ccccc32)cc1,8.3,1
CHEMBL4457162,O=C(NO)c1ccc(CN2c3ccccc3Sc3cccnc32)cc1,8.3,2
CHEMBL4451623,CC[C@H](Nc1ncnc2[nH]cnc12)c1nc2cccc(CCCCCC(=O)NO)c2c(=O)n1-c1ccccc1,8.3,1
CHEMBL4516095,CC[C@H](Nc1ncnc2[nH]cnc12)c1nc2cccc(NCc3ccc(C(=O)NO)cc3)c2c(=O)n1-c1ccccc1,8.3,1
CHEMBL4434656,COc1ccc(CC(=O)N[C@@H](Cc2cscn2)C(=O)Nc2ccc(C(=O)NO)cc2)cc1OC,8.3,1
CHEMBL4574536,O=C(NO)c1ccc(Cc2nnc(-c3ccccc3)[nH]2)cc1,8.3,1
CHEMBL4475365,Cc1cc(-c2nnc(Sc3ccc(C(=O)NO)cc3)n2C)nn1C,8.3,1
CHEMBL4470373,O=C(NO)c1cc(F)c(Cn2nnc(-c3ncccn3)n2)c(F)c1,8.3,2
CHEMBL4516856,Cn1c(Sc2c(F)cc(C(=O)NO)cc2F)nnc1-c1ccc(CN2CCCCC2)cc1,8.3,1
CHEMBL4633299,Cc1cc(C)c(CNC(=O)c2cc(C)n(-c3cccc(NC(=O)CCCCCCC(=O)NO)c3)c2C)c(=O)[nH]1,8.3,2
CHEMBL5092466,O=C(NO)c1ccc(CN(Cc2ccccc2)S(=O)(=O)c2cc(F)c(F)c(F)c2F)cc1,8.3,1
CHEMBL5274004,CN(CCc1ccccc1)S(=O)(=O)c1cccc(/C=C/C(=O)NO)c1,8.3,2
CHEMBL5440192,Cc1cc(C)nc(SCC(=O)Nc2ncc(Cc3cccc(OCc4cn(CCOCCOCCOCCOCCC(=O)Nc5ccc(C(=O)NCCCCCCC(=O)NO)cc5)nn4)c3)s2)n1,8.3,1
CHEMBL5565947,O=C(NO)c1ccc(Cn2c3c(c4cc(F)ccc42)C(=O)C(CN2CCOCC2)CC3)cc1,8.3,1
CHEMBL5567303,CC12CC3CC(C)(C1)CC(NC(=O)Nc1ccc(C(=O)NCCCCCCC(=O)NO)cc1)(C3)C2,8.3,1
CHEMBL5629961,Nc1nc(Cl)c2ccn(Cc3ccc(C(=O)NO)cc3)c2n1,8.3,1
CHEMBL5632901,Nc1nc(Cl)c2ncn(Cc3ccc(C(=O)NO)cn3)c2n1,8.3,1
CHEMBL5741307,O=C(NO)c1ccc(CN2CCCc3cc(F)ccc32)cc1,8.3,1
CHEMBL5901171,CC(C)(C)c1ccc(-c2nc3cc(C(=O)NO)ccc3o2)cc1,8.3,2
CHEMBL5934335,O=C(NO)c1ccc2oc(-c3ccccc3Cl)nc2c1,8.3,2
CHEMBL5759149,COc1ccncc1-c1ccc(-c2nc3cc(C(=O)NO)ccc3o2)cc1,8.3,1
CHEMBL5884740,O=C1CC[C@@H](c2nc(-c3ccccn3)no2)N1c1ccc(-c2noc(C(F)(F)F)n2)cc1,8.3,1
CHEMBL5932284,O=S(=O)(N1CCOCC1)N(Cc1ncc(-c2nnc(C(F)F)o2)s1)c1cccc(Cl)c1,8.3,1
CHEMBL6101912,CCCc1cc(C(=O)Nc2ccccc2)nn1Cc1ccc(C(=O)NO)cc1,8.3,1
CHEMBL3601334,O=C(CCCCCCC(=O)Nc1ccc2ccnc(Nc3ccc4ccccc4c3)c2c1)NO,8.29,1
CHEMBL3891741,CC(C)C1(Nc2ncc(C(=O)NO)cn2)CCN(C(=O)OCc2ccccc2)CC1,8.29,1
CHEMBL3925038,O=C(NO)c1cnc(NC2(c3ccccc3)CCN(S(=O)(=O)c3cccc(F)c3)CC2)nc1,8.29,1
CHEMBL3979548,Cc1cn(Cc2ccc(C(=O)NO)cc2)c2ccccc12,8.29,1
CHEMBL3329991,Cc1[nH]c2ccccc2c1CCNS(=O)(=O)c1ccc(/C=C/C(=O)NO)cc1,8.29,1
CHEMBL5429808,FC(F)c1nnc(-c2ccc(Cn3nnc(-c4ccccn4)n3)nc2)o1,8.29,4
CHEMBL5899064,O=C(NO)c1ccc2nc(-c3ccc(-c4cccc(Cl)c4)s3)[nH]c2c1,8.29,1
CHEMBL6004526,O=C1CCC(c2ccccc2F)N1c1ccc(-c2noc(C(F)(F)F)n2)cc1F,8.29,2
CHEMBL5937939,O=C1COc2ccccc2N1Cc1ccc(-c2noc(C(F)(F)F)n2)cn1,8.29,1
CHEMBL3262727,O=C(/C=C/c1cccc(S(=O)(=O)n2ccc3cccnc32)c1)NO,8.28,3
CHEMBL4069152,O=C(/C=C/c1ccc(CCNC(=O)c2ccc3ncccc3c2)cc1)NO,8.28,1
CHEMBL4248054,O=C(CCCCCCC(=O)Nc1ccc(Nc2nc(-c3cnn(CCCCCOc4ccccc4)c3)c3cc[nH]c3n2)cc1)NO,8.28,1
CHEMBL5188338,O=C(NO)c1ccc(Cn2cc(C(=O)NC3C4CC5CC(C4)CC3C5)c3ccccc32)cc1,8.28,1
CHEMBL5191345,O=C(CCCCCCn1c(C(=O)NC2C3CC4CC(C3)CC2C4)nc2ccccc21)NO,8.28,1
CHEMBL5283395,O=C(/C=C/c1ccc(S(=O)(=O)Nc2cc(F)cc(F)c2)cc1)NO,8.28,1
CHEMBL5420954,O=C(CCCCCCNC(=O)c1ncc(-c2cccc(Cl)c2)o1)NO,8.28,1
CHEMBL5418695,O=C(CCCCCCNC(=O)c1ncc(-c2ccccc2Cl)o1)NO,8.28,1
CHEMBL5408565,O=C(CCCCCCNC(=O)c1ncc(-c2ccc(C(F)(F)F)cc2)s1)NO,8.28,1
CHEMBL5414629,O=C(CS)Nc1ccc(Cn2c(=O)[nH]c(=O)c3cccc(Cl)c32)cc1,8.28,1
CHEMBL5432574,O=C(CCCCCCNC(=O)c1ccc(NC(=O)CC23C[C@H]4C[C@@H](C2)C[C@@H](C3)C4)cc1)NO,8.28,1
CHEMBL5592712,CN1C(=O)CNC(=O)/C1=C/c1ccc(NCc2ccc(C(=O)NO)cc2)cc1,8.28,1
CHEMBL5594483,O=C(NO)c1ccc(CNC(=O)[C@@H]2Cc3c([nH]c4ccccc34)[C@@H](c3ccccc3)N2)cc1,8.28,1
CHEMBL5927936,O=C(NO)c1ccc2nc(-c3ccc4c(c3)CCO4)[nH]c2c1,8.28,2
CHEMBL5763295,O=C1COC[C@@H](c2ccccc2)N1c1ccc(-c2noc(C(F)(F)F)n2)c(F)c1,8.28,1
CHEMBL5953624,CNC(=O)c1ccccc1NCc1ccc(-c2noc(C(F)(F)F)n2)cn1,8.28,1
CHEMBL6163196,CC[C@@]1(O)C(=O)OCc2c1cc1n(c2=O)Cc2c-1nc1ccccc1c2/C=N\OCCCCCCC(=O)NO,8.28,1
CHEMBL6163227,Cc1cc2c(cc1C#N)c(-c1cccc(N)c1C)cn2CCCCCCC(=O)NO,8.28,1
CHEMBL389688,N[C@@H](Cc1c[nH]c2ccccc12)C(=O)Nc1ccccc1-c1ccc(NC(=O)CCCCCCC(=O)NO)cc1,8.27,1
CHEMBL3339024,Cc1ccc(Nc2ncnc3sc(NC(=O)CCCCCCC(=O)NO)cc23)cc1,8.27,1
CHEMBL4755061,CC(C)Oc1ccc(C(C)(C)O)cc1-c1cn(C)c(=O)c2[nH]c(C(=O)NCCCCCCC(=O)NO)cc12,8.27,1
CHEMBL4871938,CC12CC3CC(C)(C1)CC(NCc1ccc(NC(=O)CCCCCCC(=O)NO)cc1)(C3)C2,8.27,1
CHEMBL5394600,O=C(CCCCCCNC(=O)c1ncc(-c2cccc(Br)c2)o1)NO,8.27,1
CHEMBL5595662,CCOc1cc(/C=C2/C(=O)NCC(=O)N2C)ccc1/C=C/C(=O)NO,8.27,1
CHEMBL6151018,Cc1cc(C(=O)Nc2ccccc2F)nn1Cc1ccc(C(=O)NO)cc1,8.27,1
CHEMBL4784336,Cn1cc(-c2cc(C(C)(C)O)ccc2OC2CC2)c2cc(C(=O)NCCCCCCC(=O)NO)[nH]c2c1=O,8.26,1
CHEMBL5435909,Cc1ccccc1-c1cnc(C(=O)NCCCCCCC(=O)NO)o1,8.26,1
CHEMBL5438694,O=C(CCCCCCNC(=O)c1ncc(-c2ccc(F)cc2)s1)NO,8.26,1
CHEMBL5569191,Cc1ccccc1-c1cc(C(=O)NCc2ccc(C(=O)NO)cc2)c2nccn2c1,8.26,1
CHEMBL6148703,O=C(NO)c1ccc(Cn2nc(C(=O)Nc3ccccc3)cc2C(F)(F)F)cc1,8.26,1
CHEMBL2442801,COc1cc([C@@H]2c3cc4c(cc3[C@@H](Nc3cccc(OCCCCCCC(=O)NO)c3)[C@H]3COC(=O)[C@H]23)OCO4)cc(OC)c1O,8.25,1
CHEMBL3339016,O=C(CCCCCCC(=O)Nc1cc2c(Nc3ccc(Cl)cc3F)ncnc2s1)NO,8.25,1
CHEMBL4847454,O=C(NO)c1ccc(CN2CCCCc3ccccc32)cc1,8.25,2
CHEMBL4854123,COc1ccc2c(c1)CCCCN2Cc1ccc(C(=O)NO)cc1,8.25,1
CHEMBL5399106,O=C(CCCCCCNC(=O)c1ncc(-c2ccc(Br)cc2)o1)NO,8.25,1
CHEMBL5424823,O=C(CCCCCCNC(=O)c1ncc(-c2ccc(C(F)(F)F)cc2)o1)NO,8.25,1
CHEMBL5592115,O=C(NO)c1ccc(CNC(=O)[C@@H]2Cc3c([nH]c4ccccc34)[C@@H](c3ccc(Cl)cc3)N2CC2CC2)cc1,8.25,2
CHEMBL5592820,O=C(NO)c1ccc(CNC(=O)[C@@H]2Cc3c([nH]c4ccccc34)[C@@H](c3ccc(Cl)cc3)N2)cc1,8.25,1
CHEMBL6024336,O=C1OC[C@@H](c2ccccc2)N1c1cc(F)c(-c2noc(C(F)(F)F)n2)cc1F,8.25,1
CHEMBL5769270,CC(C)CS(=O)(=O)N(Cc1ncc(-c2nnc(C(F)F)o2)s1)c1cncc(F)c1,8.25,1
CHEMBL6147653,Cc1cc(C(=O)Nc2ccccc2)nn1Cc1ccc(C(=O)NO)cc1,8.25,1
CHEMBL6148233,O=C(NO)c1ccc(CN2CCCCc3ccc(Cl)nc32)c(F)c1,8.25,1
CHEMBL6166888,Cn1cccc1C(=O)N1CCC2(CC1)C(=O)N(Cc1ccc(C(=O)NO)cc1F)CN2c1ccccc1,8.25,1
CHEMBL2179615,COc1ccccc1NC(=O)N(CCc1ccc(O)cc1)Cc1ccc(C(=O)NO)cc1,8.24,5
CHEMBL4465218,O=C(CCCCCN1C(=O)c2cccc3c([N+](=O)[O-])ccc(c23)C1=O)NO,8.24,1
CHEMBL5410992,O=C(CCCCCCNC(=O)c1ncc(-c2ccccc2Cl)s1)NO,8.24,1
CHEMBL5891868,Cc1ncc(C(=O)N(Cc2ccc(-c3noc(C(F)(F)F)n3)cn2)c2cccc(F)c2)cn1,8.24,1
CHEMBL6151711,CCOc1cc(C(=O)Nc2ccccc2)nn1Cc1ccc(C(=O)NO)cc1,8.24,1
CHEMBL6143586,O=C1CCC(N2C(=O)c3cccc(NCCCCCCn4cc(CCCCN(Cc5ccc(C(=O)NO)cc5)Cc5cccnc5)nn4)c3C2=O)C(=O)N1,8.24,1
CHEMBL467793,Nc1ccc(-c2cc(C(=O)NCCCCCCC(=O)NO)no2)cc1,8.23,1
CHEMBL4299426,CC[C@H]1OC(=O)[C@H](C)[C@@H](O[C@@H]2C[C@](C)(OC)[C@@](O)(CN(C)Cc3ccc(-c4cn(CCCCCC(=O)NO)nn4)cc3)[C@@H](C)O2)[C@@H](C)[C@@H](O[C@H]2O[C@@H](C)C[C@@H](N(C)C)[C@@H]2O)[C@](C)(OC)C[C@@H](C)C(=O)[C@H](C)[C@H](O)[C@]1(C)O,8.23,1
CHEMBL3925939,O=C(/C=C/c1cccc(S(=O)(=O)c2ccc3cccc(F)c3n2)c1)NO,8.23,1
CHEMBL3916917,CC(=O)N1CCC(Nc2ncc(C(=O)NO)cn2)(C(C)C)CC1,8.23,1
CHEMBL4083449,O=C(NO)c1ccc(CNc2cccc3nccnc23)cc1,8.23,1
CHEMBL4159460,COc1ccc2c(ccn2CCOc2ccc(NC(=O)CCCCCCC(=O)NO)cc2)c1,8.23,1
CHEMBL4438378,O=C(CCCCCCC(=O)Nc1ccc(Nc2nc(NC3CCN(Cc4ccccc4)CC3)c3sccc3n2)cc1)NO,8.23,1
CHEMBL5076540,Nc1nc(NCCc2ccc(NC(=O)CCCCCCC(=O)NO)cc2)nc2nc(-c3ccco3)nn12,8.23,1
CHEMBL5093149,Nc1nc2c(cnn2CCc2ccc(NC(=O)CCCCCCC(=O)NO)cc2)c2nc(-c3ccco3)nn12,8.23,1
CHEMBL5079785,CS(=O)(=O)c1ccc(-n2ccc3cnc(Nc4cnn(CCCCCCC(=O)NO)c4)nc32)cc1,8.23,1
CHEMBL5190225,Cc1nc2c(F)cc(-c3nc(Nc4ccc(CNC(=O)CCCCCCC(=O)NO)cc4)ncc3F)cc2n1C(C)C,8.23,1
CHEMBL5220945,Cc1nc2c(F)cc(-c3nc(Nc4ccc(CNC(=O)CC(=O)NO)cc4)ncc3F)cc2n1C(C)C,8.23,1
CHEMBL5440176,Cc1cccc(-c2cnc(C(=O)NCCCCCCC(=O)NO)o2)c1,8.23,1
CHEMBL5436873,O=C(CCCCCCNC(=O)c1ccc(NC(=O)CNC(=O)CC23C[C@H]4C[C@@H](C2)C[C@@H](C3)C4)cc1)NO,8.23,1
CHEMBL5639204,Cn1c(CNc2cccc3ccccc23)nc2cc(C(=O)NO)ccc21,8.23,1
CHEMBL5646735,C[C@@H](NCc1ccccc1)c1nc2cc(C(=O)NO)ccc2n1C,8.23,1
CHEMBL6141738,O=C1CCC(N2C(=O)c3cccc(NCCOCCn4cc(CCCCN(Cc5ccc(C(=O)NO)cc5)Cc5cccnc5)nn4)c3C2=O)C(=O)N1,8.23,1
CHEMBL6165393,O=C(NO)c1ccc(CN2CN(c3ccccc3)C3(CCN(C(=O)c4cccnc4)CC3)C2=O)c(F)c1,8.23,1
CHEMBL564876,O=C(CCCCCC(c1c[nH]c2ccccc12)c1c[nH]c2ccccc12)NO,8.22,1
CHEMBL3098688,O=C(CCCCC[C@H](NC(=O)[C@H]1CCC(=O)N1)C(=O)NCCc1ccccc1)NO,8.22,1
CHEMBL1089495,O=C(CCCCCCC(=O)Nc1cccc(C(F)(F)F)c1)NO,8.22,1
CHEMBL3356523,O=C1CCC[C@@H](C(=O)N[C@@H](CCCCCS)C(=O)Nc2ccccc2)N1,8.22,1
CHEMBL3356931,O=C1CCC[C@@H](C(=O)N[C@@H](CCCCCS)C(=O)NC2CCCC2)N1,8.22,1
CHEMBL3655939,O=C(NO)c1cnc(NCc2ccc(F)cc2C(F)(F)F)nc1,8.22,2
CHEMBL3656011,Cc1cc(C2(Nc3ncc(C(=O)NO)cn3)CC2)ccc1F,8.22,2
CHEMBL3656014,O=C(NO)c1cnc(NC2(c3cc(C(F)(F)F)cc(C(F)(F)F)c3)CC2)nc1,8.22,2
CHEMBL3655951,CC(C)(Nc1ncc(C(=O)NO)cn1)c1ccc(C(F)(F)F)cc1,8.22,2
CHEMBL3655956,CC(Nc1ncc(C(=O)NO)cn1)(c1ccccc1)c1ccccc1,8.22,2
CHEMBL3675752,O=C(CCCCCCn1c2ccccc2c2ccccc21)NO,8.22,2
CHEMBL4088824,O=C(CCCCn1cc(-c2ncnc3[nH]ccc23)cn1)NO,8.22,1
CHEMBL4077645,O=C(Cc1ccc(C(=O)NO)cc1)NC1=CC(=O)c2ccccc2C1=O,8.22,3
CHEMBL4554511,CC(C)(C)OC(=O)Nc1ccc(-c2cc(C(=O)NCCc3cc(C(=O)NO)no3)no2)cc1,8.22,1
CHEMBL4581057,CC[C@H](Nc1ncnc2[nH]cnc12)c1nc2cccc(CNc3ncc(C(=O)NO)cn3)c2c(=O)n1-c1ccccc1,8.22,1
CHEMBL4460447,C[C@H](Nc1nc(N)nc(N)c1C#N)c1nc2cccc(NCc3ccc(C(=O)NO)cc3)c2c(=O)n1-c1ccccc1,8.22,1
CHEMBL4524728,O=C(NO)c1ccc(Cc2noc(-c3ccccc3)n2)cc1,8.22,1
CHEMBL4559109,O=C(NO)c1ccc(Sc2nnc(-c3ccccc3)o2)cc1,8.22,1
CHEMBL4466468,O=C(NO)c1ccc(Sc2nnc(-c3ccccc3)s2)cc1,8.22,1
CHEMBL4461219,Cc1cc(-c2nnc(Sc3c(F)cc(C(=O)NO)cc3F)n2C)nn1C,8.22,1
CHEMBL4470302,Cn1c(Sc2c(F)cc(C(=O)NO)cc2F)nnc1-c1ncccc1F,8.22,1
CHEMBL4469098,O=C(NO)c1ccc(CN2c3ccccc3CC[C@@H]3CCCC[C@H]32)cc1,8.22,1
CHEMBL4851023,O=C(NO)c1ccc(CN2C(=O)C(Cc3ccccc3)N(Cc3ccc(Cl)cc3)C2=O)cc1,8.22,1
CHEMBL5075515,Cc1ccc(CN(Cc2ccc(C(=O)NO)cc2)S(=O)(=O)c2c(F)c(F)c(F)c(F)c2F)cc1,8.22,1
CHEMBL5093071,O=C(NO)c1ccc(CN(Cc2ccccn2)S(=O)(=O)c2cc(F)c(F)c(F)c2F)cc1,8.22,1
CHEMBL5172507,O=C(CCCCCCNC(=O)c1csc(Br)n1)NO,8.22,1
CHEMBL5187023,O=C(CCCCc1nnc(-c2cc3c([nH]c4ccccc43)c(-c3ccc(C(F)(F)F)cc3)n2)o1)NO,8.22,1
CHEMBL5182215,C#CCN(C)CCCOc1ccc(NC(=O)CCCCCCC(=O)NO)cc1Cl,8.22,1
CHEMBL5177475,CC(C)N(Cc1ccc(C(=O)NO)cc1)S(=O)(=O)c1cc(F)c(F)c(F)c1F,8.22,1
CHEMBL5270345,CC(C)Cc1c(OCCOc2cccc(/C=C/C(=O)NO)c2)ccc2c1OC(=O)CC2,8.22,1
CHEMBL5396951,O=C(NO)c1ccc(Cn2c(=O)n(CCc3ccccc3O)c(=O)c3ccccc32)cc1,8.22,2
CHEMBL5404245,O=C(NO)c1ccc(Cn2c(=O)[nH]c(=O)c3cc(F)ccc32)cc1,8.22,1
CHEMBL5557862,CCCCN1CCN(CC2CCc3c(c4cc(F)ccc4n3Cc3ccc(C(=O)NO)cc3)C2=O)CC1,8.22,1
CHEMBL5619173,O=C(CN(Cc1ccc(C(=O)NO)cc1)C(=O)c1c[nH]c2ccccc12)NCc1ccccc1,8.22,1
CHEMBL5868541,Fc1cccc(F)c1C1(Nc2ncc(-c3nnc(C(F)F)o3)cn2)CC1,8.22,1
CHEMBL5951785,FC(F)c1nnc(-c2cnc(NC3(c4ccccc4Cl)CC3)nc2)o1,8.22,1
CHEMBL5897578,Fc1ccccc1C1(Nc2ncc(-c3nnc(C(F)F)o3)cn2)CC1,8.22,1
CHEMBL6055356,O=C(NO)c1ccc2sc(Cc3ccc(-c4ccncc4)cc3)nc2c1,8.22,1
CHEMBL5864391,O=C1COC[C@@H](c2nc(-c3ccccn3)no2)N1c1ccc(-c2noc(C(F)(F)F)n2)cc1,8.22,1
CHEMBL5964075,O=C1COC[C@@H](c2nc3ccccc3o2)N1c1ccc(-c2noc(C(F)(F)F)n2)cc1,8.22,1
CHEMBL5856934,CCC(C)S(=O)(=O)N(Cc1ncc(-c2nnc(C(F)F)o2)s1)c1cncc(OC(F)F)c1,8.22,1
CHEMBL5882253,CCS(=O)(=O)N(Cc1ncc(-c2nnc(C(F)F)o2)s1)c1cncc(OCC(C)(F)F)c1,8.22,1
CHEMBL6196052,N#CCCN(C(=O)CCl)c1ccc2c(c1)OCCN2CC(=O)N1CCC(C(=O)Nc2ccc(C(=O)NCCCCCCC(=O)NO)cc2)CC1.O=C(O)C(F)(F)F,8.22,1
CHEMBL6165626,O=C(NO)c1ccc(CN2CCCc3ccc(Cl)nc32)c(F)c1,8.22,1
CHEMBL3670661,O=C(NO)c1ccc(CNC(=O)c2[nH]c(-c3ccc(O)cc3)cc2-c2ccoc2)cc1,8.21,2
CHEMBL4100664,Cc1c(CN(C)C)c2ccccc2n1Cc1ccc(C(=O)NO)cc1,8.21,1
CHEMBL4070745,COc1cc(NC(=O)NOCCCCCC(=O)NO)c2ncccc2c1,8.21,1
CHEMBL4166281,CCCCN(Cc1ccc(C(=O)NO)cc1)C(=O)Nc1cccc(N(C)C)c1,8.21,3
CHEMBL4163681,O=C(CCCCCCN(Cc1ccc(F)cc1)c1ncc(C(=O)NCCCn2ccnc2)s1)NO,8.21,1
CHEMBL4295224,CC(=O)Nc1ccc(-c2nc(Nc3cccc(OCCCCCCC(=O)NO)c3)ncc2C)cc1,8.21,1
CHEMBL4283513,CN1CCN(CC(=O)Nc2ccc(-c3ccnc(Nc4ccc(OCCCCCCC(=O)NO)cc4)n3)cc2)CC1,8.21,1
CHEMBL4873296,O=C(NO)c1ccc(CN2CCCOc3ccccc32)cc1,8.21,1
CHEMBL4856735,O=C(NO)c1ccc(CN2CCCCc3cc(Cl)ccc32)cc1,8.21,2
CHEMBL5839873,O=C(NO)c1ccc(CN2CCSc3ccccc32)cc1,8.21,1
CHEMBL5960394,CC(C)c1ccc(-c2nc3cc(C(=O)NO)ccc3s2)cc1,8.21,2
CHEMBL5838830,O=C1CCC(c2ccccc2)N1c1cc(F)c(-c2noc(C(F)(F)F)n2)cc1F,8.21,1
CHEMBL5931153,FC(F)(F)c1nc(-c2ccc(COc3cccc4[nH]nnc34)nc2)no1,8.21,1
CHEMBL6160063,CCc1cc(C(=O)Nc2ccccc2)nn1Cc1ccc(C(=O)NO)cc1,8.21,1
CHEMBL3601337,Cc1ccc(Nc2nccc3ccc(NC(=O)CCCCCCC(=O)NO)cc23)c(Br)c1,8.2,1
CHEMBL4456028,CC(C)CCc1c(OCCOc2cccc(/C=C/C(=O)NO)c2)ccc2c1OC(=O)CC2,8.2,2
CHEMBL5179582,COc1cc(OC)cc(N(CCCCCC(=O)NO)c2ccc3ncc(-c4cnn(C)c4)nc3c2)c1,8.2,1
CHEMBL5422333,COc1cccc(-c2cnc(C(=O)NCCCCCCC(=O)NO)s2)c1,8.2,1
CHEMBL5417383,Fc1cc(-c2nnc(C(F)F)o2)cc(F)c1Cn1nnc(-c2ccccn2)n1,8.2,1
CHEMBL5584163,O=C(NO)c1ccc(CNC(=O)N2CCc3c(c4ccccc4n3Cc3ccccc3)C2)cc1,8.2,1
CHEMBL6016668,CC(C)(C)OC(=O)N1CC(=O)N(Cc2ccc(C(=O)NO)cc2)c2ccccc21,8.2,2
CHEMBL6120559,O=C(NO)c1ccc(Cn2ccc(C(=O)Nc3ccccc3)n2)cc1,8.2,1
CHEMBL3827814,CN(Cc1nc2c(N3CCOCC3)nc(-c3ccc(N)cc3)nc2n1C)c1ncc(C(=O)NO)cn1,8.19,1
CHEMBL4858810,COc1cccc2c1CCCCN2Cc1ccc(C(=O)NO)cc1,8.19,1
CHEMBL5271520,O=C(NO)c1ccc(Cn2cnc(-c3cccc(Cl)c3)n2)cc1,8.19,1
CHEMBL5567069,C[C@@H](COCCC(=O)N1CCN(c2ncc(OCCCCCCC(=O)NO)cn2)CC1)Nc1cn[nH]c(=O)c1C(F)(F)F,8.19,1
CHEMBL5561399,C[C@@H](COCCC(=O)N1CCN(c2ncc(OCc3ccc(/C=C/C(=O)NO)cc3)cn2)CC1)Nc1cn[nH]c(=O)c1C(F)(F)F,8.19,1
CHEMBL5746748,Cc1noc([C@@H]2CCC(=O)N2c2ccc(-c3noc(C(F)(F)F)n3)cc2)n1,8.19,1
CHEMBL5944397,O=C(NO)c1ccc(Nc2nc3ccccc3n2CC2CCCCC2)cc1,8.19,1
CHEMBL2018304,O=C(NO)c1ccc(Cn2c3c(c4ccccc42)CNCC3)cc1,8.18,1
CHEMBL3339018,O=C(CCCCCCC(=O)Nc1cc2c(Nc3ccc(I)cc3F)ncnc2s1)NO,8.18,1
CHEMBL3670667,COc1ccc(-c2cc(-c3ccccc3)[nH]c2C(=O)NCc2ccc(C(=O)Nc3ccccc3S)cc2)cc1,8.18,1
CHEMBL4299491,CC[C@@H]1OC(=O)[C@@H](C)[C@H](O[C@H]2C[C@@](C)(OC)[C@@H](O)[C@H](C)O2)[C@H](C)[C@H](O[C@@H]2O[C@H](C)C[C@H](N(C)Cc3ccc(-c4cn(CCCCCCC(=O)NO)nn4)cc3)[C@H]2O)[C@@](C)(OC)C[C@H](C)C(=O)[C@@H](C)[C@@H](O)[C@@]1(C)O,8.18,1
CHEMBL4536105,COc1ncc(-c2cc(OCCCCCCC(=O)NO)c3ncnc(C)c3c2)cc1F,8.18,2
CHEMBL4744689,Nc1ncc(-c2nc(N3CCOCC3)c3ccn(CCCCCCC(=O)NO)c3n2)cn1,8.18,1
CHEMBL5092198,Nc1nc2c(cnn2CCCCCCC(=O)NO)c2nc(-c3ccco3)nn12,8.18,1
CHEMBL5270958,O=C1CN(Cc2ccc(C(=O)NO)cc2)C(=O)[C@H](Cc2c[nH]c3ccccc23)N1,8.18,1
CHEMBL5590993,C#CCN1C(=O)CNC(=O)/C1=C/c1ccc(C(=O)NCc2ccc(C(=O)NO)cc2)cc1,8.18,1
CHEMBL3670660,O=C(NO)c1ccc(CNC(=O)c2[nH]c(-c3cccs3)cc2-c2ccc(O)cc2)cc1,8.18,1
CHEMBL5858537,COc1ccc(Oc2cccc(-c3nc4ccc(C(=O)NO)cc4[nH]3)c2)cc1,8.18,1
CHEMBL6001056,FC(F)(F)c1nc(-c2ccc(CNc3cccc(-n4cncn4)c3)nc2)no1,8.18,1
CHEMBL468842,CC(=O)Nc1ccc(-c2cc(C(=O)NCCCCCCC(=O)NO)no2)cc1,8.17,1
CHEMBL3601331,O=C(CCCCCCC(=O)Nc1ccc2ccnc(Nc3ccc(Br)cc3F)c2c1)NO,8.17,1
CHEMBL3670664,COc1ccc(-c2cc(-c3ccccc3)[nH]c2C(=O)Nc2cccc(CC(=O)NO)c2)cc1,8.17,1
CHEMBL4065026,Cn1ccc2c(CCNS(=O)(=O)c3ccc(/C=C/C(=O)NO)cc3)cccc21,8.17,1
CHEMBL4206537,O=C(NO)c1ccc(Cn2ccc3cc(C(=O)c4ccc(Cl)cc4)ccc32)cc1,8.17,1
CHEMBL4294092,CN1CCN(CC(=O)Nc2ccc(-c3ccnc(Nc4cccc(OCCCCCCC(=O)NO)c4)n3)cc2)CC1,8.17,1
CHEMBL4278591,CC(=O)Nc1ccc(-c2ccnc(Nc3cccc(OCCCCCCCC(=O)NO)c3)n2)cc1.Cl,8.17,1
CHEMBL4760306,O=C(NO)c1ccc(NC(=O)c2ccc(F)cc2)cc1,8.17,1
CHEMBL4849606,CC(C)S(=O)(=O)c1ccccc1Nc1nc(Nc2ccc(C(=O)NCCCCCCC(=O)NO)cc2)ncc1Cl,8.17,1
CHEMBL4870348,CNC(=O)CCCCCCCn1nc(-c2ccc3oc(N)nc3c2)c2c(N)ncnc21,8.17,1
CHEMBL5646734,Cn1c(CNc2cccc(F)c2)nc2cc(C(=O)NO)ccc21,8.17,1
CHEMBL5777944,O=C(NO)c1ccc(NC(=O)c2[nH]c(-c3ccoc3)cc2-c2ccc(O)cc2)cc1,8.17,1
CHEMBL5785959,CCC(C)S(=O)(=O)N(Cc1ncc(-c2nnc(C(F)F)o2)s1)c1cccnc1,8.17,1
CHEMBL6133304,CCOc1cc(C(=O)Nc2cccc(F)c2)nn1Cc1ccc(C(=O)NO)cc1,8.17,1
CHEMBL3736342,CC[C@H]1OC(=O)[C@H](C)C(=O)[C@H](C)[C@@H](O[C@@H]2O[C@H](C)C[C@H](N(C)Cc3ccc(-c4cn(CCCCCCC(=O)NO)nn4)cc3)[C@H]2O)[C@@](C)(OC)C[C@@H](C)C2=NCCN3C(=O)O[C@@]1(C)[C@H]3[C@H]2C,8.16,1
CHEMBL3890261,Cc1cc(NC(=O)NCc2ccc(C(=O)NO)cc2)no1,8.16,4
CHEMBL4757504,CCN(CC)Cc1ccc(Cn2c(=O)c(OCc3ccc(C(=O)NO)cc3)c(-c3ccccc3)c3ccccc32)cc1,8.16,2
CHEMBL5184950,Nc1ncc(-c2cn(Cc3ccc(C(=O)NO)cc3)c(=O)c(Nc3ccccc3)n2)cn1,8.16,1
CHEMBL5180181,O=C(CCCCCCn1c(C(=O)NC2C3CC4CC(C3)CC2C4)cc2cc(Cl)ccc21)NO,8.16,1
CHEMBL5395502,Cc1cnc(Nc2ccc(OCCCCCCC(=O)NO)c(F)c2)nc1Nc1cccc(S(=O)(=O)NC(C)(C)C)c1,8.16,1
CHEMBL5561595,C[C@@H](COCCC(=O)N1CCN(c2ncc(C(=O)NCCCCCCC(=O)NO)cn2)CC1)Nc1cn[nH]c(=O)c1C(F)(F)F,8.16,1
CHEMBL5906388,CC(C)CS(=O)(=O)N(Cc1ncc(-c2nnc(C(F)F)o2)s1)c1cncc(OC(F)F)c1,8.16,1
CHEMBL2333341,O=C(NO)c1ccc(C(=O)NCc2ccccc2)cc1,8.15,1
CHEMBL3426803,O=C(CCCCSc1nc(-c2ccc(-c3ccccc3)cc2)cc(=O)[nH]1)NO,8.15,2
CHEMBL3655931,O=C(NO)c1cnc(NCc2c(Cl)cccc2Cl)nc1,8.15,2
CHEMBL3655921,O=C(NO)c1cnc(NCc2ccccc2C(F)(F)F)nc1,8.15,2
CHEMBL3656024,O=C(NO)c1cnc(NC2(c3cc(F)cc(F)c3)CCOCC2)nc1,8.15,2
CHEMBL3652225,O=C(NO)c1cnc(Nc2ccccc2)nc1,8.15,2
CHEMBL3655910,O=C(NO)c1cnc(Nc2cc(Cl)cc(OC(F)(F)F)c2)nc1,8.15,2
CHEMBL3655961,O=C(NO)c1cnc(NC2(c3ccccc3)CCCCC2)nc1,8.15,2
CHEMBL3656004,O=C(NO)c1cnc(NC2(c3ccc(C(F)(F)F)cc3)CC2)nc1,8.15,2
CHEMBL3656009,O=C(NO)c1cnc(NC2(c3ccc(F)c(F)c3)CC2)nc1,8.15,2
CHEMBL3693774,O=C(CCCCCCNC(=O)c1ccc(C(CO)(c2ccccc2)c2ccccc2)cc1)NO,8.15,2
CHEMBL4078380,O=C(/C=C/c1ccc(CCNC(=O)c2ccc3c(c2)OCO3)cc1)NO,8.15,1
CHEMBL4102051,O=C(CCCCCCNc1ncnc2ccc(Cl)cc12)NO,8.15,1
CHEMBL4176214,COc1cc2ccn(CCOc3ccc(NC(=O)CCCCCCC(=O)NO)cc3)c2cc1OC,8.15,1
CHEMBL4229248,Cc1ccc(-c2cc(C)n(Cc3ccc(C(=O)NO)cc3)n2)cc1,8.15,1
CHEMBL4240012,O=C(CCCCCCC(=O)Nc1ccc(Nc2nc(-c3cnn(CCCCOc4ccccc4)c3)c3cc[nH]c3n2)cc1)NO,8.15,1
CHEMBL4475603,CN1C(=O)N(c2ccc(Cl)cc2)C(=O)C1CCC(=O)Nc1ccc(C(=O)NO)cc1,8.15,1
CHEMBL4468273,O=C(NO)c1ccc(CN2c3ccccc3Sc3ccncc32)cc1,8.15,1
CHEMBL4453121,O=C(NO)c1ccc(Cn2nnc(-c3ncccn3)n2)cc1,8.15,2
CHEMBL4797488,O=C(NO)c1ccc(CN2C(=O)/C(=C3\Nc4ccccc4\C3=N/O)c3ccccc32)cc1,8.15,1
CHEMBL5206304,O=C(CCCCCCNC(=O)c1ccc(NC(=O)CCCCCCCNC(=O)COc2cccc3c2C(=O)N(C2CCC(=O)NC2=O)C3=O)cc1)NO,8.15,3
CHEMBL5274634,O=C(NO)c1ccc(Cn2cnc(-c3ccccc3F)n2)c(F)c1,8.15,2
CHEMBL5618278,O=C(CN(Cc1ccc(C(=O)NO)cc1)C(=O)c1c[nH]c2ccccc12)NC1CCCC1,8.15,1
CHEMBL5620205,COC(=O)CNC(=O)CN(Cc1ccc(C(=O)NO)cc1)C(=O)c1cc2ccccc2[nH]1,8.15,1
CHEMBL5631755,O=C(NO)c1ccc(Cn2cnc3c(Cl)ncnc32)c(F)c1,8.15,1
CHEMBL5633237,Nc1nc(Cl)c2ccn(Cc3ccc(NC(=O)CS)cc3)c2n1,8.15,1
CHEMBL5892761,O=C(NO)c1ccc2nc(-c3cccs3)[nH]c2c1,8.15,2
CHEMBL5892148,CN1CCN(Cc2ccc(-c3nc4ccc(C(=O)NO)cc4[nH]3)cc2)CC1,8.15,2
CHEMBL5945316,O=C(NO)c1ccc2oc(-c3cccc(Br)c3)nc2c1,8.15,1
CHEMBL5857692,O=C(NO)c1ccc2sc(Cc3ccc(F)cc3)nc2c1,8.15,1
CHEMBL5865138,CC(C)c1ccc(-c2cc3ccc(C(=O)NO)cc3o2)cc1,8.15,1
CHEMBL5993209,O=C(NO)c1ccc2nc(NCc3ccc(-c4ccccc4)cc3)[nH]c2c1,8.15,1
CHEMBL5812556,Cn1c(N2CCC(Cc3ccccc3)CC2)nc2cc(C(=O)NO)ccc21,8.15,1
CHEMBL5821486,Cn1c(Nc2cccc(-c3ccccc3)c2)nc2cc(C(=O)NO)ccc21,8.15,1
CHEMBL5939902,O=C(NO)c1ccc2oc(COc3cccc(F)c3)cc2c1,8.15,2
CHEMBL5760236,O=C(NO)c1ccc2oc(Nc3cccc(-c4ccccc4)c3)nc2c1,8.15,1
CHEMBL5960073,CN(C)Cc1ccc(-c2cc3ccc(C(=O)NO)cc3o2)cc1,8.15,1
CHEMBL5994050,O=C1CC[C@@H](c2nc3ccccc3o2)N1c1ccc(-c2noc(C(F)(F)F)n2)cc1,8.15,1
CHEMBL5792904,O=C(Nc1ccccc1)c1cccc(NCc2ccc(-c3noc(C(F)(F)F)n3)cn2)c1,8.15,1
CHEMBL487741,O=C(CCCCCCC(=O)Nc1ccc(-c2cnnn2Cc2ccc(F)cc2)cc1)NO,8.14,1
CHEMBL3218002,C#Cc1cccc(Nc2ncnc3ccc(S(=O)(=O)n4ccc(/C=C/C(=O)NO)c4)cc23)c1,8.14,1
CHEMBL3339033,O=C(CCCCCCC(=O)Nc1cc2c(Nc3ccc(N4CCCC4)cc3)ncnc2s1)NO,8.14,1
CHEMBL4299417,CC[C@H]1OC(=O)[C@@H](C)[C@H](O[C@H]2C[C@@](C)(OC)[C@@H](O)[C@H](C)O2)[C@H](C)[C@H](O[C@H]2O[C@@H](C)C[C@@H](N(C)Cc3ccc(-c4cn(CCCCCCC(=O)NO)nn4)cc3)[C@@H]2O)[C@@](C)(O)C[C@H](C)CN(C)[C@@H](C)[C@H](O)[C@@]1(C)O,8.14,1
CHEMBL3910638,O=C(NO)c1cnc(NC2(c3ccccc3)CCN(S(=O)(=O)c3ccc(C(F)(F)F)cc3)CC2)nc1,8.14,1
CHEMBL4534004,COc1cc(-c2nc(NCc3ccc(/C=C/C(=O)NO)cc3)cc3c2[nH]c2ccccc23)cc(OC)c1OC,8.14,1
CHEMBL5192364,COc1cc(-c2nc(-c3nnc(CCCCC(=O)NO)o3)cc3c2[nH]c2ccccc23)cc(OC)c1OC,8.14,1
CHEMBL5783823,CS(=O)(=O)Nc1ccc(-c2ccc(-c3nc4ccc(C(=O)NO)cc4[nH]3)cc2)cc1,8.14,1
CHEMBL5947562,CC(C)(C)OC(=O)[C@@H]1CCC(=O)N1c1cc(F)c(-c2noc(C(F)(F)F)n2)cc1F,8.14,1
CHEMBL6052327,O=C1CCCC(c2nc(-c3ccccc3)no2)N1c1ccc(-c2noc(C(F)(F)F)n2)cc1,8.14,1
CHEMBL5829717,CC(C)c1ncc(C(=O)N(Cc2ccc(-c3noc(C(F)(F)F)n3)cn2)c2cccc(F)c2)cn1,8.14,1
CHEMBL5859776,O=C1CC[C@@H](c2nc(-c3cccnc3)no2)N1c1ccc(-c2noc(C(F)(F)F)n2)cc1,8.14,1
CHEMBL5999337,NC(=O)c1ccnc(NCc2ccc(-c3noc(C(F)(F)F)n3)cn2)c1,8.14,1
CHEMBL5884419,N#CCCS(=O)(=O)N(Cc1ncc(-c2nnc(C(F)F)o2)s1)c1cncc(Cl)c1,8.14,1
CHEMBL6167072,O=C1CCC(N2C(=O)c3cccc(NCCOCCOCCn4cc(CCCCN(Cc5ccc(C(=O)NO)cc5)Cc5cccnc5)nn4)c3C2=O)C(=O)N1,8.14,1
CHEMBL4093020,O=C(NO)c1ccc(NCc2cccc3cccnc23)cc1,8.13,1
CHEMBL5190763,COC1CCN(c2nc(-c3cnc(N)nc3)cn(Cc3ccc(C(=O)NO)cc3)c2=O)CC1,8.13,1
CHEMBL5192865,O=C(NO)c1ccc(CN(C2CC2)S(=O)(=O)c2cc(F)c(F)c(F)c2F)cc1,8.13,2
CHEMBL5434626,COc1ccccc1-c1cnc(C(=O)NCCCCCCC(=O)NO)o1,8.13,1
CHEMBL6195965,CC(O)COC[C@H]1O[C@H]2O[C@H]3[C@@H](O)[C@H](O)[C@@H](O[C@H]4[C@@H](O)[C@@H](O)[C@@H](O[C@H]5[C@@H](O)[C@H](O)[C@@H](O[C@H]6[C@@H](O)[C@H](O)[C@@H](O[C@@H]7[C@@H](O)[C@H](O)[C@H](O[C@H]8[C@@H](O)[C@H](O)[C@@H](O[C@@H]1[C@@H](O)[C@@H]2O)O[C@@H]8COCC(C)O)O[C@@H]7COCC(C)O)O[C@@H]6COCC(C)O)O[C@@H]5COCC(C)O)O[C@@H]4COCC(C)O)O[C@@H]3COCC(C)O,8.13,1
CHEMBL389687,N[C@@H](Cc1ccccc1)C(=O)Nc1ccccc1-c1ccc(NC(=O)CCCCCCC(=O)NO)cc1,8.12,1
CHEMBL520056,O=C(CCCCCCC(=O)Nc1cccc(-c2cnnn2-c2ccccc2)c1)NO,8.12,1
CHEMBL1088735,O=C(CCCCCCC(=O)Nc1cccc(-c2cn(Cc3ccc(O)cc3)nn2)c1)NO,8.12,1
CHEMBL3655978,O=C(NO)c1cnc(NC2(c3cccc(F)c3)CCCCC2)nc1,8.12,6
CHEMBL4450285,O=C(CCC1C(=O)N(c2ccc(Cl)cc2)C(=O)N1Cc1ccccc1)Nc1ccc(C(=O)NO)cc1,8.12,1
CHEMBL4447715,O=C(NO)c1ccc(CNC(=O)c2ccc(Cl)c(Cl)c2)cc1,8.12,2
CHEMBL4543038,O=C(NC(CCCCCSSCCCCCC(NC(=O)OCc1ccccc1)C(=O)Nc1cccc2cccnc12)C(=O)Nc1cccc2cccnc12)OCc1ccccc1,8.12,1
CHEMBL5094087,Nc1nc2c(cnn2CCc2ccc(C(=O)NO)cc2)c2nc(-c3ccco3)nn12,8.12,1
CHEMBL5173771,O=C(CCCCCCn1cc(C(=O)N2CCOCC2)c2ccccc21)NO,8.12,1
CHEMBL5278415,CN(C)c1ccc(-c2nc(C(=O)NCc3ccc(/C=C/C(=O)NO)cc3)cc3c2[nH]c2ccccc23)cc1,8.12,1
CHEMBL5418936,COc1ccc(-c2cnc(C(=O)NCCCCCCC(=O)NO)o2)cc1,8.12,1
CHEMBL5568975,O=C(NO)c1ccc(NCc2cc(-c3cccc(Cl)c3)cn3ccnc23)cc1,8.12,1
CHEMBL5639517,Cn1c([C@H](Cc2ccccc2)NCc2ccccc2)nc2cc(C(=O)NO)ccc21,8.12,1
CHEMBL5822994,CN(C(=O)[C@@H]1CCC(=O)N1c1cc(F)c(-c2noc(C(F)(F)F)n2)cc1F)C(C)(C)C,8.12,2
CHEMBL6049651,O=C1CC[C@@H](c2nc(-c3ccncc3)no2)N1c1ccc(-c2noc(C(F)(F)F)n2)cc1,8.12,1
CHEMBL487253,Cn1c(CCCC(=O)O)nc2cc(N(CCCl)CCCl)ccc21,8.11,2
CHEMBL3828518,COc1ccc(-c2nc(N3CCOCC3)c3nc(CN(C)c4ncc(C(=O)NO)cn4)n(C)c3n2)cc1,8.11,1
CHEMBL5173000,CC(C)(C)OC(=O)Nc1cccc(-c2cc(C(=O)NCCc3cc(C(=O)NO)no3)no2)c1,8.11,1
CHEMBL5427613,FC(F)c1nnc(-c2ccc(Cn3cc(-c4ccc(NC5N=CCN5)cc4)nn3)cc2)o1,8.11,1
CHEMBL5619226,Cn1cc(CCCC(=O)Nc2ccc(C(=O)NO)cc2)c2ccccc21,8.11,1
CHEMBL5994421,O=C(C1CCS(=O)(=O)C1)N(Cc1ccc(-c2noc(C(F)(F)F)n2)cn1)c1cccc(F)c1,8.11,1
CHEMBL5766757,O=C(CC1CCS(=O)(=O)C1)N(Cc1ccc(-c2noc(C(F)(F)F)n2)cn1)c1cccc(F)c1,8.11,1
CHEMBL6078340,C=C1C(=O)O[C@@H]2C[C@@]3(C)CC[C@@H](OC(=O)[C@H](C)NC(=O)c4ccc(/C=C/C(=O)NO)cc4)C(=C)[C@@H]3C[C@H]12,8.11,1
CHEMBL6142583,CCOc1cc(C(=O)Nc2ccccc2F)nn1Cc1ccc(C(=O)NO)cc1,8.11,1
CHEMBL6160445,O=C1CCC(N2C(=O)c3cccc(NCCOCCOCCn4cc(CN(Cc5ccc(C(=O)NO)cc5)Cc5cccnc5)nn4)c3C2=O)C(=O)N1,8.11,1
CHEMBL6172451,CN1CCC2(CC1)C(=O)N(Cc1ccc(C(=O)NO)cc1F)CN2c1ccccc1,8.11,1
CHEMBL6161106,O=C(NO)c1ccc(CN2CN(c3ccccc3)C3(CCN(C(=O)c4cc5ccccc5o4)CC3)C2=O)c(F)c1,8.11,1
CHEMBL2333339,O=C(NO)c1ccc(C(=O)NCCc2ccncc2)cc1,8.1,1
CHEMBL2401843,C[C@]12CC[C@@H]3c4ccc(O)cc4CC[C@H]3[C@@H]1CC[C@@]2(O)c1cn(CCCC(=O)NO)nn1,8.1,1
CHEMBL2425968,CCc1nc2cc(F)c(/C=C/C(=O)NO)cc2c(=O)n1CCc1ccccc1,8.1,1
CHEMBL3098687,O=C(CCCCC[C@H](NC(=O)[C@@H]1CCCC(=O)N1)C(=O)NCCc1ccccc1)NO,8.1,1
CHEMBL3098690,O=C(CCCCC[C@H](NC(=O)[C@H]1CCC(=O)N1)C(=O)Nc1ccccc1)NO,8.1,1
CHEMBL3339015,O=C(CCCCCCC(=O)Nc1cc2c(Nc3ccc(F)cc3F)ncnc2s1)NO,8.1,1
CHEMBL3601332,O=C(CCCCCCC(=O)Nc1ccc2ccnc(Nc3cccc(Cl)c3F)c2c1)NO,8.1,1
CHEMBL3656007,COc1ccc(C2(Nc3ncc(C(=O)NO)cn3)CC2)cc1OC,8.1,2
CHEMBL3655938,O=C(NO)c1cnc(NCc2ccccc2-c2ccccc2)nc1,8.1,2
CHEMBL3656022,O=C(NO)c1cnc(NC2(c3cccc(Cl)c3)CCCC2)nc1,8.1,2
CHEMBL3655912,O=C(NO)c1cnc(Nc2cccc(N3CCOCC3)c2)nc1,8.1,2
CHEMBL3652227,O=C(NO)c1cnc(Nc2ccc(F)cc2)nc1,8.1,2
CHEMBL4096845,CN(C)C(=O)c1cn(Cc2ccc(C(=O)NO)cc2)c2ccccc12,8.1,1
CHEMBL4094315,O=C(CCCCCCNc1ncnc2ccc(F)cc12)NO,8.1,1
CHEMBL4225171,Cc1cc(-c2ccc(F)cc2)nn1Cc1ccc(C(=O)NO)cc1,8.1,1
CHEMBL4228653,CCNC(=O)c1cc2c(-c3cccc(OCCCCCCOc4ccc(Nc5nc(-c6cnn(CCCCCCC(=O)NO)c6)c6cc[nH]c6n5)cc4)c3)nc(N)nc2s1,8.1,1
CHEMBL4288791,CCN1CC(=O)N2Cc3c(c4ccccc4n3Cc3ccc(C(=O)NO)cc3)CC2C1=O,8.1,1
CHEMBL4551593,COc1cc2nc(Nc3ccc(NC(=O)CCCCCCC(=O)NO)cc3)nc(NC3CCN(Cc4ccc(F)cc4)CC3)c2cc1OC,8.1,1
CHEMBL4579683,O=C(NO)c1ccc(Cn2c(=O)n(CCc3ccccc3)c(=O)c3ccc(F)cc32)cc1,8.1,2
CHEMBL4526673,Cc1nc(N)nc(N[C@@H](C)c2nc3cccc(NCc4ccc(C(=O)NO)cc4)c3c(=O)n2-c2ccccc2)c1C#N,8.1,1
CHEMBL4537736,Cn1c(Sc2ccc(C(=O)NO)cc2)nnc1-c1cccs1,8.1,1
CHEMBL4557665,O=C(NO)c1ccc(CN2c3ccccc3CCC[C@@H]3CCCC[C@H]32)cc1,8.1,1
CHEMBL4744479,O=C(NO)c1ccc(CN2c3ccccc3S(=O)(=O)C[C@@H]3CCCC[C@@H]32)cc1,8.1,1
CHEMBL4784006,O=C(NO)c1ccc(CNC(=O)c2c(F)c(F)c(F)c(F)c2F)cc1,8.1,3
CHEMBL4781215,Cn1cc(-c2cc(C(C)(C)O)ccc2OC2CC2)c2cc(C(=O)NCc3ccc(C(=O)NO)cc3)[nH]c2c1=O,8.1,1
CHEMBL5079065,Nc1nc(NCCc2ccc(OCCCCCC(=O)NO)cc2)nc2nc(-c3ccco3)nn12,8.1,1
CHEMBL5180870,O=C(NO)c1ccc(Cn2cc(-c3ccoc3)nc(N3CCOCC3)c2=O)cc1,8.1,1
CHEMBL5176705,O=C(NO)c1ccc(CN(C2CC2)S(=O)(=O)c2c(F)cc(F)cc2F)cc1,8.1,1
CHEMBL5430740,O=C(NO)c1ccc(Cn2ccc3cc(C(=O)NCC45C[C@H]6C[C@@H](C4)C[C@@H](C5)C6)ccc32)c(F)c1,8.1,1
CHEMBL5560750,O=C(NO)c1ccc(Cn2c3c(c4ccccc42)C(=O)C(CN2CCN(c4ccc(F)cc4)CC2)CC3)cc1,8.1,1
CHEMBL5556539,Cc1cn(Cc2ccc(C(=O)NO)cc2)c2c1C(=O)CC(C)(C)C2,8.1,1
CHEMBL5632603,O=C(NO)c1ccc(CNC(=O)[C@H]2Cc3c([nH]c4ccccc34)[C@H](c3ccc(Cl)cc3)N2CC2CC2)cc1,8.1,1
CHEMBL5953236,Fc1ccc(C2(Nc3ncc(-c4nnc(C(F)F)o4)cn3)CC2)c(Cl)c1,8.1,1
CHEMBL5786142,COc1ccc(-c2nc3cc(C(=O)NO)ccc3o2)cc1,8.1,1
CHEMBL5783519,CS(=O)(=O)c1ccc(-c2ccc(-c3nc4cc(C(=O)NO)ccc4o3)cc2)cc1,8.1,1
CHEMBL6010331,CC(C)c1ccc(NCc2nc3cc(C(=O)NO)ccc3s2)cc1,8.1,1
CHEMBL5777001,Cc1ccc(NCc2ccc(-c3noc(C(F)(F)F)n3)cn2)cn1,8.1,1
CHEMBL5777592,CCS(=O)(=O)N(Cc1ncc(-c2nnc(C(F)F)o2)s1)c1ccc(-n2ccnc2)cc1,8.1,1
CHEMBL6168739,CCc1nc(C(N)=O)c(Nc2ccc(N3CCN(CCCCCCCC(=O)NO)CC3)c(OC)c2)nc1NC1CCOCC1,8.1,1
CHEMBL6166879,O=C(NO)c1ccc(CN2CN(c3ccccc3)C3(CCN(Cc4cccnc4)CC3)C2=O)cc1,8.1,1
CHEMBL3693731,O=C(CCCCCCNC(=O)c1ccc(Nc2nc3ccccc3o2)cc1)NO,8.09,4
CHEMBL4069287,O=C(NO)c1ccc(Cn2c3c(c4ccccc42)S(=O)(=O)CC3)cc1,8.09,3
CHEMBL4096060,O=C(/C=C/c1ccc(CCNC(=O)c2cc(Cc3n[nH]c(=O)c4ccccc34)ccc2F)cc1)NO,8.09,1
CHEMBL4445312,O=C(NO)c1ccc(CN2c3ccccc3C3C2CCS3(=O)=O)cc1,8.09,1
CHEMBL552465,O=C(/C=C/c1ccc(NC(=O)Nc2ccc(Cl)cc2)cc1)NO,8.09,1
CHEMBL4875748,COc1ccc2c(c1)N(Cc1ccc(C(=O)NO)cc1)CCCC2,8.09,1
CHEMBL5619347,O=C(NO)c1ccc(CNc2cccc3cc(-c4ccncc4)cnc23)cc1,8.09,1
CHEMBL5922714,O=C1CCC[C@@H](c2nc3ccccc3s2)N1c1ccc(-c2noc(C(F)(F)F)n2)cc1,8.09,1
CHEMBL6021712,O=C(C1CCS(=O)(=O)CC1)N(Cc1ccc(-c2noc(C(F)(F)F)n2)cn1)c1cccc(F)c1,8.09,1
CHEMBL5892217,Cc1nccnc1C(=O)N(Cc1ccc(-c2noc(C(F)(F)F)n2)cn1)c1cccc(F)c1,8.09,1
CHEMBL5968026,Cc1ccc(C(=O)N(Cc2ccc(-c3noc(C(F)(F)F)n3)cn2)c2cccc(F)c2)nn1,8.09,1
CHEMBL6145533,O=C(NO)c1ccc(CN2CCCc3cc(Br)cnc32)c(F)c1,8.09,1
CHEMBL356066,O=C(/C=C/c1ccc(CN(CCO)CCc2c[nH]c3ccccc23)cc1)NO,8.08,3
CHEMBL1091474,O=C(CCCCCCC(=O)Nc1cccc(-c2cn(-c3ccc(F)cc3)nn2)c1)NO,8.08,1
CHEMBL3957055,O=C(CCCCCCn1cc(-c2ccc3ncnc(Nc4ccc(F)c(Cl)c4)c3c2)nn1)NO,8.08,1
CHEMBL3911566,COc1cc2c(Oc3ccc(NC(=O)C4(C(=O)Nc5ccc(F)cc5)CC4)cc3F)ccnc2cc1OCCCCCC(=O)NO,8.08,1
CHEMBL3909006,COc1ccc(NC(=O)NCc2ccc(C(=O)NO)cc2)cc1,8.08,1
CHEMBL4069853,O=C(/C=C/c1ccc(S(=O)(=O)NCCc2cccc3[nH]ccc23)cc1)NO,8.08,1
CHEMBL4093350,O=C(/C=C/c1ccc(CCNC(=O)c2c[nH]c3ncccc23)cc1)NO,8.08,1
CHEMBL4854752,O=C(NO)c1ccc(CN2C(=O)CN(Cc3ccc(Cl)cc3)C2=O)cc1,8.08,1
CHEMBL5076728,O=C(CCCCCCn1cc(Nc2ncc3ccn(Cc4ccccc4F)c3n2)cn1)NO,8.08,1
CHEMBL5619791,Nc1ccn(Cc2ccc(-c3cn(CCCCCCC(=O)NO)nn3)cc2)c(=O)n1,8.08,1
CHEMBL1830399,CCCCc1nc2cc(/C=C/C(=O)NO)ccc2n1CCN(C)C,8.08,1
CHEMBL6025821,O=C(NCc1ccc(C(=O)NO)cc1)Nc1ccc(CO)cc1,8.08,3
CHEMBL5781542,CCN1CCCC(C(=O)N(Cc2ccc(-c3noc(C(F)(F)F)n3)cn2)c2cccc(F)c2)C1,8.08,1
CHEMBL5839240,CN1CCC(C(=O)N(Cc2ccc(-c3noc(C(F)(F)F)n3)cn2)c2cccc(F)c2)C1,8.08,1
CHEMBL5989242,CS(=O)(=O)N1CC(C(=O)N(Cc2ccc(-c3noc(C(F)(F)F)n3)cn2)c2cccc(F)c2)C1,8.08,1
CHEMBL5892379,O=C(C1CCCS(=O)(=O)C1)N(Cc1ccc(-c2noc(C(F)(F)F)n2)cn1)c1cccc(F)c1,8.08,1
CHEMBL6168159,O=C(NO)c1ccc(CN2CN(c3ccccc3)C3(CCN(Cc4ccco4)CC3)C2=O)c(F)c1,8.08,1
CHEMBL1631916,COc1cc2cc(c1)COc1ccccc1NC(=O)C(CCCCCC(=O)NO)OCCC2,8.07,1
CHEMBL3339019,O=C(CCCCCCC(=O)Nc1cc2c(Nc3cccc(Cl)c3F)ncnc2s1)NO,8.07,1
CHEMBL3339020,O=C(CCCCCCC(=O)Nc1cc2c(Nc3cccc(Cl)c3)ncnc2s1)NO,8.07,1
CHEMBL3775521,Cc1nc(N(C)c2ccc(OCC(=O)NO)cc2)c2ccccc2n1,8.07,1
CHEMBL4086671,CN(C)C(=O)c1cn(Cc2ccc(/C=C/C(=O)NO)cc2)c2ccccc12,8.07,1
CHEMBL4172420,COc1cc2ccn(CCCCOc3cccc(NC(=O)CCCCCCC(=O)NO)c3)c2c(OC)c1OC,8.07,1
CHEMBL5597560,CC(=O)O.O=C(CCCCCN1C(=O)[C@@H]2CCCN2Cc2ccccc21)NO,8.07,1
CHEMBL5815886,CC(C(=O)N(Cc1ccc(-c2noc(C(F)(F)F)n2)cn1)c1cccc(F)c1)c1ccn(C)n1,8.07,1
CHEMBL5780417,O=c1ccc2ccc(C(F)(F)F)cc2n1Cc1ccc(-c2noc(C(F)(F)F)n2)cn1,8.07,1
CHEMBL6144736,O=C(NO)c1ccc(Cn2nc(C(=O)Nc3cccc(F)c3)cc2C(F)(F)F)cc1,8.07,1
CHEMBL3693722,O=C(CCCCCCNC(=O)c1ccc(Nc2c(F)cccc2F)cc1)NO,8.06,4
CHEMBL4465902,CCCCN(Cc1ccc(C(=O)NO)cc1)C(=O)Nc1ccc(OCCCCCn2cc(CNc3cccc4c3C(=O)N(C3CCC(=O)NC3=O)C4=O)nn2)cc1,8.06,1
CHEMBL4749756,Cn1cc(-c2cc(C(C)(C)O)ccc2Oc2ccc(F)cc2F)c2cc(C(=O)NCCCCCCC(=O)NO)[nH]c2c1=O,8.06,1
CHEMBL5271793,O=C(NO)c1ccc(Cn2cnc(-c3cccc(F)c3)n2)cc1,8.06,1
CHEMBL5273674,O=C1CN(Cc2ccc(C(=O)NO)cc2)C(=O)[C@@H](Cc2ccccc2)N1,8.06,1
CHEMBL5412747,Cc1cccc(-c2cnc(C(=O)NCCCCCCC(=O)NO)s2)c1,8.06,1
CHEMBL5593634,CN1C(=O)CNC(=O)/C1=C/c1ccc(C(=O)NCc2ccc(C(=O)NO)cc2)cc1,8.06,1
CHEMBL5620052,COc1ccc(-c2ccc(C(=O)N3CCc4c(cc(Cl)c(C(=O)NO)c4Cl)C3)cc2)cc1,8.06,1
CHEMBL5794307,O=C1CC[C@@H](c2nc3ccccc3[nH]2)N1c1ccc(-c2noc(C(F)(F)F)n2)cc1,8.06,1
CHEMBL5751647,O=C1CCCC(c2ccccc2)N1c1ccc(-c2noc(C(F)(F)F)n2)cc1,8.06,1
CHEMBL5851957,O=C1CCC(c2ccccc2Cl)N1c1ccc(-c2noc(C(F)(F)F)n2)cc1F,8.06,1
CHEMBL5987744,CC(C(=O)N(Cc1ccc(-c2noc(C(F)(F)F)n2)cn1)c1cccc(F)c1)n1cccn1,8.06,1
CHEMBL6031881,CC(C)(C(=O)N(Cc1ccc(-c2noc(C(F)(F)F)n2)cn1)c1cccc(F)c1)n1cncn1,8.06,1
CHEMBL5998512,O=c1cnc2ccccc2n1Cc1ccc(-c2noc(C(F)(F)F)n2)cn1,8.06,1
CHEMBL6152548,O=C1CCC(N2C(=O)c3cccc(NCCCn4cc(CCCCN(Cc5ccc(C(=O)NO)cc5)Cc5cccnc5)nn4)c3C2=O)C(=O)N1,8.06,1
CHEMBL6133911,O=C1CCC(N2C(=O)c3cccc(NCCOCCOCCN(Cc4ccc(C(=O)NO)cc4)Cc4cccnc4)c3C2=O)C(=O)N1,8.06,1
CHEMBL227170,N[C@@H](Cc1ccc(O)cc1)C(=O)Nc1ccccc1-c1ccc(NC(=O)CCCCCCC(=O)NO)cc1,8.05,1
CHEMBL473270,O=C(CCCCCCC(=O)Nc1cccc(-c2ccccc2)c1)NO,8.05,1
CHEMBL2018441,CC(C)N1CCc2c(c3ccccc3n2Cc2ccc(C(=O)NO)cc2)C1,8.05,1
CHEMBL2425971,CCc1nc2cc(Cc3ccc(C(=O)NO)cc3)ccc2c(=O)n1CCc1ccccc1,8.05,1
CHEMBL3339017,O=C(CCCCCCC(=O)Nc1cc2c(Nc3ccc(Br)cc3F)ncnc2s1)NO,8.05,1
CHEMBL3675757,O=C(CCCCCCN(c1ccccn1)c1ccccn1)NO,8.05,1
CHEMBL3655973,CC(Nc1ncc(C(=O)NO)cn1)(c1ccc(F)cc1)c1ccc(F)cc1,8.05,2
CHEMBL3655977,O=C(NO)c1cnc(NC2(c3ccc(F)cc3)CCCCC2)nc1,8.05,2
CHEMBL3652228,Cc1ccc(Nc2ncc(C(=O)NO)cn2)cc1,8.05,2
CHEMBL3655940,O=C(NO)c1cnc(NC23CC4CC(CC(C4)C2)C3)nc1,8.05,2
CHEMBL3735736,CC[C@H]1OC(=O)[C@H](C)C(=O)[C@H](C)[C@@H](O[C@@H]2O[C@H](C)C[C@H](N(C)Cc3ccc(-c4cn(CCCCCC(=O)NO)nn4)cc3)[C@H]2O)[C@@](C)(OC)C[C@@H](C)C2=NCCN3C(=O)O[C@@]1(C)[C@H]3[C@H]2C,8.05,1
CHEMBL4277267,O=C(CCCCCCC(=O)Nc1ccc(-c2ccnc(Nc3cccc(N4CCCCC4)c3)n2)cc1)NO,8.05,1
CHEMBL4593437,O=C(CCCCCSc1nc(-c2ccc(-c3ccccc3)cc2)cc(=O)[nH]1)NO,8.05,1
CHEMBL4556275,O=C(NO)c1ccc(CN2c3ccncc3Sc3ccncc32)cc1,8.05,1
CHEMBL4443548,CC[C@H](Nc1ncnc2[nH]cnc12)c1nc2cccc(NCc3ccc(C(=O)NO)cn3)c2c(=O)n1-c1ccccc1,8.05,1
CHEMBL4448226,CC[C@H](Nc1nc(N)nc(N)c1Cl)c1nc2cccc(NCc3ccc(C(=O)NO)cc3)c2c(=O)n1-c1ccccc1,8.05,1
CHEMBL4551987,O=C(NO)c1ccc(Cn2nnnc2-c2ccccc2)cc1,8.05,1
CHEMBL4454663,CCN(CC)S(=O)(=O)c1cccc(-c2nnc(Sc3ccc(C(=O)NO)cc3)n2N)c1,8.05,1
CHEMBL4514075,O=C(NO)c1ccc(Cn2nnc(-c3ccccn3)n2)cc1,8.05,1
CHEMBL4445138,Cn1c(Sc2c(F)cc(C(=O)NO)cc2F)nnc1-c1cccs1,8.05,1
CHEMBL4856207,O=C(NO)c1ccc(CN2CCCCc3cc(Br)ccc32)cc1,8.05,1
CHEMBL5086912,Nc1nc(NCc2ccc(/C=C/C(=O)NO)cc2)nc2nc(-c3ccco3)nn12,8.05,1
CHEMBL5080426,O=C(NO)c1ccc(CN(Cc2ccccc2)S(=O)(=O)c2c(F)c(F)c(F)c(F)c2F)cc1,8.05,1
CHEMBL5181605,O=C(NO)c1ccc(CN(C2CC2)S(=O)(=O)c2c(F)cc(F)c(Cl)c2F)cc1,8.05,1
CHEMBL5405779,COc1cc2c(cc1-c1c(C)noc1C)[nH]c1ncnc(NCCCCCCC(=O)NO)c12,8.05,1
CHEMBL5559319,C[C@@H](COCCC(=O)N1CCN(c2ncc(-c3cnn(CCCCCC(=O)NO)c3)cn2)CC1)Nc1cn[nH]c(=O)c1C(F)(F)F,8.05,1
CHEMBL5560731,Cc1nccn1CC1CCc2c(c3cc(F)ccc3n2Cc2ccc(C(=O)NO)cc2)C1=O,8.05,1
CHEMBL5562739,Cc1ccccc1N(CC(=O)NC1CCCCC1)C(=O)Cc1ccc(C(=O)NO)cc1F,8.05,1
CHEMBL5594408,CCN(CC)Cc1ccccc1CNC(=O)c1cccc(NC(=O)c2cccc(NC(=O)CCCCCCC(=O)NO)c2)c1,8.05,1
CHEMBL5596725,CC(=O)O.O=C(NO)c1ccc(CN2C(=O)[C@@H]3CCCN3Cc3ccccc32)cc1,8.05,1
CHEMBL5618296,C=C[C@@]1(C)CC[C@H](C(=C)CN2CCN(C(=O)CCCCCCC(=O)NO)CC2)C[C@@H]1C(=C)Cn1cccn1,8.05,1
CHEMBL5619923,CC(C)(C)NC(=O)CN(Cc1ccc(C(=O)NO)cc1)C(=O)c1c[nH]c2ccccc12,8.05,1
CHEMBL5619314,Cn1cc(C(=O)N(CC(=O)NCc2ccccc2)Cc2ccc(C(=O)NO)cc2)c2ccccc21,8.05,1
CHEMBL5633538,COc1ccc(CN2[C@@H](C(=O)NCc3ccc(C(=O)NO)cc3)Cc3c([nH]c4ccccc34)[C@@H]2C)cc1,8.05,1
CHEMBL5639744,CN(Cc1nc2cc(C(=O)NO)ccc2n1C)c1ccccc1,8.05,1
CHEMBL5740745,Fc1ccc(C2(Nc3ncc(-c4nnc(C(F)F)o4)cn3)CC2)c(F)c1,8.05,1
CHEMBL5917753,CC(C)c1ccc(-c2nc3ccc(C(=O)NO)cc3o2)cc1,8.05,1
CHEMBL5785625,COc1ccc(-c2cc3cc(C(=O)NO)ccc3s2)cc1,8.05,1
CHEMBL5764319,O=C(NO)c1ccc2oc(NC3(c4cccc(F)c4)CCCCC3)nc2c1,8.05,1
CHEMBL5825579,Cc1ccc(Nc2nc3cc(C(=O)NO)ccc3o2)cc1,8.05,1
CHEMBL5786388,O=C(NO)c1ccc2cc(-c3ccccc3)oc2c1,8.05,1
CHEMBL5761331,CCCCNNC(=O)c1ccc(CN=[N+]=[N-])cc1,8.05,1
CHEMBL5786009,O=C1COC[C@@H](c2ccccc2)N1c1cnc(-c2noc(C(F)(F)F)n2)cn1,8.05,2
CHEMBL6050084,CN1CC(C(=O)N(Cc2ccc(-c3noc(C(F)(F)F)n3)cn2)c2cccc(F)c2)CCC1=O,8.05,1
CHEMBL5929551,O=c1cc(-c2nnc(C(F)F)o2)cnn1CCOc1cccc(F)c1,8.05,1
CHEMBL6103029,N#CCCN(C(=O)CCl)c1ccc2c(c1)OCCN2CC(=O)NCC(=O)Nc1ccc(C(=O)NCCCCCCC(=O)NO)cc1,8.05,1
CHEMBL6148436,Cc1c(F)c(N)cc(C(=O)Nc2cc(-c3ccc(NC(=O)CCCCCCC(=O)NO)cc3)ccc2N2CCN(C)CC2)c1Cl,8.05,1
CHEMBL6149593,O=C1CCC(N2C(=O)c3cccc(NCCCn4cc(CN(Cc5ccc(C(=O)NO)cc5)Cc5cccnc5)nn4)c3C2=O)C(=O)N1,8.05,1
CHEMBL3693716,O=C(CCCCCCNC(=O)c1ccc(Nc2c(Cl)cccc2Cl)cc1)NO,8.04,4
CHEMBL3693806,COC(C)(c1ccc(F)cc1)c1ccc(C(=O)NCCCCCCC(=O)NO)cc1,8.04,4
CHEMBL3918660,Cc1nc2ccccc2n1Cc1ccc(C(=O)NO)cc1,8.04,1
CHEMBL4461884,COc1cc2nc(Nc3ccc(NC(=O)CCCCCCC(=O)NO)cc3)nc(NC3CCN(Cc4ccccc4Cl)CC3)c2cc1OC,8.04,1
CHEMBL5077171,O=C(CCCCCCCOc1cccc(-c2nc3ccccc3[nH]2)c1)NO,8.04,1
CHEMBL5202725,CNc1ncc(-c2cn(Cc3ccc(C(=O)NO)cc3)c(=O)c(N3CCOCC3)n2)cn1,8.04,1
CHEMBL5266236,O=C(NO)c1ccc(Cn2cnc(-c3ccccc3)n2)cc1,8.04,1
CHEMBL5564852,C[C@@H](COCCC(=O)N1CCN(c2ncc(OCCCCCC(=O)NO)cn2)CC1)Nc1cn[nH]c(=O)c1C(F)(F)F,8.04,1
CHEMBL5594937,CCN(CC)Cc1ccc(Cn2c3c(c4ccccc42)CN(C(=O)NCc2ccc(C(=O)NO)cc2)CC3)cc1,8.04,1
CHEMBL5646906,C[C@H](NCc1ccccc1)c1nc2cc(C(=O)NO)ccc2n1C,8.04,1
CHEMBL5842068,Cc1cc(CC(=O)N(Cc2ccc(-c3noc(C(F)(F)F)n3)cn2)c2cccc(F)c2)on1,8.04,1
CHEMBL5871557,O=C1CCc2ccccc2N1Cc1ccc(-c2noc(C(F)(F)F)n2)cn1,8.04,1
CHEMBL5740369,Cc1n[nH]c(CC(=O)N(Cc2ccc(-c3noc(C(F)(F)F)n3)cn2)c2cccc(F)c2)n1,8.04,1
CHEMBL6142644,CCCc1cc(C(=O)Nc2cccc(F)c2)nn1Cc1ccc(C(=O)NO)cc1,8.04,1
CHEMBL1631912,O=C(CCCCCC1OCCCCCCCOc2ccccc2NC1=O)NO,8.03,1
CHEMBL2179617,COCCN(Cc1ccc(C(=O)NO)cc1)C(=O)Nc1ccccc1,8.03,5
CHEMBL3339032,O=C(CCCCCCC(=O)Nc1cc2c(Nc3ccc(N4CCCC4)c(F)c3)ncnc2s1)NO,8.03,1
CHEMBL3693704,CN(c1ccc(C(=O)NCCCCCCC(=O)NO)cc1)c1c(Cl)cccc1Cl,8.03,4
CHEMBL4215954,O=C(NO)c1ccc(Cn2ccc3cc(C(=O)c4ccc(F)cc4)ccc32)cc1,8.03,1
CHEMBL4281183,CCCCN1C(=O)C2Cc3c(n(Cc4ccc(C(=O)NO)cc4)c4ccccc34)CN2C1=O,8.03,1
CHEMBL4283105,O=C(NO)c1ccc(Cn2c3c(c4cc(F)ccc42)C[S+]([O-])CC3)cc1,8.03,1
CHEMBL4798549,CC(C)c1cc(C(=O)N2Cc3ccc(NC(=O)CCCCCC(=O)NO)cc3C2)c(O)cc1O,8.03,1
CHEMBL4877300,CSc1ccc2c(c1)N(Cc1ccc(C(=O)NO)cc1)c1ccccc1S2,8.03,1
CHEMBL5886744,Cc1nnc(CC(=O)N(Cc2ccc(-c3noc(C(F)(F)F)n3)cn2)c2cccc(F)c2)s1,8.03,1
CHEMBL6160683,O=C1CCC(N2C(=O)c3cccc(NCCOCCN(Cc4ccc(C(=O)NO)cc4)Cc4cccnc4)c3C2=O)C(=O)N1,8.03,1
CHEMBL519668,O=C(CCCCCCC(=O)Nc1cccc(-c2cn(-c3ccccc3)nn2)c1)NO,8.02,2
CHEMBL3920583,O=C(CCCCCn1cc(-c2ccc3ncnc(Nc4ccc(F)c(Cl)c4)c3c2)nn1)NO,8.02,1
CHEMBL3693740,CN(c1ccc(C(=O)NCCCCCCC(=O)NO)cc1)c1ccccc1C#N,8.02,4
CHEMBL3693803,C[C@](O)(c1ccc(F)cc1)c1ccc(C(=O)NCCCCCCC(=O)NO)cc1,8.02,4
CHEMBL3640691,COc1cc2c(cc1OC)CN(c1ncc(C(=O)NCCCCCCC(=O)NO)cn1)CC2,8.02,4
CHEMBL4080790,O=C(NO)c1ccc(CSc2cccc3cccnc23)cc1,8.02,1
CHEMBL4162183,COc1cc2ccn(CCOc3cccc(NC(=O)CCCCCCC(=O)NO)c3)c2c(OC)c1OC,8.02,1
CHEMBL4162282,Cc1ccc(NC(=O)CN(Cc2ccc(C(=O)NO)cc2)C(=O)c2ccc(N(C)C)cc2)cc1,8.02,2
CHEMBL4250122,O=C(CCCCCCC(=O)Nc1ccc(Nc2nc(-c3cnn(CC4CCCC4)c3)c3cc[nH]c3n2)cc1)NO,8.02,1
CHEMBL4846776,Nc1ncnc2c1c(-c1cnc3[nH]ccc3c1)nn2CCCCCCCCC(=O)NO,8.02,1
CHEMBL5594067,COc1ccc(CN2[C@@H](C(=O)NCc3ccc(C(=O)NO)cc3)Cc3c([nH]c4ccccc34)[C@@H]2C2CC2)cc1,8.02,2
CHEMBL5646407,CCCCN(Cc1nc2cc(C(=O)NO)ccc2n1C)c1ccccc1,8.02,1
CHEMBL5785366,O=C(/C=C/c1ccc(CNCC23CC4CC(CC(C4)C2)C3)c(F)c1)NO,8.02,1
CHEMBL5949464,CCS(=O)(=O)N(Cc1ncc(-c2nnc(C(F)F)o2)s1)c1cncc(OCC(F)F)c1,8.02,1
CHEMBL6177652,O=C(NO)c1cc(F)c(CN2CN(c3ccccc3)C3(CCN(Cc4ccccc4)CC3)C2=O)c(F)c1,8.02,1
CHEMBL4162826,CCCCN(Cc1ccc(C(=O)NO)cc1)C(=O)Nc1ncccn1,8.01,3
CHEMBL4290689,CC(=O)Nc1ccc(-c2nc(Nc3cccc(OCCCCCCCC(=O)NO)c3)ncc2C)cc1,8.01,1
CHEMBL4537466,O=C(CCC1C(=O)N(Cc2ccccc2)C(=O)N1Cc1ccc(Br)cc1)Nc1ccc(C(=O)NO)cc1,8.01,1
CHEMBL4444176,O=C(CCC1C(=O)N(c2ccc(Cl)cc2)C(=O)N1Cc1ccc(Br)cc1)Nc1ccc(C(=O)NO)cc1,8.01,1
CHEMBL4567832,CN(Cc1ccccc1)c1ccc2c3c(cccc13)C(=O)N(CCCCCC(=O)NO)C2=O,8.01,1
CHEMBL4874671,O=C(NO)c1ccc(CN2c3ccccc3[S+]([O-])c3ccc(Cl)cc32)cc1,8.01,1
CHEMBL5289315,O=C(NO)c1ccc(CN2CC(=O)N(Cc3ccccc3)[C@H](Cc3ccccc3)C2=O)cc1,8.01,1
CHEMBL5420057,Cc1nc(NC(=O)N2C[C@H](NC(=O)c3ccc(C(=O)NO)cn3)C[C@H]2C(N)=O)sc1-c1ccnc(C(C)(C)C(F)(F)F)c1,8.01,1
CHEMBL5564563,C[C@@H](COCCC(=O)N1CCN(c2ncc(NC(=O)CCCCCCC(=O)NO)cn2)CC1)Nc1cn[nH]c(=O)c1C(F)(F)F,8.01,1
CHEMBL5988050,O=C(/C=C/c1ccc(CNCC2CCCCC2)cc1)NO,8.01,1
CHEMBL6170238,O=C1CCC(N2C(=O)c3cccc(NCCCCCCn4cc(CN(Cc5ccc(C(=O)NO)cc5)Cc5cccnc5)nn4)c3C2=O)C(=O)N1,8.01,1
CHEMBL468513,CC(=O)CCCCC[C@H](NC(=O)C1CCN(C)CC1)c1ncc(-c2ccc3ccccc3c2)[nH]1,8.0,1
CHEMBL479842,O=C(NO)c1ccc(CN2c3ccccc3NC(=O)[C@H]2Cc2ccccc2)cc1,8.0,1
CHEMBL481538,O=C(NO)c1ccc(CN2c3ccccc3NC(=O)[C@H]2Cc2ccc(O)cc2)cc1,8.0,1
CHEMBL482358,O=C(NO)c1ccc(CN2c3ccccc3NC(=O)[C@H]2CCc2ccccc2)cc1,8.0,1
CHEMBL96051,O=C(CCCCCN1C(=O)c2cccc3cccc(c23)C1=O)NO,8.0,5
CHEMBL1631911,O=C(CCCCCC1OCCCCCCOc2ccccc2NC1=O)NO,8.0,1
CHEMBL3426804,O=C(/C=C/c1ccc(NC(=O)C(Cc2ccccc2)c2ccccc2)cn1)NO,8.0,3
CHEMBL3652233,O=C(NO)c1cnc(Nc2ccc([N+](=O)[O-])c(C(F)(F)F)c2)nc1,8.0,2
CHEMBL3655908,O=C(NO)c1cnc(Nc2cc(Cl)cc(C(F)(F)F)c2)nc1,8.0,2
CHEMBL3655914,Cc1cc(Nc2ncc(C(=O)NO)cn2)ccn1,8.0,2
CHEMBL3885174,COC(=O)Cc1c(C)n(Cc2ccc(-c3cn(CCCCCCC(=O)NO)nn3)cc2)c2ccc(OC)cc12,8.0,1
CHEMBL3911545,O=C(CCCCCCNC(=O)c1nc(-c2nccs2)sc1C1CC1)NO,8.0,1
CHEMBL4287618,CCCN1C(=O)C2Cc3c(n(Cc4ccc(C(=O)NO)cc4)c4ccccc34)CN2C1=O,8.0,1
CHEMBL4442777,O=C(NO)c1ccc(Cn2c(=O)n(CCc3cccc(F)c3)c(=O)c3ccccc32)cc1,8.0,2
CHEMBL4583725,CN(C)c1ccc(C(=O)N(CCC(=O)NCc2ccc(Cl)cc2)Cc2ccc(C(=O)NO)cc2)cc1,8.0,1
CHEMBL4556111,O=C(NCCc1cc(C(=O)NO)no1)c1ccc2ccccc2c1,8.0,1
CHEMBL4464003,CC[C@H](Nc1ncnc2[nH]cnc12)c1nc2cccc(CNC(=O)c3ccc(C(=O)NO)cc3)c2c(=O)n1-c1ccccc1,8.0,1
CHEMBL4548513,O=C(NO)c1cc(F)c(Cn2nnc(-c3ccc4ccccc4n3)n2)c(F)c1,8.0,1
CHEMBL4583522,Cn1c(Sc2c(F)cc(C(=O)NO)cc2F)nnc1-c1cccc(CN2CCCCCC2)c1,8.0,1
CHEMBL4639495,Cc1cc(C)c(CNC(=O)c2cnn(-c3cccc(NC(=O)CCCCCCC(=O)NO)c3)c2C)c(=O)[nH]1,8.0,2
CHEMBL4854577,O=C(CN(Cc1ccc(C(=O)NO)cc1)C(=O)c1cccc2ccccc12)NCc1ccccc1,8.0,1
CHEMBL4870227,CCN(CC)Cc1ccc2cc(COC(=O)Nc3c(F)cc(C(=O)NO)cc3F)ccc2c1,8.0,1
CHEMBL5094501,O=C(NO)c1ccc(CN(Cc2ccccc2F)S(=O)(=O)c2cc(F)c(F)c(F)c2F)cc1,8.0,1
CHEMBL5186798,C#Cc1nc(/C=C/CCCCCC(=O)NO)cs1,8.0,1
CHEMBL5176422,O=C(NO)c1ccc(CN(C2CC2)S(=O)(=O)c2c(F)c(F)cc(F)c2F)cc1,8.0,1
CHEMBL5170598,C#CCN(C)CCCOc1cc(NC(=O)CCCCCCC(=O)NO)ccc1Cl,8.0,1
CHEMBL5178014,C#CCN(C)CCCOc1cc(NCc2ccc(C(=O)NO)cc2)ccc1Cl,8.0,1
CHEMBL5268616,O=C(NO)c1ccc(Cn2cnc(-c3ccccc3F)n2)cc1,8.0,1
CHEMBL5286689,O=C(NO)c1ccc(CN2CC(=O)N(Cc3ccccc3Cl)[C@H](Cc3ccccc3)C2=O)cc1,8.0,1
CHEMBL4282111,Nc1ccccc1NC(=O)CCCCCCC(=O)NO,8.0,1
CHEMBL5410777,O=C(CCCCCCNC(=O)c1ncc(-c2cccc(C(F)(F)F)c2)o1)NO,8.0,1
CHEMBL5438457,O=C(NO)c1ccc(Cn2c(=O)[nH]c(=O)c3cccc(Cl)c32)cc1,8.0,1
CHEMBL5400896,CC(C)C(C(=O)Nc1ccc(/C=C/C(=O)NO)nc1)c1ccccc1,8.0,1
CHEMBL5407634,Cc1cc(C)nc(SCC(=O)Nc2ncc(Cc3cccc(OCc4cn(CCOCCOCCOCCOCCC(=O)Nc5ccc(C(=O)NCc6ccc(C(=O)NO)cc6)cc5)nn4)c3)s2)n1,8.0,1
CHEMBL5618884,O=C(NO)c1ccc(CNc2ncnc3[nH]ccc23)cc1,8.0,1
CHEMBL5620189,O=C(CN(Cc1ccc(C(=O)NO)cc1)C(=O)c1cc2ccccc2[nH]1)NCc1ccccc1,8.0,1
CHEMBL5620048,O=C(CN(Cc1ccc(C(=O)NO)cc1)C(=O)c1c[nH]c2ccccc12)NC1CCCCC1,8.0,1
CHEMBL5877861,O=C(NO)c1ccc2oc(-c3ccc(C4CC4)cc3)nc2c1,8.0,2
CHEMBL5970682,Cn1c(NCCc2ccccc2)nc2cc(C(=O)NO)ccc21,8.0,1
CHEMBL5892520,O=C1COC[C@@H](c2ccccc2)N1c1ccc(-c2noc(C(F)(F)F)n2)cc1,8.0,1
CHEMBL5822729,O=C(C1CCOCC1)N(Cc1ccc(-c2noc(C(F)(F)F)n2)cn1)c1cccc(F)c1,8.0,1
CHEMBL5850094,CCc1nnc([C@@H]2CCC(=O)N2c2cc(F)c(-c3noc(C(F)(F)F)n3)cc2F)o1,8.0,1
CHEMBL6037409,O=C1CCc2ccc(F)cc2N1Cc1ccc(-c2noc(C(F)(F)F)n2)cc1,8.0,1
CHEMBL5879868,Cc1nccn1C(C)C(=O)N(Cc1ccc(-c2noc(C(F)(F)F)n2)cn1)c1cccc(F)c1,8.0,1
CHEMBL5911339,FC(F)(F)c1nc(-c2ccc(CNc3[nH]nc4ccccc34)nc2)no1,8.0,1
CHEMBL5999147,O=C(C1CCS(=O)(=O)CC1)N(Cc1ccc(-c2noc(C(F)(F)F)n2)cn1)c1cccc(C(F)(F)F)c1,8.0,1
CHEMBL5882048,CCS(=O)(=O)N(Cc1ncc(-c2nnc(C(F)F)o2)s1)c1ccc(-n2cccn2)cc1,8.0,1
CHEMBL5831306,N#Cc1ccc(N(Cc2ncc(-c3nnc(C(F)F)o3)s2)S(=O)(=O)C2CC2)cn1,8.0,1
CHEMBL5831481,CCS(=O)(=O)N(Cc1ncc(-c2nnc(C(F)F)o2)s1)c1cncc(C(C)(F)F)c1,8.0,1
CHEMBL5807068,COCCS(=O)(=O)N(Cc1ncc(-c2nnc(C(F)F)o2)s1)c1cncc(C(C)(F)F)c1,8.0,1
CHEMBL5762622,O=S(=O)(CCN1CC2COCC2C1)N(Cc1ncc(-c2nnc(C(F)F)o2)s1)c1cncc(F)c1,8.0,1
CHEMBL6092066,O=C(NO)c1ccc(CN2c3cc(C(F)(F)F)ccc3S(=O)(=O)C[C@H]3CCCC[C@H]32)cc1,8.0,1
CHEMBL1631915,COc1cc2cc(c1)COc1ccccc1NC(=O)[C@@H](CCCCCC(=O)NO)OC/C=C\2,7.99,1
CHEMBL3415965,Nc1nc2ncc(CNc3ccc(C(=O)NCCCCCCCCC(=O)NO)cc3)nc2c(=O)[nH]1,7.99,1
CHEMBL4299449,CC[C@H]1OC(=O)[C@H](C)[C@@H](O[C@@H]2C[C@](C)(OC)[C@H](O)[C@@H](C)O2)[C@H](C)[C@@H](O[C@@H]2O[C@H](C)C[C@H](N(C)C)[C@H]2O)[C@@](C)(O)C[C@@H](C)CN(Cc2ccc(-c3cn(CCCCCC(=O)NO)nn3)cc2)[C@@H](C)[C@@H](O)[C@]1(C)O,7.99,1
CHEMBL3640685,O=C(CCCCCCNC(=O)c1cnc(N(CCO)CCc2c[nH]c3ccccc23)nc1)NO,7.99,4
CHEMBL4078014,O=C(/C=C/c1ccc(CN2CCN(C(=O)c3cc(Cc4n[nH]c(=O)c5ccccc45)ccc3F)CC2)cc1)NO,7.99,1
CHEMBL4532064,Cc1ccc(CN2C(=O)N(C3CCCCC3)C(=O)C2CCC(=O)Nc2ccc(C(=O)NO)cc2)cc1,7.99,1
CHEMBL5590261,O=C(NO)c1ccc(CN2CCc3[nH]c4ccc(F)cc4c3C2)cc1,7.99,1
CHEMBL5639086,CCN(Cc1nc2cc(C(=O)NO)ccc2n1C)c1ccccc1,7.99,1
CHEMBL5967928,CC(C)S(=O)(=O)N(Cc1ncc(-c2nnc(C(F)F)o2)s1)c1cncc(OC(F)F)c1,7.99,1
CHEMBL483254,Cc1[nH]c2ccccc2c1CCNCc1ccc(/C=C/C(=O)NO)cc1,7.98,21
CHEMBL3693706,CN(c1ccc(C(=O)NCCCCCCC(=O)NO)cc1)c1ccccc1C(F)(F)F,7.98,4
CHEMBL4742241,CC(C)(C)c1ccc(NC(=O)c2ccc(C(=O)NO)cc2)cc1,7.98,1
CHEMBL4542499,CC(C)(C)OC(=O)Nc1cccc(C(=O)/C=C/c2ccc(/C=C/C(=O)NO)cc2)c1,7.98,2
CHEMBL5192298,O=C(CCCCCn1cc(C(=O)NC2C3CC4CC(C3)CC2C4)c2ccccc21)NO,7.98,1
CHEMBL5291256,O=C(NO)c1ccc(Cn2cnc(-c3cccs3)n2)cc1,7.98,1
CHEMBL5266137,O=C(NO)c1ccc(CN2CC(=O)N(Cc3cccc(Cl)c3)[C@H](Cc3ccccc3)C2=O)cc1,7.98,1
CHEMBL5592162,COc1ccc(CN2[C@H](C(=O)NCc3ccc(C(=O)NO)cc3)Cc3c([nH]c4ccccc34)[C@H]2C2CC2)cc1,7.98,3
CHEMBL5633222,O=C(NO)c1ccc(CNC(=O)[C@H]2Cc3c([nH]c4ccccc34)[C@H](C3CC3)N2Cc2ccc(Cl)cc2)cc1,7.98,1
CHEMBL5835754,CCCS(=O)(=O)N(Cc1ncc(-c2nnc(C(F)F)o2)s1)c1cncc(F)c1,7.98,1
CHEMBL5793141,CC[C@H](C)S(=O)(=O)N(Cc1ncc(-c2nnc(C(F)F)o2)s1)c1cccnc1,7.98,1
CHEMBL6168431,CN1CCC2(CC1)C(=O)N(Cc1c(F)cc(C(=O)NO)cc1F)CN2c1ccccc1,7.98,1
CHEMBL5954789,O=C(NO)c1ccc(NC(=O)c2[nH]c(-c3ccccc3)cc2-c2ccc(O)cc2)cc1,7.97,2
CHEMBL3693745,O=C(CCCCCCNC(=O)c1ccc(Nc2ccccc2)cc1)NO,7.97,4
CHEMBL3693788,Cc1cccc(C)c1Nc1ccc2c(c1)CN(CCCCCCC(=O)NO)C2=O,7.97,4
CHEMBL3693804,C[C@@](O)(c1ccc(F)cc1)c1ccc(C(=O)NCCCCCCC(=O)NO)cc1,7.97,4
CHEMBL3640706,O=C(CCCCCCNC(=O)c1cnc(N2CCCCC2)nc1)NO,7.97,4
CHEMBL4104572,CN(C)C(=O)c1cn(S(=O)(=O)c2ccc(/C=C/C(=O)NO)cc2)c2ccccc12,7.97,1
CHEMBL4102654,COc1cc(C(=O)NCCc2ccc(/C=C/C(=O)NO)cc2)ccc1O,7.97,1
CHEMBL4455083,Cc1ccc(NC(=O)CCN(Cc2ccc(C(=O)NO)cc2)C(=O)c2ccccc2)cc1,7.97,1
CHEMBL4530950,O=C(NO)c1ccc(CN2c3ccccc3Sc3ccc(Cl)cc32)cc1,7.97,2
CHEMBL4877805,C/C(=N\O)c1ccc2c(c1)N(Cc1ccc(C(=O)NO)cc1)c1ccccc1S2,7.97,1
CHEMBL5090351,Nc1nc(NCCCCCCC(=O)NO)nc2nc(-c3ccco3)nn12,7.97,1
CHEMBL5093377,CS(=O)(=O)c1ccc(-n2ccc3cnc(Nc4cnn(CCCCCC(=O)NO)c4)nc32)cc1,7.97,1
CHEMBL5561706,CCOc1ccc(-c2nc(C(=O)NCc3ccc(C(=O)NO)cc3)c3[nH]c(=O)n(-c4cccnc4OC)c3n2)cn1,7.97,1
CHEMBL5820323,COC(=O)c1ccc(CN2CCN(C(=O)OC(C)(C)C)c3ccccc32)cc1,7.97,2
CHEMBL5855567,CS(=O)(=O)N(Cc1ncc(-c2nnc(C(F)F)o2)s1)c1cccc(C(F)F)n1,7.97,1
CHEMBL2425970,CCc1nc2ccc(Cc3ccc(C(=O)NO)cc3)cc2c(=O)n1CCc1ccccc1,7.96,1
CHEMBL2425961,CCc1nc2cc(/C=C/C(=O)NO)ccc2c(=O)n1CCc1ccccc1,7.96,1
CHEMBL3601338,O=C(CCCCCCC(=O)Nc1ccc2ccnc(Nc3ccccc3F)c2c1)NO,7.96,1
CHEMBL3655927,O=C(NO)c1cnc(NCCc2ccc(Cl)cc2)nc1,7.96,2
CHEMBL3655934,O=C(NO)c1cnc(NCc2c(CO)cccc2CO)nc1,7.96,2
CHEMBL3907413,CC(C)C[C@H](C(=O)N1CCC(Nc2ncc(C(=O)NO)cn2)(c2ccccc2)CC1)c1ccccc1,7.96,1
CHEMBL3960054,O=C(NO)c1ccc(-c2ccc[nH]2)cc1,7.96,1
CHEMBL4554270,COc1ccccc1CCn1c(=O)c2ccccc2n(Cc2ccc(C(=O)NO)cc2)c1=O,7.96,3
CHEMBL4443794,O=C(NO)c1ccc(CN2c3ccccc3Sc3ccnnc32)cc1,7.96,1
CHEMBL4580311,O=C(NO)c1ccc(Cn2nnc(-c3ccc(C(F)(F)F)cc3)n2)cc1,7.96,1
CHEMBL4450128,O=C(NO)c1ccc(CN2c3cc(C(F)(F)F)ccc3CCC[C@@H]3CCCC[C@H]32)cc1,7.96,1
CHEMBL4647479,CN(C)S(=O)(=O)c1ccc(NCCCCCCC(=O)NO)c2nonc12,7.96,1
CHEMBL4876405,O=C(CCCCCONC(=O)c1ccc2ccccc2c1)NO,7.96,1
CHEMBL4872188,COc1cc2c(NCc3ccc(C(=O)NO)cc3)cc(-c3ccc(C)o3)nc2cc1OCCCN1CCCC1,7.96,1
CHEMBL4858133,O=C(NO)c1ccc(CN2c3ccccc3Sc3ccccc32)nc1,7.96,1
CHEMBL5089527,O=C(NO)c1ccc(CN(Cc2ccncc2)S(=O)(=O)c2cc(F)c(F)c(F)c2F)cc1,7.96,1
CHEMBL5193014,O=C(NO)c1ccc(CN(C2CC2)S(=O)(=O)c2ccc(F)cc2)cc1,7.96,1
CHEMBL5219048,CN(Cc1ccc(C(=O)NO)cc1)C(=O)O[C@@H]1C[C@@H](c2nc3cccc(Cl)c3c(=O)n2C)N(c2nc(N)nc(N)c2C#N)C1,7.96,1
CHEMBL5279952,O=C(NO)c1ccc(Cn2cnc(-c3cccc(-c4ccccc4)c3)n2)cc1,7.96,1
CHEMBL5408688,CCC(C(=O)Nc1ccc(/C=C/C(=O)NO)nc1)c1ccccc1,7.96,1
CHEMBL5424768,Cc1cc(C)nc(SCC(=O)Nc2ncc(Cc3ccc(C(=O)NO)cc3)s2)n1,7.96,1
CHEMBL5556398,COc1ccc(-c2nc3ccccc3s2)cc1OCCCCCCC(=O)NO,7.96,1
CHEMBL5568526,O=C(NO)c1ccc(Cn2c3c(c4cc(F)ccc42)C(=O)CCC3)cc1,7.96,1
CHEMBL5555728,CC1CN(CC2CCc3c(c4ccccc4n3Cc3ccc(C(=O)NO)cc3)C2=O)CC(C)O1,7.96,1
CHEMBL5566136,CCN1CCN(CC2CCc3c(c4cc(F)ccc4n3Cc3ccc(C(=O)NO)cc3)C2=O)CC1,7.96,1
CHEMBL5559454,Cc1c2c(n(Cc3ccc(C(=O)NO)cc3)c1C)CC(C)(C)CC2=O,7.96,1
CHEMBL5583825,COC(=O)/C=C/c1ccc(CN(C(=O)OC(C)(C)C)C2CC2c2ccc(F)cc2)cc1,7.96,1
CHEMBL5591903,CN1C(=O)CNC(=O)/C1=C/c1ccc(-c2ccc(/C=C/C(=O)NO)cc2)cc1,7.96,1
CHEMBL5839760,O=C(NO)c1ccc2nc(-c3ccc(-c4ccc(/C=N/O)cc4)cc3)[nH]c2c1,7.96,1
CHEMBL5773129,O=C(NO)c1ccc2oc(-c3ccc(-c4cccnc4)cc3)nc2c1,7.96,1
CHEMBL5789963,CC(C)c1ccc(-c2nc3ncc(C(=O)NO)cc3[nH]2)cc1,7.96,1
CHEMBL5994524,CCc1ccc(-c2nc3cc(C(=O)NO)ccc3s2)cc1,7.96,1
CHEMBL5998021,O=C1CNCC(c2ccccc2)N1c1ccc(-c2noc(C(F)(F)F)n2)cc1,7.96,1
CHEMBL5809280,O=C1CCC(c2ccccc2)N1c1ccc(-c2noc(C(F)(F)F)n2)cc1F,7.96,1
CHEMBL5774919,CC(C)N1CCCC(C(=O)N(Cc2ccc(-c3noc(C(F)(F)F)n3)cn2)c2cccc(F)c2)C1,7.96,1
CHEMBL5815633,Cc1nonc1CC(=O)N(Cc1ccc(-c2noc(C(F)(F)F)n2)cn1)c1cccc(F)c1,7.96,1
CHEMBL5791981,O=c1ccc2ccc(F)cc2n1Cc1ccc(-c2noc(C(F)(F)F)n2)cc1,7.96,1
CHEMBL5927319,O=C(C1CCN(C2CC2)CC1)N(Cc1ccc(-c2noc(C(F)(F)F)n2)cn1)c1cccc(F)c1,7.96,1
CHEMBL5749598,O=C(NCc1ccccn1)c1cccc(NCc2ccc(-c3noc(C(F)(F)F)n3)cn2)c1,7.96,1
CHEMBL5770394,O=C1CSc2ccccc2N1Cc1ccc(-c2noc(C(F)(F)F)n2)cn1,7.96,1
CHEMBL5759520,O=C(NO)c1ccc(Cn2c(=O)n(CCc3cccs3)c(=O)c3ccccc32)cc1,7.96,1
CHEMBL5869988,CCS(=O)(=O)N(Cc1ncc(-c2nnc(C(F)F)o2)s1)c1ccc(F)nc1,7.96,1
CHEMBL5954333,CCCS(=O)(=O)N(Cc1ncc(-c2nnc(C(F)F)o2)s1)c1cncc(C)c1,7.96,1
CHEMBL5314919,Br.O=C(NO)c1ccc(Cn2cc(CN[C@@H]3C[C@H]3c3ccccc3)cn2)cc1,7.96,1
CHEMBL3693798,CC(O)(c1ccc(F)cc1)c1ccc(C(=O)NCCCCCCC(=O)NO)cc1,7.95,8
CHEMBL3971436,Cc1c(C)n(Cc2ccc(C(=O)NO)cc2)c2ccccc12,7.95,2
CHEMBL4795285,Nc1ccccc1NC(=O)c1ccc(Cn2cnc3c(Nc4ccc(C(=O)NO)cc4)nc(Cl)nc32)cc1,7.95,1
CHEMBL5076794,COc1ccc2c(c1)c(CCNC(C)=O)cn2Cc1ccc(C(=O)NO)cc1,7.95,2
CHEMBL5093859,O=C(CCCCCn1cc(Nc2ncc3ccn(-c4ccc(Br)cc4)c3n2)cn1)NO,7.95,1
CHEMBL5403601,O=C(CCCCCNC(=O)c1ncc(-c2ccccc2)o1)NO,7.95,1
CHEMBL5592155,O=C(NO)c1ccc(CNC(=O)[C@@H]2Cc3c([nH]c4ccccc34)[C@@H](C3CC3)N2Cc2ccc(Cl)cc2)cc1,7.95,1
CHEMBL2018295,Cc1ccc2c3c(n(Cc4ccc(C(=O)NO)cc4)c2c1)CCN(C)C3,7.94,1
CHEMBL3339014,O=C(CCCCCCC(=O)Nc1cc2c(Nc3ccc(Cl)c(C(F)(F)F)c3)ncnc2s1)NO,7.94,1
CHEMBL3339026,Cc1ccc(Nc2ncnc3sc(NC(=O)CCCCCCC(=O)NO)cc23)cc1C,7.94,1
CHEMBL4065147,O=C(CS)NCCCCCn1ccc2cc(Cl)c(Cl)cc21,7.94,4
CHEMBL4064437,Cc1ccc2cccc(NCc3ccc(C(=O)NO)cc3)c2n1,7.94,1
CHEMBL4744710,CCN(CC)Cc1ccc(Cn2c(=O)c(OCc3ccc(C(=O)NO)cc3)c(-c3cccnc3)c3ccccc32)cc1,7.94,2
CHEMBL5286013,COc1cccc(-c2ncn(Cc3ccc(C(=O)NO)cc3)n2)c1,7.94,1
CHEMBL5593598,Cc1ccc2[nH]c3c(c2c1)CN(Cc1ccc(C(=O)NO)cc1)CC3,7.94,1
CHEMBL469274,CC(C)(C)OC(=O)Nc1cccc(-c2cc(C(=O)NCCCCCCC(=O)NO)no2)c1,7.94,1
CHEMBL6176348,O=C(NO)c1ccc(CN2CN(c3ccccc3)C3(CCN(C(=O)NCCc4ccccc4)CC3)C2=O)cc1,7.94,1
CHEMBL2179616,COCCCN(Cc1ccc(C(=O)NO)cc1)C(=O)Nc1ccccc1,7.93,5
CHEMBL2431916,Cn1cccc1C(=O)N1CCc2cc(C(=O)NO)sc2C1,7.93,2
CHEMBL3693777,O=C(CCCCCCNC(=O)c1ccc(N(C(=O)c2ccccc2)c2ccccc2)cc1)NO,7.93,4
CHEMBL4075984,O=C(/C=C/c1ccc(CCNC(=O)c2ccc3c(c2)OCCO3)cc1)NO,7.93,1
CHEMBL4525288,CN1C(=O)N(c2ccc(Cl)cc2)C(=O)C1CCC(=O)NCc1ccc(C(=O)NO)cc1,7.93,1
CHEMBL4781177,COc1cc(OC)c2c(N3CCN(C)CC3)nc(-c3cc(C)c(OCCCCCC(=O)NO)c(C)c3)nc2c1,7.93,1
CHEMBL5271343,O=C(NO)c1ccc(Cn2ncnc2-c2ccccc2F)cc1,7.93,1
CHEMBL5285323,O=C(NO)c1ccc(CN2CC(=O)N(Cc3ccc(Cl)cc3)[C@H](Cc3ccccc3)C2=O)cc1,7.93,1
CHEMBL5647641,Cc1cccc(NCc2nc3cc(C(=O)NO)ccc3n2C)c1,7.93,1
CHEMBL5906819,O=C(/C=C/c1ccc(CNCC2CCCCC2)c(F)c1)NO,7.93,1
CHEMBL2333344,O=C(NO)C1=CCCCC1,7.92,1
CHEMBL3098605,Cc1ccc(NC(=O)CCCCCCC(=O)NO)cc1,7.92,1
CHEMBL3235118,CC(C)c1cc(-n2nnc(C(=O)NCCCCCCC(=O)NO)c2-c2ccc(CN3CCOCC3)cc2)c(O)cc1O,7.92,1
CHEMBL3339022,O=C(CCCCCCC(=O)Nc1cc2c(Nc3ccccc3)ncnc2s1)NO,7.92,1
CHEMBL3415445,O=C(NO)c1ccc2c(c1)CC(Nc1nccc(-c3cccnc3)n1)CN2,7.92,1
CHEMBL3640669,O=C(CCCCCCNC(=O)c1ccc(C2(c3ccc(F)cc3)CCCO2)cc1)NO,7.92,4
CHEMBL4113424,C[C@@H](C(=O)N1CCC(C)(Nc2ncc(C(=O)NO)cn2)CC1)c1ccccc1,7.92,1
CHEMBL4113844,CC(C)C[C@@H](C(=O)N1CCC(Nc2ncc(C(=O)NO)cn2)(c2ccccc2)CC1)c1ccccc1,7.92,1
CHEMBL3958552,CN(C)c1ccc(-c2ccc(C(=O)NO)cc2)cc1,7.92,1
CHEMBL3984046,CN(C)c1ccc(Cc2ccc(C(=O)NO)cc2)cc1,7.92,1
CHEMBL4068870,COc1ccc(Cl)cc1C(=O)NCCc1ccc(/C=C/C(=O)NO)cc1,7.92,1
CHEMBL4174193,CC(C)CN(Cc1ccc(C(=O)NO)cc1)C(=O)Nc1ccccc1,7.92,1
CHEMBL4209463,Cc1ccc(C(=O)c2ccc3c(ccn3Cc3ccc(C(=O)NO)cc3)c2)cc1,7.92,1
CHEMBL4476057,O=C(CCCCSc1nc(-c2ccc3ccccc3c2)cc(=O)[nH]1)NO,7.92,1
CHEMBL4439108,O=C(NO)c1ccc(CN2c3ccncc3Sc3ncccc32)cc1,7.92,1
CHEMBL4455923,CC[C@H](Nc1nc(N)nc(C)c1C#N)c1nc2cccc(NCc3ccc(C(=O)NO)cc3)c2c(=O)n1-c1ccccc1,7.92,3
CHEMBL4559028,O=C(O)c1cccc(-c2nnn(Cc3ccc(C(=O)NO)cc3)n2)c1,7.92,1
CHEMBL4451082,CC(C)CCc1c(OCCCOc2cccc(/C=C/C(=O)NO)c2)ccc2c1OC(=O)CC2,7.92,2
CHEMBL4785378,O=C(/C=C/c1ccc(CN(C(=O)c2c(F)c(F)c(F)c(F)c2F)C2CC2)cc1)NO,7.92,1
CHEMBL4741826,O=C(NO)c1ccc(CCCN2CCC(CN[C@H]3C[C@@H]3c3ccc(OCc4ccc(F)cc4)cc3)CC2)cc1,7.92,1
CHEMBL4854768,Cc1ccc2c(c1)N(Cc1ccc(C(=O)NO)cc1)CCCC2,7.92,1
CHEMBL4873778,CCCc1ccc2c(c1)CCC(=O)N2Cc1ccc(C(=O)NO)cc1,7.92,1
CHEMBL4864538,O=C(CCCCCN1C(=O)c2cccc3c(OCc4ccc(C(F)(F)F)cc4)ccc(c23)C1=O)NO,7.92,1
CHEMBL5191006,Nc1ccc(-c2cn(Cc3ccc(C(=O)NO)cc3)c(=O)c(N3CCOCC3)n2)cn1,7.92,1
CHEMBL5204152,COc1cc2nc(NCCCCCCC(=O)NO)nc(NC3CCN(C(C)C)CC3)c2cc1OC,7.92,1
CHEMBL5198411,O=C(CCCCCCNC(=O)c1ccc(NC(=O)COCCNC(=O)COc2cccc3c2C(=O)N(C2CCC(=O)NC2=O)C3=O)cc1)NO,7.92,1
CHEMBL5566223,CC1(C)CC(=O)c2c(n(Cc3ccc(C(=O)NO)cc3)c3ccccc23)C1,7.92,1
CHEMBL5542296,O=C(NO)c1ccc(Cn2c3c(c4ccccc42)C(=O)C(CN2CCCCC2)CC3)cc1,7.92,1
CHEMBL5568360,CN1CCN(CC2CCc3c(c4ccccc4n3Cc3ccc(C(=O)NO)cc3)C2=O)CC1,7.92,1
CHEMBL5555227,Cc1nn(Cc2ccc(C(=O)NO)cc2)c2c1C(=O)CC(C)(C)C2,7.92,1
CHEMBL5597290,COc1cc2c(cc1OCc1ccccc1)CN1C(=O)CC[C@H]1C(=O)N2CCCCCCC(=O)NO,7.92,1
CHEMBL5612392,O=C(NO)c1ccc(S(=O)(=O)n2ccc3cc(OCCCN4CCCCC4)ccc32)cc1,7.92,1
CHEMBL5189571,O=C(CCCCCCC(=O)Nc1nc2ccc(OC(F)(F)F)cc2s1)NO,7.92,1
CHEMBL5986722,O=C(NO)c1ccc2nc(-c3cccc(Br)c3)[nH]c2c1,7.92,2
CHEMBL5986923,CC(C)Oc1ccc(-c2nc3ccc(C(=O)NO)cc3[nH]2)cc1,7.92,2
CHEMBL5991742,COc1ccc(-c2nc3cc(C(=O)NO)ccc3s2)cc1,7.92,1
CHEMBL5827353,O=C1COC[C@@H](c2nc(-c3ccncc3)no2)N1c1ccc(-c2noc(C(F)(F)F)n2)cc1,7.92,1
CHEMBL5766638,CC1(C)CC(C(=O)N(Cc2ccc(-c3noc(C(F)(F)F)n3)cn2)c2cccc(F)c2)CCO1,7.92,1
CHEMBL5846398,Cc1cn(C(C)C(=O)N(Cc2ccc(-c3noc(C(F)(F)F)n3)cn2)c2cccc(F)c2)nn1,7.92,1
CHEMBL5875004,Cn1c([C@@H]2CCC(=O)N2c2ccc(-c3noc(C(F)(F)F)n3)cc2F)nc2ccccc21,7.92,1
CHEMBL5921155,Cn1c(OCc2ccc(-c3noc(C(F)(F)F)n3)cn2)nc2ccccc21,7.92,1
CHEMBL5963705,FC(F)(F)c1nc(-c2ccc(CNc3cnsc3)nc2)no1,7.92,1
CHEMBL6008456,CN(C)C(=O)c1cccc(NCc2ccc(-c3noc(C(F)(F)F)n3)cn2)c1,7.92,1
CHEMBL5965712,O=C(NO)c1ccc(CNCC23CC4CC(CC(C4)C2)C3)c(F)c1,7.92,1
CHEMBL6015631,O=C(NO)c1ccc(CCCN2CCC(CNC3CC3c3ccc(OCc4ccc(F)cc4)cc3)CC2)cc1,7.92,1
CHEMBL5803449,CN(C)S(=O)(=O)N(Cc1ncc(-c2nnc(C(F)F)o2)s1)c1cccc(Cl)c1,7.92,1
CHEMBL6001691,COCCS(=O)(=O)N(Cc1ncc(-c2nnc(C(F)F)o2)s1)c1cncc(Cl)c1,7.92,1
CHEMBL5840523,C[C@H](F)c1cncc(N(Cc2ncc(-c3nnc(C(F)F)o3)s2)S(C)(=O)=O)c1,7.92,1
CHEMBL5821845,CCS(=O)(=O)N(Cc1cc(-c2nnc(C(F)F)o2)no1)c1cccc(Cl)c1,7.92,1
CHEMBL6150030,CS(=O)(=O)Nc1ccc(-c2ccnc(Nc3ccc(N4CCN(CC(=O)Nc5ccc(C(=O)NO)cc5)CC4)cc3)n2)cc1,7.92,1
CHEMBL6102213,O=C(CCCCCCOc1cccc2cccnc12)NO,7.92,1
CHEMBL6150602,CCCc1cc(C(=O)Nc2ccccc2F)nn1Cc1ccc(C(=O)NO)cc1,7.92,1
CHEMBL6174507,Cc1ccoc1C(=O)N1CCC2(CC1)C(=O)N(Cc1ccc(C(=O)NO)cc1)CN2c1ccccc1,7.92,1
CHEMBL3415963,Nc1nc2ncc(CNc3ccc(C(=O)NCCCCCCC(=O)NO)cc3)nc2c(=O)[nH]1,7.91,1
CHEMBL3639395,O=C(CCCCCCNC(=O)c1cnc(N2CCC(O)(c3ccccc3)CC2)nc1)NO,7.91,4
CHEMBL4759780,O=C(NO)c1ccc(Cn2c(=O)c(F)cn(C3CCCO3)c2=O)cc1,7.91,1
CHEMBL5267739,O=C(NO)c1ccc(Cn2cnc(-c3cccc(O)c3)n2)cc1,7.91,1
CHEMBL5281142,O=C(NO)c1ccc(Cn2cnc(-c3ccccc3)n2)c(F)c1,7.91,1
CHEMBL5401815,O=C(CCCCCN1C(=O)CC(c2ccc(Cl)c(Cl)c2)S(=O)(=O)c2ccccc21)NO,7.91,1
CHEMBL5592497,Cc1cc(/C=C2/C(=O)NCC(=O)N2C)ccc1/C=C/C(=O)NO,7.91,1
CHEMBL5593144,O=C(NO)c1ccc(CN2CCc3[nH]c4ccccc4c3C2)cc1,7.91,1
CHEMBL5818381,O=S(=O)(CCN1CC2CC(C1)O2)N(Cc1ncc(-c2nnc(C(F)F)o2)s1)c1cncc(Cl)c1,7.91,1
CHEMBL6034174,CCS(=O)(=O)N(Cc1ncc(-c2nnc(C(F)F)o2)s1)c1cncc(C(C)F)c1,7.91,1
CHEMBL6171729,Cn1cccc1C(=O)N1CCC2(CC1)C(=O)N(Cc1ccc(C(=O)NO)cc1)CN2c1ccccc1,7.91,1
CHEMBL6170665,O=C(NO)c1ccc(CN2CN(c3ccccc3)C3(CCN(C(=O)NCc4ccccc4)CC3)C2=O)cc1,7.91,1
CHEMBL3640683,O=C(CCCCCCNC(=O)c1cnc(N2CCc3ccccc3C2)nc1)NO,7.9,4
CHEMBL4170198,CN(C)c1ccc(C(=O)N(CC(=O)NCc2ccccc2)Cc2ccc(C(=O)NO)cc2)cc1,7.9,2
CHEMBL4229142,O=C(/C=C/c1ccc(C(=O)NO)cc1)N[C@@H](Cc1c[nH]c2ccccc12)C(=O)Nc1ccc(Cl)cc1,7.9,1
CHEMBL4458308,CCCN1C(=O)N(c2ccc(Cl)cc2)C(=O)C1CCC(=O)Nc1ccc(C(=O)NO)cc1,7.9,1
CHEMBL4439468,O=C(CCC1C(=O)N(c2ccc(Cl)cc2)C(=O)N1Cc1ccccc1)NCc1ccc(C(=O)NO)cc1,7.9,1
CHEMBL4577419,O=C(CCN(Cc1ccc(C(=O)NO)cc1)C(=O)c1ccccc1)NCc1ccccc1,7.9,1
CHEMBL4863833,O=C(NO)c1ccc(CN2C(=O)CN(Cc3ccccc3)C2=O)cc1,7.9,1
CHEMBL5078586,O=C(CCCCCCn1cc(Nc2ncc3ccn(Cc4ccccc4)c3n2)cn1)NO,7.9,1
CHEMBL5273396,O=C(NO)c1ccc(Cn2cnc(-c3ccc(F)cc3)n2)cc1,7.9,1
CHEMBL5428519,COc1cccc(CNC(=O)c2csc(-c3nnn(Cc4ccc(-c5nnc(C(F)(F)F)o5)cc4)n3)c2)c1,7.9,1
CHEMBL5595178,O=C(NO)c1ccc(CNC(=O)[C@@H]2Cc3c([nH]c4ccccc34)[C@@H](C3CC3)N2Cc2ccccc2)cc1,7.9,1
CHEMBL5647190,Cn1c(COc2ccccc2)nc2cc(C(=O)NO)ccc21,7.9,1
CHEMBL6038788,C[C@H]1CN(CCS(=O)(=O)N(Cc2ncc(-c3nnc(C(F)F)o3)s2)c2cncc(Cl)c2)CCO1,7.9,1
CHEMBL217651,CC(=O)CCCCC[C@H](NC(=O)C1CCCCN1C)C(=O)Nc1nc(-c2ccccc2)cs1,7.89,1
CHEMBL272401,CC(=O)CCCCC[C@H](NC1CCCCN1C)C(=O)Nc1nc(-c2ccccc2)cs1,7.89,1
CHEMBL2425964,CC(C)c1nc2cc(/C=C/C(=O)NO)ccc2c(=O)n1CCc1ccccc1,7.89,1
CHEMBL3577694,CN1c2ccc(NCc3ccc(-c4noc(CCCCCCC(=O)NO)n4)cc3)cc2C(=O)N2CCc3c([nH]c4ccc(O)cc34)C21,7.89,1
CHEMBL3655963,CC(C)(Nc1ncc(C(=O)NO)cn1)c1ccc(C(F)(F)F)cc1F,7.89,2
CHEMBL3652238,O=C(NO)c1cnc(Nc2cc(F)cc(F)c2)nc1,7.89,2
CHEMBL3675763,COc1ccc(N(CCCCCCC(=O)NO)c2ccccn2)nc1,7.89,1
CHEMBL3930762,Cc1ccc(Oc2ccc(Nc3ncnc4ccc(-c5cn(CCCCCC(=O)NO)nn5)cc34)cc2C)cn1,7.89,1
CHEMBL4106624,CC(C)[C@@H](C(=O)N1CCC(Nc2ncc(C(=O)NO)cn2)(c2ccccc2)CC1)c1ccccc1,7.89,1
CHEMBL4526647,O=C(CCCCCN1C(=O)c2cccc3c(Nc4ccccc4)ccc(c23)C1=O)NO,7.89,1
CHEMBL4563723,O=C(NO)c1ccc(Cn2cc(Nc3ncc(Cl)c(Nc4ccc(F)cc4)n3)cn2)cc1,7.89,1
CHEMBL4438566,O=C(NO)c1ccc(CN2c3ccccc3Sc3ccccc32)cc1,7.89,2
CHEMBL4444811,O=C(NO)c1ccc(CN2c3ccccc3S(=O)(=O)c3ccccc32)cc1,7.89,1
CHEMBL4442355,COc1ccc(-c2nc(NCCCOc3ccc(/C=C/C(=O)NO)cc3OC)cc3c2[nH]c2ccccc23)cc1,7.89,1
CHEMBL4556171,Cn1c(Sc2c(F)cc(C(=O)NO)cc2F)nnc1-c1cccnn1,7.89,1
CHEMBL4649511,O=C(CCCCCCCNc1nc2cc(C(=O)O)ccc2c2cnccc12)NO.O=C(O)C(F)(F)F,7.89,1
CHEMBL4755724,CC(C)(C)c1ccc(CC(=O)Nc2ccc(C(=O)NO)cc2)cc1,7.89,1
CHEMBL4876815,O=C(NO)c1ccc(CN2CCC[S+]([O-])c3ccccc32)cc1,7.89,1
CHEMBL4850081,O=C(CCCCCONC(=O)c1cc2ccccc2[nH]1)NO,7.89,1
CHEMBL5087997,O=C(NO)c1ccc(/C=C/c2cncc(-c3ccccc3O)c2)cc1,7.89,1
CHEMBL5080599,O=C(NO)c1ccc(CN(Cc2ccc(F)cc2)S(=O)(=O)c2c(F)c(F)c(F)c(F)c2F)cc1,7.89,1
CHEMBL5192044,Nc1ncc(-c2cc(N3CCOCC3)c(=O)n(Cc3ccc(C(=O)NO)cc3)n2)cn1,7.89,1
CHEMBL5174437,Nc1ccc(-c2cn(Cc3ccc(C(=O)NO)cc3)c(=O)c(N3CCOCC3)n2)cc1,7.89,1
CHEMBL5189808,Cc1cc(C)cc(C(=O)N(CC(=O)NCc2ccccc2)Cc2ccc(C(=O)NO)cc2F)c1,7.89,1
CHEMBL5185310,Cc1[nH]c2ccccc2c1C1=CCC(NCc2ccc(OCC(=O)NO)cc2F)CC1,7.89,1
CHEMBL5205415,O=C(/C=C/c1ccc(CNc2ccc3nc4n(c(=O)c3c2)CCCCC4)cc1)NO,7.89,1
CHEMBL5191361,COc1cc2nc(N3CCN(CCCCCC(=O)NO)CC3)nc(NC3CCN(Cc4ccccc4)CC3)c2cc1OC,7.89,1
CHEMBL5191916,COc1cc(OC)cc(N(CCCCCCC(=O)NO)c2ccc3ncc(-c4cnn(C)c4)nc3c2)c1,7.89,1
CHEMBL5218472,N#Cc1c(N)nc(N)nc1N1CC2(CC2)C[C@H]1c1nc2cccc(Cl)c2c(=O)n1Cc1ccc(C(=O)NO)s1,7.89,1
CHEMBL5218525,Cn1c([C@@H]2C[C@@H](OCc3ccc(C(=O)NO)cc3)CN2c2nc(N)nc(N)c2C#N)nc2cccc(Cl)c2c1=O,7.89,1
CHEMBL5220434,Cn1c([C@@H]2C[C@@H](OCc3ccc(C(=O)NO)s3)CN2c2nc(N)nc(N)c2C#N)nc2cccc(Cl)c2c1=O,7.89,1
CHEMBL5281979,COC(=O)/C=C/c1ccc(OCCCNc2cc3c([nH]c4ccccc43)c(-c3ccc(OC)cc3)n2)c(OC)c1,7.89,1
CHEMBL5413612,O=C(NO)c1ccc(Cn2c(=O)[nH]c(=O)c3c(Cl)cccc32)cc1,7.89,1
CHEMBL5429873,O=C(/C=C/c1ccc(NC(=O)Cc2ccccc2)cn1)NO,7.89,1
CHEMBL5561998,O=C(CN(C(=O)Cc1ccc(C(=O)NO)cc1F)c1ccccc1C(F)(F)F)NC1CCCCC1,7.89,1
CHEMBL5619169,CC(C)(C)NC(=O)CN(Cc1ccc(C(=O)NO)cc1)C(=O)c1cc2ccccc2[nH]1,7.89,1
CHEMBL5619260,Cn1cc(C(=O)N(CC(=O)NC(C)(C)C)Cc2ccc(C(=O)NO)cc2)c2ccccc21,7.89,1
CHEMBL5618496,O=C(CN(Cc1ccc(C(=O)NO)cc1)C(=O)c1cc2ccccc2[nH]1)NC1CCCCC1,7.89,1
CHEMBL5639928,CCCN(Cc1nc2cc(C(=O)NO)ccc2n1C)c1ccccc1,7.89,1
CHEMBL5639168,CCCCN(Cc1nc2cc(C(=O)NO)ccc2n1C)c1cccc(F)c1,7.89,1
CHEMBL5819845,COc1cccc(-c2nc3ccc(C(=O)NO)cc3[nH]2)c1O,7.89,1
CHEMBL5988946,C[C@@H]1CN(Cc2ccc(-c3ccc(-c4nc5ccc(C(=O)NO)cc5[nH]4)cc3)cc2)C[C@H](C)O1,7.89,1
CHEMBL5919959,O=C(NO)c1ccc2oc(-c3ccc(-c4ccncc4)cc3)nc2c1,7.89,1
CHEMBL5998589,O=C1CCC(c2ccccc2)N1c1ccc(-c2noc(C(F)(F)F)n2)c(F)c1,7.89,1
CHEMBL5771172,Cn1c(OCc2ccc(-c3noc(C(F)(F)F)n3)cn2)nc2cccnc21,7.89,1
CHEMBL5764116,Cc1noc([C@@H]2CCC(=O)N2c2ccc(-c3noc(C(F)(F)F)n3)c(F)c2)n1,7.89,1
CHEMBL5765615,Cc1noc(CC(=O)N(Cc2ccc(-c3noc(C(F)(F)F)n3)cn2)c2cccc(F)c2)n1,7.89,1
CHEMBL5980608,CC(C)NC(=O)c1ccccc1NCc1ccc(-c2noc(C(F)(F)F)n2)cn1,7.89,1
CHEMBL5913853,Cc1nc2ccc(F)cc2n1Cc1ccc(-c2noc(C(F)(F)F)n2)cn1,7.89,1
CHEMBL5835627,CN(C)S(=O)(=O)N(Cc1ncc(-c2nnc(C(F)F)o2)s1)c1cncc(F)c1,7.89,1
CHEMBL5896709,CC1(S(=O)(=O)N(Cc2ncc(-c3nnc(C(F)F)o3)s2)c2cccnc2)CC1,7.89,1
CHEMBL5827813,CCS(=O)(=O)N(Cc1ncc(-c2nnc(C(F)F)o2)s1)c1cncc(C)c1,7.89,1
CHEMBL5904464,CS(=O)(=O)N(Cc1ncc(-c2nnc(C(F)F)o2)s1)c1cncc(C2CC2)c1,7.89,1
CHEMBL5903819,O=S(=O)(CCN1C2COCC1C2)N(Cc1ncc(-c2nnc(C(F)F)o2)s1)c1cccnc1,7.89,1
CHEMBL5805468,NC(=O)CCS(=O)(=O)N(Cc1ncc(-c2nnc(C(F)F)o2)s1)c1cccnc1,7.89,1
CHEMBL6102805,CCCc1cc(C(=O)Nc2ccccn2)nn1Cc1ccc(C(=O)NO)cc1,7.89,1
CHEMBL6175143,CN1c2ccc(NCc3ccc(-c4noc(CC(=O)NO)n4)cc3)cc2C(O)N2CCc3c([nH]c4ccc(O)cc34)C12,7.89,1
CHEMBL6174140,O=C(NO)c1ccc(CN2CN(c3ccccc3)C3(CCN(Cc4ccccc4)CC3)C2=O)cc1,7.89,1
CHEMBL3693711,Cc1cccc(C)c1Nc1ccc(C(=O)NCCCCCCC(=O)NO)cc1,7.88,4
CHEMBL4244419,COc1ccc2nc3cc(Cl)ccc3c(Nc3cccc(-c4cn(CCCCCC(=O)NO)nn4)c3)c2c1,7.88,1
CHEMBL4849102,Cc1ccc2ccccc2c1N1CC(=O)N(Cc2ccc(C(=O)NO)cc2)C1=O,7.88,1
CHEMBL5081471,O=C(CCCCCCn1cc(Nc2ncc3ccn(-c4ccccc4)c3n2)cn1)NO,7.88,1
CHEMBL5285879,O=C(NO)c1ccc(Cn2cnc(-c3cccc(OC(F)(F)F)c3)n2)cc1,7.88,1
CHEMBL6176726,CN1CCC2(CC1)C(=O)N(Cc1ccc(C(=O)NO)cc1)CN2c1ccccc1,7.88,1
CHEMBL6172391,O=C(NO)c1ccc(CN2CN(c3ccccc3)C3(CCN(C(=O)[C@H]4CCCO4)CC3)C2=O)c(F)c1,7.88,1
CHEMBL3601342,COCCCNc1nccc2ccc(NC(=O)CCCCCCC(=O)NO)cc12,7.87,1
CHEMBL3902778,O=C(CCCCCCn1cc(-c2ccc3ncnc(Nc4ccc(OCc5nccs5)c(Cl)c4)c3c2)nn1)NO,7.87,1
CHEMBL4292944,CN1CC(=O)N2Cc3c(c4ccccc4n3Cc3ccc(C(=O)NO)cc3)CC2C1=O,7.87,1
CHEMBL4587714,O=C(CCC1C(=O)N(c2ccccc2)C(=O)N1Cc1ccc(Br)cc1)NCc1ccc(C(=O)NO)cc1,7.87,1
CHEMBL4468802,COc1ccc(/C=C(\C)C(=O)c2cc(OC)c(OC)c(OC)c2)cc1OCCCCCCCC(=O)NO,7.87,1
CHEMBL5283177,Cc1cccc2c(C(=O)N3CCN(Cc4ccc(C(=O)NO)cc4)CC3)c[nH]c12,7.87,1
CHEMBL5596430,COc1cc2c(cc1O)CN1C(=O)CC[C@H]1C(=O)N2CCCCCCC(=O)NO,7.87,1
CHEMBL5823735,O=C1NCCN(c2ccc(-c3noc(C(F)(F)F)n3)cn2)C1c1cccc(F)c1,7.87,2
CHEMBL5843335,O=C(NO)c1cc(F)c(CNCC23CC4CC(CC(C4)C2)C3)c(F)c1,7.87,1
CHEMBL3893822,Cc1ccc(Oc2ccc(Nc3ncnc4ccc(-c5cn(CCCCCCC(=O)NO)nn5)cc34)cc2C)cn1,7.86,1
CHEMBL3693717,O=C(CCCCCCNC(=O)c1ccc(N(c2ccccc2)c2ncccn2)cc1)NO,7.86,4
CHEMBL4545246,COc1ccc2c(c1)N(Cc1ccc(C(=O)NO)cc1)c1ccccc1S2,7.86,2
CHEMBL4878288,O=C(NO)c1ccc(CN2C(=O)C(Cc3ccccc3)N(Cc3ccncc3)C2=O)cc1,7.86,1
CHEMBL5092781,O=C(CCCCCn1cc(Nc2ncc3ccn(Cc4cccc(F)c4)c3n2)cn1)NO,7.86,1
CHEMBL5078697,O=C(CCCCCn1cc(Nc2ncc3ccn(Cc4ccccc4)c3n2)cn1)NO,7.86,1
CHEMBL5089854,O=C(CCCSC[C@H](NC(=O)c1ccccc1)C(=O)Nc1ccccc1)NO,7.86,1
CHEMBL5282117,COc1cccc(CN2C(=O)CN(Cc3ccc(C(=O)NO)cc3)C(=O)[C@H]2Cc2ccccc2)c1,7.86,1
CHEMBL5594548,O=C(NO)c1ccc(CN2CCc3c([nH]c4ccccc34)C2)cc1,7.86,1
CHEMBL5647039,Cn1c(CNc2ccccc2F)nc2cc(C(=O)NO)ccc21,7.86,1
CHEMBL5887328,CCOc1cncc(N(Cc2ncc(-c3nnc(C(F)F)o3)s2)S(=O)(=O)CC)c1,7.86,1
CHEMBL5952917,CCS(=O)(=O)N(Cc1ncc(-c2nnc(C(F)F)o2)s1)c1cncc([C@H](C)F)c1,7.86,1
CHEMBL5836159,CC[C@@H](C)S(=O)(=O)N(Cc1ncc(-c2nnc(C(F)F)o2)s1)c1cccnc1,7.86,1
CHEMBL1822043,CC(C)CCc1c(OCCCCCCCC(=O)NO)ccc(CCC(=O)NO)c1O,7.85,1
CHEMBL2179619,O=C(NO)c1ccc(CN(CCc2ccccc2)C(=O)Nc2ccccc2)cc1,7.85,5
CHEMBL2425967,CCc1nc2cc(/C=C/C(=O)NO)c(F)cc2c(=O)n1CCc1ccccc1,7.85,1
CHEMBL3652235,O=C(NO)c1cnc(Nc2cc(C(F)(F)F)cc(C(F)(F)F)c2)nc1,7.85,2
CHEMBL3774793,CN(c1ccc(OCC(=O)NO)cc1)c1ncnc2ccccc12,7.85,1
CHEMBL3939779,O=C(NO)c1cnc(NC2(c3ccccc3)CCN(C(=O)Nc3ccc(Cl)c(Cl)c3)CC2)nc1,7.85,1
CHEMBL4110772,O=C(NO)c1ccc(-c2c[nH]c3ncncc23)cc1,7.85,1
CHEMBL3909854,O=C(NO)c1ccc(Cn2cnc3ncncc32)cc1,7.85,1
CHEMBL4168213,CNC(=O)c1ccc(Nc2csc3ccccc23)cc1,7.85,1
CHEMBL4291781,CC(=O)Nc1ccc(-c2ccnc(Nc3ccc(OCCCCCCCC(=O)NO)cc3)n2)cc1.Cl,7.85,1
CHEMBL4461622,O=C(CCCCCN1C(=O)c2cccc3c(Nc4cccc(F)c4)ccc(c23)C1=O)NO,7.85,1
CHEMBL4526274,O=C(CCCCCn1cc(Nc2ncc(Cl)c(Nc3ccc(Cl)cc3)n2)cn1)NO,7.85,1
CHEMBL4462652,O=C(NO)c1ccc(CNCc2csc3ccccc23)cc1,7.85,1
CHEMBL4476497,C[C@H](NC(=O)c1nc(-c2nccs2)sc1C1CC1)c1ccc(C(=O)NO)cc1,7.85,1
CHEMBL4538450,CC(C)[C@H](NC(=O)c1nc(-c2nccs2)sc1C1CC1)c1ccc(C(=O)NO)cc1,7.85,1
CHEMBL4546254,O=C(NO)c1ccc(CN2c3cccnc3Sc3cccnc32)cc1,7.85,1
CHEMBL4439481,CC[C@H](Nc1nc(C)nc(N)c1C#N)c1nc2cccc(NCc3ccc(C(=O)NO)cc3)c2c(=O)n1-c1ccccc1,7.85,1
CHEMBL4548553,O=C(NO)c1ccc(-n2cnc3ncncc32)cc1,7.85,1
CHEMBL4649617,O=C(NO)c1ccc(NCc2csc3ccccc23)cc1,7.85,3
CHEMBL4763401,CC(C)N(Cc1ccc(C(=O)NO)cc1)C(=O)c1c(F)c(F)c(F)c(F)c1F,7.85,2
CHEMBL4765007,O=C(/C=C/c1ccc(CNC(=O)c2c(F)c(F)c(F)c(F)c2F)cc1)NO,7.85,1
CHEMBL4875969,O=C(NO)c1ccc(CN2CCCCc3ccc(Cl)cc32)cc1,7.85,1
CHEMBL4860396,COc1cc2c(cc1OC)N(Cc1ccc(C(=O)NO)cc1)CCCC2,7.85,1
CHEMBL5093179,CCN(CC)CCNC(=O)c1ccc(NC(=O)CCCCCCC(=O)NO)cc1,7.85,1
CHEMBL5083395,O=C(NO)c1ccc(/C=C/c2ccnc(-c3cccnc3)c2)cc1,7.85,1
CHEMBL5086440,O=C(NO)c1ccc(CN(Cc2ccncc2)S(=O)(=O)c2c(F)c(F)c(F)c(F)c2F)cc1,7.85,1
CHEMBL5070393,O=C(NO)c1ccc(CN(Cc2cccc(F)c2)S(=O)(=O)c2cc(F)c(F)c(F)c2F)cc1,7.85,1
CHEMBL5202641,O=S(=O)(N1CCN(C2COC2)CC1)N(Cc1ccc(-c2nnc(C(F)(F)F)o2)cn1)c1ccc(F)c(Cl)c1,7.85,1
CHEMBL5175778,O=C(NO)c1ccc(Cn2cc(-c3ccc(O)cc3)nc(N3CCOCC3)c2=O)cc1,7.85,1
CHEMBL5206969,O=C(NO)c1ccc(Cn2cc(-c3cccc(CO)c3)nc(N3CCOCC3)c2=O)cc1,7.85,1
CHEMBL5185297,O=C(COc1ccc(CNCCc2c[nH]c3ccccc23)c(F)c1)NO,7.85,1
CHEMBL5201529,O=C(NO)c1ccc(CN(C2CC2)S(=O)(=O)c2cc(F)c(F)c(F)c2)cc1,7.85,1
CHEMBL5281081,O=C(NO)c1ccc(CN2CCN(C(=O)c3c[nH]c4cc(F)ccc34)CC2)cc1,7.85,1
CHEMBL5422534,COc1cc2c(cc1-c1c(C)noc1C)[nH]c1nc(C)nc(NCCCCCCC(=O)NO)c12,7.85,1
CHEMBL5556234,CCN1CCN(CC2CCc3c(c4ccccc4n3Cc3ccc(C(=O)NO)cc3)C2=O)CC1,7.85,1
CHEMBL5592570,Cn1c2c(c3ccccc31)CN(C(=O)OCc1ccc(C(=O)NO)cc1)CC2,7.85,1
CHEMBL5619922,C=C[C@]1(C)CC[C@@H](C(=C)Cn2cccn2)C[C@H]1C(=C)CN1CCN(C(=O)CCCCCCC(=O)NO)CC1,7.85,1
CHEMBL5632047,Nc1ncc2ncn(Cc3ccc(C(=O)NO)cc3)c2n1,7.85,1
CHEMBL5633489,Nc1nc(Cl)c2ncn(Cc3ccc(CC(=O)NO)cc3)c2n1,7.85,1
CHEMBL6038700,Fc1ccc(Cl)cc1C1(Nc2ncc(-c3nnc(C(F)F)o3)cn2)CC1,7.85,1
CHEMBL5904614,CC(C)c1ccc(-c2nc3ccc(C(=O)NO)cc3[nH]2)cc1,7.85,2
CHEMBL5779017,O=C(NO)c1ccc2nc(-c3ccnc4ccccc34)[nH]c2c1,7.85,1
CHEMBL5917068,O=C(NO)c1ccc2nc(-c3ccccc3-c3ccccc3)[nH]c2c1,7.85,2
CHEMBL5954075,CCN(CC)CCOc1ccc(-c2nc3ccc(C(=O)NO)cc3[nH]2)cc1,7.85,1
CHEMBL5804854,O=C(NO)c1ccc2oc(-c3ccc4c(c3)OCO4)nc2c1,7.85,1
CHEMBL6060570,O=C(NO)c1ccc2oc(-c3ccc(-c4ccc(CN5CCCCC5)cc4)cc3)nc2c1,7.85,1
CHEMBL5898382,O=C(NO)c1ccc2oc(Nc3ccccc3)nc2c1,7.85,1
CHEMBL5898733,Cc1noc([C@@H]2CCC(=O)N2c2ccc(-c3noc(C(F)(F)F)n3)c(F)c2F)n1,7.85,1
CHEMBL6033702,O=C1COC[C@@H](c2nc(-c3cccnc3)no2)N1c1ccc(-c2noc(C(F)(F)F)n2)cc1,7.85,1
CHEMBL5924419,CC(C)(C)OC(=O)[C@@H]1CCC(=O)N1c1ccc(-c2noc(C(F)(F)F)n2)cc1F,7.85,1
CHEMBL5985417,O=C1COC[C@@H](c2ccccc2)N1c1ccc(-c2noc(C(F)(F)F)n2)cc1F,7.85,1
CHEMBL5927861,O=C1OC[C@@H](c2ccccc2)N1c1ccc(-c2noc(C(F)(F)F)n2)c(F)c1,7.85,1
CHEMBL5797106,COCCN1Cc2ccccc2N(Cc2ccc(-c3noc(C(F)(F)F)n3)cn2)C1=O,7.85,1
CHEMBL5770781,O=C(NO)c1ccc(Cn2c(=O)n(CCc3ccc(N4CCOCC4)cc3)c(=O)c3ccccc32)cc1,7.85,1
CHEMBL5808004,CCS(=O)(=O)N(Cc1ncc(-c2nnc(C(F)F)o2)s1)c1ccc(F)c(Cl)c1,7.85,1
CHEMBL5839722,CCS(=O)(=O)N(Cc1ncc(-c2nnc(C(F)F)o2)s1)c1ccc2cnn(C)c2c1,7.85,1
CHEMBL5861965,O=S(=O)(C1CC1)N(Cc1ncc(-c2nnc(C(F)F)o2)s1)c1cncc(F)c1,7.85,1
CHEMBL5930159,O=S(=O)(CCN1CC2CC(C1)O2)N(Cc1ncc(-c2nnc(C(F)F)o2)s1)c1cccnc1,7.85,1
CHEMBL6148453,Cc1c(F)c(N)cc(C(=O)Nc2cc(-c3ccc(C(=O)NCCCCCCC(=O)NO)cc3)ccc2N2CCN(C)CC2)c1Cl,7.85,1
CHEMBL4299470,CC[C@H]1OC(=O)[C@@H](C)[C@H](O[C@H]2C[C@@](C)(OC)[C@@H](O)[C@H](C)O2)[C@H](C)[C@H](O[C@H]2O[C@@H](C)C[C@@H](N(C)Cc3ccc(-c4cn(CCCCCC(=O)NO)nn4)cc3)[C@@H]2O)[C@@](C)(O)C[C@H](C)CN(C)[C@@H](C)[C@H](O)[C@@]1(C)O,7.84,1
CHEMBL3939771,O=C(CCCCCn1cc(-c2ccc3ncnc(Nc4ccc(OCc5nccs5)c(Cl)c4)c3c2)nn1)NO,7.84,1
CHEMBL3693730,CC(=O)N(c1ccccc1)c1ccc(C(=O)NCCCCCCC(=O)NO)cc1,7.84,4
CHEMBL3693810,COC(C)(c1ccc(C(=O)NCCCCCCC(=O)NO)cc1)c1ccccn1,7.84,4
CHEMBL3640700,O=C(CCCCCCNC(=O)c1cnc(N2CCC(O)(c3ccc(Cl)cc3)CC2)nc1)NO,7.84,4
CHEMBL4080164,Cc1[nH]c2ccccc2c1CCNCc1cccc(/C=C/C(=O)NO)c1.Cl,7.84,1
CHEMBL4580143,Cc1ccc(CNC(=O)CCN(Cc2ccc(C(=O)NO)cc2)C(=O)c2ccc(N(C)C)cc2)cc1,7.84,1
CHEMBL4847771,NC(=O)c1ccc2c(c1)N(Cc1ccc(C(=O)NO)cc1)c1ccccc1[S+]2[O-],7.84,1
CHEMBL4860333,O=C(NO)c1ccc(CN2CCCc3ccccc32)cc1,7.84,3
CHEMBL5280669,O=C(NO)c1ccc(Cn2cnc(-c3c(F)cccc3F)n2)cc1,7.84,1
CHEMBL5276052,O=C(NO)c1ccc(CN2CCN(C(=O)c3c[nH]c4ccccc34)CC2)cc1,7.84,1
CHEMBL5402344,O=C(CCCCCCNC(=O)c1ncc(-c2ccc(Cl)cc2)o1)NO,7.84,1
CHEMBL5594999,CN1C(=O)CNC(=O)/C1=C/c1ccc(C(=O)Nc2ccc(C(=O)NO)cc2)cc1,7.84,1
CHEMBL5595174,O=C(CCCCCCC(=O)N1CCc2c([nH]c3ccccc23)C1)NO,7.84,1
CHEMBL5646473,Cn1c(CNCc2ccccc2)nc2cc(C(=O)NO)ccc21,7.84,1
CHEMBL5893533,CN(Cc1ccc2c(c1)CCC(C(=O)NO)=C2)CC12CC3CC(CC(C3)C1)C2,7.84,1
CHEMBL5831643,O=C(NO)c1ccc(Nc2nc3ccccc3n2C2CCCCCC2)cc1,7.84,1
CHEMBL6058537,CCCS(=O)(=O)N(Cc1ncc(-c2nnc(C(F)F)o2)s1)c1cncc(OC(F)F)c1,7.84,1
CHEMBL4299468,CC[C@@H]1OC(=O)[C@H](C)[C@@H](O[C@H]2C[C@@](C)(OC)[C@](O)(CN(C)C)[C@H](C)O2)[C@@H](C)[C@@H](O[C@@H]2O[C@H](C)C[C@H](N(C)Cc3ccc(-c4cn(CCCCCC(=O)NO)nn4)cc3)[C@H]2O)[C@](C)(O)C[C@@H](C)CN(C)[C@H](C)[C@@H](O)[C@]1(C)O,7.83,1
CHEMBL3693780,COC(c1ccccc1)(c1ccc(C(=O)NCCCCCCC(=O)NO)cc1)c1cccnc1,7.83,4
CHEMBL3640702,O=C(CCCCCCNC(=O)c1cnc(N2CCC[C@H]2CO)nc1)NO,7.83,4
CHEMBL4094664,O=C(CS)NCCCCCNc1c(Cl)cc(Cl)c2cccnc12,7.83,1
CHEMBL4476049,CN(C)c1ccc(C(=O)N(CCC(=O)NCc2ccccc2)Cc2ccc(C(=O)NO)cc2)cc1,7.83,1
CHEMBL5075704,Nc1nc(NCCc2ccc(C(=O)NO)cc2)nc2nc(-c3ccco3)nn12,7.83,1
CHEMBL5087239,O=C(CCCCCCn1cc(Nc2ncc3ccn(Cc4cccc(F)c4)c3n2)cn1)NO,7.83,1
CHEMBL5274632,Cc1cccc(-c2ncn(Cc3ccc(C(=O)NO)cc3)n2)c1,7.83,1
CHEMBL5417760,Cc1ccc(-c2cnc(C(=O)NCCCCCCC(=O)NO)s2)cc1,7.83,1
CHEMBL403323,O=C(/C=C/c1ccc(CN(CCO)CCc2cc3ccccc3[nH]2)cc1)NO,7.82,1
CHEMBL497760,O=C(c1ccc(C(=O)N2CCc3ccccc32)s1)C(F)F,7.82,2
CHEMBL571505,O=C(c1ccc(-c2ccc3nccnc3c2)s1)C(F)(F)F,7.82,1
CHEMBL1822046,CC(C)CCc1c(OCCCCCCC(=O)NO)ccc2ccc(=O)oc12,7.82,1
CHEMBL2018302,CN1CCc2c(c3ccccc3n2Cc2ccc(C(=O)NO)cc2)C1,7.82,105
CHEMBL2425959,Cc1nc2cc(/C=C/C(=O)NO)ccc2c(=O)n1CCc1c[nH]c2ccccc12,7.82,1
CHEMBL2442798,COc1cc([C@@H]2c3cc4c(cc3[C@@H](Nc3cccc(OCCCCCC(=O)NO)c3)[C@H]3COC(=O)[C@H]23)OCO4)cc(OC)c1O,7.82,1
CHEMBL3339034,O=C(CCCCCCC(=O)Nc1cc2c(Cl)ncnc2s1)NO,7.82,1
CHEMBL3356937,Cc1cccc(CCNC(=O)[C@H](CCCCCS)NC(=O)[C@@H]2CCCC(=O)N2)c1,7.82,1
CHEMBL3652229,COc1ccc(Nc2ncc(C(=O)NO)cn2)cc1,7.82,2
CHEMBL3652234,O=C(NO)c1cnc(Nc2cc(Cl)ccc2Cl)nc1,7.82,2
CHEMBL3764525,CN(C)c1ccc(C(=O)N/N=C/c2ccc(C(=O)NO)cc2)cc1,7.82,1
CHEMBL3770936,CN1CCc2c(c3ccccc3n2Cc2ccc(C(=O)NO)cc2)C1.Cl,7.82,1
CHEMBL3693712,CCN(c1ccc(C(=O)NCCCCCCC(=O)NO)cc1)c1ccccc1C(F)(F)F,7.82,4
CHEMBL3693719,Cc1cccc(Cl)c1N(C)c1ccc(C(=O)NCCCCCCC(=O)NO)cc1,7.82,4
CHEMBL3693812,O=C(CCCCCCNC(=O)c1ccc(C(O)(c2ccccc2F)c2ccccc2F)cc1)NO,7.82,4
CHEMBL3640693,O=C(CCCCCCNC(=O)c1cnc(N2CCN(c3ccccc3)CC2)nc1)NO,7.82,4
CHEMBL3640694,COc1ccc(N2CCN(c3ncc(C(=O)NCCCCCCC(=O)NO)cn3)CC2)cc1,7.82,4
CHEMBL4212186,CCCc1nn(C)c2c(=O)[nH]c(-c3cc(Cc4ccc(C(=O)NO)s4)ccc3OCC)nc12,7.82,1
CHEMBL4550522,O=C(/C=C/c1ccc(NC(=O)Cc2cccc3ccccc23)cn1)NO,7.82,2
CHEMBL4457790,O=C(NO)c1ccc(Cn2c(=O)n(CCc3ccccc3)c(=O)c3ccsc32)cc1,7.82,2
CHEMBL1789941,N#CC[C@H](C1CCCC1)n1cc(-c2ncnc3[nH]ccc23)cn1,7.82,1
CHEMBL4793324,Cn1cc(-c2ccccc2Oc2ccccc2)c2cc(C(=O)NCc3ccc(C(=O)NO)cc3)[nH]c2c1=O,7.82,1
CHEMBL5087220,Nc1nc2c(cnn2CCCCCC(=O)NO)c2nc(-c3ccco3)nn12,7.82,1
CHEMBL5083330,O=C(CCCCCn1cc(Nc2ncc3ccn(Cc4ccccc4F)c3n2)cn1)NO,7.82,1
CHEMBL5093633,Cc1ccc(-c2cc(/C=C/c3ccc(C(=O)NO)cc3)ccn2)c(F)c1,7.82,3
CHEMBL5179687,Nc1ncc(-c2cn(Cc3ccc(C(=O)NO)cc3)c(=O)c(N3CCOCC3)n2)cn1,7.82,1
CHEMBL5194733,O=C(NO)c1ccc(Cn2cc(-c3cccnc3)nc(N3CCOCC3)c2=O)cc1,7.82,1
CHEMBL5204426,O=C(NO)c1ccc(Cn2cc(-c3ccc(CO)cc3)nc(N3CCOCC3)c2=O)cc1,7.82,1
CHEMBL5192518,O=C(NO)c1ccc(/C=N/NC(=O)c2cc(N3CCOCC3)nc(-c3cccc(O)c3)n2)cc1,7.82,3
CHEMBL5192119,O=C(NO)c1ccc(CN(C2CC2)S(=O)(=O)c2c(F)c(Cl)c(F)c(Cl)c2F)cc1,7.82,1
CHEMBL5194900,O=C(CCCCCCNC(=O)c1ccc(NC(=O)CCOCCOCCOCCOCCNC(=O)CNc2cccc3c2C(=O)N(C2CCC(=O)NC2=O)C3=O)cc1)NO,7.82,1
CHEMBL5422921,CN1CCC2C(C1)c1ccccc1N2Cc1ccc(C(=O)NO)cc1,7.82,1
CHEMBL5592524,CC12CC3CC(C)(C1)CC(NC(=O)Nc1ccc(C(=O)NCCCCCCC(=O)NO)cc1F)(C3)C2,7.82,1
CHEMBL5575329,O=C(Cc1ccc(C(=O)NO)cc1)Nc1ccc2ncnc(Nc3ccc(Br)c(F)c3)c2c1,7.82,1
CHEMBL5594641,O=C(NO)c1ccc(CN2CCc3c(n(CC4CC4)c4ccc(F)cc34)C2)cc1,7.82,1
CHEMBL5629859,CN1CCC2c3ccccc3N(Cc3ccc(C(=O)NO)cc3)C2C1,7.82,1
CHEMBL5661899,CN1CCc2c(c3ccccc3n2Cc2ccc(C(=O)NO)cc2)C1.O=C(O)C(F)(F)F,7.82,1
CHEMBL6055050,CS(=O)(=O)NC[C@H](Nc1ncc(-c2nnc(C(F)F)o2)cn1)c1ccc(F)cc1,7.82,1
CHEMBL6026295,FC(F)c1nnc(-c2cnc(NC3(c4cccc(Cl)c4)CC3)nc2)o1,7.82,1
CHEMBL5905143,Fc1cccc(C2(Nc3ncc(-c4nnc(C(F)F)o4)cn3)CC2)c1,7.82,1
CHEMBL5750099,O=C(NO)c1ccc2nc(-c3ccc(-c4ccccc4)cc3)[nH]c2c1,7.82,2
CHEMBL5858892,Cn1c(-c2nc3ccc(C(=O)NO)cc3[nH]2)cc2ccccc21,7.82,1
CHEMBL5980790,O=C(NO)c1ccc2oc(-c3ccccc3)nc2c1,7.82,1
CHEMBL5792493,O=C(N(Cc1ccc(-c2noc(C(F)(F)F)n2)cn1)c1cccc(F)c1)C1(CN2CCOCC2)CC1,7.82,1
CHEMBL5831139,O=C1CCC(c2ccc(Cl)cc2)N1c1ccc(-c2noc(C(F)(F)F)n2)cc1F,7.82,1
CHEMBL6000904,O=C1COC[C@@H](c2ccccc2)N1c1ccc(-c2noc(C(F)(F)F)n2)cn1,7.82,1
CHEMBL6053258,NC(=O)c1cccc(NCc2ccc(-c3noc(C(F)(F)F)n3)cc2)c1,7.82,1
CHEMBL5976360,O=C(NO)c1ccc(Nc2nc3ccccc3n2C2CCCCC2)cc1,7.82,1
CHEMBL5845621,N#Cc1cncc(N(Cc2ncc(-c3nnc(C(F)F)o3)s2)S(=O)(=O)C2CC2)c1,7.82,1
CHEMBL5901415,O=S(=O)(CCN1C[C@H]2C[C@@H]1CO2)N(Cc1ncc(-c2nnc(C(F)F)o2)s1)c1cncc(F)c1,7.82,1
CHEMBL6164091,O=C(CCCCCCCn1c2cc3c(cc2c2[nH]c(=O)c4ccccc4c21)OCO3)NO,7.82,1
CHEMBL6160900,Cc1c(F)c(N)cc(C(=O)Nc2cc(-c3ccc(NC(=O)Cc4ccc(C(=O)NO)cc4)cc3)ccc2N2CCN(C)CC2)c1Cl,7.82,1
CHEMBL1631910,O=C(CCCCCC1OCCCCCOc2ccccc2NC1=O)NO,7.81,1
CHEMBL3693789,COC(c1ccccc1)(c1ccncc1)c1ccc(C(=O)NCCCCCCC(=O)NO)cc1,7.81,4
CHEMBL3640660,O=C(CCCCCCNC(=O)c1ccc(C(O)(c2ccc(F)cc2)c2ccccn2)cc1)NO,7.81,4
CHEMBL3640662,COC(c1ccc(F)cc1)(c1ccc(C(=O)NCCCCCCC(=O)NO)cc1)c1ccccn1,7.81,4
CHEMBL3640697,O=C(CCCCCCNC(=O)c1cnc(N2CCOC(CO)C2)nc1)NO,7.81,4
CHEMBL4206021,COc1ccc(C(=O)c2ccc3c(ccn3Cc3ccc(C(=O)NO)cc3)c2)cc1OC,7.81,1
CHEMBL4538156,O=C(CCc1csc(CCc2ccc(Cl)cc2)n1)NO,7.81,1
CHEMBL4788497,Cn1cc(-c2cc(C(C)(C)O)ccc2Oc2ccc(F)cc2F)c2cc(C(=O)NCc3ccc(C(=O)NO)cc3)[nH]c2c1=O,7.81,1
CHEMBL4846564,C/C(=N\O)c1ccc2c(c1)N(Cc1ccc(C(=O)NO)cc1)c1ccccc1[S+]2[O-],7.81,1
CHEMBL5596336,COc1cc2c(cc1O)CN1C(=O)CC[C@H]1C(=O)N2CCCCCC(=O)NO,7.81,1
CHEMBL5618517,O=C(CCCCCCNc1nccc(-c2sc(-c3ccccc3)nc2-c2cccc(NS(=O)(=O)c3c(F)cccc3F)c2F)n1)NO,7.81,1
CHEMBL5950246,O=S(=O)(CCN1CCOCC1)N(Cc1ncc(-c2nnc(C(F)F)o2)s1)c1cncc(F)c1,7.81,1
CHEMBL6171915,O=C(NO)c1ccc(CN2CN(c3ccccc3)C3(CCN(C(=O)[C@H]4CCCO4)CC3)C2=O)cc1,7.81,1
CHEMBL1822042,CC(C)CCc1c(OCCCCCCC(=O)NO)ccc(CCC(=O)NO)c1O,7.8,1
CHEMBL2417781,O=C(CCCCCCC(=O)Nc1ccc(-c2ccccc2NC(=O)[C@@H]2CCCN2)cc1)NO,7.8,1
CHEMBL2442800,COc1cc([C@@H]2c3cc4c(cc3[C@@H](Nc3ccc(OCCCCCCC(=O)NO)cc3)[C@H]3COC(=O)[C@H]23)OCO4)cc(OC)c1O,7.8,1
CHEMBL3675758,O=C(CCCCCCN(c1ccccn1)c1ccc2ccccc2n1)NO,7.8,1
CHEMBL3982710,COc1cc(Nc2ncnc3ccc(-c4cn(CCCCCCC(=O)NO)nn4)cc23)ccc1Oc1ccccc1,7.8,1
CHEMBL3945293,O=C(CCCCCCCOc1ccc2cc1COC/C=C/COCc1cccc(c1)-c1ccnc(n1)N2)NO,7.8,1
CHEMBL3640667,O=C(CCCCCCNC(=O)c1ccc(C(O)(c2ccc(F)cc2)C(F)(F)F)cc1)NO,7.8,4
CHEMBL4096623,CCN(CC)CCNC(=O)c1ccc(-c2cn(CCCCCCC(=O)NO)nn2)cc1,7.8,1
CHEMBL4225331,Cc1ccc(-c2cc(C(F)(F)F)n(Cc3ccc(C(=O)NO)cc3)n2)cc1,7.8,1
CHEMBL4243822,O=C(CCCCCCC(=O)Nc1ccc(Nc2nc(-c3cnn(CCCCCCOc4ccccc4)c3)c3cc[nH]c3n2)cc1)NO,7.8,1
CHEMBL4450965,O=C(NO)c1ccc(CN2c3ccccc3Sc3cccc(Cl)c32)cc1,7.8,1
CHEMBL4565948,O=C(CCc1csc(CCc2ccc(Br)cc2)n1)NO,7.8,1
CHEMBL4522666,C[C@H](Nc1nc(N)nc(N)c1C#N)c1nc2cccc(CNC(=O)c3ccc(C(=O)NO)cc3)c2c(=O)n1-c1ccccc1,7.8,1
CHEMBL4460868,O=C(NO)c1ccc(Cc2nnc(-c3ccccc3)s2)cc1,7.8,1
CHEMBL4777783,O=C(NO)c1ccc(CN2C(=O)/C(=C3\Nc4ccccc4\C3=N/O)c3cc(Cl)ccc32)cc1,7.8,1
CHEMBL191482,CC(C)[C@H](C(=O)Nc1ccc(C(=O)NO)cc1)c1ccccc1,7.8,2
CHEMBL5086693,Nc1nc2c(cnn2CCc2ccc(OCCCCCC(=O)NO)cc2)c2nc(-c3ccco3)nn12,7.8,1
CHEMBL5075022,O=C(CCCCCCn1cc(Nc2ncc3ccn(CC4CC4)c3n2)cn1)NO,7.8,1
CHEMBL5199849,CN(C)c1ccc(C(=O)N(CC(=O)NC2CCCCC2)Cc2ccc(C(=O)NO)cc2F)cc1,7.8,1
CHEMBL5197503,CCNNC(=O)c1ccc(Cn2nnnc2-c2cccs2)cc1,7.8,1
CHEMBL5187697,COc1cc2nc(NCCCCCCC(=O)NO)nc(NC3CCN(C)CC3)c2cc1OC,7.8,1
CHEMBL5172182,O=C(NO)c1cnc(N2CCC(NC(=O)c3cnc(-n4cccn4)nc3O)CC2)nc1,7.8,1
CHEMBL5411948,O=C(NO)c1ccc(NC(=O)C(Cc2ccccc2)c2ccccc2)cn1,7.8,1
CHEMBL5434758,FC(F)c1nnc(-c2cnc(Cn3nnc(-c4ccccn4)n3)nc2)o1,7.8,1
CHEMBL5566548,O=C(CN(C(=O)Cc1ccc(C(=O)NO)cc1F)c1ccccc1)NC1CCCCC1,7.8,1
CHEMBL5619510,CNC(=O)c1ccccc1Nc1nc(Nc2ccc(NC(=O)CCCCCCC(=O)NO)cc2)ncc1Cl,7.8,2
CHEMBL5646691,Cn1c(CNc2ccccc2)nc2cc(C(=O)NO)ccc21,7.8,1
CHEMBL5639103,Cc1ccccc1NCc1nc2cc(C(=O)NO)ccc2n1C,7.8,1
CHEMBL5857390,FC(F)c1nnc(-c2cnc(NC3(c4cccc(C(F)(F)F)c4)CC3)nc2)o1,7.8,1
CHEMBL5826961,CC(C)(Nc1ncc(-c2nnc(C(F)F)o2)cn1)c1c(F)cccc1F,7.8,1
CHEMBL6029183,CS(=O)(=O)NC[C@H](Nc1ncc(-c2nnc(C(F)F)o2)cn1)c1ccc(F)cc1F,7.8,1
CHEMBL5927187,COc1cc(F)c(C2(Nc3ncc(-c4nnc(C(F)F)o4)cn3)CC2)c(F)c1,7.8,1
CHEMBL5853771,Cn1cc(-c2cc3cc(C(=O)NO)ccc3s2)cn1,7.8,1
CHEMBL5783407,O=C(NO)c1ccc2sc(CN3CCCCC3)nc2c1,7.8,1
CHEMBL5808267,CC(C)CN(Cc1nc2cc(C(=O)NO)ccc2s1)CC(C)C,7.8,1
CHEMBL6054894,COc1ccc(-c2ccc(-c3nc4cc(C(=O)NO)ccc4o3)c(F)c2)cn1,7.8,1
CHEMBL5981827,CC(C)(C)OC(=O)[C@@H]1CCC(=O)N1c1ccc(-c2noc(C(F)(F)F)n2)c(F)c1F,7.8,1
CHEMBL5923589,CC(=O)NC(Cc1ccc(-c2noc(C(F)(F)F)n2)cn1)c1cccc(C(F)(F)F)c1,7.8,1
CHEMBL5992729,CN(C(=O)[C@@H]1COCC(=O)N1c1ccc(-c2noc(C(F)(F)F)n2)c(F)c1)C(C)(C)C,7.8,1
CHEMBL5911935,Fc1cc(COc2nc3ncccc3n2CC(F)(F)F)ccc1-c1noc(C(F)(F)F)n1,7.8,1
CHEMBL5751100,Fc1cc(COc2ccc3cccc(F)c3n2)ccc1-c1noc(C(F)(F)F)n1,7.8,1
CHEMBL5920258,FC(F)(F)c1nc(-c2ccc(COc3nncc4ccccc34)nc2)no1,7.8,1
CHEMBL5970965,CN1Cc2ccc(NCc3ccc(-c4noc(C(F)(F)F)n4)cn3)cc2C1=O,7.8,1
CHEMBL5939997,CCS(=O)(=O)N(Cc1ncc(-c2nnc(C(F)F)o2)s1)c1ccc(F)c(F)c1,7.8,1
CHEMBL5973463,CCS(=O)(=O)N(Cc1ncc(-c2nnc(C(F)F)o2)s1)c1ccc(C2CC2)nc1,7.8,1
CHEMBL5930519,O=S(=O)(CCN1C2COCC1C2)N(Cc1ncc(-c2nnc(C(F)F)o2)s1)c1cncc(Cl)c1,7.8,1
CHEMBL5970273,O=S(=O)(CCN1C[C@H]2C[C@@H]1CO2)N(Cc1ncc(-c2nnc(C(F)F)o2)s1)c1cncc(Cl)c1,7.8,1
CHEMBL6078135,CNC(=O)c1ccccc1Nc1cc(Nc2ccc(NC(=O)CCCCCCC(=O)NO)cc2)ncc1Cl,7.8,1
CHEMBL6143656,Cc1c(F)c(N)cc(C(=O)Nc2cc(-c3ccc(NC(=O)CCCCCC(=O)NO)cc3)ccc2N2CCN(C)CC2)c1Cl,7.8,1
CHEMBL6176461,O=C(NO)c1ccc(CN2CN(c3ccccc3)C3(CCN(C(=O)NC4CCCC4)CC3)C2=O)cc1,7.8,1
CHEMBL3759186,COc1cc2ncnc(Nc3ccc(Br)cc3)c2cc1OCCCCCCC(=O)NO,7.79,1
CHEMBL3693741,O=C(CCCCCCNC(=O)c1ccc(Nc2nc3ccccc3s2)cc1)NO,7.79,4
CHEMBL3640674,CN(C)C(=O)c1cccc(C(O)(c2ccccc2)c2ccc(C(=O)NCCCCCCC(=O)NO)cc2)c1,7.79,4
CHEMBL3640678,COC(c1ccccc1)(c1ccc(C(=O)NCCCCCCC(=O)NO)cc1)c1cccc(C(=O)N(C)C)c1,7.79,4
CHEMBL3640703,CN1CCN(c2ncc(C(=O)NCCCCCCC(=O)NO)cn2)C(c2ccccc2)C1,7.79,4
CHEMBL3640704,O=C(CCCCCCNC(=O)c1cnc(N2CCN(c3ccc(F)cc3)CC2)nc1)NO,7.79,4
CHEMBL4210907,COc1cccc(C(=O)c2ccc3c(ccn3Cc3ccc(C(=O)NO)cc3)c2)c1,7.79,1
CHEMBL5173782,CC(C)N(Cc1ccc(C(=O)NO)cc1)Cc1cc(F)c(F)c(F)c1F,7.79,1
CHEMBL5284275,O=C(NO)c1ccc(CN2CC(=O)N(c3ccccc3)C(CCc3ccccc3)C2=O)cc1,7.79,1
CHEMBL5436704,COc1cccc(-c2cnc(C(=O)NCCCCCCC(=O)NO)o2)c1,7.79,1
CHEMBL5425061,COc1ccccc1-c1nnn(Cc2ccc(-c3nnc(C(F)F)o3)cn2)n1,7.79,2
CHEMBL5589980,COc1ccc2[nH]c3c(c2c1)CCN(Cc1ccc(C(=O)NO)cc1)C3,7.79,1
CHEMBL5597185,O=C(CCCCCCCN1C(=O)[C@@H]2CCC(=O)N2Cc2ccccc21)NO,7.79,2
CHEMBL5843851,CCc1cncc(N(Cc2ncc(-c3nnc(C(F)F)o3)s2)S(=O)(=O)CC)c1,7.79,1
CHEMBL6059978,CC(C)CS(=O)(=O)N(Cc1ncc(-c2nnc(C(F)F)o2)s1)c1cccnc1,7.79,1
CHEMBL6021614,O=S(=O)(CCN1C[C@@H]2C[C@H]1CO2)N(Cc1ncc(-c2nnc(C(F)F)o2)s1)c1cncc(Cl)c1,7.79,1
CHEMBL3693708,CN(c1ccccc1)c1ncc(C(=O)NCCCCCCC(=O)NO)cn1,7.78,4
CHEMBL4077893,CN(C)Cc1cn(S(=O)(=O)c2ccc(/C=C/C(=O)NO)cc2)c2ccccc12,7.78,1
CHEMBL4097093,O=C(NO)c1ccc(CN2CCN(C(=O)c3cc(Cc4n[nH]c(=O)c5ccccc45)ccc3F)CC2)cc1,7.78,1
CHEMBL4459226,O=C(CCC1C(=O)N(c2ccc(Cl)cc2)C(=O)N1Cc1ccc(Br)cc1)NCc1ccc(C(=O)NO)cc1,7.78,1
CHEMBL4539004,Cc1ccc(C(=O)N(CCC(=O)NCc2ccccc2)Cc2ccc(C(=O)NO)cc2)cc1,7.78,1
CHEMBL4515845,O=C(NO)c1ccc(C2(NC(=O)c3nc(-c4nccs4)sc3C3CC3)CC2)cc1,7.78,1
CHEMBL5272650,CN1C(=O)CN(Cc2ccc(C(=O)NO)cc2)C(=O)C1Cc1ccccc1,7.78,1
CHEMBL5859669,O=C(/C=C/c1cccc(CNC23CC4CC(CC(C4)C2)C3)c1)NO,7.78,1
CHEMBL5867231,O=S(=O)(CCN1CC2CC(C1)O2)N(Cc1ncc(-c2nnc(C(F)F)o2)s1)c1cncc(F)c1,7.78,1
CHEMBL3339025,Cc1ccc(Nc2ncnc3sc(NC(=O)CCCCCC(=O)NO)cc23)cc1C,7.77,1
CHEMBL3415629,C[C@]1(Nc2ccc(C(=O)NO)cc2)CCN(c2ccc(Cl)cc2)C1=O,7.77,1
CHEMBL3775581,Cc1nc2c(c(N(C)c3ccc(OCC(=O)NO)cc3)n1)CCC2,7.77,1
CHEMBL3774414,COc1ccc(N(C)c2nc(C)nc3ccccc23)cc1OCCCC(=O)NO,7.77,3
CHEMBL3693746,Cc1cccc(C)c1Nc1ccc(C(=O)NCCCCCCC(=O)NO)c(F)c1,7.77,4
CHEMBL4079625,O=C(CCCCCCC(=O)Nc1cc2ncnc(Nc3cccc(Br)c3)c2s1)NO,7.77,1
CHEMBL4562382,Cc1ccc(CN2C(=O)N(C3CCCCC3)C(=O)C2CCC(=O)NCc2ccc(C(=O)NO)cc2)cc1,7.77,1
CHEMBL4462577,COc1ccc(-c2cc(OCCN(C)c3ncc(C(=O)NO)cn3)c3ncnc(C)c3c2)cn1,7.77,2
CHEMBL4475378,O=C(NO)c1ccc(CNC(=O)c2cccnc2C(F)(F)F)cc1,7.77,1
CHEMBL4469596,O=C(CCCCCSc1nc(-c2ccc3ccccc3c2)cc(=O)[nH]1)NO,7.77,1
CHEMBL4442266,O=C(NO)c1ccc(CN2c3ccccc3Sc3nccnc32)cc1,7.77,1
CHEMBL4555936,COc1ccc(-c2nc(NCCOc3ccc(/C=C/C(=O)NO)cc3OC)cc3c2[nH]c2ccccc23)cc1,7.77,1
CHEMBL4438267,Cn1c(Cc2ccc(C(=O)NO)cc2)nnc1-c1ccccc1,7.77,1
CHEMBL4448410,O=C(NO)c1ccc(Cn2nnnc2-c2cccs2)cc1,7.77,2
CHEMBL4635479,CCc1nc(N)nc(N)c1-c1ccc(-c2cn(CCCCCCC(=O)NO)nn2)cc1,7.77,2
CHEMBL4866436,O=C(NO)c1ccc(CN2CCCCc3cc(-c4cc[nH]n4)ccc32)cc1,7.77,1
CHEMBL5201168,COc1ccccc1C(=O)N(CC(=O)NC(C)(C)C)Cc1ccc(C(=O)NO)cc1F,7.77,1
CHEMBL5203249,CCCC[C@@H]1NC(=O)[C@H](Cc2ccccc2)NC(=O)[C@H](CCCCCS)NC(=O)[C@H](CCCNC(=N)N)NC(=O)[C@H](CC(=O)O)NC(=O)[C@H](CO)NC(=O)[C@H](C)NC(=O)[C@H](CCCCN)NC1=O,7.77,1
CHEMBL5201140,COc1cc2nc(NCCCCCC(=O)NO)nc(NC3CCN(Cc4ccccc4)CC3)c2cc1OC,7.77,1
CHEMBL5173745,O=C(CCCCCCNC(=O)c1ccc(NC(=O)CCOCCOCCOCCNC(=O)COc2cccc3c2C(=O)N(C2CCC(=O)NC2=O)C3=O)cc1)NO,7.77,1
CHEMBL5284689,O=C(NO)c1ccc(Cn2ncnc2-c2ccccc2)cc1,7.77,1
CHEMBL5266011,COC(=O)/C=C/c1ccc(OCCNc2cc3c([nH]c4ccccc43)c(-c3ccc(OC)cc3)n2)c(OC)c1,7.77,1
CHEMBL5426948,Cc1cc(C)nc(SCC(=O)Nc2ncc(Cc3cccc(OCc4cn(CCOCCOCCOCCOCCOCCOCCOCCOCCOCCOCCC(=O)Nc5ccc(C(=O)NCc6ccc(C(=O)NO)cc6)cc5)nn4)c3)s2)n1,7.77,1
CHEMBL5566126,Cc1ccccc1N(CC(=O)NC1CCCCC1)C(=O)Cc1ccc(C(=O)NO)cc1,7.77,1
CHEMBL5570460,CC12CC3CC(C)(C1)CC(NC(=O)Nc1ccc(C(=O)NCCCCCC(=O)NO)cc1)(C3)C2,7.77,1
CHEMBL5619581,Cn1cc(C(=O)N(CC(=O)NC2CCCCC2)Cc2ccc(C(=O)NO)cc2)c2ccccc21,7.77,1
CHEMBL2105727,CN(C)Cc1c(C(=O)NCCOc2ccc(C(=O)NO)cc2)oc2ccccc12.Cl,7.77,1
CHEMBL5841807,Fc1c(Cl)cccc1C1(Nc2ncc(-c3nnc(C(F)F)o3)cn2)CC1,7.77,1
CHEMBL5939729,CS(=O)(=O)NC[C@H](Nc1ncc(-c2nnc(C(F)F)o2)cn1)c1ccc(OC(F)F)cc1F,7.77,1
CHEMBL5999349,COc1ccc(-c2nc3ccc(C(=O)NO)cc3o2)cc1,7.77,1
CHEMBL5984818,O=C(NO)c1ccc2nc(Nc3cccc(OCc4ccccc4)c3)[nH]c2c1,7.77,2
CHEMBL5947327,CC(C(=O)N(Cc1ccc(-c2noc(C(F)(F)F)n2)cc1)c1cccc(C(F)(F)F)c1)n1cncn1,7.77,1
CHEMBL5923936,O=C(OCCOCCCl)[C@@H]1CCC(=O)N1c1ccc(-c2noc(C(F)(F)F)n2)c(F)c1,7.77,1
CHEMBL5785325,FC(F)(F)c1nc(-c2ccc(CNc3ccc4nccn4c3)nc2)no1,7.77,1
CHEMBL5924550,OCc1cc(NCc2ccc(-c3noc(C(F)(F)F)n3)cn2)ccc1F,7.77,1
CHEMBL5795185,OCc1ccnc(NCc2ccc(-c3noc(C(F)(F)F)n3)cn2)c1,7.77,1
CHEMBL5884187,FC(F)(F)c1nc(-c2ccc(CNc3cncnc3)nc2)no1,7.77,1
CHEMBL6062628,O=C1Nc2ccccc2CC1NCc1ccc(-c2noc(C(F)(F)F)n2)cn1,7.77,1
CHEMBL5990322,COCc1cc(OCc2ccc(-c3noc(C(F)(F)F)n3)cn2)nc2ccccc12,7.77,1
CHEMBL5757218,O=C(Nc1ccccc1)c1ccccc1NCc1ccc(-c2noc(C(F)(F)F)n2)cn1,7.77,1
CHEMBL6150788,Cc1c(F)c(N)cc(C(=O)Nc2cc(-c3ccc(C(=O)NCCCCCCCC(=O)NO)cc3)ccc2N2CCN(C)CC2)c1Cl,7.77,1
CHEMBL6146244,Cc1c(F)c(N)cc(C(=O)Nc2cc(-c3ccc(NC(=O)CCCCCCCC(=O)NO)cc3)ccc2N2CCN(C)CC2)c1Cl,7.77,1
CHEMBL3735212,CC[C@H]1OC(=O)[C@H](C)C(=O)[C@H](C)[C@@H](O[C@@H]2O[C@H](C)C[C@H](N(C)Cc3cccc(-c4cn(CCCCCC(=O)NO)nn4)c3)[C@H]2O)[C@@](C)(OC)C[C@@H](C)C2=NCCN3C(=O)O[C@@]1(C)[C@H]3[C@H]2C,7.76,1
CHEMBL3693775,O=C(CCCCCCNC(=O)c1ccc(C(O)(c2ccccc2)c2ccncc2)cc1)NO,7.76,4
CHEMBL3640682,O=C(CCCCCCNC(=O)c1cnc(N2CCCc3ccccc32)nc1)NO,7.76,4
CHEMBL4067480,O=C(/C=C/c1ccc(CCNC(=O)c2cc(C(F)(F)F)ccc2Cl)cc1)NO,7.76,1
CHEMBL4174805,CCOc1cc(C(C)(C)C)ccc1C1=NC(c2ccc(Cl)cc2)C(c2ccc(Cl)cc2)N1C(=O)N1CCN(CCCCCCC(=O)NO)CC1,7.76,1
CHEMBL4760053,CC(C)(C)c1ccc(NS(=O)(=O)c2ccc(C(=O)NO)cc2)cc1,7.76,1
CHEMBL4744157,CN(Cc1ccc(C(=O)NO)cc1)C(=O)c1c(F)c(F)c(F)c(F)c1F,7.76,1
CHEMBL4794499,Cc1cc(F)cc(C)c1Oc1ccc(C(C)(C)O)cc1-c1cn(C)c(=O)c2[nH]c(C(=O)NCCCCCCC(=O)NO)cc12,7.76,1
CHEMBL5080630,CN(CCc1ccc(C(=O)NO)cc1)c1nc(N)n2nc(-c3ccco3)nc2n1,7.76,1
CHEMBL5273465,O=C1CN(Cc2ccc(C(=O)NO)cc2)C(=O)[C@H](Cc2ccccc2)N1,7.76,1
CHEMBL5592283,CN1C(=O)CNC(=O)/C1=C/c1ccc(/C=C/C(=O)NO)cc1F,7.76,1
CHEMBL5592763,CN1C(=O)CNC(=O)/C1=C/c1ccc(/C=C/C(=O)NO)cc1C(F)(F)F,7.76,1
CHEMBL5594503,O=C(CCCCCC(=O)N1CCc2c([nH]c3ccccc23)C1)NO,7.76,1
CHEMBL5597878,COc1cc2c(cc1OCc1ccccc1)CN1C(=O)CC[C@H]1C(=O)N2CCCCCC(=O)NO,7.76,1
CHEMBL5612550,CCc1c(C#N)c(SC(C(N)=O)c2ccccc2)nc(N(C)C2CCN(c3ncc(C(=O)NO)cn3)CC2)c1C#N,7.76,1
CHEMBL6048210,O=S(=O)(CCN1CCOCC1)N(Cc1ncc(-c2nnc(C(F)F)o2)s1)c1cccnc1,7.76,1
CHEMBL481297,CCNC(=S)SCC(=O)c1ccc(NC(C)=O)cc1,7.75,1
CHEMBL511749,CC(C)(C)OC(=O)Nc1ccc(-c2cc(C(=O)NCCCCCCC(=O)NO)no2)cc1,7.75,5
CHEMBL3415628,CC1(Nc2ccc(C(=O)NO)cc2)CCN(c2ccc3ncccc3c2)C1=O,7.75,1
CHEMBL3415959,Nc1nc2ncc(CNc3ccc(C(=O)NO)cc3)nc2c(=O)[nH]1,7.75,1
CHEMBL3759562,O=C(NCCCCCCS)c1cc(-c2ccncc2)n[nH]1,7.75,1
CHEMBL3770504,O=C(NCCCCC(=O)C(F)(F)F)c1nc(-c2nc3c(s2)CCCC3)sc1C1CC1,7.75,1
CHEMBL3693755,Cc1cccc(C)c1Nc1ccc(C(=O)NCCCCCCC(=O)NO)cc1F,7.75,4
CHEMBL3640681,O=C(CCCCCCNC(=O)c1cnc(NC(c2ccc(F)cc2)c2ccc(F)cc2)nc1)NO,7.75,4
CHEMBL4581606,O=C(NO)c1ccc(CN2c3ccccc3Sc3cc(Cl)nnc32)cc1,7.75,1
CHEMBL4875953,O=C(CCCCCONC(=O)c1cnc2ccccc2n1)NO,7.75,1
CHEMBL4859429,Cc1ccc(CN2CC(=O)N(Cc3ccc(C(=O)NO)cc3)C2=O)cc1,7.75,1
CHEMBL5090769,CN(CCOc1ccc(C(=O)NO)cc1)c1nc(N)n2nc(-c3ccco3)nc2n1,7.75,1
CHEMBL5184839,O=C(CN(Cc1ccc(C(=O)NO)cc1F)C(=O)c1ccccc1F)NC1CCCCC1,7.75,1
CHEMBL5190554,Cc1ccccc1C(=O)N(CC(=O)NC1CCCCC1)Cc1ccc(C(=O)NO)cc1F,7.75,1
CHEMBL5394143,O=C(NO)c1ccc(Cn2c(=O)[nH]c(=O)c3cc(Br)ccc32)cc1,7.75,1
CHEMBL5424224,O=C(NO)c1ccc(Cn2ccc3cc(C(=O)NCC45C[C@H]6C[C@@H](C4)C[C@@H](C5)C6)ccc32)cc1,7.75,1
CHEMBL5414971,O=C(CCCCCCNC(=O)c1ccc(-c2cn(CCCCCCOCCOCCNC(=O)CC34C[C@H]5C[C@@H](C3)C[C@@H](C4)C5)nn2)cc1)NO,7.75,1
CHEMBL5542627,CC(C)(C)OC(=O)N1CCN(CC2CCc3c(c4ccccc4n3Cc3ccc(C(=O)NO)cc3)C2=O)CC1,7.75,1
CHEMBL5562731,CCc1ccccc1N(CC(=O)NC1CCCCC1)C(=O)Cc1ccc(C(=O)NO)cc1F,7.75,1
CHEMBL5755578,CS(=O)(=O)NC[C@H](Nc1ncc(-c2nnc(C(F)F)o2)cn1)c1ccc(OC(F)F)cc1,7.75,1
CHEMBL5772034,CCS(=O)(=O)NCC(Nc1ncc(-c2nnc(C(F)F)o2)cn1)c1ccc(OC(F)F)cc1F,7.75,1
CHEMBL5931768,O=C(NO)c1ccc2nc(-c3cccc(OCCOc4ccccc4)c3)[nH]c2c1,7.75,1
CHEMBL5789983,COCCCNCc1ccc(-c2ccc(-c3nc4ccc(C(=O)NO)cc4[nH]3)cc2)cc1,7.75,1
CHEMBL5969007,O=C(NO)c1ccc2sc(-c3ccc(F)cc3)nc2c1,7.75,2
CHEMBL5783185,FC(F)(F)c1nc(-c2ccc(N3CCNC[C@@H]3c3ccccc3)nc2)no1,7.75,1
CHEMBL5865363,CC1=NN(CC(=O)N(Cc2ccc(-c3noc(C(F)(F)F)n3)cn2)c2cccc(F)c2)C(=O)C1,7.75,1
CHEMBL5822602,Cc1noc([C@@H]2CCC(=O)N2c2ccc(-c3noc(C(F)(F)F)n3)cc2F)n1,7.75,1
CHEMBL5875377,CN1CCN(c2ccc(-c3noc(C(F)(F)F)n3)cn2)[C@@H](c2ccccc2)C1,7.75,1
CHEMBL5859935,CN1CC(=O)N(c2ccc(-c3noc(C(F)(F)F)n3)cc2)C(c2ccccc2)C1,7.75,1
CHEMBL5805926,COc1ccccc1C1CCC(=O)N1c1ccc(-c2noc(C(F)(F)F)n2)cc1F,7.75,1
CHEMBL5751790,O=C(Cc1[nH]nc2ccccc12)N(Cc1ccc(-c2noc(C(F)(F)F)n2)cn1)c1cccc(F)c1,7.75,1
CHEMBL6059599,O=C(C1CCS(=O)(=O)CC1)N(Cc1ccc(-c2noc(C(F)(F)F)n2)cc1F)c1cccc(C(F)(F)F)c1,7.75,1
CHEMBL5753303,O=C(NO)c1ccc(CCCN2CCn3cc(CNC4CC4c4ccc(F)cc4)nc3C2)cc1,7.75,1
CHEMBL5970684,O=C(NO)c1cc2c(s1)CCN(C(=O)CCCNC1CC1c1ccc(F)cc1)C2,7.75,1
CHEMBL5969478,CCS(=O)(=O)N(Cc1ncc(-c2nnc(C(F)F)o2)s1)c1nc(C)cc(C)n1,7.75,1
CHEMBL5873385,O=S(=O)(C1CC1)N(Cc1ncc(-c2nnc(C(F)F)o2)s1)c1cnccn1,7.75,1
CHEMBL5894638,O=S(=O)(CCN1C2COCC1C2)N(Cc1ncc(-c2nnc(C(F)F)o2)s1)c1cncc(F)c1,7.75,1
CHEMBL5885233,O=C1CCCc2ccncc2N1Cc1ncc(-c2nnc(C(F)F)o2)s1,7.75,1
CHEMBL6167470,O=C(NO)c1ccc(CN2CN(c3ccccc3)C3(CCN(Cc4ccccc4)CC3)C2=O)c(F)c1,7.75,1
CHEMBL2048752,O=C(/C=C/c1ccc2c(ccn2S(=O)(=O)c2ccc([N+](=O)[O-])cc2)c1)NO,7.74,1
CHEMBL2312167,Cc1ccc(C(=O)NOCCCCCC(=O)NO)cc1C,7.74,1
CHEMBL3827281,COc1ccc(-c2nc(N3CCOCC3)c3nc(CN(C)c4ncc(C(=O)NO)cn4)n(C)c3n2)cn1,7.74,1
CHEMBL3693765,Cc1cccc(C)c1N(c1ccc(C(=O)NCCCCCCC(=O)NO)cc1)c1ncccn1,7.74,4
CHEMBL3693793,O=C(CCCCCCNC(=O)c1ccc(N(C(=O)c2ccccn2)c2ccccc2)cc1)NO,7.74,8
CHEMBL3640673,CN(C)C(=O)c1ccc(C(O)(c2ccccc2)c2ccc(C(=O)NCCCCCCC(=O)NO)cc2)cc1,7.74,4
CHEMBL3640699,NC(=O)C1CCN(c2ncc(C(=O)NCCCCCCC(=O)NO)cn2)CC1,7.74,4
CHEMBL4584020,C[C@H](NC(=O)c1nc(-c2nc3c(s2)CCCC3)sc1C1CC1)c1ccc(C(=O)NO)cc1,7.74,1
CHEMBL4761127,O=C(NO)c1ccc(CN(C(=O)c2c(F)c(F)c(F)c(F)c2F)C2CC2)cc1,7.74,1
CHEMBL5287109,O=C(NO)c1ccc(Cn2ncnc2-c2cccs2)cc1,7.74,1
CHEMBL5646417,Cn1c(CNc2ccc(F)cc2)nc2cc(C(=O)NO)ccc21,7.74,1
CHEMBL5906102,O=S(=O)(CCN1CCOCC1)N(Cc1ncc(-c2nnc(C(F)F)o2)s1)c1cncc(OC(F)F)c1,7.74,1
CHEMBL6092079,CCCCc1cc(C(=O)Nc2ccccc2)nn1Cc1ccc(C(=O)NO)cc1,7.74,1
CHEMBL6167637,CCNC(=O)N1CCC2(CC1)C(=O)N(Cc1ccc(C(=O)NO)cc1F)CN2c1ccccc1,7.74,1
CHEMBL3426906,O=C(CCCCCOc1no[n+]([O-])c1S(=O)(=O)c1ccccc1)NO,7.73,2
CHEMBL3921816,COc1cc(Nc2ncnc3ccc(-c4cn(CCCCCC(=O)NO)nn4)cc23)ccc1Oc1ccccc1,7.73,1
CHEMBL3693721,CCN(c1ccc(C(=O)N(C)CCCCCCC(=O)NO)cc1)c1ccccc1C(F)(F)F,7.73,4
CHEMBL3640698,O=C(CCCCCCNC(=O)c1cnc(N2CCC[C@@H](O)C2)nc1)NO,7.73,4
CHEMBL4277718,CCCN1CC(=O)N2[C@H](Cc3c(n(Cc4ccc(C(=O)NO)cc4)c4ccccc34)[C@H]2C)C1=O,7.73,1
CHEMBL4435503,Cc1cnc(-c2nc(C(=O)N[C@@H](C)c3ccc(C(=O)NO)cc3)c(C3CC3)s2)s1,7.73,1
CHEMBL5176595,O=C(NO)c1ccc(COC(=O)N2CCC(N3CC(c4ccccc4)(c4ccccc4)C3=O)CC2)cc1,7.73,1
CHEMBL5174964,O=C(NO)c1ccc(/C=N/NC(=O)c2ccnc(-c3ccccc3)n2)cc1,7.73,1
CHEMBL5595543,O=C(/C=C/c1ccc(CN2CCc3[nH]c4ccccc4c3C2)cc1)NO,7.73,1
CHEMBL6025079,CN(Cc1ccc(/C=C/C(=O)NO)cc1F)CC1CCCCC1,7.73,1
CHEMBL6163400,O=C(NO)c1ccc(CN2CN(c3ccccc3)C3(CCN(Cc4ccc(Br)cc4)CC3)C2=O)c(F)c1,7.73,1
CHEMBL2023530,COc1cccc2c1C(=O)c1c(O)c3c(c(O)c1C2=O)C[C@@](O)(C(C)=O)C[C@@H]3O[C@H]1C[C@H](NCc2ccc(-c3cn(CCCCCCCC(=O)NO)nn3)cc2)[C@H](O)[C@H](C)O1,7.72,1
CHEMBL2431865,Cn1cccc1C(=O)NCc1ccc(C(=O)NO)s1,7.72,1
CHEMBL3098692,O=C(CCCCC[C@H](NC(=O)C1CCCNC1=O)C(=O)Nc1ccccc1)NO,7.72,1
CHEMBL3655945,O=C(NO)c1cnc(NCCc2c(Cl)cccc2Cl)nc1,7.72,2
CHEMBL2170166,O=C(NO)c1ccc(Cn2c3ccccc3c3ccccc32)cc1,7.72,3
CHEMBL3675760,O=C(CCCCCCN(c1ccccn1)c1cc(-c2ccccc2)ccn1)NO,7.72,1
CHEMBL3655949,Cc1cc(F)ccc1C(C)(C)Nc1ncc(C(=O)NO)cn1,7.72,2
CHEMBL3655988,O=C(NO)c1cnc(NC2c3ccccc3-c3ccccc32)nc1,7.72,2
CHEMBL4299467,CC[C@H]1OC(=O)[C@@H](C)[C@H](O[C@H]2C[C@@](C)(OC)[C@](O)(CN(C)C)[C@H](C)O2)[C@H](C)[C@H](O[C@H]2O[C@@H](C)C[C@@H](N(C)Cc3ccc(-c4cn(CCCCCCC(=O)NO)nn4)cc3)[C@@H]2O)[C@@](C)(O)C[C@H](C)CN(C)[C@@H](C)[C@H](O)[C@@]1(C)O,7.72,1
CHEMBL3774993,CN(c1ccc(OCCCCCC(=O)NO)cc1)c1ncnc2ccccc12,7.72,1
CHEMBL3693778,O=C(CCCCCCNC(=O)c1ccc(C(O)(c2ccc(F)cc2)c2ccc(F)cc2)cc1)NO,7.72,4
CHEMBL4101744,O=C(CCCCCCC(=O)Nc1cc2ncnc(Nc3ccc(F)cc3F)c2s1)NO,7.72,1
CHEMBL4282673,O=C(CCCCCCn1[se]c2ccccc2c1=O)NO,7.72,1
CHEMBL4442442,Cc1ccc(CN2C(=O)N(c3ccc(Cl)cc3)C(=O)C2CCC(=O)NCc2ccc(C(=O)NO)cc2)cc1,7.72,1
CHEMBL4592343,CC1(C)CCC(CN2CCN(c3ccc(C(=O)NS(=O)(=O)c4ccc(NCCCCCCCC(=O)NO)c([N+](=O)[O-])c4)c(Oc4cnc5[nH]ccc5c4)c3)CC2)=C(c2ccc(Cl)cc2)C1,7.72,1
CHEMBL4577858,Cc1csc(-c2nc(C(=O)N[C@@H](C)c3ccc(C(=O)NO)cc3)c(C3CC3)s2)n1,7.72,1
CHEMBL4472834,O=C(NO)c1ccc(CN2c3ccccc3Sc3ccc(C(F)(F)F)cc32)cc1,7.72,2
CHEMBL4436946,O=C(NO)c1ccc(CN2N=CC=C3Sc4ccccc4N=C32)cc1,7.72,1
CHEMBL4789904,O=C(NO)c1ccc(CCCN2CCC(CN[C@H]3C[C@@H]3c3ccc(-c4ccc(Cl)cc4)cc3)CC2)cc1,7.72,1
CHEMBL2103863,CN(C)Cc1c(C(=O)NCCOc2ccc(C(=O)NO)cc2)oc2ccccc12,7.72,3
CHEMBL4862139,O=C(NO)c1ccc(CN2CCCCc3ccc(F)cc32)cc1,7.72,1
CHEMBL4862563,O=C(NO)c1cc(F)c(Cn2nnnc2-c2cccs2)c(F)c1,7.72,1
CHEMBL5086791,Nc1nc(N2CCN(CCc3ccc(C(=O)NO)cc3)CC2)nc2nc(-c3ccco3)nn12,7.72,1
CHEMBL5076638,O=C(CCCCCCC(=O)Nc1ccc(C(=O)NC2CCNCC2)cc1)NO,7.72,1
CHEMBL5090786,COc1ccc2[nH]cc(CCNC(=O)c3ccc(/C=C/C(=O)NO)cc3)c2c1,7.72,2
CHEMBL5081674,O=C(NO)c1ccc(/C=C/c2ccnc(-c3cccc(O)c3)c2)cc1,7.72,1
CHEMBL5173462,O=C(NC1C2CC3CC(C2)CC1C3)c1cn(CCCCCCS)c2ccccc12,7.72,1
CHEMBL5557556,CCN(Cc1ccc(C(=O)NO)cc1)C(=O)c1ccccc1,7.72,1
CHEMBL5591335,CN1C(=O)CNC(=O)/C1=C/c1ccc(C(=O)NCCCNC(=O)c2ccc(C(=O)NO)cc2)cc1,7.72,1
CHEMBL5632247,Nc1nc(Cl)c2ncn(Cc3ccc(NC(=O)CS)cc3)c2n1,7.72,1
CHEMBL5781365,Fc1cc(F)c(C2(Nc3ncc(-c4nnc(C(F)F)o4)cn3)CC2)c(F)c1,7.72,1
CHEMBL6007737,CCS(=O)(=O)N(C)CC(Nc1ncc(-c2nnc(C(F)F)o2)cn1)c1ccc(OC(F)F)cc1F,7.72,1
CHEMBL5765906,C#Cc1ccc(-c2nc3ccc(C(=O)NO)cc3[nH]2)cc1,7.72,1
CHEMBL5810634,CC(C)(C)c1ccc(-c2nc3ccc(C(=O)NO)cc3[nH]2)cc1,7.72,1
CHEMBL6003395,O=C(NO)c1ccc2nc(-c3ccc(-c4ccccc4F)cc3)[nH]c2c1,7.72,1
CHEMBL5969112,O=C(NO)c1ccc2nc(-c3ccc(-c4ccccc4)c(F)c3)[nH]c2c1,7.72,1
CHEMBL5843410,CC(C)c1ccc(-c2cc3cc(C(=O)NO)cnc3[nH]2)cc1,7.72,1
CHEMBL5975662,O=C1CCC(c2ccccc2)N1c1ncc(-c2noc(C(F)(F)F)n2)cc1F,7.72,1
CHEMBL5745545,O=C(Cn1cncn1)N(Cc1ccc(-c2noc(C(F)(F)F)n2)cc1)c1cccc(C(F)(F)F)c1,7.72,1
CHEMBL5901372,O=C(Nc1ccccc1)[C@@H]1CCC(=O)N1c1ccc(-c2noc(C(F)(F)F)n2)cc1,7.72,1
CHEMBL6000644,Fc1cc(COc2cccc3[nH]nnc23)ccc1-c1noc(C(F)(F)F)n1,7.72,1
CHEMBL5787808,O=c1ccc2cnccc2n1Cc1ccc(-c2noc(C(F)(F)F)n2)cn1,7.72,1
CHEMBL5935148,CC1(C)CC(c2ccccc2)N(c2ccc(-c3noc(C(F)(F)F)n3)cc2F)C1=O,7.72,1
CHEMBL5897543,COc1ccc(NCc2ccc(-c3noc(C(F)(F)F)n3)cn2)cn1,7.72,1
CHEMBL5872055,CC(C)(C(=O)N(Cc1ccc(-c2noc(C(F)(F)F)n2)cn1)c1cccc(F)c1)n1cccn1,7.72,1
CHEMBL6044369,Cc1ncc(CC(=O)N(Cc2ccc(-c3noc(C(F)(F)F)n3)cn2)c2cccc(F)c2)s1,7.72,1
CHEMBL5832777,NC(=O)c1ccc(NCc2ccc(-c3noc(C(F)(F)F)n3)cc2)cc1,7.72,1
CHEMBL5888700,CC(C)(C)OC(=O)C1COCC(=O)N1c1ccc(-c2noc(C(F)(F)F)n2)c(F)c1,7.72,1
CHEMBL5966500,O=C(NO)c1ccc(CCCN2CCC(CNC3CC3c3ccc(-c4ccc(Cl)cc4)cc3)CC2)cc1,7.72,1
CHEMBL6003790,CCS(=O)(=O)N(Cc1ncc(-c2nnc(C(F)F)o2)s1)c1cncc(F)c1,7.72,1
CHEMBL5764295,CCS(=O)(=O)N(Cc1ncc(-c2nnc(C(F)F)o2)s1)c1cncc(Cl)c1,7.72,1
CHEMBL5839499,CS(=O)(=O)N(Cc1ncc(-c2nnc(C(F)F)o2)s1)c1cncc(OC(F)F)c1,7.72,1
CHEMBL5977573,CCS(=O)(=O)N(Cc1ncc(-c2nnc(C(F)F)o2)s1)c1cncc(OC)c1,7.72,1
CHEMBL6173456,O=C(NO)c1ccc(CN2CN(c3ccccc3)C3(CCN(Cc4ccc(-c5ccccc5)o4)CC3)C2=O)c(F)c1,7.72,1
CHEMBL6173789,CC(C)(C)OC(=O)N1CCC2(CC1)C(=O)N(Cc1ccc(C(=O)NO)cc1)CN2c1ccccc1,7.72,1
CHEMBL3339023,Cc1ccc(Nc2ncnc3sc(NC(=O)CCCCCC(=O)NO)cc23)cc1,7.71,1
CHEMBL3911796,O=C(CCCCCCn1cc(-c2ccc3ncnc(Nc4ccc(OCc5cccc(F)c5)c(Cl)c4)c3c2)nn1)NO,7.71,1
CHEMBL3693782,COC(c1ccccc1)(c1ccc(C(=O)NCCCCCCC(=O)NO)cc1)c1ccccn1,7.71,4
CHEMBL3640696,O=C(CCCCCCNC(=O)c1cnc(N2CCN(c3nccc(C(F)(F)F)n3)CC2)nc1)NO,7.71,4
CHEMBL4082487,O=C(NO)c1ccc(CNc2cccc3c2CCC3)cc1,7.71,1
CHEMBL4522149,Cc1ccc(NC(=O)CCN(Cc2ccc(C(=O)NO)cc2)C(=O)c2ccc(N(C)C)cc2)cc1,7.71,1
CHEMBL4441774,CC(C)[C@@H]1NC(=O)[C@]2(C)CSC(=N2)c2csc(n2)CNC(=O)C[C@@H](/C=C(\F)CCS)OC1=O,7.71,1
CHEMBL4877023,O=C(NO)c1ccc(CN2c3ccccc3[S+]([O-])c3ccc(C(F)(F)F)cc32)cc1,7.71,1
CHEMBL5088034,O=C(CCCSC[C@H](NC(=O)OCc1ccccc1)C(=O)Nc1cccc2ccccc12)NO,7.71,1
CHEMBL5271970,O=C(NO)c1ccc(Cn2cnc(-c3cc(F)cc(F)c3)n2)cc1,7.71,1
CHEMBL5409830,O=C(CCCCCCCNC(=O)c1ncc(-c2ccc(Br)cc2)o1)NO,7.71,1
CHEMBL5592204,COc1ccc2[nH]c3c(c2c1)CCN(Cc1ccc(/C=C/C(=O)NO)cc1)C3,7.71,1
CHEMBL5647203,Cc1ccc(NCc2nc3cc(C(=O)NO)ccc3n2C)cc1,7.71,1
CHEMBL5763007,COCCS(=O)(=O)N(Cc1ncc(-c2nnc(C(F)F)o2)s1)c1cncc(OC(F)F)c1,7.71,1
CHEMBL561604,O=C(CCCCCC(c1c[nH]c2ccc([N+](=O)[O-])cc12)c1c[nH]c2ccc([N+](=O)[O-])cc12)NO,7.7,1
CHEMBL1097761,O=C(/C=C/c1cccc(-c2nc3ccccc3n2CCCc2ccccc2)c1)NO,7.7,1
CHEMBL251011,COc1ccc(COC(CCCCCC(=O)NO)C(=O)Nc2ccccc2)cc1,7.7,1
CHEMBL2023529,COc1cccc2c1C(=O)c1c(O)c3c(c(O)c1C2=O)C[C@@](O)(C(C)=O)C[C@@H]3O[C@H]1C[C@H](NCc2ccc(-c3cn(CCCCCCC(=O)NO)nn3)cc2)[C@H](O)[C@H](C)O1,7.7,1
CHEMBL2023526,COc1cccc2c1C(=O)c1c(O)c3c(c(O)c1C2=O)C[C@@](O)(C(C)=O)C[C@@H]3O[C@H]1C[C@H](NCc2ccc(NC(=O)CCCCCCC(=O)NO)cc2)[C@H](O)[C@H](C)O1,7.7,2
CHEMBL2401846,C[C@]12CC[C@@H]3c4ccc(O)cc4CC[C@H]3[C@@H]1CC[C@@]2(O)c1cn(CCCCCCC(=O)NO)nn1,7.7,2
CHEMBL2442799,COc1cc([C@@H]2c3cc4c(cc3[C@@H](Nc3ccccc3OCCCCCC(=O)NO)[C@H]3COC(=O)[C@H]23)OCO4)cc(OC)c1O,7.7,1
CHEMBL3655991,COc1ccc(C2(Nc3ncc(C(=O)NO)cn3)CCCCC2)cc1,7.7,2
CHEMBL3652230,O=C(NO)c1cnc(Nc2ccc(Cl)cc2)nc1,7.7,2
CHEMBL3775072,Cc1nc2c(c(N(C)c3ccc(OCCCCCC(=O)NO)cc3)n1)CCC2,7.7,1
CHEMBL3640677,COC(c1ccccc1)(c1ccc(C(=O)NCCCCCCC(=O)NO)cc1)c1ccc(C(=O)N(C)C)cc1,7.7,4
CHEMBL3640686,O=C(CCCCCCNC(=O)c1cnc(N2CCOCC2)nc1)NO,7.7,4
CHEMBL4071528,N#Cc1cccc(Nc2ncnc3cc(NC(=O)CCCCCCC(=O)NO)sc23)c1,7.7,1
CHEMBL4225230,Cc1cc(-c2ccc(F)cc2)n(Cc2ccc(C(=O)NO)cc2)n1,7.7,1
CHEMBL4437282,COc1ccc(CCn2c(=O)c3ccccc3n(Cc3ccc(C(=O)NO)cc3)c2=O)cc1,7.7,1
CHEMBL4552452,O=C(NO)c1ccc(Cn2c(=O)n(CCc3ccccc3)c(=O)c3ccccc32)s1,7.7,1
CHEMBL4565392,CN(C(=O)CN(Cc1c(F)c(F)c(F)c(F)c1F)S(=O)(=O)c1ccc(F)cc1)c1ccc(C(=O)NO)cc1,7.7,1
CHEMBL4531802,O=C(NO)c1ccc(Cn2c3c(c4ccccc42)COCC3)cc1,7.7,1
CHEMBL4529251,O=C(NO)c1ccc(Cn2nnc(-c3ccc4ccccc4n3)n2)cc1,7.7,1
CHEMBL4535144,O=C(NO)c1ccc(Cn2nnc(-c3nccc4ccccc34)n2)cc1,7.7,1
CHEMBL4781628,Cc1ccc2c(c1)/C(=C1/Nc3ccccc3/C1=N\O)C(=O)N2Cc1ccc(C(=O)NO)cc1,7.7,1
CHEMBL353581,O=C(CCCCCCC(=O)Nc1cccnc1)NO,7.7,1
CHEMBL4873872,CC(C)c1ccc(CC(=O)N(CC(=O)NCc2ccccc2)Cc2ccc(C(=O)NO)cc2)cc1,7.7,1
CHEMBL4871920,O=C(NO)c1ccc(CN2C(=O)C(Cc3ccccc3)N(CCc3ccccc3)C2=O)cc1,7.7,1
CHEMBL4852163,CCCOc1ccc(C(C)=O)cc1C(=O)Nc1cc(C(=O)NO)ccc1C,7.7,1
CHEMBL4870316,COc1ccc(C(C)=O)cc1NC(=O)c1cc(C(=O)NO)ccc1OC,7.7,1
CHEMBL5083776,O=C(CCCCCCn1cc(Nc2ncc3ccn(-c4ccc(Br)cc4)c3n2)cn1)NO,7.7,1
CHEMBL5171489,C#CCN(C)Cc1cccc(NC(=O)CCCCCCC(=O)NO)c1,7.7,2
CHEMBL5172884,Nc1ncc(-c2cc(N3CCOCC3)c(=O)n(Cc3ccc(C(=O)NO)cc3)c2)cn1,7.7,1
CHEMBL5180418,Cc1cc(C)cc(C(=O)N(CC(=O)NC2CCCCC2)Cc2ccc(C(=O)NO)cc2F)c1,7.7,1
CHEMBL5183285,COc1ccccc1C(=O)N(CC(=O)NC1CCCCC1)Cc1ccc(C(=O)NO)cc1F,7.7,1
CHEMBL5209024,CN(C)c1ccc(C(=O)N(CC(=O)NC(C)(C)C)Cc2ccc(C(=O)NO)cc2F)cc1,7.7,1
CHEMBL5182740,O=C(CCCCCOc1cccc(-c2nnc(-c3ccccc3)s2)c1)NO,7.7,1
CHEMBL178,COc1cccc2c1C(=O)c1c(O)c3c(c(O)c1C2=O)C[C@@](O)(C(C)=O)C[C@@H]3O[C@H]1C[C@H](N)[C@H](O)[C@H](C)O1,7.7,1
CHEMBL5274303,CC(=O)Nc1ccc(-c2ccnc(NCc3ccc(OCCCCCC(=O)NO)cc3)n2)cc1,7.7,1
CHEMBL5631908,Nc1nc(Cl)c2ccn(Cc3ccc(C(=O)NO)cn3)c2n1,7.7,1
CHEMBL6061095,FC(F)c1nnc(-c2cnc(NC3(c4ccccc4OC(F)(F)F)CC3)nc2)o1,7.7,1
CHEMBL5858615,CN(CC(Nc1ncc(-c2nnc(C(F)F)o2)cn1)c1ccc(OC(F)(F)F)cc1F)S(=O)(=O)C1CC1,7.7,1
CHEMBL5797856,O=C(NO)c1ccc2oc(-c3ccc(-c4ccccc4)cc3F)nc2c1,7.7,1
CHEMBL6029247,COc1cc(-c2ccccc2F)ccc1-c1nc2cc(C(=O)NO)ccc2o1,7.7,1
CHEMBL5779734,Fc1cc(COc2cccc3[nH]ncc23)ccc1-c1noc(C(F)(F)F)n1,7.7,1
CHEMBL6038749,Fc1cc(COc2nc3cccnc3n2C2CC2)ccc1-c1noc(C(F)(F)F)n1,7.7,1
CHEMBL5760667,FC(F)(F)c1nc(-c2ccc(CNCC3CN(c4ccccc4)CCO3)nc2)no1,7.7,1
CHEMBL5831429,COC(=O)N1CC(=O)N(Cc2ccc(-c3noc(C(F)(F)F)n3)cn2)c2ccccc21,7.7,1
CHEMBL5848082,Cc1cncc(N(Cc2ncc(-c3nnc(C(F)F)o3)s2)S(=O)(=O)CCC#N)c1,7.7,1
CHEMBL6120623,CCCc1cc(C(=O)Nc2cccnc2)nn1Cc1ccc(C(=O)NO)cc1,7.7,1
CHEMBL6164153,CC(=O)N1CCC2(CC1)C(=O)N(Cc1ccc(C(=O)NO)cc1)CN2c1ccccc1,7.7,1
CHEMBL2431919,Cn1cccc1C(=O)N1CCc2sc(C(=O)NO)cc2C1,7.69,2
CHEMBL4461005,Cc1cc(C)cc(C(=O)N(CCC(=O)NCc2ccccc2)Cc2ccc(C(=O)NO)cc2)c1,7.69,1
CHEMBL4591740,O=C(CCc1csc(CCc2ccc(F)c(F)c2)n1)NO,7.69,1
CHEMBL5093258,O=C(CCCSC[C@H](NC(=O)OCc1ccccc1)C(=O)Nc1ccccc1)NO,7.69,1
CHEMBL5290601,O=C(NO)c1ccc(Cn2cnc(-c3ccccc3)n2)nc1,7.69,1
CHEMBL5954639,FC(F)(F)c1nc(-c2ccc(N3CCOCC3c3cccnc3)nc2)no1,7.69,2
CHEMBL5919984,CCS(=O)(=O)N(Cc1ncc(-c2nnc(C(F)F)o2)s1)c1cccc(C(F)F)n1,7.69,1
CHEMBL5862359,O=S(=O)(CCN1CCCOCC1)N(Cc1ncc(-c2nnc(C(F)F)o2)s1)c1cccnc1,7.69,1
CHEMBL5817806,CC(F)(F)COc1cncc(N(Cc2ncc(-c3nnc(C(F)F)o3)s2)S(C)(=O)=O)c1,7.69,1
CHEMBL178456,O=C(CS)NCCCCCC(=O)Nc1cccc2cccnc12,7.68,5
CHEMBL2381524,O=C(/C=C/c1cccc(C(=O)NO)c1)Nc1ccccc1,7.68,1
CHEMBL3356920,O=C1CC[C@H](C(=O)N[C@H](CCCCCS)C(=O)Nc2ccccc2)N1,7.68,1
CHEMBL3415627,CC1(Nc2ccc(C(=O)NO)cc2)CCN(c2ccc(Cl)cc2)C1=O,7.68,1
CHEMBL3652236,O=C(NO)c1cnc(Nc2c(F)c(F)cc(F)c2F)nc1,7.68,2
CHEMBL3655937,Cc1cccc(C)c1CNc1ncc(C(=O)NO)cn1,7.68,2
CHEMBL3770287,O=C(NCCCCC(=O)C(F)(F)F)c1nc(-c2nccs2)sc1C1CC1,7.68,1
CHEMBL3977346,O=C(NO)c1ccc(CNC(=O)c2nc(-c3nccs3)sc2C2CC2)cc1,7.68,2
CHEMBL4098561,COc1cccc(Nc2ncnc3cc(NC(=O)CCCCCCC(=O)NO)sc23)c1,7.68,1
CHEMBL4173361,Cc1cc(C)cc(C(=O)N(CC(=O)NC2CCCCC2)Cc2ccc(C(=O)NO)cc2)c1,7.68,2
CHEMBL4632668,COc1ccc(Oc2ccc3nc(/C=C/C(=O)NO)ccc3c2)cc1,7.68,1
CHEMBL4636452,CCc1nc(N)nc(N)c1-c1ccc(-c2cn(CCCCCCCC(=O)NO)nn2)cc1,7.68,1
CHEMBL4755326,CC(C)(C)c1ccc(C(=O)N(Cc2ccc(C(=O)NO)cc2)C2CC2)cc1,7.68,1
CHEMBL4793248,O=C(Nc1ccc(Cl)cc1)Nc1ccc(C(=O)NO)cc1,7.68,1
CHEMBL5087501,O=C(NO)c1ccc(CN(Cc2ccc(F)cc2)S(=O)(=O)c2cc(F)c(F)c(F)c2F)cc1,7.68,1
CHEMBL5172211,O=C(NO)c1ccc(CN2C(=O)CSC2=O)cc1,7.68,1
CHEMBL5182660,Cn1cc(-c2cn(Cc3ccc(C(=O)NO)cc3)c(=O)c(N3CCOCC3)n2)cn1,7.68,1
CHEMBL5197066,CC(C)(C)NC(=O)CN(Cc1ccc(C(=O)NO)cc1F)C(=O)c1ccccc1Cl,7.68,1
CHEMBL5199795,C[C@H]1COc2c(N3CCN(C)CC3)c(F)cc3c(=O)c(C(=O)NCC4CN(CC(=O)NO)N=N4)cn1c23,7.68,1
CHEMBL5184498,O=C(NO)c1ccc(CNC(=O)N2CCC(N3C(=O)[C@H](c4ccccc4)[C@H]3c3ccccc3)CC2)cc1,7.68,1
CHEMBL5180701,O=C(CCCCCCNC(=O)c1ccc(NC(=O)CCOCCOCCOCCOCCNC(=O)COc2cccc3c2C(=O)N(C2CCC(=O)NC2=O)C3=O)cc1)NO,7.68,1
CHEMBL4649154,C[C@H]1COc2c(N3CCN(C)CC3)c(F)cc3c(=O)c(C(=O)NCc4cn(CCCCCCC(=O)NO)nn4)cn1c23,7.68,3
CHEMBL5395429,COc1ccc(-c2cnc(C(=O)NCCCCCC(=O)NO)o2)cc1,7.68,1
CHEMBL5542610,O=C(NO)c1ccc(CN(Cc2ccccc2)C(=O)c2ccccc2)cc1,7.68,1
CHEMBL5559747,O=C(CN(C(=O)Cc1ccc(C(=O)NO)cc1)c1ccccc1C(F)(F)F)NC1CCCCC1,7.68,1
CHEMBL5590745,O=C(CCCCCOc1ccc(-c2sc3cc(O)ccc3c2C(=O)c2ccc(OCCN3CCCCC3)cc2)cc1)NO,7.68,1
CHEMBL5619887,Cn1cc(C(=O)N(CC(=O)NC(C)(C)C)Cc2ccc(C(=O)NO)cc2)c2ncccc21,7.68,1
CHEMBL5842905,C[C@H](Nc1ncc(-c2nnc(C(F)F)o2)cn1)c1ccc(F)cc1,7.68,1
CHEMBL5870206,Fc1ccc(C2(Nc3ncc(-c4nnc(C(F)F)o4)cn3)CC2)cc1F,7.68,1
CHEMBL5799645,Fc1cccc(C2(Nc3ncc(-c4nnc(C(F)F)o4)cn3)CC2)c1Cl,7.68,1
CHEMBL6010589,CN(CC(Nc1ncc(-c2nnc(C(F)F)o2)cn1)c1ccc(F)cc1)S(C)(=O)=O,7.68,1
CHEMBL5977093,O=C(NO)c1ccc2nc(-c3ccc(-c4ccc(CN5CCOCC5)cc4)cc3)[nH]c2c1,7.68,2
CHEMBL5827215,O=C(NO)c1ccc2oc(NCCc3ccccc3)nc2c1,7.68,1
CHEMBL6018975,COc1ccccc1N1CCN(c2ccc(-c3nc4cc(C(=O)NO)ccc4o3)cn2)CC1,7.68,1
CHEMBL6037359,CC(=O)N1CCN(CC(=O)N(Cc2ccc(-c3noc(C(F)(F)F)n3)cc2)c2cccc(C(F)(F)F)c2)CC1,7.68,1
CHEMBL5960457,O=C1CCC(c2ccccc2)N1c1ccc(-c2noc(C(F)(F)F)n2)cc1,7.68,1
CHEMBL5971717,CS(=O)(=O)NC(Cc1ccc(-c2noc(C(F)(F)F)n2)cn1)c1cccc(C(F)(F)F)c1,7.68,1
CHEMBL6053355,COC(=O)N1CCC(C(=O)N(Cc2ccc(-c3noc(C(F)(F)F)n3)cn2)c2cccc(C(F)(F)F)c2)CC1,7.68,1
CHEMBL5838626,Fc1cc(COc2ccc3cnccc3n2)ccc1-c1noc(C(F)(F)F)n1,7.68,1
CHEMBL5864393,Cn1c(OCc2ccc(-c3noc(C(F)(F)F)n3)c(F)c2)nc2cccnc21,7.68,1
CHEMBL5761665,Fc1cc(COc2nc3cccnc3n2CC(F)(F)F)ccc1-c1noc(C(F)(F)F)n1,7.68,1
CHEMBL6040748,O=c1ccc2ccc(Br)cc2n1Cc1ccc(-c2noc(C(F)(F)F)n2)cc1,7.68,1
CHEMBL5768336,FC(F)(F)c1nc(-c2ccc(CNc3cccc4[nH]ncc34)cc2)no1,7.68,1
CHEMBL5959767,CS(=O)(=O)N(Cc1ncc(-c2nnc(C(F)F)o2)s1)c1cccc(Cl)c1,7.68,1
CHEMBL5845001,CS(=O)(=O)N(Cc1ncc(-c2nnc(C(F)F)o2)s1)c1ccc(F)c(Cl)c1,7.68,1
CHEMBL5913992,O=S(=O)(CCN1C[C@@H]2C[C@H]1CO2)N(Cc1ncc(-c2nnc(C(F)F)o2)s1)c1cncc(F)c1,7.68,1
CHEMBL6148086,C[C@H]1COc2c(N3CCN(C)CC3)c(F)cc3c(=O)c(C(=O)NCC4CN(CCCCCCC(=O)NO)N=N4)cn1c23,7.68,1
CHEMBL4060174,C#Cc1cccc(Nc2ncnc3cc(NC(=O)CCCCCCC(=O)NO)sc23)c1,7.67,1
CHEMBL4083577,O=C(NO)c1ccc(CNc2ccnc3ccccc23)cc1,7.67,1
CHEMBL4565933,O=C(NO)c1ccc(Cn2c(=O)n(CCc3ccccc3)c(=O)c3ccc(Cl)cc32)cc1,7.67,2
CHEMBL4516093,O=C(CCc1csc(CCc2ccc(F)cc2)n1)NO,7.67,1
CHEMBL4854541,O=C(NO)c1ccc(CN2C(=O)C(Cc3ccccc3)N(Cc3ccccc3)C2=O)cc1,7.67,1
CHEMBL141502,COc1ccc2[nH]cc(CCNCc3ccc(/C=C/C(=O)NO)cc3)c2c1,7.67,2
CHEMBL5091553,O=C(CCCCCCn1cc(Nc2ncc3ccn(-c4ccc(F)cc4)c3n2)cn1)NO,7.67,1
CHEMBL5596197,COc1cc2c(cc1OCc1ccccc1)CN1C(=O)CC[C@H]1C(=O)N2Cc1ccc(C(=O)NO)cc1,7.67,1
CHEMBL5749094,COCCS(=O)(=O)N(Cc1ncc(-c2nnc(C(F)F)o2)s1)c1cccnc1,7.67,1
CHEMBL5912639,CS(=O)(=O)N(Cc1ncc(-c2nnc(C(F)F)o2)s1)c1ccc(F)cn1,7.67,1
CHEMBL6057334,O=C1CCc2ccncc2N1Cc1ncc(-c2nnc(C(F)F)o2)s1,7.67,1
CHEMBL154574,O=C(/C=C/c1ccccc1)NO,7.66,2
CHEMBL3098603,Cc1cccc(NC(=O)CCCCCCC(=O)NO)c1,7.66,1
CHEMBL3339011,O=C(CCCCCCC(=O)Nc1cc2c(Nc3ccc(F)c(Cl)c3)ncnc2s1)NO,7.66,1
CHEMBL3675759,O=C(CCCCCC=C(c1ccccn1)c1ccccn1)NO,7.66,1
CHEMBL3760013,O=C(NCCCCCCS)c1cc(-c2cnccn2)n[nH]1,7.66,1
CHEMBL3827894,CN(Cc1nc2c(N3CCOCC3)nc(-c3cnc(N)nc3)nc2n1C)c1ncc(C(=O)NO)cn1,7.66,1
CHEMBL3884506,COc1ccc2c(c1)c(CC(=O)O)c(C)n2Cc1ccc(-c2cn(CCCCCCC(=O)NO)nn2)cc1,7.66,1
CHEMBL3693783,O=C(CCCCCCNC(=O)c1ccc(C(O)(c2ccccn2)c2ccccn2)cc1)NO,7.66,4
CHEMBL3640687,C[C@@H]1CN(c2ncc(C(=O)NCCCCCCC(=O)NO)cn2)C[C@H](C)O1,7.66,4
CHEMBL4225451,O=C(CCCCCCNC(=O)c1cc(-c2ccc(F)cc2)[nH]n1)NO,7.66,1
CHEMBL164868,CC(/C=C/C(=O)NO)=C\[C@H](C)C(=O)c1ccc(N(C)C)cc1,7.66,1
CHEMBL4449301,CC[C@H](Nc1nc(N)nc(C)c1Cl)c1nc2cccc(NCc3ccc(C(=O)NO)cc3)c2c(=O)n1-c1ccccc1,7.66,1
CHEMBL4439065,O=C(NO)c1cc(F)c(Cn2nnc(-c3nccc4ccccc34)n2)c(F)c1,7.66,1
CHEMBL4537561,O=C(NO)c1ccc(Cn2c3c(c4cc(F)ccc42)CSCC3)cc1,7.66,1
CHEMBL4871812,COc1ccc(C2CC2)c2c1CCN(Cc1ccc(C(=O)NO)cc1)CC2,7.66,1
CHEMBL4863394,COc1cc2nc(-c3ccc(C)o3)cc(NCc3ccc(C(=O)NO)cc3)c2cc1OC,7.66,1
CHEMBL4858911,O=C(NO)c1ccc(CN2C(=O)CN(CCc3ccccc3)C2=O)cc1,7.66,1
CHEMBL5087228,CCN(CCc1ccc(C(=O)NO)cc1)c1nc(N)n2nc(-c3ccco3)nc2n1,7.66,1
CHEMBL5089674,O=C(CCCCCCn1cc(Nc2ncc3ccn(C4CCCC4)c3n2)cn1)NO,7.66,1
CHEMBL6056191,FC(F)c1nnc(-c2cnc(NC3(c4ccc(OC(F)(F)F)cc4)CC3)nc2)o1,7.66,1
CHEMBL6042816,Fc1cccc(C2(Nc3ncc(-c4nnc(C(F)F)o4)cn3)CC2)c1F,7.66,1
CHEMBL5859148,Fc1ccc(F)c(C2(Nc3ncc(-c4nnc(C(F)F)o4)cn3)CC2)c1,7.66,1
CHEMBL5771325,Fc1ccc([C@H](CC(F)(F)F)Nc2ncc(-c3nnc(C(F)F)o3)cn2)c(F)c1,7.66,1
CHEMBL6012524,CCN(CC)c1ccc(-c2nc3cc(C(=O)NO)ccc3o2)cc1,7.66,1
CHEMBL5966639,O=C(NO)c1ccc2oc(-c3ccc(N4CCCC4)nc3)nc2c1,7.66,1
CHEMBL5851642,CC(C)(C)c1ccc(-c2nc3ccc(C(=O)NO)cc3o2)cc1,7.66,1
CHEMBL5914675,O=C(NO)c1ccc2sc(-c3ccc4[nH]ccc4c3)cc2c1,7.66,1
CHEMBL5924373,CC(C)c1ccc(-c2cc3cc(C(=O)NO)cnc3o2)cc1,7.66,2
CHEMBL5922326,CC(C)c1ccc(Nc2nc3cc(C(=O)NO)ccc3n2C)cc1,7.66,1
CHEMBL6002642,Cn1c(N(Cc2ccccc2)c2ccccc2)nc2cc(C(=O)NO)ccc21,7.66,1
CHEMBL6004868,O=C(NO)c1ccc2oc(-c3ccc(-c4ccccc4)nc3)nc2c1,7.66,1
CHEMBL5935398,CC(C)(C)c1ccc(-c2nc3cc(C(=O)NO)ccc3s2)cc1,7.66,1
CHEMBL5978462,Cn1c([C@@H]2CCC(=O)N2c2ccc(-c3noc(C(F)(F)F)n3)cc2)nc2ccccc21,7.66,1
CHEMBL5752876,O=C1CCc2ccc(Br)cc2N1Cc1ccc(-c2noc(C(F)(F)F)n2)cc1,7.66,1
CHEMBL6010352,CC(C)(C)OC(=O)[C@@H]1COCC(=O)N1c1ccc(-c2noc(C(F)(F)F)n2)c(F)c1,7.66,1
CHEMBL5921288,COCC(=O)NC(Cc1ccc(-c2noc(C(F)(F)F)n2)cn1)c1cccc(C(F)(F)F)c1,7.66,1
CHEMBL5821773,O=C(NO)c1ccc(CCCn2cc(CNC3CC3c3ccccc3)cn2)cc1,7.66,1
CHEMBL5913844,O=C(NO)c1ccc(CC(=O)N2CCC(CN[C@@H]3C[C@H]3c3ccccc3)CC2)cc1,7.66,1
CHEMBL5763972,O=C(NO)c1cc2c(s1)CCN(C(=O)CN[C@@H]1C[C@H]1c1ccc(F)cc1)C2,7.66,1
CHEMBL5872863,O=S1(=O)CCN(S(=O)(=O)N(Cc2ncc(-c3nnc(C(F)F)o3)s2)c2cccc(Cl)c2)CC1,7.66,1
CHEMBL6030813,CCS(=O)(=O)N(Cc1ncc(-c2nnc(C(F)F)o2)s1)c1cncc(C#N)c1,7.66,1
CHEMBL5980300,CCS(=O)(=O)N(Cc1ncc(-c2nnc(C(F)F)o2)s1)c1cnn(C)c1,7.66,1
CHEMBL5741772,CCS(=O)(=O)N(Cc1ncc(-c2nnc(C(F)(F)F)o2)s1)c1cncc(F)c1,7.66,1
CHEMBL5868506,O=S(=O)(CCN1CC2COCC2C1)N(Cc1ncc(-c2nnc(C(F)F)o2)s1)c1cccnc1,7.66,1
CHEMBL5817860,O=S(=O)(C1CC1)N(Cc1cc(-c2nnc(C(F)F)o2)no1)c1cccc(Cl)c1,7.66,1
CHEMBL6149088,CCCc1cc(C(=O)Nc2cccc(Cl)c2)nn1Cc1ccc(C(=O)NO)cc1,7.66,1
CHEMBL2018298,CN1CCc2c(c3cc(C(C)(C)C)ccc3n2Cc2ccc(C(=O)NO)cc2)C1,7.65,1
CHEMBL3693728,Cn1c(Nc2ccc(C(=O)NCCCCCCC(=O)NO)cc2)nc2ccccc21,7.65,4
CHEMBL4111331,CC(C)[C@@H]1C(=O)N(c2ccccc2)C(=O)N1Cc1ccc(C(=O)NO)cc1,7.65,2
CHEMBL4780745,O=C(NO)c1ccc(NC(=O)c2ccc(C(F)(F)F)cc2)cc1,7.65,1
CHEMBL5566244,C[C@@H](COCCC(=O)N1CCN(c2ncc(OCc3ccc(C(=O)NO)cc3)cn2)CC1)Nc1cn[nH]c(=O)c1C(F)(F)F,7.65,1
CHEMBL5597318,COc1cc2c(cc1OCc1ccccc1)CN1C(=O)CC[C@H]1C(=O)N2Cc1ccc(CC(=O)NO)cc1,7.65,1
CHEMBL5863042,COc1ccccc1N1C(=O)[C@@H](C(C)C)N(Cc2ccc(C(=O)NO)cc2)C1=O,7.65,1
CHEMBL379049,CC(C)(C)OC(=O)N[C@@H](CCCCCS)C(=O)NC1CCCCCC1,7.64,1
CHEMBL482765,CCCC(=S)SCC(=O)c1ccc(NC(C)=O)cc1,7.64,1
CHEMBL3577298,CC1=C(C)C(=O)C(CONC(=O)CCCCCCC(=O)Nc2ccccc2)=C(C)C1=O,7.64,1
CHEMBL3774890,COc1ccc(N(C)c2nc(C)nc3ccccc23)cc1OCCCCCC(=O)NO,7.64,1
CHEMBL3693710,CC(C)c1ccccc1N(C)c1ncc(C(=O)NCCCCCCC(=O)NO)cn1,7.64,4
CHEMBL3640684,O=C(CCCCCCNC(=O)c1cnc(N(CCO)CC(c2ccc(F)cc2)c2ccc(F)cc2)nc1)NO,7.64,4
CHEMBL4285223,O=C(CCCCCCC(=O)Nc1ccc(-c2ccnc(Nc3ccc(N4CCCCC4)cc3)n2)cc1)NO,7.64,1
CHEMBL4453971,O=C(NO)c1ccc(Cn2c(=O)n(CCc3ccc(F)cc3)c(=O)c3ccccc32)cc1,7.64,2
CHEMBL5094029,O=C(CCCCCCCOc1cccc(-c2nc3ccc(-c4nc5ccccc5[nH]4)cc3[nH]2)c1)NO,7.64,1
CHEMBL5170590,O=C(NO)c1ccc(Cn2cc(-c3cccc(O)c3)nc(N3CCOCC3)c2=O)cc1,7.64,1
CHEMBL5185866,COc1cc(OCc2cccc(-c3ccccc3)c2C)cc(OC)c1CNCCCCCCC(=O)NO,7.64,2
CHEMBL5631370,Nc1nc(Cl)c2ncn(Cc3ccc(C(=O)NO)cc3)c2n1,7.64,1
CHEMBL5863119,FC(F)c1nnc(-c2cnc(NC3(c4ccccc4)CC3)nc2)o1,7.64,1
CHEMBL5853967,COc1ccccc1C1(Nc2ncc(-c3nnc(C(F)F)o3)cn2)CC1,7.64,1
CHEMBL6050433,FC(F)c1nnc(-c2cnc(NC3(c4cccc(OC(F)(F)F)c4)CC3)nc2)o1,7.64,1
CHEMBL5844958,Fc1ccc(Cl)c(C2(Nc3ncc(-c4nnc(C(F)F)o4)cn3)CC2)c1,7.64,1
CHEMBL5853035,O=S(=O)(NCC(Nc1ncc(-c2nnc(C(F)F)o2)cn1)c1ccc(OC(F)F)cc1F)C1CC1,7.64,1
CHEMBL5899207,CC(C)c1ccc(-c2cc3ccc(C(=O)NO)cc3s2)cc1,7.64,2
CHEMBL5781088,CC(C)c1ccc(-c2cc3ncc(C(=O)NO)cc3o2)cc1,7.64,1
CHEMBL5803915,Fc1ccccc1C1COCCN1c1ccc(-c2noc(C(F)(F)F)n2)cn1,7.64,1
CHEMBL6044238,CC(C)NC(=O)OCc1ccc(-c2noc(C(F)(F)F)n2)cn1,7.64,1
CHEMBL5769901,FC(F)(F)c1nc(-c2ccnc(OCc3ccno3)c2)no1,7.64,1
CHEMBL6037325,FC(F)(F)c1nc(-c2ccc(COc3nccc4nccn34)nc2)no1,7.64,1
CHEMBL6003006,CCS(=O)(=O)N(Cc1ncc(-c2nnc(C(F)F)o2)s1)c1cnccn1,7.64,1
CHEMBL6063834,CC(C)S(=O)(=O)N(Cc1ncc(-c2nnc(C(F)F)o2)s1)c1cncc(C#N)c1,7.64,1
CHEMBL6057365,O=c1cc(-c2nnc(C(F)F)o2)ccn1C[C@@H]1C[C@H]1c1ccccc1,7.64,1
CHEMBL6167626,COc1ccc(-c2ccc3cc(OCCCCCC(=O)NO)ccc3n2)cc1,7.64,1
CHEMBL3770555,Cc1cnc(-c2nc(C(=O)NCCCCC(=O)C(F)(F)F)c(C3CC3)s2)s1,7.63,1
CHEMBL3693747,Cc1cccc(C)c1N(C)c1ccc(C(=O)NCCCCCCC(=O)NO)c(F)c1,7.63,4
CHEMBL3693748,CN(CCCCCCC(=O)NO)C(=O)c1ccc(Nc2ccccc2)cc1,7.63,4
CHEMBL3693759,Cc1cccc(C)c1Nc1cccc(C(=O)NCCCCCCC(=O)NO)c1,7.63,4
CHEMBL5272622,O=C(NO)c1ccc(CN2CCN(C(=O)c3c[nH]c4cc(OCc5ccccc5)ccc34)CC2)cc1,7.63,1
CHEMBL5440638,O=C(CCCCCN1C(=O)CC(c2ccccc2)S(=O)(=O)c2ccccc21)NO,7.63,1
CHEMBL5561494,O=C(NO)c1ccc(Cn2c3c(c4ccccc42)C(=O)CCC3)cc1,7.63,2
CHEMBL3394281,COc1ccc(/C=C/C(=O)NO)cc1,7.63,1
CHEMBL5926647,CS(=O)(=O)N(Cc1ncc(-c2nnc(C(F)F)o2)s1)c1cncc(Cl)c1,7.63,1
CHEMBL5942324,C[C@@H](F)c1cncc(N(Cc2ncc(-c3nnc(C(F)F)o3)s2)S(C)(=O)=O)c1,7.63,1
CHEMBL6174069,O=C(NO)c1ccc(CN2CN(c3ccccc3)C3(CCNCC3)C2=O)cc1,7.63,1
CHEMBL2425957,Cc1nc2cc(/C=C/C(=O)NO)ccc2c(=O)n1Cc1ccccc1,7.62,1
CHEMBL3354920,COc1ccccc1C(=O)N[C@H](COc1cccc(/C=C/C(=O)NO)c1)Cc1c[nH]c2ccccc12,7.62,1
CHEMBL3339010,O=C(CCCCCC(=O)Nc1cc2c(Nc3ccc(F)c(Cl)c3)ncnc2s1)NO,7.62,1
CHEMBL3693715,CCN(c1ccc(C(=O)NCCCCCCC(=O)NO)cc1)c1c(Cl)cccc1Cl,7.62,4
CHEMBL4282004,CC(C)CCN1CC(=O)N2Cc3c(c4ccccc4n3Cc3ccc(C(=O)NO)cc3)CC2C1=O,7.62,1
CHEMBL4564622,O=C(NO)c1ccc(Cn2c(=O)n(CCc3cccc(C(F)(F)F)c3)c(=O)c3ccccc32)cc1,7.62,1
CHEMBL4483795,O=C(NCCc1cc(C(=O)NO)no1)c1cccc(-c2ccccc2)c1,7.62,1
CHEMBL4764495,O=C(NO)c1ccc(CN2C(=O)/C(=C3\Nc4ccccc4\C3=N/O)c3cc(Br)ccc32)cc1,7.62,1
CHEMBL5174162,O=C(CCCCC/C=C/c1csc(Br)n1)NO,7.62,1
CHEMBL5194945,Cc1cc(C)cc(C(=O)N(CC(=O)NC(C)(C)C)Cc2ccc(C(=O)NO)cc2F)c1,7.62,1
CHEMBL5201623,CC(C)n1cnc2c(-c3cccc(OCCCC(=O)NO)c3)nc(N3CCOCC3)nc21,7.62,2
CHEMBL5171820,COc1cc2nc(N3CCN(CCCCCC(=O)NO)CC3)nc(NC3CCN(C(C)C)CC3)c2cc1OC,7.62,1
CHEMBL5555202,CC1(C)CC(=O)c2c(C(F)(F)F)nn(Cc3ccc(C(=O)NO)cc3)c2C1,7.62,2
CHEMBL5591859,CN1C(=O)CNC(=O)/C1=C/c1ccc(C(=O)NCCNC(=O)c2ccc(C(=O)NO)cc2)cc1,7.62,1
CHEMBL5619279,Cn1c(C(=O)N(CC(=O)NC(C)(C)C)Cc2ccc(C(=O)NO)cc2)cc2ccccc21,7.62,1
CHEMBL5620085,CC(C)(C)CC(C)(C)NC(=O)CN(Cc1ccc(C(=O)NO)cc1)C(=O)c1c[nH]c2ccccc12,7.62,1
CHEMBL5806404,CS(=O)(=O)NC[C@H](Nc1ncc(-c2nnc(C(F)F)o2)cn1)c1ccc(Cl)cc1,7.62,1
CHEMBL5915115,CN(C)C(=O)c1cccc(-c2ccc(-c3nc4ccc(C(=O)NO)cc4[nH]3)cc2)c1,7.62,1
CHEMBL6016335,O=C(Cn1ncccc1=O)N(Cc1ccc(-c2noc(C(F)(F)F)n2)cc1)c1cccc(C(F)(F)F)c1,7.62,1
CHEMBL5880237,FC(F)(F)c1nc(-c2ccc(N3CCNCC3c3ccccc3)nc2)no1,7.62,1
CHEMBL5953468,Fc1cc(COc2nnnc3ccccc23)ccc1-c1noc(C(F)(F)F)n1,7.62,1
CHEMBL5841822,Cc1cc(NCc2ccc(-c3noc(C(F)(F)F)n3)cn2)on1,7.62,1
CHEMBL6063797,O=C(NO)c1ccc(CN2CCc3ccc(CNC4CC4c4ccc(F)cc4)cc3C2)cc1,7.62,1
CHEMBL5968609,O=C(NO)c1ccc(Cn2c(=O)n(Cc3ccccc3)c(=O)c3ccccc32)cc1,7.62,1
CHEMBL5973203,Cc1ccc(OCCn2ccc(-c3nnc(C(F)F)o3)cc2=O)cn1,7.62,1
CHEMBL6143755,CCCc1cc(C(=O)Nc2cc(C)cc(F)c2)nn1Cc1ccc(C(=O)NO)cc1,7.62,1
CHEMBL4299469,CC[C@@H]1OC(=O)[C@@H](C)[C@H](O[C@H]2C[C@@](C)(OC)[C@@H](O)[C@H](C)O2)[C@@H](C)[C@H](O[C@H]2O[C@@H](C)C[C@@H](N(C)C)[C@@H]2O)[C@](C)(O)C[C@H](C)CN(Cc2ccc(-c3cn(CCCCC(=O)NO)nn3)cc2)[C@H](C)[C@H](O)[C@@]1(C)O,7.61,1
CHEMBL3640670,O=C(CCCCCCNC(=O)c1cnc(N(CCO)c2ccccc2)nc1)NO,7.61,4
CHEMBL3640689,O=C(CCCCCCNC(=O)c1cnc(N2CCN(Cc3ccccc3)CC2)nc1)NO,7.61,4
CHEMBL3958794,O=C(NO)c1ccc(Cn2ccc3ccccc32)cc1,7.61,2
CHEMBL4088276,COc1cc(NC(=O)NOCCCCCC(=O)NO)c2nccc(C)c2c1,7.61,1
CHEMBL4452620,CC(C)(C)c1ccc(C(=O)Nc2ccc(C(=O)NO)cc2)cc1,7.61,5
CHEMBL4845845,O=C(NO)c1ccc(CN2C(=O)NC(CCc3ccccc3)(c3ccccc3)C2=O)cc1,7.61,1
CHEMBL5202595,CC(C)CN(Cc1ccc(C(=O)NO)cc1)S(=O)(=O)c1cc(F)c(F)c(F)c1F,7.61,1
CHEMBL5780306,CCS(=O)(=O)N(Cc1ncc(-c2nnc(C(F)(F)F)o2)s1)c1cncc(Cl)c1,7.61,1
CHEMBL5987875,COCCN(Cc1ncc(-c2nnc(C(F)F)o2)s1)c1cccc(Cl)c1,7.61,1
CHEMBL6062551,O=S(=O)(CCN1C[C@@H]2C[C@H]1CO2)N(Cc1ncc(-c2nnc(C(F)F)o2)s1)c1cccnc1,7.61,1
CHEMBL6000175,CCc1cncc(N(Cc2ncc(-c3nnc(C(F)F)o3)s2)S(C)(=O)=O)c1,7.61,1
CHEMBL1097369,O=C(/C=C/c1cccc(-c2nc3ccccc3n2C2CCCCC2)c1)NO,7.6,1
CHEMBL1094152,O=C(/C=C/c1cccc(-c2nc3ccccc3n2[C@H]2CCCNC2)c1)NO,7.6,1
CHEMBL2179244,CCCCN(C(=O)NCc1ccc(C(=O)NO)cc1)c1ccccc1,7.6,5
CHEMBL483477,O=C(CCCCCCC(=O)NCCc1ccccc1)NO,7.6,1
CHEMBL3601341,CC(C)N1CCN(c2nccc3ccc(NC(=O)CCCCCCC(=O)NO)cc23)CC1,7.6,1
CHEMBL4060607,O=C(NO)c1ccc(CNc2cccc3c2CCCC3)cc1,7.6,1
CHEMBL4069121,O=C(/C=C/c1ccc(CNc2cccc3ncccc23)cc1)NO,7.6,1
CHEMBL4549502,COc1ccc(C(=O)N(CCC(=O)NCc2ccccc2)Cc2ccc(C(=O)NO)cc2)cc1,7.6,1
CHEMBL4454925,O=C(NO)c1ccc(Cn2nnc(-c3ccc(S(F)(F)(F)(F)F)cc3)n2)cc1,7.6,1
CHEMBL4551484,O=C(NO)c1ccc(Cn2nnc(Cc3ccccn3)n2)cc1,7.6,1
CHEMBL4762873,O=C(NO)c1ccc(Nc2c3ccccc3nc3ccccc23)cc1,7.6,1
CHEMBL4866536,O=C(CCCCCONC(=O)c1ccc2ccccc2n1)NO,7.6,1
CHEMBL4854096,O=C(NO)c1ccc(CN2C(=O)C(Cc3ccccc3)N(Cc3ccc4ccccc4c3)C2=O)cc1,7.6,1
CHEMBL5194437,O=C(NO)c1ccc(CC(=O)N(CCO)C(=O)Cc2ccccc2)cc1,7.6,1
CHEMBL5181798,C#Cc1nc(/C=C\CCCCCC(=O)NO)cs1,7.6,1
CHEMBL5400623,Cc1cc(C)nc(SCC(=O)Nc2ncc(Cc3cccc(OCc4cn(Cc5ccc(C(=O)NO)cc5)nn4)c3)s2)n1,7.6,1
CHEMBL5568183,O=C(NO)c1ccc(CN(Cc2ccco2)C(=O)c2ccccc2)cc1,7.6,1
CHEMBL5820000,O=C1CCC(c2ccccc2Cl)N1c1cc(F)c(-c2noc(C(F)(F)F)n2)cc1F,7.6,1
CHEMBL5803077,Fc1cccc(C2COCCN2c2ccc(-c3noc(C(F)(F)F)n3)cn2)c1,7.6,1
CHEMBL5759828,O=C(C1CCS(=O)(=O)CC1)N(Cc1ccc(-c2noc(C(F)(F)F)n2)nn1)c1cccc(C(F)(F)F)c1,7.6,1
CHEMBL5948563,Cn1c(OCc2ccc(-c3noc(C(F)(F)F)n3)c(F)c2)nc2ncccc21,7.6,1
CHEMBL5916620,Cn1cccc(OCc2ccc(-c3noc(C(F)(F)F)n3)cn2)c1=O,7.6,1
CHEMBL5950411,O=C1CCc2cc(F)ccc2N1Cc1ccc(-c2noc(C(F)(F)F)n2)cc1,7.6,1
CHEMBL5856228,CC(C)(C)OC(=O)[C@@H]1CCC(=O)N1c1ccc(-c2noc(C(F)(F)F)n2)c(F)c1,7.6,1
CHEMBL5958970,FC(F)(F)c1nc(-c2ccc(CNc3cnccn3)nc2)no1,7.6,1
CHEMBL5830752,CC(C)C(=O)NC(Cc1ccc(-c2noc(C(F)(F)F)n2)cn1)c1cccc(C(F)(F)F)c1,7.6,1
CHEMBL6040484,O=C(NO)c1ccc(CC(=O)N2CCC(CN[C@H]3C[C@@H]3c3ccccc3)CC2)cc1,7.6,1
CHEMBL5891478,CNc1ccc(CCn2c(=O)c3ccccc3n(Cc3ccc(C(=O)NO)cc3)c2=O)cc1,7.6,1
CHEMBL5937922,CCS(=O)(=O)N(Cc1ncc(-c2nnc(C(F)F)o2)s1)c1cncc(C2CC2)c1,7.6,1
CHEMBL5887048,CS(=O)(=O)N(Cc1ncc(-c2nnc(C(F)F)o2)s1)c1cncc(F)c1,7.6,1
CHEMBL5911976,CCS(=O)(=O)N(Cc1ncc(-c2nnc(C(F)(F)F)o2)s1)c1ccccc1,7.6,1
CHEMBL5850861,O=C1COc2ccncc2N1Cc1ncc(-c2nnc(C(F)F)o2)s1,7.6,1
CHEMBL6163336,CN(C)C(=O)C(=O)N1CCC2(CC1)C(=O)N(Cc1ccc(C(=O)NO)cc1F)CN2c1ccccc1,7.6,1
CHEMBL3633769,COc1cc2ncnc(Nc3ccc(Cl)cc3Cl)c2cc1OCCCCCC(=O)NO,7.59,1
CHEMBL3640705,O=C(CCCCCCNC(=O)c1cnc(N2CCCNCC2)nc1)NO,7.59,4
CHEMBL3971359,O=C(NO)c1ccc(CN2C(=O)N[C@@H](Cc3ccccc3)C2=O)cc1,7.59,3
CHEMBL4750401,O=C(NO)c1ccc(COc2c(-c3cccnc3)c3ccccc3n(Cc3ccccc3)c2=O)cc1,7.59,1
CHEMBL4798571,CN(C)CCOc1ccc(-c2cc(=O)c3c(O)cc(OCCCCCC(=O)NO)cc3o2)cc1.Cl,7.59,1
CHEMBL5080111,COc1ccc2[nH]cc(CCN(Cc3ccc(/C=C/C(=O)NO)cc3)C(=O)/C=C/c3ccc(O)c(OC)c3)c2c1,7.59,2
CHEMBL5289013,C=CN1C(=O)CN(Cc2ccc(C(=O)NO)cc2)C(=O)C1Cc1ccccc1,7.59,1
CHEMBL5569365,O=C(NO)c1ccc(NCc2cc(-c3cccc(Br)c3)cn3ccnc23)cc1,7.59,1
CHEMBL5619524,COc1cc(OCCCCCCC(=O)NO)ccc1C1c2ccc(O)cc2CCN1CC(C)(C)F,7.59,1
CHEMBL5825738,CC(F)(F)c1cncc(N(Cc2ncc(-c3nnc(C(F)F)o3)s2)S(C)(=O)=O)c1,7.59,1
CHEMBL5991740,C[C@H]1CN(CCS(=O)(=O)N(Cc2ncc(-c3nnc(C(F)F)o3)s2)c2cncc(F)c2)CCO1,7.59,1
CHEMBL2312168,Cc1cc(C)cc(C(=O)NOCCCCCC(=O)NO)c1,7.58,2
CHEMBL2442797,COc1cc([C@@H]2c3cc4c(cc3[C@@H](Nc3ccc(OCCCCCC(=O)NO)cc3)[C@H]3COC(=O)[C@H]23)OCO4)cc(OC)c1O,7.58,1
CHEMBL3758882,O=C(NCCCCCCS)c1cc(-c2cccnc2)n[nH]1,7.58,1
CHEMBL3693787,Cc1cccc(C)c1N(c1ccccc1)c1ncc(C(=O)NCCCCCCC(=O)NO)cn1,7.58,4
CHEMBL3640650,O=C(CCCCCCNC(=O)c1ccc(C(O)(c2ccc(F)cc2F)c2ccc(F)cc2F)cc1)NO,7.58,4
CHEMBL3640664,O=C(CCCCCCNC(=O)c1ccc(C(O)(c2nccs2)c2nccs2)cc1)NO,7.58,4
CHEMBL4562808,COc1cc(OC)cc(C(=O)N(CCC(=O)NCc2ccccc2)Cc2ccc(C(=O)NO)cc2)c1,7.58,1
CHEMBL4515650,O=C(NO)c1ccc(Cn2nnc(-c3cccc(S(F)(F)(F)(F)F)c3)n2)cc1,7.58,1
CHEMBL4644775,COc1cc(Oc2ccc3nc(/C=C/C(=O)NO)ccc3c2)cc(OC)c1OC,7.58,1
CHEMBL4796066,O=C(NO)c1ccc(Nc2c3ccccc3nc3ccc(Br)cc23)cc1,7.58,2
CHEMBL4790223,O=C(NO)c1ccc(NC(=O)c2ccc(C3CCCCC3)cc2)cc1,7.58,1
CHEMBL5189667,CC(C)(C)NC(=O)CN(Cc1ccc(C(=O)NO)cc1F)C(=O)c1ccccc1F,7.58,1
CHEMBL5286805,O=C(NO)c1ccc(CN2CCN(C(=O)c3c[nH]c4ccc(Cl)cc34)CC2)cc1,7.58,1
CHEMBL5431676,COc1cccc(-c2cnc(C(=O)NCCCCCCCC(=O)NO)s2)c1,7.58,1
CHEMBL5439214,Cc1nc(NC(=O)N2C[C@H](NS(=O)(=O)Cc3ccc(C(=O)NO)cc3)C[C@H]2C(N)=O)sc1-c1ccnc(C(C)(C)C(F)(F)F)c1,7.58,1
CHEMBL5983085,CS(=O)(=O)NCCC(Nc1ncc(-c2nnc(C(F)F)o2)cn1)c1ccc(F)cc1,7.58,1
CHEMBL5764684,CC(C)c1ccc(-c2nc3cc(C(=O)NO)ccc3o2)cc1,7.58,3
CHEMBL5803382,O=C(NO)c1ccc2oc(-c3ccc4[nH]nnc4c3)nc2c1,7.58,1
CHEMBL5903335,O=C1C(C2CCOCC2)NC[C@@H](c2cc(F)cc(F)c2)N1c1ccc(-c2noc(C(F)(F)F)n2)cn1,7.58,1
CHEMBL5951361,O=C(c1cncnc1)N(Cc1ccc(-c2noc(C(F)(F)F)n2)cc1)c1cccc(C(F)(F)F)c1,7.58,1
CHEMBL5812731,Cc1noc([C@H]2CCCCN2c2ccc(-c3noc(C(F)(F)F)n3)cn2)n1,7.58,1
CHEMBL5845113,Cc1cccc(CCOc2cc(-c3noc(C(F)(F)F)n3)ccn2)n1,7.58,1
CHEMBL5977824,Cc1noc([C@@H]2CCCCN2c2ccc(-c3noc(C(F)(F)F)n3)cn2)n1,7.58,1
CHEMBL5940065,Fc1cc(COc2cncnc2)ccc1-c1noc(C(F)(F)F)n1,7.58,1
CHEMBL5883482,Fc1cc(COc2ccc3ncnn3c2)ccc1-c1noc(C(F)(F)F)n1,7.58,1
CHEMBL5995916,COc1ncccc1OCc1ccc(-c2noc(C(F)(F)F)n2)cn1,7.58,1
CHEMBL5816080,O=C1c2cc(F)ccc2CCN1Cc1ccc(-c2noc(C(F)(F)F)n2)cn1,7.58,1
CHEMBL5823649,Cn1ccc(NCc2ccc(-c3noc(C(F)(F)F)n3)cn2)cc1=O,7.58,1
CHEMBL5902634,Cn1ncc(NCc2ccc(-c3noc(C(F)(F)F)n3)cn2)n1,7.58,1
CHEMBL6041746,CC(C)c1ncncc1C(=O)N(Cc1ccc(-c2noc(C(F)(F)F)n2)cn1)c1cccc(F)c1,7.58,1
CHEMBL5802697,NC(=O)c1ccccc1NCc1ccc(-c2noc(C(F)(F)F)n2)cc1,7.58,1
CHEMBL5879974,O=c1ccc2ccccc2n1Cc1ncc(-c2noc(C(F)(F)F)n2)cn1,7.58,1
CHEMBL5745120,CC1(C(=O)NC(Cc2ccc(-c3noc(C(F)(F)F)n3)cn2)c2cccc(C(F)(F)F)c2)COC1,7.58,1
CHEMBL5923940,CCS(=O)(=O)N(Cc1ncc(-c2nnc(C(F)F)o2)s1)c1ccccc1,7.58,1
CHEMBL5832028,CCS(=O)(=O)N(Cc1ncc(-c2nnc(C(F)F)o2)s1)c1ccc(F)cn1,7.58,1
CHEMBL6050379,COCCS(=O)(=O)N(Cc1ncc(-c2nnc(C(F)F)o2)s1)c1cncc(C)c1,7.58,1
CHEMBL5878174,CCCS(=O)(=O)N(Cc1ncc(-c2nnc(C(F)F)o2)s1)c1ccc(Cl)cn1,7.58,1
CHEMBL5750975,CCCCS(=O)(=O)N(Cc1ncc(-c2nnc(C(F)F)o2)s1)c1cccnc1,7.58,1
CHEMBL6102394,COc1ccccc1-c1csc(C(=O)NOCCCCCC(=O)NO)n1,7.58,1
CHEMBL6143889,COc1cccc(-c2csc(C(=O)NOCCCCCC(=O)NO)n2)c1,7.58,1
CHEMBL408513,O=C(/C=C/c1cccc(S(=O)(=O)Nc2ccccc2)c1)NO,7.57,15
CHEMBL569192,O=C(O)c1ccc(-c2ccc(C(=O)C(F)(F)F)s2)cc1,7.57,1
CHEMBL2312164,Cc1cccc(C(=O)NOCCCCCC(=O)NO)c1,7.57,1
CHEMBL2442802,COc1cc([C@@H]2c3cc4c(cc3[C@@H](Nc3ccccc3OCCCCCCC(=O)NO)[C@H]3COC(=O)[C@H]23)OCO4)cc(OC)c1O,7.57,1
CHEMBL3339021,O=C(CCCCCC(=O)Nc1cc2c(Nc3ccccc3)ncnc2s1)NO,7.57,1
CHEMBL3655943,C[C@H](Nc1ncc(C(=O)NO)cn1)c1ccccc1,7.57,4
CHEMBL3758261,O=C(NCCCCCCS)c1cc(-c2ccccn2)n[nH]1,7.57,1
CHEMBL3758457,O=C(/C=C/c1ccc(/C=C(/CNC2CC2)c2ccc(F)cc2)cc1)NO,7.57,1
CHEMBL3763388,CN(/N=C/c1ccc(C(=O)NO)cc1)C(=O)c1ccc(N(C)C)cc1,7.57,1
CHEMBL3622533,COc1ccc(-c2nc(N3CCOCC3)c3sc(CN(C)c4ncc(C(=O)NO)cn4)cc3n2)cn1,7.57,9
CHEMBL4102456,CCN(CC)CCNC(=O)c1ccc(-c2cn(CCCCCCCC(=O)NO)nn2)cc1,7.57,1
CHEMBL4227770,Cc1ccc(-c2cc(C(F)(F)F)nn2Cc2ccc(C(=O)NO)cc2)cc1,7.57,1
CHEMBL4435002,CC[C@H](Nc1nc(N)nc(C(F)F)c1C#N)c1nc2cccc(NCc3ccc(C(=O)NO)cc3)c2c(=O)n1-c1ccccc1,7.57,1
CHEMBL4863455,Cc1c(F)cc(C(=O)NO)cc1F,7.57,1
CHEMBL5187865,O=C(CN(Cc1ccc(C(=O)NO)cc1F)C(=O)c1ccccc1C(F)(F)F)NC1CCCCC1,7.57,1
CHEMBL5188109,Cc1ccccc1C(=O)N(CC(=O)NC(C)(C)C)Cc1ccc(C(=O)NO)cc1F,7.57,1
CHEMBL5204510,CC(C)(C)NC(=O)CN(Cc1ccc(C(=O)NO)cc1F)C(=O)c1ccccc1C(F)(F)F,7.57,1
CHEMBL5189911,CC1(NCc2ccc(C(=O)NCc3ccc(/C=C/C(=O)NO)cc3)cc2)CCN(c2cnc(-c3cccc(Cl)c3Cl)c(N)n2)CC1,7.57,1
CHEMBL5169821,O=C(CCCCCCNC(=O)c1ccc(NC(=O)COCCOCCNC(=O)COc2cccc3c2C(=O)N(C2CCC(=O)NC2=O)C3=O)cc1)NO,7.57,2
CHEMBL5218764,N#Cc1c(N)nc(N)nc1N1CC2(CC2)C[C@H]1c1nc2cccc(F)c2c(=O)n1Cc1ccc(C(=O)NO)cc1,7.57,1
CHEMBL5219798,Cn1c([C@@H]2C[C@@H](OC(=O)NCc3ccc(C(=O)NO)cc3)CN2c2nc(N)nc(N)c2C#N)nc2cccc(Cl)c2c1=O,7.57,1
CHEMBL5278968,COc1ccc(-c2nc(N3CCOCC3)c3sc(CN(C)c4ccc(C(=O)NO)cc4)cc3n2)cn1,7.57,1
CHEMBL4850926,Cc1sc2c(c1C)C(c1ccc(Cl)cc1)=N[C@@H](CC(=O)Nc1ccc(C(=O)NO)cc1)c1nnc(C)n1-2,7.57,2
CHEMBL5556839,CC(C)(C)OC(=O)N1CCN(CC2CCc3c(c4cc(F)ccc4n3Cc3ccc(C(=O)NO)cc3)C2=O)CC1,7.57,1
CHEMBL5632401,Nc1nc(Cl)c2ccn(Cc3ccc(CC(=O)NO)cc3)c2n1,7.57,1
CHEMBL5767972,FC(F)c1nnc(-c2cnc(NC3(c4ccc(Br)cc4)CC3)nc2)o1,7.57,1
CHEMBL6014466,CCS(=O)(=O)NCC(Nc1ncc(-c2nnc(C(F)F)o2)cn1)c1ccc(F)cc1,7.57,1
CHEMBL5963528,Cc1[nH]c2ccccc2c1-c1nc2cc(C(=O)NO)ccc2o1,7.57,1
CHEMBL5909809,O=C(NO)c1ccc2oc(N(Cc3ccccc3)c3ccccc3)nc2c1,7.57,1
CHEMBL5860511,FC(F)(F)c1nc(-c2ccc(N3CCOC[C@@H]3c3ccccc3)nc2)no1,7.57,1
CHEMBL5880875,O=C1CC[C@@H](CO)N1c1ccc(-c2noc(C(F)(F)F)n2)c(F)c1,7.57,1
CHEMBL5755389,Cn1cccc(OCc2ccc(-c3noc(C(F)(F)F)n3)c(F)c2)c1=O,7.57,1
CHEMBL5840014,Cn1c(OCc2ccc(-c3noc(C(F)(F)F)n3)c(F)c2)nc2ccccc21,7.57,1
CHEMBL5839018,Fc1cc(F)c(OCc2ccc(-c3noc(C(F)(F)F)n3)c(F)c2)cn1,7.57,1
CHEMBL5788906,FC(F)c1cc(OCc2ccc(-c3noc(C(F)(F)F)n3)cn2)ncn1,7.57,1
CHEMBL5951388,FC(F)(F)c1nc(-c2ccc(COc3ccc4cnccc4n3)nc2)no1,7.57,1
CHEMBL6053849,O=C([C@@H]1CCC(=O)N1c1cc(F)c(-c2noc(C(F)(F)F)n2)cc1F)N1CCc2ccccc2C1,7.57,1
CHEMBL5915281,Cc1nc2cc(F)ccc2n1Cc1ccc(-c2noc(C(F)(F)F)n2)cn1,7.57,1
CHEMBL6053817,O=C(NC(Cc1ccc(-c2noc(C(F)(F)F)n2)cn1)c1cccc(C(F)(F)F)c1)C1CCOCC1,7.57,1
CHEMBL5936967,O=C(NC(Cc1ccc(-c2noc(C(F)(F)F)n2)cn1)c1cccc(C(F)(F)F)c1)c1cccnc1,7.57,1
CHEMBL5861262,O=C(NO)c1ccc(CNCC23CC4CC(CC(C4)C2)C3)nc1,7.57,1
CHEMBL5844389,CCCS(=O)(=O)N(Cc1ncc(-c2nnc(C(F)F)o2)s1)c1ccc(F)cn1,7.57,1
CHEMBL5803402,C[C@@H]1CN(CCS(=O)(=O)N(Cc2ncc(-c3nnc(C(F)F)o3)s2)c2cccnc2)CCO1,7.57,1
CHEMBL5884684,CCS(=O)(=O)N(Cc1ncc(-c2nnc(C(F)F)o2)s1)c1cncc([C@@H](C)F)c1,7.57,1
CHEMBL6168782,O=C(NO)c1ccc(CN2CN(c3ccccc3)C3(CCN(C(=O)NCc4ccco4)CC3)C2=O)c(F)c1,7.57,1
CHEMBL3640690,O=C(CCCCCCNC(=O)c1cnc(N2CCN(CCO)CC2)nc1)NO,7.56,4
CHEMBL4437895,CC(C)(C)c1ccc(CN(C(=O)CN(Cc2c(F)c(F)c(F)c(F)c2F)S(C)(=O)=O)c2ccc(C(=O)NO)cc2)cc1,7.56,1
CHEMBL5191960,COCCN(Cc1ccc(C(=O)NO)cc1)S(=O)(=O)c1cc(F)c(F)c(F)c1F,7.56,1
CHEMBL5830169,CCS(=O)(=O)N(Cc1ncc(-c2nnc(C(F)(F)F)o2)s1)c1cnccn1,7.56,1
CHEMBL5998279,O=S(=O)(CCN1CCCOCC1)N(Cc1ncc(-c2nnc(C(F)F)o2)s1)c1cncc(F)c1,7.56,1
CHEMBL6174765,O=C(NO)c1ccc(CN2CN(c3ccccc3)C3(CCN(C(=O)c4cccnc4)CC3)C2=O)cc1,7.56,1
CHEMBL1289931,CC(C)(C)OC(=O)N[C@@H](CCCCCC(=O)NO)C(=O)NC1CCCC1,7.55,2
CHEMBL2333343,CNC(=O)c1ccc(C(=O)NO)cc1,7.55,1
CHEMBL3675748,CN1CCc2c(n(CCCCCC(=O)NO)c3ccccc23)C1,7.55,2
CHEMBL3951291,O=C(CCCCCOc1ccc2cc1COC/C=C/COCc1cccc(c1)-c1ccnc(n1)N2)NO,7.55,1
CHEMBL4104247,O=C(NO)c1ccc(CN2c3ccccc3S(=O)(=O)C[C@H]3CCCC[C@H]32)cc1,7.55,2
CHEMBL4469267,CC1(C)CCC(CN2CCN(c3ccc(C(=O)NS(=O)(=O)c4ccc(NCCCCCCC(=O)NO)c([N+](=O)[O-])c4)c(Oc4cnc5[nH]ccc5c4)c3)CC2)=C(c2ccc(Cl)cc2)C1,7.55,1
CHEMBL4579774,CC1(C)CCC(CN2CCN(c3ccc(C(=O)NS(=O)(=O)c4ccc(NCCCCCC(=O)NO)c([N+](=O)[O-])c4)c(Oc4cnc5[nH]ccc5c4)c3)CC2)=C(c2ccc(Cl)cc2)C1,7.55,1
CHEMBL4559559,CC(C)(C)OC(=O)N(Cc1ccc(C(C)(C)C)cc1)c1ccc(C(=O)NO)cc1,7.55,1
CHEMBL4443378,CC[C@H](Nc1nc(N)nc(C)c1C#N)c1nc2cccc(CCCCCC(=O)NO)c2c(=O)n1-c1ccccc1,7.55,1
CHEMBL4745394,COc1ccc([C@H]2C[C@@H]2NCc2cn3c(n2)CN(CCCc2ccc(C(=O)NO)cc2)CC3)cc1,7.55,1
CHEMBL4872084,COc1ccc(CN2CC(=O)N(Cc3ccc(C(=O)NO)cc3)C2=O)cc1,7.55,1
CHEMBL5081128,COc1ccccc1-c1cc(/C=C/c2ccc(C(=O)NO)cc2)ccn1,7.55,1
CHEMBL5220934,O=C(NO)c1ccc(Cn2c([C@@H]3CC4(CC4)CN3c3ncnc4[nH]cnc34)nc3cccc(F)c3c2=O)cc1,7.55,1
CHEMBL5285996,O=C(NO)c1ccc(Cn2cnc(-c3cccnc3)n2)cc1,7.55,1
CHEMBL5423557,O=C(NO)c1ccc(/C=C/c2nc3ccccc3c(=O)[nH]2)cc1,7.55,1
CHEMBL5418257,Cc1nc(NC(=O)N2C[C@H](NC(=O)CCCCCCC(=O)NO)C[C@H]2C(N)=O)sc1-c1ccnc(C(C)(C)C(F)(F)F)c1,7.55,1
CHEMBL5618301,CC(C)(C)c1nc(-c2cccc(NS(=O)(=O)c3c(F)cccc3F)c2F)c(-c2ccnc(NCCCCCCC(=O)NO)n2)s1,7.55,2
CHEMBL5646992,Cn1c(CSc2ccccc2)nc2cc(C(=O)NO)ccc21,7.55,1
CHEMBL5986550,FC(F)c1nnc(-c2cnc(NC3(c4ccc(Br)nc4)CC3)nc2)o1,7.55,1
CHEMBL5937584,Cc1cccc(C2(Nc3ncc(-c4nnc(C(F)F)o4)cn3)CC2)c1Cl,7.55,1
CHEMBL5953229,FC(F)Oc1cccc(C2(Nc3ncc(-c4nnc(C(F)F)o4)cn3)CC2)c1Cl,7.55,1
CHEMBL5797110,C[C@@H](Nc1ncc(-c2nnc(C(F)F)o2)cn1)c1ccc(F)cc1F,7.55,1
CHEMBL5951714,O=S(=O)(NCC(Nc1ncc(-c2nnc(C(F)F)o2)cn1)c1ccc(F)cc1)C1CC1,7.55,1
CHEMBL5881234,CC(C)c1ccc(-c2nc3cc(C(=O)NO)ccc3n2C)cc1,7.55,2
CHEMBL5945799,O=C(NO)c1ccc2oc(-c3ccc(N4CCOCC4)nc3)nc2c1,7.55,1
CHEMBL5804151,O=C(NO)c1ccc2oc(-c3ccc(-c4ccccc4F)cc3)nc2c1,7.55,2
CHEMBL5806081,O=C(NO)c1ccc2sc(-c3cccc(C(F)(F)F)c3)cc2c1,7.55,1
CHEMBL6013927,COc1ncccc1-c1ccc(-c2nc3cc(C(=O)NO)ccc3o2)cc1,7.55,1
CHEMBL5993371,O=C(CCCn1cncn1)N(Cc1ccc(-c2noc(C(F)(F)F)n2)cc1)c1cccc(C(F)(F)F)c1,7.55,1
CHEMBL5884342,Fc1cc(COc2cnc3[nH]ccc3c2)ccc1-c1noc(C(F)(F)F)n1,7.55,1
CHEMBL5878872,CC1(C)CCCN1C(=O)[C@@H]1CCC(=O)N1c1cc(F)c(-c2noc(C(F)(F)F)n2)cc1F,7.55,1
CHEMBL5933411,O=C1CCc2cc(C(F)(F)F)ccc2N1Cc1ccc(-c2noc(C(F)(F)F)n2)cn1,7.55,1
CHEMBL5811224,COCc1cccc(CCOc2cc(-c3noc(C(F)(F)F)n3)ccn2)c1,7.55,1
CHEMBL5791632,CCCC(=O)NC(Cc1ccc(-c2noc(C(F)(F)F)n2)cn1)c1cccc(C(F)(F)F)c1,7.55,1
CHEMBL5857831,COc1ccc(C2CC2NCc2cn3c(n2)CN(CCCc2ccc(C(=O)NO)cc2)CC3)cc1,7.55,1
CHEMBL6025199,CCS(=O)(=O)N(Cc1ncc(-c2nnc(C(F)F)o2)s1)c1cccc(C(F)(F)F)n1,7.55,1
CHEMBL6145924,Cc1c(F)c(N)cc(C(=O)Nc2cc(-c3ccc(C(=O)NCCCCCC(=O)NO)cc3)ccc2N2CCN(C)CC2)c1Cl,7.55,1
CHEMBL570589,CC(=O)c1ccc(-c2ccc(C(=O)C(F)(F)F)s2)cc1,7.54,1
CHEMBL2425958,Cc1nc2cc(/C=C/C(=O)NO)ccc2c(=O)n1CCc1ccccc1,7.54,1
CHEMBL3693756,CN(CCCCCCC(=O)NO)C(=O)c1ccc(Nc2nc3ccccc3s2)cc1,7.54,4
CHEMBL3693800,CCOC(c1ccc(C(=O)NCCCCCCC(=O)NO)cc1)(c1ccccn1)c1ccccn1,7.54,4
CHEMBL3640654,O=C(CCCCCCNC(=O)c1ccc(C(O)(c2cc(F)cc(F)c2)c2cc(F)cc(F)c2)cc1)NO,7.54,4
CHEMBL4228291,Cc1ccc(-c2cc(C)nn2Cc2ccc(C(=O)NO)cc2)cc1,7.54,1
CHEMBL4226433,O=C(CCCCCNC(=O)c1cc(-c2ccc(F)cc2)[nH]n1)NO,7.54,1
CHEMBL4244887,COc1ccc2nc3cc(Cl)ccc3c(Nc3ccc(-c4cn(CCCCCC(=O)NO)nn4)cc3)c2c1,7.54,1
CHEMBL4438057,O=C(NO)c1ccc(Cn2c(=O)n(CCc3ccccc3)c(=O)c3cccnc32)cc1,7.54,2
CHEMBL4451298,CNc1nc(Nc2cnn(CCCCCCC(=O)NO)c2)ncc1Cl,7.54,1
CHEMBL4593341,COCCOCC(=O)SCCCCCC(NC(=O)OCc1ccccc1)C(=O)Nc1cccc2cccnc12,7.54,1
CHEMBL4757035,O=C(NO)c1ccc(Nc2c3ccccc3nc3ccc(F)cc23)cc1,7.54,1
CHEMBL4751082,O=C(NO)c1ccc(Nc2c3ccccc3nc3ccc(OC(F)(F)F)cc23)cc1,7.54,1
CHEMBL4858918,COc1ccc2c(c1)CCN(Cc1ccc(C(=O)NO)cc1)CC2,7.54,1
CHEMBL4846062,O=C(NO)c1ccc(CN2C(=O)C(Cc3ccccc3)N(Cc3cccc4ccccc34)C2=O)cc1,7.54,1
CHEMBL5077078,COc1cccc(Cn2ccc3cnc(Nc4cnn(CCCCCCC(=O)NO)c4)nc32)c1,7.54,1
CHEMBL5087772,O=C(CCCCCCOc1ccc(-c2nc3ccc(-c4nc5ccccc5[nH]4)cc3[nH]2)cc1)NO,7.54,1
CHEMBL5078295,CN(C)c1ccc(CN(Cc2ccc(C(=O)NO)cc2)S(=O)(=O)c2c(F)c(F)c(F)c(F)c2F)cc1,7.54,1
CHEMBL5188138,CN(Cc1ccc(C(=O)NO)cc1)C(=O)c1ccccc1,7.54,2
CHEMBL5269954,CN1CCC2(CC1)c1ccccc1N(Cc1ccc(C(=O)NO)cc1)C2c1ccccc1F,7.54,1
CHEMBL5562876,O=C(NO)c1ccc(CN(Cc2cccs2)C(=O)c2ccccc2)cc1,7.54,1
CHEMBL6027176,Fc1cc(OC(F)F)ccc1C1(Nc2ncc(-c3nnc(C(F)F)o3)cn2)CC1,7.54,1
CHEMBL5760208,CS(=O)(=O)NCC(Nc1ncc(-c2nnc(C(F)F)o2)cn1)c1ccc(F)cc1,7.54,1
CHEMBL5739879,Fc1ccc(C2(Nc3ncc(-c4nnc(C(F)F)o4)cn3)CCC2)cc1,7.54,1
CHEMBL6056564,O=S(=O)(CC(F)(F)F)NC[C@H](Nc1ncc(-c2nnc(C(F)F)o2)cn1)c1ccc(F)cc1,7.54,1
CHEMBL5744249,O=C(NC[C@H](Nc1ncc(-c2nnc(C(F)F)o2)cn1)c1ccc(F)cc1)C1CC1,7.54,1
CHEMBL6040114,CC1(C)CC(=O)N(Cc2ccc(C(=O)NO)cc2)c2ccc(Cl)cc21,7.54,1
CHEMBL5901369,Cc1noc([C@@H]2COCC(=O)N2c2ccc(-c3noc(C(F)(F)F)n3)cc2)n1,7.54,1
CHEMBL5865660,Cc1noc(C2CCCC(=O)N2c2ccc(-c3noc(C(F)(F)F)n3)cc2)n1,7.54,1
CHEMBL5899275,O=C(C1CC1c1cncnc1)N(Cc1ccc(-c2noc(C(F)(F)F)n2)cc1)c1cccc(C(F)(F)F)c1,7.54,1
CHEMBL5865949,Fc1ccccc1OCc1ccc(-c2noc(C(F)(F)F)n2)cn1,7.54,1
CHEMBL5747111,Fc1ccc2ccc(OCc3ccc(-c4noc(C(F)(F)F)n4)c(F)c3)nc2n1,7.54,1
CHEMBL5878416,O=C1CCC(c2ccc(-c3noc(C(F)(F)F)n3)cc2)N1c1ccccc1F,7.54,2
CHEMBL6064557,Cc1n[nH]c2c1CC(NCc1ccc(-c3noc(C(F)(F)F)n3)cn1)CC2,7.54,1
CHEMBL5827798,FC(F)(F)c1nc(-c2ccc(CNC3CCN(c4ccccn4)CC3)nc2)no1,7.54,1
CHEMBL5870520,OCc1cccc(NCc2ccc(-c3noc(C(F)(F)F)n3)cc2)c1,7.54,1
CHEMBL5830383,O=C(NC(Cc1ccc(-c2noc(C(F)(F)F)n2)cn1)c1cccc(C(F)(F)F)c1)c1ncccn1,7.54,1
CHEMBL5775127,CCS(=O)(=O)N(Cc1ncc(-c2nnc(C(F)F)o2)s1)c1cccnc1,7.54,1
CHEMBL6010380,CCS(=O)(=O)N(Cc1ncc(-c2nnc(C(F)F)o2)s1)c1ccc(C#N)nc1,7.54,1
CHEMBL3601340,O=C(CCCCCCC(=O)Nc1ccc2ccnc(N3CCOCC3)c2c1)NO,7.53,1
CHEMBL3693734,O=C(CCCCCCNC(=O)c1ccc(N(c2ccccc2)c2ccccn2)cc1)NO,7.53,4
CHEMBL3640688,O=C(CCCCCCNC(=O)c1cnc(N2CCNCC2)nc1)NO,7.53,4
CHEMBL3927508,O=C(NO)c1ccc(Cn2cnc3ccccc32)cc1,7.53,1
CHEMBL4063718,Cc1ccc(F)c(Nc2ncnc3cc(NC(=O)CCCCCCC(=O)NO)sc23)c1,7.53,1
CHEMBL4441436,O=C(NO)c1ccc(Cn2c(=O)n(CCc3ccccc3)c(=O)c3ccc(O)cc32)cc1,7.53,2
CHEMBL5409321,COc1ccc(-c2cnc(C(=O)NCCCCCCCC(=O)NO)o2)cc1,7.53,1
CHEMBL2023528,COc1cccc2c1C(=O)c1c(O)c3c(c(O)c1C2=O)C[C@@](O)(C(C)=O)C[C@@H]3O[C@H]1C[C@H](NCc2ccc(-c3cn(CCCCCC(=O)NO)nn3)cc2)[C@H](O)[C@H](C)O1,7.52,1
CHEMBL2333346,O=C(NO)C1=CCCC1,7.52,1
CHEMBL3314860,O=C(/C=C/c1ccc(-c2nnc(Cc3c[nH]c4ccccc34)o2)cc1)NO,7.52,1
CHEMBL3314861,O=C(/C=C/c1ccc(Cc2nnc(Cc3cccc4ccccc34)o2)cc1)NO,7.52,1
CHEMBL3339013,O=C(CCCCCC(=O)Nc1cc2c(Nc3ccc(Cl)c(C(F)(F)F)c3)ncnc2s1)NO,7.52,1
CHEMBL3589700,O=C(CCCCCCC(=O)Nc1ccc(C2=C(c3ccc(O)cc3)C3CC(S(=O)(=O)Oc4cccc5ccccc45)C2O3)cc1)NO,7.52,1
CHEMBL3601336,Cc1ccc(Nc2nccc3ccc(NC(=O)CCCCCCC(=O)NO)cc23)c(Cl)c1,7.52,1
CHEMBL3759791,O=C(NCCCCCCS)c1cc(-c2ccccc2)n[nH]1,7.52,1
CHEMBL3693732,O=C(CCCCCCNC(=O)c1ccc(N(c2ccccc2)c2cnccn2)cc1)NO,7.52,4
CHEMBL3693739,CN(c1ccc(C(=O)NCCCCCCC(=O)NO)cc1)c1nc2ccccc2o1,7.52,4
CHEMBL3693795,O=C(CCCCCCNC(=O)c1ccc(C(O)(c2cccc(F)c2)c2cccc(F)c2)cc1)NO,7.52,8
CHEMBL4469488,O=C(NCCc1cc(C(=O)NO)no1)c1ccc(Cl)c(Cl)c1,7.52,4
CHEMBL4751879,COc1ccc2c(c1)/C(=C1/Nc3ccccc3/C1=N\O)C(=O)N2Cc1ccc(C(=O)NO)cc1,7.52,1
CHEMBL4786332,O=C(NO)c1ccc(CN(Cc2nnnn2Cc2ccccc2)C(=O)c2ccccc2)cc1,7.52,1
CHEMBL4847978,Cc1ccccc1C(=O)N(CC(=O)NCc1ccccc1)Cc1ccc(C(=O)NO)cc1,7.52,1
CHEMBL4851776,O=C(CN(Cc1ccc(C(=O)NO)cc1)C(=O)Cc1ccccc1)NCc1ccccc1,7.52,1
CHEMBL4854335,Cc1ccccc1C(=O)N(CC(=O)NC12CC3CC(CC(C3)C1)C2)Cc1ccc(C(=O)NO)cc1,7.52,1
CHEMBL5186022,O=C(NO)c1ccc(Cn2cc(-c3cn[nH]c3)nc(N3CCOCC3)c2=O)cc1,7.52,1
CHEMBL5204591,O=C(CCCCCCOc1cccc(-c2nnc(-c3ccccc3Cl)s2)c1)NO,7.52,1
CHEMBL4643070,C[C@H]1COc2c(N3CCN(C)CC3)c(F)cc3c(=O)c(C(=O)OCc4cn(CCCCCCC(=O)NO)nn4)cn1c23,7.52,1
CHEMBL5434760,CN(Cc1ccccc1)c1cc(NCCCCCCC(=O)NO)nc(-c2cccnc2)n1,7.52,1
CHEMBL5410192,CS(=O)(=O)NCC(Nc1ncc(-c2nnc(C(F)F)o2)cn1)c1ccc(OC(F)(F)F)cc1,7.52,2
CHEMBL5563092,C[C@@H](COCCC(=O)N1CCN(c2ncc(NC(=O)CCCCCC(=O)NO)cn2)CC1)Nc1cn[nH]c(=O)c1C(F)(F)F,7.52,1
CHEMBL5618912,CNCCOc1ccc(-c2cc(=O)c3cc(OCCCCCC(=O)NO)cc(O)c3o2)cc1,7.52,1
CHEMBL6029011,Fc1ccc([C@H](CC(F)(F)F)Nc2ncc(-c3nnc(C(F)F)o3)cn2)cc1,7.52,1
CHEMBL5777861,FC(F)c1nnc(-c2cnc(NC3(c4ccc(Cl)cc4)CC3)nc2)o1,7.52,1
CHEMBL5819952,C[C@H](Nc1ncc(-c2nnc(C(F)F)o2)cn1)c1c(F)cccc1F,7.52,1
CHEMBL5908140,O=C(NO)c1ccc2sc(-c3cncc(Br)c3)nc2c1,7.52,1
CHEMBL6038511,CN(Cc1ccccc1)c1nc2cc(C(=O)NO)ccc2n1C,7.52,1
CHEMBL5955221,CC1CCN(c2ccc(-c3nc4cc(C(=O)NO)ccc4o3)cn2)CC1,7.52,1
CHEMBL5905474,O=C(C(Cc1ccc(-c2noc(C(F)(F)F)n2)cn1)c1cccc(C(F)(F)F)c1)N1CC[S+]([O-])CC1,7.52,1
CHEMBL5742789,FC(F)(F)c1nc(-c2ccc(CNC3CCc4ncccc4C3)nc2)no1,7.52,1
CHEMBL5836517,FC(F)(F)c1nc(-c2ccc(CNc3ccc4c[nH]nc4c3)cc2)no1,7.52,1
CHEMBL5757097,N#Cc1cccc(NCc2ccc(-c3noc(C(F)(F)F)n3)cc2)c1,7.52,1
CHEMBL5893886,CCS(=O)(=O)N(Cc1ncc(-c2nnc(C(F)F)o2)s1)c1cncc(C(F)(F)F)c1,7.52,1
CHEMBL5747941,CC(C)CS(=O)(=O)N(Cc1ncc(-c2nnc(C(F)F)o2)s1)c1cncc(C#N)c1,7.52,1
CHEMBL6133552,O=C(NO)c1ccc(CN2c3ccccc3SC[C@H]3CCCC[C@H]32)cc1,7.52,1
CHEMBL6142430,O=C(NO)c1ccc(CN2c3ccccc3SC[C@H]3CCCCC[C@H]32)cc1,7.52,1
CHEMBL6142590,O=C(CCCCCONC(=O)c1nc(-c2cc3ccccc3o2)cs1)NO,7.52,1
CHEMBL585939,CC(C)C[C@H]1CC(=O)N[C@@H](C)C(=O)N[C@@H](CCCCCC(=O)NO)C(=O)N[C@@H](Cc2c[nH]c3ccccc23)C(=O)N1,7.51,3
CHEMBL1099096,O=C(/C=C/c1cccc(-c2nc3ccccc3n2CCc2ccccc2)c1)NO,7.51,1
CHEMBL3098697,O=C(CCCCC[C@H](NC(=O)[C@@H]1CCCC(=O)N1)C(=O)NC1CCCC1)NO,7.51,1
CHEMBL3675761,Cc1ccc(N(CCCCCCC(=O)NO)c2ccccn2)nc1,7.51,1
CHEMBL4299472,CC[C@@H]1OC(=O)[C@H](C)[C@@H](O[C@@H]2C[C@](C)(OC)[C@H](O)[C@@H](C)O2)[C@@H](C)[C@@H](O[C@@H]2O[C@H](C)C[C@H](N(C)Cc3ccccc3-c3cn(CCCCCCC(=O)NO)nn3)[C@H]2O)[C@](C)(O)C[C@@H](C)CN(C)[C@H](C)[C@@H](O)[C@]1(C)O,7.51,1
CHEMBL3693808,CC(O)(c1ccc(C(=O)NCCCCCCC(=O)NO)cc1)c1ccccn1,7.51,4
CHEMBL4079541,O=C(NO)c1ccc(CN(CCO)C(=O)Cc2ccccc2)cc1,7.51,3
CHEMBL4280840,O=C(CN(Cc1ccc(C(=O)NO)cc1)C(=O)c1cccc2ccccc12)NC1CCCCC1,7.51,1
CHEMBL4458544,Cc1ccc(NC(=O)CCN(Cc2ccc(C(=O)NO)cc2)C(=O)c2cc(C)cc(C)c2)cc1,7.51,1
CHEMBL4520424,O=C(CCc1cc(C(=O)NO)no1)Nc1nc(-c2ccccc2)cs1,7.51,1
CHEMBL4551531,CCSc1ccc2c(c1)N(Cc1ccc(C(=O)NO)cc1)c1ccccc1S2,7.51,1
CHEMBL4570194,O=C(CCc1csc(CCc2ccccc2)n1)NO,7.51,1
CHEMBL4762346,O=C(NO)c1ccc(CCCN2CCC(CN[C@@H]3C[C@H]3c3ccccc3)CC2)cc1,7.51,1
CHEMBL4783802,O=C(NO)c1ccc(CN(CCCO)C(=O)Cc2ccccc2)cc1,7.51,1
CHEMBL4856928,Cc1ccsc1-c1nc(CNc2ccc(C(=O)NO)cc2)n(-c2ccccc2)n1,7.51,1
CHEMBL4871247,Cc1ccc(-c2nc(CNc3ccc(C(=O)NO)cc3)n(-c3ccccc3)n2)s1,7.51,1
CHEMBL4846435,NC(=O)c1ccc2c(c1)CCCN2Cc1ccc(C(=O)NO)cc1,7.51,2
CHEMBL5072502,COc1ccc2[nH]cc(CCN(Cc3ccc(C(=O)NO)cc3)C(=O)/C=C/c3ccc(O)c(OC)c3)c2c1,7.51,2
CHEMBL5093832,COc1ccc(-c2ncc(C(=O)NCCCCCCC(=O)NO)s2)c(OC)c1,7.51,1
CHEMBL5876779,CS(=O)(=O)NC[C@H](Nc1ncc(-c2nnc(C(F)F)o2)cn1)c1ccc(OC(F)(F)F)cc1,7.51,1
CHEMBL5979588,CCCCc1ccc(-c2nc3ccc(C(=O)NO)cc3[nH]2)cc1,7.51,2
CHEMBL5871252,O=C(NO)c1ccc2oc(Nc3cccc(OCc4ccccc4)c3)nc2c1,7.51,1
CHEMBL5754701,Cc1noc(C)c1-c1ccc(-c2nc3cc(C(=O)NO)ccc3o2)cc1,7.51,1
CHEMBL5900942,O=c1ccc2ccccc2n1Cc1ccc(-c2noc(C(F)(F)F)n2)cc1,7.51,1
CHEMBL6005073,CS(=O)(=O)CC(=O)N(Cc1ccc(-c2noc(C(F)(F)F)n2)cc1)c1cccc(C(F)(F)F)c1,7.51,1
CHEMBL5936681,Cc1nnc(CC(=O)N(Cc2ccc(-c3noc(C(F)(F)F)n3)cc2)c2cccc(C(F)(F)F)c2)n1C,7.51,1
CHEMBL6031529,CCS(=O)(=O)N(Cc1ncc(-c2nnc(C(F)F)o2)s1)c1cccc(C(=O)OC)c1,7.51,1
CHEMBL98,O=C(CCCCCCC(=O)Nc1ccccc1)NO,7.5,345
CHEMBL467792,CC(C)(C)OC(=O)Nc1ccc(-c2cc(C(=O)NCCCCC(=O)NO)no2)cc1,7.5,1
CHEMBL2401845,C[C@]12CC[C@@H]3c4ccc(O)cc4CC[C@H]3[C@@H]1CC[C@@]2(O)c1cn(CCCCCC(=O)NO)nn1,7.5,1
CHEMBL2425954,Cc1nc2ccc(/C=C/C(=O)NO)cc2c(=O)n1-c1ccccc1,7.5,1
CHEMBL2431918,O=C(NO)c1cc2c(s1)CN(C(=O)C1CCCCC1)CC2,7.5,2
CHEMBL3353062,O=C(NO)c1cc2n(c1)CCN(C(=O)c1ccc(-c3ccccc3)cc1)C2,7.5,1
CHEMBL4299407,CC[C@@H]1OC(=O)[C@@H](C)[C@H](O[C@@H]2C[C@](C)(OC)[C@@](O)(CN(C)C)[C@@H](C)O2)[C@H](C)[C@H](O[C@@H]2O[C@H](C)C[C@H](N(C)Cc3ccc(-c4cn(CCCCCCC(=O)NO)nn4)cc3)[C@H]2O)[C@@](C)(OC)C[C@H](C)C(=O)[C@@H](C)[C@@H](O)[C@@]1(C)O,7.5,1
CHEMBL4299428,CC[C@@H]1OC(=O)[C@H](C)[C@@H](O[C@@H]2C[C@](C)(OC)[C@@](O)(CN(C)Cc3ccc(-c4cn(CCCCCC(=O)NO)nn4)cc3)[C@@H](C)O2)[C@@H](C)[C@@H](O[C@@H]2O[C@H](C)C[C@H](N(C)C)[C@H]2O)[C@](C)(O)C[C@@H](C)CN(C)[C@H](C)[C@@H](O)[C@]1(C)O,7.5,1
CHEMBL4299488,CC[C@H]1OC(=O)[C@@H](C)[C@H](O[C@H]2C[C@@](C)(OC)[C@](O)(CN(C)Cc3ccc(-c4cn(CCCCCCC(=O)NO)nn4)cc3)[C@H](C)O2)[C@H](C)[C@H](O[C@H]2O[C@@H](C)C[C@@H](N(C)C)[C@@H]2O)[C@@](C)(O)C[C@H](C)CN(C)[C@@H](C)[C@H](O)[C@@]1(C)O,7.5,1
CHEMBL3693727,CCN(c1ccc(C(=O)NCCCCCCC(=O)NO)cc1)c1cnccn1,7.5,4
CHEMBL3948680,O=C(NO)c1ccc(Cn2cc(Cc3ccccc3)c3ccccc32)cc1,7.5,2
CHEMBL3976023,O=C(NO)c1ccc(Cn2cccc2)cc1,7.5,1
CHEMBL4283545,Cc1ccc(C(=O)N(CC(=O)NC2CCCCC2)Cc2ccc(C(=O)NO)cc2)cc1C,7.5,1
CHEMBL4436806,CN1CCC2=C(C1)N(Cc1ccc(C(=O)NO)cc1)c1ccccc1S2,7.5,1
CHEMBL4466930,O=C(NO)c1ccc(Cn2cc(CCO)c3ccccc32)cc1,7.5,1
CHEMBL4763061,Cl.O=C(NO)c1cnc(N2CCC3(CCN(Cc4c[nH]c5ccccc45)C3)CC2)nc1,7.5,1
CHEMBL4858210,COc1ccc2c(c1)N(Cc1ccc(C(=O)NO)cc1)c1ccccc1[S+]2[O-],7.5,1
CHEMBL5079449,Nc1nc2c(cnn2CCN2CCC(c3ccc(C(=O)NO)cc3)CC2)c2nc(-c3ccco3)nn12,7.5,1
CHEMBL5171575,Cc1noc(C)c1-c1cn(Cc2ccc(C(=O)NO)cc2)c(=O)c(N2CCOCC2)n1,7.5,1
CHEMBL5205120,O=C(CCCCOc1cccc(-c2nnc(-c3ccccc3)s2)c1)NO,7.5,1
CHEMBL5218454,N#Cc1c(N)nc(N)nc1N1CC2(CC2)C[C@H]1c1nc2cccc(F)c2c(=O)n1Cc1ccc(C(=O)NO)s1,7.5,1
CHEMBL5403435,FC(F)c1nnc(-c2ccc(Cn3nnnc3-c3ccccn3)cc2)o1,7.5,1
CHEMBL5438435,CCCCC(=O)N(CCCC)Cc1ccc(C(=O)NO)cc1,7.5,1
CHEMBL5892247,CCCS(=O)(=O)NCC(Nc1ncc(-c2nnc(C(F)F)o2)cn1)c1ccc(F)cc1,7.5,1
CHEMBL6020758,CC(C)CS(=O)(=O)NCC(Nc1ncc(-c2nnc(C(F)F)o2)cn1)c1ccc(F)cc1,7.5,1
CHEMBL6057146,O=C(NO)c1ccc2oc(-c3cccc(O)c3)nc2c1,7.5,1
CHEMBL5901538,O=C1COC[C@@H](c2ccccc2)N1c1ccc(-c2noc(C(F)(F)F)n2)nc1,7.5,1
CHEMBL5758886,O=C1CCCC(c2ccccc2)N1c1ccc(-c2noc(C(F)(F)F)n2)cn1,7.5,1
CHEMBL5880474,FC(F)(F)c1nc(-c2ccc(CNc3ccccn3)cc2)no1,7.5,1
CHEMBL5985186,O=C1CC(NCc2ccc(-c3noc(C(F)(F)F)n3)cn2)CCN1,7.5,1
CHEMBL5905840,O=C(NCc1ccccc1)c1ccccc1NCc1ccc(-c2noc(C(F)(F)F)n2)cn1,7.5,1
CHEMBL5749451,FC(F)(F)c1nc(-c2cnc(COc3ccc4ccccc4n3)nc2)no1,7.5,1
CHEMBL6046183,O=C(NO)c1ccc2c(c1)CN(C(=O)CNC1CC1c1ccc(F)cc1)CC2,7.5,1
CHEMBL5985788,CCS(=O)(=O)N(Cc1ncc(-c2nnc(C(F)F)o2)s1)c1ccc(Cl)cn1,7.5,1
CHEMBL6052331,CCS(=O)(=O)N(Cc1ncc(-c2nnc(C(F)F)o2)s1)c1cncc(C(C)(C)F)c1,7.5,1
CHEMBL6145053,O=C(NO)c1ccc(CN2C(=O)C3=C(CCN(Cc4cccc(Br)c4)C3)N3CCN=C23)cc1,7.5,1
CHEMBL3601343,CCCCn1ccc2ccc(NC(=O)CCCCCCC(=O)NO)cc2c1=O,7.49,1
CHEMBL4799423,CC(C)(C)c1ccc(C(=O)NCc2ccc(C(=O)NO)cc2)cc1,7.49,1
CHEMBL2425962,CCc1nc2cc(/C=C/C(=O)NO)ccc2c(=O)n1CCCc1ccccc1,7.48,1
CHEMBL3655969,CC(C)(Nc1ncc(C(=O)NO)cn1)c1cc(C(F)(F)F)cc(C(F)(F)F)c1,7.48,2
CHEMBL4299384,CC[C@@H]1OC(=O)[C@@H](C)[C@H](O[C@@H]2C[C@](C)(OC)[C@@](O)(CN(C)C)[C@@H](C)O2)[C@H](C)[C@H](O[C@@H]2O[C@H](C)C[C@H](N(C)Cc3ccc(-c4cn(CCCCCC(=O)NO)nn4)cc3)[C@H]2O)[C@@](C)(OC)C[C@H](C)C(=O)[C@@H](C)[C@@H](O)[C@@]1(C)O,7.48,1
CHEMBL3759322,O=C(NCCCCCCS)c1cc(-c2c[nH]c3ccccc23)n[nH]1,7.48,1
CHEMBL3693729,O=C(CCCCCCNC(=O)c1ccc(N(c2ccccc2)c2cncnc2)cc1)NO,7.48,4
CHEMBL3640648,COC(c1ccc(C(=O)NCCCCCCC(=O)NO)cc1)(c1ccccc1F)c1ccccc1F,7.48,4
CHEMBL4066042,O=C(CS)NCCCCCOc1c(Cl)cc(Cl)c2cccnc12,7.48,1
CHEMBL4211463,COc1ccc(-c2ccc3c(NC(=O)c4ccc(C(=O)NO)cc4)n[nH]c3c2)cc1OC,7.48,1
CHEMBL4207836,CCCc1nn(C)c2c(=O)[nH]c(-c3cc(OCc4ccc(C(=O)NO)cc4)ccc3OCC)nc12,7.48,1
CHEMBL4579366,O=C(NO)c1ccc(CN2c3ccccc3C[C@@H]3CCCCC[C@H]32)cc1,7.48,1
CHEMBL4782478,CC(C)c1cc(C(=O)N2Cc3ccc(NCc4ccc(C(=O)NO)cc4)cc3C2)c(O)cc1O,7.48,1
CHEMBL4752147,Cn1c(=O)c(OCc2ccc(C(=O)NO)cc2)c(C2CCCCC2)c2ccccc21,7.48,1
CHEMBL5076046,O=C(CCCCCCn1cc(Nc2ncc3ccn(-c4ccc(Cl)cc4)c3n2)cn1)NO,7.48,1
CHEMBL5091856,Cc1ccc2nc3c4ccccc4c(NCCCCCCC(=O)NO)nn3c(=O)c2c1,7.48,1
CHEMBL5410802,O=C(NO)c1ccc(COc2no[n+]([O-])c2S(=O)(=O)c2ccccc2)cc1,7.48,1
CHEMBL5619842,Cc1ccc(Cn2cnc3cc(/C=C/C(=O)NO)ccc3c2=O)cc1,7.48,1
CHEMBL5952118,CC(Nc1ncc(-c2nnc(C(F)F)o2)cn1)c1ccc(F)cc1,7.48,1
CHEMBL5951323,CCS(=O)(=O)NC[C@H](Nc1ncc(-c2nnc(C(F)F)o2)cn1)c1ccc(F)cc1F,7.48,1
CHEMBL6052980,COc1cccc2cc(-c3nc4cc(C(=O)NO)ccc4s3)oc12,7.48,1
CHEMBL5872061,FC(F)(F)c1nc(-c2ccc(N3CCOCC3c3ccccc3Cl)nc2)no1,7.48,1
CHEMBL6043486,Fc1cc(CNc2ccc3ccncc3c2)ccc1-c1noc(C(F)(F)F)n1,7.48,1
CHEMBL5823580,FC(F)(F)c1nc(-c2ccc(COc3ccc4ccccc4n3)nc2)no1,7.48,1
CHEMBL5934316,CN(c1ncc(C(=O)NO)cn1)C12CC3CC(CC(C3)C1)C2,7.48,1
CHEMBL6031436,O=C(NO)c1ccc(/C=C/C(=O)N2CCC(CN[C@H]3C[C@@H]3c3ccccc3)CC2)cc1,7.48,1
CHEMBL5934630,CCc1ccc(N(Cc2ncc(-c3nnc(C(F)F)o3)s2)S(=O)(=O)CC)cn1,7.48,1
CHEMBL5953640,CCc1cncc(N(Cc2ncc(-c3nnc(C(F)F)o3)s2)S(=O)(=O)CCOC)c1,7.48,1
CHEMBL2347011,C[C@H]1C=C2C=C[C@H](C)[C@H](CC[C@@H]3C[C@@H](O[Si](C)(C)C(C)(C)C)CC(=O)O3)[C@H]2[C@@H](OC(=O)NCc2ccc(-c3cn(CCCCCCC(=O)NO)nn3)cc2)C1,7.47,2
CHEMBL2381519,O=C(NO)c1cccc(C(=O)NCc2ccccc2)c1,7.47,1
CHEMBL2401844,C[C@]12CC[C@@H]3c4ccc(O)cc4CC[C@H]3[C@@H]1CC[C@@]2(O)c1cn(CCCCC(=O)NO)nn1,7.47,2
CHEMBL3335300,O=C(CCCCc1ccn(Cc2ccc(-c3ccccc3)cc2)n1)NO,7.47,1
CHEMBL3704923,C#Cc1ccc(CNC(=O)O[C@H]2C[C@@H](C)C=C3C=C[C@H](C)[C@H](CC[C@@H]4C[C@@H](O[Si](C)(C)C(C)(C)C)CC(=O)O4)[C@H]32)cc1,7.47,1
CHEMBL3747043,COc1ccc(-c2nc(NC(=O)NCCCC(=O)NO)cc3c2[nH]c2ccccc23)cc1,7.47,1
CHEMBL3775209,CN(c1ccc(OCCCC(=O)NO)cc1)c1ncnc2ccccc12,7.47,1
CHEMBL3775409,Cc1nc(N(C)c2ccc(OCCCCCC(=O)NO)cc2)c2ccccc2n1,7.47,1
CHEMBL3693720,CN(c1ccc(C(=O)NCCCCCCC(=O)NO)cc1)c1c(F)cccc1F,7.47,8
CHEMBL3640665,O=C(CCCCCCNC(=O)c1cccc(C(O)(c2ccc(F)cc2)c2ccc(F)cc2)c1)NO,7.47,4
CHEMBL3970950,O=C(NO)c1ccc(Cn2cccn2)cc1,7.47,2
CHEMBL4092997,CCN(CC)CCNC(=O)c1ccc(-c2cn(CCCCCCC(=O)NO)nn2)cn1,7.47,1
CHEMBL4097655,O=C(CCCCCCC(=O)Nc1cc2ncnc(Nc3cccc(Cl)c3)c2s1)NO,7.47,1
CHEMBL4203874,CCOc1cccc(-c2ccc3c(NC(=O)c4ccc(C(=O)NO)cc4)n[nH]c3c2)c1,7.47,1
CHEMBL4514922,O=C(CCc1csc(CCc2cccs2)n1)NO,7.47,1
CHEMBL4551751,CC(=O)SCCCCCC(NC(=O)OCc1ccccc1)C(=O)Nc1cccc2cccnc12,7.47,1
CHEMBL4854288,O=C(NO)c1ccc(NCc2nc(-c3cccs3)nn2-c2ccc(O)cc2)cc1,7.47,1
CHEMBL4850606,COc1cc2c(NCC3CCC(C(=O)NO)CC3)cc(-c3ccc(C)o3)nc2cc1OCCCN1CCCC1,7.47,1
CHEMBL5070312,COc1ccc2[nH]cc(CCNC(=O)/C=C/c3ccc(C(=O)NO)cc3)c2c1,7.47,2
CHEMBL5087466,O=C(NO)c1ccc(/C=C/c2ccnc(-c3cccc(CO)c3)c2)cc1,7.47,1
CHEMBL5189990,CCNNC(=O)c1ccc(CNC(=O)Nc2cccc3cccnc23)cc1,7.47,1
CHEMBL5584161,COc1ccc(CN2[C@H](C)c3[nH]c4ccccc4c3C[C@H]2C(=O)NCc2ccc(C(=O)NO)cc2)cc1,7.47,1
CHEMBL5647326,Cn1c(CN2CCCCC2)nc2cc(C(=O)NO)ccc21,7.47,1
CHEMBL5812644,Fc1ccc(C2(Nc3ncc(-c4nnc(C(F)F)o4)cn3)CC2)cc1,7.47,1
CHEMBL5787237,CC(C)(Nc1ncc(-c2nnc(C(F)F)o2)cn1)c1ccc(F)cc1F,7.47,1
CHEMBL5936015,O=C(NO)c1ccc2nc(-c3ccc(F)cc3)oc2c1,7.47,1
CHEMBL5894435,O=C(NO)c1ccc2oc(-c3ccc(NC4CCCCCC4)nc3)nc2c1,7.47,1
CHEMBL5764822,O=C(NO)c1ccc2oc(-c3ccc(-c4cccnc4)cc3F)nc2c1,7.47,1
CHEMBL5870322,O=C(Cn1ccnn1)N(Cc1ccc(-c2noc(C(F)(F)F)n2)cc1)c1cccc(C(F)(F)F)c1,7.47,1
CHEMBL5756061,CC(C)(C)OC(=O)N1CC(=O)N(c2ccc(-c3noc(C(F)(F)F)n3)cc2)[C@H](c2ccccc2)C1,7.47,1
CHEMBL5803661,C[Si]1(C)CCC(NCc2ccc(-c3noc(C(F)(F)F)n3)cn2)CC1,7.47,1
CHEMBL5915308,O=C(C1CCS(=O)(=O)CC1)N(Cc1ccc(-c2noc(C(F)(F)F)n2)c(F)c1)c1cccc(C(F)(F)F)c1,7.47,1
CHEMBL6003824,CN(Cc1ncc(-c2nnc(C(F)F)o2)s1)c1cccc(Cl)c1,7.47,1
CHEMBL5900310,C[C@@H]1CN(CCS(=O)(=O)N(Cc2ncc(-c3nnc(C(F)F)o3)s2)c2cncc(F)c2)CCO1,7.47,1
CHEMBL5965181,CS(=O)(=O)N(Cc1ncc(-c2nnc(C(F)(F)F)o2)s1)c1cncc(OC(F)F)c1,7.47,1
CHEMBL6005082,C[C@H]1CC(=O)N(Cc2ncc(-c3nnc(C(F)F)o3)s2)c2cnccc21,7.47,1
CHEMBL5784122,C[C@H]1Cc2ccncc2N(Cc2ncc(-c3nnc(C(F)F)o3)s2)C1=O,7.47,1
CHEMBL227120,CN(C)c1ccc(NC(=O)NCCCCCCC(=O)NO)cc1,7.46,1
CHEMBL468841,Nc1ccc(-c2cc(C(=O)NCCCCC(=O)NO)no2)cc1,7.46,1
CHEMBL2018294,Cc1cccc2c3c(n(Cc4ccc(C(=O)NO)cc4)c12)CCN(C)C3,7.46,1
CHEMBL2425960,O=C(/C=C/c1ccc2c(=O)n(CCc3ccccc3)cnc2c1)NO,7.46,1
CHEMBL3356928,O=C1NC[C@@H](c2ccccc2)[C@H]1C(=O)N[C@@H](CCCCCS)C(=O)Nc1ccccc1,7.46,1
CHEMBL3693785,Cc1ccccc1N(c1ncc(C(=O)NCCCCCCC(=O)NO)cn1)c1ccccc1C,7.46,4
CHEMBL3640647,CN(CCCCCCC(=O)NO)C(=O)c1ccc(C(O)(c2ccccc2F)c2ccccc2F)cc1,7.46,4
CHEMBL4224911,CCc1cc(-c2ccc(F)cc2)nn1Cc1ccc(C(=O)NO)cc1,7.46,1
CHEMBL4278449,CCCCNC(=O)CN(Cc1ccc(C(=O)NO)cc1)C(=O)c1ccc(N(C)C)cc1,7.46,1
CHEMBL4464975,O=C(NO)c1ccc(Cn2c(=O)n(CCc3ccccc3)c(=O)c3cc(Cl)ccc32)cc1,7.46,3
CHEMBL1213492,CCN(CC)Cc1ccc2cc(COC(=O)Nc3ccc(C(=O)NO)cc3)ccc2c1,7.46,5
CHEMBL4785327,C/C(=N\NC(=S)NCCCCCC(=O)NO)c1ccc(Br)cc1,7.46,1
CHEMBL3039527,Cl.Cn1cc(CNCC2CCN(c3ncc(C(=O)NO)cn3)CC2)c2ccccc21,7.46,1
CHEMBL5081907,Nc1nc(NCc2ccc(OCCCCC(=O)NO)cc2)nc2nc(-c3ccco3)nn12,7.46,1
CHEMBL5093906,O=C(CCCCCn1cc(Nc2ncc3ccn(Cc4cccc(Cl)c4)c3n2)cn1)NO,7.46,1
CHEMBL5202781,O=C(NO)c1ccc(Cn2cc(-c3cncnc3)nc(N3CCOCC3)c2=O)cc1,7.46,1
CHEMBL5182686,O=C(NO)c1ccc(/C=N/NC(=O)c2cc(N3CCOCC3)nc(-c3cccc4[nH]ncc34)n2)cc1,7.46,3
CHEMBL5560323,Cc1nccn1CC1C(=O)c2c(n(Cc3ccc(C(=O)NO)cc3)c3ccccc23)CC1(C)C,7.46,1
CHEMBL5559669,O=C(CN(C(=O)Cc1ccc(C(=O)NO)cc1)c1ccccc1)NC1CCCCC1,7.46,1
CHEMBL5558210,CCc1ccccc1N(CC(=O)NC1CCCCC1)C(=O)Cc1ccc(C(=O)NO)cc1,7.46,1
CHEMBL5612289,C#CCN1CCN(CCCOc2ccc3c(ccn3S(=O)(=O)c3ccc(C(=O)NO)cc3)c2)CC1,7.46,1
CHEMBL5900853,Fc1cc(F)cc(C2(Nc3ncc(-c4nnc(C(F)F)o4)cn3)CC2)c1,7.46,1
CHEMBL5951009,FC(F)c1nnc(-c2cnc(NC3(c4ccnc(Br)c4)CC3)nc2)o1,7.46,1
CHEMBL5832961,Cc1ccc(Cl)c(C2(Nc3ncc(-c4nnc(C(F)F)o4)cn3)CC2)c1,7.46,1
CHEMBL5823846,O=S(=O)(NCC(Nc1ncc(-c2nnc(C(F)F)o2)cn1)c1ccc(F)cc1F)C1CC1,7.46,1
CHEMBL5869100,CN(C)C(=O)c1ccc(-c2cc3cc(C(=O)NO)ccc3s2)cc1,7.46,1
CHEMBL6064735,O=C(NO)c1ccc2oc(-c3ccc(CN4CCN(c5ccncc5)CC4)cc3)nc2c1,7.46,1
CHEMBL5920371,Cc1ccc(NCc2ccc(-c3noc(C(F)(F)F)n3)c(F)c2)cn1,7.46,1
CHEMBL6036329,O=C1CCc2ncccc2N1Cc1ccc(-c2noc(C(F)(F)F)n2)cn1,7.46,1
CHEMBL5973319,FC(F)(F)c1nc(-c2ccc(COc3ncccn3)cc2)no1,7.46,1
CHEMBL5803306,O=C(NO)c1ccc(CNCC23CC4CC(CC(C4)C2)C3)cc1,7.46,1
CHEMBL5759477,O=C(NO)c1ccc(CCC(=O)N2CCC(CNC3CC3c3ccccc3)CC2)cc1,7.46,1
CHEMBL5775176,O=C(NO)c1cc2c(s1)CCN(C(=O)CCCN1CCC(CNC3CC3c3ccc(F)cc3)CC1)C2,7.46,1
CHEMBL5990429,Cn1cc(N(Cc2ncc(-c3nnc(C(F)F)o3)s2)S(=O)(=O)C2CC2)cn1,7.46,1
CHEMBL6060752,CC1(C)CCc2ccncc2N(Cc2ncc(-c3nnc(C(F)F)o3)s2)C1=O,7.46,1
CHEMBL6150697,O=C(NO)c1ccc(CN2CN(c3ccccc3)C3(CCN(C(=O)C(=O)N4CCCC4)CC3)C2=O)c(F)c1,7.46,1
CHEMBL3593411,CC(C)[C@@H]1NC(=O)[C@]2(C)CSC(=N2)c2ccnc(c2)CNC(=O)C[C@@H](/C=C/CCS)OC1=O,7.45,1
CHEMBL3693705,O=C(CCCCCCCNC(=O)c1ccc(N(c2ncccn2)c2ncccn2)cc1)NO,7.45,4
CHEMBL3693735,O=C(CCCCCCNC(=O)c1ccc(N(c2ccccc2)S(=O)(=O)c2ccccc2)cc1)NO,7.45,4
CHEMBL3693768,Cc1ccccc1N(c1ccccc1)c1ncc(C(=O)NCCCCCCC(=O)NO)cn1,7.45,4
CHEMBL3907669,O=C(NO)c1ccc(-c2ccncc2)cc1,7.45,1
CHEMBL3898702,O=C(NO)c1ccc(Cc2ccncc2)cc1,7.45,1
CHEMBL4068828,CC(C)c1cccc(Nc2ncnc3cc(NC(=O)CCCCCCC(=O)NO)sc23)c1,7.45,1
CHEMBL4572459,COc1cc2nc(N3CCN(C(=O)CCCCCCC(=O)NO)CC3)nc(NC3CCN(Cc4ccccc4)CC3)c2cc1OC,7.45,1
CHEMBL4872697,CSc1ccc2c(c1)N(Cc1ccc(C(=O)NO)cc1)c1ccccc1[S+]2[O-],7.45,1
CHEMBL5269123,COc1ccc(/C=N/NC(=O)CCCCCCCC(=O)NO)cc1,7.45,1
CHEMBL209551,CC(C)(C)OC(=O)N[C@@H](CCCCCS)C(=O)NC1CCCCC1,7.44,1
CHEMBL514351,Cc1ccc(NCc2ccc(/C=C/C(=O)NO)cc2)cc1Nc1nccc(-c2cccnc2)n1,7.44,1
CHEMBL2381517,O=C(NO)c1cccc(C(=O)NCCc2ccccc2)c1,7.44,1
CHEMBL2386908,CCc1c2c(nc3ccc(OCc4cn(CCCCCCC(=O)NO)nn4)cc13)-c1cc3c(c(=O)n1C2)COC(=O)[C@]3(O)CC,7.44,1
CHEMBL3983635,CC1(C)C(=O)N(c2ccc(C#N)c(C(F)(F)F)c2)C(=S)N1c1ccc(C(=O)NCCCCCC(=O)NO)c(F)c1,7.44,1
CHEMBL3693749,Cc1cccc(C)c1N(C)c1ccc(C(=O)N(C)CCCCCCC(=O)NO)c(F)c1,7.44,4
CHEMBL4090841,CC(C)c1ccc(Nc2ncnc3cc(NC(=O)CCCCCCC(=O)NO)sc23)cc1,7.44,1
CHEMBL4094579,O=C(/C=C/c1ccc(CNCc2ccc3cccc(Cl)c3n2)cc1)NO,7.44,1
CHEMBL4069669,O=C(/C=C/c1ccc(CCNC(=O)c2cncc(F)c2)cc1)NO,7.44,1
CHEMBL4225495,Cc1cc(-c2ccc3c(c2)OCO3)n(Cc2ccc(C(=O)NO)cc2)n1,7.44,1
CHEMBL4445342,CC[C@H](Nc1ncnc2[nH]cnc12)c1nc2cccc(CCCCC(=O)NO)c2c(=O)n1-c1ccccc1,7.44,1
CHEMBL4471619,O=C(NO)c1ccc(CN2c3ccccc3C[C@@H]3CCCC[C@H]32)cc1,7.44,1
CHEMBL5219657,Cn1c([C@@H]2C[C@@H](OC(=O)NCCc3ccc(C(=O)NO)cc3)CN2c2nc(N)nc(N)c2C#N)nc2cccc(Cl)c2c1=O,7.44,1
CHEMBL5420058,O=C(CCCCCCCNC(=O)c1ncc(-c2ccccc2)o1)NO,7.44,1
CHEMBL5564380,C[C@@H](COCCC(=O)N1CCN(c2ncc(C(=O)NCCCCCC(=O)NO)cn2)CC1)Nc1cn[nH]c(=O)c1C(F)(F)F,7.44,1
CHEMBL5639937,Cn1c(CN2CCC3(CC2)OCCO3)nc2cc(C(=O)NO)ccc21,7.44,1
CHEMBL5969960,Fc1ccc(C(CC(F)(F)F)Nc2ncc(-c3nnc(C(F)F)o3)cn2)cc1,7.44,1
CHEMBL5808679,O=C(NO)c1ccc2oc(-c3ccc(F)c(F)c3)nc2c1,7.44,1
CHEMBL5842107,Cc1noc(C)c1-c1cc2cc(C(=O)NO)ccc2s1,7.44,2
CHEMBL6046805,FC(F)(F)c1nc(-c2ccnc(OC3CCCc4ccc(Cl)nc43)c2)no1,7.44,1
CHEMBL5888879,CN(C(=O)[C@@H]1CCC(=O)N1c1ccc(-c2noc(C(F)(F)F)n2)c(F)c1)C(C)(C)C,7.44,1
CHEMBL5914347,O=C1NCCc2ccccc2C1NCc1ccc(-c2noc(C(F)(F)F)n2)cn1,7.44,1
CHEMBL5953395,O=C(NO)c1cc2c(s1)CCN(C(=O)CN[C@H]1C[C@@H]1c1ccc(F)cc1)C2,7.44,1
CHEMBL5748968,O=S(=O)(C1CC1)N(Cc1ncc(-c2nnc(C(F)F)o2)s1)c1cccnc1,7.44,1
CHEMBL6028966,C[C@H]1CN(CCS(=O)(=O)N(Cc2ncc(-c3nnc(C(F)F)o3)s2)c2cccnc2)CCO1,7.44,1
CHEMBL5990549,CC1Cc2ccncc2N(Cc2ncc(-c3nnc(C(F)F)o3)s2)C1=O,7.44,1
CHEMBL566092,O=C(c1ccc(-c2ccc3c(c2)OCCO3)s1)C(F)(F)F,7.43,1
CHEMBL2333342,O=C(NO)c1ccc(C(=O)Nc2ccccc2)cc1,7.43,1
CHEMBL561209,COc1ccc(-c2ccc(/C=C/C(=O)NO)cc2)cc1,7.43,1
CHEMBL3693736,O=C(CCCCCCNC(=O)c1ccc(N(c2ccccc2)c2cccnc2)cc1)NO,7.43,4
CHEMBL3693737,Cc1cccnc1N(c1ccccc1)c1ccc(C(=O)NCCCCCCC(=O)NO)cc1,7.43,4
CHEMBL4091531,O=C(CCCCCCC(=O)Nc1cc2ncnc(Nc3ccc(Cl)cc3F)c2s1)NO,7.43,1
CHEMBL4103801,O=C(NO)c1ccc(NCc2csc3ccc(Br)cc23)cc1,7.43,1
CHEMBL4202521,CCCc1nn(C)c2c(=O)[nH]c(-c3cc(-c4ccc(C(=O)NO)s4)ccc3OCC)nc12,7.43,1
CHEMBL4277089,O=C(NO)c1ccc(Cn2[se]c3ccccc3c2=O)cc1,7.43,1
CHEMBL4442157,Cc1nc2c(s1)Sc1ccccc1N2Cc1ccc(C(=O)NO)cc1,7.43,1
CHEMBL4588261,CC[C@H](Nc1ncnc2[nH]cnc12)c1nc2cccc(NCCCC(=O)NO)c2c(=O)n1-c1ccccc1,7.43,1
CHEMBL4859992,NC(=O)c1ccc2c(c1)N(Cc1ccc(/C=C/C(=O)NO)cc1)c1ccccc1S2,7.43,1
CHEMBL5082737,Nc1nc(NCCc2ccc(OCCCCC(=O)NO)cc2)nc2nc(-c3ccco3)nn12,7.43,1
CHEMBL5073935,O=C(CCCCCCn1cc(Nc2ncc3ccn(Cc4cccc(Cl)c4)c3n2)cn1)NO,7.43,1
CHEMBL5092046,Cc1ccc2nc3c4ccccc4c(NCCCCCCCC(=O)NO)nn3c(=O)c2c1,7.43,1
CHEMBL5206738,CCNNC(=O)c1ccc(Cn2c3ccccc3c3cccnc32)cc1,7.43,1
CHEMBL5200063,CCNNC(=O)c1ccc(CN2c3ccccc3C=Cc3ccc(F)cc32)cc1,7.43,1
CHEMBL5898355,CC(C)S(=O)(=O)NCC(Nc1ncc(-c2nnc(C(F)F)o2)cn1)c1ccc(F)cc1,7.43,1
CHEMBL5884391,O=S1(=O)CCCN1C[C@H](Nc1ncc(-c2nnc(C(F)F)o2)cn1)c1ccc(F)cc1,7.43,1
CHEMBL5830580,O=C(NO)c1ccc2sc(-c3cc(F)ccc3O)cc2c1,7.43,1
CHEMBL5937842,O=C(NO)c1ccc2sc(CO)nc2c1,7.43,1
CHEMBL5811673,O=C(NO)c1ccc2oc(-c3ccc(C(F)(F)F)cc3)nc2c1,7.43,1
CHEMBL6004718,Cc1nc(C)n(CC(=O)N(Cc2ccc(-c3noc(C(F)(F)F)n3)cc2)c2cccc(C(F)(F)F)c2)n1,7.43,1
CHEMBL6029223,O=C(CN1CCOCC1)NC(Cc1ccc(-c2noc(C(F)(F)F)n2)cn1)c1cccc(C(F)(F)F)c1,7.43,1
CHEMBL5888922,O=C(NO)c1ccc(Cn2cc(CNC3CC3c3ccccc3)cn2)cc1,7.43,1
CHEMBL5743991,CCS(=O)(=O)N(Cc1ncc(-c2nnc(C(F)F)o2)s1)c1ccc(C#N)cn1,7.43,1
CHEMBL6008482,CS(=O)(=O)N(Cc1ncc(-c2nnc(C(F)F)o2)s1)c1cncc(C#N)c1,7.43,1
CHEMBL5999001,CC(F)c1cncc(N(Cc2ncc(-c3nnc(C(F)F)o3)s2)S(C)(=O)=O)c1,7.43,1
CHEMBL5776139,CCS(=O)(=O)N(Cc1cc(-c2nnc(C(F)F)o2)on1)c1cccc(Cl)c1,7.43,1
CHEMBL6159967,O=C(NO)c1ccc(CN2C(=O)C3=C(CCN(Cc4ccc(Cl)c(C(F)(F)F)c4)C3)N3CCN=C23)cc1,7.43,1
CHEMBL519134,CCSC(=S)SCC(=O)c1cccc(NC(=O)c2cccnc2)c1,7.42,1
CHEMBL2018297,Cc1cc(C)c2c3c(n(Cc4ccc(C(=O)NO)cc4)c2c1)CCN(C)C3,7.42,1
CHEMBL325676,O=C(CCCCCCS)Nc1ccccc1,7.42,2
CHEMBL3652232,CN(c1ccc(Cl)c(Cl)c1)c1ncc(C(=O)NO)cn1,7.42,2
CHEMBL3693764,Cc1cccc(Cl)c1Nc1ccc(C(=O)N(C)CCCCCCC(=O)NO)cc1,7.42,4
CHEMBL3640675,O=C(CCCCCCNC(=O)c1cnc(N(c2ccc(F)cc2)c2ccc(F)cc2)nc1)NO,7.42,4
CHEMBL4211477,O=C(NO)c1ccc(C(=O)Nc2n[nH]c3cc(-c4ccccc4)ccc23)cc1,7.42,1
CHEMBL4435211,O=C(CCc1csc(CCc2cccc(F)c2)n1)NO,7.42,1
CHEMBL4791832,C/C(=N\NC(=S)NCCCCCC(=O)NO)c1cccc(Br)c1,7.42,1
CHEMBL4741936,COc1ccc([C@H]2C[C@@H]2NCC2CCN(CCCc3ccc(C(=O)NO)cc3)CC2)cc1,7.42,1
CHEMBL4850829,Cc1ccc(CN2C(=O)N(Cc3ccc(C(=O)NO)cc3)C(=O)C2Cc2ccccc2)cc1,7.42,1
CHEMBL5091030,COc1cccc(Cn2ccc3cnc(Nc4cnn(CCCCCC(=O)NO)c4)nc32)c1,7.42,1
CHEMBL5188237,COc1ccccc1C(=O)N(CC(=O)NC(C)(C)C)Cc1ccc(C(=O)NO)cc1,7.42,1
CHEMBL5280863,O=C(NO)c1ccc(CNC(=O)c2ccc3cccc(OCc4ccc(F)cc4)c3n2)cc1,7.42,1
CHEMBL5406498,Cc1nc(NC(=O)N2C[C@H](NS(=O)(=O)c3ccc(C(=O)NO)cc3)C[C@H]2C(N)=O)sc1-c1ccnc(C(C)(C)C(F)(F)F)c1,7.42,1
CHEMBL5619359,O=C(CCCCCn1c(=O)c(-c2ccc(Cl)cc2Cl)cc2cnc(NC3CC3)nc21)NO,7.42,1
CHEMBL5964437,CC(C)(Nc1ncc(-c2nnc(C(F)F)o2)cn1)c1ccc(F)cc1,7.42,1
CHEMBL5742085,Fc1ccc(OC(F)(F)F)cc1C1(Nc2ncc(-c3nnc(C(F)F)o3)cn2)CC1,7.42,1
CHEMBL5794059,CC(C)c1ccc(-c2cc3cc(C(=O)NO)ccc3s2)cc1,7.42,2
CHEMBL5934591,CC(C)c1ccc(-c2nc3cc(C(=O)NO)ccc3o2)cc1F,7.42,1
CHEMBL6016332,O=C(NO)c1ccc2oc(-c3ccc(OC(F)(F)F)cc3)nc2c1,7.42,1
CHEMBL5977835,Fc1ccc(C2COCCN2c2ccc(-c3noc(C(F)(F)F)n3)cn2)cc1,7.42,1
CHEMBL5823350,Fc1cc(COc2nncc3ccccc23)ccc1-c1noc(C(F)(F)F)n1,7.42,1
CHEMBL5858419,NCc1ccccc1OCc1ccc(-c2noc(C(F)(F)F)n2)c(F)c1,7.42,1
CHEMBL6017328,CNC(=O)c1ccccc1OCc1ccc(-c2noc(C(F)(F)F)n2)c(F)c1,7.42,1
CHEMBL6052887,COc1ccc(C2CC2NCC2CCN(CCCc3ccc(C(=O)NO)cc3)CC2)cc1,7.42,1
CHEMBL6048150,O=C(NO)c1ccc(/C=C/C(=O)N2CCC(CN[C@@H]3C[C@H]3c3ccccc3)CC2)cc1,7.42,1
CHEMBL5946322,CC(C)(F)c1cncc(N(Cc2ncc(-c3nnc(C(F)F)o3)s2)S(C)(=O)=O)c1,7.42,1
CHEMBL6146648,COc1ccc(-c2csc(C(=O)NOCCCCCC(=O)NO)n2)cc1,7.42,1
CHEMBL6171875,CCNNC(=O)c1ccc(CN2c3ccccc3C=Cc3ccncc32)c(F)c1,7.42,1
CHEMBL493315,Cc1ccc(NC(=O)c2ccc(/C=C/C(=O)NO)s2)cc1Nc1ncc(-c2cccnc2)s1,7.41,1
CHEMBL568151,N=C(N)NCCC[C@@H]1NC(=O)C[C@H](Cc2ccc(O)cc2)NC(=O)[C@H](CC(=O)O)NC(=O)[C@H](CCCCCC(=O)NO)NC1=O,7.41,1
CHEMBL3353056,O=C(NO)c1cc2n(c1)CCN(C(=O)c1cc3ccccc3s1)C2,7.41,1
CHEMBL3601344,CCN(CC)CCn1ccc2ccc(NC(=O)CCCCCCC(=O)NO)cc2c1=O,7.41,1
CHEMBL3693753,CN(CCCCCCC(=O)NO)C(=O)c1ccc(N(c2ccccc2)c2ccccn2)cc1,7.41,4
CHEMBL4521590,O=C(Cc1cccc2ccccc12)Nc1ccc(C(=O)NO)nc1,7.41,2
CHEMBL4582980,O=C(CCc1csc(CCc2ccc(C(F)(F)F)cc2)n1)NO,7.41,1
CHEMBL4539040,CC[C@H](Nc1ncnc2[nH]cnc12)c1nc(CCCCCC(=O)NO)c2ccccc2n1,7.41,1
CHEMBL4752558,O=C(NO)c1ccc(Nc2ccnc3ccccc23)cc1,7.41,1
CHEMBL4753842,Cc1cc(F)cc(C)c1Oc1ccc(C(C)(C)O)cc1-c1cn(C)c(=O)c2[nH]c(C(=O)NCc3ccc(C(=O)NO)cc3)cc12,7.41,1
CHEMBL4854447,COc1cc2c(NC3CCN(Cc4ccc(C(=O)NO)cc4)CC3)cc(-c3ccc(C)o3)nc2cc1OCCCN1CCCC1,7.41,1
CHEMBL5438456,Cc1nc(NC(=O)N2C[C@H](Nc3ncc(C(=O)NO)cn3)C[C@H]2C(N)=O)sc1-c1ccnc(C(C)(C)C(F)(F)F)c1,7.41,1
CHEMBL5618522,CC(C)(C)NC(=O)CN(Cc1ccc(C(=O)NO)cc1)C(=O)c1ccc2ccccc2n1,7.41,1
CHEMBL6004344,COc1cccc(C2(Nc3ncc(-c4nnc(C(F)F)o4)cn3)CC2)c1,7.41,1
CHEMBL5810391,Cn1c(Nc2ccccc2)nc2cc(C(=O)NO)ccc21,7.41,1
CHEMBL5869954,CC(=O)NCCC(=O)N(Cc1ccc(-c2noc(C(F)(F)F)n2)cc1)c1cccc(C(F)(F)F)c1,7.41,1
CHEMBL5746456,CC(Cn1cncn1)C(=O)N(Cc1ccc(-c2noc(C(F)(F)F)n2)cc1)c1cccc(C(F)(F)F)c1,7.41,1
CHEMBL5855531,O=C(CC1COC1)N(Cc1ccc(-c2noc(C(F)(F)F)n2)cc1)c1cccc(C(F)(F)F)c1,7.41,1
CHEMBL5956049,COc1ncc(OCc2ccc(-c3noc(C(F)(F)F)n3)c(F)c2)cn1,7.41,1
CHEMBL6053459,Cc1cncnc1OCc1ccc(-c2noc(C(F)(F)F)n2)cn1,7.41,1
CHEMBL5908446,O=C1CCC(NCc2ccc(-c3noc(C(F)(F)F)n3)cn2)c2ccccc2N1,7.41,2
CHEMBL5815233,CC(C)N1CCC(NCc2ccc(-c3noc(C(F)(F)F)n3)cn2)C1=O,7.41,1
CHEMBL6019704,CCS(=O)(=O)N(Cc1ncc(-c2nnc(C(F)F)o2)s1)c1ccnc(C2CC2)c1,7.41,1
CHEMBL5819036,Cn1cc(N(Cc2ncc(-c3nnc(C(F)F)o3)s2)S(C)(=O)=O)cn1,7.41,1
CHEMBL5808851,C[C@H]1CCc2ccncc2N(Cc2ncc(-c3nnc(C(F)F)o3)s2)C1=O,7.41,1
CHEMBL360194,CC1(C)NC(=O)[C@H](CCCCCC(=O)NO)NC(=O)[C@H]2CCCN2C(=O)[C@H](Cc2ccccc2)NC1=O,7.4,1
CHEMBL518957,O=C(NO)c1ccc(CN2c3ccccc3NC(=O)[C@H]2Cc2cccs2)cc1,7.4,1
CHEMBL481018,O=C(NO)c1ccc(CN2c3ccccc3NC(=O)[C@H]2Cc2ccc(F)c(F)c2)cc1,7.4,1
CHEMBL480729,CC(C)(C)OC(=O)NCCCC[C@@H]1C(=O)Nc2ccccc2N1Cc1ccc(C(=O)NO)cc1,7.4,1
CHEMBL1099057,O=C(/C=C/c1cccc(-c2nc3ccccc3n2CCN2CCCCC2)c1)NO,7.4,1
CHEMBL1094792,C[C@H](c1ccccc1)n1c(-c2cccc(/C=C/C(=O)NO)c2)nc2ccccc21,7.4,1
CHEMBL1094794,O=C(/C=C/c1cccc(-c2nc3ccccc3n2C2CCCNC2)c1)NO,7.4,1
CHEMBL1822050,CC(C)CCc1c(OCCCCCCC(=O)NO)ccc2c1OC(=O)CC2,7.4,1
CHEMBL2442790,COc1cc([C@@H]2c3cc4c(cc3[C@@H](Nc3cccc(NC(=O)CCCCCCC(=O)NO)c3)[C@H]3COC(=O)[C@H]23)OCO4)cc(OC)c1O,7.4,1
CHEMBL3309288,COc1ccc2cc(C(=O)NCCCCCCC(=O)NO)ccc2n1,7.4,1
CHEMBL3338417,O=C(NO)c1ccc2c(c1)C[C@@H](Nc1nccc(-c3cccnc3)n1)CC2,7.4,1
CHEMBL3655941,O=C(NO)c1cnc(NCCc2ccccc2-c2ccccc2)nc1,7.4,2
CHEMBL3759067,O=C(O)Cn1nc(-c2ccc(F)cc2)cc1C(=O)NCCCCCCS,7.4,1
CHEMBL3775269,Cc1nc2c(c(N(C)c3ccc(OCCCC(=O)NO)cc3)n1)CCC2,7.4,1
CHEMBL3693773,O=C(CCCCCCNC(=O)c1ccc(C(O)(c2ccccc2)c2ccccc2)cc1)NO,7.4,4
CHEMBL3640707,CN1CCN(c2ncc(C(=O)NCCCCCCC(=O)NO)cn2)CC1,7.4,4
CHEMBL3907295,CN(C)CCc1cn(Cc2ccc(C(=O)NO)cc2)c2ccccc12,7.4,2
CHEMBL4087230,COc1ccc(Cl)cc1C(=O)NCCc1cccc(/C=C/C(=O)NO)c1,7.4,1
CHEMBL4204972,COc1ccccc1-c1ccc2c(NC(=O)c3ccc(C(=O)NO)cc3)n[nH]c2c1,7.4,1
CHEMBL4473451,O=C(NO)c1ccc(CN2c3ccccc3[S+]([O-])c3ccccc32)cc1,7.4,2
CHEMBL4514330,CC(C)c1cc(C(=O)N(C)c2ccc(NC(=O)CCCCCCC(=O)NO)cc2)c(O)cc1O,7.4,1
CHEMBL4853947,Cc1ccc(C(=O)N(CC(=O)NC2CCCCC2)Cc2ccc(C(=O)NO)cc2)c(C)c1,7.4,1
CHEMBL4873978,CC(C)c1ccc(CC(=O)N(CC(=O)NC2CCCCC2)Cc2ccc(C(=O)NO)cc2)cc1,7.4,1
CHEMBL5205968,C[C@H]1CN(Cc2ccc(C(=O)NO)cc2)C[C@@H]1c1nc2c(cnn2C2CCCC2)c(=O)[nH]1,7.4,1
CHEMBL5176749,O=C(CCCCn1cc(C(=O)NC2C3CC4CC(C3)CC2C4)c2ccccc21)NO,7.4,1
CHEMBL5205841,C[C@@H]1CN(Cc2ccc(C(=O)NO)cc2)C[C@H]1c1nc2c(cnn2C2CCCC2)c(=O)[nH]1,7.4,3
CHEMBL5404317,O=C(NO)c1ccc(CNC(=O)c2ccccc2)cc1,7.4,2
CHEMBL5563571,Cc1ccc(N2CCN(CC3CCc4c(c5ccccc5n4Cc4ccc(C(=O)NO)cc4)C3=O)CC2)cc1C,7.4,1
CHEMBL5592317,O=C(NO)c1ccc(CC(=O)N2CCc3c(c4ccccc4n3Cc3ccccc3)C2)cc1,7.4,1
CHEMBL5598550,N#CC1(CNc2cccc(-c3cc(Nc4cnn(CCCCCCC(=O)NO)c4)ncc3Cl)n2)CCOCC1,7.4,1
CHEMBL5619732,C[C@@H]1CN(Cc2ccc(C(=O)NO)cc2)C[C@H]1c1nc2c(cnn2C2CCOCC2)c(=O)[nH]1,7.4,1
CHEMBL5903451,FC(F)c1nnc(-c2cnc(NC3(c4ccccc4C(F)(F)F)CC3)nc2)o1,7.4,1
CHEMBL5816615,O=C1CC[C@@H](c2ccccc2)N1c1ccc(-c2noc(C(F)(F)F)n2)cn1,7.4,3
CHEMBL5873833,FC(F)(F)c1nc(-c2ccc(CNc3cnoc3)nc2)no1,7.4,1
CHEMBL5794701,O=C1NCCCC1NCc1ccc(-c2noc(C(F)(F)F)n2)cn1,7.4,1
CHEMBL6169160,CC(c1nc2c(cnn2C2CCCC2)c(=O)[nH]1)C1CC(Cc2ccc(C(=O)NO)cc2)C1,7.4,1
CHEMBL1080580,Cc1ccc(NC(=O)c2ccc(/C=C/C(=O)NO)cc2)cc1Nc1nc(-c2cccnc2)cs1,7.39,1
CHEMBL568955,N#Cc1ccc(-c2ccc(C(=O)C(F)(F)F)s2)cc1,7.39,1
CHEMBL2048755,O=C(/C=C/c1ccc2c(ccn2Cc2ccccc2)c1)NO,7.39,1
CHEMBL2179246,CCN(C(=O)NCc1ccc(C(=O)NO)cc1)c1ccccc1,7.39,5
CHEMBL2425965,CCc1nc2cc(/C=C/C(=O)NO)ccc2c(=O)n1CCc1ccc(OC)cc1,7.39,1
CHEMBL2425963,O=C(/C=C/c1ccc2c(=O)n(CCc3ccccc3)c(C3CC3)nc2c1)NO,7.39,1
CHEMBL3601335,Cc1ccc(Nc2nccc3ccc(NC(=O)CCCCCCC(=O)NO)cc23)c(F)c1,7.39,1
CHEMBL3655987,CC1(Nc2ncc(C(=O)NO)cn2)CCCCC1,7.39,2
CHEMBL4299419,CC[C@@H]1OC(=O)[C@H](C)[C@@H](O[C@@H]2C[C@](C)(OC)[C@H](O)[C@@H](C)O2)[C@@H](C)[C@@H](O[C@@H]2O[C@H](C)C[C@H](N(C)Cc3cccc(-c4cn(CCCCCCC(=O)NO)nn4)c3)[C@H]2O)[C@](C)(O)C[C@@H](C)CN(C)[C@H](C)[C@@H](O)[C@]1(C)O,7.39,1
CHEMBL3640680,O=C(CCCCCCNC(=O)c1ccc(C2(c3ccccc3)OC(=O)c3ccccc32)cc1)NO,7.39,4
CHEMBL4217830,COc1ccc(-c2ccc3c(NC(=O)c4ccc(C(=O)NO)cc4)n[nH]c3c2)cc1,7.39,1
CHEMBL4283913,O=C(NO)c1ccc(CN2CC3(CCCCC3)c3ccccc32)cc1,7.39,1
CHEMBL4471710,O=C(CCCCCCn1cc(Nc2ncc(Cl)c(Nc3cccc(Cl)c3)n2)cn1)NO,7.39,1
CHEMBL4637992,CN(C)S(=O)(=O)c1ccc(NCCCCCC(=O)NO)c2nonc12,7.39,1
CHEMBL4862781,COc1cc2nc(-c3ccc(C)o3)cc(NCC3CCC(C(=O)NO)CC3)c2cc1OC,7.39,1
CHEMBL4853389,CC(C)(C)c1ccc(CN2CC(=O)N(Cc3ccc(C(=O)NO)cc3)C2=O)cc1,7.39,1
CHEMBL5177971,CCNNC(=O)c1ccc(CNc2cccc3cccnc23)cc1,7.39,1
CHEMBL5173493,CCNNC(=O)c1ccc(CN2c3ccccc3C=Cc3ccncc32)cc1,7.39,6
CHEMBL5193563,C[C@@H]1CN(Cc2ccc(C(=O)NO)cc2)C[C@H](C)N1Cc1cccc(Cl)c1,7.39,1
CHEMBL4644409,C[C@H]1COc2c(N3CCN(C)CC3)c(F)cc3c(=O)c(C(=O)NCc4cn(CCCCCCCC(=O)NO)nn4)cn1c23,7.39,1
CHEMBL5440733,COc1cccc(-c2cnc(C(=O)NCCCCCCCC(=O)NO)o2)c1,7.39,1
CHEMBL5425559,CC(C)C(C(=O)Nc1ccc(C(=O)NO)nc1)c1ccccc1,7.39,1
CHEMBL5566761,CC1(C)Cc2c(c3ccccc3n2Cc2ccc(C(=O)NO)cc2)C(=O)C1CN1CCOCC1,7.39,1
CHEMBL5557763,Cc1ccc(N(CC(=O)NC2CCCCC2)C(=O)Cc2ccc(C(=O)NO)cc2)cc1,7.39,1
CHEMBL5747104,CN(C[C@@H](Nc1ncc(-c2nnc(C(F)F)o2)cn1)c1ccc(F)cc1F)S(C)(=O)=O,7.39,1
CHEMBL5923609,CN(CC(Nc1ncc(-c2nnc(C(F)F)o2)cn1)c1ccc(OC(F)F)cc1F)S(C)(=O)=O,7.39,1
CHEMBL5932776,Cn1cc(CNCC2CCN(c3nc4cc(C(=O)NO)ccc4o3)CC2)c2ccccc21,7.39,1
CHEMBL5994343,O=C(CN1CCS(=O)(=O)CC1)N(Cc1ccc(-c2noc(C(F)(F)F)n2)cc1)c1cccc(C(F)(F)F)c1,7.39,1
CHEMBL6042918,CC(C)(C)OC(=O)N1C[C@@H](c2cc(F)cc(F)c2)N(c2ccc(-c3noc(C(F)(F)F)n3)cn2)C(=O)C1C1CCOCC1,7.39,1
CHEMBL5946809,FC(F)(F)c1nc(-c2ccc(CNc3cccnc3)cc2)no1,7.39,1
CHEMBL6033548,O=C(NO)c1cc2c(s1)CCN(C(=O)CNC1CC1c1ccc(F)cc1)C2,7.39,1
CHEMBL6002208,CN(Cc1ccccc1)S(=O)(=O)N(Cc1ncc(-c2nnc(C(F)F)o2)s1)c1cncc(F)c1,7.39,1
CHEMBL6049962,CS(=O)(=O)N(Cc1ncc(-c2nnc(C(F)F)o2)s1)c1cnccn1,7.39,1
CHEMBL5830284,C[C@@H]1Cc2ccncc2N(Cc2ncc(-c3nnc(C(F)F)o3)s2)C1=O,7.39,1
CHEMBL2386907,CCc1c2c(nc3ccc(OCc4cn(CCCCCC(=O)NO)nn4)cc13)-c1cc3c(c(=O)n1C2)COC(=O)[C@]3(O)CC,7.38,1
CHEMBL2442795,COc1cc([C@@H]2c3cc4c(cc3[C@@H](Nc3cccc(OCCCCC(=O)NO)c3)[C@H]3COC(=O)[C@H]23)OCO4)cc(OC)c1O,7.38,1
CHEMBL556332,O=C(/C=C/c1ccc(-c2ccc(O)cc2)cc1)NO,7.38,1
CHEMBL1796689,CC(C)[C@H]1NC(=O)[C@]2(C)CSC(=N2)c2csc(n2)CNC(=O)C[C@@H](/C=C/CCS)OC1=O,7.38,2
CHEMBL3593247,CC(C)[C@@H]1NC(=O)[C@]2(C)CSC(=N2)c2csc(n2)CNC(=O)C[C@@H](/C=C/CCS)OC1=O,7.38,3
CHEMBL3652231,O=C(NO)c1cnc(Nc2ccccc2Cl)nc1,7.38,2
CHEMBL3640668,COC(c1ccc(F)cc1)(c1ccc(C(=O)NCCCCCCC(=O)NO)cc1)C(F)(F)F,7.38,4
CHEMBL3640695,COCCN1CCN(c2ncc(C(=O)NCCCCCCC(=O)NO)cn2)CC1,7.38,4
CHEMBL4084222,CN1CCc2c(c3ccccc3n2Cc2ccc(/C=C/C(=O)NO)cc2)C1,7.38,1
CHEMBL4065354,O=C(NO)c1ccc(CCc2cccc3cccnc23)cc1,7.38,1
CHEMBL4096377,O=C(/C=C/c1ccc(CNc2cccc3cccnc23)cc1)NO,7.38,1
CHEMBL4089964,COc1ccc(Cl)cc1C(=O)NCCc1ccc(CCC(=O)NO)cc1,7.38,1
CHEMBL4216635,CCCc1nn(C)c2c(=O)[nH]c(-c3cc(-c4ccc(C(=O)NO)cc4)ccc3OCC)nc12,7.38,1
CHEMBL4291778,CC(C)(C)OC(=O)N1CCC2(CC1)CN(Cc1ccc(C(=O)NO)cc1)c1ccccc12,7.38,2
CHEMBL4527843,CC(NC(=O)c1nc(-c2nccs2)sc1C1CC1)c1ccc(C(=O)NO)cc1,7.38,1
CHEMBL4758855,CC(C)(C)c1ccc(S(=O)(=O)NCc2ccc(C(=O)NO)cc2)cc1,7.38,1
CHEMBL5092838,O=C(CCCCCCn1cc(Nc2ncc3ccn(Cc4ccccc4Cl)c3n2)cn1)NO,7.38,1
CHEMBL5085755,CC(C)(C)c1ccc(CN(Cc2ccc(C(=O)NO)cc2)S(=O)(=O)c2c(F)c(F)c(F)c(F)c2F)cc1,7.38,1
CHEMBL5077168,CCc1c(C(=O)Nc2cc(/C=C/C(=O)NO)ccc2OC)[nH]c(C)c1C(C)=O,7.38,1
CHEMBL5170634,CC(C)c1ccccc1C(=O)N(CC(=O)NC(C)(C)C)Cc1ccc(C(=O)NO)cc1F,7.38,1
CHEMBL5201672,CCNNC(=O)c1ccc(CN2c3ccccc3C=Cc3ccccc32)cc1,7.38,1
CHEMBL5283402,CC1(C)c2ccccc2N(Cc2ccc(C(=O)NO)cc2)C1c1cccnc1,7.38,3
CHEMBL5410652,Cc1cc(C)nc(SCC(=O)Nc2ncc(Cc3cccc(OCc4cn(CCCCC(=O)NCc5ccc(C(=O)NO)cc5)nn4)c3)s2)n1,7.38,1
CHEMBL5568472,CCCN(Cc1ccc(C(=O)NO)cc1)C(=O)c1ccccc1,7.38,1
CHEMBL6023691,Fc1cc(Cl)ccc1C1(Nc2ncc(-c3nnc(C(F)F)o3)cn2)CC1,7.38,1
CHEMBL6008707,CC(C)c1ccc(-c2cc3cc(C(=O)NO)cnc3s2)cc1,7.38,1
CHEMBL5760657,CCN(CC)Cc1cc2ccc(C(=O)NO)cc2o1,7.38,2
CHEMBL6043530,Cn1c(N2CCc3ccccc3C2)nc2cc(C(=O)NO)ccc21,7.38,1
CHEMBL5910723,O=C(NCCc1ccccc1)[C@@H]1CCC(=O)N1c1ccc(-c2noc(C(F)(F)F)n2)cc1,7.38,1
CHEMBL5904441,FC(F)(F)c1nc(-c2ccc(N3CCOC[C@H]3c3ccccc3)nc2)no1,7.38,1
CHEMBL5891273,O=C1COC[C@@H](c2ccccc2)N1c1cc(F)c(-c2noc(C(F)(F)F)n2)cc1F,7.38,1
CHEMBL5976631,CCNC(=O)NC(Cc1ccc(-c2noc(C(F)(F)F)n2)cn1)c1cccc(C(F)(F)F)c1,7.38,1
CHEMBL5742474,FC(F)(F)c1nc(-c2ccnc(OCc3cnn4c3OCCC4)c2)no1,7.38,1
CHEMBL6045451,NC(=O)c1cccc(OCc2ccc(-c3noc(C(F)(F)F)n3)c(F)c2)c1,7.38,1
CHEMBL6057389,O=C1NCCc2c(OCc3ccc(-c4noc(C(F)(F)F)n4)cn3)cccc21,7.38,1
CHEMBL5808486,CC(C)S(=O)(=O)N(Cc1ncc(-c2nnc(C(F)F)o2)s1)c1cccnc1,7.38,1
CHEMBL6013417,CCS(=O)(=O)N(Cc1ncc(-c2nnc(C(F)(F)F)o2)s1)c1cccnc1,7.38,1
CHEMBL5891690,N#CCCS(=O)(=O)N(Cc1ncc(-c2nnc(C(F)F)o2)s1)c1cccnc1,7.38,1
CHEMBL481878,CCSC(=S)SCC(=O)c1ccc(-c2ccc(N)cn2)s1,7.37,1
CHEMBL2425966,CCc1nc2cc(/C=C/C(=O)NO)ccc2c(=O)n1CCc1ccc(F)cc1,7.37,1
CHEMBL3339027,CCN(CC)c1ccc(Nc2ncnc3sc(NC(=O)CCCCCCC(=O)NO)cc23)cc1,7.37,1
CHEMBL3670666,COc1ccc(-c2cc(-c3ccccc3)[nH]c2C(=O)NCc2ccc(C(=O)Nc3ccccc3N)cc2)cc1,7.37,1
CHEMBL4102147,CN(C)Cc1cn(Cc2ccc(/C=C/C(=O)NO)cc2)c2ccccc12,7.37,1
CHEMBL4086244,O=C(CCCCCCC(=O)Nc1cc2ncnc(Nc3cccc(F)c3)c2s1)NO,7.37,1
CHEMBL4167374,CCCCN(Cc1ccc(C(=O)NO)cc1)C(=O)Nc1cc(C)ccn1,7.37,1
CHEMBL4436629,O=C(CCc1csc(/C=C/c2ccc(F)cc2)n1)NO,7.37,1
CHEMBL4743446,O=C(NO)c1ccc(CN2C(=O)/C(=C3\Nc4ccccc4\C3=N/O)c3cc(F)ccc32)cc1,7.37,1
CHEMBL4800426,O=C(NO)c1ccc(CN(Cc2nnnn2Cc2ccccc2)C(=O)c2ccccc2C(F)(F)F)cc1,7.37,2
CHEMBL4857891,O=C(NO)c1ccc(CN2CCCCc3ccc(Br)cc32)cc1,7.37,1
CHEMBL5087773,O=C(CCCCCCNc1nn2c(=O)c3ccccc3nc2c2ccccc12)NO,7.37,1
CHEMBL4645270,C[C@H]1COc2c(N3CCN(C)CC3)c(F)cc3c(=O)c(C(=O)OCc4cn(CCCCCC(=O)NO)nn4)cn1c23,7.37,1
CHEMBL5220310,Cn1c([C@@H]2C[C@@H](OC(=O)NCc3ccc(C(=O)NO)s3)CN2c2nc(N)nc(N)c2C#N)nc2cccc(Cl)c2c1=O,7.37,1
CHEMBL5412573,CCCCN(Cc1ccc(C(=O)NO)cc1)C(=O)CCCCn1cc(COc2cccc(Cc3cnc(NC(=O)CSc4nc(C)cc(C)n4)s3)c2)nn1,7.37,2
CHEMBL5561143,O=C(CN(C(=O)Cc1ccc(C(=O)NO)cc1)c1ccccc1)NCc1ccccc1,7.37,1
CHEMBL5591665,C#CCN1C(=O)CNC(=O)/C1=C/c1ccc(C(=O)Nc2ccc(C(=O)NO)cc2)cc1,7.37,1
CHEMBL5619270,CC(C)(C)NC(=O)CN(Cc1ccc(C(=O)NO)cc1)C(=O)c1nccc2ccccc12,7.37,1
CHEMBL3670659,O=C(NO)c1ccc(CNC(=O)c2[nH]c(-c3ccoc3)cc2-c2ccc(F)cc2)cc1,7.37,1
CHEMBL5800513,CC(O)C(Nc1ncc(-c2nnc(C(F)F)o2)cn1)c1ccc(F)cc1F,7.37,1
CHEMBL5798427,CS(=O)(=O)C[C@H](Nc1ncc(-c2nnc(C(F)F)o2)cn1)c1ccc(F)cc1,7.37,1
CHEMBL5955355,O=C(C1CCS(=O)(=O)CC1)N(Cc1ccc(-c2noc(C(F)(F)F)n2)cc1)c1cccc(C(F)(F)F)c1,7.37,1
CHEMBL5747542,O=C(N1CCOCC1)N(Cc1ccc(-c2noc(C(F)(F)F)n2)cc1)c1cccc(C(F)(F)F)c1,7.37,1
CHEMBL5969224,O=C(CC1CNCCO1)N(Cc1ccc(-c2noc(C(F)(F)F)n2)cc1)c1cccc(C(F)(F)F)c1,7.37,1
CHEMBL6047874,Fc1ccc2c(c1)N(Cc1ccc(-c3noc(C(F)(F)F)n3)cn1)CCO2,7.37,1
CHEMBL5751050,O=C(NO)c1ccc(CCCN2CC(CNC3CC3c3ccc(-c4ccc(F)cc4)cc3)C2)cc1,7.37,1
CHEMBL5876218,CCCS(=O)(=O)N(Cc1ncc(-c2nnc(C(F)F)o2)s1)c1cncc(C#N)c1,7.37,1
CHEMBL6042935,CCS(=O)(=O)N(Cc1ncc(-c2nnc(C(F)F)o2)s1)c1cnn(C(C)C)c1,7.37,1
CHEMBL6056267,CCS(=O)(=O)N(Cc1ncc(-c2nnc(C(F)F)o2)s1)c1cncc(OC(C)C)c1,7.37,1
CHEMBL5785363,CCS(=O)(=O)N(Cc1ncc(-c2nnc(C(F)F)o2)s1)c1ccc(C)cn1,7.37,1
CHEMBL5835191,CCCS(=O)(=O)N(Cc1ncc(-c2nnc(C(F)F)o2)s1)c1cccc(C)n1,7.37,2
CHEMBL6133569,O=C(NO)c1ccc(CN2C(=O)C3=C(CCN(Cc4cccc(Cl)c4)C3)N3CCN=C23)cc1,7.37,1
CHEMBL482137,CCSC(=S)SCC(=O)c1ccc(C(=O)NCc2ccccc2)s1,7.36,1
CHEMBL3415962,Nc1nc2ncc(CNc3ccc(C(=O)NCCCCCC(=O)NO)cc3)nc2c(=O)[nH]1,7.36,1
CHEMBL4299411,CC[C@@H]1OC(=O)[C@H](C)[C@@H](O[C@@H]2C[C@](C)(OC)[C@H](O)[C@@H](C)O2)[C@@H](C)[C@@H](O[C@@H]2O[C@H](C)C[C@H](N(C)Cc3cccc(-c4cn(CCCCCC(=O)NO)nn4)c3)[C@H]2O)[C@](C)(O)C[C@@H](C)CN(C)[C@H](C)[C@@H](O)[C@]1(C)O,7.36,1
CHEMBL3693725,CN(c1ccc(C(=O)NCCCCCCC(=O)NO)cc1)c1cnccn1,7.36,4
CHEMBL4435558,O=C(CCc1csc(CCc2ccc([N+](=O)[O-])cc2)n1)NO,7.36,1
CHEMBL5084865,O=C(CCCCCCCNc1nn2c(=O)c3ccccc3nc2c2ccccc12)NO,7.36,1
CHEMBL5198435,O=S(=O)(N1CCNCC1)N(Cc1ccc(-c2nnc(C(F)(F)F)o2)cc1F)c1cccnc1,7.36,1
CHEMBL5287254,O=C(NO)c1ccc(Cn2cnc(Br)n2)cc1,7.36,1
CHEMBL5565345,CC1(C)Cc2c(c3cc(F)ccc3n2Cc2ccc(C(=O)NO)cc2)C(=O)C1CN1CCOCC1,7.36,1
CHEMBL5824943,COc1ccc(C2(Nc3ncc(-c4nnc(C(F)F)o4)cn3)CC2)cc1,7.36,1
CHEMBL5926193,O=C(NO)c1ccc2oc(-c3ccc4c(c3)OCCO4)nc2c1,7.36,1
CHEMBL5911420,CN(C)CC(=O)N(Cc1ccc(-c2noc(C(F)(F)F)n2)cc1)c1cccc(C(F)(F)F)c1,7.36,1
CHEMBL5886301,O=C(C1COCCO1)N(Cc1ccc(-c2noc(C(F)(F)F)n2)cc1)c1cccc(C(F)(F)F)c1,7.36,1
CHEMBL5850592,FC(F)(F)c1nc(-c2ccc(N3CCOCC3c3ccccc3)nc2)no1,7.36,1
CHEMBL5858384,Cn1nccc1COc1cc(-c2noc(C(F)(F)F)n2)ccn1,7.36,1
CHEMBL5746163,Cc1cncnc1OCc1ccc(-c2noc(C(F)(F)F)n2)c(F)c1,7.36,1
CHEMBL5997848,O=C(NC(Cc1ccc(-c2noc(C(F)(F)F)n2)cn1)c1cccc(C(F)(F)F)c1)C1CCS(=O)(=O)CC1,7.36,1
CHEMBL5966189,CCc1ccc(N(Cc2ncc(-c3nnc(C(F)F)o3)s2)S(C)(=O)=O)cn1,7.36,1
CHEMBL5930208,CCS(=O)(=O)N(Cc1ncc(-c2nnc(C(F)F)o2)s1)c1cncc(OC(F)(F)F)c1,7.36,1
CHEMBL216641,COc1ccc2[nH]c(C)c(CC(=O)N[C@@H](CCCCCC(=O)NO)C(=O)NCCc3c(-c4ccccc4)[nH]c4ccccc34)c2c1,7.35,1
CHEMBL523684,O=C(/C=C/c1ccc(C(=O)Nc2cccc(Nc3ncc(-c4cccnc4)s3)c2)s1)NO,7.35,1
CHEMBL4525968,CC[C@H](Nc1nc(N)ncc1C)c1nc2cccc(CCCCCC(=O)NO)c2c(=O)n1-c1ccccc1,7.35,1
CHEMBL4862419,O=C(NO)c1ccc(CN2CCCCc3ccc(C4CC4)cc32)cc1,7.35,1
CHEMBL4861271,CCC(=O)CCCCC[C@H](NC(=O)[C@H]1CC12CCN(C)CC2)c1ncc(-c2cc3ccc(N4CCCC4)nc3cc2OC)[nH]1,7.35,1
CHEMBL5070551,O=C(CCCCCn1cc(Nc2ncc3ccn(Cc4ccccc4Cl)c3n2)cn1)NO,7.35,1
CHEMBL5085571,O=C(NO)c1ccc(CN(Cc2ccc(C(F)(F)F)cc2)S(=O)(=O)c2c(F)c(F)c(F)c(F)c2F)cc1,7.35,1
CHEMBL5094795,CCc1c(C(=O)Nc2cccc(/C=C/C(=O)NO)c2)[nH]c(C)c1C(C)=O,7.35,1
CHEMBL5218549,CC[C@H](Nc1ncnc2[nH]cnc12)c1nc2cccc(F)c2c(=O)n1Cc1ccc(C(=O)NO)cc1,7.35,1
CHEMBL5220776,CC[C@H](Nc1nc(N)nc(N)c1C#N)c1nc2cccc(Cl)c2c(=O)n1Cc1ccc(C(=O)NO)s1,7.35,1
CHEMBL5269112,O=C(CCCCCCNc1nc2ccccc2nc1-c1nc2ccccc2o1)NO,7.35,1
CHEMBL5400641,Cc1nc(NC(=O)N2C[C@H](NC(=O)c3ccc(C(=O)NO)cc3)C[C@H]2C(N)=O)sc1-c1ccnc(C(C)(C)C(F)(F)F)c1,7.35,1
CHEMBL5567663,CC(C)N1CCN(CC2CCc3c(c4cc(F)ccc4n3Cc3ccc(C(=O)NO)cc3)C2=O)CC1,7.35,1
CHEMBL5566321,O=C(CCCCCCN1CCN(c2ccc(Nc3ncc(F)c(-c4cn(C5CCCC5)nn4)n3)cc2)CC1)NO,7.35,1
CHEMBL5619232,C[C@@H]1CC[C@H]2[C@@H](C)C(SCCC(=O)NO)C[C@@H]3O[C@]4(C)CC[C@@H]1[C@]32OO4,7.35,1
CHEMBL6049916,CC(NS(C)(=O)=O)[C@H](Nc1ncc(-c2nnc(C(F)F)o2)cn1)c1ccc(F)cc1,7.35,1
CHEMBL5866177,O=C(NO)c1ccc2nc(-c3ccc(Br)cc3)[nH]c2c1,7.35,1
CHEMBL5275184,CCCCNNC(=O)c1ccc(C(C)(C)C)cc1,7.35,1
CHEMBL5823638,O=C(NC1CCOCC1)OCc1ccc(-c2noc(C(F)(F)F)n2)cn1,7.35,1
CHEMBL5780436,O=C(NO)c1ccc(CC(=O)N2CCC(CNC3CC3c3ccccc3)CC2)cc1,7.35,1
CHEMBL5755224,O=C(NO)c1ccc2c(c1)CN(C(=O)CN[C@@H]1C[C@H]1c1ccc(F)cc1)CC2,7.35,1
CHEMBL6134634,CS(=O)(=O)Nc1ccc(-c2ccnc(Nc3ccc(N4CCN(CC(=O)Nc5ccc(/C=C/C(=O)NO)cc5)CC4)cc3)n2)cc1,7.35,1
CHEMBL6102723,O=C(CCCCCONC(=O)c1nc(-c2ccc(F)cc2)cs1)NO,7.35,1
CHEMBL227119,CN(C)c1ccc(CNC(=O)NCCC(=O)NO)cc1,7.34,1
CHEMBL2048750,COc1ccc(S(=O)(=O)n2ccc3cc(/C=C/C(=O)NO)ccc32)cc1OC,7.34,1
CHEMBL3655980,O=C(NO)c1cnc(NC2CCCCC2)nc1,7.34,2
CHEMBL3640692,O=C(CCCCCCNC(=O)c1cnc(N2CCn3c(nnc3C(F)(F)F)C2)nc1)NO,7.34,4
CHEMBL4175555,CS(=O)(=O)Nc1ccc(-c2ccnc(Nc3ccc(N4CCC(C(=O)Nc5ccc(/C=C/C(=O)NO)cc5)CC4)cc3)n2)cc1,7.34,1
CHEMBL4437165,CN(C)c1cccc2c(S(=O)(=O)N(CCCCCC(=O)NO)CC(=O)NCc3ccccc3)cccc12,7.34,1
CHEMBL4649487,CCc1nc(N)nc(N)c1-c1ccc(-c2cn(CCCCCC(=O)NO)nn2)cc1,7.34,1
CHEMBL4797928,Cn1ccc(-c2ccc([C@H]3C[C@@H]3NCC3CCN(CCCc4ccc(C(=O)NO)cc4)CC3)cc2)cc1=O,7.34,1
CHEMBL4787955,Cn1c(=O)c(OCc2ccc(C(=O)NO)cc2)c(-c2cccnc2)c2ccccc21,7.34,1
CHEMBL4793901,O=C(NO)c1ccc(COc2c(-c3cccnc3)c3ccccc3n(Cc3ccncc3)c2=O)cc1,7.34,1
CHEMBL5080049,COc1ccc(S(=O)(=O)n2ccc(/C=C/C(=O)NO)c2)cc1NC(=O)c1[nH]c(C)c2c1CCCCC2=O,7.34,1
CHEMBL5272716,CS(=O)(=O)Nc1ccc(-c2ccnc(Nc3ccc(N4CCC(CCc5ccc(/C=C/CC(=O)NO)cc5)CC4)cc3)n2)cc1,7.34,1
CHEMBL5559099,C[C@@H](COCCC(=O)N1CCC(Nc2ncc(C(=O)NO)cn2)CC1)Nc1cn[nH]c(=O)c1C(F)(F)F,7.34,1
CHEMBL5591493,CN1C(=O)CNC(=O)/C1=C/c1ccc(/C=C/C(=O)NO)cc1,7.34,1
CHEMBL5752411,CN(Cc1ccc(/C=C/C(=O)NO)cc1F)CC12CC3CC(CC(C3)C1)C2,7.34,2
CHEMBL5904602,N#Cc1ccc(C2(Nc3ncc(-c4nnc(C(F)F)o4)cn3)CC2)cc1,7.34,1
CHEMBL5987197,CCc1ccc(-c2nc3ccc(C(=O)NO)cc3[nH]2)cc1,7.34,2
CHEMBL5926865,O=C(C1CCOCC1)N(Cc1ccc(-c2noc(C(F)(F)F)n2)cc1)c1cccc(C(F)(F)F)c1,7.34,1
CHEMBL5801184,COCCn1nc(C(=O)N(Cc2ccc(-c3noc(C(F)(F)F)n3)cc2)c2cccc(C(F)(F)F)c2)ccc1=O,7.34,1
CHEMBL5801725,CC(C(=O)N(Cc1ccc(-c2noc(C(F)(F)F)n2)cc1)c1cccc(C(F)(F)F)c1)c1ncccn1,7.34,1
CHEMBL5771772,O=C(C(Cc1ccc(-c2noc(C(F)(F)F)n2)cn1)c1cccc(C(F)(F)F)c1)N1CCS(=O)(=O)CC1,7.34,1
CHEMBL5966340,Cn1ccc(-c2ccc(C3CC3NCC3CCN(CCCc4ccc(C(=O)NO)cc4)CC3)cc2)cc1=O,7.34,1
CHEMBL5831034,FC(F)c1nnc(-c2cnc(CNc3cccc(Cl)c3)s2)o1,7.34,1
CHEMBL6074533,C=C1C(=O)O[C@@H]2C[C@@]3(C)CC[C@@H](OC(=O)CNC(=O)c4cccc(/C=C/C(=O)NO)c4)C(=C)[C@@H]3C[C@H]12,7.34,1
CHEMBL6133389,Cc1c(F)c(N)cc(C(=O)Nc2cc(-c3ccc(C(=O)NCc4ccc(/C=C/C(=O)NO)cc4)cc3)ccc2N2CCN(C)CC2)c1Cl,7.34,1
CHEMBL1797983,CC[C@H](C)[C@H](NC(=O)OC(C)(C)C)C(=O)N1Cc2cc(OCC(=O)NO)ccc2C[C@H]1C(=O)Nc1ccc(OC)cc1,7.33,1
CHEMBL1914702,[N-]=[N+]=NCc1cc(N=[N+]=[N-])cc(C(=O)Nc2ccc(-c3cc(C(=O)NCCCCCCC(=O)NO)no3)cc2)c1,7.33,1
CHEMBL3693726,Cc1cccc(C)c1Nc1ccc(C(=O)N(C)CCCCCCC(=O)NO)cc1,7.33,4
CHEMBL3936740,CC(=O)NCCCc1nc2ccccc2n1Cc1ccc(C(=O)NO)cc1,7.33,1
CHEMBL3926575,CC(C)c1nc2ccccc2n1Cc1ccc(C(=O)NO)cc1,7.33,1
CHEMBL4452989,CC[C@H](Nc1nc(N)nc(C2CC2)c1C#N)c1nc2cccc(NCc3ccc(C(=O)NO)cc3)c2c(=O)n1-c1ccccc1,7.33,1
CHEMBL4776969,O=C(CCCCCNC(=S)N/N=C(\c1ccccc1)c1cccc([N+](=O)[O-])c1)NO,7.33,1
CHEMBL5075646,O=C(NO)c1ccc(/C=C/c2ccnc(-c3ccccc3O)c2)cc1,7.33,2
CHEMBL5086208,O=C(CCCCCCOc1cccc(-c2nc3ccccc3[nH]2)c1)NO,7.33,1
CHEMBL5203278,CCNNC(=O)c1ccc(CN2c3ccccc3C=Cc3nc(C)nc(C)c32)cc1,7.33,1
CHEMBL5401609,O=C(CCCCCNC(=O)c1ncc(-c2ccccc2)s1)NO,7.33,1
CHEMBL5409813,O=C(CCn1c(=O)n(Cc2ccccc2)c(=O)c2ccc(Cl)cc21)NO,7.33,1
CHEMBL5561315,C[C@@H](COCCC(=O)N1CCN(c2ccc(C(=O)NO)cn2)CC1)Nc1cn[nH]c(=O)c1C(F)(F)F,7.33,1
CHEMBL5564312,CC12CC3CC(C)(C1)CC(NC(=O)Nc1ccc(C(=O)NCCCCCC(=O)NO)cc1F)(C3)C2,7.33,1
CHEMBL5592141,Cc1cc(/C=C/C(=O)NO)ccc1/C=C1/C(=O)NCC(=O)N1C,7.33,1
CHEMBL5594027,O=C(NO)c1ccc(NC(=O)N2CCc3c(c4ccccc4n3Cc3ccccc3)C2)cc1,7.33,1
CHEMBL5619312,O=C(/C=C/c1ccc2c(=O)n(Cc3ccc(Cl)cc3)cnc2c1)NO,7.33,1
CHEMBL6019550,Fc1ccc(C(COc2ccccc2)Nc2ncc(-c3nnc(C(F)F)o3)cn2)cc1,7.33,1
CHEMBL5769018,COc1ncccc1-c1cc2cc(C(=O)NO)ccc2s1,7.33,1
CHEMBL6055393,Fc1ccc(OCc2ccc(-c3noc(C(F)(F)F)n3)c(F)c2)cn1,7.33,1
CHEMBL5921568,FC(F)(F)c1nc(-c2ccc(CNc3cncnc3)cc2)no1,7.33,1
CHEMBL5919707,O=C(C1CCS(=O)(=O)CC1)N(Cc1cnc(-c2noc(C(F)(F)F)n2)cn1)c1cccc(C(F)(F)F)c1,7.33,1
CHEMBL6013672,O=S(=O)(N1CCOCC1)N(Cc1ncc(-c2nnc(C(F)F)o2)s1)c1ccc(F)c(Cl)c1,7.33,1
CHEMBL5943842,C[C@@H]1CN(CCS(=O)(=O)N(Cc2ncc(-c3nnc(C(F)F)o3)s2)c2cncc(Cl)c2)CCO1,7.33,1
CHEMBL6143761,O=C(CCCCCONC(=O)c1nc(-c2cccc(F)c2)cs1)NO,7.33,1
CHEMBL6146520,CCCc1cc(C(=O)Nc2ccc(F)cc2)nn1Cc1ccc(C(=O)NO)cc1,7.33,1
CHEMBL3353053,Cn1cccc1C(=O)N1CCn2cc(C(=O)NO)cc2C1,7.32,2
CHEMBL3640651,CN(CCCCCCC(=O)NO)C(=O)c1ccc(C(O)(c2ccc(F)cc2F)c2ccc(F)cc2F)cc1,7.32,4
CHEMBL4206296,CCCc1nn(C)c2c(=O)[nH]c(-c3cc([C@H]4CC[C@@H](C(=O)NO)CC4)ccc3OCC)nc12,7.32,1
CHEMBL4287851,O=C(CC[C@@H](CCCC(=O)Nc1ccccc1)Cc1ccccc1)NO,7.32,1
CHEMBL4749146,O=C(NO)c1ccc(CCCN2CCC(CN[C@H]3C[C@@H]3c3ccccc3)CC2)cc1,7.32,3
CHEMBL5092352,COc1ccc(-c2ncc(C(=O)NCCCCCCC(=O)NO)[nH]2)c(OC)c1,7.32,1
CHEMBL5172459,Cc1c(COc2ccc(CNCCCCCCC(=O)NO)c(F)c2)cccc1-c1ccccc1,7.32,4
CHEMBL5432519,Cc1ccc(-c2cnc(C(=O)NCCCCCC(=O)NO)o2)cc1,7.32,1
CHEMBL5590439,C#CCN1C(=O)CNC(=O)/C1=C/c1ccc(C(=O)NCCCNC(=O)c2ccc(C(=O)NO)cc2)cc1,7.32,1
CHEMBL5919494,CC(=O)NC[C@H](Nc1ncc(-c2nnc(C(F)F)o2)cn1)c1ccc(F)cc1,7.32,1
CHEMBL5768726,O=C(NO)c1ccc2oc(N3CCc4ccccc4C3)nc2c1,7.32,1
CHEMBL5997614,FC(F)(F)c1cccc(C2COCCN2c2ccc(-c3noc(C(F)(F)F)n3)cn2)c1,7.32,1
CHEMBL5968864,COC(=O)NC(Cc1ccc(-c2noc(C(F)(F)F)n2)cn1)c1cccc(C(F)(F)F)c1,7.32,1
CHEMBL5914639,Fc1cc(COc2nccc3nccn23)ccc1-c1noc(C(F)(F)F)n1,7.32,1
CHEMBL6043067,Cc1ncc(OCc2ccc(-c3noc(C(F)(F)F)n3)c(F)c2)cn1,7.32,1
CHEMBL6054410,Fc1cc(COc2ccc3cncnc3c2)ccc1-c1noc(C(F)(F)F)n1,7.32,1
CHEMBL5938169,O=C(NO)c1ccc(CCCN2CCC(CNC3CC3c3ccccc3)CC2)cc1,7.32,1
CHEMBL5877565,O=S(=O)(C1CC1)N(Cc1ncc(-c2nnc(C(F)F)o2)s1)c1ccc(OC(F)F)nc1,7.32,1
CHEMBL5877641,CCS(=O)(=O)N(Cc1ncc(-c2nnc(C(F)F)o2)s1)c1cncc(OC(F)F)c1,7.32,2
CHEMBL5873010,CS(=O)(=O)N(Cc1ccc(-c2nnc(C(F)F)o2)s1)c1cncc(OC(F)(F)F)c1,7.32,1
CHEMBL6144868,Cc1ccccc1CN1CCC2=C(C1)C(=O)N(Cc1ccc(C(=O)NO)cc1)C1=NCCN12,7.32,1
CHEMBL6168092,COc1ccc(-c2ccc3ccc(OCCCCCC(=O)NO)cc3n2)cc1I,7.32,1
CHEMBL3338418,O=C(NO)c1ccc2c(c1)C[C@H](Nc1nccc(-c3cccnc3)n1)CC2,7.31,2
CHEMBL3593409,CC(C)[C@@H]1NC(=O)[C@]2(C)CSC(=N2)c2cccc(n2)CNC(=O)C[C@@H](/C=C/CCS)OC1=O,7.31,1
CHEMBL3655981,O=C(NO)c1cnc(NC2CCOCC2)nc1,7.31,2
CHEMBL3774858,CN(c1ccc(OCCCCC(=O)NO)cc1)c1ncnc2ccccc12,7.31,1
CHEMBL3884118,COc1ccc2c(c1)c(CC(=O)NCCCCCC(=O)NO)c(C)n2C(=O)c1ccc(Cl)cc1,7.31,1
CHEMBL3885367,COc1ccc2c(c1)c(CC(=O)NCCCCCCC(=O)NO)c(C)n2C(=O)c1ccc(Cl)cc1,7.31,1
CHEMBL3961271,O=C(CCCCCCNC(=O)c1nc(-c2nc3c(s2)CCCC3)sc1C1CC1)NO,7.31,1
CHEMBL4636226,COc1ccc(-c2ccc3nc(/C=C/C(=O)NO)ccc3c2)cc1,7.31,1
CHEMBL4762257,O=C(NO)c1ccc(CN2C(=O)/C(=C3\Nc4ccccc4\C3=N/O)c3cccc(Cl)c32)cc1,7.31,1
CHEMBL4794313,O=C(NO)c1ccc(COC(=O)N2CCC3(CC2)CN(Cc2ccccc2)c2ccccc23)cc1,7.31,1
CHEMBL5308487,COc1cccc(/C=N/C=N/c2cccc(OC)c2)c1,7.31,1
CHEMBL4873055,Cc1ccc(C(=O)NO)cc1F,7.31,1
CHEMBL4636049,C[C@H]1COc2c(N3CCN(C)CC3)c(F)cc3c(=O)c(C(=O)NCc4cn(CCCCCC(=O)NO)nn4)cn1c23,7.31,1
CHEMBL5287395,N#Cc1cccc(-c2cn(CCCCCCn3cccc(/C=C/C(=O)NO)c3=O)nn2)c1,7.31,1
CHEMBL5812894,CC(NS(C)(=O)=O)[C@@H](Nc1ncc(-c2nnc(C(F)F)o2)cn1)c1ccc(F)cc1,7.31,1
CHEMBL5973653,O=C(NO)c1ccc2cc(-c3ccoc3)sc2c1,7.31,1
CHEMBL5757701,Cn1nc(C(=O)N(Cc2ccc(-c3noc(C(F)(F)F)n3)cc2)c2cccc(C(F)(F)F)c2)ccc1=O,7.31,1
CHEMBL5867217,O=C1NCCc2c(OCc3ccc(-c4noc(C(F)(F)F)n4)c(F)c3)cccc21,7.31,1
CHEMBL5915294,Fc1cc(COc2[nH]nc3c2COCC3)ccc1-c1noc(C(F)(F)F)n1,7.31,1
CHEMBL5764885,OCc1ccnc(NCc2ccc(-c3noc(C(F)(F)F)n3)cc2)n1,7.31,1
CHEMBL5918285,Cn1cc(-c2ccc(C3CC3NCC3CN(C(=O)/C=C/c4ccc(C(=O)NO)cc4)C3)cc2)cn1,7.31,1
CHEMBL5837244,CS(=O)(=O)N(Cc1ncc(-c2nnc(C(F)F)o2)s1)c1cncc(C(F)(F)F)c1,7.31,1
CHEMBL6022956,O=C1CCc2cnccc2N1Cc1ncc(-c2nnc(C(F)F)o2)s1,7.31,1
CHEMBL6146485,O=C(CCCCCONC(=O)c1nc(-c2ccsc2)cs1)NO,7.31,1
CHEMBL521431,CC(C)(C)Oc1ccc(C[C@@H]2C(=O)Nc3ccccc3N2Cc2ccc(C(=O)NO)cc2)cc1,7.3,1
CHEMBL513160,O=C(CCCCOCc1cc(-c2ccccc2)on1)NO,7.3,1
CHEMBL1094085,O=C(/C=C/c1cccc(-c2nc3ccccc3n2-c2ccccc2)c1)NO,7.3,1
CHEMBL1095449,CN1CCC[C@H](n2c(-c3cccc(/C=C/C(=O)NO)c3)nc3ccccc32)C1,7.3,1
CHEMBL1096705,Cc1nc(-c2cccc(/C=C/C(=O)NO)c2)n(CCc2ccccc2)c1Cc1ccccc1,7.3,1
CHEMBL1630118,O=C(NO)c1ccc(-c2ccc3ncnc(Nc4ccc(OCc5cccc(F)c5)c(Cl)c4)c3c2)s1,7.3,1
CHEMBL1923808,O=C(CCCCCCC(=O)Nc1ccc([19F])cc1)NO,7.3,1
CHEMBL2436596,CC(C)[C@@H]1NC(=O)[C@]2(C)CSC(=N2)c2coc(n2)CNC(=O)C[C@@H](/C=C/CCSSCC/C=C/[C@@H]2CC(=O)NCc3nc(co3)C3=N[C@@](C)(CS3)C(=O)N[C@@H](C(C)C)C(=O)O2)OC1=O,7.3,1
CHEMBL3338404,O=C(NO)c1ccc2c(c1)CN(Cc1ccc(-c3cccc([N+](=O)[O-])c3)o1)CC2,7.3,1
CHEMBL3884141,Cc1ccc(-c2cc(C(=O)NCCCCCCC(=O)NO)nn2-c2ccc(S(C)(=O)=O)cc2)cc1,7.3,1
CHEMBL3885245,COc1ccc2c(c1)c(CC(=O)NCCCCCCCC(=O)NO)c(C)n2C(=O)c1ccc(Cl)cc1,7.3,1
CHEMBL3693758,Cc1cccc(C)c1Nc1ccc(C(=O)N(C)CCCCCCC(=O)NO)cc1F,7.3,4
CHEMBL3970138,CCC(C)C(=O)OC1C[C@@H](C)C=C2C=C[C@H](C)[C@H](CC[C@@H](O)C[C@@H](O)CC(=O)NO)[C@H]21,7.3,1
CHEMBL4079007,O=C(/C=C/c1ccc(CNCc2ccc3ccccc3n2)cc1)NO,7.3,1
CHEMBL4167599,Cl.NCCCCNCCCCNCCCN1C(=O)c2ccc3c4c(ccc(c24)C1=O)C(=O)N(CCCCCC(=O)NO)C3=O,7.3,1
CHEMBL4849235,O=C(CN(Cc1ccc(C(=O)NO)cc1)C(=O)Cc1ccccc1)NC1CCCCC1,7.3,1
CHEMBL5206158,COc1cc2nc(N3CCN(Cc4ccc(/C=C/C(=O)NO)cc4)CC3)nc(NC3CCN(Cc4ccccc4)CC3)c2cc1OC,7.3,1
CHEMBL5199669,O=C(NO)c1ccc(CN(C2CCCC2)S(=O)(=O)c2cc(F)c(F)c(F)c2F)cc1,7.3,1
CHEMBL5202970,O=C(NO)c1ccc2c(c1)CCN(S(=O)(=O)c1cc(F)c(F)c(F)c1F)C2,7.3,1
CHEMBL5406487,COc1cc2c(cc1OC)C(=O)C(CC1CCN(Cc3ccc(NCc4ccc(C(=O)NO)cc4)cc3)CC1)C2,7.3,1
CHEMBL5567727,Cc1cccc(N(CC(=O)NC2CCCCC2)C(=O)Cc2ccc(C(=O)NO)cc2)c1,7.3,1
CHEMBL5839081,O=S(=O)(NCC(Nc1ncc(-c2nnc(C(F)F)o2)cn1)c1ccc(F)cc1)c1ccccc1,7.3,1
CHEMBL5968847,O=C(NCC(Nc1ncc(-c2nnc(C(F)F)o2)cn1)c1ccc(F)cc1)C(F)(F)F,7.3,1
CHEMBL6023357,CCS(=O)(=O)NCC(Nc1ncc(-c2nnc(C(F)F)o2)cn1)c1ccc(OC(F)(F)F)cc1,7.3,1
CHEMBL5797519,CC(C)c1ccc(-c2cc3ncc(C(=O)NO)cc3s2)cc1,7.3,1
CHEMBL5798673,O=C1COC[C@@H](c2ccccc2)N1c1ccc(-c2noc(C(F)(F)F)n2)nn1,7.3,2
CHEMBL5849125,CS(=O)(=O)N(Cc1ccc(-c2noc(C(F)(F)F)n2)cc1)c1cccc(C(F)(F)F)c1,7.3,1
CHEMBL6014159,O=C1Nc2ccc(F)cc2C1Cc1ccc(-c2noc(C(F)(F)F)n2)cc1,7.3,1
CHEMBL5888369,Fc1ccc2ccc(OCc3ccc(-c4noc(C(F)(F)F)n4)cn3)nc2c1,7.3,1
CHEMBL5874978,O=C(NO)c1ccc(/C=C/C(=O)N2CCC(CN[C@@H]3C[C@H]3c3ccc(F)cc3)CC2)cc1,7.3,1
CHEMBL6025069,CCS(=O)(=O)N(Cc1ncc(-c2nnc(C(F)F)o2)s1)c1cncnc1,7.3,1
CHEMBL6033611,CCS(=O)(=O)N(Cc1ncc(-c2nnc(C(F)F)o2)s1)c1ccc(OC(F)F)nc1,7.3,1
CHEMBL6020915,O=S(=O)(CCN1C[C@H]2C[C@@H]1CO2)N(Cc1ncc(-c2nnc(C(F)F)o2)s1)c1cccnc1,7.3,1
CHEMBL260653,NCCCn1cc(CNc2ccc(C(=O)NCCCCCCC(=O)NO)cc2)nn1,7.29,1
CHEMBL511715,O=C(CCCCc1cc(C(=O)NO)no1)Nc1cnc2ccccc2c1,7.29,1
CHEMBL1938433,O=C(/C=C/c1ccc2c(c1)C(=O)CC1(CCN(Cc3ccccc3)CC1)O2)NO,7.29,2
CHEMBL2347006,CC[C@H](C)C(=O)O[C@H]1C[C@@H](C)C=C2C=C[C@H](C)[C@H](CC[C@@H](O)C[C@@H](O)CC(=O)NO)[C@H]21,7.29,1
CHEMBL3640701,CN(C)[C@@H]1CCN(c2ncc(C(=O)NCCCCCCC(=O)NO)cn2)C1,7.29,4
CHEMBL2311793,O=C(CCCCCONC(=O)Nc1cnc2ccccc2c1)NO,7.29,1
CHEMBL4225063,O=C(/C=C/c1ccc(C(=O)NO)cc1)N[C@@H](Cc1c[nH]c2ccccc12)C(=O)Nc1cccc(Cl)c1,7.29,1
CHEMBL4537684,COc1ccc2c(=O)n(CCc3ccccc3)c(=O)n(Cc3ccc(C(=O)NO)cc3)c2c1,7.29,2
CHEMBL4547600,COc1ccc(CCc2nc(CCC(=O)NO)cs2)cc1,7.29,1
CHEMBL4577107,O=C(/C=C/c1cccn(CCc2ccc3ccccc3c2)c1=O)NO,7.29,1
CHEMBL4646266,O=C(/C=C/c1ccc2cc(Oc3ccc([N+](=O)[O-])cc3)ccc2n1)NO,7.29,1
CHEMBL4785144,O=C(NO)c1ccc(CCCN2CCC(CN[C@H]3C[C@@H]3c3ccc(F)cc3)CC2)cc1,7.29,1
CHEMBL4859396,CCCC1(c2ccccc2)NC(=O)N(Cc2ccc(C(=O)NO)cc2)C1=O,7.29,1
CHEMBL5187265,Cc1ccccc1C(=O)N(CC(=O)NC(C)(C)C)Cc1ccc(C(=O)NO)cc1,7.29,1
CHEMBL5182385,COc1cc2nc(NCCCCCC(=O)NO)nc(NC3CCN(C)CC3)c2cc1OC,7.29,1
CHEMBL5423994,COc1cc2c(cc1OC)C(=O)C(CC1CCN(Cc3cccc(NC(=O)CCCCCCC(=O)NO)c3)CC1)C2,7.29,1
CHEMBL5418060,CCC(C(=O)Nc1ccc(C(=O)NO)nc1)c1ccccc1,7.29,1
CHEMBL5974512,O=S(=O)(NCC(Nc1ncc(-c2nnc(C(F)F)o2)cn1)c1ccc(OC(F)(F)F)cc1)C1CC1,7.29,1
CHEMBL5966798,O=C(NO)c1ccc2oc(NC3CCCCCCC3)nc2c1,7.29,1
CHEMBL5757606,CC(C)c1ccc(Nc2nc3cc(C(=O)NO)ccc3o2)cc1,7.29,1
CHEMBL5817661,O=C([C@H](Cc1ccc(-c2noc(C(F)(F)F)n2)cn1)c1cccc(C(F)(F)F)c1)N1CCS(=O)(=O)CC1,7.29,2
CHEMBL5976823,Fc1cc(COc2cc(C(F)F)ncn2)ccc1-c1noc(C(F)(F)F)n1,7.29,1
CHEMBL5950464,Nc1cccnc1COCc1ccc(-c2noc(C(F)(F)F)n2)c(F)c1,7.29,1
CHEMBL6017638,O=C1CCC(c2c(F)cccc2F)N1c1ccc(-c2noc(C(F)(F)F)n2)cc1F,7.29,1
CHEMBL5992079,O=C(NO)c1ccc(CCCN2CCC(CNC3CC3c3ccc(F)cc3)CC2)cc1,7.29,1
CHEMBL5781882,O=C(NO)c1ccc(OCCN2CCC(CNC3CC3c3ccccc3)CC2)cc1,7.29,1
CHEMBL5746141,CS(=O)(=O)N(Cc1ncc(-c2nnc(C(F)F)o2)s1)c1ccccc1,7.29,1
CHEMBL6062414,CCS(=O)(=O)N(Cc1ncc(-c2nnc(C(F)F)o2)s1)c1ccc(COC)nc1,7.29,1
CHEMBL5891732,CCS(=O)(=O)N(Cc1ncc(-c2nnc(C(F)F)o2)s1)c1ccc(C(C)(F)F)nc1,7.29,1
CHEMBL6142255,O=C(CCCCCONC(=O)c1nc(-c2ccccc2F)cs1)NO,7.29,1
CHEMBL6149819,Cc1ccc(CN2CCC3=C(C2)C(=O)N(Cc2ccc(C(=O)NO)cc2)C2=NCCN23)cc1,7.29,1
CHEMBL2431866,Cn1cccc1C(=O)NCc1ncc(C(=O)NO)s1,7.28,1
CHEMBL2442691,COc1cc([C@@H]2c3cc4c(cc3[C@@H](Nc3ccc(OCCCCCCCC(=O)NO)cc3)[C@H]3COC(=O)[C@H]23)OCO4)cc(OC)c1O,7.28,1
CHEMBL3640655,CN(CCCCCCC(=O)NO)C(=O)c1ccc(C(O)(c2cc(F)cc(F)c2)c2cc(F)cc(F)c2)cc1,7.28,4
CHEMBL4166504,CC(C)OC(=O)N(CCc1ccccc1)Cc1ccc(C(=O)NO)cc1,7.28,1
CHEMBL4160522,O=C(NO)c1ccc(Cl)c(NC(=O)c2cccc3ccsc23)c1,7.28,1
CHEMBL4560533,CC(C)(C)c1ccc(CN(C(=O)CNS(=O)(=O)c2ccc(F)cc2)c2ccc(C(=O)NO)cc2)cc1,7.28,1
CHEMBL4450191,CC[C@H](Nc1nc(N)nc(C(F)(F)F)c1C#N)c1nc2cccc(NCc3ccc(C(=O)NO)cc3)c2c(=O)n1-c1ccccc1,7.28,1
CHEMBL4464235,O=C(NO)c1ccc(Cn2nnc(Cc3ccccc3)n2)cc1,7.28,1
CHEMBL4753908,CC(C)Oc1ccc(C(C)(C)O)cc1-c1cn(C)c(=O)c2[nH]c(C(=O)NCc3ccc(C(=O)NO)cc3)cc12,7.28,1
CHEMBL4856184,COc1cc2c(NCC3CCN(Cc4ccc(C(=O)NO)cc4)CC3)cc(-c3ccc(C)o3)nc2cc1OCCCN1CCCC1,7.28,1
CHEMBL4857648,COc1ccc2c(c1)c1c(n2Cc2ccc(C(=O)NO)cn2)CCN(C)C1,7.28,1
CHEMBL5081920,COc1ccc2c(c1)c(CCNC(C)=O)cn2CCCCCC(=O)NO,7.28,2
CHEMBL4638706,C[C@H]1COc2c(N3CCN(C)CC3)c(F)cc3c(=O)c(C(=O)OCc4cn(CCCCCCCC(=O)NO)nn4)cn1c23,7.28,1
CHEMBL5431600,COc1ccc(-c2cnc(C(=O)NCCCCCC(=O)NO)s2)cc1,7.28,1
CHEMBL5422044,Cc1nc(NC(=O)N2C[C@H](Nc3ccc(C(=O)NO)cn3)C[C@H]2C(N)=O)sc1-c1ccnc(C(C)(C)C(F)(F)F)c1,7.28,1
CHEMBL5557553,N#CC(C#N)=C1C=C(/C=C/c2ccc(O)c(NC(=O)CCCCCCC(=O)NO)c2)Oc2ccccc21,7.28,2
CHEMBL5595114,COc1cc(/C=C2/C(=O)NCC(=O)N2C)ccc1/C=C/C(=O)NO,7.28,1
CHEMBL5618277,COc1ccc(-c2cn(CCCCCC(=O)NO)c(C)c2C(C)=O)cc1,7.28,1
CHEMBL5618388,CC(=O)c1c(-c2ccc([N+](=O)[O-])cc2)cn(CCCCCC(=O)NO)c1C,7.28,1
CHEMBL5885182,CN(CC(Nc1ncc(-c2nnc(C(F)F)o2)cn1)c1ccc(F)cc1F)S(=O)(=O)C1CC1,7.28,1
CHEMBL5953583,COc1cc(-c2cc3ccc(C(=O)NO)cc3s2)ccc1O,7.28,1
CHEMBL5939780,C[C@@H]1CN(Cc2cccc(-c3nc4cc(C(=O)NO)ccc4o3)c2)C[C@H](C)O1,7.28,1
CHEMBL5773252,O=C(CCn1cncn1)N(Cc1ccc(-c2noc(C(F)(F)F)n2)cc1)c1cccc(C(F)(F)F)c1,7.28,1
CHEMBL5745844,CNC(=O)OCc1ccc(-c2noc(C(F)(F)F)n2)cn1,7.28,1
CHEMBL5929198,FC(F)(F)c1nc(-c2ccnc(OCc3nc4ccccc4[nH]3)c2)no1,7.28,1
CHEMBL5814845,FC(F)(F)c1nc(-c2ccnc(OCc3cc4n(n3)CCCO4)c2)no1,7.28,1
CHEMBL6028720,FC(F)(F)c1nc(-c2ccc(CNC3Cc4ccccc4C3)nc2)no1,7.28,1
CHEMBL5991583,CCS(=O)(=O)N(Cc1ccc(-c2noc(C(F)(F)F)n2)cc1)c1cccc(C(F)(F)F)c1,7.28,1
CHEMBL5930270,O=C(NO)c1ccc2c(c1)CN(C(=O)CN[C@H]1C[C@@H]1c1ccc(F)cc1)CC2,7.28,1
CHEMBL5887021,O=C(NO)c1ccc(/C=C/C(=O)N2CCC(CN[C@H]3C[C@@H]3c3ccc(F)cc3)CC2)cc1,7.28,1
CHEMBL5859306,CCN(Cc1ncc(-c2nnc(C(F)F)o2)s1)c1cccc(Cl)c1,7.28,1
CHEMBL5771839,CCS(=O)(=O)N(Cc1ncc(-c2nnc(C(F)F)o2)s1)c1cc(C)ccn1,7.28,1
CHEMBL6015775,CCCS(=O)(=O)N(Cc1ncc(-c2nnc(C(F)(F)F)o2)s1)c1cccc(F)c1,7.28,1
CHEMBL213934,CC(C)(C)OC(=O)N[C@@H](CCCCCS)C(=O)NC1CCCC1,7.27,3
CHEMBL3601774,CC(C)CCn1ccc2ccc(NC(=O)CCCCCCC(=O)NO)cc2c1=O,7.27,1
CHEMBL4439017,O=C(CCc1csc(CCc2c[nH]c3ccccc23)n1)NO,7.27,1
CHEMBL4854023,CCCN1CC(=O)N(Cc2ccc(C(=O)NO)cc2)C1=O,7.27,1
CHEMBL4849507,O=C(NO)c1ccc(CN2C(=O)NC(Cc3ccc(Cl)cc3)(c3ccccc3)C2=O)cc1,7.27,1
CHEMBL5092272,COc1ccc2[nH]cc(CCNC(=O)CN(Cc3ccc(/C=C/C(=O)NO)cc3)C(=O)/C=C/c3ccc(O)c(OC)c3)c2c1,7.27,2
CHEMBL5085680,O=C(NO)c1ccc(/C=C/c2ccnc(-c3ccsc3)c2)cc1,7.27,1
CHEMBL5187051,Nc1ncc(-c2cn(CCCCCCC(=O)NO)c(=O)c(N3CCOCC3)n2)cn1,7.27,1
CHEMBL5429362,O=C(CCCCCCNC(=O)c1ncc(-c2cccc(C(F)(F)F)c2)s1)NO,7.27,1
CHEMBL5739618,Cc1ncccc1-c1nc2cc(C(=O)NO)ccc2o1,7.27,1
CHEMBL5751427,CC(C)C(=O)N1CCC(C(=O)N(Cc2ccc(-c3noc(C(F)(F)F)n3)cc2)c2cccc(C(F)(F)F)c2)CC1,7.27,1
CHEMBL5942190,CC(C)(C)OC(=O)N(Cc1ccc(-c2noc(C(F)(F)F)n2)cn1)c1cccc(F)c1,7.27,1
CHEMBL5915403,Fc1cc(COc2cc[nH]n2)ccc1-c1noc(C(F)(F)F)n1,7.27,1
CHEMBL5957701,Fc1cc(COc2cnc3c(c2)COC3)ccc1-c1noc(C(F)(F)F)n1,7.27,1
CHEMBL5979605,COc1ncccc1OCc1ccc(-c2noc(C(F)(F)F)n2)c(F)c1,7.27,1
CHEMBL5920680,O=C(c1cccc(NCc2ccc(-c3noc(C(F)(F)F)n3)cn2)c1)N1CCCC1,7.27,1
CHEMBL492956,O=C(/C=C/c1ccc(C(=O)Nc2cccc(Nc3ncc(-c4cccnc4)s3)c2)cc1)NO,7.26,1
CHEMBL3415964,Nc1nc2ncc(CNc3ccc(C(=O)NCCCCCCCC(=O)NO)cc3)nc2c(=O)[nH]1,7.26,1
CHEMBL3693766,CN(CCCCCCC(=O)NO)C(=O)c1ccc(N(c2ccccc2)c2ncccn2)cc1,7.26,4
CHEMBL4576056,CN(CC(=O)N(Cc1ccc(C(C)(C)C)cc1)c1ccc(C(=O)NO)cc1)S(=O)(=O)c1ccc(F)cc1,7.26,1
CHEMBL4790998,COc1cc(OC)c2c(N3CCS(=O)(=O)CC3)nc(-c3cc(C)c(OCCCCCC(=O)NO)c(C)c3)nc2c1,7.26,1
CHEMBL1164729,Cc1nc(-c2ccc(OCC(C)C)c(C#N)c2)sc1C(=O)O,7.26,1
CHEMBL4863879,O=C(NO)c1ccc(NCc2nc(-c3sccc3Br)nn2-c2ccccc2)cc1,7.26,1
CHEMBL5273721,Cn1cc(C(=O)N2CCN(Cc3ccc(C(=O)NO)cc3)CC2)c2ccccc21,7.26,1
CHEMBL5423136,O=C(CCCCCCNC(=O)c1ncc(-c2ccc(Cl)cc2)s1)NO,7.26,1
CHEMBL5415711,O=C(CCCCCCNc1cc(N2CCCCCC2)nc(-c2cccnc2)n1)NO,7.26,1
CHEMBL5598317,O=C(CCCCCCn1cc(Nc2ncc(Cl)c(-c3cnc4ccccn34)n2)cn1)NO,7.26,1
CHEMBL5752963,Cc1nc(COc2cc(-c3noc(C(F)(F)F)n3)ccn2)no1,7.26,1
CHEMBL6005822,Cc1cncc(N(Cc2ncc(-c3nnc(C(F)F)o3)s2)S(C)(=O)=O)c1,7.26,1
CHEMBL6148392,CCCc1cc(C(=O)Nc2cccc(C(F)(F)F)c2)nn1Cc1ccc(C(=O)NO)cc1,7.26,1
CHEMBL6142467,Cc1cccc(CN2CCC3=C(C2)C(=O)N(Cc2ccc(C(=O)NO)cc2)C2=NCCN23)c1,7.26,1
CHEMBL1828920,CC[C@H](C)[C@H](NC(=O)CC(C)(C)C)C(=O)N1Cc2cc(OCC(=O)NO)ccc2C[C@H]1C(=O)Nc1ccc(OC)cc1,7.25,1
CHEMBL2407730,O=C(NO)c1ccc(CNc2nccc(-c3cccnc3)n2)cc1,7.25,2
CHEMBL3760115,COc1ccc(-c2cc(C(=O)NCCCCCCS)[nH]n2)cc1OC,7.25,1
CHEMBL3764728,C/C(=N\NC(=O)c1ccc(N(C)C)cc1)c1ccc(C(=O)NO)cc1,7.25,1
CHEMBL3693796,CN(CCCCCCC(=O)NO)C(=O)c1ccc(C(O)(c2cccc(F)c2)c2cccc(F)c2)cc1,7.25,8
CHEMBL3693807,COC(C)(c1ccc(F)cc1)c1ccc(C(=O)N(C)CCCCCCC(=O)NO)cc1,7.25,4
CHEMBL4082059,CC(C)(C)c1cccc(Nc2ncnc3cc(NC(=O)CCCCCCC(=O)NO)sc23)c1,7.25,1
CHEMBL4066043,O=C(NO)c1ccc(CC(=O)N(CCO)c2ccccc2)cc1,7.25,20
CHEMBL4090165,O=C(NO)c1ccc(Cn2cc(-c3ccc(CN4CCCC4)cc3)nn2)cc1,7.25,2
CHEMBL4517151,Cc1ccc(CN2CCC(c3noc(CN(C)c4ncc(C(=O)NO)cn4)n3)CC2)cc1,7.25,1
CHEMBL4446389,O=C(CCc1csc(CCc2ccc(O)cc2)n1)NO,7.25,1
CHEMBL4545033,O=C(NO)c1ccc(Sc2nnc(-c3ccccc3)n2-c2ccccc2)cc1,7.25,1
CHEMBL4468518,CC(C)CCc1c(OCCOc2ccc(/C=C/C(=O)NO)cc2)ccc2c1OC(=O)CC2,7.25,2
CHEMBL4437432,O=C(NO)c1ccc2c(c1)C(=O)c1ccccc1C2=O,7.25,1
CHEMBL4873811,CN1CCN(c2nc(-c3ccc(C(=O)NO)cc3)nc3cc(Cl)ccc23)CC1,7.25,1
CHEMBL4851633,CCCN1C(=O)N(Cc2ccc(C(=O)NO)cc2)C(=O)C1Cc1ccccc1,7.25,1
CHEMBL5750807,N#Cc1ccc(-c2nc3cc(C(=O)NO)ccc3o2)cc1,7.25,1
CHEMBL5791593,Cc1nc2ccc(F)cc2n1Cc1ccc(-c2noc(C(F)(F)F)n2)cc1F,7.25,1
CHEMBL5832302,O=C(NC(Cc1ccc(-c2noc(C(F)(F)F)n2)cn1)c1cccc(C(F)(F)F)c1)C(F)(F)F,7.25,1
CHEMBL5889368,CC(Oc1nccc(-c2noc(C(F)(F)F)n2)c1Cl)c1cccnc1,7.25,1
CHEMBL6063130,FC(F)(F)c1nc(-c2ccc(CNc3cnccn3)cc2)no1,7.25,1
CHEMBL5917795,O=S1(=O)CCC(S(=O)(=O)N(Cc2ccc(-c3noc(C(F)(F)F)n3)cc2)c2cccc(C(F)(F)F)c2)C1,7.25,1
CHEMBL3309297,CC1(C)CC(=O)Nc2ccc(C(=O)NC[C@H]3CC[C@H](/C=C/C(=O)NO)CC3)cc21,7.24,1
CHEMBL3675762,O=C(CCCCCCN(c1ccccn1)c1ccc(OCc2ccccc2)cn1)NO,7.24,1
CHEMBL3775817,Cc1nc(N(C)c2ccc(OCCCCC(=O)NO)cc2)c2ccccc2n1,7.24,1
CHEMBL3940720,CCOc1ccc(C[C@H]2CC[C@@H](C(=O)NO)CC2)cc1-c1nc2c(CC)nn(C)c2c(=O)[nH]1,7.24,1
CHEMBL4205573,COc1cccc(-c2ccc3c(NC(=O)c4ccc(C(=O)NO)cc4)n[nH]c3c2)c1F,7.24,1
CHEMBL4289151,Cc1ccc(C(=O)N(CC(=O)NC(C)(C)C)Cc2ccc(C(=O)NO)cc2)cc1C,7.24,1
CHEMBL4470654,O=C(NO)c1ccc(Cn2c(=O)n(CCc3ccccc3)c(=O)c3cc(F)ccc32)cc1,7.24,2
CHEMBL4780262,Cc1noc(C)c1-c1ccc([C@H]2C[C@@H]2NCC2CCN(CCCc3ccc(C(=O)NO)cc3)CC2)cc1,7.24,1
CHEMBL4862508,CC(=O)Nc1ccc(C(=O)NO)cc1F,7.24,1
CHEMBL5092694,COc1ccc2[nH]cc(CCNC(=O)CN(CCCCCC(=O)NO)C(=O)/C=C/c3ccc(O)c(OC)c3)c2c1,7.24,2
CHEMBL5206179,CCCC1=C(Nc2ccc(C(=O)NO)cc2)C2N=CC=CC2=N1,7.24,1
CHEMBL5179574,O=C(/C=C/c1ccc(CCCCCCc2n[nH]c(=O)c3cc(F)ccc23)cc1)NO,7.24,1
CHEMBL5436596,O=C(CCCCCCCNC(=O)c1ncc(-c2ccc(C(F)(F)F)cc2)o1)NO,7.24,1
CHEMBL5401169,O=C(NO)c1ccc(Cn2c(=O)[nH]c(=O)c3ccc(C(F)(F)F)cc32)cc1,7.24,1
CHEMBL5948831,CC(Nc1ncc(-c2nnc(C(F)F)o2)cn1)c1ccccc1,7.24,1
CHEMBL5979405,Fc1ccc(-c2cccc(C3(Nc4ncc(-c5nnc(C(F)F)o5)cn4)CC3)c2)cc1,7.24,1
CHEMBL5748939,NCC(Nc1ncc(-c2nnc(C(F)F)o2)cn1)c1ccc(F)cc1,7.24,1
CHEMBL6048815,CS(=O)(=O)Nc1ccccc1CC(Nc1ncc(-c2nnc(C(F)F)o2)cn1)c1ccc(F)cc1,7.24,1
CHEMBL5881241,CCS(=O)(=O)N(C)CC(Nc1ncc(-c2nnc(C(F)F)o2)cn1)c1ccc(F)cc1F,7.24,1
CHEMBL5892775,CC(C)(C)c1ccc(OCc2cc3cc(C(=O)NO)ccc3o2)cc1,7.24,1
CHEMBL5824337,FC(F)(F)c1nc(-c2ccc(N3CCCCC3c3ccccn3)nc2)no1,7.24,1
CHEMBL5811192,FC(F)(F)c1nc(-c2ccc(N3CCCCC3c3ccncc3)nc2)no1,7.24,1
CHEMBL6059569,Cc1cc(COc2cc(-c3noc(C(F)(F)F)n3)ccn2)nn1CC(F)F,7.24,1
CHEMBL5915648,Cc1ccc(NCc2ccc(-c3noc(C(F)(F)F)n3)cn2)nn1,7.24,1
CHEMBL5932729,Fc1ccc(NCc2ccc(-c3noc(C(F)(F)F)n3)cc2)cc1,7.24,1
CHEMBL5881762,Cc1noc(C)c1-c1ccc(C2CC2NCC2CN(CCCc3ccc(C(=O)NO)cc3)C2)cc1,7.24,1
CHEMBL5924685,O=C(NO)c1ccc(/C=C/C(=O)N2CC(CNC3CC3c3ccc(F)cc3)C2)cc1,7.24,1
CHEMBL5979927,CS(=O)(=O)N(Cc1ncc(-c2nnc(C(F)F)o2)s1)c1cccc(C(F)(F)F)n1,7.24,1
CHEMBL6014406,CC1CC(=O)N(Cc2ncc(-c3nnc(C(F)F)o3)s2)c2cnccc21,7.24,1
CHEMBL6165340,O=C(NO)c1cc(F)c(CN2CN(c3ccccc3)C3(CCNCC3)C2=O)c(F)c1,7.24,1
CHEMBL2048751,O=C(/C=C/c1ccc2c(ccn2S(=O)(=O)c2ccc(F)cc2)c1)NO,7.23,1
CHEMBL2381518,O=C(NO)c1cccc(C(=O)NCCc2cccnc2)c1,7.23,1
CHEMBL3601778,Cc1ccc(Nc2nccc3ccc(NCc4ccc(/C=C/C(=O)NO)cc4)cc23)cc1,7.23,1
CHEMBL3771288,O=C(NCCCCC(=O)C(F)(F)F)c1nc(-c2nccs2)sc1Cc1ccccc1,7.23,1
CHEMBL3770095,O=C(NO)c1coc(-c2ccc(Br)cc2)n1,7.23,1
CHEMBL3986487,CCCc1nn(C)c2c(=O)[nH]c(-c3cc(S(=O)(=O)NC4CCN(c5ncc(C(=O)NO)cn5)CC4)ccc3OCC)nc12,7.23,1
CHEMBL4066920,CN(C)Cc1cn(Cc2ccc(C(=O)NO)cc2)c2ccccc12,7.23,2
CHEMBL4089922,CCc1cccc(Nc2ncnc3cc(NC(=O)CCCCCCC(=O)NO)sc23)c1,7.23,1
CHEMBL4217618,O=C(NO)c1ccc(C(=O)Nc2n[nH]c3cc(-c4ccccc4Cl)ccc23)cc1,7.23,1
CHEMBL4790127,O=C(NO)c1ccc(CCCN2CCC(CN[C@H]3C[C@@H]3c3ccc(-c4ccc(F)cc4)cc3)CC2)cc1,7.23,1
CHEMBL5560023,CCCCN(Cc1ccc(C(=O)NO)cc1)C(=O)c1ccccc1,7.23,1
CHEMBL5567979,CC(C)(C)NC(=O)CN(C(=O)Cc1ccc(C(=O)NO)cc1)c1ccccc1,7.23,1
CHEMBL5764281,FC(F)Oc1ccc(C2(Nc3ncc(-c4nnc(C(F)F)o4)cn3)CC2)cc1,7.23,1
CHEMBL5855974,O=C([C@@H]1CCC(=O)N1c1cc(F)c(-c2noc(C(F)(F)F)n2)cc1F)N1CCCC1,7.23,1
CHEMBL5940307,FC(F)(F)c1nc(-c2ccc(CNc3ncccn3)cc2)no1,7.23,1
CHEMBL5803931,FC(F)(F)c1nc(-c2ccnc(OC[C@@H]3C[C@@H]3c3ncccn3)c2)no1,7.23,1
CHEMBL5845442,O=C(NO)c1ccc(CCCN2CCC(CNC3CC3c3ccc(-c4ccc(F)cc4)cc3)CC2)cc1,7.23,1
CHEMBL5858231,CCS(=O)(=O)N(Cc1ncc(-c2nnc(C(F)F)o2)s1)c1ccc(C(F)(F)F)nc1,7.23,1
CHEMBL6169934,CCCc1cc(C(=O)NCc2ccccc2)nn1Cc1ccc(C(=O)NO)cc1,7.23,1
CHEMBL6174582,COc1nc(-c2cccc(-c3ccccc3)c2C)ccc1CNCCCC(=O)NO,7.23,1
CHEMBL473082,COc1cc(NC(=O)[C@H](CCCCNS(N)(=O)=O)NC(=O)OCc2ccccc2)c2ncccc2c1,7.22,1
CHEMBL2179245,COCCCN(C(=O)NCc1ccc(C(=O)NO)cc1)c1ccccc1,7.22,5
CHEMBL3314859,O=C(/C=C/c1ccc(-c2nnc(Cc3cccc4ccccc34)o2)cc1)NO,7.22,1
CHEMBL4165724,CN(Cc1ccc(C(=O)NO)cc1F)CC12CC3CC(CC(C3)C1)C2,7.22,7
CHEMBL4281792,CCCN1CC(=O)N2[C@H](C)c3c(c4ccccc4n3Cc3ccc(C(=O)NO)cc3)C[C@H]2C1=O,7.22,1
CHEMBL4290685,CC(C)(C)C(=O)N1CCC2(CC1)CN(Cc1ccc(C(=O)NO)cc1)c1ccccc12,7.22,1
CHEMBL4641253,O=C(NO)c1ccc(NC(=O)c2cccc(C(F)(F)F)c2)cc1,7.22,1
CHEMBL4781216,Cc1ccccc1C(=O)N(Cc1ccc(C(=O)NO)cc1)Cc1nnnn1C1CCCCC1,7.22,1
CHEMBL4868526,Cc1ccc(C(=O)N(CC(=O)NCc2ccccc2)Cc2ccc(C(=O)NO)cc2)c(C)c1,7.22,1
CHEMBL4878499,CC(C)c1ccc(C(=O)N(Cc2ccc(C(=O)NO)cc2)C(C)(C)C(=O)NCc2ccccc2)cc1,7.22,1
CHEMBL4849568,CNC(=O)CN(Cc1ccc(C(=O)NO)cc1)C(=O)c1ccc(C(C)C)cc1,7.22,1
CHEMBL4868381,CC12CC3CC(C)(C1)CC(NCc1cccc(NC(=O)CCCCCCC(=O)NO)c1)(C3)C2,7.22,1
CHEMBL5171822,CN(Cc1ccc(C(=O)NO)cc1[18F])CC12CC3CC(CC(C3)C1)C2,7.22,1
CHEMBL5177240,C#CCN(C)CCCOc1cc(NC(=O)CCCCCCC(=O)NO)c(Cl)cc1Cl,7.22,1
CHEMBL5567526,CCCCNC(=O)CN(C(=O)Cc1ccc(C(=O)NO)cc1)c1ccccc1,7.22,1
CHEMBL4746691,O=C(NCC[Se][Se]CCNC(=O)/C(Cc1ccc(O)c(Br)c1)=N/O)/C(Cc1ccc(O)c(Br)c1)=N/O,7.22,1
CHEMBL5598531,N#CC1(CNc2cccc(-c3cc(Nc4cnn(CCCCCC(=O)NO)c4)ncc3Cl)n2)CCOCC1,7.22,1
CHEMBL5618083,COc1cc(/C=C/C(=O)c2ccc(OCCCCCC(=O)NO)cc2)cc(OC)c1OC,7.22,1
CHEMBL5898982,O=C(NO)c1ccc2nc(-c3ccc4[nH]nnc4c3)oc2c1,7.22,1
CHEMBL5929154,O=C(NO)c1ccc2nc(NCc3ccccc3)[nH]c2c1,7.22,1
CHEMBL5885520,CC(Oc1cc(-c2noc(C(F)(F)F)n2)ccn1)c1nc2ccccc2[nH]1,7.22,1
CHEMBL5899089,O=C1CCC(c2ccc(-c3noc(C(F)(F)F)n3)cc2)N1c1cccc(F)c1,7.22,1
CHEMBL5974009,O=C(NO)c1ccc(CNCC23CC4CC(CC(C4)C2)C3)c(Br)c1,7.22,1
CHEMBL5987449,CCCS(=O)(=O)N(Cc1ncc(-c2nnc(C(F)F)o2)s1)c1cccnc1,7.22,1
CHEMBL5814334,CCCS(=O)(=O)N(Cc1ncc(-c2nnc(C(F)(F)F)o2)s1)c1cncc(OC(F)F)c1,7.22,1
CHEMBL6133418,O=C(NO)c1ccc(CN2C(=O)C3=C(CCN(Cc4cccc(C(F)(F)F)c4Cl)C3)N3CCN=C23)cc1,7.22,1
CHEMBL6168062,Cc1ccc2c(CN[C@H]3CC[C@@H](Nc4ncc(C(=O)NO)cn4)CC3)cn(C)c2c1.Cl,7.22,1
CHEMBL467998,O=C(CCCCNC(=O)c1cc(-c2ccccc2)on1)NO,7.21,1
CHEMBL598797,C#Cc1cccc(Nc2ncnc3cc(OC)c(OCCCCCCC(=O)NO)cc23)c1,7.21,2
CHEMBL1290142,O=C(CCCCCn1c2ccccc2c2ccccc21)NO,7.21,3
CHEMBL3329621,CC(C)[C@@H]1NC(=O)[C@]2(C)CSC(=N2)c2csc(n2)CNC(=O)C[C@@H](/C=C/CCSSCC/C=C/[C@@H]2CC(=O)NCc3nc(cs3)C3=N[C@@](C)(CS3)C(=O)N[C@@H](C(C)C)C(=O)O2)OC1=O,7.21,1
CHEMBL3526395,C[C@@]12Nc3ccccc3[C@]1(O)CCN2Cc1ccc(/C=C/C(=O)NO)cc1,7.21,1
CHEMBL3745788,COc1ccc(-c2nc(C(=O)NCCCC(=O)NO)cc3c2[nH]c2ccccc23)cc1,7.21,1
CHEMBL3883830,Cc1ccc(-c2cc(C(F)(F)F)nn2-c2ccc(S(=O)(=O)NCCCCCCCC(=O)NO)cc2)cc1,7.21,1
CHEMBL3693790,CN(CCCCCCC(=O)NO)C(=O)c1ccc(C(O)(c2ccccc2)c2ccncc2)cc1,7.21,4
CHEMBL4217821,CCCc1nn(C)c2c(=O)[nH]c(-c3cc(Cc4ccc(C(=O)NO)cc4)ccc3OCC)nc12,7.21,1
CHEMBL4449062,COc1ccc(CCc2nc(CCC(=O)NO)cs2)cc1OC,7.21,1
CHEMBL4550551,O=C(NO)c1ccc(Sc2ncc(-c3ccccc3)s2)cc1,7.21,1
CHEMBL4636051,O=C(CCCCCC(=O)NCCCN1c2ccccc2CCc2ccc(Cl)cc21)NO,7.21,1
CHEMBL4777726,COc1c(-c2ccccc2)c2ccccc2n(Cc2ccc(C(=O)NO)cc2)c1=O,7.21,1
CHEMBL5090447,O=C(CCCCCCNc1nn2c(=O)c3cc(Br)ccc3nc2c2ccccc12)NO,7.21,1
CHEMBL5191436,CCNNC(=O)c1ccc(CN2c3ccccc3Sc3cccnc32)cc1,7.21,1
CHEMBL5289038,CC1(C)c2ccccc2N(Cc2ccc(C(=O)NO)cc2)C1c1ccncc1,7.21,1
CHEMBL5170300,COc1c(OCCCCCC(=O)NO)ccc2c1N=C(NC(=O)c1ccccc1)N1CCN=C21,7.21,2
CHEMBL5267546,COc1ccc(COc2cccc3ccc(C(=O)NCc4ccc(C(=O)NO)cc4)nc23)cc1,7.21,1
CHEMBL5558216,C[C@@H](COCCC(=O)NCCN(C)c1ncc(C(=O)NO)cn1)Nc1cn[nH]c(=O)c1C(F)(F)F,7.21,1
CHEMBL5884145,FC(F)c1nnc(-c2cnc(NC3(c4cccc(C(F)(F)F)c4Cl)CC3)nc2)o1,7.21,1
CHEMBL5919614,Fc1ccc(C(COC2CC2)Nc2ncc(-c3nnc(C(F)F)o3)cn2)c(F)c1,7.21,1
CHEMBL5975029,CC(C)c1ccc(-c2cc3cc(C(=O)NO)ccc3[nH]2)cc1,7.21,1
CHEMBL5913801,CC(C)(C#N)C(=O)N(Cc1ccc(-c2noc(C(F)(F)F)n2)cc1)c1cccc(C(F)(F)F)c1,7.21,1
CHEMBL5866852,COc1cncc(OCc2ccc(-c3noc(C(F)(F)F)n3)c(F)c2)c1,7.21,1
CHEMBL5947357,Cc1cccc(N2CCC(NCc3ccc(-c4noc(C(F)(F)F)n4)cc3)CC2)c1,7.21,1
CHEMBL5758276,O=C1NC(=O)[C@]2(CC[C@H](NCc3ccc(-c4noc(C(F)(F)F)n4)cn3)CC2)N1,7.21,1
CHEMBL5759763,CS(=O)(=O)N(Cc1ncc(-c2nnc(C(F)(F)F)o2)s1)c1cncc(Cl)c1,7.21,1
CHEMBL6078174,C=C1C(=O)O[C@@H]2C[C@@]3(C)CC[C@@H](OC(=O)[C@H](C)NC(=O)c4cccc(/C=C/C(=O)NO)c4)C(=C)[C@@H]3C[C@H]12,7.21,1
CHEMBL6151060,O=C(NO)c1ccc(CNC[C@H]2CN(c3ccc(N4CCOCC4)c(F)c3)C(=O)O2)cc1,7.21,1
CHEMBL1099058,O=C(/C=C/c1cccc(-c2nc3ccccc3n2CCN2CCCC2)c1)NO,7.2,1
CHEMBL1099095,COc1ccc(-n2c(-c3cccc(/C=C/C(=O)NO)c3)nc3ccccc32)cc1,7.2,1
CHEMBL1097981,O=C(/C=C/c1cccc(-c2nc3ccccc3n2Cc2ccccc2)c1)NO,7.2,1
CHEMBL1094793,C[C@@H](c1ccccc1)n1c(-c2cccc(/C=C/C(=O)NO)c2)nc2ccccc21,7.2,1
CHEMBL1095450,Cc1c(-c2ccccc2)nc(-c2cccc(/C=C/C(=O)NO)c2)n1CCN1CCOCC1,7.2,1
CHEMBL1095451,Cc1c(-c2ccccc2)nc(-c2cccc(/C=C/C(=O)NO)c2)n1CCc1ccccc1,7.2,1
CHEMBL1094648,Cc1c(-c2ccccc2)nc(-c2cccc(/C=C/C(=O)NO)c2)n1[C@@H]1CCCN(C)C1,7.2,1
CHEMBL1099048,Cc1c(Cc2ccccc2)nc(-c2cccc(/C=C/C(=O)NO)c2)n1CCc1ccccc1,7.2,1
CHEMBL1099049,Cc1c(Cc2ccccc2)nc(-c2cccc(/C=C/C(=O)NO)c2)n1[C@@H]1CCCN(C)C1,7.2,1
CHEMBL1095719,Cc1nc(-c2cccc(/C=C/C(=O)NO)c2)n(CCc2ccccc2)c1C,7.2,1
CHEMBL1094094,Cc1nc(Cc2ccccc2)n(CCc2ccccc2)c1-c1cccc(/C=C/C(=O)NO)c1,7.2,1
CHEMBL3415619,O=C(NO)c1ccc(NC2CCN(c3ccc(Cl)c(Cl)c3)C2=O)cc1,7.2,1
CHEMBL3774691,Cc1nc2c(c(N(C)c3ccc(OCCCCC(=O)NO)cc3)n1)CCC2,7.2,1
CHEMBL4104052,Cc1c(CN(C)C)c2ccccc2n1S(=O)(=O)c1ccc(/C=C/C(=O)NO)cc1,7.2,1
CHEMBL4295221,CC(=O)N1CCC2(CC1)CN(Cc1ccc(C(=O)NO)cc1)c1ccccc12,7.2,1
CHEMBL4540416,O=C(/C=C/c1ccc(Cn2cc(Nc3ncc(Cl)c(Nc4ccc(F)cc4)n3)cn2)cc1)NO,7.2,1
CHEMBL4475240,O=C(NO)c1ccc(Cn2c3c(c4ccccc42)CCCC3)cc1,7.2,2
CHEMBL4445881,COCCc1cn(Cc2ccc(C(=O)NO)cc2)c2ccccc12,7.2,1
CHEMBL4749226,C/C(=N\NC(=S)NCCCCCC(=O)NO)c1ccc(F)cc1,7.2,1
CHEMBL5090940,CC(C)(F)CN1CCc2cc(O)ccc2C1c1ccc(OCCCCCCC(=O)NO)cc1,7.2,1
CHEMBL5423646,O=C(NO)c1ccc(CNC2CCCc3cccnc32)c(F)c1,7.2,1
CHEMBL5542272,Cc1c2ccc(Nc3ccnc(Nc4ccc(OCCCCCCC(=O)NO)cc4)n3)cc2nn1C,7.2,1
CHEMBL5597435,CN(C)CCCn1c(SCc2ccc(/C=C/C(=O)NO)cc2)nc2ccccc21,7.2,1
CHEMBL5915193,CN(Cc1ccccc1)c1nc2cc(C(=O)NO)ccc2o1,7.2,1
CHEMBL5994498,COc1ccc(CN(CCN(C)C)c2nc3cc(C(=O)NO)ccc3o2)cc1OC,7.2,1
CHEMBL5743988,Fc1cccnc1COc1nccc(-c2noc(C(F)(F)F)n2)c1Cl,7.2,1
CHEMBL5839646,CN(Cc1ncc(-c2nnc(C(F)F)o2)s1)c1cncc(C#N)c1,7.2,1
CHEMBL479611,CCSC(=S)SCC(=O)c1cccc(NC(=O)c2ccccc2)c1,7.19,1
CHEMBL3353057,COc1ccc(C(=O)N2CCn3cc(C(=O)NO)cc3C2)cc1,7.19,2
CHEMBL3353067,O=C(NO)c1cn2c(n1)CN(C(=O)c1cc3ccccc3s1)CC2,7.19,1
CHEMBL3335288,O=C(CCCCc1ccn(-c2ccccc2)n1)NO,7.19,1
CHEMBL3335299,O=C(CCCCc1ccn(Cc2ccc(Nc3ccccc3)cc2)n1)NO,7.19,1
CHEMBL4102024,O=C(CS)NCCCCCCn1ccc2cc(Cl)c(Cl)cc21,7.19,1
CHEMBL4094909,O=C(CS)NCCCCCCn1ccc2cc(F)c(Cl)cc21,7.19,1
CHEMBL4093691,COc1ccc2c(C(=O)c3cc(OC)c(OC)c(OC)c3)cn(Cc3ccc(C(=O)NO)cc3)c2c1,7.19,1
CHEMBL4212669,COc1ccc(F)cc1-c1ccc2c(NC(=O)c3ccc(C(=O)NO)cc3)n[nH]c2c1,7.19,1
CHEMBL4214775,O=C(NO)c1ccc(C(=O)Nc2n[nH]c3cc(-c4ccccc4F)ccc23)cc1,7.19,1
CHEMBL4292530,CC(C)c1ccc(C(=O)N(CC(=O)NC2CCCCC2)Cc2ccc(C(=O)NO)cc2)cc1,7.19,1
CHEMBL4852256,Nc1ncc(C(=O)NO)cn1,7.19,1
CHEMBL5179735,O=C(CCCCCCOc1ccc(-c2nnc(-c3ccccc3)s2)cc1)NO,7.19,1
CHEMBL5803021,Fc1ccc(C(Nc2ncc(-c3nnc(C(F)F)o3)cn2)C2CC2)cc1,7.19,1
CHEMBL5906031,FC(F)c1nnc(-c2cnc(NC3(c4ccc(C(F)(F)F)cc4)CC3)nc2)o1,7.19,1
CHEMBL5753166,O=C(NO)c1ccc2sc(-c3cccnc3)cc2c1,7.19,2
CHEMBL5913220,COCCN(C)Cc1cccc(-c2nc3cc(C(=O)NO)ccc3o2)c1,7.19,1
CHEMBL5746424,O=C(NO)c1ccc2nc(-c3cccc4cccnc34)sc2c1,7.19,1
CHEMBL5918412,CN1CCN(CC(=O)N(Cc2ccc(-c3noc(C(F)(F)F)n3)cc2)c2cccc(C(F)(F)F)c2)CC1,7.19,1
CHEMBL5823465,Cc1noc([C@H]2CCCCN2c2cc(F)c(-c3noc(C(F)(F)F)n3)cc2F)n1,7.19,1
CHEMBL5796825,Fc1c(-c2noc(C(F)(F)F)n2)ccnc1OCc1nc(C2CC2)no1,7.19,1
CHEMBL5969697,CC1(C)CCCCN1C(=O)[C@@H]1CCC(=O)N1c1ccc(-c2noc(C(F)(F)F)n2)c(F)c1,7.19,1
CHEMBL5769384,CC1(Cc2ccc(-c3noc(C(F)(F)F)n3)cc2)C(=O)Nc2ccc(F)cc21,7.19,2
CHEMBL5761314,FC(F)(F)c1nc(-c2ccc(CNc3cc4ccccn4n3)nc2)no1,7.19,1
CHEMBL5926095,O=C1NCCCCC1NCc1ccc(-c2noc(C(F)(F)F)n2)cn1,7.19,1
CHEMBL5804701,COc1cccc(NCc2ccc(-c3noc(C(F)(F)F)n3)cc2)c1,7.19,1
CHEMBL6006636,O=C1COC[C@@H](CNCc2ccc(-c3noc(C(F)(F)F)n3)cn2)N1,7.19,1
CHEMBL5779542,O=C1CCc2cccc(C(F)(F)F)c2N1Cc1ccc(-c2noc(C(F)(F)F)n2)cn1,7.19,1
CHEMBL6060437,O=C(NO)c1ccc(CCCN2CCC(NC3CC3c3ccccc3)CC2)cc1,7.19,1
CHEMBL5867680,CCn1cc(N(Cc2ncc(-c3nnc(C(F)F)o3)s2)S(=O)(=O)CC)cn1,7.19,1
CHEMBL5793424,CCS(=O)(=O)N(Cc1ncc(-c2nnc(C(F)F)o2)s1)c1ccc(C(F)F)nc1,7.19,1
CHEMBL6134070,C=C1C(=O)O[C@@H]2C[C@@]3(C)CC[C@@H](OC(=O)[C@@H](C)NC(=O)c4ccc(/C=C/C(=O)NO)cc4)C(=C)[C@@H]3C[C@H]12,7.19,1
CHEMBL6144448,Cc1ccc(-c2csc(C(=O)NOCCCCCC(=O)NO)n2)cc1,7.19,1
CHEMBL6133873,O=C(CCCCCONC(=O)c1nc(-c2ccc(N3CCCC3)cc2)cs1)NO,7.19,1
CHEMBL6148678,O=C(NO)c1ccc(CN2C(=O)C3=C(CCN(Cc4cccc(F)c4)C3)N3CCN=C23)cc1,7.19,1
CHEMBL6175415,COc1ccc2c(C(=O)c3cc(OC)c(OC)c(OO)c3)cn(Cc3ccc(C(=O)NO)cc3)c2c1,7.19,1
CHEMBL3311464,O=C(CCCCCCC(=O)Nc1ccc2[nH]c(=O)ccc2c1)NO,7.18,1
CHEMBL3885496,Cc1ccc(-c2cc(C(F)(F)F)nn2-c2ccc(S(=O)(=O)NCCCCCCC(=O)NO)cc2)cc1,7.18,1
CHEMBL3924682,O=C(NO)c1ccc(OCCOc2ccc3cc2COC/C=C/COCc2cccc(c2)-c2ccnc(n2)N3)cc1,7.18,1
CHEMBL3693742,CC(=O)N(c1ccc(C(=O)NCCCCCCC(=O)NO)cc1)c1c(C)cccc1C,7.18,4
CHEMBL3640672,COC(c1cccc(C(=O)NCCCCCCC(=O)NO)c1)(c1ccccn1)c1ccccn1,7.18,4
CHEMBL4203481,CCCc1nn(C)c2c(=O)[nH]c(-c3cc(Nc4ccc(C(=O)NO)cc4)ccc3OCC)nc12,7.18,1
CHEMBL4436726,O=C(NO)c1ccc(Nc2nnc(-c3ccccc3)s2)cc1,7.18,1
CHEMBL4438671,CCn1cnc(-c2ccc(OC)cc2)c1-c1ccc(/C=C/C(=O)NO)cc1,7.18,1
CHEMBL4777609,Cn1cc(-c2ccc([C@H]3C[C@@H]3NCC3CCN(CCCc4ccc(C(=O)NO)cc4)CC3)cc2)cn1,7.18,1
CHEMBL4869419,COc1cc2nc(-c3ccc(C)o3)cc(NCC3CCN(Cc4ccc(C(=O)NO)s4)CC3)c2cc1OC,7.18,1
CHEMBL5078131,CC(C)(F)CN1CCc2cc(O)ccc2C1c1ccc(OCCCCCC(=O)NO)cc1,7.18,1
CHEMBL5076796,O=C(CCCCCCNc1nn2c(=O)c3cc(Cl)ccc3nc2c2ccccc12)NO,7.18,1
CHEMBL5221123,C[C@H](Nc1nc(N)nc(N)c1C#N)c1nc2cccc(Cl)c2c(=O)n1Cc1ccc(C(=O)NO)s1,7.18,1
CHEMBL5597396,O=C(CCCCCn1cc(Nc2ncc(Cl)c(-c3cnc4ccccn34)n2)cn1)NO,7.18,1
CHEMBL6028975,FC(F)(F)c1nc(-c2ccnc(OCc3cnc(Cl)cn3)c2)no1,7.18,1
CHEMBL5852199,FC(F)Cn1nc(COc2cc(-c3noc(C(F)(F)F)n3)ccn2)cc1C1CC1,7.18,1
CHEMBL6044582,FC(F)(F)c1nc(-c2ccc(CNC3CCc4ncccc4C3)cc2)no1,7.18,1
CHEMBL5841900,FC(F)(F)c1nc(-c2ccc(CNCC3CN(Cc4ccccc4)CCO3)nc2)no1,7.18,1
CHEMBL6004859,O=C(NC(Cc1ccc(-c2noc(C(F)(F)F)n2)cn1)c1cccc(C(F)(F)F)c1)c1ccccc1,7.18,1
CHEMBL5805741,Cn1cc(-c2ccc(C3CC3NCC3CCN(CCCc4ccc(C(=O)NO)cc4)CC3)cc2)cn1,7.18,1
CHEMBL5946488,O=S(=O)(C(F)F)N(Cc1ncc(-c2nnc(C(F)F)o2)s1)c1cccnc1,7.18,1
CHEMBL6143568,O=C(NO)c1ccc(CN2C(=O)C3=C(CCN(Cc4ccccc4)C3)N3CCN=C23)cc1,7.18,1
CHEMBL469134,O=C(CCCCc1cc(C(=O)NO)no1)Nc1nc(-c2ccccc2)cs1,7.17,1
CHEMBL2347007,CCC(C)(C)C(=O)O[C@H]1C[C@@H](C)C=C2C=C[C@H](C)[C@H](CC[C@@H](O)C[C@@H](O)CC(=O)NO)[C@H]21,7.17,2
CHEMBL109654,O=C(CCCCCS)Nc1ccccc1,7.17,1
CHEMBL3675756,O=C(CCCCC=C(c1ccccn1)c1ccccn1)NO,7.17,1
CHEMBL3693744,CN(CCCCCCC(=O)NO)C(=O)c1ccc(N(C)c2ccccc2C#N)cc1,7.17,4
CHEMBL4638377,CC(C)(C)c1cccc(C(=O)Nc2ccc(C(=O)NO)cc2)c1,7.17,2
CHEMBL4873711,COc1cc2c(NCC3CCN(c4ccc(C(=O)NO)cc4)CC3)cc(-c3ccc(C)o3)nc2cc1OCCCN1CCCC1,7.17,1
CHEMBL5093602,CC(C)(C)OC(=O)Nc1ccc(-c2ncc(C(=O)NCCCCCCC(=O)NO)s2)cc1,7.17,1
CHEMBL5083849,Cc1[nH]c(C(=O)Nc2cc(S(=O)(=O)N3CCOCC3)ccc2OCCCCCCCC(=O)NO)c2c1C(=O)CCCC2,7.17,1
CHEMBL5219941,N#Cc1c(N)nc(N)nc1N1CCC[C@H]1c1nc2cccc(Cl)c2c(=O)n1Cc1ccc(C(=O)NO)s1,7.17,1
CHEMBL5280583,COc1ccc2c(c1)C(C)(C)C(c1cccnc1)N2Cc1ccc(C(=O)NO)cc1,7.17,1
CHEMBL5407807,CCN(CC)C(=S)SSCCCCCC(=O)Nc1ccccc1,7.17,1
CHEMBL5563252,COc1cc(OC)c(/C=C/S(=O)(=O)Cc2ccc(OC)c(NCC(=O)NO)c2)c(OC)c1,7.17,1
CHEMBL5903919,Fc1cnc(OCc2ccc(-c3noc(C(F)(F)F)n3)c(F)c2)nc1,7.17,1
CHEMBL5836051,Fc1cc(COc2cncc(Cl)c2)ccc1-c1noc(C(F)(F)F)n1,7.17,1
CHEMBL6053174,Cc1ncc(COc2nccc(-c3noc(C(F)(F)F)n3)c2Cl)c(C)n1,7.17,1
CHEMBL5942388,CC1(C)COCCN1C(=O)[C@@H]1CCC(=O)N1c1ccc(-c2noc(C(F)(F)F)n2)c(F)c1,7.17,1
CHEMBL5932342,CC1(C)C(=O)NCCN1C(=O)[C@@H]1CCC(=O)N1c1ccc(-c2noc(C(F)(F)F)n2)c(F)c1,7.17,1
CHEMBL5966396,Fc1cccc(NCc2ccc(-c3noc(C(F)(F)F)n3)cc2)c1,7.17,1
CHEMBL5830209,O=C(NO)c1ccc(CN2CCn3cc(CNC4CC4c4ccc(F)cc4)nc3C2)cc1,7.17,1
CHEMBL5739741,O=C(NO)c1ccc(/C=C/C(=O)N2CCC(CNC3CC3c3ccccc3)CC2)cc1,7.17,1
CHEMBL6150869,CCCCc1cc(-c2ccccc2)nn1Cc1ccc(C(=O)NO)cc1,7.17,1
CHEMBL569193,O=C(O)c1cccc(-c2ccc(C(=O)C(F)(F)F)s2)c1,7.16,1
CHEMBL566637,CC(C)C[C@H]1CC(=O)N[C@@H](Cc2ccccc2)C(=O)N[C@@H](CCCCCC(=O)NO)C(=O)N[C@@H](Cc2c[nH]c3ccccc23)C(=O)N1,7.16,3
CHEMBL2442692,COc1cc([C@@H]2c3cc4c(cc3[C@@H](Nc3cccc(OCCCCCCCC(=O)NO)c3)[C@H]3COC(=O)[C@H]23)OCO4)cc(OC)c1O,7.16,1
CHEMBL326433,O=C(CCCCCCCS)Nc1ccccc1,7.16,1
CHEMBL3752134,O=C(/C=C/c1ccc(CNc2nccc(-c3cccnc3)n2)cc1)NO,7.16,1
CHEMBL4212219,O=C(NO)c1ccc(C(=O)Nc2n[nH]c3cc(-c4cccc(Cl)c4)ccc23)cc1,7.16,1
CHEMBL4226024,CCc1cc(-c2ccc(F)cc2)n(Cc2ccc(C(=O)NO)cc2)n1,7.16,1
CHEMBL4291940,Nc1ccccc1NC(=O)c1ccc(C(=O)NCCNc2nonc2/C(=N/O)Nc2ccc(F)c(Br)c2)cc1,7.16,1
CHEMBL4550648,CC[C@H](Nc1nc(N)nc(N)c1C#N)c1nc2cccc(CCCCCC(=O)NO)c2c(=O)n1-c1ccccc1,7.16,1
CHEMBL4740842,CC(C)c1cc(C(=O)N2Cc3ccc(NC(=O)CCCC(=O)NO)cc3C2)c(O)cc1O,7.16,1
CHEMBL4748093,O=C(NO)c1ccc(CN(Cc2nnnn2C2CCCCC2)C(=O)c2ccccc2)cc1,7.16,1
CHEMBL4866446,CN(C)c1ccc(C(=O)N(Cc2ccc(C(=O)NO)cc2)C(C)(C)C(=O)NCc2ccccc2)cc1,7.16,1
CHEMBL4877419,Cc1ccc(C(=O)NO)cn1,7.16,1
CHEMBL5076242,C/C=C1\NC(=O)c2csc(n2)CNC(=O)C[C@@H](/C=C/CCSSCCCCCCC)OC(=O)[C@H](CCCCNC(=O)CCCCC[N+]2=C(/C=C/C=C/C=C3/N(CC)c4ccc5c(S(=O)(=O)O)cc(S(=O)(=O)O)cc5c4C3(C)C)C(C)(C)c3c2ccc2c(S(=O)(=O)[O-])cc(S(=O)(=O)O)cc32)NC1=O,7.16,1
CHEMBL5077827,Nc1nc(NCCc2ccc(/C=C/C(=O)NO)cc2)nc2nc(-c3ccco3)nn12,7.16,1
CHEMBL5078976,COc1ccc2c(c1)c(CCNC(C)=O)cn2Cc1ccc(/C=C/C(=O)NO)cc1,7.16,2
CHEMBL5189543,O=C(NO)c1ccc(CN(C2CC2)S(=O)(=O)c2c(F)c(F)c(Cl)c(F)c2F)cc1,7.16,1
CHEMBL5640034,O=C(NO)c1ccc2nc(CCc3ccccc3)[nH]c2c1,7.16,1
CHEMBL5647358,O=C(NO)c1ccc2[nH]c(CNc3ccccc3)nc2c1,7.16,2
CHEMBL5783748,Cc1cc(O)cc(C)c1-c1nc2ccc(C(=O)NO)cc2[nH]1,7.16,2
CHEMBL5915118,O=C(NO)c1ccc2sc(-c3ccc(OC(F)(F)F)cc3)cc2c1,7.16,1
CHEMBL5897118,O=C(N1CCOCC1)N(Cc1ncc(-c2noc(C(F)(F)F)n2)cn1)c1cccc(C(F)(F)F)c1,7.16,1
CHEMBL5908860,O=C(Cc1cnccn1)N(Cc1ccc(-c2noc(C(F)(F)F)n2)cc1)c1cccc(C(F)(F)F)c1,7.16,1
CHEMBL5750237,Cc1cc(C)nc(COc2nccc(-c3noc(C(F)(F)F)n3)c2Cl)n1,7.16,1
CHEMBL5761725,CCS(=O)(=O)N(Cc1ncc(-c2nnc(C(F)F)o2)s1)c1cnn(C2CC2)c1,7.16,1
CHEMBL5946148,CCS(=O)(=O)N(Cc1ncc(-c2nnc(C(F)F)o2)s1)c1cncc(C(F)F)c1,7.16,1
CHEMBL5915788,CC[SH](=O)(O)N(Cc1ncc(-c2nnc(C(F)F)o2)s1)c1ccnc(C(F)(F)F)c1,7.16,1
CHEMBL5931910,Oc1[nH]c2cnccc2c1Cc1ncc(-c2nnc(C(F)F)o2)s1,7.16,1
CHEMBL3353054,Cn1c(C(=O)N2CCn3cc(C(=O)NO)cc3C2)cc(Cl)c1Cl,7.15,2
CHEMBL3589357,O=C(O)CCCCCCC(=O)Nc1ccc(C2=C(c3ccc(O)cc3)C3CC(S(=O)(=O)Oc4cccc(O)c4)C2O3)cc1,7.15,1
CHEMBL4299406,CC[C@H]1OC(=O)[C@H](C)[C@@H](O[C@@H]2C[C@](C)(OC)[C@H](O)[C@@H](C)O2)[C@@H](C)[C@@H](O[C@H]2O[C@@H](C)C[C@@H](N(C)Cc3ccc(-c4cn(CCCC(=O)NO)nn4)cc3)[C@@H]2O)[C@](C)(OC)C[C@@H](C)C(=O)[C@H](C)[C@H](O)[C@]1(C)O,7.15,1
CHEMBL3693760,Cc1cccc(C)c1Nc1cccc(C(=O)N(C)CCCCCCC(=O)NO)c1,7.15,4
CHEMBL3693762,Cc1cccnc1N(c1ccccc1)c1ccc(C(=O)N(C)CCCCCCC(=O)NO)cc1,7.15,4
CHEMBL3910885,CN(C)c1cccc(Cc2ccc(C(=O)NO)cc2)c1,7.15,1
CHEMBL4082243,COc1ccc(Nc2ncnc3cc(NC(=O)CCCCCCC(=O)NO)sc23)cc1,7.15,1
CHEMBL4070232,COc1ccc2c(C(=O)c3cc(OC)c(OC)c(OC)c3)cn(Cc3ccc(/C=C/C(=O)NO)cc3)c2c1,7.15,1
CHEMBL4565296,CC(=O)N(Cc1ccc(C(C)(C)C)cc1)c1ccc(C(=O)NO)cc1,7.15,1
CHEMBL5093737,O=C(CCCCCCNc1nn2c(=O)c3cc(F)ccc3nc2c2ccccc12)NO,7.15,1
CHEMBL5276531,CC1(C)c2ccccc2N(Cc2ccc(C(=O)NO)cc2)[C@@H]1c1cccnc1,7.15,1
CHEMBL5595512,CCN(CC)Cc1ccccc1CNC(=O)c1cccc(NC(=O)c2cccc(C(=O)NO)c2)c1,7.15,1
CHEMBL5633374,Nc1nc(Cl)c2ccn(Cc3nc(C(=O)NO)co3)c2n1,7.15,1
CHEMBL5758595,CCC(Nc1ncc(-c2nnc(C(F)F)o2)cn1)c1ccc(F)cc1,7.15,1
CHEMBL5890152,Cc1cc(C)nc(COc2cc(-c3noc(C(F)(F)F)n3)ccn2)c1,7.15,1
CHEMBL5894621,FC(F)(F)c1nc(-c2ccc(COc3ccc(Cl)nc3)nc2)no1,7.15,1
CHEMBL5786694,O=C([C@@H]1CCC(=O)N1c1cc(F)c(-c2noc(C(F)(F)F)n2)cc1F)N1CCC1,7.15,1
CHEMBL5843872,O=C(NO)c1ccc(CCCn2cc(CNC3CC3c3ccccc3)nn2)cc1,7.15,1
CHEMBL6017192,CCS(=O)(=O)N(Cc1ncc(-c2nnc(C(F)F)o2)s1)c1cc(C)cc(C)n1,7.15,1
CHEMBL446512,Nc1cccc(-c2cc(C(=O)NCCCCC(=O)NO)no2)c1,7.14,1
CHEMBL4212117,Cc1c2ccc(N(C)c3ccnc(Nc4ccc(C(=O)NCCCCCCC(=O)NO)cc4)n3)cc2nn1C,7.14,1
CHEMBL4296717,CN(C)Cc1ccc(S(=O)(=O)n2ccc(/C=C/C(=O)NO)c2)cc1,7.14,3
CHEMBL4514808,Cc1cc(-c2nc3sc4c(c3c(=O)[nH]2)CCN(C)C4)cc(C)c1OCCCCCC(=O)NO,7.14,1
CHEMBL4634096,CCc1nc(N)nc(N)c1-c1ccc(-c2ccc(/C=C/C(=O)NO)cc2)cc1,7.14,1
CHEMBL4860720,O=C(NO)c1ccc(CN2C(=O)NC(Cc3ccccc3)(c3ccccc3)C2=O)cc1,7.14,1
CHEMBL4863335,COc1ccc(CC2(c3ccccc3)NC(=O)N(Cc3ccc(C(=O)NO)cc3)C2=O)cc1,7.14,1
CHEMBL5092849,CCc1c(C(=O)Nc2cc(S(=O)(=O)Nc3cccc(/C=C/C(=O)NO)c3)ccc2OC)[nH]c(C)c1C(C)=O,7.14,1
CHEMBL5180229,CCNNC(=O)c1ccc(Cn2c3ccccc3c3ccncc32)cc1,7.14,1
CHEMBL3989941,Cn1c(CCCCCCC(=O)NO)nc2cc(N(CCCl)CCCl)ccc21,7.14,1
CHEMBL5595926,CN(c1ccccc1)c1ncc(NC(=O)CS)cn1,7.14,1
CHEMBL5715920,CN(C)Cc1ccc(S(=O)(=O)n2ccc(/C=C/C(=O)NO)c2)cc1.Cl,7.14,1
CHEMBL5993557,O=S(=O)(CC(F)(F)F)NCC(Nc1ncc(-c2nnc(C(F)F)o2)cn1)c1ccc(F)cc1,7.14,1
CHEMBL5942243,O=C(NO)c1ccc2oc(N3CCC(Cc4ccccc4)CC3)nc2c1,7.14,1
CHEMBL5819950,O=C(NO)c1ccc2nc(Nc3cccc(-c4ccccc4)c3)[nH]c2c1,7.14,1
CHEMBL5960135,C[C@@H]1CN(Cc2ccc(-c3nc4cc(C(=O)NO)ccc4o3)cc2)C[C@H](C)O1,7.14,1
CHEMBL6024372,O=C1CCC(c2ccccc2Cl)N1c1ccc(-c2noc(C(F)(F)F)n2)c(F)c1,7.14,1
CHEMBL5886220,O=C(NCc1ccc(-c2noc(C(F)(F)F)n2)cc1)c1cccc(O)c1,7.14,1
CHEMBL5942753,FC(F)(F)Cn1nc(COc2cc(-c3noc(C(F)(F)F)n3)ccn2)cc1C1CC1,7.14,1
CHEMBL5946050,Cc1nc(OCc2ccc(-c3noc(C(F)(F)F)n3)c(F)c2)c2cnn(C)c2n1,7.14,1
CHEMBL5947239,COc1ccc2cc(OCc3ccc(-c4noc(C(F)(F)F)n4)c(F)c3)nnc2c1,7.14,1
CHEMBL5901397,Cn1ccc(COc2nccc(-c3noc(C(F)(F)F)n3)c2Cl)n1,7.14,1
CHEMBL5992372,Cc1nc2c(c(=O)[nH]1)CC(NCc1ccc(-c3noc(C(F)(F)F)n3)cc1)CC2,7.14,1
CHEMBL5781246,O=C1COC[C@H](CNCc2ccc(-c3noc(C(F)(F)F)n3)cn2)N1,7.14,1
CHEMBL5789546,O=C(NC(Cc1ccc(-c2noc(C(F)(F)F)n2)cn1)c1cccc(C(F)(F)F)c1)c1ccccn1,7.14,1
CHEMBL5899967,O=C(NO)c1cnc(N2CCC(CN[C@@H]3C[C@H]3c3ccc(F)cc3)CC2)nc1,7.14,1
CHEMBL5959842,CCS(=O)(=O)N(Cc1ncc(-c2nnc(C(F)F)o2)s1)c1ccc(C(C)C)nc1,7.14,1
CHEMBL6024216,CCS(=O)(=O)N(Cc1ncc(-c2nnc(C(F)F)o2)s1)c1ccc(C)nc1,7.14,1
CHEMBL5823697,CC1CCc2ccncc2N(Cc2ncc(-c3nnc(C(F)F)o3)s2)C1=O,7.14,1
CHEMBL6165888,Cn1c(CCCCCCC(=O)NO)nc2ccc(N(CCCl)CCCl)cc21,7.14,1
CHEMBL2425955,Cc1nc2cc(/C=C/C(=O)NO)ccc2c(=O)n1-c1ccccc1,7.13,2
CHEMBL2431917,CC(C)(C)C(=O)N1CCc2cc(C(=O)NO)sc2C1,7.13,2
CHEMBL3693743,CN(CCCCCCC(=O)NO)C(=O)c1ccc(N(c2ccccc2)c2cccnc2)cc1,7.13,4
CHEMBL3943331,COc1ccccc1N1C(=O)N(Cc2ccc(C(=O)NO)cc2)C(C)(C)C1=O,7.13,3
CHEMBL4159465,CCCCN(Cc1ccc(C(=O)NO)cc1)C(=O)NCCN1CCCC1,7.13,1
CHEMBL4159366,CS(=O)(=O)Nc1ccc(-c2ccnc(Nc3ccc(N4CCC(C(=O)NCCCCCCCC(=O)NO)CC4)cc3)n2)cc1,7.13,1
CHEMBL4757768,O=C(Cc1ccc(Nc2c3ccccc3nc3ccccc23)cc1)NO,7.13,1
CHEMBL4862556,CCC(=O)CCCCC[C@H](NC(=O)[C@H]1CC12CCN(C)CC2)c1ncc(-c2cc3cccnc3cc2OC)o1,7.13,2
CHEMBL4868079,CC1(c2ccccc2)NC(=O)N(Cc2ccc(C(=O)NO)cc2)C1=O,7.13,1
CHEMBL4871002,O=C(NO)c1ccc(CN2C(=O)NC(Cc3ccc4ccccc4c3)(c3ccccc3)C2=O)cc1,7.13,1
CHEMBL5090390,Nc1nc2c(cnn2CCCCC(=O)NO)c2nc(-c3ccco3)nn12,7.13,1
CHEMBL5208182,O=C(/C=C/c1ccc(Cn2cc(C(=O)NC3C4CC5CC(C4)CC3C5)c3ccccc32)cc1)NO,7.13,1
CHEMBL5282958,CN1CCC2(CC1)c1ccccc1N(Cc1ccc(C(=O)NO)cc1)C2c1ccccc1,7.13,1
CHEMBL6038602,Fc1ccc(C(Nc2ncc(-c3nnc(C(F)F)o3)cn2)C(F)(F)F)cc1,7.13,1
CHEMBL5931148,FC(F)c1nnc(-c2cnc(NC3(C4CCCCC4)CC3)nc2)o1,7.13,1
CHEMBL5891489,O=C(NO)c1ccc2cc(CO)oc2c1,7.13,1
CHEMBL5782533,OCC1CCC(c2ccccc2)N(c2ccc(-c3noc(C(F)(F)F)n3)cn2)C1,7.13,1
CHEMBL5752169,COc1cnnc(OCc2ccc(-c3noc(C(F)(F)F)n3)c(F)c2)c1,7.13,1
CHEMBL5884212,FC(F)(F)c1nc(-c2ccnc(OCc3ncccc3Cl)c2Cl)no1,7.13,1
CHEMBL5785390,O=C(NO)c1ccc(CNCC23CC4CC(CC(C4)C2)C3)c(Cl)c1,7.13,1
CHEMBL5805842,O=C(NO)c1ccc(Cn2cc(CNC3CC3c3ccccc3)nn2)cc1,7.13,1
CHEMBL6035857,O=C(NO)c1ccc(/C=C/C(=O)N2CCC(CNC3CC3c3ccc(-c4cncnc4)cc3)CC2)cc1,7.13,1
CHEMBL2386909,CCc1c2c(nc3ccc(OCc4cn(CCCCCCCC(=O)NO)nn4)cc13)-c1cc3c(c(=O)n1C2)COC(=O)[C@]3(O)CC,7.12,1
CHEMBL2431921,O=C(NO)c1cc2c(s1)CCN(C(=O)C1CCCCC1)C2,7.12,2
CHEMBL2431864,O=C(NO)c1ccc(CNC(=O)C2CCCCC2)cc1,7.12,1
CHEMBL3098696,O=C(CCCCCCC(=O)NC1CCCC1)NO,7.12,1
CHEMBL3736170,CC[C@H]1OC(=O)[C@H](C)C(=O)[C@H](C)[C@@H](O[C@@H]2O[C@H](C)C[C@H](N(C)Cc3ccccc3-c3cn(CCCCCCC(=O)NO)nn3)[C@H]2O)[C@@](C)(OC)C[C@@H](C)C2=NCCN3C(=O)O[C@@]1(C)[C@H]3[C@H]2C,7.12,1
CHEMBL2105763,Cn1cc(CNCC2CCN(c3ncc(C(=O)NO)cn3)CC2)c2ccccc21,7.12,6
CHEMBL3884044,Cc1ccc(-c2cc(C(F)(F)F)nn2-c2ccc(S(=O)(=O)NCCCCCC(=O)NO)cc2)cc1,7.12,1
CHEMBL3693701,O=C(CCCCCCNC(=O)c1ccc(N(c2ccccc2)c2ccccc2)cc1)NO,7.12,4
CHEMBL3693805,CN(CCCCCCC(=O)NO)C(=O)c1ccc(C(C)(O)c2ccc(F)cc2)cc1,7.12,4
CHEMBL3919448,O=C(NO)c1ccc(CNC(=O)c2nc(-c3nc4c(s3)CCCC4)sc2C2CC2)cc1,7.12,1
CHEMBL4860287,CC12CC3CC(C)(C1)CC(NCc1ccc(NCc4ccc(C(=O)NO)cc4)cc1)(C3)C2,7.12,1
CHEMBL4861467,CCC(=O)CCCCC[C@H](NC(=O)[C@H]1CC12CCN(CC1CC1)CC2)c1ncc(-c2cc3cccnc3cc2OC)[nH]1,7.12,1
CHEMBL5085871,COc1ccc(-c2ncc(C(=O)NCCCCCC(=O)NO)s2)c(OC)c1,7.12,1
CHEMBL5169915,CCNNC(=O)c1ccc(CN2c3ccccc3C=Cc3ccc(C)cc32)cc1,7.12,1
CHEMBL5864372,O=C(NCC(Nc1ncc(-c2nnc(C(F)F)o2)cn1)c1ccc(F)cc1)c1ccccc1,7.12,1
CHEMBL5814807,CS(=O)(=O)N(CC(Nc1ncc(-c2nnc(C(F)F)o2)cn1)c1ccc(F)cc1F)CC(F)(F)F,7.12,1
CHEMBL5743450,CCS(=O)(=O)N(C)CC(Nc1ncc(-c2nnc(C(F)F)o2)cn1)c1ccc(OC(F)(F)F)cc1,7.12,1
CHEMBL5982787,O=C1CCCN1CC(Nc1ncc(-c2nnc(C(F)F)o2)cn1)c1ccc(F)cc1,7.12,1
CHEMBL5956665,O=C(CC1COCCO1)N(Cc1ccc(-c2noc(C(F)(F)F)n2)cc1)c1cccc(C(F)(F)F)c1,7.12,1
CHEMBL5961845,CN1CCN(c2ccc(-c3noc(C(F)(F)F)n3)c(F)c2)C(c2cccc(F)c2)C1O,7.12,1
CHEMBL5908253,Cc1ccncc1COc1ccc(-c2noc(C(F)(F)F)n2)cn1,7.12,1
CHEMBL5990605,N#Cc1ccc(NCc2ccc(-c3noc(C(F)(F)F)n3)cc2)cc1,7.12,1
CHEMBL6051283,O=C(NO)c1cnc(NCCN2CCC(CNC3CC3c3ccc(F)cc3)CC2)nc1,7.12,1
CHEMBL6102423,O=C(CSC1=N[C@H]2CCCC[C@H]2N1)N1CCOCC1,7.12,1
CHEMBL6146959,O=C(CCCCCONC(=O)c1nc(-c2ccccc2)cs1)NO,7.12,1
CHEMBL506834,CC[C@H]1OC(=O)[C@H](C)[C@@H](O[C@H]2C[C@@](C)(OC)[C@@H](O)[C@H](C)O2)[C@H](C)[C@@H](O[C@@H]2O[C@H](C)C[C@H](N(C)Cc3ccc(-c4cn(CCCCCCC(=O)NO)nn4)cc3)[C@H]2O)[C@](C)(O)C[C@@H](C)CN(C)[C@H](C)[C@@H](O)[C@]1(C)O,7.11,1
CHEMBL3734952,CC[C@H]1OC(=O)[C@H](C)C(=O)[C@H](C)[C@@H](O[C@@H]2O[C@H](C)C[C@H](N(C)Cc3ccc(-c4cn(CCCCC(=O)NO)nn4)cc3)[C@H]2O)[C@@](C)(OC)C[C@@H](C)C2=NCCN3C(=O)O[C@@]1(C)[C@H]3[C@H]2C,7.11,1
CHEMBL3890846,O=C(CCCCCc1ccc2c(c1)OCO2)NO,7.11,2
CHEMBL3693781,COC(c1ccccc1)(c1ccc(C(=O)N(C)CCCCCCC(=O)NO)cc1)c1cccnc1,7.11,4
CHEMBL4208584,CC(C)Oc1cccc(-c2ccc3c(NC(=O)c4ccc(C(=O)NO)cc4)n[nH]c3c2)c1,7.11,1
CHEMBL4207538,CCCc1nn(C)c2c(=O)[nH]c(-c3cc(C(OC)c4ccc(C(=O)NO)cc4)ccc3OCC)nc12,7.11,1
CHEMBL4229123,Cc1ccc(-c2cc(C(F)(F)F)n(CCc3ccc(C(=O)NO)cc3)n2)cc1,7.11,1
CHEMBL4450613,CC[C@H](Nc1nc(N)nc(N)c1C#N)c1nc2cccc(CCc3ccc(C(=O)NO)cc3)c2c(=O)n1-c1ccccc1,7.11,1
CHEMBL4872337,CC12CC3CC(C)(C1)CC(NCc1ccc(/C=C/C(=O)NO)cc1)(C3)C2,7.11,1
CHEMBL4752015,CCNNC(=O)c1ccc(CNC(=O)c2ccccc2)cc1,7.11,1
CHEMBL5278328,O=C(NO)c1ccc(CN2CCN(C(=O)c3c[nH]c4cccc(Cc5ccccc5)c34)CC2)cc1,7.11,1
CHEMBL5594944,CN1C(=O)CNC(=O)/C1=C/c1ccc(C(=O)NCc2cccc(C(=O)NO)c2)cc1,7.11,1
CHEMBL5934029,COCC(Nc1ncc(-c2nnc(C(F)F)o2)cn1)c1ccc(F)cc1,7.11,1
CHEMBL5814802,FC(F)c1nnc(-c2cnc(NC3(c4ccc(OCC(F)(F)F)cc4Cl)CC3)nc2)o1,7.11,1
CHEMBL5936835,CN(C[C@H](Nc1ncc(-c2nnc(C(F)F)o2)cn1)c1ccc(F)cc1)C(=O)C1CC1,7.11,1
CHEMBL6033103,O=C(NO)c1ccc2nc(-c3ccccc3C(F)(F)F)[nH]c2c1,7.11,2
CHEMBL6063209,NCc1cccc(OCc2ccc(-c3noc(C(F)(F)F)n3)c(F)c2)c1,7.11,1
CHEMBL5925170,Cn1cc(COc2nccc(-c3noc(C(F)(F)F)n3)c2Cl)nn1,7.11,1
CHEMBL6053440,FC(F)(F)c1nc(-c2ccc(COc3nc(C4CC4)no3)nc2)no1,7.11,1
CHEMBL5868231,Cn1nccc1CCOc1cc(-c2noc(C(F)(F)F)n2)ccn1,7.11,1
CHEMBL5911967,OCCn1cc2cc(NCc3ccc(-c4noc(C(F)(F)F)n4)cc3)ccc2n1,7.11,1
CHEMBL5830605,CC(C)(C)CC(=O)NC(Cc1ccc(-c2noc(C(F)(F)F)n2)cn1)c1cccc(C(F)(F)F)c1,7.11,1
CHEMBL6051521,O=C(NO)c1ccc(CCS(=O)(=O)N2CCC(CNC3CC3c3ccccc3)CC2)cc1,7.11,1
CHEMBL6005459,CCS(=O)(=O)N(Cc1ncc(-c2nnc(C(F)F)o2)s1)c1cnn(CC2CC2)c1,7.11,1
CHEMBL6177627,COc1nc(-c2cccc(-c3ccccc3)c2C)ccc1CNCCCCCCC(=O)NO,7.11,1
CHEMBL1098379,Cn1c(-c2cccc(/C=C/C(=O)NO)c2)nc2ccccc21,7.1,1
CHEMBL1095710,CN(C)CCn1c(-c2cccc(/C=C/C(=O)NO)c2)nc2ccccc21,7.1,1
CHEMBL1095711,CCN(CC)CCn1c(-c2cccc(/C=C/C(=O)NO)c2)nc2ccccc21,7.1,1
CHEMBL1095124,O=C(/C=C/c1cccc(-c2nc3ccccc3n2[C@@H]2CCCNC2)c1)NO,7.1,1
CHEMBL1094158,CN1CCCC(n2c(-c3cccc(/C=C/C(=O)NO)c3)nc3ccccc32)C1,7.1,1
CHEMBL1095764,CCN1CCCC(n2c(-c3cccc(/C=C/C(=O)NO)c3)nc3ccccc32)C1,7.1,1
CHEMBL1095765,CCN1CCC[C@@H](n2c(-c3cccc(/C=C/C(=O)NO)c3)nc3ccccc32)C1,7.1,1
CHEMBL1095135,CCN1CCC[C@H](n2c(-c3cccc(/C=C/C(=O)NO)c3)nc3ccccc32)C1,7.1,1
CHEMBL1096093,Cc1c(-c2ccccc2)nc(-c2cccc(/C=C/C(=O)NO)c2)n1[C@@H]1CCCN(C(C)C)C1,7.1,1
CHEMBL1096433,Cc1nc(-c2cccc(/C=C/C(=O)NO)c2)n(CCc2ccccc2)c1-c1ccccc1,7.1,1
CHEMBL1095118,Cc1nc(-c2cccc(/C=C/C(=O)NO)c2)n([C@@H]2CCCN(C)C2)c1-c1ccccc1,7.1,1
CHEMBL1095119,CCN1CCC[C@@H](n2c(-c3cccc(/C=C/C(=O)NO)c3)nc(C)c2-c2ccccc2)C1,7.1,1
CHEMBL1095437,Cc1c(Cc2ccccc2)nc(-c2cccc(/C=C/C(=O)NO)c2)n1CCN1CCOCC1,7.1,1
CHEMBL1095972,Cc1nc(-c2cccc(/C=C/C(=O)NO)c2)n(CCN2CCOCC2)c1Cc1ccccc1,7.1,1
CHEMBL1095400,Cc1nc(-c2ccccc2)n(CCc2ccccc2)c1-c1cccc(/C=C/C(=O)NO)c1,7.1,1
CHEMBL2425952,CCc1nc2c(Cc3ccc(C(=O)NO)cc3)cccc2c(=O)n1CCc1ccccc1,7.1,2
CHEMBL2431863,CC(C)(C)C(=O)NCc1ccc(C(=O)NO)cc1,7.1,1
CHEMBL3984639,CCOc1ccc(-c2ccc(C(=O)NO)cn2)cc1-c1nc2c(CC)nn(C)c2c(=O)[nH]1,7.1,1
CHEMBL4562244,CC(=O)N1CCc2c(c3ccccc3n2Cc2ccc(C(=O)NO)cc2)C1,7.1,1
CHEMBL4534503,CC(C)(C)OC(=O)NCc1cn(Cc2ccc(C(=O)NO)cc2)c2ccccc12,7.1,1
CHEMBL4541796,Cn1cncc1-c1cn(Cc2ccc(C(=O)NO)cc2)c2ccccc12,7.1,1
CHEMBL4740787,Cc1cc(C)cc(C(=O)N(Cc2ccc(C(=O)NO)cc2)Cc2nnnn2Cc2ccccc2)c1,7.1,1
CHEMBL4865650,O=C(NO)c1ccc(CN2CCCc3cc(F)c(Cl)cc32)cc1,7.1,2
CHEMBL5090592,Nc1nc2c(cnn2CCN2CCc3ccc(C(=O)NO)cc3C2)c2nc(-c3ccco3)nn12,7.1,1
CHEMBL5079915,CCc1c(C(=O)Nc2cc(/C=C/C(=O)NO)ccc2O)[nH]c(C)c1C(C)=O,7.1,1
CHEMBL5187984,C#CCN(C)CCCOc1cc(NC(=O)CCCCCCCC(=O)NO)ccc1Cl,7.1,1
CHEMBL5277907,O=C(NO)c1cnc(N2CCC(CN3CC(=O)N4C(Cc5c([nH]c6ccccc56)C4c4ccc5c(c4)OCO5)C3=O)CC2)nc1,7.1,1
CHEMBL5271192,CN(C)c1cccc2c(SNCCCCCC(=O)NO)cccc12,7.1,1
CHEMBL5563126,COc1cc(OC)c(/C=C/S(=O)(=O)Cc2ccc(OC)c(NC(=O)CCC(=O)NO)c2)c(OC)c1,7.1,1
CHEMBL5569895,O=C(COc1ccc2c(c1)OC1(CCN(Cc3cc(F)cc(F)c3)CC1)CC2=O)NO,7.1,1
CHEMBL5566291,O=C(COc1ccc2c(c1)OC1(CCN(Cc3cc(Cl)cc(Cl)c3)CC1)CC2=O)NO,7.1,1
CHEMBL5839429,CNc1ccccc1NC(=O)[C@@H]1CCC(=O)N1c1ccc(-c2noc(C(F)(F)F)n2)cc1,7.1,1
CHEMBL5986690,COc1ccc(OCc2ccc(-c3noc(C(F)(F)F)n3)c(F)c2)nc1,7.1,1
CHEMBL5830330,O=C([C@@H]1CCC(=O)N1c1cc(F)c(-c2noc(C(F)(F)F)n2)cc1F)N1CCCc2ccccc21,7.1,1
CHEMBL6176627,COc1nc(OCc2cccc(-c3ccccc3)c2C)ccc1CNCCCCCCC(=O)NO,7.1,1
CHEMBL511432,Nc1cccc(-c2csc(NC(=O)CCCCc3cc(C(=O)NO)no3)n2)c1,7.09,1
CHEMBL2386912,CC[C@@]1(O)C(=O)OCc2c1cc1n(c2=O)Cc2cc3cc(OCc4cn(CCCCCCC(=O)NO)nn4)ccc3nc2-1,7.09,1
CHEMBL3771189,O=C(NO)c1coc(-c2ccc(Cl)cc2)n1,7.09,1
CHEMBL4125815,O=C(NO)c1cccc2c1CN(c1nc3ccccc3[nH]1)CC2,7.09,1
CHEMBL4248226,COc1ccc2nc3cc(Cl)ccc3c(Nc3ccc(CCC(=O)NO)cc3)c2c1,7.09,1
CHEMBL4435005,O=C(Cc1ccccc1)Nc1ccc(C(=O)NO)nc1,7.09,2
CHEMBL5192423,Cc1cc(C)c(CNC(=O)c2cc(-c3ccc(N4CCN(C(=O)CCCCCCC(=O)NO)CC4)nc3)cc3c2cnn3C(C)C)c(=O)[nH]1,7.09,1
CHEMBL4217364,CCCc1nn(C)c2c(=O)[nH]c(-c3cc(CC4CC(C(=O)NO)C4)ccc3OCC)nc12,7.09,1
CHEMBL5410667,COc1ccc(-c2cnc(C(=O)NCCCCCCCC(=O)NO)s2)cc1,7.09,1
CHEMBL5597605,COc1cc(F)ccc1-c1cc(Nc2ccc(NC(=O)CCCCCCC(=O)NO)cc2)ncc1F,7.09,1
CHEMBL5952826,O=C(NO)c1ccc2nc(-c3ccc(-c4cccnc4)nc3)oc2c1,7.09,1
CHEMBL5882942,CN1CCN(c2ccc(-c3noc(C(F)(F)F)n3)cn2)C(c2cccc(F)c2)C1O,7.09,1
CHEMBL5992732,FC(F)(F)c1nc(-c2ccc(N3CCCC3c3ccncc3)nc2)no1,7.09,1
CHEMBL5778834,FC(F)(F)c1nc(-c2ccc(N3CCCC3c3cccnc3)nc2)no1,7.09,1
CHEMBL5831832,Cc1ncc(OCc2ccc(-c3noc(C(F)(F)F)n3)cn2)cn1,7.09,1
CHEMBL5917567,O=C(NCc1ccc(-c2noc(C(F)(F)F)n2)cc1)C1CCCC1,7.09,1
CHEMBL5822699,O=C(C1CCS(=O)(=O)CC1)N(Cc1ccc(-c2noc(C(F)(F)F)n2)cn1)c1ccccc1C(F)(F)F,7.09,1
CHEMBL6047938,Cc1ccnnc1OCc1ccc(-c2noc(C(F)(F)F)n2)c(F)c1,7.09,1
CHEMBL5945596,FC(F)(F)c1nc(-c2ccc(COc3ccc4ncnn4c3)nc2)no1,7.09,1
CHEMBL6038167,FC(F)(F)c1nc(-c2ccc(CNC3CCc4[nH]nc(C(F)(F)F)c4C3)cc2)no1,7.09,1
CHEMBL5915722,O=C1N(CC2CCOCC2)CC(c2ccccc2)N1c1ccc(-c2noc(C(F)(F)F)n2)cc1,7.09,1
CHEMBL6017518,CN(Cc1ccc(C(=O)NO)cc1)CC12CC3CC(CC(C3)C1)C2,7.09,1
CHEMBL5847878,CCS(=O)(=O)N(Cc1cc(-c2nnc(C(F)F)o2)no1)c1cccnc1,7.09,1
CHEMBL6149703,O=C(CCCCCONC(=O)c1nc(-c2cccs2)cs1)NO,7.09,1
CHEMBL2442796,COc1cc([C@@H]2c3cc4c(cc3[C@@H](Nc3ccccc3OCCCCC(=O)NO)[C@H]3COC(=O)[C@H]23)OCO4)cc(OC)c1O,7.08,1
CHEMBL3356935,O=C1CCC[C@@H](C(=O)N[C@@H](CCCCCS)C(=O)NCc2cccc(OCc3ccccc3)c2)N1,7.08,1
CHEMBL3759998,COc1cc(-c2cc(C(=O)NCCCCCCS)[nH]n2)cc(OC)c1OC,7.08,1
CHEMBL3925737,CCCc1nn(C)c2c(=O)[nH]c(-c3cc(S(=O)(=O)Nc4ccc(/C=C/C(=O)NO)cc4)ccc3OCC)nc12,7.08,1
CHEMBL3884279,Cc1ccc(-c2cc(C(=O)NCCCCCCC(=O)NO)nn2-c2ccc(S(N)(=O)=O)cc2)cc1,7.08,1
CHEMBL3693770,Cc1cccc(C)c1N(c1ccc(C(=O)N(C)CCCCCCC(=O)NO)cc1)c1ncccn1,7.08,4
CHEMBL3640649,COC(c1ccc(C(=O)N(C)CCCCCCC(=O)NO)cc1)(c1ccccc1F)c1ccccc1F,7.08,4
CHEMBL3640661,CN(CCCCCCC(=O)NO)C(=O)c1ccc(C(O)(c2ccc(F)cc2)c2ccccn2)cc1,7.08,4
CHEMBL4283931,CCCN1CC(=O)N2[C@@H](Cc3c(n(Cc4ccc(C(=O)NO)cc4)c4ccccc34)[C@@H]2C)C1=O,7.08,1
CHEMBL4518616,CC(C)CCc1c(OCCCCOc2ccc(/C=C/C(=O)NO)cc2)ccc2c1OC(=O)CC2,7.08,1
CHEMBL4785871,C#CCn1c(=O)c(OCc2ccc(C(=O)NO)cc2)c(-c2ccccc2)c2ccccc21,7.08,1
CHEMBL4743692,O=C(NO)c1ccc(COc2c(-c3ccccc3)c3ccccc3n(Cc3ccncc3)c2=O)cc1,7.08,1
CHEMBL3907479,Cc1nc2ccc(-n3ncc(C(=O)c4cc5ccccc5[nH]4)c3N)cc2[nH]1,7.08,1
CHEMBL4873493,CCC(=O)CCCCC[C@H](NC(=O)[C@H]1CC12CCN(CC)CC2)c1ncc(-c2cc3cccnc3cc2OC)o1,7.08,1
CHEMBL4870578,COc1cc2nc(-c3ccc(C)o3)cc(NCC3CCN(Cc4ccc(C(=O)NO)cc4)CC3)c2cc1OC,7.08,1
CHEMBL4878639,Cc1ccc(CC2(c3ccccc3)NC(=O)N(Cc3ccc(C(=O)NO)cc3)C2=O)cc1,7.08,1
CHEMBL4850396,Cc1ccc2c(c1)c1c(n2Cc2ccc(C(=O)NO)cn2)CCN(C)C1,7.08,1
CHEMBL5219811,CCC(=O)CCCCC[C@H](NC(=O)[C@H]1CC12CCN(C)CC2)c1ncc(-c2ccc3nccnc3c2)[nH]1,7.08,1
CHEMBL5220715,CCC(=O)CCCCC[C@H](NC(=O)[C@H]1CC12CCN(CC)CC2)c1ncc(-c2cc3cccnc3nc2OC)o1,7.08,1
CHEMBL5567484,C[C@@H](COCCC(=O)N1CCN(c2ncc(C(=O)NO)cn2)CC1)Nc1cn[nH]c(=O)c1C(F)(F)F,7.08,1
CHEMBL5896513,CS(=O)(=O)Nc1cccc(CC(Nc2ncc(-c3nnc(C(F)F)o3)cn2)c2ccc(F)cc2)c1,7.08,1
CHEMBL6050441,Fc1cc(COc2cccnn2)ccc1-c1noc(C(F)(F)F)n1,7.08,1
CHEMBL5832642,Cc1ccc(OCc2ccc(-c3noc(C(F)(F)F)n3)c(F)c2)nn1,7.08,1
CHEMBL5815973,Fc1cc(COc2cnc(C3CC3)nc2)ccc1-c1noc(C(F)(F)F)n1,7.08,1
CHEMBL5906239,Cc1cnc(COc2nccc(-c3noc(C(F)(F)F)n3)c2Cl)cn1,7.08,1
CHEMBL6048225,Cc1ccc2c3c(nn2c1)CCC(NCc1ccc(-c2noc(C(F)(F)F)n2)cc1)C3,7.08,2
CHEMBL5894399,Fc1ccccc1NCc1ccc(-c2noc(C(F)(F)F)n2)cc1,7.08,1
CHEMBL6027678,O=C(NO)c1ccc(CNCC2CCCCC2)cc1,7.08,1
CHEMBL5941135,CCS(=O)(=O)N(Cc1ncc(-c2nnc(C(F)(F)F)o2)s1)c1cccc(F)c1,7.08,1
CHEMBL6177687,CNC(=O)CCCCOc1nc(-c2ccc(OC)cc2)cc(-c2cc(OC)c(OC)c(OC)c2)c1C#N,7.08,1
CHEMBL1630109,O=C(/C=C/c1cccc(-c2ccc3ncnc(Nc4ccc(OCc5cccc(F)c5)c(Cl)c4)c3c2)c1)NO,7.07,2
CHEMBL2347008,CC(C)c1c(C(=O)Nc2ccccc2)c(-c2ccccc2)c(-c2ccc(F)cc2)n1CC[C@@H](O)C[C@@H](O)CC(=O)NO,7.07,2
CHEMBL2386905,CCc1c2c(nc3ccc(OCc4cn(CCCC(=O)NO)nn4)cc13)-c1cc3c(c(=O)n1C2)COC(=O)[C@]3(O)CC,7.07,1
CHEMBL3309284,Cn1c(=O)ccc2cc(C(=O)NCCCCCCC(=O)NO)ccc21,7.07,1
CHEMBL4073888,Cc1c(CN(C)C)c2ccccc2n1S(=O)(=O)c1cccc(/C=C/C(=O)NO)c1,7.07,1
CHEMBL4520110,Nc1ccc(CCc2nc(CCC(=O)NO)cs2)cc1,7.07,1
CHEMBL4563091,O=C(NO)c1ccc(N(Cc2ccc(C(F)(F)F)cc2)C(=O)CN(Cc2c(F)c(F)c(F)c(F)c2F)S(=O)(=O)c2ccc(F)cc2)cc1,7.07,1
CHEMBL4782170,O=C(NO)c1ccc(Cn2c(=O)c(OCc3ccccc3)c(-c3ccccc3)c3ccccc32)cc1,7.07,1
CHEMBL4862549,Nc1nc2cc(-c3nn(CC4CCN(c5ncc(C(=O)NO)cn5)CC4)c4ncnc(N)c34)ccc2o1,7.07,1
CHEMBL5093798,Cl.Cn1cc(CN2CC3(CCN(c4ncc(C(=O)NO)cn4)C3)C2)c2ccc(C#N)cc21,7.07,1
CHEMBL5437381,O=C(NO)c1ccc(CNC2CCCc3cccnc32)cc1,7.07,1
CHEMBL5631614,Nc1nc(Cl)c2ncn(Cc3ccc(-c4noc(C(F)(F)F)n4)cc3F)c2n1,7.07,1
CHEMBL5904615,CN(CC(Nc1ncc(-c2nnc(C(F)F)o2)cn1)c1ccc(OC(F)F)cc1F)S(=O)(=O)C1CC1,7.07,1
CHEMBL5774666,CS(=O)(=O)N(C[C@@H](Nc1ncc(-c2nnc(C(F)F)o2)cn1)c1ccc(F)c(F)c1)CC(F)(F)F,7.07,1
CHEMBL5809609,COc1ccc(F)cc1-c1cc2cc(C(=O)NO)ccc2s1,7.07,1
CHEMBL6022357,CS(=O)(=O)Nc1ccc(-c2cc3cc(C(=O)NO)ccc3s2)cc1,7.07,1
CHEMBL5788139,O=C(NO)c1ccc2nc(N3CCN(c4ccc(F)cc4)CC3)[nH]c2c1,7.07,1
CHEMBL5807868,FC(F)(F)c1nc(-c2ccnc(OCc3ccnn3-c3cccnc3)c2)no1,7.07,1
CHEMBL5762759,FC(F)(F)c1nc(-c2ccnc(OCc3cncc(N4CCNCC4)n3)c2)no1,7.07,1
CHEMBL5946409,Fc1cc(COc2nnc(C3CC3)o2)ccc1-c1noc(C(F)(F)F)n1,7.07,1
CHEMBL5861276,FC(F)(F)c1nc(-c2ccc(CNC3CCN(c4ncccn4)C3)cc2)no1,7.07,1
CHEMBL5792544,O=C(NO)c1ccc2c(c1)CN(C(=O)CCCNC1CC1c1ccc(F)cc1)CC2,7.07,1
CHEMBL5758193,O=C1OC[C@@H](c2ccccc2)N1c1ncc(-c2nnc(C(F)F)o2)s1,7.07,1
CHEMBL5928528,O=S(=O)(C(F)F)N(Cc1ncc(-c2nnc(C(F)F)o2)s1)c1ccc(F)cn1,7.07,1
CHEMBL6009402,CS(=O)(=O)N(Cc1ncc(-c2nnc(C(F)(F)F)o2)s1)c1cncc(C2CC2)c1,7.07,1
CHEMBL227118,O=C(CCCCCNC(=O)NC12CC3CC(CC(C3)C1)C2)NO,7.06,2
CHEMBL2431901,Cn1cccc1C(=O)N1CCc2cc(C(=O)NO)ccc2C1,7.06,4
CHEMBL2442794,COc1cc([C@@H]2c3cc4c(cc3[C@@H](Nc3ccc(OCCCCC(=O)NO)cc3)[C@H]3COC(=O)[C@H]23)OCO4)cc(OC)c1O,7.06,1
CHEMBL3356930,O=C(CCCCCCS)NC1CCCC1,7.06,1
CHEMBL3954968,CCCc1nn(C)c2c(=O)[nH]c(-c3cc(S(=O)(=O)N4CCC(CCC(=O)NO)CC4)ccc3OCC)nc12,7.06,1
CHEMBL3693709,CC(C)c1cccc(C(C)C)c1Nc1ccc(C(=O)NCCCCCCC(=O)NO)cc1,7.06,4
CHEMBL3968415,CC(C)Cc1sc(-c2nccs2)nc1C(=O)NCCCNC(=O)CS,7.06,1
CHEMBL4082812,Cc1ccccc1Nc1ncnc2cc(NC(=O)CCCCCCC(=O)NO)sc12,7.06,1
CHEMBL4070891,COc1ccc(C(=O)N[C@H](COc2ccc(/C=C/C(=O)NO)cc2OC)Cc2c[nH]c3ccccc23)cc1,7.06,1
CHEMBL4070306,O=C(CCCCCCCCCCn1cc(-c2ncnc3[nH]ccc23)cn1)NO,7.06,1
CHEMBL4204146,CCCc1nn(C)c2c(=O)[nH]c(-c3cc(Cc4ccc(C(=O)NO)cc4F)ccc3OCC)nc12,7.06,1
CHEMBL4285869,CCCCC(CCCC(=O)Nc1ccccc1)CCC(=O)NO,7.06,1
CHEMBL5079677,O=C(CCCCCCn1cc(Nc2ncc3ccn(CC4CCCCC4)c3n2)cn1)NO,7.06,1
CHEMBL5218671,N#Cc1c(N)nc(N)nc1N1C[C@H](OC(=O)NCc2ccc(C(=O)NO)cc2)C[C@H]1c1nc2cccc(Cl)c2c(=O)n1-c1ccccc1,7.06,1
CHEMBL5880232,Fc1ccc(C2(Nc3ncc(-c4nnc(C(F)F)o4)cn3)CC2)c(C(F)(F)F)c1,7.06,1
CHEMBL5823248,FC(F)(F)c1nc(-c2ccnc(OCc3ncccc3Cl)c2)no1,7.06,1
CHEMBL5813018,Fc1cc(COc2cccc(Cl)n2)ccc1-c1noc(C(F)(F)F)n1,7.06,1
CHEMBL6055161,O=C(NO)c1cnc(N2CCC(CNC3CC3c3ccc(F)cc3)CC2)nc1,7.06,1
CHEMBL5844676,O=C(c1cccnc1)N(Cc1ncc(-c2nnc(C(F)F)o2)s1)c1cccc(C(F)(F)F)c1,7.06,1
CHEMBL6011668,CCCS(=O)(=O)N(Cc1ncc(-c2nnc(C(F)(F)F)o2)s1)c1cncc(Cl)c1,7.06,1
CHEMBL5835894,CCS(=O)(=O)N(Cc1cnc(-c2nnc(C(F)F)o2)s1)c1cncc(F)c1,7.06,1
CHEMBL6103338,C=C1C(=O)O[C@@H]2C[C@@]3(C)CC[C@@H](OC(=O)CNC(=O)c4ccc(C(=O)NO)cc4)C(=C)[C@@H]3C[C@H]12,7.06,1
CHEMBL6134660,C=C1C(=O)O[C@@H]2C[C@@]3(C)CC[C@@H](OC(=O)[C@@H](C)NC(=O)c4cccc(/C=C/C(=O)NO)c4)C(=C)[C@@H]3C[C@H]12,7.06,1
CHEMBL6177555,COc1nc(OCc2cccc(-c3ccccc3)c2C)ccc1CNCCCCC(=O)NO,7.06,1
CHEMBL455735,CC[C@H]1OC(=O)[C@H](C)[C@@H](O[C@H]2C[C@@](C)(OC)[C@@H](O)[C@H](C)O2)[C@H](C)[C@@H](O[C@@H]2O[C@H](C)C[C@H](N(C)Cc3ccc(-c4cn(CCCCCCC(=O)NO)nn4)cc3)[C@H]2O)[C@](C)(OC)C[C@@H](C)C(=O)[C@H](C)[C@@H](O)[C@]1(C)O,7.05,1
CHEMBL521652,Cc1ccc(NC(=O)c2ccc(C(=O)NO)cc2)cc1Nc1ncc(-c2cccnc2)s1,7.05,1
CHEMBL497332,CN(Cc1ccc2nccnc2c1)C(=O)c1ccc(C(=O)C(F)(F)F)s1,7.05,3
CHEMBL482096,CCSC(=S)SCC(=O)c1cccc(NC(=O)c2cnc3ccccc3c2)c1,7.05,1
CHEMBL481136,CCOC(=S)SCC(=O)c1ccc(NC(C)=O)cc1,7.05,1
CHEMBL2442698,COc1cc([C@@H]2c3cc4c(cc3[C@@H](Nc3ccc(NC(=O)CCCCCCC(=O)NO)cc3)[C@H]3COC(=O)[C@H]23)OCO4)cc(OC)c1O,7.05,1
CHEMBL3415454,O=C(NO)c1ccc(NC2CCN(c3cccc(Cl)c3)C2=O)cc1,7.05,1
CHEMBL3675747,O=C(CCCCCn1c2c(c3ccccc31)CCCC2)NO,7.05,2
CHEMBL3758354,O=C(O)CCCn1nc(-c2ccc(F)cc2)cc1C(=O)NCCCCCCS,7.05,1
CHEMBL3771366,CC(C)Cc1sc(-c2nccs2)nc1C(=O)NCCCCC(=O)C(F)(F)F,7.05,1
CHEMBL3771326,O=C(NO)c1coc(-c2ccc(-c3ccccc3)cc2)n1,7.05,1
CHEMBL3769820,O=C(NO)c1coc(-c2ccc3ccccc3c2)n1,7.05,1
CHEMBL3798183,Cc1ccc(C(=O)NO)cc1NC(=O)c1ccc2ccccc2n1,7.05,1
CHEMBL3800615,O=C(NO)c1ccc(Cl)c(NC(=O)c2ccc(Cl)cc2)c1,7.05,1
CHEMBL3899814,CCCc1nn(C)c2c(=O)[nH]c(-c3cc(S(=O)(=O)N4CCN(Cc5ccc(/C=C/C(=O)NO)cc5)CC4)ccc3OCC)nc12,7.05,1
CHEMBL4094410,CN(C)Cc1cn(S(=O)(=O)c2cccc(/C=C/C(=O)NO)c2)c2ccccc12,7.05,1
CHEMBL4212445,CCCc1nn(C)c2c(=O)[nH]c(-c3cc(C(O)c4ccc(C(=O)NO)cc4)ccc3OCC)nc12,7.05,1
CHEMBL5073322,CN1c2ccc(F)cc2C(=O)N2CCc3c([nH]c4ccc(OCc5ccc(/C=C/C(=O)NO)cc5)cc34)C21,7.05,1
CHEMBL5193384,C#CCN(C)CCCOc1cccc(NC(=O)CCCCCCC(=O)NO)c1Cl,7.05,1
CHEMBL5285262,O=C(NO)c1ccc(CN2CCN(C(=O)c3cc4ccccc4[nH]3)CC2)cc1,7.05,1
CHEMBL5395395,O=C(NCC12C[C@H]3C[C@@H](C1)C[C@@H](C2)C3)c1ccc2c(ccn2Cc2ccc(C(=O)NO)c(O)c2)c1,7.05,1
CHEMBL5973159,CN(CC(Nc1ncc(-c2nnc(C(F)F)o2)cn1)c1ccc(OC(F)(F)F)cc1)S(=O)(=O)C1CC1,7.05,1
CHEMBL5959499,O=C1CCC(c2cccc(Cl)c2)N1c1ccc(-c2noc(C(F)(F)F)n2)cc1F,7.05,1
CHEMBL5874891,CCn1cc(CCCOc2cc(-c3noc(C(F)(F)F)n3)ccn2)cn1,7.05,1
CHEMBL5957768,NC(=O)c1cccc(CCOc2cc(-c3noc(C(F)(F)F)n3)ccn2)c1,7.05,1
CHEMBL5912957,O=C(NO)c1ccc(CNCC23CC4CC(CC(C4)C2)C3)cc1F,7.05,1
CHEMBL5883850,C[C@@H]1CC(=O)N(Cc2ncc(-c3nnc(C(F)F)o3)s2)c2cnccc21,7.05,1
CHEMBL6057981,CCS(=O)(=O)N(Cc1cnc(-c2nnc(C(F)F)o2)s1)c1cccc(Cl)c1,7.05,1
CHEMBL6150434,COc1ccc2c(CN[C@H]3CC[C@@H](Nc4ncc(C(=O)NO)cn4)CC3)cn(C)c2c1.Cl,7.05,1
CHEMBL6147658,Cc1c(F)c(N)cc(C(=O)Nc2cc(-c3ccc(NC(=O)CCCCC(=O)NO)cc3)ccc2N2CCN(C)CC2)c1Cl,7.05,1
CHEMBL6176818,COc1nc(-c2cccc(-c3ccccc3)c2C)ccc1CNCCCCC(=O)NO,7.05,1
CHEMBL6166761,COc1nc(-c2cccc(-c3ccccc3)c2C)ccc1CNCCCCCC(=O)NO,7.05,1
CHEMBL475051,O=C(NO)c1ccc(C(=O)Nc2cccc(Nc3ncc(-c4cccnc4)s3)c2)cc1,7.04,1
CHEMBL2431920,CC(C)(C)C(=O)N1CCc2sc(C(=O)NO)cc2C1,7.04,2
CHEMBL3311473,CC1(C)CC(=O)Nc2ccc(C(=O)NCCCCCCC(=O)NO)cc21,7.04,1
CHEMBL3759941,O=C(NCCCCCCS)c1ccn[nH]1,7.04,1
CHEMBL3900593,CCOc1ccc(CC2CC(C(=O)NO)C2)cc1-c1nc2c(CC)nn(C)c2c(=O)[nH]1,7.04,1
CHEMBL3883667,Cc1ccc(-c2cc(C(=O)NCCCCCC(=O)NO)nn2-c2ccc(S(N)(=O)=O)cc2)cc1,7.04,1
CHEMBL3693791,O=C(CCCCCCNC(=O)c1ccc(C(c2ccccc2)c2ccccc2)cc1)NO,7.04,4
CHEMBL3640663,COC(c1ccc(F)cc1)(c1ccc(C(=O)N(C)CCCCCCC(=O)NO)cc1)c1ccccn1,7.04,4
CHEMBL3948298,Cc1csc(-c2nc(C(=O)NCCCCC(=O)NO)c(C3CC3)s2)n1,7.04,1
CHEMBL4641299,CCC(=O)CCCCC[C@H](NC(=O)[C@H]1CC12CCN(C)CC2)c1nnc(-c2cc3ccccc3nc2OC)[nH]1,7.04,1
CHEMBL4865529,O=C(NO)c1ccc(CN2C(=O)NC(Cc3cccc4ccccc34)(c3ccccc3)C2=O)cc1,7.04,1
CHEMBL5189806,O=C(NO)c1ccc(CC(=O)N2CCC(N3CC(c4ccccc4)(c4ccccc4)C3=O)CC2)cc1,7.04,1
CHEMBL5267379,O=C(NO)c1ccc(Cn2cncn2)cc1,7.04,1
CHEMBL5281527,CC1(C)c2ccccc2N(Cc2ccc(C(=O)NO)cc2)[C@H]1c1cccnc1,7.04,1
CHEMBL5593279,O=C(CCCOc1ccc(-c2sc3cc(O)ccc3c2C(=O)c2ccc(OCCN3CCCCC3)cc2)cc1)NO,7.04,1
CHEMBL5934738,Fc1cccc(F)c1C(CC(F)(F)F)Nc1ncc(-c2nnc(C(F)F)o2)cn1,7.04,1
CHEMBL6008010,O=C(NO)c1ccc2oc(-c3ccccc3CO)cc2c1,7.04,1
CHEMBL5965166,CC(C)(C)NC(=O)[C@@H]1CCC(=O)N1c1ccc(-c2noc(C(F)(F)F)n2)cc1,7.04,1
CHEMBL5779364,OCC1CC(c2ccccc2)N(c2ccc(-c3noc(C(F)(F)F)n3)cn2)C1,7.04,1
CHEMBL5961748,CCNC(=O)N(Cc1ccc(-c2noc(C(F)(F)F)n2)cc1)c1cccc(C(F)(F)F)c1,7.04,1
CHEMBL5856437,Cc1cnc(COc2cc(-c3noc(C(F)(F)F)n3)ccn2)cn1,7.04,1
CHEMBL5880824,Cn1nc(COc2cc(-c3noc(C(F)(F)F)n3)ccn2)cc1C(C)(C)C,7.04,1
CHEMBL5995237,Cc1nccc(OCc2ccc(-c3noc(C(F)(F)F)n3)c(F)c2)n1,7.04,1
CHEMBL5860772,Cn1cnc2cc(COc3nccc(-c4noc(C(F)(F)F)n4)c3Cl)ccc21,7.04,1
CHEMBL6004594,FC(F)(F)c1nc(-c2ccnc(OCc3nccnc3Cl)c2Cl)no1,7.04,1
CHEMBL5865215,O=C1NCC(c2ccccc2)N1c1ccc(-c2noc(C(F)(F)F)n2)cn1,7.04,1
CHEMBL5911830,FC(COc1cc(-c2noc(C(F)(F)F)n2)ccn1)CN1CCOCC1,7.04,1
CHEMBL5795585,FC(F)(F)c1nc(-c2ccc(CNc3c[nH]nn3)nc2)no1,7.04,1
CHEMBL5997994,O=C(NO)c1cnc(N2CCC(CN[C@H]3C[C@@H]3c3ccc(F)cc3)CC2)nc1,7.04,1
CHEMBL5910695,N#Cc1cncc(N(Cc2ncc(-c3nnc(C(F)F)o3)s2)S(=O)(=O)CCN2CCOCC2)c1,7.04,1
CHEMBL6151016,CCCc1cc(C(=O)NC2CCOCC2)nn1Cc1ccc(C(=O)NO)cc1,7.04,1
CHEMBL471043,COC(=O)c1ccc(CO/N=C/c2ccc(/C=C/C(=O)NO)cc2)cc1,7.03,1
CHEMBL487615,CCNC(=S)SCC(=O)c1ccc(OC)cc1,7.03,1
CHEMBL1798007,CC[C@H](C)[C@@H](CN1Cc2cc(OCC(=O)NO)ccc2C[C@H]1C(=O)Nc1ccc(OC)cc1)NC(=O)OC(C)(C)C,7.03,1
CHEMBL2431862,Cn1cccc1C(=O)NCc1ccc(C(=O)NO)cc1,7.03,4
CHEMBL3354913,COc1ccc(C(=O)N[C@H](COc2cccc(/C=C/C(=O)NO)c2)Cc2c[nH]c3ccccc23)cc1,7.03,1
CHEMBL3745758,COc1ccc(-c2nc(NC(=O)NCCCCC(=O)NO)cc3c2[nH]c2ccccc23)cc1,7.03,1
CHEMBL3964033,O=C(CCCCCn1cc(-c2ccc3ncnc(Nc4ccc(OCc5cccc(F)c5)c(Cl)c4)c3c2)nn1)NO,7.03,1
CHEMBL4561439,O=C(NO)c1ccc(N(Cc2ccc(C(F)(F)F)cc2)C(=O)CN(Cc2ccccc2C(F)(F)F)S(=O)(=O)c2ccc(F)cc2)cc1,7.03,1
CHEMBL4872845,CC12CC3CC(C)(C1)CC(NS(=O)(=O)c1cccc(/C=C/C(=O)NO)c1)(C3)C2,7.03,1
CHEMBL5081983,COc1ccc(F)cc1-c1cncc(/C=C/c2ccc(C(=O)NO)cc2)c1,7.03,1
CHEMBL5517643,Cc1c2ccc(Nc3ccnc(Nc4ccc(NC(=O)CCCCCCC(=O)NO)cc4)n3)cc2nn1C,7.03,1
CHEMBL5572950,Cc1c2ccc(N(C)c3ccnc(Nc4ccc(NC(=O)CCCCCCC(=O)NO)cc4)n3)cc2nn1C,7.03,1
CHEMBL5597651,COc1cc(F)ccc1-c1cc(Nc2cnn(CCCCCCC(=O)NO)c2)ncc1F,7.03,1
CHEMBL5632170,Nc1nc(Cl)c2ncn(Cc3ccc(-c4noc(C(F)(F)F)n4)c(Cl)c3)c2n1,7.03,1
CHEMBL5805911,CC(=O)N(C)C[C@H](Nc1ncc(-c2nnc(C(F)F)o2)cn1)c1ccc(F)cc1,7.03,1
CHEMBL6058072,CCn1cc(COc2cc(-c3noc(C(F)(F)F)n3)ccn2)c(C)n1,7.03,1
CHEMBL6048200,Fc1cc(COc2nc[nH]n2)ccc1-c1noc(C(F)(F)F)n1,7.03,1
CHEMBL6009283,Cc1csc(OCc2ccc(-c3noc(C(F)(F)F)n3)c(F)c2)n1,7.03,1
CHEMBL6046617,Fc1cc(COc2ccc(Cl)nc2)ccc1-c1noc(C(F)(F)F)n1,7.03,1
CHEMBL5912534,CN1CCOC(CNCc2ccc(-c3noc(C(F)(F)F)n3)cn2)C1,7.03,1
CHEMBL6033510,CCS(=O)(=O)N(Cc1ncc(-c2nnc(C(F)F)o2)s1)c1cc2n(n1)CCOC2,7.03,1
CHEMBL4299456,CC[C@H]1OC(=O)[C@@H](C)[C@H](O[C@H]2C[C@@](C)(OC)[C@](O)(CN(C)Cc3ccc(-c4cn(CCCCC(=O)NO)nn4)cc3)[C@H](C)O2)[C@H](C)[C@H](O[C@H]2O[C@@H](C)C[C@@H](N(C)C)[C@@H]2O)[C@@](C)(O)C[C@H](C)CN(C)[C@@H](C)[C@H](O)[C@@]1(C)O,7.02,1
CHEMBL3693794,CCOC(c1ccccc1)(c1ccccc1)c1ccc(C(=O)NCCCCCCC(=O)NO)cc1,7.02,8
CHEMBL4079799,Cc1c(CN(C)C)c2ccccc2n1Cc1ccc(/C=C/C(=O)NO)cc1,7.02,1
CHEMBL4283418,O=C(CC[C@H](CCCC(=O)Nc1ccccc1)Cc1ccccc1)NO,7.02,1
CHEMBL4458196,O=C(CCCc1csc(CCc2ccccc2)n1)NO,7.02,1
CHEMBL4563988,COC(=O)c1ccc2ccccc2c1OCCCCCCCC(=O)NO,7.02,1
CHEMBL4635878,CCC(=O)CCCCC[C@H](NC(=O)[C@H]1CC12CCN(CC)CC2)c1nnc(-c2cc3ccccc3nc2OC)[nH]1,7.02,1
CHEMBL5834555,Fc1ccc(-c2ccc(C3(Nc4ncc(-c5nnc(C(F)F)o5)cn4)CC3)cc2)cc1,7.02,1
CHEMBL5981703,CC(C)C(Nc1ncc(-c2nnc(C(F)F)o2)cn1)c1ccc(F)cc1,7.02,1
CHEMBL6010965,COc1ccc(-c2cc3cc(C(=O)NO)ccc3o2)cn1,7.02,1
CHEMBL6006439,O=C(NCc1ccc(-c2noc(C(F)(F)F)n2)cc1)c1cc(N2CCOCC2)ccn1,7.02,1
CHEMBL6021322,FC(F)(F)c1nc(-c2ccnc(OCc3cncc(Cl)n3)c2)no1,7.02,1
CHEMBL5773854,FC(F)(F)c1nc(-c2ccnc(OCc3ccn(C4CC4)n3)c2)no1,7.02,1
CHEMBL5802645,Cn1nccc1OCc1ccc(-c2noc(C(F)(F)F)n2)c(F)c1,7.02,1
CHEMBL5967136,Cc1cc(OCc2ccc(-c3noc(C(F)(F)F)n3)c(F)c2)cc(C)n1,7.02,1
CHEMBL5865684,Fc1cc(COc2cccc3c2CNCC3)ccc1-c1noc(C(F)(F)F)n1,7.02,1
CHEMBL6004937,Cc1cncc(OCc2ccc(-c3noc(C(F)(F)F)n3)c(F)c2)c1,7.02,1
CHEMBL5916341,O=C1CCc2cccnc2N1Cc1ccc(-c2noc(C(F)(F)F)n2)cn1,7.02,1
CHEMBL5867468,Cn1cc(CCCOc2cc(-c3noc(C(F)(F)F)n3)ccn2)cn1,7.02,1
CHEMBL6149218,O=C(/C=C/c1cccc(S(=O)(=O)NC[C@H]2CN(c3ccc(N4CCOCC4)c(F)c3)C(=O)O2)c1)NO,7.02,1
CHEMBL270224,[N-]=[N+]=Nc1ccc(C(=O)NC(CCCCNC(=O)CCCCC2SCC3NC(=O)NC32)C(=O)NCCSSCCC(=O)NCCCCCCN(CCc2c[nH]c3ccccc23)Cc2ccc(/C=C/C(=O)NO)cc2)cc1,7.01,1
CHEMBL2436595,CC(C)[C@@H]1NC(=O)[C@]2(C)CSC(=N2)c2coc(n2)CNC(=O)C[C@@H](/C=C/CCS)OC1=O,7.01,1
CHEMBL3763386,C/C(=N\N(C)C(=O)c1ccc(N(C)C)cc1)c1ccc(C(=O)NO)cc1,7.01,1
CHEMBL4062908,CCc1ccc(Nc2ncnc3cc(NC(=O)CCCCCCC(=O)NO)sc23)cc1,7.01,1
CHEMBL4203741,O=C(NO)c1ccc(C(=O)Nc2n[nH]c3cc(-c4ccc(Cl)c(F)c4)ccc23)cc1,7.01,1
CHEMBL4214135,CCCc1nc(C)c2c(=O)[nH]c(-c3cc(Cc4ccc(C(=O)NO)s4)ccc3OCC)nn12,7.01,1
CHEMBL4440734,COc1cc(CCc2nc(CCC(=O)NO)cs2)cc(OC)c1OC,7.01,1
CHEMBL4788731,O=C(NO)c1ccc(NC(=O)c2ccc(N3CCOCC3)cc2)cc1,7.01,1
CHEMBL4784631,COc1cc(OC)c2c(N3CCOC[C@@H]3C)nc(-c3cc(C)c(OCCCCCC(=O)NO)c(C)c3)nc2c1,7.01,1
CHEMBL4852645,O=C(NO)c1ccc(CN2CCCc3cc(Cl)c(Cl)cc32)cc1,7.01,2
CHEMBL5419989,COc1ccc2c3c(oc2c1)CN([C@@H](Cc1ccccc1)C(=O)Nc1ccc(C(=O)NO)cc1)CC3,7.01,1
CHEMBL6003526,FC(F)(F)c1nc(-c2ccnc(OCc3cnc4ccccc4c3)c2)no1,7.01,2
CHEMBL5779972,CN(C)c1cccc(COc2cc(-c3noc(C(F)(F)F)n3)ccn2)n1,7.01,1
CHEMBL5974385,FC(F)(F)c1nc(-c2ccc(N3CCCC3c3ccccn3)nc2)no1,7.01,1
CHEMBL5747448,FC(F)(F)c1nc(-c2ccnc(OCc3c(Cl)nc4sccn34)c2)no1,7.01,1
CHEMBL5966374,CC(C)n1ccc(COc2cc(-c3noc(C(F)(F)F)n3)ccn2)n1,7.01,1
CHEMBL5740605,Fc1ccccc1OCc1cc(-c2noc(C(F)(F)F)n2)ccn1,7.01,1
CHEMBL5769685,FC(F)(F)c1nc(-c2ccc(COc3cc(Cl)ncn3)nc2)no1,7.01,1
CHEMBL6062795,CC1(C)CCCN1C(=O)[C@@H]1CCC(=O)N1c1ccc(-c2noc(C(F)(F)F)n2)c(F)c1,7.01,1
CHEMBL5994722,FC(F)(F)c1nc(-c2ccc(CNc3cc[nH]n3)nc2)no1,7.01,1
CHEMBL5807758,CCS(=O)(=O)N(Cc1ncc(-c2nnc(C(F)F)o2)s1)c1ccnnc1,7.01,1
CHEMBL494331,NS(=O)(=O)NCCCC[C@H](NC(=O)OCc1ccccc1)c1nc2ccccc2[nH]1,7.0,1
CHEMBL1098042,O=C(/C=C/c1cccc(-c2nc3ccccc3[nH]2)c1)NO,7.0,1
CHEMBL1097017,CC(C)n1c(-c2cccc(/C=C/C(=O)NO)c2)nc2ccccc21,7.0,1
CHEMBL1096022,CC(C)N(CCn1c(-c2cccc(/C=C/C(=O)NO)c2)nc2ccccc21)C(C)C,7.0,1
CHEMBL1099094,O=C(/C=C/c1cccc(-c2nc3ccccc3n2-c2ccc(Cl)cc2)c1)NO,7.0,1
CHEMBL1094159,CN1CCC[C@@H](n2c(-c3cccc(/C=C/C(=O)NO)c3)nc3ccccc32)C1,7.0,1
CHEMBL1095136,CCN1CCC[C@@H](n2c(-c3cccc(/C=C/C(=O)NO)c3)nc(-c3ccccc3)c2C)C1,7.0,1
CHEMBL1095120,Cc1nc(-c2cccc(/C=C/C(=O)NO)c2)n([C@@H]2CCCN(C(C)C)C2)c1-c1ccccc1,7.0,1
CHEMBL1094077,CCN1CCC[C@@H](n2c(-c3cccc(/C=C/C(=O)NO)c3)nc(Cc3ccccc3)c2C)C1,7.0,1
CHEMBL3415621,N#Cc1ccc(N2CCC(Nc3ccc(C(=O)NO)cc3)C2=O)cc1,7.0,1
CHEMBL3601775,COc1ccc(Cn2ccc3ccc(NC(=O)CCCCCCC(=O)NO)cc3c2=O)c(OC)c1,7.0,1
CHEMBL3693776,CN(CCCCCCC(=O)NO)C(=O)c1ccc(N(C(=O)c2ccccc2)c2ccccc2)cc1,7.0,4
CHEMBL3640652,COC(c1ccc(C(=O)NCCCCCCC(=O)NO)cc1)(c1ccc(F)cc1F)c1ccc(F)cc1F,7.0,4
CHEMBL4467027,O=C(CCc1csc(CCc2ccco2)n1)NO,7.0,1
CHEMBL4469656,O=C(NO)c1ccc2c(c1)CC1(CC2)CCN(Cc2ccccc2OC(F)(F)F)C1=O,7.0,1
CHEMBL4447120,O=C(NO)c1ccc2c(c1)CC1(CC2)CCN(Cc2cc(Cl)ccc2Cl)C1=O,7.0,1
CHEMBL4796905,O=C(NO)c1ccc(CCCN2CCC(CN[C@H]3C[C@@H]3c3ccc(-c4ccc(C(F)(F)F)nc4)cc3)CC2)cc1,7.0,1
CHEMBL4752076,O=C(NO)c1ccc(CNCc2nnnn2Cc2ccccc2)cc1,7.0,1
CHEMBL4780849,O=C(NO)c1ccc(CNC(c2ccccc2)c2nnnn2Cc2ccccc2)cc1,7.0,1
CHEMBL4853358,O=C(NO)c1ccc(CN2CCCc3ccccc3C2)cc1,7.0,1
CHEMBL5206736,COC1=CC(OCc2cccc(-c3ccc4c(c3)OCCO4)c2C)=CC(OC)C1CNCCCCCCC(=O)NO,7.0,1
CHEMBL5191350,C#CCN(C)CCCOc1cc(NCc2ccc(/C=C/C(=O)NO)cc2)ccc1Cl,7.0,1
CHEMBL2032251,O=C(/C=C/c1ccccc1Cl)NO,7.0,1
CHEMBL5274591,Cc1ccc(COc2cccc3ccc(C(=O)NCc4ccc(C(=O)NO)cc4)nc23)cc1,7.0,1
CHEMBL5851125,CCCC(Nc1ncc(-c2nnc(C(F)F)o2)cn1)c1ccc(F)cc1,7.0,1
CHEMBL5937703,FC(F)c1nnc(-c2cnc(NC3(c4ccc(OCC(F)(F)F)cc4)CC3)nc2)o1,7.0,1
CHEMBL5951533,Fc1cc(OC(F)(F)F)ccc1C1(Nc2ncc(-c3nnc(C(F)F)o3)cn2)CC1,7.0,1
CHEMBL5870039,Fc1cc(C(F)(F)F)ccc1C1(Nc2ncc(-c3nnc(C(F)F)o3)cn2)CC1,7.0,1
CHEMBL6035050,FC(F)c1nnc(-c2cnc(NC3(c4ccc(OCC(F)(F)F)cc4)CCC3)nc2)o1,7.0,1
CHEMBL5844027,Cc1nonc1C1CCCN1c1ccc(-c2noc(C(F)(F)F)n2)cn1,7.0,1
CHEMBL5887635,FC(F)(F)c1nc(-c2ccc(N3CCc4nc5ncccc5cc4C3)nc2)no1,7.0,1
CHEMBL6013392,O=C(COc1cc(-c2noc(C(F)(F)F)n2)ccn1)N1CCOCC1,7.0,1
CHEMBL5881055,CC(=O)N1CCC(CNCc2ccc(-c3noc(C(F)(F)F)n3)cn2)CC1,7.0,1
CHEMBL5830367,O=C(NO)c1ccc(CCCN2CCC(CNC3CC3c3ccc(-c4ccc(C(F)(F)F)nc4)cc3)CC2)cc1,7.0,1
CHEMBL5891596,CCS(=O)(=O)N(Cc1ncc(-c2nnc(C(F)F)o2)s1)c1ccc(C(=O)OC(C)(C)C)cc1,7.0,1
CHEMBL5843587,CCS(=O)(=O)N(Cc1ncc(-c2nnc(C(F)F)o2)s1)c1cncc(C)n1,7.0,1
CHEMBL5961445,Cc1cccc(N(Cc2ncc(-c3nnc(C(F)(F)F)o3)s2)S(C)(=O)=O)c1,7.0,1
CHEMBL6144214,O=C(NO)c1ccc(CN2c3ccccc3[S+]([O-])C[C@H]3CCCC[C@H]32)cc1,7.0,1
CHEMBL490067,CCSC(=S)SCC(=O)c1ccc(CCNC(C)=O)cc1,6.99,1
CHEMBL3233703,O=C(/C=C/c1ccc(OC[C@H](Cc2c[nH]c3ccccc23)NC(=O)c2ccc(F)cc2)cc1)NO,6.99,1
CHEMBL3593407,CC(C)[C@@H]1NC(=O)[C@]2(C)CSC(=N2)c2csc(n2)CNC(=O)C[C@@H](/C=C/CCS)NC1=O,6.99,1
CHEMBL4205375,O=C(NO)c1ccc(C(=O)Nc2n[nH]c3cc(-c4ccc(C(F)(F)F)cc4)ccc23)cc1,6.99,1
CHEMBL4799432,COc1cc(OC)c2c(N3CCCC3)nc(-c3cc(C)c(OCCCCCC(=O)NO)c(C)c3)nc2c1,6.99,1
CHEMBL4779480,COc1cc(OC)c2c(N3CCOC[C@H]3C)nc(-c3cc(C)c(OCCCCCC(=O)NO)c(C)c3)nc2c1,6.99,1
CHEMBL4855642,COc1ccc(-n2nc(-c3ccc(O)cc3)nc2CNc2ccc(C(=O)NO)cc2)cc1,6.99,1
CHEMBL4870114,CC12CC3CC(C)(C1)CC(NS(=O)(=O)c1ccc(/C=C/C(=O)NO)cc1)(C3)C2,6.99,1
CHEMBL4862983,COc1ccc(CN2C(=O)N(Cc3ccc(C(=O)NO)cc3)C(=O)C2Cc2ccccc2)cc1,6.99,1
CHEMBL4849709,CCCN(Cc1ccc(C(=O)NO)cn1)C12CC3C[C@@](C)(C1)C[C@](C)(C3)C2,6.99,1
CHEMBL5759862,CCS(=O)(=O)N(Cc1ncc(-c2nnc(C(F)F)o2)s1)c1cnn(C)c1C,6.99,1
CHEMBL5851392,O=c1cc(-c2nnc(C(F)F)o2)ccn1Cc1ccnc(C2CC2)c1,6.99,1
CHEMBL482281,CCSC(=S)SCC(=O)c1cccc(NS(=O)(=O)c2ccccc2)c1,6.98,1
CHEMBL3903212,O=C(CCCCCNC(=O)c1nc(-c2nccs2)sc1C1CC1)NO,6.98,1
CHEMBL4740829,O=C(CCc1ccc(NC(=O)Nc2ccc(Cl)cc2)cc1)NO,6.98,1
CHEMBL5198893,CCNNC(=O)c1ccc(CN2c3ccccc3CC(=O)c3ccccc32)cc1,6.98,1
CHEMBL5175648,COc1cc(/C=C/c2ccc(OCCCCCCC(=O)NO)cc2)cc(OC)c1,6.98,1
CHEMBL5984749,O=C(NO)c1ccc(CCCN2CCC(CNC3CC3c3cnn(-c4ccccc4)c3)CC2)cc1,6.98,1
CHEMBL5796160,CCS(=O)(=O)N(Cc1ncc(-c2nnc(C(F)F)o2)s1)c1nc2cc(F)ccc2o1,6.98,1
CHEMBL6120473,COc1cccc(CN2CCC3=C(C2)C(=O)N(Cc2ccc(C(=O)NO)cc2)C2=NCCN23)c1,6.98,1
CHEMBL221655,O=C(CCCCC[C@H](NC(=O)c1cc2ccccc2[nH]1)C(=O)Nc1cccc2cccnc12)NO,6.97,1
CHEMBL4299391,CC[C@H]1OC(=O)[C@@H](C)[C@H](O[C@H]2C[C@@](C)(OC)[C@@H](O)[C@H](C)O2)[C@H](C)[C@H](O[C@H]2O[C@@H](C)C[C@@H](N(C)Cc3ccc(-c4cn(CCCC(=O)NO)nn4)cc3)[C@@H]2O)[C@@](C)(O)C[C@H](C)CN(C)[C@@H](C)[C@H](O)[C@@]1(C)O,6.97,1
CHEMBL3758334,O=C(NCCCCCCS)c1cc(-c2ccc(-c3ccccc3)cc2)n[nH]1,6.97,1
CHEMBL3980203,O=C(CCCCOc1ccc2cc1COC/C=C/COCc1cccc(c1)-c1ccnc(n1)N2)NO,6.97,1
CHEMBL3693763,Cc1cccc(C)c1Nc1ccccc1C(=O)N(C)CCCCCCC(=O)NO,6.97,4
CHEMBL4080343,Cc1ccc(NC(=O)CN(CCCCCC(=O)NO)C(=O)c2ccc(N(C)C)cc2)cc1,6.97,1
CHEMBL4210107,COc1ccc(C(=O)c2ccc3c(ccn3Cc3ccc(/C=C/C(=O)NO)cc3)c2)cc1,6.97,1
CHEMBL4228210,CCCc1cc(-c2ccc(F)cc2)nn1Cc1ccc(C(=O)NO)cc1,6.97,1
CHEMBL4562156,CCn1cnc(-c2ccccc2)c1-c1ccc(/C=C/C(=O)NO)cc1,6.97,1
CHEMBL4873563,CN1C(=O)N(Cc2ccc(C(=O)NO)cc2)C(=O)C1Cc1ccccc1,6.97,1
CHEMBL5174143,CC(C)c1cc(C(=O)N(C)Cc2ccc(C(=O)NO)cc2)c(O)cc1O,6.97,2
CHEMBL5186206,COc1cc(OC)cc(N(CCCCC(=O)NO)c2ccc3ncc(-c4cnn(C)c4)nc3c2)c1,6.97,1
CHEMBL5412013,O=C(NO)c1ccc(Cn2c(=O)n(CCc3ccccc3)c(=O)c3ccccc32)c(F)c1,6.97,1
CHEMBL5563340,O=C(NO)c1ccc(CN(Cc2cccc3ccccc23)C(=O)c2ccccc2)cc1,6.97,1
CHEMBL5800201,O=C(NO)c1ccc2c(c1)CN(C(=O)CCCN1CCC(CNC3CC3c3ccccc3)CC1)C2,6.97,1
CHEMBL5857499,CC1(C)Oc2cccnc2N(Cc2ncc(-c3nnc(C(F)F)o3)s2)C1=O,6.97,2
CHEMBL5904709,CS(=O)(=O)N(Cc1cnc(-c2nnc(C(F)F)o2)s1)c1cncc(F)c1,6.97,1
CHEMBL6091978,O=C(CCCCCONC(=O)c1nc(-c2ccc(C(F)(F)F)cc2)cs1)NO,6.97,1
CHEMBL6150484,O=C(/C=C/c1ccc(CNC[C@H]2CN(c3ccc(N4CCOCC4)c(F)c3)C(=O)O2)cc1)NO,6.97,1
CHEMBL6132960,CCNNC(=O)c1ccc(CNC(=O)c2ccc(NC(=O)CCCCCCCNc3cc4c(cc3F)C(=O)N(C3CCC(=O)NC3=O)C4=O)cc2)cc1,6.97,1
CHEMBL6175156,CCNNC(=O)c1cc(F)c(CN2c3ccccc3C=Cc3ccccc32)cc1F,6.97,1
CHEMBL445518,CCCC(=S)SCC(=O)c1ccc(OC)cc1,6.96,1
CHEMBL481719,O=C(NO)c1ccc(CN2C(=O)CNC(=O)[C@H]2Cc2c[nH]c3ccccc23)cc1,6.96,1
CHEMBL492097,O=C(N[C@@H](CCCCCB(O)O)C(=O)Nc1cccc(-c2ccccc2)c1)c1cncs1,6.96,1
CHEMBL1093335,CC(C)(C)c1[nH]c2ccccc2c1[C@@H]1CCCN(Cc2ccc(/C=C/C(=O)NO)cc2F)C1,6.96,1
CHEMBL2390999,O=C(/C=C/c1ccc2c(c1)C(=O)NC1(CCN(Cc3ccccc3)CC1)O2)NO,6.96,1
CHEMBL3353061,Cn1ccc2cc(C(=O)N3CCn4cc(C(=O)NO)cc4C3)ccc21,6.96,2
CHEMBL3353055,O=C(NO)c1cc2n(c1)CCN(C(=O)c1cccs1)C2,6.96,1
CHEMBL3309291,CC1(C)CC(=O)Nc2ccc(C(=O)NCc3ccc(/C=C/C(=O)NO)cc3)cc21,6.96,1
CHEMBL3770763,O=C(NO)c1coc(-c2ccc(F)cc2)n1,6.96,1
CHEMBL3775654,COc1ccc(N(C)c2nc(C)nc3ccccc23)cc1OCCCCC(=O)NO,6.96,1
CHEMBL3639926,Cc1cc(C)c(Nc2ccc(C(=O)N(C)CCCCCCC(=O)NO)cc2)c(C)c1,6.96,4
CHEMBL3640671,O=C(CCCCCCNC(=O)c1cccc(C(O)(c2ccccn2)c2ccccn2)c1)NO,6.96,4
CHEMBL4064767,COc1ccc(Nc2ncnc3cc(NC(=O)CCCCCCC(=O)NO)sc23)c(C)c1,6.96,1
CHEMBL4066975,COc1ccc(C(=O)c2cn(Cc3ccc(C(=O)NO)cc3)c3cc(OC)ccc23)cc1,6.96,1
CHEMBL4208487,CCCc1nc(C)c2c(=O)[nH]c(-c3cc(CC4CC(C(=O)NO)C4)ccc3OCC)nn12,6.96,1
CHEMBL4295105,O=C(CCC(CCCC(=O)Nc1ccccc1)c1ccccc1)NO,6.96,1
CHEMBL4472310,CC(C)(C)c1ccc(CNc2ccc(C(=O)NO)cc2)cc1,6.96,1
CHEMBL4518594,N#Cc1ccc(CCc2nc(CCC(=O)NO)cs2)cc1,6.96,1
CHEMBL4649628,CCC(=O)CCCCC[C@H](NC(=O)[C@H]1CC12CCN(C(C)C)CC2)c1ncc(-c2cc3ccccc3nc2OC)o1,6.96,1
CHEMBL4790624,O=C(NO)c1ccc(CNC(=O)N2CCC3(CC2)CN(Cc2ccccc2)c2ccccc23)cc1,6.96,1
CHEMBL4800256,COc1cc(OC)c2c(N3CCN(C)CC3)nc(-c3cc(C)c(OCCCCC(=O)NO)c(C)c3)nc2c1,6.96,1
CHEMBL4854716,COc1ccc(Br)c2c1CCN(Cc1ccc(C(=O)NO)cc1)CC2,6.96,1
CHEMBL4852441,O=C(NO)c1ccc(CN2c3ccccc3Sc3ccc(C(=O)Nc4ccccn4)cc32)cc1,6.96,1
CHEMBL4845706,COc1cc2nc(C3CCCCC3)cc(NCC3CCN(c4ncc(C(=O)NO)cn4)CC3)c2cc1OC,6.96,1
CHEMBL4870162,CCOc1ccc(C(C)=O)cc1NC(=O)c1cc(C(=O)NO)ccc1Cl,6.96,1
CHEMBL5075694,COc1ccc(-c2cc(/C=C/c3ccc(C(=O)NO)cc3)ccn2)cc1,6.96,1
CHEMBL5183646,Nc1ncc(-c2cn(CCCCCC(=O)NO)c(=O)c(N3CCOCC3)n2)cn1,6.96,1
CHEMBL5200361,CCNNC(=O)c1ccc(Cn2c3ccccc3c3cnccc32)cc1,6.96,1
CHEMBL5276825,CN1CCC2(CC1)c1ccccc1N(Cc1ccc(C(=O)NO)cc1)C2c1cccc(Cl)c1,6.96,1
CHEMBL5436930,COc1cc2c(cc1OC)C(=O)C(CC1CCN(S(=O)(=O)c3cccc(/C=C/C(=O)NO)c3)CC1)C2,6.96,1
CHEMBL5407312,O=C(NO)c1ccc(CN2CCC(CN[C@@H]3C[C@H]3c3ccccc3)CC2)cc1,6.96,3
CHEMBL5777623,CCS(=O)(=O)N(C[C@@H](Nc1ncc(-c2nnc(C(F)F)o2)cn1)c1ccc(F)cc1)CC(F)(F)F,6.96,1
CHEMBL5906156,O=S(=O)(C1CC1)N(C[C@@H](Nc1ncc(-c2nnc(C(F)F)o2)cn1)c1ccc(F)cc1)CC(F)(F)F,6.96,1
CHEMBL6029141,CC(=O)N(C[C@@H](Nc1ncc(-c2nnc(C(F)F)o2)cn1)c1ccc(F)cc1)CC(F)(F)F,6.96,1
CHEMBL5893303,CS(=O)(=O)N(C[C@H](Nc1ncc(-c2nnc(C(F)F)o2)cn1)c1ccc(Cl)cc1)CC(F)(F)F,6.96,1
CHEMBL5779531,O=C1CCCN1C[C@H](Nc1ncc(-c2nnc(C(F)F)o2)cn1)c1ccc(F)cc1,6.96,1
CHEMBL6061960,O=C(NO)c1ccc2nc(-c3ccc4c(c3)OCCO4)[nH]c2c1,6.96,1
CHEMBL5761547,Cc1noc([C@H]2CCCCN2c2ncc(-c3noc(C(F)(F)F)n3)cn2)n1,6.96,1
CHEMBL5953614,Cc1nc2cc(F)ccc2n1Cc1ccc(-c2noc(C(F)(F)F)n2)cc1F,6.96,1
CHEMBL5832307,FC(F)(F)c1nc(-c2ccc(N3CCCCC3c3cccnc3)nc2)no1,6.96,1
CHEMBL5932331,CS(=O)(=O)N(Cc1ncc(-c2nnc(C(F)(F)F)o2)s1)c1cncc(C#N)c1,6.96,1
CHEMBL3770180,O=C(NO)c1noc(-c2ccccc2)n1,6.95,1
CHEMBL3693733,Cc1cccc(C)c1Nc1ncc(C(=O)N(C)CCCCCCC(=O)NO)cn1,6.95,4
CHEMBL4636672,O=C(NO)c1ccc(NC(=O)c2cc(C(F)(F)F)cc(C(F)(F)F)c2)cc1,6.95,1
CHEMBL4849763,O=C(NO)c1ccc(NCc2nc(-c3ccccc3)nn2-c2ccccc2)cc1,6.95,1
CHEMBL4862152,CCC(=O)CCCCC[C@H](NC(=O)[C@H]1CC12CCN(CC1CC1)CC2)c1ncc(-c2cc3ccc(C)nc3cc2OC)o1,6.95,1
CHEMBL4851389,Nc1c(F)cc(C(=O)NO)cc1F,6.95,1
CHEMBL5078723,O=C(CCCCCCCNc1nn2c(=O)c3cc(Br)ccc3nc2c2ccccc12)NO,6.95,1
CHEMBL5290574,CN1CCC2(CC1)c1ccccc1N(Cc1ccc(C(=O)NO)cc1)C2c1cccnc1,6.95,1
CHEMBL5401106,O=C(/C=C/c1ccc(NC(=O)Cc2ccc3ccccc3c2)cn1)NO,6.95,1
CHEMBL5944295,O=C(NO)c1ccc(CCCn2cncc2CNC2CC2c2ccccc2)cc1,6.95,1
CHEMBL6173419,COc1nc(-c2cccc(-c3ccccc3)c2C)ccc1CNCC(=O)NO,6.95,1
CHEMBL180911,CN(C)c1ccc(C(=O)NCCCCCNC(=O)CS)cc1,6.94,1
CHEMBL479601,CCSC(=S)SCC(=O)c1ccc(CC(=O)Nc2ccc(OC)cc2)s1,6.94,1
CHEMBL1798002,CC[C@H](C)[C@H](NC(=O)[C@@H](NC(=O)OC(C)(C)C)C(C)C)C(=O)N1Cc2cc(OCC(=O)NO)ccc2C[C@H]1C(=O)Nc1ccc(OC)cc1,6.94,1
CHEMBL2431906,Cn1cccc1C(=O)N1Cc2ccc(C(=O)NO)cc2C1,6.94,2
CHEMBL3693751,CC(=O)N(c1ccc(C(=O)N(C)CCCCCCC(=O)NO)cc1)c1c(C)cccc1C,6.94,4
CHEMBL3640656,COC(c1ccc(C(=O)NCCCCCCC(=O)NO)cc1)(c1cc(F)cc(F)c1)c1cc(F)cc(F)c1,6.94,4
CHEMBL4447453,O=C(NO)c1ccc(CN2N=C(Cl)C=C3Sc4ccccc4N=C32)cc1,6.94,1
CHEMBL4870410,O=C(NO)c1ccc(NCc2nc(-c3ccc(F)cc3)nn2-c2ccccc2)cc1,6.94,1
CHEMBL4871535,O=C(NO)c1ccc(NCc2nc(-c3cccc(Cl)c3)nn2-c2ccccc2)cc1,6.94,1
CHEMBL4855750,CC(C)(C)c1ccc(CC2(c3ccccc3)NC(=O)N(Cc3ccc(C(=O)NO)cc3)C2=O)cc1,6.94,1
CHEMBL5093545,O=C(CCCCCCCNc1nn2c(=O)c3cc(Cl)ccc3nc2c2ccccc12)NO,6.94,1
CHEMBL5984766,O=C(NO)c1ccc(CCC(=O)N2CCN(C(=O)CNC3CC3c3ccccc3)CC2)cc1,6.94,1
CHEMBL5869870,CCS(=O)(=O)N(Cc1ncc(-c2nnc(C(F)F)o2)s1)c1ncc(F)cn1,6.94,1
CHEMBL5800246,CCS(=O)(=O)N(Cc1cnc(-c2nnc(C(F)F)o2)s1)c1cncc(Cl)c1,6.94,2
CHEMBL504040,CC[C@H]1OC(=O)[C@H](C)[C@@H](O)[C@H](C)[C@@H](O[C@@H]2O[C@H](C)C[C@H](N(C)Cc3ccc(-c4cn(CCCCCCC(=O)NO)nn4)cc3)[C@H]2O)[C@](C)(O)C[C@@H](C)CN(C)[C@H](C)[C@@H](O)[C@]1(C)O,6.93,1
CHEMBL1093033,CC(C)(C)c1[nH]c2ccccc2c1[C@H]1CCCN(Cc2ccc(/C=C/C(=O)NO)cc2F)C1,6.93,1
CHEMBL3693767,Cc1cccc(C)c1Nc1ccc(C(=O)N(C)CCCCCC(=O)NO)cc1,6.93,4
CHEMBL4282471,CC(=O)Nc1ccc(-c2ccnc(Nc3ccc(NC(=O)CCCCC(=O)NO)cc3)n2)cc1.O=C(O)C(F)(F)F,6.93,1
CHEMBL4464527,CN(C(=O)CN(C)S(=O)(=O)c1ccc(F)cc1)c1ccc(C(=O)NO)cc1,6.93,1
CHEMBL4542710,O=C(CCc1csc(/C=C/c2c[nH]c3ccccc23)n1)NO,6.93,1
CHEMBL4639051,CC(=O)N(Cc1cccc(C(F)(F)F)c1)c1ccc(C(=O)NO)cc1,6.93,1
CHEMBL4863011,COc1cc2c(NC3CCN(c4ncc(C(=O)NO)cn4)CC3)cc(C)nc2cc1OCCCN1CCCC1,6.93,1
CHEMBL4864178,CN1CC(=O)N(Cc2ccc(C(=O)NO)cc2)C1=O,6.93,1
CHEMBL5072785,O=C(CCCCCCCNc1nn2c(=O)c3cc(F)ccc3nc2c2ccccc12)NO,6.93,1
CHEMBL6025334,CCS(=O)(=O)N(Cc1ncc(-c2nnc(C(F)F)o2)s1)c1cc(C)n(C)n1,6.93,1
CHEMBL5891755,CCCn1cc(N(Cc2ncc(-c3nnc(C(F)F)o3)s2)S(C)(=O)=O)cn1,6.93,1
CHEMBL5980430,CC(C)n1cc(N(Cc2ncc(-c3nnc(C(F)F)o3)s2)S(C)(=O)=O)cn1,6.93,1
CHEMBL482075,CCSC(=S)SCC(=O)c1ccc(NC(=O)c2cnc3ccccc3c2)cc1,6.92,1
CHEMBL466215,COc1ccc2[nH]c(C)c(CC(=O)N[C@@H](CCCCCC(N)=O)c3ncc(-c4ccc5ccccc5c4)[nH]3)c2c1,6.92,1
CHEMBL1096432,Cc1nc(-c2cccc(/C=C/C(=O)NO)c2)n(CCN2CCOCC2)c1-c1ccccc1,6.92,1
CHEMBL1096033,CCN1CCC[C@@H](n2c(-c3cccc(/C=C/C(=O)NO)c3)nc(C)c2C)C1,6.92,1
CHEMBL1096034,Cc1nc(C)n(CCc2ccccc2)c1-c1cccc(/C=C/C(=O)NO)c1,6.92,1
CHEMBL2046610,O=C(Nc1ccc(C(=O)N2CCc3nc(C(=O)NO)sc3C2)cc1)c1ccc(-c2ccccc2)s1,6.92,1
CHEMBL2387320,O=C(CCCCCCC(=O)NC[C@H]1O[C@@H]2O[C@H]3[C@H](O)[C@@H](O)[C@@H](O[C@H]4[C@H](O)[C@@H](O)[C@@H](O[C@H]5[C@H](O)[C@@H](O)[C@@H](O[C@H]6[C@H](O)[C@@H](O)[C@@H](O[C@H]7[C@H](O)[C@@H](O)[C@@H](O[C@H]8[C@H](O)[C@@H](O)[C@@H](O[C@H]1[C@H](O)[C@H]2O)O[C@@H]8CO)O[C@@H]7CO)O[C@@H]6CO)O[C@@H]5CO)O[C@@H]4CO)O[C@@H]3CO)NO,6.92,1
CHEMBL4299380,CC[C@@H]1OC(=O)[C@@H](C)[C@H](O[C@H]2C[C@@](C)(OC)[C@@H](O)[C@H](C)O2)[C@H](C)[C@H](O[C@@H]2O[C@H](C)C[C@H](N(C)Cc3ccc(-c4cn(CCCCC(=O)NO)nn4)cc3)[C@H]2O)[C@@](C)(OC)C[C@H](C)C(=O)[C@@H](C)[C@@H](O)[C@@]1(C)O,6.92,1
CHEMBL3797843,O=C(NO)c1ccc(Cl)c(NC(=O)c2ccccc2)c1,6.92,1
CHEMBL3693754,Cc1cccc(C)c1N(C(=O)C(C)C)c1ccc(C(=O)N(C)CCCCCCC(=O)NO)cc1,6.92,4
CHEMBL4083750,Cc1cc(F)ccc1Nc1ncnc2cc(NC(=O)CCCCCCC(=O)NO)sc12,6.92,1
CHEMBL4248676,O=C(CCc1ccc(Nc2c3ccccc3nc3ccccc23)cc1)NO,6.92,2
CHEMBL4546176,CN(Cc1ccc(-n2cnn(CCCCc3ccc(C(=O)NO)cc3)c2=O)cc1)CC(O)(Cn1cncn1)c1ccc(F)cc1F,6.92,1
CHEMBL4754868,O=C(NO)c1ccc(CNCc2nnnn2C2CCCCC2)cc1,6.92,1
CHEMBL4760090,O=C(NO)c1ccc(CNC(c2ccccc2)c2nnnn2C2CCCCC2)cc1,6.92,1
CHEMBL4756672,CCCCC(NCc1ccc(C(=O)NO)cc1)c1nnnn1Cc1ccccc1,6.92,1
CHEMBL4782504,COc1cc(OC)c2c(N3CCOCC3)nc(-c3cc(C)c(OCCCCCC(=O)NO)c(C)c3)nc2c1,6.92,1
CHEMBL4870946,CCOc1ccc(C(C)=O)cc1NC(=O)c1cccc(C(=O)NO)c1,6.92,1
CHEMBL5181949,O=C(NO)c1ccc(CC(=O)N2CCC(N3C(=O)[C@H](c4ccccc4)[C@H]3c3ccccc3)CC2)cc1,6.92,1
CHEMBL5195141,CC(C)N(Cc1ccc(C(=O)NO)cn1)S(=O)(=O)c1cc(F)c(F)c(F)c1F,6.92,1
CHEMBL5221043,CC[C@H](Nc1ncnc2[nH]cnc12)c1nc2cccc(F)c2c(=O)n1CCCCCC(=O)NO,6.92,1
CHEMBL5632288,COc1cc2c(cc1OCc1ccc(C(=O)Nc3ccccc3N)cc1)CC[C@@H]1[C@H]3CC[C@@H](O)[C@]3(C)CC[C@@H]21,6.92,1
CHEMBL5631448,Fc1cc(-c2noc(C(F)(F)F)n2)ccc1Cn1cnc2c(Cl)ncnc21,6.92,1
CHEMBL5992144,CC(Nc1ncc(-c2nnc(C(F)F)o2)cn1)c1ccc(F)cn1,6.92,1
CHEMBL5915110,CC(F)(F)COc1cccc(C2(Nc3ncc(-c4nnc(C(F)F)o4)cn3)CC2)c1Cl,6.92,1
CHEMBL5919434,Nc1ccccc1NC(=O)[C@@H]1CCC(=O)N1c1ccc(-c2noc(C(F)(F)F)n2)cc1,6.92,1
CHEMBL5818652,O=C(N1CCOCC1)N(Cc1ccc(-c2noc(C(F)(F)F)n2)cn1)c1cccc(C(F)(F)F)c1,6.92,1
CHEMBL5748824,O=S(=O)(Nc1ccccc1)c1cccc(-c2noc(C(F)(F)F)n2)c1,6.92,1
CHEMBL5834612,FC(F)(F)c1nc(-c2ccnc(OC3CCOCC3)c2)no1,6.92,1
CHEMBL6001601,CCC(N(C)Cc1ccc(C(=O)NO)cc1)C12CC3CC(CC(C3)C1)C2,6.92,1
CHEMBL5980383,O=C(NO)c1ccc(CCCN2CCC(CNC3CC3c3ccc(-c4cncnc4)cc3)CC2)cc1,6.92,1
CHEMBL5883093,CCS(=O)(=O)N(Cc1ncc(-c2nnc(C(F)F)o2)s1)c1cnn(C(C)(C)C#N)c1,6.92,1
CHEMBL471042,O=C(/C=C/c1ccc(/C=N/OCc2ccc([N+](=O)[O-])cc2)cc1)NO,6.91,1
CHEMBL3758901,O=C(/C=C/c1ccc2c(c1)C(=O)CC1(CCN(Cc3ccccc3)C1)O2)NO,6.91,1
CHEMBL3640657,COC(c1ccc(C(=O)N(C)CCCCCCC(=O)NO)cc1)(c1cc(F)cc(F)c1)c1cc(F)cc(F)c1,6.91,4
CHEMBL3953441,CC(C)C(c1ccc(C(=O)NO)cc1)C(C)C,6.91,1
CHEMBL3899275,CC(C)N(Cc1ccc(C(=O)NO)cc1)C(C)C,6.91,1
CHEMBL4846263,O=C(NO)c1ccc(CN2CCCc3cc(Cl)c(F)cc32)cc1,6.91,2
CHEMBL4849689,COc1cc2c(NCC3CCC(c4ccc(C(=O)NO)cc4)CC3)cc(-c3ccc(C)o3)nc2cc1OCCCN1CCCC1,6.91,1
CHEMBL5426896,O=C(Cc1ccc2ccccc2c1)Nc1ccc(C(=O)NO)nc1,6.91,1
CHEMBL5563391,O=C(CCCCOc1ccc(-c2sc3cc(O)ccc3c2C(=O)c2ccc(OCCN3CCCCC3)cc2)cc1)NO,6.91,1
CHEMBL5595464,C#CCN1C(=O)CNC(=O)/C1=C/c1ccc(C(=O)Nc2cccc(C(=O)NO)c2)cc1,6.91,1
CHEMBL5881261,CCS(=O)(=O)N(Cc1ncc(-c2nnc(C(F)F)o2)s1)c1nc2ccc(F)cc2o1,6.91,1
CHEMBL3593627,O=C(CCN1C(=O)C2(OCCCO2)c2cc(Br)ccc21)Nc1ccc(C(=O)NO)cc1,6.9,1
CHEMBL3982024,CCOc1ccc(C[C@H]2C[C@H](C(=O)NO)C2)cc1-c1nc2c(CC)nn(C)c2c(=O)[nH]1,6.9,1
CHEMBL3693779,COC(c1ccc(F)cc1)(c1ccc(F)cc1)c1ccc(C(=O)NCCCCCCC(=O)NO)cc1,6.9,4
CHEMBL3952983,CN(C)CCc1nc2ccccc2n1Cc1ccc(C(=O)NO)cc1,6.9,1
CHEMBL4228565,O=C(/C=C/c1ccc(C(=O)NO)cc1)N[C@@H](Cc1c[nH]c2ccccc12)C(=O)Nc1ccc(Br)cc1,6.9,1
CHEMBL4438279,O=C(NO)c1ccc(Cn2c3c(c4ccccc42)CSCC3)cc1,6.9,1
CHEMBL4470067,CN(C)Cc1nn(Cc2ccc(C(=O)NO)cc2)c2ccccc12,6.9,1
CHEMBL4532181,CN1CCCC1c1cn(Cc2ccc(C(=O)NO)cc2)c2ccccc12,6.9,1
CHEMBL4856212,COc1ccc(-n2nc(-c3ccccc3)nc2CNc2ccc(C(=O)NO)cc2)cc1,6.9,1
CHEMBL4866673,COc1cc2c(NCc3ccc(-c4ccc(C(=O)NO)cc4)cc3)cc(-c3ccc(C)o3)nc2cc1OCCCN1CCCC1,6.9,1
CHEMBL4850570,COc1cc2nc(-c3cc(C)oc3C)cc(NCC3CCN(c4ncc(C(=O)NO)cn4)CC3)c2cc1OC,6.9,1
CHEMBL5594414,CN1C(=O)CNC(=O)/C1=C/c1ccc(C(=O)NO)cc1,6.9,1
CHEMBL5591133,COc1cc2c(cc1O)CN1C(=O)CC[C@H]1C(=O)N2Cc1ccc(C(=O)NO)cc1,6.9,1
CHEMBL5597708,COc1cc2c(cc1O)CN1C(=O)CC[C@H]1C(=O)N2Cc1ccc(CC(=O)NO)cc1,6.9,1
CHEMBL5756490,CN1C(=O)C(C)(C)c2cc(C3CC3NCC3CCN(CCCc4ccc(C(=O)NO)cc4)CC3)ccc21,6.9,1
CHEMBL5856932,O=C1CCCc2cnccc2N1Cc1ncc(-c2nnc(C(F)F)o2)s1,6.9,1
CHEMBL2347010,C[C@H]1C=C2C=C[C@H](C)[C@H](CC[C@@H]3C[C@@H](O[Si](C)(C)C(C)(C)C)CC(=O)O3)[C@H]2[C@@H](OC(=O)Nc2ccc(-c3cn(CCCCCCC(=O)NO)nn3)cc2)C1,6.89,2
CHEMBL2401847,C[C@]12CC[C@@H]3c4ccc(O)cc4CC[C@H]3[C@@H]1CC[C@@]2(O)c1cn(CCCCCCCC(=O)NO)nn1,6.89,2
CHEMBL2442697,COc1cc([C@@H]2c3cc4c(cc3[C@@H](Nc3ccc(NC(=O)CCCCCC(=O)NO)cc3)[C@H]3COC(=O)[C@H]23)OCO4)cc(OC)c1O,6.89,1
CHEMBL3353066,Cn1cccc1C(=O)N1CCn2cc(C(=O)NO)nc2C1,6.89,1
CHEMBL3309286,CN1C(=O)CC(C)(C)c2cc(C(=O)NCCCCCCC(=O)NO)ccc21,6.89,1
CHEMBL3704922,C#Cc1ccc(NC(=O)O[C@H]2C[C@@H](C)C=C3C=C[C@H](C)[C@H](CC[C@@H]4C[C@@H](O[Si](C)(C)C(C)(C)C)CC(=O)O4)[C@H]32)cc1,6.89,1
CHEMBL3797455,COc1ccc(C(=O)Nc2cc(C(=O)NO)ccc2Cl)cc1,6.89,1
CHEMBL3901988,CCOc1ccc(C2CC(C(=O)NO)C2)cc1-c1nc2c(CC)nn(C)c2c(=O)[nH]1,6.89,1
CHEMBL3693724,Cc1cccc(C)c1Nc1ncc(C(=O)NCCCCCCC(=O)NO)cn1,6.89,4
CHEMBL4073021,O=C(NO)c1ccc(Nc2cccc3cccnc23)cc1,6.89,1
CHEMBL4075511,O=C(Cc1ccc(CN2CCN(C(=O)c3cc(Cc4n[nH]c(=O)c5ccccc45)ccc3F)CC2)cc1)NO,6.89,1
CHEMBL4548542,Cc1cc(-c2nc3sc4c(c3c(=O)[nH]2)CCN(CCCCCC(=O)NO)C4)cc(C)c1O,6.89,1
CHEMBL4576202,CC(C)C[C@H](NC(=O)CNC(=O)c1cccc(/C=C/C(=O)NO)c1)B1O[C@@H]2[C@@H]3C[C@H](C[C@]2(C)O1)C3(C)C,6.89,1
CHEMBL4759256,CN(C)c1cccc2c(S(=O)(=O)NCCCCCC(=O)NO)cccc12,6.89,1
CHEMBL4763662,CN(C)CCNC(=O)c1ccc([C@H]2C[C@@H]2NCC2CCN(CCCc3ccc(C(=O)NO)cc3)CC2)cc1,6.89,1
CHEMBL4784493,COc1cc(OC)c2c(N3CCS(=O)(=O)CC3)nc(-c3cc(C)c(OCCCCC(=O)NO)c(C)c3)nc2c1,6.89,1
CHEMBL4793037,COc1cc(OC)c2c(N3CCSCC3)nc(-c3cc(C)c(OCCCCCC(=O)NO)c(C)c3)nc2c1,6.89,1
CHEMBL4878538,Cc1cc(C)cc(C(=O)N(CC(=O)N2CCCCC2)Cc2ccc(C(=O)NO)cc2)c1,6.89,1
CHEMBL4878252,O=C(NO)c1ccc(CN2CCCCc3ccc(-c4ccccc4)cc32)cc1,6.89,1
CHEMBL4875843,CC(C)CC1C(=O)N(Cc2ccc(C(=O)NO)cc2)C(=O)N1Cc1ccccc1,6.89,1
CHEMBL4867598,O=C(CCCO/N=C1C(=C2/C(=O)Nc3ccccc32)/Nc2ccccc2/1)NO,6.89,1
CHEMBL5094326,O=C(NO)c1ccc(/C=C/c2ccnc(-c3cc(F)ccc3O)c2)cc1,6.89,1
CHEMBL5076948,O=C(NO)c1ccc(/C=C/c2ccncc2)cc1,6.89,1
CHEMBL5177483,O=C(NO)c1ccc(/C=C/C(=O)N2CCC(N3C(=O)[C@H](c4ccccc4)[C@H]3c3ccccc3)CC2)cc1,6.89,1
CHEMBL5410409,Cc1nc(NC(=O)N2C[C@H](NC(=O)Cc3ccc(C(=O)NO)cc3)C[C@H]2C(N)=O)sc1-c1ccnc(C(C)(C)C(F)(F)F)c1,6.89,1
CHEMBL5560025,CC1(C)CC(=O)c2c(n(Cc3ccc(C(=O)NO)cc3)c3ccc(Br)cc23)C1,6.89,1
CHEMBL5575471,O=C(CS)Nc1ccc(Cn2c3c(c4ccccc42)CS(=O)(=O)CC3)cc1,6.89,1
CHEMBL5766324,CS(=O)(=O)NCc1ccc(C2(Nc3ncc(-c4nnc(C(F)F)o4)cn3)CC2)cc1,6.89,1
CHEMBL5742983,CS(=O)(=O)Nc1cccc(C(Nc2ncc(-c3nnc(C(F)F)o3)cn2)c2ccc(F)cc2)c1,6.89,1
CHEMBL5881051,CCS(=O)(=O)N(CC(Nc1ncc(-c2nnc(C(F)F)o2)cn1)c1ccc(F)cc1F)CC(F)(F)F,6.89,1
CHEMBL5883982,Fc1ccc([C@@H](COCC(F)(F)F)Nc2ncc(-c3nnc(C(F)F)o3)cn2)cc1,6.89,1
CHEMBL5882475,O=C1CCC(c2ccccc2Cl)N1c1cc(F)c(-c2noc(C(F)(F)F)n2)c(F)c1,6.89,1
CHEMBL5810683,O=C1CCC(c2ccccc2Cl)N1c1ccc(-c2noc(C(F)(F)F)n2)cn1,6.89,1
CHEMBL5762229,Cc1cc(=O)n2c(n1)CN(c1ccc(-c3noc(C(F)(F)F)n3)cn1)CC2,6.89,1
CHEMBL6045951,CN(C)CCNC(=O)c1ccc(C2CC2NCC2CCN(CCCc3ccc(C(=O)NO)cc3)CC2)cc1,6.89,1
CHEMBL5995548,CCS(=O)(=O)N(Cc1ncc(-c2nnc(C(F)(F)F)o2)s1)c1cncc(C#N)c1,6.89,1
CHEMBL471044,CCNC(=O)SCC(=O)c1ccc(OC)cc1,6.88,1
CHEMBL2347009,CC(C)c1nc(N(C)S(C)(=O)=O)nc(-c2ccc(F)cc2)c1/C=C/[C@@H](O)C[C@@H](O)CC(=O)NO,6.88,2
CHEMBL3415968,Nc1nc2ncc(CNc3ccc(C(=O)N[C@@H](CCC(=O)NCCCCCCC(=O)NO)C(=O)O)cc3)nc2c(=O)[nH]1,6.88,1
CHEMBL4214652,COc1cccc(-c2ccc3c(NC(=O)c4ccc(C(=O)NO)cc4)n[nH]c3c2)c1,6.88,1
CHEMBL4457698,CN(C)c1cccc2c(S(=O)(=O)N(CC(=O)NCc3ccccc3)Cc3ccc(C(=O)NO)cc3)cccc12,6.88,1
CHEMBL4855710,COc1cc2c(NC3CCN(c4ccc(C(=O)NO)cc4)CC3)cc(-c3ccc(C)o3)nc2cc1OCCCN1CCCC1,6.88,1
CHEMBL5087206,Nc1nc(NCCc2ccc(OCCCC(=O)NO)cc2)nc2nc(-c3ccco3)nn12,6.88,1
CHEMBL5192895,CCCCN(Cc1ccc(C(=O)NNCC)cc1)C(=O)Nc1ccccc1,6.88,1
CHEMBL5171881,COc1cc2nc(NCCCCCC(=O)NO)nc(NC3CCN(C(C)C)CC3)c2cc1OC,6.88,1
CHEMBL6148413,Cc1c(F)c(N)cc(C(=O)Nc2cc(-c3ccc(NC(=O)CCCC(=O)NO)cc3)ccc2N2CCN(C)CC2)c1Cl,6.88,1
CHEMBL517997,CCSC(=S)SCC(=O)c1ccc(C(=O)N[C@@H](C)c2ccccc2)s1,6.87,1
CHEMBL2047684,O=C(CCNC(=O)/C(Cc1ccc(O)c(Br)c1)=N/O)NO,6.87,2
CHEMBL2431905,O=C(NO)c1ccc2c(c1)CCN(C(=O)C1CCCCCC1)C2,6.87,2
CHEMBL3329622,CC(C)[C@@H]1NC(=O)[C@]2(C)CSC(=N2)c2csc(n2)CNC(=O)C[C@@H](/C=C/CCSSC[C@H](NC(=O)OC(C)(C)C)C(=O)OC(C)(C)C)OC1=O,6.87,1
CHEMBL3693750,CC(=O)N(c1ccccc1)c1ccc(C(=O)N(C)CCCCCCC(=O)NO)cc1,6.87,4
CHEMBL3693769,Cc1cc(C)c(Nc2ncc(C(=O)N(C)CCCCCCC(=O)NO)cn2)c(C)c1,6.87,4
CHEMBL3693809,CN(CCCCCCC(=O)NO)C(=O)c1ccc(C(C)(O)c2ccccn2)cc1,6.87,4
CHEMBL3693811,COC(C)(c1ccc(C(=O)N(C)CCCCCCC(=O)NO)cc1)c1ccccn1,6.87,4
CHEMBL3939518,O=C(CCCCCCCNC(=O)c1nc(-c2nccs2)sc1C1CC1)NO,6.87,1
CHEMBL4090647,Cc1cc(C)cc(C(=O)N(CCCCCC(=O)NO)CC(=O)NCc2ccccc2)c1,6.87,1
CHEMBL4534310,O=C(NO)c1ccc(CCN2c3ccccc3Sc3ccccc32)cc1,6.87,1
CHEMBL4530238,O=C(NO)c1ccc(Nc2nnc(-c3ccccc3)o2)cc1,6.87,1
CHEMBL5187433,CN(C)c1ccc(C(=O)N(CC(=O)NCc2ccccc2)Cc2ccc(C(=O)NO)cc2F)cc1,6.87,2
CHEMBL5598071,O=C(CCCCCn1cc(Nc2ncc(Cl)c(OC3CCCCC3)n2)cn1)NO,6.87,1
CHEMBL6007756,O=C(NO)c1cnc(N2CCC(NC3CC3c3ccc(OCc4ccc(F)cc4)cc3)CC2)nc1,6.87,1
CHEMBL5769103,O=C(NO)c1cnc(N2CCC(CNC3CC3c3ccc(-c4ccc(F)cc4)cc3)CC2)nc1,6.87,1
CHEMBL5990798,O=C(NO)c1cnc(N2CCn3cc(CNC4CC4c4ccccc4)nc3C2)nc1,6.87,1
CHEMBL5797714,Cc1noc(C)c1-c1ccc(C2CC2NCC2CCN(C(=O)/C=C/c3ccc(C(=O)NO)cc3)CC2)cc1,6.87,1
CHEMBL5765612,CCS(=O)(=O)N(Cc1ncc(-c2nnc(C(F)F)o2)s1)c1cnn(CCOC)c1,6.87,1
CHEMBL5746096,CCS(=O)(=O)N(Cc1ncc(-c2nnc(C(F)F)o2)s1)c1cnn(CCOC(F)(F)F)c1,6.87,1
CHEMBL2179247,COc1ccccc1NC(=O)NCc1ccc(C(=O)NO)cc1,6.86,3
CHEMBL2347005,C[C@H]1C=C2C=C[C@H](C)[C@H](CC[C@@H]3C[C@@H](O[Si](C)(C)C(C)(C)C)CC(=O)O3)[C@H]2[C@@H](OC(=O)NCCCCCCC(=O)NO)C1,6.86,2
CHEMBL3356933,O=C1CCC[C@@H](C(=O)N[C@@H](CCCCCS)C(=O)NCc2ccc(C(F)(F)F)cc2)N1,6.86,1
CHEMBL3693797,COC(c1ccc(C(=O)NCCCCCCC(=O)NO)cc1)(c1cccc(F)c1)c1cccc(F)c1,6.86,8
CHEMBL4098353,COc1cc(C(=O)c2cn(Cc3ccc(/C=C/C(=O)NO)cc3)c3ccccc23)cc(OC)c1OC,6.86,1
CHEMBL4165684,O=C(NO)c1ccc(CCN2C(=O)c3cccc4c(N5CCOCC5)ccc(c34)C2=O)cc1,6.86,1
CHEMBL4560818,Cc1csc(Nc2ccc(C(=O)NO)cc2)n1,6.86,1
CHEMBL4648704,CCC(=O)CCCCC[C@H](NC(=O)[C@H]1CC12CCN(CC)CC2)c1ncc(-c2cc3ccccc3nc2OC)o1,6.86,1
CHEMBL4868120,CC(C)(C)c1ccc(CN2C(=O)N(Cc3ccc(C(=O)NO)cc3)C(=O)C2Cc2ccccc2)cc1,6.86,1
CHEMBL5191492,COc1ccc(CNC(=O)c2cc(F)ccc2N2CCOCC2)cc1/C=C/C(=O)NO,6.86,1
CHEMBL5589751,O=C(NO)c1ccc(Cn2cc(Nc3ncc(Cl)c(OC4CCCCC4)n3)cn2)cc1,6.86,1
CHEMBL6031788,COc1ccccc1NC(=O)NCc1ccc(C(N)=O)cc1,6.86,2
CHEMBL5745491,CC(=O)NCC(Nc1ncc(-c2nnc(C(F)F)o2)cn1)c1ccc(F)cc1,6.86,2
CHEMBL5887263,O=C(NO)c1ccc(CN2CCN(C(=O)CNC3CC3c3ccccc3)CC2)cc1,6.86,1
CHEMBL5823000,CCS(=O)(=O)N(Cc1ncc(-c2nnc(C(F)F)o2)s1)c1ccc(C(C)(C)O)cn1,6.86,1
CHEMBL6167938,CCCc1cc(C(=O)NC2CCCCC2)nn1Cc1ccc(C(=O)NO)cc1,6.86,1
CHEMBL6164843,O=C(NO)c1ccc(CN2C(=O)C3=C(CCN(Cc4cccnc4)C3)N3CCN=C23)cc1,6.86,1
CHEMBL6152869,COc1ccc(-c2ccc3ccc(OCCCCCCC(=O)NO)cc3n2)cc1I,6.86,1
CHEMBL1798001,CC[C@H](C)[C@H](NC(=O)[C@@H]1CCCN1C(=O)OC(C)(C)C)C(=O)N1Cc2cc(OCC(=O)NO)ccc2C[C@H]1C(=O)Nc1ccc(OC)cc1,6.85,1
CHEMBL3233687,O=C(/C=C/c1ccc(OC[C@H](Cc2c[nH]c3ccccc23)NC(=O)c2ccccc2)cc1)NO,6.85,1
CHEMBL3415620,CS(=O)(=O)c1ccc(N2CCC(Nc3ccc(C(=O)NO)cc3)C2=O)cc1,6.85,1
CHEMBL3758692,O=C(NCCCCCCS)c1cc(-c2ccc(F)cc2)nn1CCCCO,6.85,1
CHEMBL3799728,O=C(NO)c1ccc(C(F)(F)F)c(NC(=O)c2ccccc2)c1,6.85,1
CHEMBL3693784,CN(CCCCCCC(=O)NO)C(=O)c1ccc(C(O)(c2ccccn2)c2ccccn2)cc1,6.85,4
CHEMBL3693801,CCOC(c1ccc(C(=O)N(C)CCCCCCC(=O)NO)cc1)(c1ccccn1)c1ccccn1,6.85,4
CHEMBL4209025,CCCc1nn(C)c2c(=O)[nH]c(-c3cc(Cc4ccc(C(=O)NO)c(F)c4)ccc3OCC)nc12,6.85,1
CHEMBL4277951,CCCCCCC(CCCC(=O)Nc1ccccc1)CCC(=O)NO,6.85,1
CHEMBL4284448,O=C(CCC(CCCC(=O)Nc1ccccc1)Cc1ccccc1)NO,6.85,1
CHEMBL4633944,O=C(CCCCCCCCC(=O)NCCCN1c2ccccc2CCc2ccc(Cl)cc21)NO,6.85,1
CHEMBL154302,Cc1ccc(C(=O)NO)cc1,6.85,1
CHEMBL5175835,COc1cc(OCc2cccc(-c3ccc4c(c3)OCCO4)c2C)cc(OC)c1CNCCCCCC(=O)NO,6.85,1
CHEMBL5280477,CN1CCC2(CC1)c1ccccc1N(Cc1ccc(C(=O)NO)cc1)C2c1ccc(F)cc1,6.85,1
CHEMBL6021537,CC[C@@H](Nc1ncc(-c2noc(C(F)(F)F)n2)cn1)c1ccccc1,6.85,1
CHEMBL5873049,CC(=O)N1CCC(Nc2ncc(-c3nnc(C(F)F)o3)cn2)(c2ccc(F)cc2)CC1,6.85,1
CHEMBL6059059,CS(=O)(=O)N(CC(Nc1ncc(-c2nnc(C(F)F)o2)cn1)c1ccc(OC(F)F)cc1F)CC(F)(F)F,6.85,1
CHEMBL5957274,CN1CCN(c2ccc(-c3noc(C(F)(F)F)n3)cc2)C(c2ccccc2)C1,6.85,1
CHEMBL5947493,CCOC(=O)N1CCN(c2ccc(-c3noc(C(F)(F)F)n3)cn2)C(c2ccccc2)C1,6.85,1
CHEMBL5781687,Cc1noc(C)c1-c1ccc(C2CC2NCC2CCN(Cc3ccc(C(=O)NO)cc3)CC2)cc1,6.85,1
CHEMBL6169035,CCNNC(=O)c1cc(F)c(CN2c3ccccc3C=Cc3ccncc32)cc1F,6.85,7
CHEMBL140000,CN(C)c1ccc(C(=O)NCCCCCCC(=O)NO)cc1,6.84,2
CHEMBL3233696,O=C(/C=C/c1ccc(OC[C@H](Cc2c[nH]c3ccccc23)NC(=O)Cc2ccccc2)cc1)NO,6.84,1
CHEMBL4299445,CC[C@@H]1OC(=O)[C@H](C)[C@@H](O[C@@H]2C[C@](C)(OC)[C@H](O)[C@@H](C)O2)[C@@H](C)[C@@H](O[C@@H]2O[C@H](C)C[C@H](N(C)Cc3ccc(-c4cn(CCCCC(=O)NO)nn4)cc3)[C@H]2O)[C@](C)(O)C[C@@H](C)CN(C)[C@H](C)[C@@H](O)[C@]1(C)O,6.84,1
CHEMBL3770531,O=C(NCCCCCC(=O)C(F)(F)F)c1nc(-c2nccs2)sc1C1CC1,6.84,1
CHEMBL3955253,CCOc1ccc(C[C@H]2C[C@@H](C(=O)NO)C2)cc1-c1nc2c(CC)nn(C)c2c(=O)[nH]1,6.84,1
CHEMBL4215029,COc1cc(C(=O)c2ccc3c(ccn3Cc3ccc(/C=C/C(=O)NO)cc3)c2)cc(OC)c1OC,6.84,1
CHEMBL4642616,O=C(CCCCCCCC(=O)NCCCN1c2ccccc2CCc2ccc(Cl)cc21)NO,6.84,1
CHEMBL4778531,Cn1cc(-c2ccccc2Oc2ccccc2)c2cc(C(=O)NCCCC(=O)NO)[nH]c2c1=O,6.84,1
CHEMBL4864510,CCC(=O)CCCCC[C@H](NC(=O)[C@H]1CC12CCN(CC)CC2)c1ncc(-c2cc3cccnc3cc2OC)[nH]1,6.84,1
CHEMBL5188941,CCNNC(=O)c1ccc(Cn2c(=O)n(CCc3ccccc3)c(=O)c3ccccc32)cc1,6.84,1
CHEMBL5184540,CC(C)N(Cc1ccc(CC(=O)NO)cc1)S(=O)(=O)c1cc(F)c(F)c(F)c1F,6.84,1
CHEMBL5287581,Cc1c(NC(=O)NCCN2C(=O)S/C(=C\c3ccc([N+](=O)[O-])cc3)C2=O)c(=O)n(-c2ccccc2)n1C,6.84,1
CHEMBL4634443,O=C(NO)c1ccc(COc2ccc(CNC(=O)[C@@H]3CCC(=O)N3Cc3ccccc3)cc2)cc1,6.84,1
CHEMBL6032830,CCS(=O)(=O)N(Cc1ncc(-c2nnc(C(F)F)o2)s1)c1ccc(N2CCN(C)CC2)nc1,6.84,1
CHEMBL5914625,CC(C)(C)OC(=O)Cn1ccc(-c2nnc(C(F)F)o2)cc1=O,6.84,1
CHEMBL472250,CC[C@H]1OC(=O)[C@H](C)[C@@H](O)[C@H](C)[C@@H](O[C@@H]2O[C@H](C)C[C@H](N(C)Cc3ccc(-c4cn(CCCCCCC(=O)NO)nn4)cc3)[C@H]2O)[C@](C)(OC)C[C@@H](C)C(=O)[C@H](C)[C@@H](O)[C@]1(C)O,6.83,1
CHEMBL2390996,O=C(/C=C/c1ccc2c(c1)C(=O)CC1(CCN(CCc3ccccc3)CC1)O2)NO,6.83,2
CHEMBL2431902,CC(C)(C)C(=O)N1CCc2cc(C(=O)NO)ccc2C1,6.83,2
CHEMBL3601339,COCCN(CCOC)c1nccc2ccc(NC(=O)CCCCCCC(=O)NO)cc12,6.83,1
CHEMBL3693771,CC(C)c1cccc(C(C)C)c1Nc1ncc(C(=O)N(C)CCCCCCC(=O)NO)cn1,6.83,4
CHEMBL4059703,O=C(/C=C/c1ccc(NCCCn2cc(-c3ncnc4[nH]ccc34)cn2)cc1)NO,6.83,1
CHEMBL4213207,O=C(NO)c1ccc(C(=O)Nc2n[nH]c3cc(-c4ccc(Cl)c(Cl)c4)ccc23)cc1,6.83,1
CHEMBL4571732,CC1(C)[C@@H]2CC[C@@H](CNCc3ccc(C(=O)NO)cc3)[C@H]1C2,6.83,1
CHEMBL4539071,CC(C)(NC(=O)c1nc(-c2nccs2)sc1C1CC1)c1ccc(C(=O)NO)cc1,6.83,1
CHEMBL4645468,CCC(=O)CCCCC[C@H](NC(=O)[C@@H]1C[C@]12CCN(C)C2)c1ncc(-c2cc3ccccc3nc2OC)[nH]1,6.83,1
CHEMBL4796822,O=C(NO)c1ccc(COc2c(-c3ccccc3)c3ccccc3[nH]c2=O)cc1,6.83,1
CHEMBL5919425,CC1(C)C2CCC(CNCc3ccc(C(=O)NO)cc3)C1C2,6.83,1
CHEMBL6011768,CC1(C)C(=O)N(Cc2ncc(-c3nnc(C(F)F)o3)s2)c2cnccc21,6.83,1
CHEMBL514485,NS(=O)(=O)NCCCC[C@H](NC(=O)Cc1ccccc1)C(=O)Nc1nc(-c2ccccc2)cs1,6.82,1
CHEMBL481802,O=C1CN(Cc2ccc(C(=O)NO)cc2)c2ccccc2N1,6.82,1
CHEMBL3288484,O=C(CCCCCCS)Nc1nc(-c2cccc(F)c2)cs1,6.82,1
CHEMBL3617543,O=C(O)c1cccc(=S)n1O,6.82,1
CHEMBL3747076,COc1ccc(-c2nc(NC(=O)NCCCC(=O)NO)cc3c4ccccc4n(C)c23)cc1,6.82,1
CHEMBL3759808,O=C(/C=C/c1ccc2c(c1)C(=O)CC1(CCCN(Cc3ccccc3)CC1)O2)NO,6.82,1
CHEMBL3800411,O=C(NO)c1ccc(Br)c(NC(=O)c2ccccc2)c1,6.82,1
CHEMBL3799183,O=C(NO)c1ccc(Cl)c(NC(=O)c2ccc(Oc3ccccc3)cc2)c1,6.82,1
CHEMBL3940062,COC[C@@H]1CCCC1c1ccc(C(=O)NO)cc1,6.82,1
CHEMBL3938052,COC[C@@H]1CCCN1Cc1ccc(C(=O)NO)cc1,6.82,1
CHEMBL4447317,O=C(NO)c1ccc(N(Cc2ccc(C(F)(F)F)cc2)C(=O)CN(Cc2ccccc2C(F)(F)F)S(=O)(=O)c2ccc(F)cc2F)cc1,6.82,1
CHEMBL4519499,O=C(/C=C/c1ccc(C(=O)NCCOc2no[n+]([O-])c2S(=O)(=O)c2ccccc2)cc1)NO,6.82,2
CHEMBL4788940,Cc1cc2cc(NS(=O)(=O)Cc3ccc(C(=O)NO)cc3)ccc2n(C)c1=O,6.82,1
CHEMBL4852593,COc1cc2c(NCC3CCN(c4ncc(C(=O)NO)cn4)CC3)cc(-c3ccc(C)o3)nc2cc1OCCCN1CCCC1,6.82,2
CHEMBL5081200,Cc1ccc(-c2cc(/C=C/c3ccc(C(=O)NO)cc3)ccn2)cc1,6.82,1
CHEMBL5089538,Cc1ccc(-c2cncc(/C=C/c3ccc(C(=O)NO)cc3)c2)c(F)c1,6.82,1
CHEMBL5193584,Cc1cc(C)c(CNC(=O)c2cc(-c3ccc(N4CCN(C(=O)CCCCCC(=O)NO)CC4)nc3)cc3c2cnn3C(C)C)c(=O)[nH]1,6.82,1
CHEMBL5281671,O=C(NO)c1cccc(Cn2ncnc2-c2ccccc2)c1,6.82,1
CHEMBL5267454,CC(C)(C)OC(=O)N1CCC2(CC1)c1ccccc1N(Cc1ccc(C(=O)NO)cc1)C2c1cccnc1,6.82,1
CHEMBL5410758,Cc1nc(NC(=O)N2C[C@H](NC(=O)CCCC(=O)NO)C[C@H]2C(N)=O)sc1-c1ccnc(C(C)(C)C(F)(F)F)c1,6.82,1
CHEMBL5422428,Cc1cc(C)nc(SCC(=O)Nc2ncc(Cc3cccc(C(=O)NO)c3)s2)n1,6.82,1
CHEMBL5981851,O=S1(=O)CCCN1C[C@@H](Nc1ncc(-c2nnc(C(F)F)o2)cn1)c1ccc(F)cc1,6.82,1
CHEMBL5961210,Cn1ccc(CN(Cc2ccc(-c3noc(C(F)(F)F)n3)cc2)c2cccc(C(F)(F)F)c2)n1,6.82,1
CHEMBL5880794,CCC(=O)N(Cc1ccc(-c2noc(C(F)(F)F)n2)cc1)c1cccc(C(F)(F)F)c1,6.82,1
CHEMBL5747200,O=C(NO)c1ccc(OCCCNC2CC2c2ccccc2)cc1,6.82,1
CHEMBL6142246,O=C(NO)c1cnc(N2CCC(CNCc3nnnn3Cc3ccccc3)CC2)nc1,6.82,1
CHEMBL4530039,Cc1noc(C)c1-c1nc2sc3c(c2c(=O)[nH]1)CCN(CCCCCC(=O)NO)C3,6.81,1
CHEMBL4785718,O=C(NO)c1ccc(CN2CCC3(CC2)CN(C(=O)c2ccccc2)c2ccccc23)cc1,6.81,1
CHEMBL5562385,C[C@@H](COCCC(=O)N1CCC2(CCN(c3ncc(C(=O)NO)cn3)C2)C1)Nc1cn[nH]c(=O)c1C(F)(F)F,6.81,1
CHEMBL5589771,O=C(CCCCCCn1cc(Nc2cc(-c3cccc(NCc4cccc(F)c4)n3)c(Cl)cn2)cn1)NO,6.81,1
CHEMBL5901513,CCS(=O)(=O)N(Cc1ncc(-c2nnc(C(F)F)o2)s1)c1cnc(C(F)(F)F)nc1,6.81,1
CHEMBL485771,O=C(c1ccc(C(=O)C(F)(F)F)s1)N1CCC(c2nnc(-c3ccccc3)o2)CC1,6.8,1
CHEMBL481726,O=C(NO)c1ccc(CN2C(=O)CNC(=O)[C@H]2Cc2cccs2)cc1,6.8,1
CHEMBL454672,O=C(c1ccc(-c2nnc(-c3cccs3)o2)s1)C(F)(F)F,6.8,1
CHEMBL1095075,O=C(/C=C/c1cccc(-c2nc3ccccc3n2CCN2CCOCC2)c1)NO,6.8,1
CHEMBL1095718,Cc1nc(-c2cccc(/C=C/C(=O)NO)c2)n(CCN2CCOCC2)c1C,6.8,1
CHEMBL1798008,CC[C@H](C)[C@@H](CN1Cc2cc(OCC(=O)NO)ccc2C[C@H]1C(=O)Nc1ccc(OC)cc1)NC(=O)CC(C)(C)C,6.8,1
CHEMBL2442789,COc1cc([C@@H]2c3cc4c(cc3[C@@H](Nc3cccc(NC(=O)CCCCCC(=O)NO)c3)[C@H]3COC(=O)[C@H]23)OCO4)cc(OC)c1O,6.8,1
CHEMBL3335298,O=C(CCCCc1ccn(Cc2ccc(-n3ccc4ccccc43)cc2)n1)NO,6.8,1
CHEMBL3356926,O=C1NC[C@H](c2ccccc2)[C@H]1C(=O)N[C@@H](CCCCCS)C(=O)Nc1ccccc1,6.8,1
CHEMBL3415453,O=C(NO)c1ccc(NC2CCN(c3ccc(Cl)cc3)C2=O)cc1,6.8,1
CHEMBL3640666,CN(CCCCCCC(=O)NO)C(=O)c1cccc(C(O)(c2ccc(F)cc2)c2ccc(F)cc2)c1,6.8,4
CHEMBL4208276,O=C(NO)c1ccc(C(=O)Nc2n[nH]c3cc(-c4cccc(Cl)c4Cl)ccc23)cc1,6.8,1
CHEMBL4288220,CCC(CCCC(=O)Nc1ccccc1)CCC(=O)NO,6.8,1
CHEMBL4465878,Cc1cc(-c2nc3sc4c(c3c(=O)[nH]2)CCN(C)C4)cc(C)c1OCCOCc1ccc(/C=C/C(=O)NO)cc1,6.8,1
CHEMBL4578278,O=C(NO)c1ccc(Cn2cc(CN3CCCC3)c3ccccc32)cc1,6.8,1
CHEMBL4472676,CNCCOc1no[n+]([O-])c1S(=O)(=O)c1ccccc1,6.8,1
CHEMBL4642518,CCC(=O)CCCCC[C@H](NC(=O)[C@H]1CC12CCN(C)CC2)c1ncc(-c2cc3ccccc3nc2OC)[nH]1,6.8,1
CHEMBL4637357,CCC(=O)CCCCC[C@H](NC(=O)[C@H]1CC12CCN(CC)CC2)c1ncc(-c2cc3ccccc3nc2OC)[nH]1,6.8,1
CHEMBL4644038,CCC(=O)CCCCC[C@H](NC(=O)[C@H]1CC12CCN(C(C)C)CC2)c1ncc(-c2cc3ccccc3nc2OC)[nH]1,6.8,1
CHEMBL4753795,COc1cc2nc3ccccc3c(Nc3ccc(C(=O)NO)cc3)c2c(OC)c1OC,6.8,1
CHEMBL4857763,O=C(NO)c1ccc(Cl)c(NC(=O)c2ccc(-c3ccccc3)cc2)c1,6.8,1
CHEMBL5170140,C#Cc1nc(/C=C/C=C/C(=O)NO)cs1,6.8,1
CHEMBL5181479,C#Cc1nc(/C=C/C(=O)NO)cs1,6.8,1
CHEMBL5206154,O=C(/C=C/C=C/c1csc(Br)n1)NO,6.8,1
CHEMBL5208700,O=C(NO)c1ccc(CNCc2cccs2)cc1,6.8,1
CHEMBL5200566,C#CCN(C)CCCOc1cc(NC(=O)CCCCCCCCC(=O)NO)ccc1Cl,6.8,1
CHEMBL5219361,CN(CCOc1no[n+]([O-])c1S(=O)(=O)c1ccccc1)C(=O)c1ccc(/C=C/C(=O)NO)cc1,6.8,1
CHEMBL5218487,CCC(=O)CCCCC[C@H](NC(=O)[C@H]1CC12CCN(CC)CC2)c1ncc(-c2cc3cn(C)nc3cc2OC)o1,6.8,1
CHEMBL3426898,O=C(NO)c1ccc(Oc2no[n+]([O-])c2S(=O)(=O)c2ccccc2)cc1,6.8,1
CHEMBL5597702,COc1cc(F)ccc1-c1cc(Nc2cnn(CCCCCC(=O)NO)c2)ncc1F,6.8,1
CHEMBL5871768,Fc1ccc(C2(Nc3ncc(-c4nnc(C(F)F)o4)cn3)CCN(c3ccccc3)CC2)cc1,6.8,1
CHEMBL5750430,N#Cc1cc(C2(Nc3ncc(-c4nnc(C(F)F)o4)cn3)CC2)ccn1,6.8,1
CHEMBL5829105,O=S(=O)(C1CC1)N(CC(Nc1ncc(-c2nnc(C(F)F)o2)cn1)c1ccc(F)cc1F)CC(F)(F)F,6.8,1
CHEMBL5778129,O=S(=O)(C1CC1)N(C[C@H](Nc1ncc(-c2nnc(C(F)F)o2)cn1)c1ccc(F)cc1)CC(F)(F)F,6.8,1
CHEMBL5762135,O=C(C1CC1)N(C[C@H](Nc1ncc(-c2nnc(C(F)F)o2)cn1)c1ccc(F)cc1)CC(F)(F)F,6.8,1
CHEMBL6036762,Fc1ccc([C@H](Cn2cnc(C(F)(F)F)c2)Nc2ncc(-c3nnc(C(F)F)o3)cn2)cc1,6.8,1
CHEMBL6029604,Fc1ccc([C@H](Cn2cc(C(F)(F)F)cn2)Nc2ncc(-c3nnc(C(F)F)o3)cn2)cc1,6.8,1
CHEMBL6051502,FC(F)(F)c1nc(-c2ccc(CN(c3ccccn3)c3ccccn3)cc2)no1,6.8,1
CHEMBL5811848,CN1CCc2c(n(Cc3ccc(-c4noc(C(F)(F)F)n4)cc3)c3ccccc23)C1,6.8,1
CHEMBL5919684,O=C(Cn1cnc2ccccc21)N(Cc1ccc(-c2noc(C(F)(F)F)n2)cc1)c1cccc(C(F)(F)F)c1,6.8,1
CHEMBL6029108,O=C1N(Cc2ncc(-c3nnc(C(F)F)o3)s2)c2cnccc2C12CC2,6.8,1
CHEMBL6014661,Cn1ccc(-c2nnc(C(F)F)o2)cc1=O,6.8,1
CHEMBL6162471,CC(C)c1ccc(C(=O)N(CC(=O)NCc2ccccc2)CC2CCN(c3ncc(C(=O)NO)cn3)CC2)cc1,6.8,1
CHEMBL6134313,Cc1c(F)c(N)cc(C(=O)Nc2cc(-c3ccc(NC(=O)Cc4ccc(/C=C/C(=O)NO)cc4)cc3)ccc2N2CCN(C)CC2)c1Cl,6.8,1
CHEMBL6142552,Cc1c(F)c(N)cc(C(=O)Nc2cc(-c3ccc(NC(=O)CCc4ccc(/C=C/C(=O)NO)cc4)cc3)ccc2N2CCN(C)CC2)c1Cl,6.8,1
CHEMBL1798005,CC[C@H](C)[C@H](NC(=O)[C@@H](N)C(C)C)C(=O)N1Cc2cc(OCC(=O)NO)ccc2C[C@H]1C(=O)Nc1ccc(OC)cc1.Cl,6.79,1
CHEMBL1798003,CC[C@H](C)[C@H](NC(=O)C1CCN(C(=O)OC(C)(C)C)CC1)C(=O)N1Cc2cc(OCC(=O)NO)ccc2C[C@H]1C(=O)Nc1ccc(OC)cc1,6.79,1
CHEMBL2431903,O=C(NO)c1ccc2c(c1)CCN(C(=O)C1CCCCC1)C2,6.79,2
CHEMBL3693713,CN(CCCCCCC(=O)NO)C(=O)c1ccc(N(c2ccccc2)c2ccccc2)cc1,6.79,4
CHEMBL3693792,CN(CCCCCCC(=O)NO)C(=O)c1ccc(C(c2ccccc2)c2ccccc2)cc1,6.79,4
CHEMBL4212866,CCCc1nn(C)c2c(=O)[nH]c(-c3cc(Cc4ccc(CC(=O)NO)cc4)ccc3OCC)nc12,6.79,1
CHEMBL4455244,O=C(NO)c1ccc(Sc2nc(C3CC3)n(-c3ccccc3)n2)cc1,6.79,1
CHEMBL4865197,COc1ccc(-c2nc(CNc3ccc(C(=O)NO)cc3)n(-c3ccccc3)n2)cc1,6.79,1
CHEMBL4874716,O=C(NO)c1ccc(CN2c3ccccc3Sc3ccc(C(=O)Nc4ccc(Br)cn4)cc32)cc1,6.79,1
CHEMBL6101904,C=C1C(=O)O[C@@H]2C[C@@]3(C)CC[C@@H](OC(=O)[C@@H](C)NC(=O)c4ccc(C(=O)NO)cc4)C(=C)[C@@H]3C[C@H]12,6.79,1
CHEMBL6134085,CCNNC(=O)c1ccc(CNC(=O)c2ccc(OCc3cn(CCCCCC(=O)N[C@H](C(=O)N4C[C@H](O)C[C@H]4C(=O)NCc4ccc(-c5scnc5C)cc4)C(C)(C)C)nn3)cc2)cc1,6.79,1
CHEMBL6177681,CCNNC(=O)c1ccc(CN2c3ccccc3C=Cc3ccncc32)cc1F,6.79,1
CHEMBL510856,CCCSC(=S)SCC(=O)c1ccc(C(=O)N[C@H](C)c2ccccc2)s1,6.78,1
CHEMBL3233711,O=C(/C=C/c1cccc(OC[C@H](Cc2c[nH]c3ccccc23)NC(=O)c2ccc(Cl)cc2)c1)NO,6.78,1
CHEMBL3760046,COc1ccc(-c2cc(C(=O)NCCCCCCS)[nH]n2)cc1,6.78,1
CHEMBL4214699,CCCc1nn(C)c2c(=O)[nH]c(-c3cc(Cc4ccc(C(=O)NO)o4)ccc3OCC)nc12,6.78,1
CHEMBL4225760,CCCc1cc(-c2ccc(F)cc2)n(Cc2ccc(C(=O)NO)cc2)n1,6.78,1
CHEMBL4202863,Cc1ccc(NC(=O)[C@H](Cc2c[nH]c3ccccc23)NC(=O)c2ccc(C(=O)NO)cc2)cc1,6.78,1
CHEMBL4474286,O=C(NO)c1ccc(Cn2c(=O)n(CCc3ccccc3)c(=O)c3ccc(C4CC4)cc32)cc1,6.78,2
CHEMBL5087583,O=C(/C=C/c1ccc(NC(=O)Nc2ccc(Cl)c(C(F)(F)F)c2)cc1)NO,6.78,1
CHEMBL5198194,CC1(NCC(=O)NCc2ccc(/C=C/C(=O)NO)cc2)CCN(c2cnc(-c3cccc(Cl)c3Cl)c(N)n2)CC1,6.78,1
CHEMBL5219509,N#Cc1c(N)nc(N)nc1N1C[C@@H](OC(=O)NCc2ccc(C(=O)NO)cc2)C[C@H]1c1nc2cccc(Cl)c2c(=O)n1-c1ccccc1,6.78,1
CHEMBL5291414,CN1CCC2(CC1)c1ccccc1N(Cc1ccc(C(=O)NO)cc1)C2c1ccc(Cl)cc1,6.78,1
CHEMBL5276718,CC1(C)c2ccccc2N(Cc2ccc(C(=O)NO)cc2)C1c1ccccc1,6.78,1
CHEMBL5270568,COc1cccc2ccc(C(=O)NCc3ccc(C(=O)NO)cc3)nc12,6.78,1
CHEMBL5402253,O=C(CCCCNC(=O)c1ncc(-c2ccccc2)o1)NO,6.78,1
CHEMBL5404427,Cc1nc2ccc(/C=C/CC(=O)NO)cc2c(=O)n1-c1ccccc1,6.78,1
CHEMBL5590582,O=C(NO)c1ccc(CC(=O)N2CCc3c([nH]c4ccccc34)C2)cc1,6.78,1
CHEMBL5611957,COc1ccc2c(ccn2S(=O)(=O)c2ccc(C(=O)NO)cc2)c1,6.78,1
CHEMBL487370,COc1cccc(N2CCN(C(=O)c3ccc(C(=O)C(F)(F)F)s3)CC2)c1,6.77,1
CHEMBL481718,O=C(NO)c1ccc(CN2C(=O)CNC(=O)[C@H]2Cc2ccccc2)cc1,6.77,1
CHEMBL504161,O=C(c1ccc(-c2nc(Cc3cccs3)no2)s1)C(F)(F)F,6.77,1
CHEMBL585554,O=C(c1ccc(-c2ccccc2)s1)C(F)(F)F,6.77,1
CHEMBL1798006,CC[C@H](C)[C@H](NC(=O)C1CCNCC1)C(=O)N1Cc2cc(OCC(=O)NO)ccc2C[C@H]1C(=O)Nc1ccc(OC)cc1.Cl,6.77,1
CHEMBL3287268,CC(C)/C=C/c1sc(-c2nccs2)nc1C(=O)NCCCCC(=O)NO,6.77,2
CHEMBL3979648,COC(=O)CCCCCCCc1ccc(N2C(=S)N(c3ccc(C#N)c(C(F)(F)F)c3)C(=O)C2(C)C)cc1F,6.77,1
CHEMBL4084499,CCN(CC)CCNC(=O)c1ccc(-c2cn(CCCCCC(=O)NO)nn2)cn1,6.77,1
CHEMBL4517827,Cc1ccc2c(=O)n(CCc3ccccc3)c(=O)n(Cc3ccc(C(=O)NO)cc3)c2c1,6.77,2
CHEMBL4445210,CC[C@H](Nc1ncnc2[nH]cnc12)c1nc2cccc(NCc3ccc(C(=O)NO)nc3)c2c(=O)n1-c1ccccc1,6.77,1
CHEMBL5204550,O=C(/C=C/c1csc(Br)n1)NO,6.77,1
CHEMBL5192800,O=C(/C=C/c1ccc(C(=O)N2CCC(N3C(=O)[C@H](c4ccccc4)[C@H]3c3ccccc3)CC2)cc1)NO,6.77,1
CHEMBL5399941,O=C(NCC12C[C@H]3C[C@@H](C1)C[C@@H](C2)C3)c1ccc2c(ccn2Cc2ccc(C(=O)NO)c(Br)c2)c1,6.77,1
CHEMBL5620020,Cc1nc(C)c(C(=O)Nc2cccc(C(=O)NO)c2)nc1C,6.77,1
CHEMBL5790788,O=C(Nc1ccccc1)C(Nc1ncc(-c2nnc(C(F)F)o2)cn1)c1ccc(F)cc1,6.77,1
CHEMBL5888514,CS(=O)(=O)N(C[C@@H](Nc1ncc(-c2nnc(C(F)F)o2)cn1)c1ccc(Cl)cc1)CC(F)(F)F,6.77,1
CHEMBL5847829,FC(F)(F)c1nc(-c2ccc(N[C@@H]3CCCC[C@H]3c3ccccc3)nc2)no1,6.77,1
CHEMBL6030185,O=C1CC[C@@H](CN2CCOCC2)N1c1ccc(-c2noc(C(F)(F)F)n2)c(F)c1,6.77,1
CHEMBL5939006,O=C(NO)c1ccc(N2CCC(CNC3CC3c3ccc(F)cc3)CC2)cc1,6.77,1
CHEMBL5777139,O=C(NO)c1ccc(CN2CCC(CNC3CC3c3ccc(-c4cncnc4)cc3)CC2)cc1,6.77,1
CHEMBL5857545,O=C(NO)c1ccc(C(=O)NCCN2CCC(CNC3CC3c3ccc(F)c(F)c3)CC2)cc1,6.77,1
CHEMBL5906430,O=C1CCC(c2ccccc2)N1c1ncc(-c2nnc(C(F)F)o2)s1,6.77,1
CHEMBL521355,COc1ccc(Cl)cc1N1CCN(C(=O)c2ccc(C(=O)C(F)(F)F)s2)CC1,6.76,1
CHEMBL470843,Cl.O=C(/C=C/c1ccc(-c2cc(CN3CCOCC3)on2)cc1)NO,6.76,1
CHEMBL516915,CCSC(=S)SCC(=O)c1ccc(CC(=O)NCc2ccc(OC)cc2)s1,6.76,1
CHEMBL482280,CCSC(=S)SCC(=O)c1ccc(NC(=O)c2ccccc2)cc1,6.76,1
CHEMBL4640205,O=C(NO)c1ccc(N(Cc2ccccc2)C(=O)c2cccc(C(F)(F)F)c2)cc1,6.76,1
CHEMBL4870868,O=C(CCCCCONC(=O)c1nccc2ccccc12)NO,6.76,1
CHEMBL4856388,CCCN1C(=O)N(Cc2ccc(C(=O)NO)cc2)C(=O)C1CC(C)C,6.76,1
CHEMBL5091589,CC(C)(F)CN1CCc2cc(O)ccc2C1c1ccc(OC2CN(CC(=O)NO)C2)cc1,6.76,1
CHEMBL5174152,CCNNC(=O)c1ccc(CN2c3ccccc3Sc3ccccc32)cc1,6.76,1
CHEMBL5189799,CCNNC(=O)c1ccc(CN2c3ccccc3C=Cc3ccc(C(F)(F)F)cc32)cc1,6.76,1
CHEMBL5791808,O=C(/C=C/c1ccc(CNC2CC2c2ccc(-c3cncnc3)cc2)cc1)NO,6.76,1
CHEMBL2371803,CC[C@H](C)[C@@H]1NC(=O)[C@@H](Cc2ccc(OC)cc2)NC(=O)[C@H](CCCCSCC(=O)C(F)(F)F)NC(=O)[C@H]2CCCN2C1=O,6.75,1
CHEMBL473836,NS(=O)(=O)NCCCC[C@H](NC(=O)OCc1ccccc1)C(=O)Nc1nc(-c2ccccc2)cs1,6.75,2
CHEMBL244199,CCSC(=S)SCC(=O)c1ccc(NC(C)=O)cc1,6.75,1
CHEMBL2408820,CN1C(=O)C(NC(=O)CCCCCC(=O)NO)N=C(c2ccccc2)c2ccccc21,6.75,1
CHEMBL2413317,CCCN(Cc1ccccc1)Cc1ccc(/C=C/C(=O)NO)o1,6.75,1
CHEMBL3287264,CC(C)=Cc1sc(-c2nccs2)nc1C(=O)NCCCCC(=O)NO,6.75,1
CHEMBL3415970,Nc1nc2ncc(CNc3ccc(C(=O)N[C@@H](CCC(=O)NCCCCCCCCC(=O)NO)C(=O)O)cc3)nc2c(=O)[nH]1,6.75,1
CHEMBL3675754,O=C(NO)c1ccc(CCn2c3ccccc3c3ccccc32)cc1,6.75,2
CHEMBL4299427,CC[C@@H]1OC(=O)[C@H](C)[C@@H](O[C@@H]2C[C@](C)(OC)[C@H](O)[C@@H](C)O2)[C@@H](C)[C@@H](O[C@@H]2O[C@H](C)C[C@H](N(C)Cc3ccccc3-c3cn(CCCCCC(=O)NO)nn3)[C@H]2O)[C@](C)(O)C[C@@H](C)CN(C)[C@H](C)[C@@H](O)[C@]1(C)O,6.75,1
CHEMBL3693718,CC(C)c1ccccc1N(C)c1ncc(C(=O)N(C)CCCCCCC(=O)NO)cn1,6.75,4
CHEMBL3693738,CN(CCCCCCC(=O)NO)C(=O)c1ccc(N(C)c2nc3ccccc3o2)cc1,6.75,4
CHEMBL3693799,CCOC(c1ccccc1)(c1ccccc1)c1ccc(C(=O)N(C)CCCCCCC(=O)NO)cc1,6.75,4
CHEMBL4207699,O=C(NO)c1ccc(C(=O)Nc2n[nH]c3cc(-c4cc(Cl)ccc4Cl)ccc23)cc1,6.75,1
CHEMBL4282039,O=C(NO)c1ccc(Cn2[se]c3ccc(F)cc3c2=O)cc1,6.75,1
CHEMBL4790834,O=C(NO)c1ccc(COc2c(-c3ccccc3)c3ccccc3n(Cc3ccccc3)c2=O)cc1,6.75,1
CHEMBL5087779,O=C(NO)c1ccc(/C=C/c2cccc(-c3ccccc3O)c2)cc1,6.75,1
CHEMBL5182624,Cc1cc(C)c(CNC(=O)c2cc(-c3ccc(NC(=O)CCCCCCC(=O)NO)cc3)cc3c2cnn3C(C)C)c(=O)[nH]1,6.75,1
CHEMBL5208990,O=C(NO)c1ccc(CNCc2ccsc2)cc1,6.75,1
CHEMBL5184678,CC12CC3CC(C)(C1)CC(NC(=O)/C=C/c1ccc(C(=O)NO)cc1)(C3)C2,6.75,2
CHEMBL5271471,CCC(=O)CCCCC[C@H](NC(=O)C1CN(C)C1)c1ncc(-c2cc3ccccc3nc2OC)o1,6.75,1
CHEMBL5407992,Cc1onc(-c2ccccc2)c1C(=O)NCCCCCCC(=O)NO,6.75,1
CHEMBL5556243,O=C(NO)c1ccc(CN(CC2CCCCC2)C(=O)c2ccccc2)cc1,6.75,1
CHEMBL6067698,C[C@@H](COCCC(=O)NC1CCN(c2ncc(C(=O)NO)cn2)CC1)Nc1cn[nH]c(=O)c1C(F)(F)F,6.75,1
CHEMBL5589652,C#CCN1C(=O)CNC(=O)/C1=C/c1ccc(C(=O)NCCNC(=O)c2ccc(C(=O)NO)cc2)cc1,6.75,1
CHEMBL5598487,COc1cc2c(cc1O)CN1C(=O)CC[C@H]1C(=O)N2CCCCCCCC(=O)NO,6.75,1
CHEMBL5618156,COc1ccc(-c2cc(-c3ccc(C(C)C)cc3)cnc2NCc2ccc(C(=O)NO)cc2)cc1,6.75,1
CHEMBL5965990,Fc1ccc(C2(Nc3ncc(-c4nnc(C(F)F)o4)cn3)CCC(F)(F)CC2)cc1,6.75,1
CHEMBL5811065,O=C(NO)c1ccc(CCC(=O)N2CCC(NC3CC3c3ccccc3)CC2)cc1,6.75,1
CHEMBL6152457,O=C(NO)c1cnc(N2CCC(CNCc3nnnn3CCc3c[nH]c4ccccc34)CC2)nc1,6.75,1
CHEMBL6169127,O=C(NO)c1ccc(CN2CN(c3ccccc3)C3(CCN(C(=O)c4ccc(-c5ccccc5)o4)CC3)C2=O)c(F)c1,6.75,1
CHEMBL481319,CCSC(=S)SCC(=O)c1cccc(S(=O)(=O)Nc2cccc(C(N)=O)c2)c1,6.74,1
CHEMBL4299362,CC[C@@H]1OC(=O)[C@H](C)[C@@H](O[C@@H]2C[C@](C)(OC)[C@@](O)(CN(C)Cc3ccc(-c4cn(CCCC(=O)NO)nn4)cc3)[C@@H](C)O2)[C@@H](C)[C@@H](O[C@@H]2O[C@H](C)C[C@H](N(C)C)[C@H]2O)[C@](C)(O)C[C@@H](C)CN(C)[C@H](C)[C@@H](O)[C@]1(C)O,6.74,1
CHEMBL3394285,O=C(/C=C/c1ccc(C(F)(F)F)cc1)NO,6.74,1
CHEMBL3770029,COc1ccc2cc(-c3nc(C(=O)NO)co3)ccc2c1,6.74,1
CHEMBL3883560,Cc1ccc(-c2cc(C(=O)NCCCCCCCC(=O)NO)nn2-c2ccc(S(N)(=O)=O)cc2)cc1,6.74,1
CHEMBL3984885,CC(C)=Cc1sc(-c2nccs2)nc1C(=O)NCCCNC(=O)CS,6.74,1
CHEMBL4278151,O=C(CCCCCCOc1ccc(-n2[se]c3ccccc3c2=O)cc1)NO,6.74,1
CHEMBL4293957,O=C(CCCCCn1[se]c2ccccc2c1=O)NO,6.74,1
CHEMBL4744667,O=C(NO)c1ccc(CCCN2CCc3cc(CN[C@H]4C[C@@H]4c4ccc(F)cc4)ccc3C2)cc1,6.74,1
CHEMBL4750725,O=C(NO)c1ccc(CCCN2CC(CN[C@H]3C[C@@H]3c3ccccc3)C2)cc1,6.74,1
CHEMBL4865551,O=C(NO)c1ccc(NCc2nc(-c3ccc(Cl)cc3)nn2-c2ccccc2)cc1,6.74,1
CHEMBL4869421,Nc1ccc(C(=O)NO)cc1F,6.74,1
CHEMBL5598024,COc1cc2c(cc1OCc1ccccc1)CN1C(=O)CC[C@H]1C(=O)N2Cc1cccc(C(=O)NO)c1,6.74,1
CHEMBL6027754,O=C(NO)c1ccc(CCCN2CC(CNC3CC3c3ccc(F)cc3)C2)cc1,6.74,1
CHEMBL5839729,O=C(NO)c1ccc(CCCN2CCc3cc(CNC4CC4c4ccc(F)cc4)ccc3C2)cc1,6.74,1
CHEMBL6062241,CCCS(=O)(=O)N(Cc1ncc(-c2nnc(C(F)(F)F)o2)s1)c1cncc(C#N)c1,6.74,1
CHEMBL3233705,COc1ccc(C(=O)N[C@H](COc2ccc(/C=C/C(=O)NO)cc2)Cc2c[nH]c3ccccc23)cc1,6.73,1
CHEMBL3640653,COC(c1ccc(C(=O)N(C)CCCCCCC(=O)NO)cc1)(c1ccc(F)cc1F)c1ccc(F)cc1F,6.73,4
CHEMBL3968861,O=C(CCCCNC(=O)c1nc(-c2nc(-c3ccccc3)cs2)sc1C1CC1)NO,6.73,1
CHEMBL4280808,O=C(NO)c1ccc(Cn2[se]c3ccc(O)cc3c2=O)cc1,6.73,1
CHEMBL4592260,Cc1cc(-c2nc3sc4c(c3c(=O)[nH]2)CCN(C)C4)cc(C)c1OCc1ccc(C(=O)NO)cc1,6.73,1
CHEMBL4578694,O=C(NO)c1ccc(N(Cc2ccc(C(F)(F)F)cc2)C(=O)CN(Cc2ccccc2C(F)(F)F)S(=O)(=O)c2ccc(F)c(F)c2)cc1,6.73,1
CHEMBL4644118,CCC(=O)CCCCC[C@H](NC(=O)[C@H]1C[C@]12CCN(C)C2)c1ncc(-c2cc3ccccc3nc2OC)[nH]1,6.73,1
CHEMBL4649205,CCC(=O)CCCCC[C@H](NC(=O)[C@H]1CC12CCN(CC1CC1)CC2)c1ncc(-c2cc3ccccc3nc2OC)[nH]1,6.73,1
CHEMBL1851943,CCCCc1nc2cc(/C=C/C(=O)NO)ccc2n1CCN(CC)CC,6.73,3
CHEMBL4796983,COc1cc(OC)c2c(N3CCC(F)(F)CC3)nc(-c3cc(C)c(OCCCCCC(=O)NO)c(C)c3)nc2c1,6.73,1
CHEMBL3187798,O=C(Nc1cc2cc[nH]c2cn1)c1ccccc1,6.73,1
CHEMBL4860861,O=C(NO)c1ccc(NCc2nc(-c3ccccc3Cl)nn2-c2ccccc2)cc1,6.73,1
CHEMBL5193360,O=C(CCCCCCOc1cccc(-c2nnc(-c3ccccc3)s2)c1)NO,6.73,1
CHEMBL5572410,O=C(NO)c1ccc(Cn2cnc3c(Nc4ccc(Br)cc4F)ncnc32)cc1,6.73,1
CHEMBL5594639,Cn1c2c(c3ccccc31)CN(C(=O)NCc1ccc(C(=O)NO)cc1)CC2,6.73,1
CHEMBL5620086,C[C@@H]1CC[C@H]2[C@@H](C)C(OCC(=O)NO)C[C@@H]3O[C@]4(C)CC[C@@H]1[C@]32OO4,6.73,1
CHEMBL5929893,O=C(NO)c1ccc(CCCC2CCN(C(=O)CNC3CC3c3ccccc3)CC2)cc1,6.73,1
CHEMBL475861,NS(=O)(=O)NCCCC[C@H](NC(=O)OCc1ccccc1)C(=O)Nc1nc2ccccc2s1,6.72,1
CHEMBL519738,O=C(NCc1ccccc1Cl)c1ccc(C(=O)C(F)(F)F)s1,6.72,1
CHEMBL1798004,CC[C@H](C)[C@H](NC(=O)[C@@H]1CCCN1)C(=O)N1Cc2cc(OCC(=O)NO)ccc2C[C@H]1C(=O)Nc1ccc(OC)cc1.Cl,6.72,1
CHEMBL2047694,CSc1ccc(C/C(=N\O)C(=O)NCCS)cc1Br,6.72,1
CHEMBL2390995,O=C(/C=C/c1ccc2c(c1)C(=O)CC1(CCN(Cc3ccc(F)cc3)CC1)O2)NO,6.72,2
CHEMBL3287269,CC(C)C1CC1c1sc(-c2nccs2)nc1C(=O)NCCCCC(=O)NO,6.72,2
CHEMBL3353060,Cn1cc(C(=O)N2CCn3cc(C(=O)NO)cc3C2)c2ccccc21,6.72,1
CHEMBL3589351,O=C(CCCCCCC(=O)Nc1ccc(OS(=O)(=O)C2CC3OC2C(c2ccc(O)cc2)=C3c2ccc(O)cc2)cc1)NO,6.72,1
CHEMBL3693752,CC(C)C(=O)N(c1ccccc1)c1ccc(C(=O)N(C)CCCCCCC(=O)NO)cc1,6.72,4
CHEMBL3947538,CC(C)Cc1sc(-c2nccs2)nc1C(=O)NCCCCCNC(=O)CS,6.72,1
CHEMBL4062520,CN1CCc2c(c3ccccc3n2S(=O)(=O)c2cccc(/C=C/C(=O)NO)c2)C1,6.72,1
CHEMBL4217166,CCCc1nn(C)c2c(=O)[nH]c(-c3cc(C(=O)c4ccc(C(=O)NO)s4)ccc3OCC)nc12,6.72,1
CHEMBL4584312,O=C(NCCc1cc(C(=O)NO)no1)c1ccccc1,6.72,1
CHEMBL4520400,CC(C)(C)c1ccc(CN(C(=O)CN(Cc2c(F)c(F)c(F)c(F)c2F)S(=O)(=O)c2ccc(F)cc2)c2ccc(C(=O)NO)cc2)cc1,6.72,2
CHEMBL4440341,O=C(NO)c1cc(F)c(Cn2nnc(-c3ccccn3)n2)c(F)c1,6.72,2
CHEMBL4463058,COc1cccc(CCCCCCCC(=O)NO)c1,6.72,1
CHEMBL4637127,CC(C)(C)c1cc(C(=O)Nc2ccc(C(=O)NO)cc2)cc(C(C)(C)C)c1,6.72,1
CHEMBL4761829,CC[N+]1=C(/C=C/C2=C3Oc4cc(O)cc(OCCCCCCCC(=O)NO)c4C=C3CCC2)C(C)(C)c2ccccc21.[I-],6.72,1
CHEMBL4784467,COc1cc(OC)c2c(N3CCOC[C@@H]3C)nc(-c3cc(C)c(OCCCCC(=O)NO)c(C)c3)nc2c1,6.72,1
CHEMBL5181667,CCCCN(Cc1ccc(C(=O)NNCC)cc1)C(=O)c1ccccc1,6.72,1
CHEMBL5962331,Fc1ccc(C2(Nc3ncc(-c4nnc(C(F)F)o4)cn3)CC2)nc1,6.72,1
CHEMBL5813644,CS(=O)(=O)Nc1ccccc1C(Nc1ncc(-c2nnc(C(F)F)o2)cn1)c1ccc(F)cc1,6.72,1
CHEMBL5809468,O=C1COC[C@@H](c2ccccc2)N1c1cnc(-c2noc(C(F)(F)F)n2)nc1,6.72,1
CHEMBL5802539,Cc1nc(Cl)cnc1COc1ccc(-c2noc(C(F)(F)F)n2)cn1,6.72,1
CHEMBL451289,CCSC(=S)SCC(=O)c1cccc(C(=O)NCc2ccccc2)c1,6.71,1
CHEMBL3415969,Nc1nc2ncc(CNc3ccc(C(=O)N[C@@H](CCC(=O)NCCCCCCCC(=O)NO)C(=O)O)cc3)nc2c(=O)[nH]1,6.71,1
CHEMBL3735456,CC[C@H]1OC(=O)[C@H](C)C(=O)[C@H](C)[C@@H](O[C@@H]2O[C@H](C)C[C@H](N(C)Cc3ccc(-c4cn(CCCC(=O)NO)nn4)cc3)[C@H]2O)[C@@](C)(OC)C[C@@H](C)C2=NCCN3C(=O)O[C@@]1(C)[C@H]3[C@H]2C,6.71,1
CHEMBL3769415,COc1ccc(-c2nc(C(=O)NO)co2)cc1,6.71,1
CHEMBL3775662,Cc1nc(N(C)c2ccc(OCCCC(=O)NO)cc2)c2ccccc2n1,6.71,1
CHEMBL3974954,CCOc1ccc(Oc2ccc(C(=O)NO)cc2)cc1-c1nc2c(CC)nn(C)c2c(=O)[nH]1,6.71,1
CHEMBL3693757,Cc1cccc(C)c1N(C(=O)CC(C)C)c1ccc(C(=O)N(C)CCCCCCC(=O)NO)cc1,6.71,4
CHEMBL3693802,COC(c1ccc(C(=O)N(C)CCCCCCC(=O)NO)cc1)(c1cccc(F)c1)c1cccc(F)c1,6.71,4
CHEMBL4438753,Cc1noc(C)c1-c1nc2sc3c(c2c(=O)[nH]1)CCN(CCCCCC(=O)Nc1ccccc1N)C3,6.71,1
CHEMBL4646915,CCC(=O)CCCCC[C@H](NC(=O)[C@H]1CC12CCN(C)CC2)c1ncc(-c2cc3ccccc3nc2OC)o1,6.71,1
CHEMBL5185319,Nc1ncc(-c2cn(CCCCCCCC(=O)NO)c(=O)c(N3CCOCC3)n2)cn1,6.71,1
CHEMBL5273740,O=C(NO)c1ccc(NC(=O)[C@@H](NC(=O)c2cccc(Br)c2)c2ccccc2)cc1,6.71,1
CHEMBL5426471,COc1ccc(-c2cnc(C(=O)NCCCCC(=O)NO)o2)cc1,6.71,1
CHEMBL5429416,FC(F)c1nnc(-c2cnc(NCc3ccccc3)nc2)o1,6.71,3
CHEMBL5793015,O=C(NO)c1ccc2c(c1)CN(C(=O)CCCNC1CC1c1ccc(F)cc1)C2,6.71,1
CHEMBL6142369,Cc1c(F)c(N)cc(C(=O)Nc2cc(-c3ccc(NC(=O)c4ccc(CC(=O)NO)cc4)cc3)ccc2N2CCN(C)CC2)c1Cl,6.71,1
CHEMBL515411,CCOC(=O)N[C@@H](CCCCNS(N)(=O)=O)C(=O)Nc1nc(-c2ccccc2)cs1,6.7,1
CHEMBL514478,COc1ccc(-c2csc(NC(=O)[C@H](CCCCNS(N)(=O)=O)NC(=O)OCc3ccccc3)n2)cc1,6.7,1
CHEMBL525529,O=C(c1ccc(C(=O)C(F)(F)F)s1)N1CCc2ccccc21,6.7,3
CHEMBL482272,CCSC(=S)SCC(=O)c1cccc(C(=O)NCCOc2ccccc2)c1,6.7,1
CHEMBL1095076,O=C(/C=C/c1cccc(-c2nc3ccccc3n2CC2CCNCC2)c1)NO,6.7,1
CHEMBL2440712,CCCCCNC(=O)Nc1cc(/C=C/C(=O)NO)ccc1SCCN(CC)CC,6.7,2
CHEMBL4078822,CN(C)C(=O)c1cn(S(=O)(=O)c2cccc(/C=C/C(=O)NO)c2)c2ccccc12,6.7,1
CHEMBL4160296,CNC(=O)c1ccc(Nc2c[nH]c3ccccc23)cc1,6.7,1
CHEMBL4548155,Cc1cc(-c2nc3sc4c(c3c(=O)[nH]2)CCN(C)C4)cc(C)c1OCc1ccc(/C=C/C(=O)NO)cc1,6.7,1
CHEMBL4470946,O=C(NO)c1cc(CCCOc2ccc(Cl)c(Cl)c2)on1,6.7,1
CHEMBL4439302,O=C(NO)c1ccc(Cc2nnc[nH]2)cc1,6.7,1
CHEMBL1164564,COc1cc(C(=O)OCCCCCCCOC(=O)c2ccc(O)c(OC)c2)ccc1O,6.7,1
CHEMBL5092482,O=C(NO)c1ccc(/C=C/c2cccc(-c3cccc(O)c3)c2)cc1,6.7,1
CHEMBL5218586,CCC(=O)CCCCC[C@H](NC(=O)[C@H]1CC12CCN(C)CC2)c1ncc(-c2cc3cccnc3cc2OC)[nH]1,6.7,1
CHEMBL5438547,COc1cccc(CNC(=O)c2csc(-c3nnn(Cc4ccc(C(=O)NO)cc4)n3)c2)c1,6.7,1
CHEMBL5569761,O=C(CCc1ccc(-c2sc3cc(O)ccc3c2C(=O)c2ccc(OCCN3CCCCC3)cc2)cc1)NO,6.7,1
CHEMBL5893685,CCS(=O)(=O)N(CC(Nc1ncc(-c2nnc(C(F)F)o2)cn1)c1ccc(OC(F)F)cc1F)CC(F)(F)F,6.7,1
CHEMBL5788535,FC(F)(F)c1nc(-c2ccnc(OCCc3cccc4cn[nH]c34)c2)no1,6.7,1
CHEMBL5969310,O=C(NO)c1ccc(CCCNC2CC2c2ccc(F)cc2)cc1,6.7,1
CHEMBL6005306,Cn1cc(-c2ccc(C3CC3NCC3CCN(Cc4ccc(C(=O)NO)cc4)CC3)cc2)ccc1=O,6.7,1
CHEMBL5800612,CCCn1cc(N(Cc2ncc(-c3nnc(C(F)F)o3)s2)S(=O)(=O)C(F)F)cn1,6.7,1
CHEMBL6134299,CN(C)c1ccc(C(=O)N(CC(=O)NCc2ccccc2)CC2CCN(c3ncc(C(=O)NO)cn3)CC2)cc1,6.7,1
CHEMBL479602,CCSC(=S)SCC(=O)c1ccc(CC(=O)NCCOc2ccccc2)s1,6.69,1
CHEMBL4287273,CN1CCC2(CC1)CN(Cc1ccc(C(=O)NO)cc1)c1ccccc12,6.69,1
CHEMBL4746111,N#Cc1ccc(-c2ccc([C@H]3C[C@@H]3NCC3CCN(CCCc4ccc(C(=O)NO)cc4)CC3)cc2)cc1,6.69,1
CHEMBL4785179,COc1cc(OC)c2c(N3CCCCC3)nc(-c3cc(C)c(OCCCCCC(=O)NO)c(C)c3)nc2c1,6.69,1
CHEMBL565269,Cc1cccc(Nc2nc(-c3ccncc3)cs2)c1,6.69,1
CHEMBL4848719,CC12CC3CC(C)(C1)CC(NC(=O)CCCCCC(=O)NO)(C3)C2,6.69,1
CHEMBL4855823,COc1cc2nc(-c3ccc(C)o3)cc(NCc3ccc(C(=O)NO)cn3)c2cc1OC,6.69,1
CHEMBL5192082,O=C(NO)c1ccc(NC(=O)N2CCC(N3C(=O)[C@H](c4ccccc4)[C@H]3c3ccccc3)CC2)cc1,6.69,1
CHEMBL5597853,COc1cc2c(cc1OCc1ccccc1)CN1C(=O)CC[C@H]1C(=O)N2Cc1ccccc1C(=O)NO,6.69,1
CHEMBL5813595,N#Cc1ccc(-c2ccc(C3CC3NCC3CCN(CCCc4ccc(C(=O)NO)cc4)CC3)cc2)cc1,6.69,1
CHEMBL462208,C[C@H](NC(=O)c1ccc(C(=O)C(F)(F)F)s1)c1ccccc1,6.68,3
CHEMBL523588,O=C(NCCc1ccccc1)c1ccc(C(=O)C(F)(F)F)s1,6.68,1
CHEMBL574365,O=C(c1cnc(-c2ccccc2)s1)C(F)(F)F,6.68,1
CHEMBL3759543,O=C(O)CCn1nc(-c2ccc(F)cc2)cc1C(=O)NCCCCCCS,6.68,1
CHEMBL4248849,CCc1c2c(nc3ccc(O)cc13)-c1cc3c(c(=O)n1C2)COC(=O)[C@@]3(CC)OC(=O)CCCCCCCC(=O)NO,6.68,1
CHEMBL4548247,C[C@@H](NC(=O)c1nc(-c2nccs2)sc1C1CC1)c1ccc(C(=O)NO)cc1,6.68,1
CHEMBL4448978,CC(=O)Nc1ccc(C(=O)NO)cc1,6.68,2
CHEMBL4799485,COc1cc(OC)c2c(N3CCOCC3)nc(-c3cc(C)c(OCCCCC(=O)NO)c(C)c3)nc2c1,6.68,1
CHEMBL5181507,O=C(NO)c1ccc(CNCc2ccccc2)cc1,6.68,1
CHEMBL3938429,O=C(CS)NCCCCCC(=O)Nc1ccc(-c2ccccc2NC(=O)[C@@H]2CCCN2)cc1,6.68,1
CHEMBL6001869,CCC(Nc1ncc(-c2noc(C(F)(F)F)n2)cn1)c1ccncc1,6.68,1
CHEMBL5883787,FC(F)(F)c1nnc(-c2cnc(NC3(c4ccccc4)CC3)nc2)o1,6.68,1
CHEMBL6048339,FC(F)c1nnc(-c2cnc(OC3(c4ccccc4)CC3)nc2)o1,6.68,1
CHEMBL5865734,FC(F)c1nnc(-c2cnc(NC3(c4cc(C(F)(F)F)ccc4Cl)CC3)nc2)o1,6.68,1
CHEMBL6091863,CC(=O)SCC(=O)c1ccc(CCN)cc1,6.68,1
CHEMBL180064,CN(C)c1ccc(C(=O)NCCCNC(=O)CS)cc1,6.67,1
CHEMBL2442791,COc1cc([C@@H]2c3cc4c(cc3[C@@H](Nc3ccc(OCCCC(=O)NO)cc3)[C@H]3COC(=O)[C@H]23)OCO4)cc(OC)c1O,6.67,1
CHEMBL3415961,Nc1nc2ncc(CNc3ccc(C(=O)NCCCCC(=O)NO)cc3)nc2c(=O)[nH]1,6.67,1
CHEMBL3675749,CN1CCc2c(c3ccccc3n2CCCCCC(=O)NO)C1,6.67,1
CHEMBL3953198,CC(C)/C=C/c1sc(-c2nccs2)nc1C(=O)NCCCNC(=O)CS,6.67,1
CHEMBL4095934,Cc1cc(C)cc(C(=O)N(CCCCCC(=O)NO)CC(=O)NC2CCCCC2)c1,6.67,1
CHEMBL4455730,COC(=O)c1c(CCCCCCCC(=O)NO)cccc1OC,6.67,1
CHEMBL4791396,O=C(NO)c1ccc(CCCN2CCC(CN[C@H]3C[C@@H]3c3ccc(C(=O)N4CCCCC4)cc3)CC2)cc1,6.67,1
CHEMBL5423139,O=C(CCCCCCNc1cc(N2CCc3ccccc3CC2)nc(-c2ccccn2)n1)NO,6.67,1
CHEMBL5596479,O=C(CCCCCCn1cc(Nc2cc(-c3cccc(NCC4CCOCC4)n3)c(Cl)cn2)cn1)NO,6.67,1
CHEMBL5661883,CN1CCc2c(c3ccccc3n2CCCCCC(=O)NO)C1.O=C(O)C(F)(F)F,6.67,1
CHEMBL5959335,Fc1ccc([C@@H](COCC(F)(F)F)Nc2ncc(-c3nnc(C(F)F)o3)cn2)c(F)c1,6.67,2
CHEMBL5857386,CCC(NCc1ccc(C(=O)NO)cc1)C12CC3CC(CC(C3)C1)C2,6.67,1
CHEMBL5924342,O=C(NO)c1ccc(CCCN2CCC(CNC3CC3c3ccc(F)c(F)c3)CC2)cc1,6.67,1
CHEMBL5976242,O=C(NO)c1ccc(CCCN2CCC(CNC3CC3c3ccc(C(=O)N4CCCCC4)cc3)CC2)cc1,6.67,1
CHEMBL6149660,CCCc1cc(C(=O)Nc2ccc(Cl)c(C(F)(F)F)c2)nn1Cc1ccc(C(=O)NO)cc1,6.67,1
CHEMBL6152349,CCNNC(=O)c1ccc(CNC(=O)c2ccc(OCc3cn(CCOCCC(=O)N[C@H](C(=O)N4C[C@H](O)C[C@H]4C(=O)NCc4ccc(-c5scnc5C)cc4)C(C)(C)C)nn3)cc2)cc1,6.67,1
CHEMBL516600,O=C(NO)c1ccc(CN2c3ccccc3NC(=O)[C@@H]2Cc2ccccc2)cc1,6.66,1
CHEMBL2047669,CO/N=C(\Cc1ccc(O)c(Br)c1)C(=O)NCCS,6.66,1
CHEMBL2401849,CC/C(=C(\c1ccccc1)c1ccc(OCCN(C)Cc2ccc(NC(=O)CCCCCCC(=O)NO)cc2)cc1)c1ccccc1,6.66,3
CHEMBL3758445,O=C(NCCCCCCS)c1cc(-c2ccc(F)cc2)n(CCCCO)n1,6.66,1
CHEMBL3693707,CC(C)c1cccc(C(C)C)c1N(C)c1ccc(C(=O)NCCCCCCC(=O)NO)cc1,6.66,4
CHEMBL4210396,O=C(NO)c1ccc(C(=O)Nc2n[nH]c3cc(-c4cccc(OC(F)(F)F)c4)ccc23)cc1,6.66,1
CHEMBL4210653,CCCc1nn(C)c2c(=O)[nH]c(-c3cc(C4=CCC(CC(=O)NO)CC4)ccc3OCC)nc12,6.66,1
CHEMBL4237494,CCc1c2c(nc3ccc(O)cc13)-c1cc3c(c(=O)n1C2)COC(=O)[C@@]3(CC)OC(=O)CCCCCC(=O)NO,6.66,1
CHEMBL4638330,CCC(=O)CCCCC[C@H](NC(=O)[C@@H]1CC12CN(C)C2)c1ncc(-c2cc3ccccc3nc2OC)[nH]1,6.66,1
CHEMBL4790559,CC(C)c1cc(C(=O)N2Cc3ccc(NC(=O)CCCCCCC(=O)NO)cc3C2)c(O)cc1O,6.66,1
CHEMBL4761847,O=C(NO)c1ccc(Nc2c3ccccc3nc3ccc(OCc4ccccc4)cc23)cc1,6.66,1
CHEMBL4778309,COc1cc(OC)c2c(N3CCOC[C@H]3C)nc(-c3cc(C)c(OCCCCC(=O)NO)c(C)c3)nc2c1,6.66,1
CHEMBL88553,Cc1ccc(O)c(/N=N/c2ccccc2)n1,6.66,1
CHEMBL4878197,CCC(=O)CCCCC[C@@H]1NC(=O)[C@H]2CC23CCN(CCCCCCCCn2ccc4cc(c(OC)cc4c2=O)-c2cnc1[nH]2)CC3,6.66,1
CHEMBL5218693,CCC(=O)CCCCC[C@H](NC(=O)[C@H]1CC12CCN(CC)CC2)c1ncc(-c2cc3ccc(C)nc3cc2OC)o1,6.66,1
CHEMBL5219246,N#Cc1c(N)nc(N)nc1N1CC2(CC2)C[C@H]1c1nc(NCCc2ccc(C(=O)NO)cc2)c2c(Cl)cccc2n1,6.66,1
CHEMBL5415658,O=C(NCC12C[C@H]3C[C@@H](C1)C[C@@H](C2)C3)c1ccc2c(ccn2Cc2ccc(C(=O)NO)c(Cl)c2)c1,6.66,1
CHEMBL5574286,O=C(CCCCc1ccc(-c2sc3cc(O)ccc3c2C(=O)c2ccc(OCCN3CCCCC3)cc2)cc1)NO,6.66,1
CHEMBL5819399,COc1ccccc1C1(Nc2ncc(-c3nnc(C(F)(F)F)o3)cn2)CC1,6.66,1
CHEMBL5856096,Fc1ccc([C@H](COC2CC2)Nc2ncc(-c3nnc(C(F)F)o3)cn2)c(F)c1,6.66,1
CHEMBL5965693,O=C(Cn1ccc(-c2nnc(C(F)F)o2)cc1=O)Nc1ccccc1,6.66,1
CHEMBL594544,O=C(NO)c1cnc(N2CCN(C(/C=C/c3ccc(F)cc3)CO)CC2)nc1,6.65,1
CHEMBL2431907,CC(C)(C)C(=O)N1Cc2ccc(C(=O)NO)cc2C1,6.65,2
CHEMBL3640658,Cc1cc(F)ccc1C(O)(c1ccc(C(=O)NCCCCCCC(=O)NO)cc1)c1ccc(F)cc1C,6.65,4
CHEMBL4641390,O=C(NO)c1ccc(N(Cc2cccc(C(F)(F)F)c2)C(=O)c2cccc(C(F)(F)F)c2)cc1,6.65,1
CHEMBL4866529,Cc1ccc(-c2nc(CNc3ccc(C(=O)NO)cc3)n(-c3ccccc3)n2)cc1,6.65,1
CHEMBL5875333,FC(F)c1nnc(-c2cnc(CNc3cccc(C(F)(F)F)c3)s2)o1,6.65,1
CHEMBL6165309,CCNNC(=O)c1ccc(CNC(=O)c2ccc(OCc3cn(CCOCCNc4cc5c(cc4F)C(=O)N(C4CCC(=O)NC4=O)C5=O)nn3)cc2)cc1,6.65,1
CHEMBL247217,O=C(/C=C/c1ccc2c(c1)C(=O)N(Cc1ccccc1)C2)NO,6.64,1
CHEMBL253309,CC(C)C[C@@H]1NC(=O)C(C)(C)NC(=O)[C@H](CCCCCSSc2ccccn2)NC(=O)[C@H]2CCCN2C1=O,6.64,1
CHEMBL1791401,CCC(=O)CCCCC[C@@H]1NC(=O)[C@H]2CCCCN2C(=O)[C@H]([C@H](C)CC)NC(=O)[C@H](Cc2cn(CC(=O)NCCCCCCNC(=O)CCSSCCNC(=O)C(CCCCNC(=O)CCCCC3SCC4NC(=O)NC43)NC(=O)c3ccc(N=[N+]=[N-])cc3)c3ccccc23)NC1=O,6.64,1
CHEMBL462209,CN(Cc1ccccc1)C(=O)c1ccc(C(=O)C(F)(F)F)s1,6.64,3
CHEMBL1630107,O=C(/C=C/c1ccc(-c2ccc3ncnc(Nc4ccc(OCc5cccc(F)c5)c(Cl)c4)c3c2)o1)NO,6.64,1
CHEMBL1630110,O=C(/C=C/c1ccc(-c2ccc3ncnc(Nc4ccc(OCc5cccc(F)c5)c(Cl)c4)c3c2)cc1)NO,6.64,1
CHEMBL2413319,CCCCN(Cc1ccccc1)Cc1ccc(/C=C/C(=O)NO)o1,6.64,1
CHEMBL3287255,O=C(CCCCNC(=O)c1nc(-c2nccs2)sc1C1CC1)NO,6.64,4
CHEMBL419758,O=C(CCCCCCS)Nc1nc(-c2ccccc2)cs1,6.64,1
CHEMBL3589699,O=C(CCCCCCC(=O)Nc1ccc(C2=C(c3ccc(O)cc3)C3CC(S(=O)(=O)Oc4ccc(Br)cc4)C2O3)cc1)NO,6.64,1
CHEMBL4546897,CC(C)(C)c1ccc(CN(C(=O)CN(Cc2ccccc2C(F)(F)F)S(=O)(=O)c2ccc(F)cc2)c2ccc(C(=O)NO)cc2)cc1,6.64,1
CHEMBL4568722,O=C(/C=C/c1ccc(C(=O)NCCCOc2no[n+]([O-])c2S(=O)(=O)c2ccccc2)cc1)NO,6.64,2
CHEMBL4782147,O=C(NO)c1ccc(CC(=O)N2CCC3(CC2)CN(Cc2ccccc2)c2ccccc23)cc1,6.64,1
CHEMBL4868592,Cc1cc(C)cc(C(=O)N(CC(=O)N(C)C)Cc2ccc(C(=O)NO)cc2)c1,6.64,1
CHEMBL4871275,CC12CC3CC(C)(C1)CC(NC(=O)CCCCCCCC(=O)NO)(C3)C2,6.64,1
CHEMBL4847870,COc1cc2nc(-c3ccccc3)cc(NCC3CCN(c4ncc(C(=O)NO)cn4)CC3)c2cc1OC,6.64,1
CHEMBL5619770,O=C(/C=C/c1ccc2nn(Cc3ccc(Cl)cc3)cc2c1)NO,6.64,1
CHEMBL6007499,Cc1cccc(CNc2ncc(-c3nnc(C(F)(F)F)o3)cn2)n1,6.64,1
CHEMBL5777170,CCS(=O)(=O)N(C[C@H](Nc1ncc(-c2nnc(C(F)F)o2)cn1)c1ccc(F)cc1)CC(F)(F)F,6.64,1
CHEMBL5928761,CS(=O)(=O)NCC(Nc1ncc(-c2nnc(C(F)F)o2)cn1)c1ccc(F)c(F)c1,6.64,1
CHEMBL3759836,O=C(NCCCCCCS)c1cc(-c2ccc3ccccc3c2)n[nH]1,6.63,1
CHEMBL4795265,O=C(NO)c1ccc(CN2CCC(CN[C@H]3C[C@@H]3c3ccccc3)CC2)cc1,6.63,1
CHEMBL4858828,COc1cc2nc(N3CCCCC3)cc(NCC3CCN(c4ncc(C(=O)NO)cn4)CC3)c2cc1OC,6.63,1
CHEMBL5208188,CCNNC(=O)c1ccc(CN2c3ccccc3Cc3ccccc32)cc1,6.63,1
CHEMBL5187827,O=C(NC1C2CC3CC(C2)CC1C3)c1cn(CCCCCCCS)c2ccccc12,6.63,1
CHEMBL5571145,COc1ccc(Nc2ncnc3c2ncn3Cc2ccc(C(=O)NO)cc2)cc1,6.63,1
CHEMBL6009347,O=C(NO)c1ccc(CN2CCC(CNC3CC3c3ccccc3)CC2)cc1,6.63,1
CHEMBL6147726,CCNNC(=O)c1ccc(CNC(=O)c2ccc(NC(=O)CCCCCCC(=O)N[C@H](C(=O)N3C[C@H](O)C[C@H]3C(=O)NCc3ccc(-c4scnc4C)cc3)C(C)(C)C)cc2)cc1,6.63,1
CHEMBL497123,COc1ccc(CNC(=O)c2ccc(C(=O)C(F)(F)F)s2)cc1,6.62,1
CHEMBL471173,CCCS(=O)(=O)Cc1noc(-c2ccc(C(=O)C(F)(F)F)s2)n1,6.62,3
CHEMBL589918,O=C(CCCCC[C@@H]1NC(=O)[C@H]2CCCN2C(=O)[C@@H]2CCCCCCCCCCCC[C@@H](NC1=O)C(=O)N2)NO,6.62,1
CHEMBL1289498,CC(C)(C)OC(=O)N[C@@H](CCCCCO)C(=O)NC1CCCC1,6.62,1
CHEMBL2047691,COc1ccc(C/C(=N\O)C(=O)NCCS)cc1I,6.62,1
CHEMBL3415452,O=C(NO)c1ccc(NC2CCN(CCc3ccccc3)C2=O)cc1,6.62,1
CHEMBL3758451,O=C(NCCCCCCS)c1cc(C2CCCCC2)n[nH]1,6.62,1
CHEMBL3981567,COc1cc2c(Oc3ccc(NC(=O)C4(C(=O)Nc5ccc(F)cc5)CC4)cc3F)ccnc2cc1OCCCC(=O)NO,6.62,1
CHEMBL4079113,O=C(CS)NCCCCCCn1cc(Cl)c2cc(Cl)c(Cl)cc21,6.62,1
CHEMBL4210899,COc1cc(OC)cc(-c2ccc3c(NC(=O)c4ccc(C(=O)NO)cc4)n[nH]c3c2)c1,6.62,1
CHEMBL4864065,Nc1ccc(C(=O)NO)cn1,6.62,1
CHEMBL4876823,COc1cc2nc(-c3ccc(C)o3)cc(NCC3C4CCC3CN(c3ncc(C(=O)NO)cn3)C4)c2cc1OC,6.62,1
CHEMBL5087823,O=C(NO)c1ccc(/C=C/c2cccc(-c3cc(F)ccc3O)c2)cc1,6.62,1
CHEMBL5269889,O=C(Cc1cnc(N2CCC(CN3CC(=O)N4[C@H](c5ccc6c(c5)OCO6)c5[nH]c6ccccc6c5C[C@@H]4C3=O)CC2)nc1)NO,6.62,1
CHEMBL5437683,COc1cc2c(cc1OC)C(=O)C(CC1CCN(Cc3ccc(/C=C/C(=O)NO)cc3)CC1)C2,6.62,1
CHEMBL5556753,C[C@@H](COCCC(=O)N1CC2CN(c3ncc(C(=O)NO)cn3)CC2C1)Nc1cn[nH]c(=O)c1C(F)(F)F,6.62,1
CHEMBL5598390,O=C(CCCCCCn1cc(Nc2ncc(Cl)c(OC3CCCCC3)n2)cn1)NO,6.62,1
CHEMBL5947786,CC(C)(C)OC(=O)N1CCN(c2ccc(-c3noc(C(F)(F)F)n3)cn2)[C@@H](c2ccccc2)C1,6.62,1
CHEMBL6162879,O=CN(CC1CCN(c2ncc(C(=O)NO)cn2)CC1)C1(C(=O)NCCc2c[nH]c3ccccc23)CCNC1,6.62,1
CHEMBL6162777,CCNNC(=O)c1ccc(CNC(=O)c2ccc(NC(=O)COCCOCCNc3cc4c(cc3F)C(=O)N(C3CCC(=O)NC3=O)C4=O)cc2)cc1,6.62,1
CHEMBL6159751,COc1cc(-c2ccc3cc(OCCCCCCC(=O)NO)ccc3n2)cc(OC)c1OC,6.62,1
CHEMBL6176416,CCNNC(=O)c1cc(F)c(CNc2cccc3cccnc23)cc1F,6.62,1
CHEMBL6169877,CC(C)[C@@H]1NC(=O)[C@]2(C)CSC(=N2)c2csc(n2)CNC(=O)C[C@@H](/C=C/CCNC(=O)CS)OC1=O,6.62,1
CHEMBL479970,CCSC(=S)SCC(=O)c1ccc(C(=O)Nc2ccccc2)s1,6.61,1
CHEMBL518961,CCSC(=S)SCC(=O)c1ccc(S(=O)(=O)Nc2ccc(OC)cc2)cc1,6.61,1
CHEMBL3734946,CC[C@H]1OC(=O)[C@H](C)C(=O)[C@H](C)[C@@H](O[C@@H]2O[C@H](C)C[C@H](N(C)Cc3ccccc3-c3cn(CCCCCC(=O)NO)nn3)[C@H]2O)[C@@](C)(OC)C[C@@H](C)C2=NCCN3C(=O)O[C@@]1(C)[C@H]3[C@H]2C,6.61,1
CHEMBL3758595,O=C(NCCCCCCS)c1cc(-c2cccc3ccccc23)n[nH]1,6.61,1
CHEMBL3681867,CCN(CC)CCSc1ccc(/C=C/C(=O)NO)cc1NS(=O)(=O)c1ccc(C)cc1,6.61,2
CHEMBL5591350,CN1C(=O)CNC(=O)/C1=C/c1ccc(C(=O)NCCC(=O)NO)cc1,6.61,1
CHEMBL5785110,O=C(NO)c1ccc(CCCn2cnc(CNC3CC3c3ccc(F)c(F)c3)c2)cc1,6.61,1
CHEMBL6061178,O=c1cc(-c2nnc(C(F)F)o2)ccn1CCc1ccccc1,6.61,1
CHEMBL475391,NS(=O)(=O)NCCCC[C@H](NC(=O)OCc1ccccc1)C(=O)Nc1nc(-c2ccc(Cl)cc2)cs1,6.6,1
CHEMBL479971,CCSC(=S)SCC(=O)c1ccc(CC(=O)NCc2ccccc2)s1,6.6,1
CHEMBL2046456,COc1ccc(CC(=O)C(=O)NCCS)cc1Br,6.6,1
CHEMBL2413316,CCN(Cc1ccccc1)Cc1ccc(/C=C/C(=O)NO)o1,6.6,2
CHEMBL3415618,O=C(NO)c1ccc(NC2CCN(c3ccc(C(F)(F)F)cc3)C2=O)cc1,6.6,1
CHEMBL3758778,O=C(O)Cn1nc(C(=O)NCCCCCCS)cc1-c1ccc(F)cc1,6.6,1
CHEMBL4210578,Cc1cc(C)cc(-c2ccc3c(NC(=O)c4ccc(C(=O)NO)cc4)n[nH]c3c2)c1,6.6,1
CHEMBL4241658,CCc1c2c(nc3ccc(O)cc13)-c1cc3c(c(=O)n1C2)COC(=O)[C@@]3(CC)OC(=O)CCCCCCC(=O)NO,6.6,1
CHEMBL4551888,Cc1cc(-c2nc3sc4c(c3c(=O)[nH]2)CCN(C)C4)cc(C)c1OCCCC(=O)NO,6.6,1
CHEMBL4862927,CC(C)c1ccc(C(=O)N(CC(=O)NC23CC4CC(CC(C4)C2)C3)Cc2ccc(C(=O)NO)cc2)cc1,6.6,1
CHEMBL4848955,COc1cc2nc(C)cc(NCC3CCN(c4ncc(C(=O)NO)cn4)CC3)c2cc1OC,6.6,1
CHEMBL4868785,CC(C)CC1C(=O)N(Cc2ccc(C(=O)NO)cc2)C(=O)N1C,6.6,1
CHEMBL5086690,O=C(Nc1ccc2c(c1)N(Cc1ccc(C(=O)NO)cc1)CC2)Nc1ccc(Cl)c(C(F)(F)F)c1,6.6,1
CHEMBL5192032,Cc1cc(C)c(CNC(=O)c2cc(-c3ccc(NC(=O)CCCCCC(=O)NO)cc3)cc3c2cnn3C(C)C)c(=O)[nH]1,6.6,1
CHEMBL5205184,CCNNC(=O)c1ccc(CN2c3ccccc3CCc3ccccc32)cc1,6.6,1
CHEMBL5781550,Cc1ccc(CNc2ncc(-c3noc(C(F)(F)F)n3)cn2)cn1,6.6,1
CHEMBL5902348,COc1cccc(C2(Nc3ncc(-c4nnc(C(F)(F)F)o4)cn3)CC2)c1,6.6,1
CHEMBL5982731,COc1ccc(C2(Nc3ncc(-c4nnc(C(F)(F)F)o4)cn3)CC2)cc1,6.6,1
CHEMBL5884651,CS(=O)(=O)Nc1ccc(C(Nc2ncc(-c3nnc(C(F)F)o3)cn2)c2ccc(F)cc2)cc1,6.6,1
CHEMBL5777514,FC(F)c1nnc(-c2cnc(COc3cccc(Cl)c3)s2)o1,6.6,1
CHEMBL6152630,O=C(NO)c1cnc(N2CCC(CNCc3nnnn3C3CCCCC3)CC2)nc1,6.6,1
CHEMBL6142027,O=CN(CC1CCN(c2ncc(C(=O)NO)cn2)CC1)C1(C(=O)NCc2ccccc2)CCNC1,6.6,1
CHEMBL482287,CCSC(=S)SCC(=O)c1ccc(CN(C)C(C)=O)cc1,6.59,1
CHEMBL4213615,CCCc1nc(C)c2c(=O)[nH]c(-c3cc(Cc4ccc(C(=O)NO)cc4)ccc3OCC)nn12,6.59,1
CHEMBL4848981,O=C(NO)c1ccc(CN2CCc3ccccc3CC2)cc1,6.59,1
CHEMBL5271493,COc1ccc(/C=C2\SC(=O)N(CCNC(=O)Nc3c(C)n(C)n(-c4ccccc4)c3=O)C2=O)cc1,6.59,1
CHEMBL5597636,O=C(CCCCCCC(=O)Nc1ccc(Nc2ncc(Cl)c(OC3CCCCC3)n2)cc1)NO,6.59,1
CHEMBL5751298,CS(=O)(=O)N(Cc1ncc(-c2nnc(C(F)(F)F)o2)s1)c1cncc(C(F)(F)F)c1,6.59,1
CHEMBL5835632,CN(Cc1cc(-c2nnc(C(F)F)o2)no1)c1cccc(Cl)c1,6.59,1
CHEMBL6142790,Cc1ccc(C(=O)N(CC(=O)NC2CCCCC2)CC2CCN(c3ncc(C(=O)NO)cn3)CC2)c(C)c1,6.59,1
CHEMBL485968,CC(NC(=O)c1ccc(C(=O)C(F)(F)F)s1)c1ccncc1,6.58,1
CHEMBL2386910,CC[C@@]1(O)C(=O)OCc2c1cc1n(c2=O)Cc2cc3cc(OCc4cn(CCCCC(=O)NO)nn4)ccc3nc2-1,6.58,1
CHEMBL2417783,Cc1onc(-c2ccccc2)c1C(=O)NCCCCCNC(=O)CS,6.58,4
CHEMBL2431909,CC(C)(C)C(=O)N1CCc2ccc(C(=O)NO)cc2CC1,6.58,2
CHEMBL3415630,C[C@@]1(Nc2ccc(C(=O)NO)cc2)CCN(c2ccc(Cl)cc2)C1=O,6.58,1
CHEMBL4088663,O=C(NO)c1ccc(C(=O)Nc2cccc3cccnc23)cc1,6.58,1
CHEMBL4172557,O=C(CCCCCCN1C(=O)NC2(CCCc3ccccc32)C1=O)NO,6.58,1
CHEMBL4637397,CCC(=O)CCCCC[C@H](NC(=O)[C@@H]1CC12CCCN(C)C2)c1ncc(-c2cc3ccccc3nc2OC)[nH]1,6.58,1
CHEMBL4790744,CN1CC2(CCN(Cc3ccc(C(=O)NO)cc3)CC2)c2ccccc21,6.58,1
CHEMBL5220120,CCC(=O)CCCCC[C@H](NC(=O)[C@H]1CC12CCN(CC)CC2)c1ncc(-c2ccc3ccncc3c2)[nH]1,6.58,1
CHEMBL6034106,CS(=O)(=O)NC[C@@H](Nc1ncc(-c2nnc(C(F)F)o2)cn1)c1ccc(OC(F)F)cc1F,6.58,1
CHEMBL5741841,CCN(CC(Nc1ncc(-c2nnc(C(F)F)o2)cn1)c1ccc(OC(F)(F)F)cc1)S(C)(=O)=O,6.58,1
CHEMBL4169910,O=C(NO)c1ccc(CNC2CC2c2ccccc2)cc1,6.58,1
CHEMBL5902218,CCS(=O)(=O)N(Cc1ncc(-c2nnc(C(F)F)o2)s1)c1cnn(C(F)F)c1,6.58,1
CHEMBL450362,O=C(c1ccc(-c2nc(-c3ccc(F)cc3)no2)s1)C(F)(F)F,6.57,1
CHEMBL2047695,COc1cc(C/C(=N\O)C(=O)NCCS)cc(I)c1OC,6.57,1
CHEMBL3353058,O=C(NO)c1cc2n(c1)CCN(C(=O)C1CCCCC1)C2,6.57,2
CHEMBL4299448,CC[C@@H]1OC(=O)[C@@H](C)[C@H](O[C@H]2C[C@@](C)(OC)[C@](O)(CN(C)Cc3ccc(-c4cn(CCCCC(=O)NO)nn4)cc3)[C@H](C)O2)[C@H](C)[C@H](O[C@@H]2O[C@H](C)C[C@H](N(C)C)[C@H]2O)[C@@](C)(OC)C[C@H](C)C(=O)[C@@H](C)[C@@H](O)[C@@]1(C)O,6.57,1
CHEMBL3769783,O=C(NO)c1coc(-c2ccccc2)n1,6.57,1
CHEMBL3970984,CCCc1nn(C)c2c(=O)[nH]c(-c3cc(S(=O)(=O)N4CCN(c5ncc(C(=O)NO)cn5)CC4)ccc3OCC)nc12,6.57,1
CHEMBL4102833,O=C(CCCC(CCC(=O)Nc1ccccc1)Cc1ccccc1)NO,6.57,1
CHEMBL4167623,C[C@H](NC(=O)[C@H](CC(=O)NCC(C)(C)C)NC(=O)c1ccc(C(=O)NO)cc1)C(=O)NCc1ccccc1,6.57,2
CHEMBL4761969,C[C@H](NC(=O)[C@H](CC(=O)NC(C)(C)C)NC(=O)c1ccc(C(=O)NO)cc1)C(=O)NCc1ccccc1,6.57,1
CHEMBL4858841,CC(C)c1ccc(C(=O)N(Cc2ccc(C(=O)NO)cc2)C(C)(C)C(=O)NC2CCCCC2)cc1,6.57,1
CHEMBL4872595,CC12CC3CC(C)(C1)CC(NC(=O)CCCCCCCCC(=O)NO)(C3)C2,6.57,1
CHEMBL5206603,O=C(NO)c1ccc(CNC(=O)N2CCC(N3C(=O)CC3c3cccc(Cl)c3)CC2)cc1,6.57,1
CHEMBL5219294,CCC(=O)CCCCC[C@H](NC(=O)[C@H]1CC12CCN(CC1CC1)CC2)c1ncc(-c2cc3ccc(C)nc3cc2OC)[nH]1,6.57,1
CHEMBL5219356,N#Cc1c(N)nc(N)nc1N1CCC[C@H]1c1nc(NCc2ccc(C(=O)NO)cc2)c2c(Cl)cccc2n1,6.57,1
CHEMBL5408198,Cc1cnc(Nc2ccc(OCCN3CCCC3)cc2)nc1Nc1ccc(C(=O)NO)cc1,6.57,1
CHEMBL5801342,CC(C)n1cc(C2CC2NCC2CCN(CCCc3ccc(C(=O)NO)cc3)CC2)cn1,6.57,1
CHEMBL6074605,C=C1C(=O)O[C@@H]2C[C@@]3(C)CC[C@@H](OC(=O)[C@H](C)NC(=O)c4ccc(C(=O)NO)cc4)C(=C)[C@@H]3C[C@H]12,6.57,1
CHEMBL1914708,[N-]=[N+]=NCc1cc(Cn2cc(NC(=O)CCCCCCC(=O)NO)cn2)cc(N=[N+]=[N-])c1,6.56,1
CHEMBL3681863,CCN(CC)CCSc1ccc(/C=C/C(=O)NO)cc1NCc1ccccc1,6.56,2
CHEMBL4081822,COc1ccc2c(C(=O)c3cc(OC)c(OC)c(OC)c3)cn(S(=O)(=O)c3cccc(/C=C/C(=O)NO)c3)c2c1,6.56,1
CHEMBL4168150,COc1cccc(-n2nc(C(=O)NCCCCCC(=O)NO)nc2-c2cc(OC)c(OC)c(OC)c2)c1,6.56,1
CHEMBL4227275,O=C(CCCCNC(=O)c1cc(-c2ccc(F)cc2)[nH]n1)NO,6.56,1
CHEMBL4862609,O=C(NO)c1ccc(NCc2nc(-c3ccccc3)nn2-c2ccc(F)cc2)cc1,6.56,1
CHEMBL5597377,COc1cc2c(cc1OCc1ccccc1)CN1C(=O)CC[C@H]1C(=O)N2CCCCCCCC(=O)NO,6.56,1
CHEMBL6165134,O=C(CCCCCCOc1ccc(-c2ccc3ccccc3n2)cc1)NO,6.56,1
CHEMBL6174881,COc1ccc2c(C(=O)c3cc(OC)c(OC)c(OO)c3)cn(S(=O)(=O)c3cccc(/C=C/CC(=O)NO)c3)c2c1,6.56,1
CHEMBL247654,O=C(/C=C/c1ccc2c(c1)C(=O)N(Cc1ccc(-c3cccnc3)cc1)C2)NO,6.55,1
CHEMBL401837,CCCC[C@@H]1NC(=O)C(C)(C)NC(=O)[C@H](CCCCCSSc2ccccn2)NC(=O)[C@H]2CCCN2C1=O,6.55,1
CHEMBL475203,NS(=O)(=O)NCCCC[C@H](NC(=O)OCc1cccc(Cl)c1)C(=O)Nc1nc(-c2ccccc2)cs1,6.55,1
CHEMBL589311,O=C(CCCCC[C@@H]1NC(=O)[C@H]2CCCN2C(=O)[C@@H]2CCCCCCCCCCC[C@@H](NC1=O)C(=O)N2)NO,6.55,1
CHEMBL2417784,Cc1onc(-c2ccccc2)c1C(=O)NCCCCCNC(=O)[C@@H](C)S,6.55,2
CHEMBL2431904,O=C(NO)c1ccc2c(c1)CCN(S(=O)(=O)c1ccc(C(F)(F)F)cc1)C2,6.55,2
CHEMBL3262725,O=C(/C=C/c1cccc(S(=O)(=O)n2ccc3ccncc32)c1)NO,6.55,1
CHEMBL3353059,O=C(NO)c1cc2n(c1)CCN(C(=O)c1cc3ccccc3[nH]1)C2,6.55,1
CHEMBL3311471,O=C(CCCCCCNC(=O)c1ccc2[nH]c(=O)ccc2c1)NO,6.55,1
CHEMBL4069631,CN(C)c1ccc(C(=O)N(CCCCCC(=O)NO)CC(=O)NCc2ccccc2)cc1,6.55,1
CHEMBL4217088,O=C(NO)c1ccc(C(=O)Nc2n[nH]c3cc(-c4ccc(Cl)cc4)ccc23)cc1,6.55,1
CHEMBL4549965,CC(CNC(=O)c1ccc(/C=C/C(=O)NO)cc1)Oc1no[n+]([O-])c1S(=O)(=O)c1ccccc1,6.55,2
CHEMBL4857331,Cc1cccc(-c2nc(CNc3ccc(C(=O)NO)cc3)n(-c3ccccc3)n2)c1,6.55,1
CHEMBL5203383,CN1CCN(Cc2ccc(C(=O)NO)cc2)CC1,6.55,1
CHEMBL5218504,N#Cc1c(N)nc(N)nc1N1CCC[C@H]1c1nc2cccc(Cl)c2c(=O)n1Cc1ccc(C(=O)NO)cc1,6.55,1
CHEMBL5596239,COc1cc2c(cc1O)CN1C(=O)CC[C@H]1C(=O)N2Cc1ccccc1C(=O)NO,6.55,1
CHEMBL5631979,FC(F)(F)c1nc(-c2ccc(Cn3cnc4c(Cl)ncnc43)cc2)no1,6.55,1
CHEMBL5798594,O=S(=O)(C1CC1)N(CC(Nc1ncc(-c2nnc(C(F)F)o2)cn1)c1ccc(OC(F)F)cc1F)CC(F)(F)F,6.55,1
CHEMBL5823253,CCC(=O)N(Cc1ncc(-c2nnc(C(F)F)o2)s1)c1cncc(F)c1,6.55,1
CHEMBL3309290,CC1(C)CC(=O)Nc2ccc(C(=O)NCc3cccc(/C=C/C(=O)NO)c3)cc21,6.54,1
CHEMBL3601779,Cc1ccc(Nc2nccc3ccc(NCc4ccc(/C=C/C(=O)NO)cc4)cc23)c(Cl)c1,6.54,1
CHEMBL4174925,COc1cccc(-n2nc(C(=O)NCC(=O)NO)nc2-c2cc(OC)c(OC)c(OC)c2)c1,6.54,1
CHEMBL4207448,COc1ccc2[nH]cc(Cn3cc(COc4ccc(/C=C/C(=O)NO)cc4OC)nn3)c2c1,6.54,1
CHEMBL4580317,CC(C)(C)c1ccc(CN(C(=O)CN(Cc2ccccc2C(F)(F)F)S(=O)(=O)c2ccc(F)cc2F)c2ccc(C(=O)NO)cc2)cc1,6.54,1
CHEMBL4777594,O=C(NO)c1ccc(CCCN2CCC(CN[C@H]3C[C@@H]3c3ccc(C(=O)N4CCOCC4)cc3)CC2)cc1,6.54,1
CHEMBL4777336,COc1cc(OC)c2c(N3CCSCC3)nc(-c3cc(C)c(OCCCCC(=O)NO)c(C)c3)nc2c1,6.54,1
CHEMBL122413,COc1cccc(NC(=O)/C=C/c2ccc(Cl)cc2)c1,6.54,1
CHEMBL4847326,COc1ccc(C(=O)NO)cc1NC(=O)c1cccc2c1oc1ccccc12,6.54,1
CHEMBL5424996,CCc1nc2ccc(/C=C/CC(=O)NO)cc2c(=O)n1-c1ccccc1,6.54,1
CHEMBL5596753,CC(=O)O.O=C(CCCCCCCN1C(=O)[C@@H]2CCCN2Cc2ccccc21)NO,6.54,1
CHEMBL5598494,CC(=O)O.O=C(Cc1ccc(CN2C(=O)[C@@H]3CCCN3Cc3ccccc32)cc1)NO,6.54,1
CHEMBL5633219,Nc1nc(Cl)c2ncn(Cc3ccc(-c4noc(C(F)(F)F)n4)cc3)c2n1,6.54,1
CHEMBL6054105,CC(N(C)Cc1ccc(C(=O)NO)cc1)C12CC3CC(CC(C3)C1)C2,6.54,1
CHEMBL6057301,O=C(NO)c1ccc(CCCN2CCC(CNC3CC3c3ccc(C(=O)N4CCOCC4)cc3)CC2)cc1,6.54,1
CHEMBL6145708,CC(C)(C)CC(C)(C)n1nnnc1CNCC1CCN(c2ncc(C(=O)NO)cn2)CC1,6.54,1
CHEMBL6144791,Cc1c(F)c(N)cc(C(=O)Nc2cc(-c3ccc(C(=O)NCCCCC(=O)NO)cc3)ccc2N2CCN(C)CC2)c1Cl,6.54,1
CHEMBL3233708,Cl.O=C(/C=C/c1ccc(OC[C@H](Cc2c[nH]c3ccccc23)NCc2ccc(Cl)cc2)cc1)NO,6.53,1
CHEMBL3681866,CCN(CC)CCSc1ccc(/C=C/C(=O)NO)cc1N,6.53,2
CHEMBL3935445,CC(C)Cc1sc(-c2nccs2)nc1C(=O)Nc1ccc(C(=O)NO)cc1,6.53,2
CHEMBL4203935,O=C(NO)c1ccc(C(=O)Nc2n[nH]c3cc(-c4cc(Cl)cc(Cl)c4)ccc23)cc1,6.53,1
CHEMBL4741473,O=C(NO)c1ccc(Cn2c(=O)c(O)c(-c3cccnc3)c3ccccc32)cc1,6.53,1
CHEMBL4303368,CC(C)(C)c1ccc(-c2nc3ccccc3[nH]2)cc1,6.53,1
CHEMBL5284956,COc1ccccc1NC(=O)N[C@H](C(=O)Nc1ccc(C(=O)NO)cc1)c1ccccc1,6.53,1
CHEMBL5268468,O=C(NO)c1ccc(NC(=O)[C@@H](NS(=O)(=O)c2cccc3ccccc23)c2ccccc2)cc1,6.53,1
CHEMBL5565366,O=C(CCCCCc1ccc(-c2sc3cc(O)ccc3c2C(=O)c2ccc(OCCN3CCCCC3)cc2)cc1)NO,6.53,1
CHEMBL5596324,CC(=O)O.O=C(CCCCCCN1C(=O)[C@@H]2CCCN2Cc2ccccc21)NO,6.53,1
CHEMBL5596645,COc1cc2c(cc1O)CN1C(=O)CC[C@H]1C(=O)N2Cc1cccc(C(=O)NO)c1,6.53,1
CHEMBL5612800,O=C(NO)c1ccc(S(=O)(=O)n2ccc3cc(OCc4ccccc4)ccc32)cc1,6.53,1
CHEMBL6169332,CCNNC(=O)c1ccc(CNC(=O)c2ccc(OCc3cn(CCCCCCNc4cc5c(cc4F)C(=O)N(C4CCC(=O)NC4=O)C5=O)nn3)cc2)cc1,6.53,1
CHEMBL472631,O=C(/C=C/c1ccc(/C=N/OCCN2CCOCC2)cc1)NO,6.52,1
CHEMBL482271,CCSC(=S)SCC(=O)c1ccc(CNC(=O)c2ccccc2)cc1,6.52,1
CHEMBL3601780,Cc1ccc(Nc2nccc3ccc(NCc4ccc(/C=C/C(=O)NO)cc4)cc23)c(Br)c1,6.52,1
CHEMBL3675753,O=C(Cc1ccc(Cn2c3ccccc3c3ccccc32)cc1)NO,6.52,2
CHEMBL3771312,O=C(NO)c1csc(-c2cccnc2)n1,6.52,2
CHEMBL3798027,O=C(NO)c1ccc(Cl)c(NC(=O)c2cccc(Oc3ccccc3)c2)c1,6.52,1
CHEMBL3891163,CC(C)Cc1sc(-c2nccs2)nc1C(=O)Nc1cccc(/C=C/C(=O)NO)c1,6.52,1
CHEMBL4237922,CC/C(=C(\c1ccc(O)cc1)c1ccc(OCCN(C)C)cc1)c1ccc(CCCCC(=O)NO)cc1,6.52,1
CHEMBL4584008,O=C(CCCCCCCn1cc(Nc2ncc(Cl)c(Nc3ccc(F)cc3)n2)cn1)NO,6.52,1
CHEMBL4529140,CC(C)[C@@H]1NC(=O)[C@]2(C)CSC(=N2)c2csc(n2)CNC(=O)C[C@@H](/C(F)=C/CCS)OC1=O,6.52,1
CHEMBL4583466,N#Cc1ccc2c(c1)SC(=S)N1CCN=C21,6.52,1
CHEMBL4636652,CCC(=O)CCCCC[C@H](NC(=O)[C@H]1CC12CN(C)C2)c1ncc(-c2cc3ccccc3nc2OC)[nH]1,6.52,1
CHEMBL4747757,CC(C)c1cc(C(=O)N2Cc3ccc(/C=C/C(=O)NO)cc3C2)c(O)cc1O,6.52,1
CHEMBL256997,O=C(O)c1cccc(-c2noc(-c3ccccc3F)n2)c1,6.52,1
CHEMBL5219875,CCC(=O)CCCCC[C@H](NC(=O)[C@H]1CC12CCN(CC1CC1)CC2)c1ncc(-c2cc3ccc(CC)nc3cc2OC)[nH]1,6.52,1
CHEMBL5219490,CCC(=O)CCCCC[C@H](NC(=O)[C@H]1CC12CCN(CC)CC2)c1ncc(-c2cc3ccncc3nc2OC)o1,6.52,1
CHEMBL5841217,Fc1ccc([C@H](COCC(F)(F)F)Nc2ncc(-c3nnc(C(F)F)o3)cn2)cc1,6.52,1
CHEMBL5804038,CCC(=O)N(Cc1ncc(-c2nnc(C(F)F)o2)s1)c1cncc(Cl)c1,6.52,1
CHEMBL6165790,O=C(CCCCCCC(=O)NC[C@H]1CN(c2ccc(N3CCOCC3)c(F)c2)C(=O)O1)NO,6.52,1
CHEMBL253308,CC[C@H](C)[C@@H]1NC(=O)C(C)(C)NC(=O)[C@H](CCCCCSSc2ccccn2)NC(=O)[C@H]2CCCN2C1=O,6.51,1
CHEMBL496094,O=C(c1ccc(C(=O)C(F)(F)F)s1)N1CCn2c(-c3ccccc3)cnc2C1,6.51,2
CHEMBL462146,CCNC(=O)c1ccc(C(=O)C(F)(F)F)s1,6.51,2
CHEMBL519943,O=C(NO)c1ccc(CN2c3ccccc3NC(=O)[C@@H]2Cc2cccs2)cc1,6.51,1
CHEMBL2337867,Cc1ccccc1-c1ccc(Cn2cccc(O)c2=S)cc1,6.51,4
CHEMBL3233698,O=C(/C=C/c1ccc(OC[C@H](Cc2c[nH]c3ccccc23)NC(=O)c2ccc(Cl)cc2)cc1)NO,6.51,1
CHEMBL3770566,O=C(NO)c1coc(-c2cccs2)n1,6.51,1
CHEMBL3681868,C=CCCCNc1cc(/C=C/C(=O)NO)ccc1SCCN(CC)CC,6.51,2
CHEMBL4568644,O=C(CCCCn1cc(Nc2ncc(Cl)c(Nc3ccc(F)cc3)n2)cn1)NO,6.51,1
CHEMBL4535745,CC(C)Cc1sc(-c2nccs2)nc1C(=O)Nc1ccc(/C=C/C(=O)NO)cc1,6.51,1
CHEMBL4445910,O=C(CCc1csc(/C=C/c2ccc(Br)cc2)n1)NO,6.51,1
CHEMBL4746040,O=C(NO)c1ccc(Cn2c(=O)c(O)c(-c3ccccc3)c3ccccc32)cc1,6.51,1
CHEMBL4781332,COc1cc(OC)c2c(N3CCCC3)nc(-c3cc(C)c(OCCCCC(=O)NO)c(C)c3)nc2c1,6.51,1
CHEMBL4862349,Cc1ccc(-n2nc(-c3ccccc3)nc2CNc2ccc(C(=O)NO)cc2)cc1,6.51,1
CHEMBL5219825,CCC(=O)CCCCC[C@H](NC(=O)[C@H]1CC12CCN(C1CCC1)CC2)c1ncc(-c2cc3ccc(C)nc3cc2OC)[nH]1,6.51,1
CHEMBL5220576,CCC(=O)CCCCC[C@H](NC(=O)[C@H]1CC12CCN(CC)CC2)c1ncc(-c2cc3nccnc3cc2OC)[nH]1,6.51,1
CHEMBL5220454,CCC(=O)CCCCC[C@H](NC(=O)[C@H]1CC12CCN(CC)CC2)c1ncc(-c2cc3ccc(=O)n(C)c3cc2OC)o1,6.51,1
CHEMBL3426903,O=C(/C=C/c1ccc(Oc2no[n+]([O-])c2S(=O)(=O)c2ccccc2)cc1)NO,6.51,1
CHEMBL5866233,O=C(/C=C/c1ccc(CN(CCF)CC23CC4CC(CC(C4)C2)C3)cc1)NO,6.51,1
CHEMBL5880603,O=C(CCN1CCOCC1)N(Cc1ncc(-c2nnc(C(F)F)o2)s1)c1cncc(Cl)c1,6.51,1
CHEMBL494139,NS(=O)(=O)NCCCC[C@H](NC(=O)OCc1ccccc1)c1n[nH]c(-c2ccccc2)n1,6.5,1
CHEMBL449493,O=C(N[C@@H](CCCCCB(O)O)C(=O)Nc1cccc(-c2ccccc2)c1)c1cccnc1,6.5,1
CHEMBL512516,CS(=O)(=O)Cc1noc(-c2ccc(C(=O)C(F)(F)F)s2)n1,6.5,3
CHEMBL2047681,COc1ccc(C/C(=N\N)C(=O)NCCS)cc1Br,6.5,1
CHEMBL3771174,Cc1ccc(-c2nc(C(=O)NO)co2)cc1,6.5,1
CHEMBL3693761,CC(C)c1cccc(C(C)C)c1Nc1ccc(C(=O)N(C)CCCCCCC(=O)NO)cc1,6.5,4
CHEMBL3681862,CCN(CC)CCSc1ccc(/C=C/C(=O)NO)cc1[N+](=O)[O-],6.5,2
CHEMBL3681869,CCN(CC)CCSc1ccc(/C=C/C(=O)NO)cc1NC(=O)C(Cl)Cl,6.5,2
CHEMBL4086409,CCCCC(CCCC(=O)NO)CCC(=O)Nc1ccccc1,6.5,1
CHEMBL4237816,CCc1c2c(nc3ccc(O)cc13)-c1cc3c(c(=O)n1C2)COC(=O)[C@@]3(CC)OC(=O)CCCCCCCCC(=O)NO,6.5,1
CHEMBL4459294,CC(C)C[C@H](NC(=O)OCc1ccccc1)C(=O)N[C@@H](C)C(=O)NCc1ccc(C(=O)NO)cc1,6.5,2
CHEMBL4448385,CC(C)c1cc(C(=O)N(C)c2ccc(NC(=O)CCCCCCCC(=O)NO)cc2)c(O)cc1O,6.5,1
CHEMBL4459443,COc1ccc(S(=O)(=O)N2CCc3cccc(NCc4ccc(C(=O)Nc5ccccc5N)cc4)c32)cc1,6.5,1
CHEMBL4761974,CC(C)c1ccc(C(=O)N(Cc2ccc(C(=O)NO)cc2)Cc2nnnn2Cc2ccccc2)cc1,6.5,1
CHEMBL4849884,COc1cccc2c1CCN(Cc1ccc(C(=O)NO)cc1)CC2,6.5,1
CHEMBL5081459,O=C(NO)c1ccc(/C=C/c2ccnc(Br)c2)cc1,6.5,1
CHEMBL5088769,Cc1c2c(c(C(=O)Nc3cc(S(=O)(=O)N4CCOCC4)ccc3OCCCCCCCC(=O)NO)n1C)CCCCC2=O,6.5,1
CHEMBL5219409,CCC(=O)CCCCC[C@H](NC(=O)[C@H]1CC12CCN(C)CC2)c1ncc(-c2cc3ccc(C)nc3cc2OC)[nH]1,6.5,1
CHEMBL5437069,O=C(NO)c1ccc(-c2nc3ccccc3c(=O)[nH]2)cc1,6.5,1
CHEMBL5597775,O=C(CCCC(=O)Nc1ccc(Nc2ncc(Cl)c(OC3CCCCC3)n2)cc1)NO,6.5,1
CHEMBL5631817,Nc1nc(Cl)c2ncn(Cc3ccc(-c4noc(C(F)(F)F)n4)c(F)c3)c2n1,6.5,1
CHEMBL5633420,Nc1nc(Cl)c2ncn(Cc3ccc(CNC(=O)CS)cc3)c2n1,6.5,1
CHEMBL5938273,FC(F)(F)c1nc(-c2cnc(NCc3ccccc3)nc2)no1,6.5,1
CHEMBL5941007,CS(=O)(=O)NC[C@@H](Nc1ncc(-c2nnc(C(F)F)o2)cn1)c1ccc(F)cc1,6.5,1
CHEMBL5947118,CS(=O)(=O)N(C[C@H](Nc1ncc(-c2nnc(C(F)F)o2)cn1)c1ccc(F)c(F)c1)CC(F)(F)F,6.5,1
CHEMBL5930554,Cc1noc([C@H]2CCCCN2c2ncc(-c3noc(C(F)(F)F)n3)cc2Cl)n1,6.5,1
CHEMBL5771026,CCS(=O)(=O)N(Cc1ncc(-c2nnc(C(F)F)o2)s1)c1ccc(C(C)(C)C#N)nc1,6.5,1
CHEMBL6120616,CC(=O)SCC(=O)c1ccc(CN)cc1,6.5,1
CHEMBL6143130,O=C(NO)c1cnc(N2CCC(CNCc3nnnn3C3CCCC3)CC2)nc1,6.5,1
CHEMBL6134608,CC(=O)N(CC1CCN(c2ncc(C(=O)NO)cn2)CC1)C1(C(=O)NCc2ccccc2)CCOC1,6.5,1
CHEMBL6171286,COc1ccc(-c2ocnc2-c2cc(Br)c(OC)c(OC)c2)cc1OCCCCCC(=O)NO,6.5,2
CHEMBL6172419,O=C(NNCCF)c1ccc(CN2c3ccccc3C=Cc3ccncc32)cc1,6.5,1
CHEMBL3589701,O=C(CCCCCCC(=O)Nc1ccc(C2=C(c3ccc(O)cc3)C3CC(S(=O)(=O)Oc4ccc5ccccc5c4)C2O3)cc1)NO,6.49,1
CHEMBL4209220,CCCc1nc(C)c2c(=O)[nH]c(-c3cc(-c4ccc(C(=O)NO)cc4)ccc3OCC)nn12,6.49,1
CHEMBL4226489,O=C(NO)c1ccc(Cn2nc(-c3ccc(F)cc3)cc2Cc2ccccc2)cc1,6.49,1
CHEMBL4866346,O=C(NO)c1ccc(NCc2nc(-c3cc4ccccc4s3)nn2-c2ccccc2)cc1,6.49,1
CHEMBL5953410,CC(NCc1ccc(C(=O)NO)cc1)C12CC3CC(CC(C3)C1)C2,6.49,1
CHEMBL5892925,CCS(=O)(=O)N(Cc1ncc(-c2nnc(C(F)(F)F)o2)s1)c1cnc[nH]1,6.49,1
CHEMBL146250,C/C=C1\NC(=O)[C@@H](CS)NC(=O)[C@@H](C(C)C)NC(=O)C[C@@H](/C=C/CCS)OC(=O)[C@H](C(C)C)NC1=O,6.48,3
CHEMBL242473,CCSC(=S)SCC(=O)c1cccc(NC(C)=O)c1,6.48,1
CHEMBL462223,O=C(c1ccc(-c2nnc(-c3ccccc3)o2)s1)C(F)(F)F,6.48,1
CHEMBL598363,O=C(CCCCC[C@@H]1NC(=O)[C@H]2CCCN2C(=O)[C@@H]2CCCCCCCCC[C@@H](NC1=O)C(=O)N2)NO,6.48,1
CHEMBL2158742,O=C1N[C@@H]2CCOCCSSCCCCC[C@@H]1NC(=O)[C@H]1CCCN1C(=O)[C@H](Cc1ccccc1)NC2=O,6.48,1
CHEMBL3622729,C/C=C1\NC(=O)c2csc(n2)CNC(=O)C[C@@H](/C=C/CCS)OC(=O)[C@H](C(C)C)NC1=O,6.48,1
CHEMBL3758912,O=C(O)CCn1nc(C(=O)NCCCCCCS)cc1-c1ccc(F)cc1,6.48,1
CHEMBL3906734,O=C(CCCCNC(=O)c1nc(-c2nc(C3CC3)cs2)sc1C1CC1)NO,6.48,1
CHEMBL4446027,CC(C)[C@@H]1NC(=O)[C@]2(C)CSC(=N2)c2csc(n2)CNC(=O)C[C@@H](/C(F)=C/CCS)NC1=O,6.48,1
CHEMBL4468198,COc1ccccc1-n1nc(-c2cccs2)nc1Cc1ccc(C(=O)NO)cc1,6.48,1
CHEMBL4741850,CC(C)c1cc(C(=O)N2Cc3ccc(NC(=O)CCCCC(=O)NO)cc3C2)c(O)cc1O,6.48,1
CHEMBL4754795,CC(C)(C)n1nnnc1CNCc1ccc(C(=O)NO)cc1,6.48,1
CHEMBL4787879,COc1cc(OC)c2c(N3CCOC[C@H]3C)nc(-c3cc(C)c(OCCCC(=O)NO)c(C)c3)nc2c1,6.48,1
CHEMBL556667,O=C(Nc1cccc(Cl)c1)c1ccccn1,6.48,1
CHEMBL5191149,Cc1c(COc2ccc(CNCCCCCCC(=O)NO)c(OCc3cccc(C#N)c3)c2)cccc1-c1ccccc1,6.48,1
CHEMBL5218681,N#Cc1c(N)nc(N)nc1N1CC2(CC2)C[C@H]1c1nc2cccc(Cl)c2c(=O)n1Cc1ccc(C(=O)NO)cc1,6.48,1
CHEMBL5563724,C[C@H](NC(=O)[C@H](CC(=O)NCC(C)(C)C)NC(=O)CCCCCCC(=O)NO)C(=O)NCc1ccc(F)cc1F,6.48,1
CHEMBL5590308,O=C(CCCCCCc1ccc(-c2sc3cc(O)ccc3c2C(=O)c2ccc(OCCN3CCCCC3)cc2)cc1)NO,6.48,1
CHEMBL5631695,Fc1cc(Cn2cnc3c(Cl)ncnc32)ccc1-c1noc(C(F)(F)F)n1,6.48,1
CHEMBL5646806,CC(C)C[C@H](NC(=O)[C@@H](O)[C@H](N)Cc1ccccc1)C(=O)NCc1ccc(C(=O)NO)cc1.Cl,6.48,1
CHEMBL5877013,CS(=O)(=O)Nc1ccc(CC(Nc2ncc(-c3nnc(C(F)F)o3)cn2)c2ccc(F)cc2)cc1,6.48,1
CHEMBL5929108,CCS(=O)(=O)N(Cc1cnc(-c2nnc(C(F)F)o2)s1)c1cccnc1,6.48,1
CHEMBL407959,COc1ccc2[nH]c(C)c(CC(=O)N[C@@H](CCCCCC(C)=O)c3ncc(-c4ccccc4)[nH]3)c2c1,6.47,2
CHEMBL517384,CCSC(=S)SCC(=O)c1ccc(S(=O)(=O)Nc2ccc(Cl)cc2)cc1,6.47,1
CHEMBL589906,CCCCC[C@@H]1NC(=O)[C@@H](CCCCC)NC(=O)[C@H](CCCCCC(=O)NO)NC(=O)[C@H]2CCCN2C1=O,6.47,1
CHEMBL2413318,CC(C)N(Cc1ccccc1)Cc1ccc(/C=C/C(=O)NO)o1,6.47,1
CHEMBL3792392,O=C(CCCc1csc(/C=C/c2ccccc2)n1)NO,6.47,2
CHEMBL4207409,CCCc1nn(C)c2c(=O)[nH]c(-c3cc(C4=CCC(C(=O)NO)CC4)ccc3OCC)nc12,6.47,1
CHEMBL4532891,O=C(CNC(=O)CNC(=O)OCc1ccccc1)NCc1ccc(C(=O)NO)cc1,6.47,1
CHEMBL4750838,COc1ccc2nc3cc(Cl)ccc3c(Nc3ccc(C(=O)NO)cc3)c2n1,6.47,1
CHEMBL4784047,COc1cc(OC)c2c(N3CCC(F)(F)CC3)nc(-c3cc(C)c(OCCCCC(=O)NO)c(C)c3)nc2c1,6.47,1
CHEMBL5410880,O=C(CCCCCNc1cc(N2CCc3ccccc3CC2)nc(-c2ccccn2)n1)NO,6.47,1
CHEMBL5419403,COc1ccc(CNc2ncc(-c3nnc(C(F)F)o3)cn2)cc1,6.47,1
CHEMBL5557517,C[C@@H](COCCC(=O)N1CCN(c2ncc(C(=O)NCCCCC(=O)NO)cn2)CC1)Nc1cn[nH]c(=O)c1C(F)(F)F,6.47,1
CHEMBL5555399,O=C(NO)c1ccc(Cn2cnc3c(Nc4ccc(F)c(Cl)c4)ncnc32)cc1,6.47,1
CHEMBL5800082,C[C@@H](Nc1ncc(-c2noc(C(F)(F)F)n2)cn1)c1ccccc1,6.47,1
CHEMBL5782142,Fc1cc(COc2ccccc2)ccc1-c1noc(C(F)(F)F)n1,6.47,1
CHEMBL6060832,O=c1cc(-c2nnc(C(F)F)o2)ccn1Cc1ccccc1,6.47,1
CHEMBL6167314,CCNNC(=O)c1cc(F)c(CN2c3ccccc3Sc3cccnc32)cc1F,6.47,1
CHEMBL480884,CCSC(=S)SCC(=O)c1ccc(CNC(C)=O)cc1,6.46,1
CHEMBL3976546,CCOc1ccc(CC2CCC(CC(=O)NO)CC2)cc1-c1nc2c(CC)nn(C)c2c(=O)[nH]1,6.46,1
CHEMBL3681864,C=CCNc1cc(/C=C/C(=O)NO)ccc1SCCN(CC)CC,6.46,2
CHEMBL4202659,CCCOc1cccc(-c2ccc3c(NC(=O)c4ccc(C(=O)NO)cc4)n[nH]c3c2)c1,6.46,1
CHEMBL4467212,COc1cc(/C=C/C(=O)NO)ccc1OCCCN(C)C(=O)c1ccccc1O,6.46,1
CHEMBL4632614,CCC(=O)CCCCC[C@H](NC(=O)[C@H]1CC12CCCN(C)C2)c1ncc(-c2cc3ccccc3nc2OC)[nH]1,6.46,1
CHEMBL4789481,Cc1cc2cc(NS(=O)(=O)c3ccc(C(=O)NO)cc3)ccc2n(C)c1=O,6.46,1
CHEMBL4783090,COc1cc(OC)c2c(N3CCOCC3)nc(-c3cc(C)c(OCCCC(=O)NO)c(C)c3)nc2c1,6.46,1
CHEMBL88612,Cc1cccc(/C=C/c2ccccc2)n1,6.46,1
CHEMBL4850038,COc1cc2c(NCc3ccc([C@H]4CC[C@@H](C(=O)NO)CC4)cc3)cc(-c3ccc(C)o3)nc2cc1OCCCN1CCCC1,6.46,1
CHEMBL4865830,COc1cc2c(NCC3CCN(c4ncc(C(=O)NO)cn4)CC3)cc(C)nc2cc1OCCCN1CCCC1,6.46,1
CHEMBL4876993,COc1cc2c(NCC3CCN(c4ncc(C(=O)NO)cn4)CC3)cc(-c3ccc(C)o3)nc2cc1OCC1CCNCC1,6.46,1
CHEMBL4862662,COc1cc2nc(-c3ccc(C)o3)cc(NC3CCN(c4ncc(C(=O)NO)cn4)CC3)c2cc1OC,6.46,1
CHEMBL4860339,O=C(CCc1ccc(CN2c3ccccc3Sc3ccccc32)cc1)NO,6.46,1
CHEMBL5220926,CCC(=O)CCCCC[C@H](NC(=O)[C@H]1CC12CCN(CC)CC2)c1ncc(-c2cc3ccc(C)nc3cc2OC)[nH]1,6.46,1
CHEMBL5407960,COc1ccc(-c2cnc(C(=O)NCCCC(=O)NO)o2)cc1,6.46,1
CHEMBL5595244,CN1C(=O)CNC(=O)/C1=C/c1ccc(OCC(=O)NO)cc1,6.46,1
CHEMBL5856247,Cc1cc(C(C)Nc2ncc(-c3noc(C(F)(F)F)n3)cn2)ccn1,6.46,1
CHEMBL5922119,O=C(NO)c1ccc(OCCNC2CC2c2ccccc2)cc1,6.46,1
CHEMBL6029570,FC(F)c1nnc(-c2cnc3cc(Cc4ccccc4)nn3c2)o1,6.46,1
CHEMBL6102421,CC(=O)SCC(=O)c1ccc(CCCN)cc1,6.46,1
CHEMBL6147271,CC(=O)N(CC1CCN(c2ncc(C(=O)NO)cn2)CC1)C1(C(=O)NCCc2c[nH]c3ccccc23)CCNC1,6.46,1
CHEMBL2442793,COc1cc([C@@H]2c3cc4c(cc3[C@@H](Nc3ccccc3OCCCC(=O)NO)[C@H]3COC(=O)[C@H]23)OCO4)cc(OC)c1O,6.45,1
CHEMBL3110281,N#Cc1cccc(-c2cn(CCCCCn3cccc(O)c3=S)nn2)c1,6.45,3
CHEMBL3601777,Cc1ccc(Nc2nccc3ccc(NCc4ccc(C(=O)NO)cc4)cc23)cc1,6.45,1
CHEMBL3681861,CCN(CC)CCSc1ccc(/C=C/C(=O)NO)cc1NC(C)=O,6.45,2
CHEMBL4228699,Cc1ccc(-c2cc(C(F)(F)F)nn2-c2ccc(C(=O)NO)cc2)cc1,6.45,1
CHEMBL4286053,O=C(CCCCn1[se]c2ccccc2c1=O)NO,6.45,1
CHEMBL4469978,Cc1nnc(-c2ccc(C(=O)NO)cc2)[nH]1,6.45,1
CHEMBL47529,Cc1nc2c(OCc3ccccc3)cccn2c1CC#N,6.45,1
CHEMBL5087002,COc1ccc2[nH]cc(CCN(CCCCCC(=O)NO)C(=O)/C=C/c3ccc(O)c(OC)c3)c2c1,6.45,2
CHEMBL5564613,CC12CC3CC(C)(C1)CC(NC(=O)Nc1ccc(C(=O)NCCCCC(=O)NO)cc1)(C3)C2,6.45,1
CHEMBL5928610,CS(=O)(=O)N(Cc1ncc(-c2nnc(C(F)(F)F)o2)s1)c1ccccc1,6.45,1
CHEMBL5999576,CCC(=O)N(Cc1ncc(-c2nnc(C(F)F)o2)s1)c1cccnc1,6.45,1
CHEMBL507716,C[C@@H](NC(=O)c1ccc(C(=O)C(F)(F)F)s1)c1ccccc1,6.44,2
CHEMBL485967,CC(NC(=O)c1ccc(C(=O)C(F)(F)F)s1)c1cccc2ccccc12,6.44,1
CHEMBL3415456,O=C(NO)c1ccc(NC2CCN(c3ccccc3Cl)C2=O)cc1,6.44,1
CHEMBL4299368,CC[C@H]1OC(=O)[C@H](C)[C@@H](O[C@@H]2C[C@](C)(OC)[C@@](O)(CN(C)Cc3ccc(-c4cn(CCCC(=O)NO)nn4)cc3)[C@@H](C)O2)[C@@H](C)[C@@H](O[C@H]2O[C@@H](C)C[C@@H](N(C)C)[C@@H]2O)[C@](C)(OC)C[C@@H](C)C(=O)[C@H](C)[C@H](O)[C@]1(C)O,6.44,1
CHEMBL320497,O=C(CCCCCCC(=O)NO)NO,6.44,2
CHEMBL3746015,COc1ccc(-c2nc(NC(=O)NCCC(=O)NO)cc3c2[nH]c2ccccc23)cc1,6.44,1
CHEMBL3926754,CCCc1nn(C)c2c(=O)[nH]c(-c3cc(S(=O)(=O)N4CCN(CCCC(=O)NO)CC4)ccc3OCC)nc12,6.44,1
CHEMBL4534860,CC(C)(C)c1ccc(CN(C(=O)CN(Cc2ccccc2C(F)(F)F)S(=O)(=O)c2ccc(F)c(F)c2)c2ccc(C(=O)NO)cc2)cc1,6.44,1
CHEMBL4563838,CC[C@H](Nc1ncnc2[nH]cnc12)c1nc2cccc(-c3ccc(C(=O)NO)cc3)c2c(=O)n1-c1ccccc1,6.44,1
CHEMBL4543731,COc1cc(/C=C/C(=O)NO)ccc1OCCCCNC(=O)c1ccccc1O,6.44,1
CHEMBL4642023,CCC(=O)CCCCC[C@H](NC(=O)[C@H]1CC12CCC(N(C)C)CC2)c1ncc(-c2cc3ccccc3nc2OC)[nH]1,6.44,1
CHEMBL4790567,COc1cc(OC)c2c(N3CCOC[C@@H]3C)nc(-c3cc(C)c(OCCCC(=O)NO)c(C)c3)nc2c1,6.44,1
CHEMBL625,c1ccc2[nH]c(-c3cscn3)nc2c1,6.44,1
CHEMBL4851084,CC12CC3CC(C)(C1)CC(NC(=O)CCCCCCC(=O)NO)(C3)C2,6.44,1
CHEMBL5197272,CCNNC(=O)c1ccc(Cn2c3ccccc3c3ccccc32)cc1,6.44,1
CHEMBL5186043,Cc1c(COc2ccc(CNCCCCCC(=O)NO)c(F)c2)cccc1-c1ccccc1,6.44,2
CHEMBL5283088,CN(C)c1cccc2c(S(=O)(=O)N[C@H](C(=O)Nc3ccc(C(=O)NO)cc3)c3ccccc3)cccc12,6.44,1
CHEMBL5596683,O=C(NO)c1ccc(Cn2cc(Nc3cc(-c4cccc(NCC5CCOCC5)n4)c(Cl)cn3)cn2)cc1,6.44,1
CHEMBL5859586,CC(=O)N(C)C[C@@H](Nc1ncc(-c2nnc(C(F)F)o2)cn1)c1ccc(F)cc1,6.44,1
CHEMBL5822928,O=C(NO)c1ccc(CCCn2cnc(CNC3CC3c3ccccc3)c2)cc1,6.44,1
CHEMBL515764,NS(=O)(=O)NCCCC[C@H](NC(=O)NCc1ccc(F)cc1)C(=O)Nc1nc(-c2ccccc2)cs1,6.43,1
CHEMBL455455,O=C(NCc1ccccc1)c1ccc(C(=O)C(F)(F)F)s1,6.43,1
CHEMBL2337870,N#Cc1cc(-c2ccccc2)ccc1Cn1cccc(O)c1=S,6.43,1
CHEMBL3657469,[C-]#[N+]c1ccccc1-c1ccc(Cn2cccc(O)c2=S)cc1,6.43,2
CHEMBL3936651,CCOc1ccc(OC2CCN(c3ncc(C(=O)NO)cn3)CC2)cc1-c1nc2c(CC)nn(C)c2c(=O)[nH]1,6.43,1
CHEMBL4581909,O=C(NO)c1ccc(Cc2nc(-c3ccc(Cl)cc3)nn2Cc2ccccc2)cc1,6.43,1
CHEMBL4749523,CC1(C)C(=O)C(C#N)=C[C@]2(C)[C@H]3C(=O)C=C4[C@@H]5C[C@@](C)(C(=O)N6CCN(c7ccc(NC(=O)CCCCCCC(=O)NO)cc7)CC6)CC[C@]5(C)CC[C@@]4(C)[C@]3(C)CC[C@@H]12,6.43,1
CHEMBL5591748,Cn1c2c(c3ccccc31)CN(Cc1ccc(C(=O)NO)cc1)CC2,6.43,1
CHEMBL5975271,CS(=O)(=O)NC[C@@H](Nc1ncc(-c2nnc(C(F)F)o2)cn1)c1ccc(OC(F)F)cc1,6.43,1
CHEMBL5999521,O=C(/C=C/c1ccc(CNC2CC2c2ccc(-c3ccc(Cl)cc3)cc2)cc1)NO,6.43,1
CHEMBL6162062,CCNNC(=O)c1ccc(CN(CC(=O)NCc2ccccc2)C(=O)c2ccc(N(C)C)cc2)cc1,6.43,1
CHEMBL520781,CCSC(=S)SCC(=O)c1ccc(NS(=O)(=O)c2ccccc2)cc1,6.42,1
CHEMBL1836144,CC[C@H](C)[C@H]1NC(=O)[C@@H](CS)NC(=O)[C@@H](CCSC)NC(=O)C[C@@H](/C=C/CCS)OC(=O)C[C@@H]1O,6.42,1
CHEMBL2333345,O=C(NO)C1CCCCC1,6.42,1
CHEMBL3287266,C/C=C/c1sc(-c2nccs2)nc1C(=O)NCCCCC(=O)NO,6.42,2
CHEMBL3415446,O=C(NO)c1ccc(NC2CCN(c3ccccc3)C2=O)cc1,6.42,1
CHEMBL3923840,CCOc1ccc(CN2CCN(c3ncc(C(=O)NO)cn3)CC2)cc1-c1nc2c(CC)nn(C)c2c(=O)[nH]1,6.42,1
CHEMBL4215505,O=C(NO)c1ccc(C(=O)Nc2n[nH]c3cc(-c4c(Cl)cccc4Cl)ccc23)cc1,6.42,1
CHEMBL4581044,COc1cc(/C=C/C(=O)NO)ccc1OCCCCN(C)C(=O)c1ccccc1O,6.42,1
CHEMBL4641343,CCC(=O)CCCCC[C@H](NC(=O)C1CC2(C1)CN(C)C2)c1ncc(-c2cc3ccccc3nc2OC)[nH]1,6.42,1
CHEMBL216543,O=C1Nc2ccccc2/C1=C1/Nc2ccccc2/C1=N\O,6.42,1
CHEMBL5274036,O=C(NO)c1ccc(NC(=O)[C@@H](NC(=O)c2ccc3ccccc3c2)c2ccccc2)cc1,6.42,1
CHEMBL5417826,CN(Cc1ccccc1)c1cc(NCCCC(=O)NO)nc(-c2cccnc2)n1,6.42,1
CHEMBL5432846,O=C(CCCCCCNc1cc(N2CCCCCC2)nc(-c2ccccn2)n1)NO,6.42,1
CHEMBL5618867,COc1cc(/C=C/C(=O)CC(=O)/C=C/c2ccc(/C=C/C(=O)NO)cc2)ccc1O,6.42,1
CHEMBL482094,CCSC(=S)SCC(=O)c1ccc(Nc2ncnc3ccccc23)cc1,6.41,1
CHEMBL507114,NS(=O)(=O)NCCCCCC(=O)Nc1cccc2cccnc12,6.41,1
CHEMBL2046608,C=CCCC(=O)Nc1ccc(C(=O)N2CCc3nc(C(=O)NO)sc3C2)cc1,6.41,1
CHEMBL2431911,O=C(NO)c1ccc2c(c1)CCN(C(=O)c1ccc(-c3ccccc3)cc1)CC2,6.41,2
CHEMBL3086768,O=C(CCCC(=O)NCCc1ccccc1)NO,6.41,1
CHEMBL3765502,CN(C)c1ccc(C(=O)N/N=C/c2cccc(C(=O)NO)c2)cc1,6.41,1
CHEMBL4104334,CCNNC(=O)c1ccc(CNC(=O)[C@H](Cc2c[nH]c3ccccc23)NC(=O)c2ccc(OC)cc2)cc1,6.41,1
CHEMBL4581033,Cc1noc(C)c1-c1nc2sc3c(c2c(=O)[nH]1)CCN(CC(=O)Nc1ccccc1N)C3,6.41,1
CHEMBL4634829,CCC(=O)CCCCC[C@H](NC(=O)[C@H]1C[C@@]12CCN(C)C2)c1ncc(-c2cc3ccccc3nc2OC)[nH]1,6.41,1
CHEMBL4796311,COc1cc(OC)c2c(N3CCCC3)nc(-c3cc(C)c(OCCCC(=O)NO)c(C)c3)nc2c1,6.41,1
CHEMBL71191,COc1cc2ncc(-c3ccccc3)nc2cc1OC,6.41,1
CHEMBL4871029,Cc1cccc(-n2nc(-c3ccccc3)nc2CNc2ccc(C(=O)NO)cc2)c1,6.41,1
CHEMBL5070176,O=C(NO)c1cccc(/C=C/c2ccnc(-c3ccccc3O)c2)c1,6.41,1
CHEMBL5082396,O=C(NO)c1ccc(CNS(=O)(=O)c2c(F)c(F)c(F)c(F)c2F)cc1,6.41,2
CHEMBL5173660,Cc1cc(C)c(CNC(=O)c2cc(-c3ccc(N4CCN(CCCCCCCCC(=O)NO)CC4)nc3)cc3c2cnn3C(C)C)c(=O)[nH]1,6.41,1
CHEMBL3966183,NCC(=O)Nc1ccccc1-c1ccc(NC(=O)CCCCCNC(=O)CS)cc1,6.41,1
CHEMBL5849871,CC(Nc1ncc(-c2nnc(C(F)(F)F)o2)cn1)c1ccccc1,6.41,1
CHEMBL5796748,FC(F)c1nnc(-c2cnc(NC3(c4cccnc4)CC3)nc2)o1,6.41,1
CHEMBL5942900,Fc1ccccc1Cc1cnc(-c2noc(C(F)(F)F)n2)c(F)c1,6.41,1
CHEMBL6161641,CCCc1cc(C(=O)Nc2ccc(C(F)(F)F)c(Cl)c2)nn1Cc1ccc(C(=O)NO)cc1,6.41,1
CHEMBL6165696,CCNNC(=O)c1ccc(CNC(=O)c2ccc(OCc3cn(CCCCCCNc4cc5c(cc4F)C(=O)N(C4CCC(=O)N(C)C4=O)C5=O)nn3)cc2)cc1,6.41,1
CHEMBL492312,NS(=O)(=O)NCCCC[C@H](NC(=O)OCc1ccccc1)c1csc(-c2ccccc2)n1,6.4,1
CHEMBL479786,CCSC(=S)SCC(=O)c1ccc(C(=O)NCc2cc(C)cc(C)c2)s1,6.4,1
CHEMBL1095085,CCN1CCC[C@@H](n2c(C)nc(C)c2-c2cccc(/C=C/C(=O)NO)c2)C1,6.4,1
CHEMBL2408696,CN1C(=O)[C@@H](NC(=O)CCCCCCC(=O)NO)N=C(c2ccccc2)c2ccccc21,6.4,1
CHEMBL3799297,COc1ccc(C(=O)Nc2cc(C(=O)NO)ccc2OC)cc1,6.4,1
CHEMBL3914813,CCOc1ccc(CC2CCN(c3ccc(C(=O)NO)cn3)CC2)cc1-c1nc2c(CC)nn(C)c2c(=O)[nH]1,6.4,1
CHEMBL3915689,O=C(NO)c1ccc(NCCOc2ccc3cc2COC/C=C/COCc2cccc(c2)-c2ccnc(n2)N3)cc1,6.4,1
CHEMBL3692630,O=S(=O)(Nc1ccccc1)c1ccc(-c2noc(C(F)(F)F)n2)cc1,6.4,1
CHEMBL4633409,CCc1nc(N)nc(N)c1-c1ccc(/C=C/C(=O)NO)cc1,6.4,1
CHEMBL4861336,Cc1ccc(NC(=O)c2ccc3c(c2)N(Cc2ccc(C(=O)NO)cc2)c2ccccc2S3)nc1,6.4,1
CHEMBL5084881,O=C(NO)c1cccc(/C=C/c2ccnc(-c3cc(F)ccc3O)c2)c1,6.4,2
CHEMBL5075729,O=C(CCCCCCC(=O)N/N=C/c1ccc(N(c2ccccc2)c2ccccc2)cc1)NO,6.4,1
CHEMBL5196979,Cc1cccc(C2CC(=O)N2C2CCN(C(=O)NCc3ccc(C(=O)NO)cc3)CC2)c1,6.4,1
CHEMBL5220325,N#Cc1c(N)nc(N)nc1N1CC2(CC2)C[C@H]1c1nc(NCc2ccc(C(=O)NO)cc2)c2c(Cl)cccc2n1,6.4,1
CHEMBL5590465,C#CCN1C(=O)CNC(=O)/C1=C/c1ccc(C(=O)NO)cc1,6.4,1
CHEMBL5958249,O=C(NO)c1cnc(N2CCC(CNC3CC3c3ccc(-c4cncnc4)cc3)CC2)nc1,6.4,1
CHEMBL6159673,CC(=O)N(CC1CCN(c2ncc(C(=O)NO)cn2)CC1)C1(C(=O)NCc2ccccc2)CCNC1,6.4,1
CHEMBL238829,CC1(C)NC(=O)[C@H](CCCCCSSc2ccccn2)NC(=O)[C@H]2CCCN2C(=O)[C@H](Cc2ccccc2)NC1=O,6.39,1
CHEMBL494138,NS(=O)(=O)NCCCC[C@H](NC(=O)OCc1ccccc1)c1c[nH]c(-c2ccccc2)n1,6.39,1
CHEMBL496512,COc1ccc(COCc2ccc(C(=O)C(F)(F)F)s2)cc1,6.39,1
CHEMBL487347,O=C(c1ncc(C(=O)C(F)(F)F)s1)N1CCc2ccccc21,6.39,1
CHEMBL462203,O=C1COc2ccccc2N1Cc1noc(-c2ccc(C(=O)C(F)(F)F)s2)n1,6.39,1
CHEMBL592719,O=C(CCCCC[C@@H]1NC(=O)[C@H]2CCCN2C(=O)[C@@H]2CCCCCCCCCC[C@@H](NC1=O)C(=O)N2)NO,6.39,1
CHEMBL2442792,COc1cc([C@@H]2c3cc4c(cc3[C@@H](Nc3cccc(OCCCC(=O)NO)c3)[C@H]3COC(=O)[C@H]23)OCO4)cc(OC)c1O,6.39,1
CHEMBL3235790,N#CCc1ccc(-c2ccc(/C=C/C(=O)NO)cc2Cl)cc1C12CC3CC(CC(C3)C1)C2,6.39,1
CHEMBL4061807,O=C(NO)c1ccc(CNc2cnc3ccccc3c2)cc1,6.39,1
CHEMBL4064944,CCCCCCC(CCCC(=O)NO)CCC(=O)Nc1ccccc1,6.39,1
CHEMBL4638976,CCC(=O)CCCCC[C@H](NC(=O)CC1CC2(C1)CN(C)C2)c1ncc(-c2cc3ccccc3nc2OC)[nH]1,6.39,1
CHEMBL4638264,CCC(=O)CCCCC[C@H](NC(=O)[C@H]1CCC12CCN(CC)CC2)c1ncc(-c2cc3ccccc3nc2OC)[nH]1,6.39,1
CHEMBL1289926,CNC(=O)c1ccccc1Sc1ccc2c(/C=C/c3ccccn3)n[nH]c2c1,6.39,1
CHEMBL562551,COc1cc(NC(=O)c2ccccn2)ccc1Cl,6.39,1
CHEMBL5191470,Cc1cc(C)c(CNC(=O)c2cc(-c3ccc(N4CCN(CCCCCCCC(=O)NO)CC4)nc3)cc3c2cnn3C(C)C)c(=O)[nH]1,6.39,1
CHEMBL5415394,Cc1cc(Cn2ccc3cc(C(=O)NCC45C[C@H]6C[C@@H](C4)C[C@@H](C5)C6)ccc32)ccc1C(=O)NO,6.39,1
CHEMBL6046123,CCS(=O)(=O)N(Cc1ncc(-c2nnc(C(F)F)o2)s1)c1ccc(=O)n(C)c1,6.39,1
CHEMBL474051,COc1cccc(-c2csc(NC(=O)[C@H](CCCCNS(N)(=O)=O)NC(=O)OCc3ccccc3)n2)c1,6.38,1
CHEMBL482095,CCSC(=S)SCC(=O)c1ccc(NC(=O)c2cccnc2)cc1,6.38,1
CHEMBL2381520,O=C(NO)c1cccc(C(=O)Nc2ccccc2)c1,6.38,2
CHEMBL3220922,CC(=O)N1c2ccc(-c3ccc(NC(=O)CCCCCCC(=O)NO)cc3)cc2[C@H](NC(=O)OC(C)C)C[C@@H]1C,6.38,2
CHEMBL3944571,CCOc1ccc(CC2CCC(C(=O)NO)C2)cc1-c1nc2c(CC)nn(C)c2c(=O)[nH]1,6.38,1
CHEMBL4160840,O=C(NO)c1ccc(-c2ccnc(Nc3ccc(N4CCOCC4)cc3)n2)cc1,6.38,1
CHEMBL4229043,O=C(NO)c1ccc(Cn2nc(Cc3ccccc3)cc2-c2ccc(F)cc2)cc1,6.38,1
CHEMBL4649745,CC(C)[C@@H](C#Cc1ccc(C(=O)NO)cc1)NC(=O)C1Cc2ccccc2O1,6.38,1
CHEMBL4639383,CC(C)(C)c1cccc(NC(=O)c2ccc(C(=O)NO)cc2)c1,6.38,1
CHEMBL4639206,CCC(=O)CCCCC[C@H](NC(=O)[C@H]1CC12CCN(Cc1cccnc1)CC2)c1ncc(-c2cc3ccccc3nc2OC)[nH]1,6.38,1
CHEMBL4779947,COc1cc(OC)c2c(N3CCSCC3)nc(-c3cc(C)c(OCCCC(=O)NO)c(C)c3)nc2c1,6.38,1
CHEMBL242341,COc1ccc(-c2coc3cc(O)ccc3c2=O)cc1,6.38,2
CHEMBL6037889,CCS(=O)(=O)N(Cc1ncc(-c2nnc(C(F)F)o2)s1)c1ccc(N2CCOCC2)nc1,6.38,1
CHEMBL238596,C[C@@H]1NC(=O)C(C)(C)NC(=O)[C@H](CCCCCSSc2ccccn2)NC(=O)[C@H]2CCCN2C1=O,6.37,1
CHEMBL482136,CCSC(=S)SCC(=O)c1cccc(S(=O)(=O)Nc2ccc3c(c2)OCO3)c1,6.37,1
CHEMBL1243261,O=C(CCCCc1cc(C(=O)NO)no1)Nc1ccccc1,6.37,1
CHEMBL2413292,O=C(/C=C/c1ccc(CN(CCO)Cc2ccccc2)o1)NO,6.37,1
CHEMBL3353068,O=C(NO)c1cn2c(n1)CN(C(=O)c1ccc(-c3ccccc3)cc1)CC2,6.37,2
CHEMBL3311472,O=C(CCCCCCNC(=O)c1ccc2c(c1)CCC(=O)N2)NO,6.37,1
CHEMBL4439820,CC[C@H](Nc1ncnc2[nH]cnc12)c1nc(NCCCC(=O)NO)c2ccccc2n1,6.37,1
CHEMBL4465947,COc1cc(/C=C/C(=O)NO)ccc1OCCN(C)C(=O)c1ccccc1O,6.37,1
CHEMBL4789155,CC(C)c1cc(C(=O)N2Cc3ccc(NC(=O)CCCCCCCCC(=O)NO)cc3C2)c(O)cc1O,6.37,1
CHEMBL297784,Cn1ccc2cc3c(cc21)CCN3C(=O)Nc1cccnc1,6.37,1
CHEMBL5188463,O=C(/C=C/C1CCN(Cc2ccc(Cl)cc2)CC1)NO,6.37,1
CHEMBL5198026,COc1cc(OCc2cccc(-c3ccccc3)c2C)cc(OC)c1CNCCCCCC(=O)NO,6.37,1
CHEMBL5206651,Cc1c(COc2ccc(CNCCCCCCC(=O)NO)c(F)c2)cccc1-c1ccc2c(c1)OCCO2,6.37,1
CHEMBL481703,CCSC(=S)SCC(=O)c1ccc(-c2ccc(CNc3cnc4ccccc4c3)cn2)s1,6.36,1
CHEMBL515295,COc1cc(NC(=O)CCCCCNS(N)(=O)=O)c2ncccc2c1,6.36,1
CHEMBL2385954,COc1cc2c(c(OC)c1OC)-c1ccc(OC)c(=O)cc1[C@@H](NC(=O)CCCCC(=O)NO)CC2,6.36,1
CHEMBL2431908,Cn1cccc1C(=O)N1CCc2ccc(C(=O)NO)cc2CC1,6.36,2
CHEMBL3086767,CCOC(=O)NCCCC(=O)NCCc1ccccc1,6.36,3
CHEMBL3309298,CC1(C)CC(=O)Nc2ccc(C(=O)NC[C@H]3CC[C@H](CCC(=O)NO)CC3)cc21,6.36,1
CHEMBL3907730,CCCc1nn(C)c2c(=O)[nH]c(-c3cc(NC4CCN(c5ncc(C(=O)NO)cn5)CC4)ccc3OCC)nc12,6.36,1
CHEMBL3693702,O=C(CCCCCCNC(=O)c1ccc(N(c2ncccn2)c2ncccn2)cc1)NO,6.36,4
CHEMBL3692643,O=S(=O)(Nc1ccc(F)cc1)c1ccc(-c2noc(C(F)(F)F)n2)cc1,6.36,1
CHEMBL5421030,CCOc1cc(Cn2ccc3cc(C(=O)NCC45C[C@H]6C[C@@H](C4)C[C@@H](C5)C6)ccc32)ccc1C(=O)NO,6.36,1
CHEMBL5887970,CCS(=O)(=O)N(CC(Nc1ncc(-c2nnc(C(F)F)o2)cn1)c1ccc(OC(F)(F)F)cc1)CC(F)(F)F,6.36,1
CHEMBL6145085,CC(C)c1ccc(C(=O)N(CC(=O)NC2CCCCC2)CC2CCN(c3ncc(C(=O)NO)cn3)CC2)cc1,6.36,1
CHEMBL475043,NS(=O)(=O)NCCCC[C@H](NC(=O)OCc1ccccc1)C(=O)Nc1nc(-c2ccccc2)c(-c2ccccc2)s1,6.35,1
CHEMBL493249,CCOC(=S)SCC(=O)c1ccc(OC)cc1,6.35,1
CHEMBL2046609,COc1ccc(/C=C/C(=O)Nc2ccc(C(=O)N3CCc4nc(C(=O)NO)sc4C3)cc2)cc1,6.35,1
CHEMBL152162,O=C(CCc1ccccc1)NO,6.35,1
CHEMBL3758311,O=C(O)CCCn1nc(C(=O)NCCCCCCS)cc1-c1ccc(F)cc1,6.35,1
CHEMBL4289912,O=C(NO)c1cnc(N2CCC(Cn3[se]c4ccccc4c3=O)CC2)nc1,6.35,1
CHEMBL4640986,O=C(NO)c1ccc(C(=O)NCCCN2c3ccccc3CCc3ccc(Cl)cc32)cc1,6.35,1
CHEMBL5195924,CCNNC(=O)c1ccc(Cn2ccc3cc(C(=O)c4ccc(OC)cc4)ccc32)cc1,6.35,1
CHEMBL5218749,CCC(=O)CCCCC[C@H](NC(=O)[C@H]1CC12CCN(C)CC2)c1ncc(-c2cn(C)c3ccccc3c2=O)[nH]1,6.35,1
CHEMBL3947997,N[C@@H](Cc1ccccc1)C(=O)Nc1ccccc1-c1ccc(NC(=O)CCCCCNC(=O)CS)cc1,6.35,1
CHEMBL5619541,COc1ccc2c3ccnc(C)c3n(CC3CCN(c4ncc(C(=O)NO)cn4)CC3)c2c1,6.35,2
CHEMBL6007825,Fc1ccc2c(c1)CCC2Nc1ncc(-c2nnc(C(F)F)o2)cn1,6.35,1
CHEMBL497331,O=C(NCC1CCCCC1)c1ccc(C(=O)C(F)(F)F)s1,6.34,1
CHEMBL2179248,COc1ccccc1NC(=O)N(CCCN(C)C)Cc1ccc(C(=O)NO)cc1,6.34,5
CHEMBL2337869,Cc1ccc(-c2ccc(Cn3cccc(O)c3=S)cc2)cc1,6.34,3
CHEMBL2337875,Oc1cccn(Cc2ccccc2)c1=S,6.34,3
CHEMBL2408693,C[C@@H]1N=C(c2ccccc2)c2cc(C#CCCCC(=O)NO)ccc2NC1=O,6.34,1
CHEMBL3415626,CC1(Nc2ccc(C(=O)NO)cc2)CCN(c2ccccc2)C1=O,6.34,1
CHEMBL3622727,C/C=C1\NC(=O)c2csc(n2)[C@@H](C(C)C)NC(=O)C[C@@H](/C=C/CCS)OC(=O)[C@H](C(C)C)NC1=O,6.34,1
CHEMBL3692641,O=S(=O)(Nc1cccc(Cl)c1)c1ccc(-c2noc(C(F)(F)F)n2)cc1,6.34,1
CHEMBL4553337,Cc1noc(C)c1-c1nc2sc3c(c2c(=O)[nH]1)CCN(CC(=O)NO)C3,6.34,1
CHEMBL4637745,CCC(=O)CCCCC[C@H](NC(=O)C1CCC2(CC1)CN(C)C2)c1ncc(-c2cc3ccccc3nc2OC)[nH]1,6.34,1
CHEMBL4745420,O=C(Cc1ccc(OCCCn2c3c(c4cccc(Cl)c42)CCNC3)cc1)NO,6.34,1
CHEMBL4850382,O=C(NO)c1cccc(F)c1,6.34,1
CHEMBL5184034,CCNNC(=O)c1ccc(Cn2c3c(c4ccccc42)CCCC3)cc1,6.34,1
CHEMBL5218854,CCC(=O)CCCCC[C@H](NC(=O)[C@H]1CC12CCN(C(C)C)CC2)c1ncc(-c2cc3ccc(C)nc3cc2OC)[nH]1,6.34,1
CHEMBL5220278,CCC(=O)CCCCC[C@H](NC(=O)[C@H]1CC12CCN(C)CC2)c1ncc(-c2cc3ccc(C)nc3cc2OC)o1,6.34,1
CHEMBL5407061,CN(Cc1ccccc1)c1cc(NCCCCCC(=O)NO)nc(-c2ccccn2)n1,6.34,1
CHEMBL5624856,C=C(c1ccc(OC)c(OC(F)C(=O)NO)c1)c1cc(C)nc2ccccc12,6.34,1
CHEMBL518821,O=C(c1ccc(-c2nc(COc3ccc(-c4nnco4)cc3)no2)s1)C(F)(F)F,6.33,2
CHEMBL2179250,COc1ccccc1NC(=O)N(CCc1c[nH]c2ccccc12)Cc1ccc(C(=O)NO)cc1,6.33,5
CHEMBL3287257,O=C(CCCCNC(=O)c1nc(-c2nccs2)sc1-c1ccccc1)NO,6.33,2
CHEMBL3758842,O=C(NCCCCCCS)c1cc(-c2ccc(F)cc2)nn1CCCO,6.33,1
CHEMBL3692639,Cc1cccc(NS(=O)(=O)c2ccc(-c3noc(C(F)(F)F)n3)cc2)c1,6.33,1
CHEMBL3915628,O=C(CCCCNC(=O)c1nc(-c2nccs2)sc1-c1cccc([N+](=O)[O-])c1)NO,6.33,1
CHEMBL3925574,C/C=C/c1sc(-c2nccs2)nc1C(=O)NCCCNC(=O)CS,6.33,1
CHEMBL4436262,Cc1noc(C)c1-c1nc2sc3c(c2c(=O)[nH]1)CCN(CCCC(=O)NO)C3,6.33,1
CHEMBL4530175,COc1ccc(/C=C(\C)C(=O)c2cc(OC)c(OC)c(OC)c2)cc1OCCCC(=O)NO,6.33,1
CHEMBL4782002,O=C(NO)c1ccc(CN2CCC3(CC2)CN(C(=O)c2ccccc2)c2c(-c4ccccc4)cccc23)cc1,6.33,1
CHEMBL4854659,COc1cc2nc(-c3ccc(C)o3)cc(NCC3CCN(c4ccc(C(=O)NO)cn4)CC3)c2cc1OC,6.33,1
CHEMBL4867268,O=C(/C=C/c1ccc(CN2c3ccccc3Sc3ccccc32)cc1)NO,6.33,1
CHEMBL5199949,Cc1c(COc2ccc(CNCCCCCC(=O)NO)c(F)c2)cccc1-c1ccc2c(c1)OCCO2,6.33,1
CHEMBL5584088,O=C1CNC(=O)/C(=C/c2ccc(C(=O)NO)cc2)N1,6.33,1
CHEMBL5590850,O=C(NO)c1ccc(CN2CCc3c(c4ccccc4n3Cc3ccccc3)C2)cc1,6.33,1
CHEMBL440018,CN(C)c1ccc(C(=O)NCCCCCCNC(=O)CS)cc1,6.32,1
CHEMBL524193,NS(=O)(=O)NCCCC[C@H](NC(=O)OCc1ccccc1)c1nc2cc(-c3cccs3)ccc2[nH]1,6.32,1
CHEMBL523033,COc1ccc(-c2nc([C@H](CCCCNS(N)(=O)=O)NC(=O)OCc3ccccc3)cs2)cc1,6.32,1
CHEMBL480973,CCSC(=S)SCC(=O)c1ccc(C(=O)NCCOc2ccccc2)cc1,6.32,1
CHEMBL2413311,CCN(CCc1ccc2c(c1)OCO2)Cc1ccc(/C=C/C(=O)NO)o1,6.32,1
CHEMBL3415966,Nc1nc2ncc(CNc3ccc(C(=O)NCCCCCCCCCC(=O)NO)cc3)nc2c(=O)[nH]1,6.32,1
CHEMBL4240593,CC/C(=C(\c1ccc(O)cc1)c1ccc(OCCN(C)C)cc1)c1ccc(CCC(=O)NO)cc1,6.32,1
CHEMBL4744603,CC(/C=C/C(=O)NO)=C\c1ccc(NS(=O)(=O)c2ccc(N(CCCl)CCCl)cc2)cc1,6.32,1
CHEMBL4790422,COc1cc(OC)c2c(N3CCCCC3)nc(-c3cc(C)c(OCCCCC(=O)NO)c(C)c3)nc2c1,6.32,1
CHEMBL66654,Cc1cccc(C#Cc2ccccc2)n1,6.32,1
CHEMBL4070705,COc1ccc(Nc2ccn(-c3ccccc3)n2)cc1,6.32,1
CHEMBL4303623,Cc1ccc(OCCSc2ncccn2)c(Br)c1,6.32,1
CHEMBL5281824,COc1cc(/C=C2\SC(=O)N(CCNC(=O)Nc3c(C)n(C)n(-c4ccccc4)c3=O)C2=O)cc(OC)c1OC,6.32,1
CHEMBL5590436,O=C(NO)c1ccc(COC(=O)N2CCc3c(c4ccccc4n3Cc3ccccc3)C2)cc1,6.32,1
CHEMBL5598136,O=C(CCCCCn1cc(Nc2cc(-c3cccc(NCc4cccc(F)c4)n3)c(Cl)cn2)cn1)NO,6.32,1
CHEMBL6018183,CCS(=O)(=O)N(Cc1ncc(-c2nnc(C(F)F)o2)s1)c1ccc(C(C)(C)O)nc1,6.32,1
CHEMBL6148614,CCCc1cc(C(=O)Nc2ccncc2)nn1Cc1ccc(C(=O)NO)cc1,6.32,1
CHEMBL496511,CN(Cc1ccccc1)Cc1ccc(C(=O)C(F)(F)F)s1,6.31,1
CHEMBL454438,NS(=O)(=O)NCCCCCC(=O)Nc1ccc2ncccc2c1,6.31,1
CHEMBL2431910,O=C(NO)c1ccc2c(c1)CCN(C(=O)C1CCCCCC1)CC2,6.31,2
CHEMBL3930328,O=C(CCCCNC(=O)c1nc(-c2ncc(-c3ccccc3)s2)sc1C1CC1)NO,6.31,1
CHEMBL4640939,CCCN1CCC2(CC1)C[C@@H]2C(=O)N[C@@H](CCCCCC(=O)CC)c1ncc(-c2cc3ccccc3nc2OC)[nH]1,6.31,1
CHEMBL4750898,O=C(NO)c1ccc(CCN2CCC(CN[C@H]3C[C@@H]3c3ccccc3)CC2)cc1,6.31,1
CHEMBL5192945,O=C(NO)c1cccc(CN(C2CC2)S(=O)(=O)c2c(F)c(F)c(F)c(F)c2F)c1,6.31,1
CHEMBL5592249,O=C(NO)c1cccc(CNC(=O)N2CCc3c(c4ccccc4n3Cc3ccccc3)C2)c1,6.31,1
CHEMBL5872051,CS(=O)(=O)NC[C@@H](Nc1ncc(-c2nnc(C(F)F)o2)cn1)c1ccc(Cl)cc1,6.31,1
CHEMBL5765347,O=C(NO)c1ccc(CCN2CCC(CNC3CC3c3ccccc3)CC2)cc1,6.31,1
CHEMBL512043,O=C(c1ccc(-c2nc(-c3ccccn3)no2)s1)C(F)(F)F,6.3,1
CHEMBL1098067,CCN1CCC[C@@H](n2c(Cc3ccccc3)nc(C)c2-c2cccc(/C=C/C(=O)NO)c2)C1,6.3,1
CHEMBL55895,O=C(CCCc1ccccc1)NO,6.3,1
CHEMBL3287258,O=C(CCCCNC(=O)c1nc(-c2nccs2)sc1-c1ccc(F)cc1)NO,6.3,2
CHEMBL3771355,O=C(NO)c1coc(-c2cccc(-c3ccccc3)c2)n1,6.3,1
CHEMBL3798925,O=C(NO)c1ccc(F)c(NC(=O)c2ccccc2)c1,6.3,1
CHEMBL3966165,CC1(C)C(=O)N(c2ccc(C#N)c(C(F)(F)F)c2)C(=S)N1c1ccc(C(=O)NCCOCCC(=O)NO)c(F)c1,6.3,1
CHEMBL3693714,CN(CCCCCCC(=O)NO)C(=O)c1ccc(N(c2ncccn2)c2ncccn2)cc1,6.3,4
CHEMBL3939120,CC(C)Cc1sc(-c2nccs2)nc1C(=O)NCCCCCC(=O)NO,6.3,1
CHEMBL4849225,COc1ccc(-c2ccccc2)c2c1CCN(Cc1ccc(C(=O)NO)cc1)CC2,6.3,1
CHEMBL4854765,COc1cc2nc(-c3ccc(C)o3)nc(NCC3CCN(c4ncc(C(=O)NO)cn4)CC3)c2cc1OC,6.3,1
CHEMBL5398428,O=C(CCCNc1cc(N2CCCCCC2)nc(-c2cccnc2)n1)NO,6.3,1
CHEMBL5593848,CN1C(=O)CNC(=O)/C1=C/c1ccc(C(=O)Nc2cccc(C(=O)NO)c2)cc1,6.3,1
CHEMBL5932141,O=C(CCN1CCOCC1)N(Cc1ncc(-c2nnc(C(F)F)o2)s1)c1cncc(F)c1,6.3,1
CHEMBL6160187,CC(C)(C)n1nnnc1CNCC1CCN(c2ncc(C(=O)NO)cn2)CC1,6.3,1
CHEMBL481148,CCSC(=S)SCC(=O)c1cccc(S(=O)(=O)Nc2ccc(OC)cc2)c1,6.29,1
CHEMBL481922,CCSC(=S)SCC(=O)c1cccc(C(=O)Nc2ccccc2)c1,6.29,1
CHEMBL2047696,COc1cc(C/C(=N\O)C(=O)NCCS)cc(Br)c1OC,6.29,1
CHEMBL3353065,Cn1c(C(=O)N2CCn3nc(C(=O)NO)cc3C2)cc2ccccc21,6.29,2
CHEMBL3415451,O=C(NO)c1ccc(NC2CCN(Cc3ccccc3)C2=O)cc1,6.29,1
CHEMBL3970271,CCOc1ccc(C[C@H]2CC[C@H](C(=O)NO)CC2)cc1-c1nc2c(CC)nn(C)c2c(=O)[nH]1,6.29,1
CHEMBL3942555,O=C(CCCOc1ccc2cc1COC/C=C/COCc1cccc(c1)-c1ccnc(n1)N2)NO,6.29,1
CHEMBL4248952,CC/C(=C(\c1ccc(O)cc1)c1ccc(OCCN(C)C)cc1)c1ccc(/C=C/C(=O)NO)cc1,6.29,1
CHEMBL4280514,O=C(CCCCCOc1ccc(-n2[se]c3ccccc3c2=O)cc1)NO,6.29,1
CHEMBL4646582,CCC(=O)CCCCC[C@H](NC(=O)[C@@H]1CCC12CCN(CC)CC2)c1ncc(-c2cc3ccccc3nc2OC)[nH]1,6.29,1
CHEMBL4798455,O=C(NO)c1cnc(CCCN2CCC(CN[C@H]3C[C@@H]3c3ccccc3)CC2)s1,6.29,1
CHEMBL4795944,Cn1c(=O)c(OCc2ccc(C(=O)NO)cc2)c(-c2ccccc2)c2ccccc21,6.29,1
CHEMBL15870,CC(C(=O)O)c1ccc(N2Cc3ccccc3C2=O)cc1,6.29,1
CHEMBL3589010,Cc1cc(/C=C2\SC(=O)N(c3ccccc3)C2=O)c(C)n1-c1cccnc1,6.29,1
CHEMBL4849440,O=C(NO)c1ccc(CN2CCCc3cc(Cl)ccc32)c(F)c1,6.29,2
CHEMBL5172893,C[C@H]1CN(Cc2ccc(/C=C/C(=O)NO)cc2)C[C@@H]1c1nc2c(cnn2C2CCOCC2)c(=O)[nH]1,6.29,1
CHEMBL5208297,NC(=O)/C=C/c1ccc(COc2ccc(-n3cc4cccc(C(N)=O)c4n3)cc2)cc1,6.29,1
CHEMBL6024231,O=C(NO)c1cnc(CCCN2CCC(CNC3CC3c3ccccc3)CC2)s1,6.29,1
CHEMBL5975848,O=C(CCN1CCOCC1)N(Cc1ncc(-c2nnc(C(F)F)o2)s1)c1cccnc1,6.29,1
CHEMBL5755303,CN(Cc1cc(-c2nnc(C(F)F)o2)on1)c1cccc(Cl)c1,6.29,1
CHEMBL6164524,C[C@@H]1CN(Cc2ccc(CC(=O)CNO)cc2)C[C@H]1c1nc2c(cnn2C2CCOCC2)c(=O)[nH]1,6.29,1
CHEMBL475618,NS(=O)(=O)NCCCC[C@H](NS(=O)(=O)Cc1ccccc1)C(=O)Nc1nc(-c2ccccc2)cs1,6.28,1
CHEMBL516218,NS(=O)(=O)NCCCC[C@H](NC(=O)OCc1ccc(Cl)cc1)C(=O)Nc1nc(-c2ccccc2)cs1,6.28,1
CHEMBL517076,CCSC(=S)SCC(=O)c1ccc(C(=O)Nc2ccccc2)cc1,6.28,1
CHEMBL471174,O=C(c1ccc(-c2nc(CS(=O)(=O)c3cccs3)no2)s1)C(F)(F)F,6.28,2
CHEMBL2442699,COc1cc([C@@H]2c3cc4c(cc3[C@@H](Nc3cccc(NC(=O)CCCCC(=O)NO)c3)[C@H]3COC(=O)[C@H]23)OCO4)cc(OC)c1O,6.28,1
CHEMBL3309300,CC1(C)CC(=O)Nc2ccc(C(=O)NC[C@H]3CC[C@@H](CCC(=O)NO)CC3)cc21,6.28,1
CHEMBL4060433,O=C(NO)c1ccc(C(=O)Nc2cccc3ncccc23)cc1,6.28,1
CHEMBL1773683,CCS(=O)(=O)c1ccc2oc(-c3ccc4ccccc4c3)nc2c1,6.28,1
CHEMBL90568,COc1ccc(-c2cc(=O)c3c(O)cc(O)cc3o2)cc1O,6.28,1
CHEMBL474991,CC(C)(C)c1ccc(-c2nc3c(N4CCN(Cc5ccc6nccnc6c5)CC4)cccc3[nH]2)cc1,6.28,1
CHEMBL4856110,COc1cc2nc(-c3ccc(C)o3)cc(NCC3CCN(c4ncc(C(=O)NO)cn4)CC3)c2cc1OC,6.28,2
CHEMBL5590322,C[C@H](NC(=O)[C@H](CC(=O)NCC(C)(C)C)NC(=O)CCC(=O)Nc1ccc(C(=O)NO)cc1)C(=O)NCc1ccc(F)cc1F,6.28,1
CHEMBL3657470,Oc1cccn(Cc2ccc(Cn3cc(-c4ccccc4)nn3)cc2)c1=S,6.27,2
CHEMBL3640659,COC(c1ccc(C(=O)NCCCCCCC(=O)NO)cc1)(c1ccc(F)cc1C)c1ccc(F)cc1C,6.27,4
CHEMBL3921742,O=C(NO)c1ccc(C2CCCC2)cc1,6.27,1
CHEMBL3918458,O=C(NO)c1ccc(CN2CCCC2)cc1,6.27,1
CHEMBL4096524,O=C(CS)NCC(S)CCCn1ccc2cc(Cl)c(Cl)cc21,6.27,1
CHEMBL4227717,Cc1ccc(-c2cc(C(F)(F)F)nn2CCc2ccc(C(=O)NO)cc2)cc1,6.27,1
CHEMBL4460979,O=C(NO)c1ccc(N2CCCC2)cc1,6.27,1
CHEMBL4556817,O=C(/C=C/c1ccc2c(c1)C(=O)c1ccccc1C2=O)NO,6.27,1
CHEMBL117,O=c1cc(-c2ccccc2)oc2cc(O)cc(O)c12,6.27,1
CHEMBL5308477,Cn1cc(/C=C2/C(=O)Nc3cccnc32)c2ccccc21,6.27,1
CHEMBL4852393,C[C@]12CC3CC(NCc4ccc(C(=O)NO)cn4)(C1)C[C@@](C)(C3)C2,6.27,1
CHEMBL5177616,NC(=O)c1ccc(COc2ccc(-n3cc4cccc(C(N)=O)c4n3)cc2)cc1,6.27,1
CHEMBL5438820,O=C(CCCCCNc1cc(N2CCCCCC2)nc(-c2ccccn2)n1)NO,6.27,1
CHEMBL5567933,O=C(NO)c1ccc(CN(CC2CC2)C(=O)c2ccccc2)cc1,6.27,1
CHEMBL6033093,FC(F)c1nnc(-c2cnc(CN3CCCc4ccccc43)s2)o1,6.27,1
CHEMBL6132771,Cn1c(/C=C/C(=O)NO)ccc1/C=C/C(=O)c1cccnc1,6.27,1
CHEMBL496703,CCOC(=O)c1ccc(C(=O)C(F)(F)F)o1,6.26,1
CHEMBL447397,CCOC(=O)c1ccc(C(=O)C(F)(F)F)s1,6.26,1
CHEMBL2023527,COc1cccc2c1C(=O)c1c(O)c3c(c(O)c1C2=O)C[C@@](O)(C(C)=O)C[C@@H]3O[C@H]1C[C@H](NCc2ccc(-c3cn(CCCCC(=O)NO)nn3)cc2)[C@H](O)[C@H](C)O1,6.26,1
CHEMBL2413298,Cc1ccc(OCCCCN(Cc2ccccc2)Cc2ccc(/C=C/C(=O)NO)o2)cc1,6.26,1
CHEMBL3288489,O=C(CCCCCCS)Nc1nc(-c2ccc(F)cc2)cs1,6.26,1
CHEMBL3311466,CC1(C)CC(=O)Nc2ccc(NC(=O)CCCCCCC(=O)NO)cc21,6.26,1
CHEMBL3601776,O=C(COc1ccc(C(=O)NO)cc1)Nc1ccc2ccnc(Nc3ccc4ccccc4c3)c2c1,6.26,1
CHEMBL4084049,O=C(CCCCCCC(=O)Nc1ccc(NC(=O)CCCn2cc(-c3ncnc4[nH]ccc34)cn2)cc1)NO,6.26,1
CHEMBL4468821,COc1cc(/C=C/C(=O)NO)ccc1OCCCNC(=O)c1ccccc1O,6.26,1
CHEMBL83527,COc1cc(/C=C/c2ccc(O)cc2)cc(OC)c1,6.26,1
CHEMBL5220844,CCC(=O)CCCCC[C@H](NC(=O)[C@H]1CC12CCN(C)CC2)c1ncc(-c2cc3ccccc3[nH]c2=O)[nH]1,6.26,1
CHEMBL5661837,CN1CCc2c(n(CCCCCC(=O)NO)c3ccccc23)C1.O=C(O)C(F)(F)F,6.26,1
CHEMBL6039079,Cc1cccc(CNc2ncc(-c3noc(C(F)(F)F)n3)cn2)n1,6.26,1
CHEMBL6045075,Fc1ccc([C@@H](CC(F)(F)F)Nc2ncc(-c3nnc(C(F)F)o3)cn2)cc1,6.26,1
CHEMBL5944854,COC(=O)N(Cc1ccc(-c2noc(C(F)(F)F)n2)cc1)c1cccc(C(F)(F)F)c1,6.26,1
CHEMBL5849555,O=C(NO)c1ccc(CS(=O)(=O)NCCN2CCC(CNC3CC3c3ccccc3)CC2)cc1,6.26,1
CHEMBL6160121,Cc1c(F)c(N)cc(C(=O)Nc2cc(-c3ccc(C(=O)NCCCC(=O)NO)cc3)ccc2N2CCN(C)CC2)c1Cl,6.26,1
CHEMBL474446,NS(=O)(=O)NCCCC[C@H](NC(=O)Nc1ccccc1)C(=O)Nc1nc(-c2ccccc2)cs1,6.25,1
CHEMBL2401848,CC/C(=C(\c1ccccc1)c1ccc(OCCN(C)Cc2ccc(-c3cn(CCCCCC(=O)NO)nn3)cc2)cc1)c1ccccc1,6.25,1
CHEMBL3339009,O=C(CCCCC(=O)Nc1cc2c(Nc3ccc(F)c(Cl)c3)ncnc2s1)NO,6.25,1
CHEMBL3925099,Cc1nc(-c2nc(C(=O)NCCCCC(=O)NO)c(C3CC3)s2)sc1C,6.25,1
CHEMBL3968356,CC(C)(C)OC(=O)NCc1nc(-c2nc(C(=O)NCCCCCC(=O)NO)cs2)cs1,6.25,1
CHEMBL3909252,CCC(CC)(c1ccc(C(=O)NCCCCCC(=O)NO)cc1)c1ccc(OCC(O)C(C)(C)C)c(C)c1,6.25,1
CHEMBL4218915,COc1cc(C(=O)c2ccc3c(ccn3S(=O)(=O)c3cccc(/C=C/C(=O)NO)c3)c2)cc(OC)c1OC,6.25,1
CHEMBL4474608,O=C(CCc1csc(CCc2ccc(O)c(O)c2)n1)NO,6.25,1
CHEMBL4787293,O=C(NO)c1ccc(CN2CCC3(CC2)CN(Cc2ccccc2)c2ccccc23)cc1,6.25,1
CHEMBL1555354,OCc1ccc(-c2ccc(-c3ccc(CO)s3)o2)s1,6.25,1
CHEMBL5204164,COc1cc2ncnc(Nc3cccc(/C=C/C(=O)NO)c3)c2cc1OCCCN1CCOCC1,6.25,1
CHEMBL5221097,CCC(=O)CCCCC[C@H](NC(=O)[C@H]1CC12CCN(CC)CC2)c1ncc(-c2cc3cn(C)nc3cc2OC)[nH]1,6.25,1
CHEMBL5290012,COc1cc2c(Nc3cccc(/C=C/C(=O)NO)c3)ncnc2cc1OCCCN1CCOCC1,6.25,1
CHEMBL5271319,O=C(/C=C/c1cccc(Nc2ncnc3cc4c(cc23)OCCO4)c1)NO,6.25,1
CHEMBL5590544,C#CCN1C(=O)CNC(=O)/C1=C/c1ccc(C(=O)NCc2cccc(C(=O)NO)c2)cc1,6.25,1
CHEMBL5744588,CC(Nc1ncc(-c2noc(C(F)(F)F)n2)cn1)c1ccncc1,6.25,1
CHEMBL475042,CCOC(=O)c1csc(NC(=O)[C@H](CCCCNS(N)(=O)=O)NC(=O)OCc2ccccc2)n1,6.24,1
CHEMBL461333,O=C(c1ccc(-c2nc(-c3ccncc3)no2)s1)C(F)(F)F,6.24,1
CHEMBL462210,O=C(c1ccc(-c2nc(-c3ccccc3)no2)s1)C(F)(F)F,6.24,1
CHEMBL460088,O=C(c1ccc(-c2nc(-c3ccc(F)cc3F)no2)s1)C(F)(F)F,6.24,1
CHEMBL573899,CC(C)[C@H](NC(=O)[C@H](CCCCN)NC(=O)[C@H](CCCNC(=N)N)NC(=O)[C@H](CCCCN)NC(=O)[C@H](CCCCN)CC(=O)[C@H](CCCCN)NC(=O)[C@@H]1CCCN1C(=O)CNC(=O)CNC(=O)CCCc1cn(-c2ccc(-c3cn(CCCCCC(=O)NO)nn3)cc2)nn1)C(=O)NCC(=O)NCC(N)=O,6.24,1
CHEMBL1164992,CC(/C=C/C(=O)NO)=C\[C@@H](C)[C@H]1CC[C@H]2/C(=C/C=C3\C[C@@H](O)C[C@@H](O)C3)CCC[C@]12C,6.24,1
CHEMBL3356939,O=C1CCC[C@@H](C(=O)N[C@@H](CCCCCS)C(=O)N2CCc3ccccc3C2)N1,6.24,1
CHEMBL3681859,CCCCCNc1cc(/C=C/C(=O)NO)ccc1SCCN(CC)CC,6.24,2
CHEMBL3692645,O=S(=O)(Nc1ccccc1F)c1ccc(-c2noc(C(F)(F)F)n2)cc1,6.24,1
CHEMBL3933626,CC(C)Cc1sc(-c2nccs2)nc1C(=O)NCCCCCCCC(=O)NO,6.24,1
CHEMBL4084736,O=C(CCCCN1C(=O)[C@@H](CS)N=C(c2ccccc2)c2ccccc21)NO,6.24,1
CHEMBL6007946,O=S(=O)(C1CC1)N(CC(Nc1ncc(-c2nnc(C(F)F)o2)cn1)c1ccc(OC(F)(F)F)cc1)CC(F)(F)F,6.24,1
CHEMBL5904777,Cc1cc(C(=O)NO)ccc1CNCC12CC3CC(CC(C3)C1)C2,6.24,1
CHEMBL5766625,O=C(NO)c1ccc(S(=O)(=O)N2CCC(CNC3CC3c3ccccc3)CC2)cc1,6.24,1
CHEMBL2047540,O=C(NCCS)/C(Cc1ccc(O)c(Br)c1)=N/O,6.23,2
CHEMBL3979179,CCCc1nn(C)c2c(=O)[nH]c(-c3cc(N(C)C4CCN(c5ncc(C(=O)NO)cn5)CC4)ccc3OCC)nc12,6.23,1
CHEMBL4288702,O=C(NO)c1ccc(Cn2[se]c3ccc(C(F)(F)F)cc3c2=O)cc1,6.23,1
CHEMBL4450477,O=C(CCc1csc(/C=C/c2ccc(Cl)cc2)n1)NO,6.23,1
CHEMBL128988,COc1ccc2nc(NC(=O)Nc3ccccc3)sc2c1,6.23,1
CHEMBL5080669,COc1cccc(-c2ncc(C(=O)NCCCCCCC(=O)NO)s2)c1,6.23,1
CHEMBL5884737,CS(=O)(=O)NC[C@@H](Nc1ncc(-c2nnc(C(F)F)o2)cn1)c1ccc(F)c(F)c1,6.23,1
CHEMBL5793219,Fc1cc(-c2noc(C(F)(F)F)n2)ccc1COc1ccccc1,6.23,1
CHEMBL6015565,CCS(=O)(=O)N(Cc1nc(-c2nnc(C(F)F)o2)cs1)c1cccc(Cl)c1,6.23,1
CHEMBL5906778,O=C(Cn1ccc(-c2nnc(C(F)F)o2)cc1=O)N1CCOCC1,6.23,1
CHEMBL6163438,CCNNC(=O)c1ccc(CNC(=O)c2ccc(NC(=O)COCCOCC(=O)N[C@H](C(=O)N3C[C@H](O)C[C@H]3C(=O)NCc3ccc(-c4scnc4C)cc3)C(C)(C)C)cc2)cc1,6.23,1
CHEMBL343717,O=CN(O)CCCCCNC(=O)c1ccc2ccccc2c1,6.22,1
CHEMBL515452,NS(=O)(=O)NCCCC[C@H](NC(=O)OCc1cccnc1)C(=O)Nc1nc(-c2ccccc2)cs1,6.22,1
CHEMBL481131,CCSC(=S)SCC(=O)c1ccc(NC(=O)Nc2ccccc2)cc1,6.22,1
CHEMBL509207,Cc1ccc(-c2nnc(-c3ccc(C(=O)C(F)(F)F)s3)o2)cc1,6.22,1
CHEMBL2336043,CCCC(CCC)C(=O)N[C@H](COc1ccc(/C=C/C(=O)NO)cc1OC)Cc1c[nH]c2ccccc12,6.22,2
CHEMBL3799246,CCOc1ccc(C(=O)NO)cc1NC(=O)c1ccc(-c2ccccc2)cc1,6.22,1
CHEMBL3982264,CCCCCCC(CCCCCC(=O)Nc1ccccc1)C(=O)NO,6.22,1
CHEMBL3963714,O=C(CCCCNC(=O)c1csc(-c2cccs2)n1)NO,6.22,1
CHEMBL4099942,CC(C)[C@@H]1NC(=O)[C@]2(C)CSC(=N2)c2csc(n2)CNC(=O)C[C@@H](/C=C/CCC(=O)NO)OC1=O,6.22,1
CHEMBL4089113,O=C(CCCn1cc(-c2ncnc3[nH]ccc23)cn1)NO,6.22,1
CHEMBL4562449,CN(Cc1ccc(OCCCOc2ccc(CC(=O)NO)cc2)cc1)CC(O)(Cn1cncn1)c1ccc(F)cc1F,6.22,1
CHEMBL285802,CN(C)CCOC1=Cc2ccccc2Sc2ccc(Cl)cc21,6.22,1
CHEMBL4065863,Cc1ccc(C(=O)NO)cc1C(=O)Nc1ccc(Cl)cc1,6.22,1
CHEMBL5220243,N#Cc1c(N)nc(N)nc1N1CC2(CC2)C[C@H]1c1nc2cccc(Cl)c2c(=O)n1Cc1cc(C(=O)NO)no1,6.22,1
CHEMBL5433948,FC(F)(F)c1nnc(-c2cnc(NCc3ccccc3)nc2)o1,6.22,3
CHEMBL5618876,C[C@]12CC[C@H](OC(=O)CCCCCC(=O)NO)CC1=CCC1C2CC[C@]2(C)C(c3cccnc3)=CCC12,6.22,1
CHEMBL6120448,CC(=O)SCC(=O)c1cccc(CCN)c1,6.22,1
CHEMBL336935,O=CN(O)CCCCCC(C(=O)Nc1ccc2ncccc2c1)C(=O)Nc1ccc2ncccc2c1,6.21,1
CHEMBL427510,CN(C)c1ccc(C(=O)NCCCCNC(=O)CS)cc1,6.21,1
CHEMBL1836042,CCCC[C@H]1NC(=O)C[C@@H](/C=C/CCS)OC(=O)C[C@H](O)[C@@H]([C@@H](C)CC)NC(=O)[C@@H](CS)NC1=O,6.21,1
CHEMBL2431915,O=C(NO)c1ccc2c(c1)CCCN(C(=O)c1ccc(-c3ccccc3)cc1)C2,6.21,2
CHEMBL2431912,Cn1cccc1C(=O)N1CCCc2cc(C(=O)NO)ccc2C1,6.21,2
CHEMBL3287254,CCCCc1sc(-c2nccs2)nc1C(=O)NCCCCC(=O)NO,6.21,2
CHEMBL4299403,CC[C@H]1OC(=O)[C@H](C)[C@@H](O[C@@H]2C[C@](C)(OC)[C@H](O)[C@@H](C)O2)[C@H](C)[C@@H](O[C@@H]2O[C@H](C)C[C@H](N(C)C)[C@H]2O)[C@@](C)(O)C[C@@H](C)CN(Cc2ccc(-c3cn(CCCC(=O)NO)nn3)cc2)[C@@H](C)[C@@H](O)[C@]1(C)O,6.21,1
CHEMBL4205840,O=C(CCCCCCC(=O)Nc1ccc(N(CCCl)CCCl)cc1)NO,6.21,1
CHEMBL4242465,CCc1c2c(nc3ccc(O)cc13)-c1cc3c(c(=O)n1C2)COC(=O)[C@@]3(CC)OC(=O)CCCCCCCCCC(=O)NO,6.21,1
CHEMBL4649561,CCC(=O)CCCCC[C@H](NC(=O)[C@H]1CC12CCOCC2)c1ncc(-c2cc3ccccc3nc2OC)[nH]1,6.21,1
CHEMBL239767,O=C(Nc1ccc([N+](=O)[O-])cc1O)Nc1ccccc1Br,6.21,1
CHEMBL5094432,COc1ccc(-c2ncc(C(=O)NCCCCCCC(=O)NO)s2)cc1,6.21,1
CHEMBL5083767,COc1ccc(-c2ncc(C(=O)NCCCCC(=O)NO)s2)c(OC)c1,6.21,1
CHEMBL5075423,Cn1cccc1C(=O)Nc1cccc(CCC(=O)NO)c1,6.21,1
CHEMBL5220360,CCC(=O)CCCCC[C@H](NC(=O)[C@H]1CC12CCN(CC1CC1)CC2)c1ncc(-c2cc3ccc(C4CC4)nc3cc2OC)[nH]1,6.21,1
CHEMBL5286210,CC1(C)c2ccccc2N(Cc2ccc(OCCCC(=O)NO)cc2)C1c1cccnc1,6.21,1
CHEMBL5562955,COc1ccc(/C=C/C(=O)c2ccc(OC)c3c2OC(C)(C)C=C3)cc1NCC(=O)NO,6.21,1
CHEMBL5951983,C[C@@H](Nc1ccc(-c2noc(C(F)(F)F)n2)nn1)c1ccncc1,6.21,1
CHEMBL5881459,CC(C)C1(Nc2ncc(-c3nnc(C(F)F)o3)cn2)CC1,6.21,1
CHEMBL1099065,CCN1CCC[C@@H](n2c(-c3ccccc3)nc(C)c2-c2cccc(/C=C/C(=O)NO)c2)C1,6.2,1
CHEMBL3110279,Cc1ccccc1-c1cn(CCCCCn2cccc(O)c2=S)nn1,6.2,3
CHEMBL3311465,O=C(CCCCCCC(=O)Nc1ccc2c(c1)CCC(=O)N2)NO,6.2,1
CHEMBL3693703,COc1ccc(N(c2ccc(OC)cc2)c2ccc(C(=O)NCCCCCCC(=O)NO)cc2)cc1,6.2,4
CHEMBL3681858,CCN(CC)CCSc1ccc(/C=C/C(=O)NO)cc1NCCCc1ccccc1,6.2,2
CHEMBL4513424,O=C(NO)c1ccc(Cn2c(=O)n(CCc3ccccc3)c(=O)c3ccc(C(F)(F)F)cc32)cc1,6.2,3
CHEMBL4641048,CCC(=O)CCCCC[C@H](NC(=O)[C@@H]1C[C@@]12CCN(C)C2)c1ncc(-c2cc3ccccc3nc2OC)[nH]1,6.2,1
CHEMBL328710,CN(C)c1ccc(/C=C2\C(=O)Nc3ccccc32)cc1,6.2,1
CHEMBL5597381,O=C(CCCCCn1cc(Nc2cc(-c3cccc(NCC4CCOCC4)n3)c(Cl)cn2)cn1)NO,6.2,1
CHEMBL6189220,CCC(CC)(c1ccc(C(=O)NCCCCC(=O)NO)cc1)c1ccc(OCC(O)C(C)(C)C)c(C)n1,6.2,1
CHEMBL493782,CN(Cc1ccccc1)C(=O)c1cc(C(=O)C(F)(F)F)cs1,6.19,1
CHEMBL471344,Cc1noc(-c2ccc(C(=O)C(F)(F)F)s2)n1,6.19,2
CHEMBL2047692,O=C(NCCS)/C(Cc1ccc(F)c(Br)c1)=N/O,6.19,1
CHEMBL2381522,Cc1cccc(C(=O)NO)c1,6.19,1
CHEMBL3589364,O=C(O)CCCCCCC(=O)Nc1ccc(C2=C(c3ccc(O)cc3)C3CC(S(=O)(=O)Oc4ccc(C(F)(F)F)cc4)C2O3)cc1,6.19,1
CHEMBL118,Cc1ccc(-c2cc(C(F)(F)F)nn2-c2ccc(S(N)(=O)=O)cc2)cc1,6.19,1
CHEMBL4798124,COc1cc(OC)c2c(N3CCN(C)CC3)nc(-c3cc(C)c(OCCCC(=O)NO)c(C)c3)nc2c1,6.19,1
CHEMBL5082644,COc1ccccc1-c1ncc(C(=O)NCCCCCCC(=O)NO)s1,6.19,1
CHEMBL5172866,Nc1ncc(-c2cn(Cc3cccc(C(=O)NO)c3)c(=O)c(N3CCOCC3)n2)cn1,6.19,1
CHEMBL5192285,CN(C)CCCNC(=O)c1ccc(/C=C2\CCn3c2nc2cc(N4CCN(CCCCCCCC(=O)NO)CC4)c(F)cc2c3=O)cc1.Cl,6.19,1
CHEMBL5208995,COc1cc(OCc2cccc(-c3ccccc3)c2C)cc(OC)c1CN(C)CCCCC(=O)NO,6.19,1
CHEMBL5185463,Cc1nc2cc(NC(=O)CCCCCCCNC(=O)COc3cccc4c3C(=O)N(C3CCC(=O)NC3=O)C4=O)ccc2n1Cc1ccc(C(=O)NO)cc1F,6.19,1
CHEMBL5438818,CC(=O)NCc1ccc(C(=O)NO)cc1,6.19,1
CHEMBL5405871,COc1cc(C(=O)NO)ccc1Cn1ccc2cc(C(=O)NCC34C[C@H]5C[C@@H](C3)C[C@@H](C4)C5)ccc21,6.19,1
CHEMBL5592165,O=C(NO)c1ccc(C(=O)N2CCc3c(c4ccccc4n3Cc3ccccc3)C2)cc1,6.19,1
CHEMBL5596733,O=C(/C=C/c1ccc(Nc2ncc(Cl)c(OC3CCCCC3)n2)cc1)NO,6.19,1
CHEMBL5837291,CC(Nc1ccc(-c2noc(C(F)(F)F)n2)cn1)c1ccccc1,6.19,1
CHEMBL5932099,CS(=O)(=O)NC[C@@H](Nc1ncc(-c2nnc(C(F)F)o2)cn1)c1ccc(F)cc1F,6.19,1
CHEMBL6152564,CC(=O)N(CC1CCN(c2ncc(C(=O)NO)cn2)CC1)C1(C(=O)NC(C)(C)C)CCNC1,6.19,1
CHEMBL471041,O=C(/C=C/c1ccc(/C=N/OCc2c(F)c(F)c(F)c(F)c2F)cc1)NO,6.18,1
CHEMBL3110283,N#Cc1ccc(-c2cn(CCCCCn3cccc(O)c3=S)nn2)cc1C(F)(F)F,6.18,3
CHEMBL3681860,CCCNc1cc(/C=C/C(=O)NO)ccc1SCCN(CC)CC,6.18,2
CHEMBL4529659,O=C(NO)c1ccc(-c2nnc(-c3ccccc3)o2)cc1,6.18,1
CHEMBL4636526,O=C(CCCCCCC(=O)NCCCN1c2ccccc2CCc2ccc(Cl)cc21)NO,6.18,1
CHEMBL88712,O=C(O)[C@@H](c1ccc(OCc2ccc3ccccc3n2)cc1)C1CCCC1,6.18,1
CHEMBL5094765,CCc1c(C(=O)Nc2cccc(CCC(=O)NO)c2)[nH]c(C)c1C(C)=O,6.18,1
CHEMBL5219590,CCC(=O)CCCCC[C@H](NC(=O)[C@H]1CC12CCN(C)CC2)c1ncc(-c2cc3ccccc3n(C)c2=O)[nH]1,6.18,1
CHEMBL3919705,N[C@@H](Cc1c[nH]c2ccccc12)C(=O)Nc1ccccc1-c1ccc(NC(=O)CCCCCNC(=O)CS)cc1,6.18,1
CHEMBL343448,C/C=C1\NC(=O)[C@H]2CSSCC/C=C/[C@H](CC(=O)N[C@H](C(C)C)C(=O)N2)OC(=O)[C@H](C(C)C)NC1=O,6.17,19
CHEMBL454671,O=C(c1ccc(-c2nc(-c3cccs3)no2)s1)C(F)(F)F,6.17,1
CHEMBL509445,Cc1cccc(-c2noc(-c3ccc(C(=O)C(F)(F)F)s3)n2)c1,6.17,1
CHEMBL2337874,Oc1ccc[nH]c1=S,6.17,3
CHEMBL4285033,O=C(/C=C/c1ccc(-n2[se]c3ccccc3c2=O)cc1)NO,6.17,1
CHEMBL515408,CC(C)Nc1nc2cc(Cl)c(Cl)cc2n1[C@H]1O[C@@H](CO)[C@H](O)[C@@H]1O,6.17,1
CHEMBL513024,COc1cc2c(=O)c(-c3ccc(O)cc3)coc2cc1O,6.17,1
CHEMBL239800,CN1CC(=O)N=C1NC(=O)Nc1cccc(Cl)c1,6.17,1
CHEMBL4849003,O=C(NO)c1ccc(NCc2nc(-c3ccccc3)nn2-c2ccccc2Cl)cc1,6.17,1
CHEMBL4855023,O=C(NO)c1ccc(NCc2nc(-c3ccccc3)nn2-c2cccc(Cl)c2)cc1,6.17,1
CHEMBL2448576,CCC(=O)CCCCC[C@H](NC(=O)C1CN(C)C1)c1ncc(-c2cc3ccccc3nc2OC)[nH]1,6.17,1
CHEMBL504369,O=C(NO)c1cccnc1,6.17,1
CHEMBL5202479,COc1ccc(CNC(=O)c2cc(C(=O)Nc3ccccc3N)ccc2N2CCOCC2)cc1O,6.17,1
CHEMBL5280773,CN(C)c1ccc(NC(=O)NCCCCNC(=O)CS)cc1,6.17,1
CHEMBL5435973,Cc1nc(NC(=O)N2C[C@H](NC(=O)CCCCC(=O)NO)C[C@H]2C(N)=O)sc1-c1ccnc(C(C)(C)C(F)(F)F)c1,6.17,1
CHEMBL5419248,O=C(CCCCNc1cc(N2CCc3ccccc3CC2)nc(-c2ccccn2)n1)NO,6.17,1
CHEMBL5922210,CS(=O)(=O)N(Cc1ncc(-c2nnc(C(F)F)o2)s1)c1cccnc1,6.17,1
CHEMBL259517,COC(=O)[C@H](Cc1ccc(-c2ccc(-c3ccccc3)cc2)cc1)NC(=O)CCCCCCC(=O)NO,6.16,1
CHEMBL512517,O=C(c1ccc(-c2nc(CS(=O)(=O)Cc3ccc(F)cc3)no2)s1)C(F)(F)F,6.16,2
CHEMBL2047704,CN(C)c1ccc(C/C(=N\O)C(=O)NCCS)cc1Br,6.16,1
CHEMBL2425956,Cc1nc2c(/C=C/C(=O)NO)cccc2c(=O)n1-c1ccccc1,6.16,1
CHEMBL3692637,Cc1ccccc1NS(=O)(=O)c1ccc(-c2noc(C(F)(F)F)n2)cc1,6.16,1
CHEMBL3959685,C=Cc1sc(-c2nccs2)nc1C(=O)NCCCNC(=O)CS,6.16,1
CHEMBL4551620,O=C(NO)c1cc(CCCCN2CCCc3cc(Cl)ccc32)on1,6.16,1
CHEMBL4591933,NCc1ccc(C(=O)NO)cc1,6.16,1
CHEMBL409450,O=C1Nc2cc(Br)ccc2/C1=C1/Nc2ccccc2/C1=N\O,6.16,1
CHEMBL5187019,Cc1cc(C)c(CNC(=O)c2cc(-c3ccc(N4CCN(Cc5ccc(NC(=O)CCCCCCC(=O)NO)cc5)CC4)nc3)cc3c2cnn3C(C)C)c(=O)[nH]1,6.16,1
CHEMBL5189365,Cc1cc(C)c(CNC(=O)c2cc(-c3ccc(N4CCN(c5ncc(C(=O)NO)cn5)CC4)nc3)cc3c2cnn3C(C)C)c(=O)[nH]1,6.16,2
CHEMBL5218535,CCC(=O)CCCCC[C@H](NC(=O)[C@H]1CC12CCN(C)CC2)c1ncc(-c2ccc3ncccc3c2)[nH]1,6.16,1
CHEMBL5414999,CN(Cc1ccccc1)c1cc(NCCCCCCC(=O)NO)nc(-c2ccccn2)n1,6.16,1
CHEMBL5619601,O=C(CCCc1ccc(N(CCCl)CCCl)cc1)NO,6.16,1
CHEMBL6020182,CC(=O)N(C[C@H](Nc1ncc(-c2nnc(C(F)F)o2)cn1)c1ccc(F)cc1)CC(F)(F)F,6.16,1
CHEMBL6147548,O=C(NO)c1ccc2ncc(Nc3ccccc3)cc2c1,6.16,1
CHEMBL6144782,CCCCN(c1ccccc1)c1cnc2ccc(C(=O)NO)cc2c1,6.16,1
CHEMBL6165344,CCNNC(=O)c1cc(F)c(CN2c3ccccc3C=Cc3ccncc32)c(F)c1,6.16,1
CHEMBL197774,O=C(/C=C/c1ccc2c(c1)C(=O)N(Cc1ccccc1)C2=O)NO,6.15,1
CHEMBL493784,O=C(c1ccc(C(=O)C(F)(F)F)[nH]1)N1CCc2ccccc21,6.15,2
CHEMBL462202,O=C(Cc1noc(-c2ccc(C(=O)C(F)(F)F)s2)n1)N1CCCC1,6.15,1
CHEMBL475714,NS(=O)(=O)NCCCCCC(=O)Nc1cnc2ccccc2c1,6.15,1
CHEMBL573900,CC(C)[C@H](NC(=O)[C@H](CCCCN)NC(=O)[C@H](CCCNC(=N)N)NC(=O)[C@H](CCCCN)NC(=O)[C@H](CCCCN)CC(=O)[C@H](CCCCN)NC(=O)[C@@H]1CCCN1C(=O)CNC(=O)CNC(=O)CCCc1cn(-c2ccc(-c3cn(CCCCCCCC(=O)NO)nn3)cc2)nn1)C(=O)NCC(=O)NCC(N)=O,6.15,1
CHEMBL3978271,CCCc1nn(C)c2c(=O)[nH]c(-c3cc(NCC4CCN(c5ncc(C(=O)NO)cn5)CC4)ccc3OCC)nc12,6.15,1
CHEMBL4290191,CC[C@@]1(O)C(=O)OCc2c1cc1n(c2=O)Cc2c-1nc1ccccc1c2/C=N/OCCCCCC(=O)NCCSSCCNC(=O)/C(Cc1ccc(O)c(Br)c1)=N\O,6.15,1
CHEMBL4643791,CCN(c1ccc(C(=O)NO)cc1)S(=O)(=O)c1cccc(C(F)(F)F)c1,6.15,1
CHEMBL4640923,CCC(=O)CCCCC[C@H](NC(=O)[C@@H]1CC12CCN(C)CC2)c1ncc(-c2cc3ccccc3nc2OC)[nH]1,6.15,1
CHEMBL4789607,COc1ccc(C(=O)NO)cc1C(=O)Nc1ccc2c(c1)cc(C)c(=O)n2C,6.15,1
CHEMBL5086629,O=C(CCCCCCNC(=O)c1cnc(-c2ccc(OC(F)(F)F)cc2)s1)NO,6.15,1
CHEMBL5184172,Cc1cc(C)c(CNC(=O)c2cc(-c3ccc(N4CCN(CCCCCCC(=O)NO)CC4)nc3)cc3c2cnn3C(C)C)c(=O)[nH]1,6.15,1
CHEMBL5986133,Fc1ccc(C(CC(F)(F)F)Nc2ncc(-c3nnc(C(F)F)o3)cn2)c(F)c1,6.15,1
CHEMBL494813,CN(Cc1ccccc1)S(=O)(=O)c1ccc(C(=O)C(F)(F)F)s1,6.14,1
CHEMBL582926,CC(C)[C@H](NC(=O)[C@H](CCCCN)NC(=O)[C@H](CCCNC(=N)N)NC(=O)[C@H](CCCCN)NC(=O)[C@H](CCCCN)CC(=O)[C@H](CCCCN)NC(=O)[C@@H]1CCCN1C(=O)CNC(=O)CNC(=O)CCCc1cn(-c2ccc(-c3cn(CCCCCCC(=O)NO)nn3)cc2)nn1)C(=O)NCC(=O)NCC(N)=O,6.14,1
CHEMBL1214760,CC[C@H]1OC(=O)[C@H](C)C(=O)[C@H](C)[C@@H](O[C@@H]2O[C@H](C)C[C@H](N(C)Cc3ccc(-c4cn(CCCCCCC(=O)NO)nn4)cc3)[C@H]2O)[C@](C)(OC)C[C@@H](C)C2=NCCN3C(=O)O[C@@]1(C)[C@H]3[C@H]2C,6.14,1
CHEMBL1808673,O=C(/C=C/C=C/CC/C=C/c1ccc2c(c1)OCO2)NO,6.14,1
CHEMBL3309299,CC1(C)CC(=O)Nc2ccc(C(=O)NC[C@H]3CC[C@@H](/C=C/C(=O)NO)CC3)cc21,6.14,1
CHEMBL4294088,CC(C)(C)OC(=O)N1CCC2(CC1)CN(Cc1ccc(C(=O)NO)s1)c1ccccc12,6.14,1
CHEMBL4644387,CCC(=O)CCCCC[C@H](NC(=O)[C@H]1CC12CCN(Cc1ccccc1)CC2)c1ncc(-c2cc3ccccc3nc2OC)[nH]1,6.14,1
CHEMBL4798807,COc1cc(OC)c2c(N3CCC(F)(F)CC3)nc(-c3cc(C)c(OCCCC(=O)NO)c(C)c3)nc2c1,6.14,1
CHEMBL85139,O=c1c2ccccc2nc2n1CCc1c-2[nH]c2ccccc12,6.14,1
CHEMBL5417235,Nc1ccccc1NC(=O)c1ccc(NC(=O)c2n[nH]cc2NC(=O)c2c(Cl)cccc2Cl)cc1,6.14,1
CHEMBL5633290,Nc1nc(Cl)c2ncn(Cc3cccc(-c4noc(C(F)(F)F)n4)c3)c2n1,6.14,1
CHEMBL5757880,O=C(NO)c1ccc(C(=O)NCCN2CCC(CNC3CC3c3ccccc3)CC2)cc1,6.14,1
CHEMBL2047700,O=C(NCCS)/C(Cc1cc(Br)cc([N+](=O)[O-])c1)=N/O,6.13,1
CHEMBL2425969,CCc1nc2cc(Cl)c(/C=C/C(=O)NO)cc2c(=O)n1CCc1ccccc1,6.13,1
CHEMBL3692642,Cc1ccc(NS(=O)(=O)c2ccc(-c3noc(C(F)(F)F)n3)cc2)cc1,6.13,1
CHEMBL155579,Nc1ccc(C(=O)NO)cc1,6.13,2
CHEMBL4643947,CCC(=O)CCCCC[C@H](NC(=O)[C@H]1CC12CCN(CCC(F)(F)F)CC2)c1ncc(-c2cc3ccccc3nc2OC)[nH]1,6.13,1
CHEMBL6039495,Cc1noc(C)c1-c1ccc(C2CC2NCC2CCN(Cc3ccc(C(=O)NO)cn3)CC2)cc1,6.13,1
CHEMBL5741031,CC(C)(C)OC(=O)Cn1ccc(-c2nnc(C(F)(F)F)o2)cc1=O,6.13,1
CHEMBL247653,O=C(/C=C/c1ccc2c(c1)C(=O)N(Cc1ccc(-c3ccccc3)cc1)C2)NO,6.12,1
CHEMBL1243289,O=C(CCCCC1CC(C(=O)NO)=NO1)Nc1ccccc1,6.12,1
CHEMBL2385955,COc1cc2c(c(OC)c1OC)-c1ccc(OC)c(=O)cc1[C@@H](NC(=O)CCCCCC(=O)NO)CC2,6.12,1
CHEMBL3287256,O=C(CCCCNC(=O)c1nc(-c2nccs2)sc1C1CCCCC1)NO,6.12,2
CHEMBL3758444,O=C(NCCCCCCS)c1cc(-c2ccc(F)cc2)n[nH]1,6.12,2
CHEMBL4213856,COc1ccc(C(=O)c2ccc3c(ccn3S(=O)(=O)c3cccc(/C=C/C(=O)NO)c3)c2)cc1,6.12,1
CHEMBL4647028,O=C(/C=C/c1ccc(S(=O)(=O)NCCCN2c3ccccc3CCc3ccc(Cl)cc32)cc1)NO,6.12,1
CHEMBL4646090,CC(C)(C)c1cc(CN(C(=O)c2cccc(C(F)(F)F)c2)c2ccc(C(=O)NO)cc2)cc(C(C)(C)C)c1,6.12,1
CHEMBL4645863,CCC(=O)CCCCC[C@H](NC(=O)[C@@H]1CC12CCC(N(C)C)CC2)c1ncc(-c2cc3ccccc3nc2OC)[nH]1,6.12,1
CHEMBL5085919,COc1cc(OC)cc(-c2ncc(C(=O)NCCCCCCC(=O)NO)s2)c1,6.12,1
CHEMBL5219039,CCC(=O)CCCCC[C@H](NC(=O)[C@H]1CC12CCN(C)CC2)c1ncc(-c2cc3ccncc3nc2OC)[nH]1,6.12,1
CHEMBL6037798,O=C(NC[C@@H](Nc1ncc(-c2nnc(C(F)F)o2)cn1)c1ccc(F)cc1)C1CC1,6.12,1
CHEMBL5807467,O=C(NO)c1cccc(Nc2nc3cc(Cl)c(Cl)cc3o2)c1,6.12,1
CHEMBL5840803,Fc1ccccc1COc1cc(-c2noc(C(F)(F)F)n2)ccn1,6.12,1
CHEMBL6056727,O=S(=O)(C1CC1)N(Cc1nc(-c2nnc(C(F)F)o2)cs1)c1cccc(Cl)c1,6.12,1
CHEMBL140525,O=CN(O)CCCCCC(C(=O)Nc1cnc2ccccc2c1)C(=O)Nc1cnc2ccccc2c1,6.11,1
CHEMBL3126833,CSCC[C@H]1NC(=O)C[C@H]2/C=C/CCSSC[C@@H](NC1=O)C(=O)N[C@H](C(C)C)[C@@H](O)CC(=O)O2,6.11,1
CHEMBL3692638,O=S(=O)(Nc1ccccc1Cl)c1ccc(-c2noc(C(F)(F)F)n2)cc1,6.11,1
CHEMBL3891112,O=C(CCCCNC(=O)c1nc(-c2nccs2)sc1/C=C/c1ccccc1)NO,6.11,1
CHEMBL4443980,Cc1cc(-c2nc3sc4c(c3c(=O)[nH]2)CCN(C)C4)cc(C)c1OCc1cccc(C(=O)NO)c1,6.11,1
CHEMBL140220,COc1ccc2[nH]c(C(=O)c3ccccc3)cc2c1,6.11,1
CHEMBL1209431,Nc1nccc(/C=C/c2ccccc2)n1,6.11,1
CHEMBL2105534,CS(=O)(=O)c1ccc(-c2cn3ccccc3n2)cc1,6.11,1
CHEMBL5085234,O=C(/C=C/c1cnc(-c2ccc3c(c2)OCCO3)s1)NO,6.11,1
CHEMBL5598107,O=C(NO)c1ccc(Cn2cc(Nc3cc(-c4cccc(NCc5cccc(F)c5)n4)c(Cl)cn3)cn2)cc1,6.11,1
CHEMBL5968277,Cc1ccc(CNc2ccc(-c3noc(C(F)(F)F)n3)cn2)cn1,6.11,1
CHEMBL5946600,O=C(C(Nc1ncc(-c2nnc(C(F)F)o2)cn1)c1ccc(F)cc1)N1CCOCC1,6.11,1
CHEMBL6078567,Cn1c(/C=C/C(=O)NO)ccc1/C=C/C(=O)c1cccs1,6.11,1
CHEMBL467678,CCC(=O)CCCCC[C@H](NC(=O)C1CCN(C)CC1)c1ncc(-c2ccc3ccccc3c2)[nH]1,6.1,1
CHEMBL1668018,O=C(CCC1=CCN(CCCc2ccc3ccccc3c2)C1=O)NO,6.1,1
CHEMBL2047701,O=C(NCCS)/C(Cc1cc(Br)c(O)c(Br)c1)=N/O,6.1,1
CHEMBL2413295,O=C(/C=C/c1ccc(CN(CCCOc2ccccc2)Cc2ccccc2)o1)NO,6.1,1
CHEMBL3797232,O=C(NO)c1ccc(Cl)c(NC(=O)c2ccc(Cl)cc2Cl)c1,6.1,1
CHEMBL3681865,CCN(CC)CCSc1ccc(/C=C/C(=O)NO)cc1NC,6.1,2
CHEMBL4061025,C/C=C1\NC(=O)[C@H](CS)NC(=O)[C@@H](C(C)C)NC(=O)C[C@@H](/C=C/CS)OC(=O)[C@H](C(C)C)NC1=O,6.1,1
CHEMBL4072479,COc1cc(C(=O)c2cn(S(=O)(=O)c3cccc(/C=C/C(=O)NO)c3)c3ccccc23)cc(OC)c1OC,6.1,1
CHEMBL1617398,Cc1c(Nc2ncccc2C(=O)O)cccc1C(F)(F)F,6.1,1
CHEMBL5075320,COc1cc(-c2ncc(C(=O)NCCCCCCC(=O)NO)s2)cc(OC)c1OC,6.1,1
CHEMBL5402184,O=C(CCn1c(=O)n(CCc2ccccc2)c(=O)c2ccccc21)NO,6.1,1
CHEMBL5998593,Fc1ccc2c(c1)CCCC2Nc1ncc(-c2nnc(C(F)F)o2)cn1,6.1,1
CHEMBL439842,CCSC(=S)SCC(=O)c1cccc(CNC(C)=O)c1,6.09,1
CHEMBL2337868,Cc1cccc(-c2ccc(Cn3cccc(O)c3=S)cc2)c1,6.09,3
CHEMBL3110277,Cc1ccc(-c2cn(CCCCCn3cccc(O)c3=S)nn2)cc1,6.09,3
CHEMBL3353064,COc1ccc(C(=O)N2CCn3nc(C(=O)NO)cc3C2)cc1,6.09,1
CHEMBL4204952,CCCc1nn(C)c2c(=O)[nH]c(-c3cc(-c4ccc(CC(=O)NO)cc4)ccc3OCC)nc12,6.09,1
CHEMBL4649439,O=C(/C=C/c1cccc(S(=O)(=O)NCCCN2c3ccccc3CCc3ccc(Cl)cc32)c1)NO,6.09,1
CHEMBL4633453,CCN(C(=O)c1ccccc1C(F)(F)F)c1ccc(C(=O)NO)cc1,6.09,1
CHEMBL2104137,CN(C)CCCSc1ccccc1NC(=O)/C=C/c1ccccc1.Cl,6.09,1
CHEMBL50,O=c1c(O)c(-c2ccc(O)c(O)c2)oc2cc(O)cc(O)c12,6.09,1
CHEMBL5267435,CC1(C)c2ccccc2N(Cc2ccc(C(=O)NO)s2)C1c1cccnc1,6.09,1
CHEMBL6031545,O=C(CCCCCNC1CC1c1ccccc1)NO,6.09,1
CHEMBL5790155,O=c1cc(-c2nnc(C(F)F)o2)cc[nH]1,6.09,1
CHEMBL475862,CC(C)(C)c1csc(NC(=O)[C@H](CCCCNS(N)(=O)=O)NC(=O)OCc2ccccc2)n1,6.08,1
CHEMBL494645,C[C@@H](NCc1ccc(C(=O)C(F)(F)F)s1)c1ccccc1,6.08,1
CHEMBL482270,CCSC(=S)SCC(=O)c1ccc(C(=O)NCc2ccccc2)cc1,6.08,1
CHEMBL462370,O=C(c1ccc(-c2nc(-c3cccnc3)no2)s1)C(F)(F)F,6.08,1
CHEMBL609583,O=C(NO)c1cnc(N2CCN(S(=O)(=O)c3ccc4ccccc4c3)CC2)nc1,6.08,2
CHEMBL2413299,CCN(Cc1ccc(-c2ccccc2)cc1)Cc1ccc(/C=C/C(=O)NO)o1,6.08,1
CHEMBL4446737,O=C(CCCc1csc(Cc2ccccc2)n1)NO,6.08,1
CHEMBL4303329,Cc1ccc(NCCCc2ccccc2)c(N)c1,6.08,1
CHEMBL4848432,CN(Cc1ccc(C(=O)NO)cn1)C12CC3C[C@@](C)(C1)C[C@](C)(C3)C2,6.08,1
CHEMBL5078716,O=C(Nc1ccc2c(c1)CCN2c1ccc(C(=O)NO)cc1)Nc1ccc(Cl)c(C(F)(F)F)c1,6.08,1
CHEMBL5280419,Cc1onc(-c2ccccc2)c1COCCCCCNC(=O)[C@@H](C)S,6.08,1
CHEMBL5555608,C[C@@H](COCCC(=O)N1CCN(c2cnc(C(=O)NO)cn2)CC1)Nc1cn[nH]c(=O)c1C(F)(F)F,6.08,1
CHEMBL5809084,FC(F)(F)c1nc(-c2ccc(NCc3ccccc3)nn2)no1,6.08,1
CHEMBL5969631,CS(=O)(=O)NC[C@@H](Nc1ncc(-c2nnc(C(F)F)o2)cn1)c1ccc(OC(F)(F)F)cc1,6.08,1
CHEMBL453953,Cc1ccc(-c2noc(-c3ccc(C(=O)C(F)(F)F)s3)n2)cc1,6.07,1
CHEMBL2337873,Oc1cccn(Cc2ccc(-c3ccccc3)cc2)c1=S,6.07,3
CHEMBL3415625,O=C(NO)c1ccc(NC2CCN(c3ccc(Cl)cc3)C2)cc1,6.07,1
CHEMBL3760074,O=C(NCCCCCCS)c1cc(-c2ccc(F)cc2)n(CCCO)n1,6.07,1
CHEMBL3956031,CCOc1ccc(-c2ccc(C(=O)NO)nc2)cc1-c1nc2c(CC)nn(C)c2c(=O)[nH]1,6.07,1
CHEMBL3953547,CCCCCC(CCCCCC(=O)Nc1ccccc1)C(=O)NO,6.07,1
CHEMBL4214502,COc1ccc(C(=O)c2ccc3c(ccn3S(=O)(=O)c3ccc(/C=C/C(=O)NO)cc3)c2)cc1,6.07,1
CHEMBL4248785,CCc1c2c(nc3ccc(O)cc13)-c1cc3c(c(=O)n1C2)COC(=O)[C@@]3(CC)OC(=O)CNC(=O)CCCCCCC(=O)NO,6.07,1
CHEMBL4793662,COc1cc(OC)c2c(N3CCS(=O)(=O)CC3)nc(-c3cc(C)c(OCCCC(=O)NO)c(C)c3)nc2c1,6.07,1
CHEMBL188528,Oc1ccc(-c2nc3cc(O)cc(Br)c3o2)cc1,6.07,1
CHEMBL286738,NS(=O)(=O)Oc1ccc2c3c(c(=O)oc2c1)CCCCC3,6.07,1
CHEMBL4863325,CCC(=O)CCCCC[C@@H]1NC(=O)[C@H]2CC23CCN(CCCCCn2c(=O)ccc4cc(ccc42)-c2cnc1o2)CC3,6.07,1
CHEMBL5172937,CCNNC(=O)c1ccc(CN2c3ccccc3Oc3ccccc32)cc1,6.07,1
CHEMBL5220745,CN(C)c1nc2c(Br)c(Br)c(Br)c(Br)c2n1CCCCCC(=O)NO,6.07,1
CHEMBL5288844,Cc1onc(-c2ccccc2)c1COCCCCCNC(=O)C(C)S,6.07,1
CHEMBL5270464,CN(C)C1=NC2C(Br)=C(Br)C(Br)=C(Br)C2N1CCCCCC(=O)NO,6.07,1
CHEMBL5641668,CCn1c(CNc2ccccc2)nc2cc(C(=O)NO)ccc21,6.07,1
CHEMBL3353063,Cn1cccc1C(=O)N1CCn2nc(C(=O)NO)cc2C1,6.06,2
CHEMBL3652240,O=C(NO)c1cnc(Nc2c(Cl)cccc2Cl)nc1,6.06,2
CHEMBL3758407,O=C(CS)NCCCNC(=O)c1cc(-c2ccc(F)cc2)[nH]n1,6.06,1
CHEMBL3759880,O=C(NCCCCCCS)c1cc(-c2ccc(F)cc2)on1,6.06,1
CHEMBL3693772,Cc1cccc(C)c1Nc1ccc(C(=O)N(C)CCCCC(=O)NO)cc1,6.06,4
CHEMBL3971832,CC(C)Cc1sc(-c2nccs2)nc1C(=O)NCCCCNC(=O)CS,6.06,1
CHEMBL4281611,CC(c1ccc(C(=O)NO)cc1)n1[se]c2ccccc2c1=O,6.06,1
CHEMBL4640819,CCN(c1ccc(C(=O)NO)cc1)S(=O)(=O)c1cccc(C(C)(C)C)c1,6.06,1
CHEMBL4785403,O=C(NO)c1ccc(COc2c(-c3ccccc3)c3ccccc3n(C3CCN(Cc4ccccc4)CC3)c2=O)cc1,6.06,1
CHEMBL184238,NC(=O)c1cccc(-c2cccc(OC(=O)NC3CCCCC3)c2)c1,6.06,1
CHEMBL4873780,CC1(C)CCN(Cc2ccc(C(=O)NO)cc2)c2ccc(Cl)cc21,6.06,2
CHEMBL5172950,CNNC(=O)c1ccc(CNC(=O)c2ccccc2)cc1,6.06,1
CHEMBL5882766,CS(=O)(=O)C[C@@H](Nc1ncc(-c2nnc(C(F)F)o2)cn1)c1ccc(F)cc1,6.06,1
CHEMBL235082,CC(C)[C@H]1NC(=O)C[C@H]2/C=C/CCSSC[C@@H](NC1=O)C(=O)N[C@H](C(C)C)C(=O)NCC(=O)O2,6.05,1
CHEMBL393360,CC(C)[C@H]1NC(=O)[C@H]2CSSCC/C=C/[C@H](CC(=O)N[C@H](C)C(=O)N2)OC(=O)CNC1=O,6.05,1
CHEMBL494526,CN(C)CCOc1ccc(-c2nc([C@H](CCCCNS(N)(=O)=O)NC(=O)OCc3ccccc3)cs2)cc1,6.05,1
CHEMBL493347,NS(=O)(=O)NCCCCCC(=O)Nc1nc(-c2ccccc2)cs1,6.05,2
CHEMBL468527,O=C(CCCCc1cc(C(=O)NO)no1)Nc1ccc(-c2ccccc2)cc1,6.05,1
CHEMBL3797597,Cc1ccc(C(=O)NO)cc1NC(=O)c1ccccc1,6.05,1
CHEMBL3798503,COc1ccc(C(=O)NO)cc1NC(=O)c1ccc(Cl)cc1,6.05,1
CHEMBL3961053,O=C(NO)C1CCN(CCOc2ccc3cc2COC/C=C/COCc2cccc(c2)-c2ccnc(n2)N3)CC1,6.05,1
CHEMBL4467713,CC(C)[C@@H]1NC(=O)[C@]2(C)CSC(=N2)c2csc(n2)CNC(=O)C[C@@H](/C=C/C(F)(F)CS)OC1=O,6.05,1
CHEMBL4555432,CC[C@H](Nc1ncnc2[nH]cnc12)c1nc2cccc(CCc3ccc(C(=O)NO)cc3)c2c(=O)n1-c1ccccc1,6.05,1
CHEMBL1616372,CN(C)c1nc(N)c(C(=O)Nc2cccnc2)nc1Cl,6.05,1
CHEMBL69863,Oc1cc(O)cc(/C=C/c2ccc(O)c(O)c2)c1,6.05,1
CHEMBL4874713,O=C(NO)c1coc(CN2c3ccccc3Sc3ccccc32)n1,6.05,1
CHEMBL5574790,CC12CC3CC(C)(C1)CC(NC(=O)Nc1ccc(C(=O)NCCCCC(=O)NO)cc1F)(C3)C2,6.05,1
CHEMBL5646549,O=C(NO)c1ccc2c(c1)nc(CNc1ccccc1)n2C1CC1,6.05,1
CHEMBL141909,O=CN(O)CCCCCCCC(=O)Nc1ccc2ccccc2c1,6.04,1
CHEMBL3110280,N#Cc1ccc(-c2cn(CCCCCn3cccc(O)c3=S)nn2)cc1,6.04,3
CHEMBL3110287,Oc1cccn(CCCCCn2cc(-c3ccccc3)nn2)c1=S,6.04,4
CHEMBL4299429,CC[C@@H]1OC(=O)[C@@H](C)[C@H](O[C@H]2C[C@@](C)(OC)[C@@H](O)[C@H](C)O2)[C@H](C)[C@H](O[C@@H]2O[C@H](C)C[C@H](N(C)Cc3ccc(-c4cn(CCC(=O)NO)nn4)cc3)[C@H]2O)[C@@](C)(OC)C[C@H](C)C(=O)[C@@H](C)[C@@H](O)[C@@]1(C)O,6.04,1
CHEMBL3758642,O=C(NCCCCCCS)c1cc(-c2ccc(F)cc2)nn1CCO,6.04,1
CHEMBL4288401,O=C(CCCOc1ccc(-n2[se]c3ccccc3c2=O)cc1)NO,6.04,1
CHEMBL8145,O=c1c(-c2ccc(O)cc2)coc2cc(O)ccc12,6.04,1
CHEMBL165790,CC(C)Oc1ccc2c(=O)c(-c3ccccc3)coc2c1,6.04,1
CHEMBL5076163,COc1ccc(-c2ncc(/C=C/C(=O)NO)s2)cc1,6.04,1
CHEMBL221654,CN(C)c1ccc(C(=O)N[C@@H](CCCCCC(=O)NO)C(=O)Nc2cccc3cccnc23)cc1,6.03,1
CHEMBL2413296,Cc1ccc(OCCCN(Cc2ccccc2)Cc2ccc(/C=C/C(=O)NO)o2)cc1,6.03,1
CHEMBL3218562,CCCC[C@H]1NC(=O)C[C@H]2/C=C/CCSSC[C@@H](NC1=O)C(=O)N[C@H](C(C)C)[C@@H](O)CC(=O)O2,6.03,1
CHEMBL3287252,CCc1sc(-c2nccs2)nc1C(=O)NCCCCC(=O)NO,6.03,2
CHEMBL1170610,O=C(Oc1cccc2cccnc12)c1ccccc1,6.03,1
CHEMBL5093312,COc1cc(OC)cc(-c2ncc(/C=C/C(=O)NO)s2)c1,6.03,1
CHEMBL5173964,Cc1c(COc2ccc(CN(C)CCCCC(=O)NO)c(F)c2)cccc1-c1ccccc1,6.03,1
CHEMBL2337872,N#Cc1ccc(-c2ccc(Cn3cccc(O)c3=S)cc2)cc1,6.02,3
CHEMBL3110276,Oc1cccn(CCCCCCCn2cc(-c3ccccc3)nn2)c1=S,6.02,1
CHEMBL3287263,O=C(CCCCNC(=O)c1nc(-c2nccs2)sc1CCOCc1ccccc1)NO,6.02,2
CHEMBL64894,CN(C)c1ccc(C(=C2C=CC(=[N+](C)C)C=C2)c2ccc(N(C)C)cc2)cc1.[Cl-],6.02,1
CHEMBL406927,COc1ccc2[nH]c(C)c(CC(=O)N[C@@H](CCCCCC(C)=O)c3nc4ccc(Cl)cc4[nH]3)c2c1,6.01,1
CHEMBL450723,CCSC(=S)SCC(=O)c1ccc(NS(=O)(=O)c2ccc(Cl)cc2)cc1,6.01,1
CHEMBL3220925,CC(=O)N1c2ccc(NC(=O)CCCCCCC(=O)NO)cc2[C@H](Nc2ccccc2)C[C@@H]1C,6.01,1
CHEMBL4202838,COc1cc(C(=O)c2ccc3c(ccn3S(=O)(=O)c3ccc(/C=C/C(=O)NO)cc3)c2)cc(OC)c1OC,6.01,1
CHEMBL4292239,O=C(NO)c1cnc(N2CCC(n3[se]c4ccccc4c3=O)CC2)nc1,6.01,1
CHEMBL4647014,CCC(=O)CCCCC[C@H](NC(=O)[C@H]1CC12CCN(Cc1ccc(OC)cc1)CC2)c1ncc(-c2cc3ccccc3nc2OC)[nH]1,6.01,1
CHEMBL210858,COC(=O)CC1CC(c2ccc(O)cc2)=NO1,6.01,1
CHEMBL4871991,CC1(C)CCN(Cc2ccc(C(=O)NO)cc2)c2ccc(F)cc21,6.01,2
CHEMBL5077333,O=C(/C=C/c1cnc(-c2ccc(N3CCOCC3)cc2)s1)NO,6.01,1
CHEMBL5218767,CCC(=O)CCCCC[C@H](NC(=O)[C@H]1CC12CCN(CC)CC2)c1ncc(-c2cc3ccn(CC)c(=O)c3cc2OC)o1,6.01,1
CHEMBL6023180,O=C(Cn1ccc(-c2nnc(C(F)F)o2)cc1=O)N1CCCC1,6.01,1
CHEMBL247218,CC(C)(C)c1ccc(CN2Cc3ccc(/C=C/C(=O)NO)cc3C2=O)cc1,6.0,1
CHEMBL2047675,O=C(Cc1ccc(O)c(Br)c1)C(=O)NCCS,6.0,1
CHEMBL2047680,N/N=C(\Cc1ccc(O)c(Br)c1)C(=O)NCCS,6.0,1
CHEMBL2431914,O=C(NO)c1ccc2c(c1)CCCN(C(=O)C1CCCCCC1)C2,6.0,2
CHEMBL3110282,CN(C)c1ccc(-c2cn(CCCCCn3cccc(O)c3=S)nn2)cc1,6.0,3
CHEMBL3793310,Cc1[nH]c2ccccc2c1/C=C/c1ccccc1-c1ccc(/C=C/C(=O)NO)cc1,6.0,1
CHEMBL3798892,CCOc1ccc(C(=O)Nc2cc(C(=O)NO)ccc2OC)cc1,6.0,1
CHEMBL4086281,O=C(CCCCN1C(=O)[C@H](CCC(=O)NC(c2ccccc2)(c2ccccc2)c2ccccc2)N=C(c2ccccc2)c2ccccc21)NO,6.0,1
CHEMBL1388,Oc1ccc(OCc2ccccc2)cc1,6.0,1
CHEMBL3545157,O=c1sn(-c2cccc3ccccc23)c(=O)n1Cc1ccccc1,6.0,1
CHEMBL399121,COc1ccc([C@@H]2CC(=O)c3c(O)cc(O)cc3O2)cc1O,6.0,1
CHEMBL1401,CC(=O)Oc1ccccc1C(=O)Nc1ncc([N+](=O)[O-])s1,6.0,1
CHEMBL5183440,COc1ccc(N(C)c2cc(C#N)nc3ccccc23)cc1/C=C/C(=O)NO,6.0,1
CHEMBL5218553,CCC(=O)CCCCC[C@H](NC(=O)[C@H]1CC12CCN(CC)CC2)c1ncc(-c2ccc3cnccc3c2)[nH]1,6.0,1
CHEMBL5281688,O=C(NO)c1cn(C2CCN(C(=O)Cc3ccc4ccccc4c3)CC2)nn1,6.0,1
CHEMBL5618696,O=C(CCCCCCCCCCCc1cccc(O)c1)NO,6.0,1
CHEMBL5749440,FC(F)(F)c1nc(-c2cnc(NCc3ccncc3)nc2)no1,6.0,1
CHEMBL5773229,O=C(C1CC1)N(C[C@@H](Nc1ncc(-c2nnc(C(F)F)o2)cn1)c1ccc(F)cc1)CC(F)(F)F,6.0,1
CHEMBL5904584,CCS(=O)(=O)N(Cc1ncc(-c2nnc(C(F)F)o2)s1)c1cncc(CCOC)c1,6.0,1
CHEMBL6101916,CC(=O)SCC(=O)c1cccc(CCCN)c1,6.0,1
CHEMBL2337862,CN(C)c1ccc(-n2cc(Cn3cccc(O)c3=S)nn2)cc1,5.99,3
CHEMBL4165452,CCCCN(Cc1ccc(N(O)C=O)cc1)C(=O)Nc1ccccc1,5.99,1
CHEMBL4216804,Cc1c2ccc(N(C)c3ccnc(Nc4ccc(/C=C/C(=O)NO)cc4)n3)cc2nn1C,5.99,1
CHEMBL2205807,Cc1ccc(-c2ccc(C)cn2)nc1,5.99,1
CHEMBL28,O=c1cc(-c2ccc(O)cc2)oc2cc(O)cc(O)c12,5.99,1
CHEMBL5618768,CC(C)NC(=O)[C@H]1CC[C@@H](n2/c(=N/C(=O)c3ccccc3)[nH]c3cc(/C=C/C(=O)NO)ccc32)CC1,5.99,1
CHEMBL5818610,C[C@@H](Nc1ccc(-c2noc(C(F)(F)F)n2)cn1)c1ccncc1,5.99,1
CHEMBL5812723,O=C(NO)c1ccc(CNCC23CC4CC(CC(C4)C2)C3)c(C(F)(F)F)c1,5.99,1
CHEMBL113003,COC(=O)[C@H](Cc1ccc(-c2ccccc2)cc1)NC(=O)CCCCCCC(=O)NO,5.98,1
CHEMBL264411,COC(=O)[C@H](Cc1ccc(-c2ccoc2)cc1)NC(=O)CCCCCCCC(=O)NO,5.98,1
CHEMBL3621537,O=C(NO)N/C=C/c1ccc(-c2ccccc2)cc1,5.98,1
CHEMBL4226175,O=C(CCCNC(=O)c1cc(-c2ccc(F)cc2)[nH]n1)NO,5.98,1
CHEMBL43185,O=C(/C=C/C=C/c1ccc2c(c1)OCO2)N1CCCCC1,5.98,1
CHEMBL5178280,COc1cc(C(=O)c2csc(-c3ccc(NC(=O)/C=C/C(=O)NO)cc3)n2)cc(OC)c1OC,5.98,1
CHEMBL5410666,COc1ccc([C@H]2[C@H](COC(=O)c3ccc(C(=O)NO)cc3)C(=O)N2c2cc(OC)c(OC)c(OC)c2)cc1O,5.98,1
CHEMBL566807,N=C(N)NCCC[C@@H]1NC(=O)C[C@H](Cc2ccc(O)cc2)NC(=O)[C@H](Cc2cccc3ccccc23)NC(=O)[C@H](CCCCCC(=O)O)NC1=O,5.97,1
CHEMBL2046620,CC(c1ccc(NC(=O)/C=C/c2ccccc2)nc1)N1CCc2nc(C(=O)NO)sc2C1,5.97,1
CHEMBL2442696,COc1cc([C@@H]2c3cc4c(cc3[C@@H](Nc3ccc(NC(=O)CCCCC(=O)NO)cc3)[C@H]3COC(=O)[C@H]23)OCO4)cc(OC)c1O,5.97,1
CHEMBL3287261,O=C(CCCCNC(=O)c1nc(-c2nccs2)sc1-c1ccc([N+](=O)[O-])cc1)NO,5.97,2
CHEMBL3415624,O=C(NO)c1ccc(NC2CCN(c3ccc(Cl)cc3)C2=O)c(Cl)c1,5.97,1
CHEMBL3769683,O=C(NO)c1csc(-c2ccc(Br)cc2)n1,5.97,1
CHEMBL3962991,CCCc1nn(C)c2c(=O)[nH]c(-c3cc(N4CCC(CCC(=O)NO)CC4)ccc3OCC)nc12,5.97,1
CHEMBL3951347,CCC(CC)(c1ccc(OCC(O)C(C)(C)C)c(C)c1)c1ccc(C(=O)NCCCCCCC(=O)NO)c(C)c1,5.97,1
CHEMBL4238303,CCc1c2c(nc3ccc(O)cc13)-c1cc3c(c(=O)n1C2)COC(=O)[C@@]3(CC)OC(=O)CCCCCCCCCCC(=O)NO,5.97,1
CHEMBL507327,O=c1c2c[nH]c3ccccc3c-2nn1-c1ccc(Cl)cc1,5.97,1
CHEMBL2165191,Cc1cc([C@@H](C)Nc2ccccc2C(=O)O)c2nc(N3CCOCC3)cc(=O)n2c1,5.97,1
CHEMBL289277,Cc1cc(O)c2c(c1)C(=O)c1cc(O)cc(O)c1C2=O,5.97,1
CHEMBL5824305,O=C(NO)c1ccc(S(=O)(=O)NCCN2CCC(CNC3CC3c3ccc(F)cc3)CC2)cc1,5.97,1
CHEMBL475392,N[C@@H](CCCCNS(N)(=O)=O)C(=O)Nc1nc(-c2ccccc2)cs1,5.96,1
CHEMBL243997,CCSC(=S)SCC(=O)c1ccc(NS(C)(=O)=O)cc1,5.96,1
CHEMBL491130,O=C(N[C@@H](CCCCCB(O)O)C(=O)Nc1cccc(-c2ccccc2)c1)c1ccccc1,5.96,1
CHEMBL475301,NS(=O)(=O)NCCCCCC(=O)Nc1cccc(-c2ccccc2)c1,5.96,1
CHEMBL2047683,C=C(Cc1ccc(O)c(Br)c1)C(=O)NCCS,5.96,1
CHEMBL2178343,O=C(NO)c1cccc(-c2cn(CCc3ccsc3)nn2)c1,5.96,1
CHEMBL152665,O=C(Cc1ccccc1)NO,5.96,1
CHEMBL2413320,CC(C)CN(Cc1ccccc1)Cc1ccc(/C=C/C(=O)NO)o1,5.96,1
CHEMBL2414810,FC(F)(F)c1nc(-c2cnc(NCc3cccnc3)nc2)no1,5.96,2
CHEMBL2436594,CCCCCCCC(=O)SCC/C=C/[C@@H]1CC(=O)NCc2nc(co2)C2=N[C@@](C)(CS2)C(=O)N[C@@H](C(C)C)C(=O)O1,5.96,1
CHEMBL3110278,Cc1cccc(-c2cn(CCCCCn3cccc(O)c3=S)nn2)c1,5.96,3
CHEMBL3110286,Oc1cccn(CCCCn2cc(-c3ccccc3)nn2)c1=S,5.96,3
CHEMBL3287023,O=C(CCCCNC(=O)c1csc(-c2nccs2)n1)NO,5.96,2
CHEMBL3287251,Cc1sc(-c2nccs2)nc1C(=O)NCCCCC(=O)NO,5.96,2
CHEMBL3526396,C[C@@]12Nc3ccccc3[C@]1(O)CCN2Cc1ccc(/C=C/C(N)=O)cc1,5.96,1
CHEMBL3759014,O=C(NCCCCCS)c1cc(-c2ccc(F)cc2)[nH]n1,5.96,1
CHEMBL3950140,CCCc1nn(C)c2c(=O)[nH]c(-c3cc(N4CCC(CC(=O)NO)CC4)ccc3OCC)nc12,5.96,1
CHEMBL4632432,CCC(=O)CCCCC[C@H](NC(=O)[C@H]1CC12CCN(CC(F)(F)F)CC2)c1ncc(-c2cc3ccccc3nc2OC)[nH]1,5.96,1
CHEMBL4303207,O=c1[nH]c(CCl)nc2sc3c(c12)CCCC3,5.96,1
CHEMBL5069541,COc1ccc(-c2ncc(/C=C/C(=O)NO)s2)c(OC)c1OC,5.96,1
CHEMBL5272849,Cc1onc(-c2ccccc2)c1C(=O)NCCCCCNC(=O)C(C)S,5.96,1
CHEMBL5740096,CC(Nc1ncc(-c2noc(C(F)(F)F)n2)cc1Cl)c1ccncc1,5.96,1
CHEMBL5892654,FC(F)(F)c1nc(-c2ncc(NCc3ccncc3)cn2)no1,5.96,1
CHEMBL5922786,CS(=O)(=O)NC[C@H](Nc1ncc(-c2nnc(C(F)F)o2)cn1)C1CC1,5.96,1
CHEMBL5836497,CS(=O)(=O)NC[C@@H](Nc1ncc(-c2nnc(C(F)F)o2)cn1)C1CC1,5.96,1
CHEMBL6056630,CN(CC(Nc1ncc(-c2nnc(C(F)F)o2)cn1)c1ccc(F)cc1)C(=O)C1CC1,5.96,1
CHEMBL5869197,O=c1cc(-c2nnc(C(F)(F)F)o2)cc[nH]1,5.96,1
CHEMBL6091926,CC(=O)SCC(=O)c1cccc(CN)c1,5.96,1
CHEMBL6092022,CC1(C)NC(=O)[C@H](CCCCCC(=O)[C@@H]2CO2)NC(=O)[C@H]2CCCN2C(=O)[C@H](Cc2ccccc2)NC1=O,5.96,1
CHEMBL6174342,O=C(NO)c1cccc2[nH]c(C#Cc3cccc(C(F)(F)F)c3)cc12,5.96,1
CHEMBL409526,COC(=O)[C@H](Cc1ccc(-c2ccoc2)cc1)NC(=O)CCCCCCC(=O)NO,5.95,1
CHEMBL567295,CC(C)C[C@H]1CC(=O)N[C@@H](CCCCN)C(=O)N[C@@H](CCCCCC(=O)O)C(=O)N[C@@H](Cc2cccc3ccccc23)C(=O)N1,5.95,2
CHEMBL2408694,O=C(CCCCCCC(=O)N1CCN=C(c2ccccc2)c2ccccc21)NO,5.95,1
CHEMBL3903756,CC1(C)C(=O)N(c2ccc(C#N)c(C(F)(F)F)c2)C(=S)N1c1ccc(C(=O)NCCCCCCNS(N)(=O)=O)c(F)c1,5.95,1
CHEMBL4093718,O=C(NO)c1cccc(CNc2cccc3cccnc23)c1,5.95,1
CHEMBL193504,Cc1ccc(-c2cn3c4c(sc3n2)CCCC4)cc1,5.95,1
CHEMBL4866882,CCCNc1ccc2c3c(cccc13)C(=O)N(CCCC(=O)NO)C2=O,5.95,1
CHEMBL5173482,Cc1cc(C)c(CNC(=O)c2cc(-c3ccc(N4CCN(Cc5ccc(C(=O)NO)cc5)CC4)nc3)cc3c2cnn3C(C)C)c(=O)[nH]1,5.95,1
CHEMBL2413306,Cc1ccc(OCCN(Cc2ccc(-c3ccccc3)cc2)Cc2ccc(/C=C/C(=O)NO)o2)cc1,5.94,1
CHEMBL3735106,C[C@]12CC[C@@H]3c4ccc(O)cc4C[C@@H](CCCCCCCCCCC(=O)NO)[C@H]3[C@@H]1CC[C@@H]2O,5.94,1
CHEMBL3942298,CC(C)(C)OC(=O)NCc1nc(-c2nc(C(=O)NCCCCC(=O)NO)cs2)cs1,5.94,1
CHEMBL4241615,CC(C)c1cc(C(=O)N2CCc3cc(NC(=O)CCCCCCC(=O)NO)ccc32)c(O)cc1O,5.94,1
CHEMBL4288829,O=C(CCc1ccc(-n2[se]c3ccccc3c2=O)cc1)NO,5.94,1
CHEMBL5078715,O=C(/C=C/c1ccc(CN2CCc3cc(NC(=O)Nc4ccc(Cl)c(C(F)(F)F)c4)ccc32)cc1)NO,5.94,1
CHEMBL5199527,COc1cc(C(=O)c2csc(-c3ccc(OCCCC(=O)NO)cc3)n2)cc(OC)c1OC,5.94,1
CHEMBL5565725,O=C(NO)c1ccc(CN(CC23CC4CC(CC(C4)C2)C3)C(=O)c2ccccc2)cc1,5.94,1
CHEMBL5572771,C[C@H](NC(=O)[C@H](CC(=O)NCC(C)(C)C)NC(=O)c1c[nH]c2ccccc12)C(=O)NCc1ccc(F)cc1F,5.94,1
CHEMBL259434,COC(=O)[C@H](Cc1ccc(-c2ccc3ccccc3c2)cc1)NC(=O)CCCCCCC(=O)NO,5.93,1
CHEMBL1214759,CC[C@H]1OC(=O)[C@H](C)C(=O)[C@H](C)[C@@H](O[C@@H]2O[C@H](C)C[C@H](N(C)Cc3ccc(-c4cn(CCCCCC(=O)NO)nn4)cc3)[C@H]2O)[C@](C)(OC)C[C@@H](C)C2=NCCN3C(=O)O[C@@]1(C)[C@H]3[C@H]2C,5.93,1
CHEMBL4218554,CCCc1nn(C)c2c(=O)[nH]c(-c3cc(N4CCC(C(=O)NO)CC4)ccc3OCC)nc12,5.93,1
CHEMBL4217319,COc1ccc(C(=O)c2ccc3c(ccn3S(=O)(=O)c3cccc(/C=C/C(=O)NO)c3)c2)cc1OC,5.93,1
CHEMBL4636123,CCC(=O)CCCCC[C@H](NC(=O)[C@H]1CC12CCN(C(C)=O)CC2)c1ncc(-c2cc3ccccc3nc2OC)[nH]1,5.93,1
CHEMBL4644657,CCC(=O)CCCCC[C@H](NC(=O)[C@H]1CC12CCN(C)CC2)c1nnc(-c2cc3ccccc3nc2OC)o1,5.93,1
CHEMBL1765797,O=C1NC(=S)NC(=O)C1C(=O)Nc1ccccc1,5.93,1
CHEMBL492311,NS(=O)(=O)NCCCC[C@H](NC(=O)OCc1ccccc1)c1nc(-c2ccccc2)cs1,5.92,1
CHEMBL494124,COc1ccc2[nH]c(C)c(CC(=O)N[C@@H](CCCCNS(N)(=O)=O)C(=O)Nc3nc(-c4ccccc4)cs3)c2c1,5.92,1
CHEMBL1630108,O=C(/C=C/c1ccc(-c2ccc3ncnc(Nc4ccc(OCc5cccc(F)c5)c(Cl)c4)c3c2)s1)NO,5.92,1
CHEMBL2047699,O=C(NCCS)/C(Cc1cccc([N+](=O)[O-])c1)=N/O,5.92,1
CHEMBL3287022,Cc1nc(-c2nc(C(=O)NCCCCC(=O)NO)cs2)cs1,5.92,2
CHEMBL3287250,CC(C)Cc1sc(-c2nccs2)nc1C(=O)NCCCCC(=O)NO,5.92,3
CHEMBL3287253,CC(C)c1sc(-c2nccs2)nc1C(=O)NCCCCC(=O)NO,5.92,2
CHEMBL3314863,O=C(NO)c1ccc(Cc2nnc(Cc3cccc4ccccc34)o2)cc1,5.92,1
CHEMBL4457073,O=C(NO)c1cc(Cn2c(=O)n(CCc3ccccc3)c(=O)c3ccccc32)cs1,5.92,2
CHEMBL4534486,O=C(NO)[C@H](Cc1ccccc1)n1nnc(-c2ccccc2)c1C#CC1CC1,5.92,1
CHEMBL223360,Cc1ccc(F)c(NC(=O)Nc2ccc(-c3cccc4[nH]nc(N)c34)cc2)c1,5.92,1
CHEMBL8260,O=c1cc(-c2ccccc2)oc2cc(O)c(O)c(O)c12,5.92,1
CHEMBL5087770,O=C(Nc1ccc2c(c1)CCCN2c1ccc(C(=O)NO)cc1)Nc1ccc(Cl)c(C(F)(F)F)c1,5.92,1
CHEMBL5220815,CCC(=O)CCCCC[C@H](NC(=O)[C@H]1CC12CCN(C)CC2)c1ncc(C2=CC3SC=NC3C=C2)[nH]1,5.92,1
CHEMBL5563748,COc1ccc(/C=C/C(=O)c2ccc(Br)c3c2OC(C)(C)C=C3)cc1OCC(=O)NO,5.92,1
CHEMBL5864044,CCCCCN(Cc1ccc(C(=O)NO)cc1)CC1CCC2CC1C2(C)C,5.92,1
CHEMBL5965089,CN(C)C(=O)N(Cc1ncc(-c2nnc(C(F)F)o2)s1)c1cccnc1,5.92,1
CHEMBL6152299,Cc1c(F)c(N)cc(C(=O)Nc2cc(-c3ccc(NC(=O)c4ccc(/C=C/C(=O)NO)cc4)cc3)ccc2N2CCN(C)CC2)c1Cl,5.92,1
CHEMBL6171061,O=C(NO)c1cccc2[nH]c(C#Cc3ccccc3)cc12,5.92,1
CHEMBL242039,CCSC(=S)SCC(=O)c1ccc(OC)cc1,5.91,2
CHEMBL2046623,CC(C)N(C(=O)/C=C/c1ccccc1)c1cccc(CN2CCc3nc(C(=O)NO)sc3C2)c1,5.91,1
CHEMBL4299430,CC[C@H]1OC(=O)[C@H](C)[C@@H](O[C@@H]2C[C@](C)(OC)[C@H](O)[C@@H](C)O2)[C@H](C)[C@@H](O[C@@H]2O[C@H](C)C[C@H](N(C)C)[C@H]2O)[C@@](C)(O)C[C@@H](C)CN(Cc2ccc(-c3cn(CCC(=O)NO)nn3)cc2)[C@@H](C)[C@@H](O)[C@]1(C)O,5.91,1
CHEMBL4544187,CC[C@H](Nc1nc(N)nc(C)c1C#N)c1nc2cccc(NCCCCC(=O)NO)c2c(=O)n1-c1ccccc1,5.91,1
CHEMBL5177261,C=C(CCCCCNc1cc(-c2ccc(N3CCN(C(=O)OC(C)(C)C)CC3)nc2)cc(C(=O)NCc2c(C)cc(C)[nH]c2=O)c1C)NO,5.91,1
CHEMBL6015568,CCS(=O)(=O)N(Cc1ncc(-c2nnc(C(F)F)o2)s1)C1CC1,5.91,1
CHEMBL388710,CCSC(=S)SCC(=O)c1ccc(C)cc1,5.9,1
CHEMBL481955,CCSC(=S)SCC(=O)c1cccc(NS(=O)(=O)c2ccc(Cl)cc2)c1,5.9,1
CHEMBL3670672,Nc1ccccc1NC(=O)c1ccc(CNC(=O)c2[nH]c(-c3ccoc3)cc2-c2ccc(O)cc2)cc1,5.9,2
CHEMBL3895838,CCOc1ccc(CC2CCN(c3ncc(C(=O)NO)cn3)CC2)cc1-c1nc2c(CC)nn(C)c2c(=O)[nH]1,5.9,1
CHEMBL3961083,CC(C)Cc1sc(-c2nccs2)nc1C(=O)NCCCCCCC(=O)NO,5.9,1
CHEMBL4107832,COC[C@H]1CCCC1c1ccc(C(=O)NO)cc1,5.9,1
CHEMBL4109326,COC[C@H]1CCCN1Cc1ccc(C(=O)NO)cc1,5.9,1
CHEMBL4635034,O=C(/C=C/c1ccc(CNCCCN2c3ccccc3CCc3ccc(Cl)cc32)cc1)NO,5.9,1
CHEMBL4793958,COCCOc1cc2ncnc(Nc3ccc(/C=C/C(=O)NO)cc3)c2cc1OCCOC,5.9,2
CHEMBL2354444,COc1cccc2c1C(=O)c1c(O)c3c(c(O)c1C2=O)C[C@@](O)(C(=O)CO)C[C@@H]3O[C@H]1C[C@H](N)[C@H](O[C@@H]2CCCCO2)[C@H](C)O1,5.9,1
CHEMBL4871621,COc1cc2nc(-c3ccc(C)s3)cc(NCC3CCN(c4ncc(C(=O)NO)cn4)CC3)c2cc1OC,5.9,1
CHEMBL5574088,C[C@H](NC(=O)[C@H](CC(=O)NCC(C)(C)C)NC(=O)c1ccc(C(=O)NO)cc1)C(=O)NCc1ccc(F)cc1F,5.9,1
CHEMBL493783,CN(Cc1ccccc1)C(=O)c1cnc(C(=O)C(F)(F)F)s1,5.89,1
CHEMBL2047690,CSc1ccc(C/C(=N\O)C(=O)NCCS)cc1,5.89,1
CHEMBL2381523,O=C(NO)c1cccc(CNc2ccccc2)c1,5.89,1
CHEMBL3220924,CC(=O)N1c2ccc(-c3ccccc3)cc2[C@H](NC(=O)CCCCCCC(=O)NO)C[C@@H]1C,5.89,1
CHEMBL3335369,COc1cc(/C=C/c2ccc(OC)c(NC(=O)CCCCCCC(=O)NO)c2)cc(OC)c1,5.89,1
CHEMBL3758395,O=C(NCCCCCS)c1cc(-c2ccc(F)cc2)on1,5.89,1
CHEMBL3798028,CCOc1ccc(C(=O)NO)cc1NC(=O)c1ccccc1,5.89,1
CHEMBL3798613,O=C1CCSc2ccc(C(=O)NO)cc2N1,5.89,1
CHEMBL3933987,O=C(CCCCNC(=O)c1nc(-c2nc3c(s2)CCC3)sc1C1CC1)NO,5.89,1
CHEMBL4061157,NC(=O)CC[C@@H]1N=C(c2ccccc2)c2ccccc2N(CCCCC(=O)NO)C1=O,5.89,1
CHEMBL4745848,O=C(CCCCNC(=O)/C(Cc1ccc(O)c(Br)c1)=N/O)NO,5.89,1
CHEMBL1589793,CCN(CC)c1ccc(C(=C2C=CC(=[N+](CC)CC)C=C2)c2ccccc2)cc1,5.89,1
CHEMBL5202439,O=C(CCCCc1cn(-c2ccc(C(=O)c3c(-c4ccc(O)cc4)sc4cc(O)ccc34)cc2)nn1)NO,5.89,1
CHEMBL5278837,O=C(NO)c1cccc(Cn2cnc(-c3ccccc3)n2)c1,5.89,1
CHEMBL5832241,C[C@@H](Nc1cnc(-c2noc(C(F)(F)F)n2)nc1)c1ccccc1,5.89,1
CHEMBL6025817,CC(C)(C)OC(=O)N1CCN(c2c(F)cc(-c3noc(C(F)(F)F)n3)cc2F)[C@@H](c2ccccc2)C1,5.89,1
CHEMBL5788693,CN(Cc1ncc(-c2nnc(C(F)F)o2)s1)c1cccnc1,5.89,1
CHEMBL2046622,CC(c1ccc(NC(=O)c2ccc(-c3ccccc3)s2)nc1)N1CCc2nc(C(=O)NO)sc2C1,5.88,1
CHEMBL3769938,O=C(NO)c1noc(-c2ccc(-c3ccccc3)cc2)n1,5.88,1
CHEMBL312750,COc1ccc(-c2cc(=O)c3c(O)c(OC)c(O)cc3o2)cc1OC,5.88,1
CHEMBL165,Oc1ccc(/C=C/c2cc(O)cc(O)c2)cc1,5.88,1
CHEMBL4871032,CN(c1cccc2ccccc12)S(=O)(=O)C1CC2OC1C(c1ccc(NC(=O)CCCCCCC(=O)O)cc1)=C2c1ccc(O)cc1,5.88,1
CHEMBL5208683,Cc1nc2cc(NC(=O)CCOCCOCCOCCNC(=O)COc3cccc4c3C(=O)N(C3CCC(=O)NC3=O)C4=O)ccc2n1Cc1ccc(C(=O)NO)cc1F,5.88,1
CHEMBL5791588,Cn1cc(-c2ccc(C3CC3NCC3CN(CCCc4ccc(C(=O)NO)cc4)C3)cc2)cn1,5.88,1
CHEMBL505259,O=C(c1ccc(-c2ncc(-c3ccccc3)s2)s1)C(F)(F)F,5.87,1
CHEMBL16300,O=C(NO)c1ccccc1,5.87,3
CHEMBL2333338,CN1CCN(CCNC(=O)c2ccc(C(=O)NO)cc2)CC1,5.87,1
CHEMBL2431913,CC(C)(C)C(=O)N1CCCc2cc(C(=O)NO)ccc2C1,5.87,2
CHEMBL4069885,CC(C)[C@@H]1N=C(c2ccccc2)c2ccccc2N(CCCCC(=O)NO)C1=O,5.87,1
CHEMBL4526191,O=C(NO)c1cc(CCCCN2c3ccc(Cl)cc3CCc3cc(Cl)ccc32)on1,5.87,1
CHEMBL4449068,O=C(CCc1csc(/C=C/c2ccccc2)n1)NO,5.86,1
CHEMBL510780,c1ccc2c(c1)CCC[C@H]2Nc1nc2ccccc2[nH]1,5.86,1
CHEMBL5917366,O=C(NO)c1ccc(CNC23CC4CC(CC(C4)C2)C3)cc1,5.86,1
CHEMBL487143,CCCC(=O)CCCCC[C@H](NC(=O)C1CCN(C)CC1)c1ncc(-c2ccc3ccccc3c2)[nH]1,5.85,1
CHEMBL516399,CC(C)c1ccc(-c2csc(NC(=O)[C@H](CCCCNS(N)(=O)=O)NC(=O)OCc3ccccc3)n2)cc1,5.85,1
CHEMBL569306,CC(C)C[C@H]1CC(=O)N[C@@H](CCCNC(=N)N)C(=O)N[C@@H](CCCCCC(=O)O)C(=O)N[C@@H](Cc2cccc3ccccc23)C(=O)N1,5.85,1
CHEMBL2047702,COc1cc(C/C(=N\O)C(=O)NCCS)ccc1SC,5.85,1
CHEMBL3759544,O=C(NCCCCCCS)c1cc(-c2ccc(F)cc2)n(CCO)n1,5.85,1
CHEMBL3639915,CCCN(CCC)C[C@@H](C)NC(=O)c1ccc(-c2noc(C(F)(F)F)n2)cc1F,5.85,1
CHEMBL3929797,CC(C)(C)OC(=O)NCc1nc(-c2nc(C(=O)NCCCCCCC(=O)NO)cs2)cs1,5.85,1
CHEMBL4218789,O=C(/C=C/c1cccc(S(=O)(=O)n2ccc3cc(C(=O)c4ccc(F)cc4)ccc32)c1)NO,5.85,1
CHEMBL4516759,CC(C)[C@@H]1NC(=O)[C@]2(C)CSC(=N2)c2csc(n2)CNC(=O)C(F)(F)[C@@H](/C=C/CCS)NC1=O,5.85,1
CHEMBL3040236,NCCCNCCCCCC(=O)C(F)(F)F,5.85,1
CHEMBL1405973,CCCCCCOc1ccccc1C(N)=O,5.85,1
CHEMBL198759,Cc1ccc(C(=O)Cn2c3c(sc2=N)CCCC3)cc1,5.85,1
CHEMBL5184762,O=C(/C=C/C1CCN(Cc2csc3ccccc23)CC1)NO,5.85,1
CHEMBL5204018,Cc1nc2cc(NC(=O)CCOCCOCCOCCOCCNC(=O)CNc3cccc4c3C(=O)N(C3CCC(=O)NC3=O)C4=O)ccc2n1Cc1ccc(C(=O)NO)cc1F,5.85,1
CHEMBL5936960,C[C@@H]1CCc2ccncc2N(Cc2ncc(-c3nnc(C(F)F)o3)s2)C1=O,5.85,1
CHEMBL5777192,FC(F)c1nnc(-c2cc(CNc3cccc(Cl)c3)no2)o1,5.85,1
CHEMBL2371801,CC[C@H](C)[C@@H]1NC(=O)[C@@H](Cc2ccc(OC)cc2)NC(=O)[C@H](CCCCCC(=O)C(F)(F)F)NC(=O)[C@H]2CCCN2C1=O,5.84,1
CHEMBL480005,CCSC(=S)SCC(=O)c1ccc(C(=O)Nc2ccc(Cl)cc2)cc1,5.84,1
CHEMBL3415960,Nc1nc2ncc(CNc3ccc(C(=O)NCCCC(=O)NO)cc3)nc2c(=O)[nH]1,5.84,1
CHEMBL3589362,O=C(O)CCCCCCC(=O)Nc1ccc(C2=C(c3ccc(O)cc3)C3CC(S(=O)(=O)Oc4ccc(Cl)cc4)C2O3)cc1,5.84,1
CHEMBL4546785,O=C(CCc1csc(Cc2ccccc2)n1)NO,5.84,1
CHEMBL4634931,O=C(CCCC(=O)NCCCN1c2ccccc2CCc2ccc(Cl)cc21)NO,5.84,1
CHEMBL151,O=c1cc(-c2ccc(O)c(O)c2)oc2cc(O)cc(O)c12,5.84,1
CHEMBL291536,Cc1nc2ccc(NC(=O)Nc3ccnc4cccnc34)cc2o1,5.84,1
CHEMBL4280303,CC[C@@]1(O)C(=O)OCc2c1cc1n(c2=O)Cc2c-1nc1ccc(O)cc1c2/C=N/OCCCCCC(=O)NCCSSCCNC(=O)/C(Cc1ccc(O)c(Br)c1)=N\O,5.83,1
CHEMBL244559,Nc1nc(N)c2nc(-c3cccc(O)c3)cnc2n1,5.83,1
CHEMBL2431867,CC(C)c1ccc(-c2cc(=O)c3ccccc3o2)cc1,5.83,1
CHEMBL5183247,Cc1nc2cc(NC(=O)CCOCCOCCOCCOCCNC(=O)COc3cccc4c3C(=O)N(C3CCC(=O)NC3=O)C4=O)ccc2n1Cc1ccc(C(=O)NO)cc1F,5.83,1
CHEMBL5618705,O=C(Cc1ccc(C(=O)NO)cc1)Nc1ccc2ncnc(Nc3ccc(Cl)c(F)c3)c2c1,5.83,1
CHEMBL524024,O=C(NCC1CCCCC1)c1cnc(C(=O)C(F)(F)F)s1,5.82,1
CHEMBL474097,NS(=O)(=O)NCCCCCC(=O)Nc1ccccc1,5.82,1
CHEMBL3797939,O=C(NO)c1ccc(Cl)c(NC(=O)c2cccc(OCc3ccccc3)c2)c1,5.82,1
CHEMBL435160,O=C(CCCCCC(Cc1ccccc1)C(=O)NO)Nc1ccccc1,5.82,1
CHEMBL3692651,CN(C)C[C@H](Cc1ccccc1)NC(=O)c1ccc(-c2noc(C(F)(F)F)n2)cc1F,5.82,1
CHEMBL4206936,O=C(NO)c1cccc(S(=O)(=O)Nc2ccccc2)c1,5.82,1
CHEMBL4545091,CC(C)(C)OC(=O)Nc1cccc(-c2csc(NC(=O)CCCCCC(=O)Nc3ccccc3N)n2)c1,5.82,1
CHEMBL4633758,CCC(=O)CCCCC[C@H](NC(=O)C1=NOC2(CCN(C)CC2)C1)c1ncc(-c2cc3ccccc3nc2OC)[nH]1,5.82,1
CHEMBL3105836,O=C(/C=C/c1ccc2ccccc2n1)c1ccncc1,5.82,1
CHEMBL4856805,CC1(C)CCc2cc(F)ccc2N1Cc1ccc(C(=O)NO)cc1,5.82,2
CHEMBL4853162,CSc1ccc(C(=O)NO)cc1NC(=O)c1ccc(-c2ccccc2)cc1,5.82,1
CHEMBL5207734,CCNNC(=O)c1ccc(NC(=O)Nc2cccc3cccnc23)cc1,5.82,1
CHEMBL4745088,CCC(=O)CCCCC[C@H](NC(=O)[C@H]1CC12CCN(C)CC2)c1ncc(-c2cnc3ccccc3c2)[nH]1,5.82,1
CHEMBL5218556,CCC(=O)CCCCC[C@H](NC(=O)[C@H]1CC12CCN(C)CC2)c1ncc(-c2ccc3nc(C)ccc3c2)[nH]1,5.82,1
CHEMBL5220616,CCC(=O)CCCCC[C@H](NC(=O)[C@H]1CC12CCN(C)CC2)c1ncc(-c2ccc3nc(N4CCCC4)ccc3c2)[nH]1,5.82,1
CHEMBL5632046,Nc1nc(Cl)c2ccn(Cc3ccc(-c4noc(C(F)(F)F)n4)c(F)c3)c2n1,5.82,1
CHEMBL5639375,CC(C)n1c(CNc2ccccc2)nc2cc(C(=O)NO)ccc21,5.82,1
CHEMBL5840152,Fc1ccc([C@@H](Cn2cnc(C(F)(F)F)c2)Nc2ncc(-c3nnc(C(F)F)o3)cn2)cc1,5.82,1
CHEMBL5986527,Fc1ccc([C@@H](Cn2cc(C(F)(F)F)cn2)Nc2ncc(-c3nnc(C(F)F)o3)cn2)cc1,5.82,1
CHEMBL5795684,FC(F)c1nnc(-c2cnc(CNc3cccnc3)s2)o1,5.82,1
CHEMBL2046621,COc1ccc(/C=C/C(=O)Nc2ccc(C(C)N3CCc4nc(C(=O)NO)sc4C3)cn2)cc1,5.81,1
CHEMBL4214369,COc1cc(C(=O)c2ccc3c(ccn3Cc3ccc(C(=O)NO)cc3)c2)cc(OC)c1OC,5.81,1
CHEMBL46909,COc1cc(/C=C/c2ccc(OC)cc2OC)cc(OC)c1,5.81,1
CHEMBL164,O=c1c(O)c(-c2cc(O)c(O)c(O)c2)oc2cc(O)cc(O)c12,5.81,1
CHEMBL5182607,Cc1c(COc2ccc(CNCCCCCC(=O)NO)c(OCc3cccc(C#N)c3)c2)cccc1-c1ccccc1,5.81,1
CHEMBL5898587,Cc1ccc(CNc2ncc(-c3noc(C(F)(F)F)n3)cc2Cl)cn1,5.81,1
CHEMBL6176346,CC[C@]1(O)C(=O)OCc2c1cc1n(c2=O)Cc2c-1nc1ccc(O)cc1c2/C=N/OCCCCCC(=O)NO,5.81,1
CHEMBL3335370,COc1cc(/C=C\c2ccc(OC)c(NC(=O)CCCCCCC(=O)NO)c2)cc(OC)c1,5.8,1
CHEMBL3589347,COC(=O)CCCCCCC(=O)Nc1ccc(OS(=O)(=O)C2CC3OC2C(c2ccc(O)cc2)=C3c2ccc(O)cc2)cc1,5.8,1
CHEMBL3675750,O=C(CCn1c2ccccc2c2ccccc21)NO,5.8,2
CHEMBL3969922,CCCc1nn(C)c2c(=O)[nH]c(-c3cc(NC4CCN(c5ccc(C(=O)NO)cc5)CC4)ccc3OCC)nc12,5.8,1
CHEMBL3960084,CCC(CC)(c1ccc(OCCCCCC(=O)NO)cc1)c1ccc(OCC(O)C(C)(C)C)c(C)c1,5.8,1
CHEMBL4097132,CC(C)c1cn(CCCCCCNC(=O)CS)c2cc(Cl)c(Cl)cc12,5.8,1
CHEMBL3126832,CC(C)[C@H]1NC(=O)[C@H]2CSSCC/C=C/[C@H](CC(=O)N[C@H](C)C(=O)N2)OC(=O)C[C@@H]1O,5.8,1
CHEMBL5192326,COc1cc(C(=O)c2csc(-c3ccc(/C=C/C(=O)NO)cc3)n2)cc(OC)c1OC,5.8,1
CHEMBL6050683,FC(F)(F)c1nc(-c2ccc(NCc3ccncc3)nc2)no1,5.8,1
CHEMBL6020810,Cc1noc([C@H]2CCCCN2c2ccc(-c3noc(C(F)(F)F)n3)c(Cl)c2)n1,5.8,1
CHEMBL493872,COc1ccc(C(=O)CSC(=S)SCCNC(C)=O)cc1,5.79,1
CHEMBL1173445,CCCCCCCC(=O)SCC/C=C/[C@@H]1CC(=O)NCc2nc(cs2)C2=N[C@@](C)(CS2)C(=O)N[C@@H](C(C)C)C(=O)O1,5.79,6
CHEMBL3771206,CC(=O)SCC/C=C/[C@@H]1CC(=O)NCc2ccc(cc2)C2=N[C@@](C)(CS2)C(=O)N[C@@H](C(C)C)C(=O)O1,5.79,1
CHEMBL28626,O=c1c(O)c(-c2ccc(O)cc2O)oc2cc(O)cc(O)c12,5.79,1
CHEMBL3823931,CN(C)C(=O)Nc1cccc(-c2ccc(N(C)C)cc2)c1,5.79,1
CHEMBL5291493,Cc1c(NC(=O)CN2C(=O)S/C(=C\c3ccc(Br)cc3)C2=O)c(=O)n(-c2ccccc2)n1C,5.79,1
CHEMBL569674,CC(=O)NCCCC[C@@H]1NC(=O)C[C@H](CC(C)C)NC(=O)[C@H](Cc2cccc3ccccc23)NC(=O)[C@H](CCCCCC(=O)O)NC1=O,5.78,1
CHEMBL3218563,CSCC[C@H]1NC(=O)C[C@H]2/C=C/CCSSC[C@@H](NC1=O)C(=O)N[C@H](CC(C)C)[C@@H](O)CC(=O)O2,5.78,1
CHEMBL3923995,Cc1cnc(-c2nc(C(=O)NCCCCC(=O)NO)c(CC(C)C)s2)s1,5.78,1
CHEMBL3919167,CC(C)Cc1sc(-c2nccs2)nc1C(=O)NCCCCCCNC(=O)CS,5.78,1
CHEMBL186526,Cc1ccc(NC(=O)c2cccc(N(C)C)c2)cc1NC(=O)c1ccc(O)cc1,5.78,1
CHEMBL5594078,O=C(NO)c1cccc(CN2CCc3c(c4ccccc4n3Cc3ccccc3)C2)c1,5.78,1
CHEMBL115011,O=C(CCCCCCC(=O)C(F)(F)F)Nc1cccc(-c2ccccc2)c1,5.77,1
CHEMBL406734,COC(=O)[C@H](Cc1ccc(Br)cc1)NC(=O)CCCCCCC(=O)NO,5.77,1
CHEMBL492317,NS(=O)(=O)NCCCC[C@H](NC(=O)OCc1ccccc1)c1nc(-c2ccc(F)cc2)no1,5.77,1
CHEMBL466459,CC(C)(C)OC(=O)Nc1ccc(-c2cc(C(=O)NCC(=O)Nc3ccc(-c4cc(C(=O)NO)no4)cc3)no2)cc1,5.77,1
CHEMBL1214761,CC[C@H]1OC(=O)[C@H](C)C(=O)[C@H](C)[C@@H](O[C@@H]2O[C@H](C)C[C@H](N(C)Cc3ccc(-c4cn(CCCCCCCC(=O)NO)nn4)cc3)[C@H]2O)[C@](C)(OC)C[C@@H](C)C2=NCCN3C(=O)O[C@@]1(C)[C@H]3[C@H]2C,5.77,1
CHEMBL2047685,O=C(CCCNC(=O)/C(Cc1ccc(O)c(Br)c1)=N/O)NO,5.77,1
CHEMBL2047688,O=C(NCCS)/C(Cc1ccc(O)cc1)=N/O,5.77,1
CHEMBL3287021,O=C(CCCCNC(=O)c1csc(-c2cscn2)n1)NO,5.77,2
CHEMBL4072618,CSCC[C@@H]1N=C(c2ccccc2)c2ccccc2N(CCCCC(=O)NO)C1=O,5.77,1
CHEMBL4580307,Fc1cc(Br)cc2c1C1=NCCN1C(=S)S2,5.77,1
CHEMBL2393130,COc1cc(OC)c2c(=O)[nH]c(-c3cc(C)c(OCCO)c(C)c3)nc2c1,5.77,1
CHEMBL150,O=c1c(O)c(-c2ccc(O)cc2)oc2cc(O)cc(O)c12,5.77,1
CHEMBL5185455,Cc1c(COc2ccc(CN(C)CCCCC(=O)NO)c(OCc3cccc(C#N)c3)c2)cccc1-c1ccccc1,5.77,1
CHEMBL5906085,CC(=O)Nc1cnc(-c2noc(C(F)(F)F)n2)cn1,5.77,1
CHEMBL5856071,FC(F)c1nnc(-c2cnc(NC(c3ccccc3)c3ccccc3)nc2)o1,5.77,1
CHEMBL1164212,C[C@H](CCCCNC(=O)CS)[C@H]1CC[C@H]2/C(=C/C=C3C[C@@H](O)C[C@H](O)C3)CCC[C@]12C,5.76,1
CHEMBL3220923,CC(=O)N1c2ccc(NC(=O)CCCCCCC(=O)NO)cc2[C@H](NC(=O)OC(C)C)C[C@@H]1C,5.76,1
CHEMBL3287262,O=C(CCCCNC(=O)c1nc(-c2nccs2)sc1Cc1ccccc1)NO,5.76,2
CHEMBL3736113,CC[C@H]1OC(=O)[C@H](C)C(=O)[C@H](C)[C@@H](O[C@@H]2O[C@H](C)C[C@H](N(C)Cc3ccc(-c4cn(CCC(=O)NO)nn4)cc3)[C@H]2O)[C@@](C)(OC)C[C@@H](C)C2=NCCN3C(=O)O[C@@]1(C)[C@H]3[C@H]2C,5.76,1
CHEMBL4095398,O=C(CCCCN1C(=O)[C@H](CCC(=O)NO)N=C(c2ccccc2)c2ccccc21)NO,5.76,1
CHEMBL4872543,O=C(NO)c1ccc(NCc2nc(-c3ccccc3)nn2-c2ccc(Br)cc2)cc1,5.76,1
CHEMBL5204835,COc1cc(C(=O)c2csc(-c3ccc(NC(=O)CCCC(=O)NO)cc3)n2)cc(OC)c1OC,5.76,1
CHEMBL5177731,Cc1cc(C)c(CNC(=O)c2cc(-c3ccc(N4CCN(C(=O)CCCC(=O)NO)CC4)nc3)cc3c2cnn3C(C)C)c(=O)[nH]1,5.76,1
CHEMBL5171670,Cc1cc(C)c(CNC(=O)c2cc(-c3ccc(N4CCN(C(=O)CCCCC(=O)NO)CC4)nc3)cc3c2cnn3C(C)C)c(=O)[nH]1,5.76,1
CHEMBL264926,COC(=O)[C@H](Cc1ccc(-c2ccsc2)cc1)NC(=O)CCCCCCCC(=O)NO,5.75,1
CHEMBL494527,NS(=O)(=O)NCCCC[C@H](NC(=O)OCc1ccccc1)c1nnc(-c2ccccc2)o1,5.75,1
CHEMBL3356934,O=C(CCCCCCS)NCc1cccc(OCc2ccccc2)c1,5.75,1
CHEMBL3415449,CNc1ccc(C(=O)NO)cc1,5.75,1
CHEMBL3759106,O=C(CS)NCCNC(=O)c1cc(-c2ccc(F)cc2)[nH]n1,5.75,1
CHEMBL3904785,CCOc1ccc(Cc2ccc(/C=C/C(=O)NO)cc2)cc1-c1nc2c(CC)nn(C)c2c(=O)[nH]1,5.75,1
CHEMBL3692691,O=C(NCCNc1ccccc1)c1ccc(-c2noc(C(F)(F)F)n2)cc1,5.75,1
CHEMBL3897044,Cc1cnc(-c2nc(C(=O)NCCCCC(=O)NO)c(C3CC3)s2)s1,5.75,1
CHEMBL3960364,O=C(CCCCNC(=O)c1nc(-c2nc3c(s2)CCCCCC3)sc1C1CC1)NO,5.75,1
CHEMBL4074830,O=C(CCCNC(=O)C[C@@H]1N=C(c2ccccc2)c2ccccc2NC1=O)NO,5.75,1
CHEMBL4162010,CCCCN(C(=O)Nc1cccc(N(C)C)c1)c1ccc(C(=O)NO)cc1,5.75,1
CHEMBL4218377,O=C(NO)c1cccc(S(=O)(=O)NCCc2ccccc2)c1,5.75,1
CHEMBL4238322,CC/C(=C(\c1ccc(O)cc1)c1ccc(OCCN(C)C)cc1)c1ccc(OCCCCC(=O)NO)cc1,5.75,1
CHEMBL4280047,CN1CCC2(CC1)CN(Cc1ccc(C(=O)NO)s1)c1ccccc12,5.75,1
CHEMBL4466529,N#Cc1ccc2c(c1)SC(=S)N1CCCN=C21,5.75,1
CHEMBL4856047,CC(c1ccc(C(=O)NO)cc1)N1CCCc2cc(Cl)ccc21,5.75,2
CHEMBL5219241,CCC(=O)CCCCC[C@H](NC(=O)[C@H]1CC12CCN(C)CC2)c1ncc(-c2cnc3ncccc3c2)[nH]1,5.75,1
CHEMBL5985014,FC(F)(F)c1nc(-c2ccc(NCc3cccnc3)nc2)no1,5.75,1
CHEMBL5832055,FC(F)(F)c1nc(-c2cnc(NCc3ccncc3)c(Cl)c2)no1,5.75,1
CHEMBL3976623,O=C(CCCCNC(=O)c1nc(-c2nc3c(s2)CCCCC3)sc1C1CC1)NO,5.74,1
CHEMBL4205609,COc1cccc(C(=O)c2ccc3c(ccn3S(=O)(=O)c3cccc(/C=C/C(=O)NO)c3)c2)c1,5.74,1
CHEMBL4574424,CC(C)[C@@H]1NC(=O)[C@]2(C)CSC(=N2)c2csc(n2)CNC(=O)C[C@H](/C(F)=C/CCS)OC1=O,5.74,1
CHEMBL35482,COc1cccc(-c2cc(=O)c3ccccc3o2)c1N,5.74,1
CHEMBL5598054,N#CC1(CNc2cccc(-c3cc(Nc4cnn(Cc5ccc(C(=O)NO)cc5)c4)ncc3Cl)n2)CCOCC1,5.74,1
CHEMBL3902539,O=C(CCCCNC(=O)c1nc(-c2nc3c(s2)CCCC3)sc1C1CC1)NO,5.73,1
CHEMBL4588104,O=C(/C=C/c1ccc(C(=O)NC(Cc2c[nH]c3ccccc23)C(=O)Nc2ccc3ccccc3c2)cc1)NO,5.73,1
CHEMBL1200868,Nc1ccc(C(=O)Oc2ccccc2)c(O)c1,5.73,1
CHEMBL4877598,C#CCN1C(=O)/C(=C2\Nc3ccccc3\C2=N/OCCCC(=O)NO)c2ccccc21,5.73,1
CHEMBL5206232,COc1cc(C(=O)c2csc(-c3ccc(NC(=O)CCC(=O)NO)cc3)n2)cc(OC)c1OC,5.73,1
CHEMBL5174084,Cc1cc(C)c(CNC(=O)c2cc(-c3ccc(N4CCN(C(=O)OC(C)(C)C)CC4)nc3)cc(NC(=O)CCCCC(=O)NO)c2C)c(=O)[nH]1,5.73,1
CHEMBL570806,O=C(c1cc(-c2ccccc2)cs1)C(F)(F)F,5.72,1
CHEMBL1214762,CC[C@H]1OC(=O)[C@H](C)C(=O)[C@H](C)[C@@H](O[C@@H]2O[C@H](C)C[C@H](N(C)Cc3ccc(-c4cn(CCCCCCCCC(=O)NO)nn4)cc3)[C@H]2O)[C@](C)(OC)C[C@@H](C)C2=NCCN3C(=O)O[C@@]1(C)[C@H]3[C@H]2C,5.72,1
CHEMBL2425953,Cc1nc2cccc(/C=C/C(=O)NO)c2c(=O)n1-c1ccccc1,5.72,1
CHEMBL3110015,O=C(NO)[C@@H]1[C@H](c2ccccc2)[C@H]1c1ccc(-c2ncc(F)cn2)cc1,5.72,2
CHEMBL3218564,CCCC[C@H]1NC(=O)C[C@H]2/C=C/CCSSC[C@@H](NC1=O)C(=O)N[C@H](CC(C)C)[C@@H](O)CC(=O)O2,5.72,1
CHEMBL3770917,O=C(NO)c1csc(-c2ccccc2)n1,5.72,1
CHEMBL3982925,CCCc1nn(C)c2c(=O)[nH]c(-c3cc(N4CCC5(CCN(c6ncc(C(=O)NO)cn6)CC5)C4)ccc3OCC)nc12,5.72,1
CHEMBL3962031,CCOc1ccc(CC2CC2C(=O)NO)cc1-c1nc2c(CC)nn(C)c2c(=O)[nH]1,5.72,1
CHEMBL4080570,O=C(CCCCN1C(=O)CN=C(c2ccccc2)c2ccccc21)NO,5.72,1
CHEMBL44,O=c1c(-c2ccc(O)cc2)coc2cc(O)cc(O)c12,5.72,1
CHEMBL1192114,O=c1c2ccccc2nc2n1CCCCC2,5.72,1
CHEMBL5169646,Cc1cc(C)c(CNC(=O)c2cc(-c3ccc(N4CCN(CCCCCC(=O)NO)CC4)nc3)cc3c2cnn3C(C)C)c(=O)[nH]1,5.72,1
CHEMBL5200979,CCN(c1cc(-c2ccc(N3CCN(CCCCCCCCC(=O)NO)CC3)nc2)cc(C(=O)NCc2c(C)cc(C)[nH]c2=O)c1C)C1CCOCC1,5.72,1
CHEMBL5435751,O=C(CCCNc1cc(-c2cccnc2)cc(N2CCN(c3ccc(F)cc3)CC2)c1)NO,5.72,1
CHEMBL5632233,Nc1nc(Cl)c2ccn(Cc3ccc(-c4noc(C(F)(F)F)n4)cc3F)c2n1,5.72,1
CHEMBL6061762,FC(F)(F)c1nc(-c2cnc(NCc3ccccn3)c(Cl)c2)no1,5.72,1
CHEMBL6050058,C[C@H](Nc1cnc(-c2noc(C(F)(F)F)n2)nc1)c1ccccc1,5.72,1
CHEMBL2413293,O=C(/C=C/c1ccc(CN(CCOc2ccccc2)Cc2ccccc2)o1)NO,5.71,1
CHEMBL3937174,CCC(CC)(c1ccc(OCCCCC(=O)NO)cc1)c1ccc(OCCC(C)(C)C)c(C)c1,5.71,1
CHEMBL4063279,O=C(CCCCN1C(=O)[C@H](Cc2cc3ccccc3[nH]2)N=C(c2ccccc2)c2ccccc21)NO,5.71,1
CHEMBL4290555,O=C(NO)c1ccc(-n2[se]c3ccccc3c2=O)cc1,5.71,1
CHEMBL406375,c1ccc(-c2n[nH]c3c2oc2ccccc23)cc1,5.71,1
CHEMBL1015,Cc1cc(-c2ccc(/N=N/c3ccc4c(S(=O)(=O)O)cc(S(=O)(=O)O)c(N)c4c3O)c(C)c2)ccc1/N=N/c1ccc2c(S(=O)(=O)O)cc(S(=O)(=O)O)c(N)c2c1O,5.71,1
CHEMBL257167,NC(=O)Nc1sc(-c2ccc(F)cc2)cc1C(N)=O,5.71,1
CHEMBL5192330,COc1cc(C(=O)c2csc(-c3ccc(NC(=O)CCCCCC(=O)NO)cc3)n2)cc(OC)c1OC,5.71,1
CHEMBL5197618,Cc1cc(C)c(CNC(=O)c2cc(-c3ccc(N4CCN(C(=O)OC(C)(C)C)CC4)nc3)cc(NCCCCCCCC(=O)NO)c2C)c(=O)[nH]1,5.71,1
CHEMBL5938862,Fc1cccc(F)c1C1(Nc2ncc(-c3nnc(C(F)F)o3)s2)CC1,5.71,1
CHEMBL427135,O=C(CS)NCCCCCCNC(=O)Nc1ccccc1,5.7,1
CHEMBL493749,Cn1nc([C@H](CCCCNS(N)(=O)=O)NC(=O)OCc2ccccc2)nc1-c1ccccc1,5.7,1
CHEMBL494990,O=C(NCC1CCCCC1)c1cc(C(=O)C(F)(F)F)cs1,5.7,1
CHEMBL1096985,O=C(CCCCC[C@@H]1NC(=O)[C@H]2CCCN2C(=O)[C@H](Cc2ccccc2)NC(=O)[C@H](Cc2c[nH]c3ccccc23)NC1=O)NO,5.7,1
CHEMBL1672332,CCCC(=O)NO,5.7,1
CHEMBL2047539,COc1ccc(C/C(=N\O)C(=O)NCCSSCCNC(=O)/C(Cc2ccc(OC)c(Br)c2)=N/O)cc1Br,5.7,1
CHEMBL3692644,O=S(=O)(Nc1ccc(Cl)cc1)c1ccc(-c2noc(C(F)(F)F)n2)cc1,5.7,1
CHEMBL4091540,O=C(CCCCN1C(=O)[C@H](Cc2ccccc2)N=C(c2ccccc2)c2ccccc21)NO,5.7,1
CHEMBL4473037,CC1(C)CCN(CCCCc2cc(C(=O)NO)no2)c2ccc(Cl)cc21,5.7,1
CHEMBL4589770,O=C(NO)c1cc(CCCCc2ccc(Cl)c(Cl)c2)on1,5.7,1
CHEMBL4468860,CC(C)(C)c1cc2ccccc2n1Cc1ccc(C(=O)NO)cc1,5.7,1
CHEMBL4856631,CCC(=O)CCCCC[C@H](NC(=O)[C@H]1CC12CCN(C)CC2)c1ncc(-c2ccc3c(=O)n(C)ccc3c2)[nH]1,5.7,2
CHEMBL5203312,COc1cc(C(=O)c2csc(-c3ccc(OCc4ccc(C(=O)NO)cc4)cc3)n2)cc(OC)c1OC,5.7,1
CHEMBL5183275,Cc1cc(C)c(CNC(=O)c2cc(-c3ccc(N4CCN(C(=O)OC(C)(C)C)CC4)nc3)cc(NCCCCCCC(=O)NO)c2C)c(=O)[nH]1,5.7,1
CHEMBL5199279,COc1ccc(N(C)c2nc(C)nc3ccccc23)cc1/C=C/C(=O)NO,5.7,1
CHEMBL5209506,Cc1c(COc2ccc(CN(C)CCCC(=O)NO)c(F)c2)cccc1-c1ccccc1,5.7,1
CHEMBL5283611,Cc1noc(-c2ccccc2)c1C#CCCCCCNC(=O)C(C)S,5.7,1
CHEMBL5438582,CN(Cc1ccccc1)c1cc(NCCCCC(=O)NO)nc(-c2ccccn2)n1,5.7,1
CHEMBL5983489,FC(F)(F)c1nc(-c2cnc(NCc3cccnc3)c(Cl)c2)no1,5.7,1
CHEMBL6167986,O=C(Cc1ccc(/C=C/C(=O)c2ncc[nH]2)cc1)Nc1ccc(F)cc1,5.7,1
CHEMBL481311,CCSC(=S)SCC(=O)c1cccc(S(=O)(=O)N(C)c2ccc(OC)cc2)c1,5.69,1
CHEMBL4299364,CC[C@@H]1OC(=O)[C@H](C)[C@@H](O[C@H]2C[C@@](C)(OC)[C@](O)(CN(C)Cc3ccc(-c4cn(CCC(=O)NO)nn4)cc3)[C@H](C)O2)[C@@H](C)[C@@H](O[C@@H]2O[C@H](C)C[C@H](N(C)C)[C@H]2O)[C@](C)(O)C[C@@H](C)CN(C)[C@H](C)[C@@H](O)[C@]1(C)O,5.69,1
CHEMBL3926959,CC1(C)C(=O)N(c2ccc(C#N)c(C(F)(F)F)c2)C(=S)N1c1ccc(Cn2ccc3cc(/C=C/C(=O)NO)ccc32)c(F)c1,5.69,1
CHEMBL3943359,Cc1nc(-c2nc(C(=O)NCCCCC(=O)NO)c(CC(C)C)s2)cs1,5.69,1
CHEMBL4082254,C[C@@H](OCc1ccccc1)[C@@H]1N=C(c2ccccc2)c2ccccc2N(CCCCC(=O)NO)C1=O,5.69,1
CHEMBL192509,CCN(CC)c1ccc(/C=N/NC(=O)c2ccc(O)cc2)cc1,5.69,1
CHEMBL5563683,CN(Cc1ccccc1)C(=O)c1ccc(-c2noc(C(F)(F)F)n2)cc1,5.69,1
CHEMBL1801250,O=C(NO)c1cnc(N2C[C@@H]3[C@H](C2)[C@H]3NCc2ccc3cc(F)ccc3n2)nc1,5.68,1
CHEMBL3759625,O=C(CS)NCCCCNC(=O)c1cc(-c2ccc(F)cc2)[nH]n1,5.68,1
CHEMBL3692583,O=C(Nc1ccncc1)c1ccc(-c2noc(C(F)(F)F)n2)cc1,5.68,1
CHEMBL4647720,O=C(CCCCC(=O)NCCCN1c2ccccc2CCc2ccc(Cl)cc21)NO,5.68,1
CHEMBL2316582,Cc1ccc(C(=O)Nc2ccc(CN3CCN(C)CC3)c(C(F)(F)F)c2)cc1C#Cc1cnc2[nH]ncc2c1,5.68,1
CHEMBL5079482,COc1cc(-c2ncc(/C=C/C(=O)NO)s2)cc(OC)c1OC,5.68,1
CHEMBL5208258,COc1cc(C(=O)c2csc(-c3ccc(O/C=C/c4ccc(CC(=O)NO)cc4)cc3)n2)cc(OC)c1OC,5.68,1
CHEMBL6046479,CN(Cc1ccnc(Cl)c1)c1ncc(-c2noc(C(F)(F)F)n2)cn1,5.68,1
CHEMBL443241,COCCSC(=S)SCC(=O)c1ccc(OC)cc1,5.67,1
CHEMBL3955306,CCOc1ccc(CCC(=O)NO)cc1-c1nc2c(CC)nn(C)c2c(=O)[nH]1,5.67,1
CHEMBL4237454,CC(C)c1cc(C(=O)N2CCc3cc(NC(=O)CCCCCC(=O)NO)ccc32)c(O)cc1O,5.67,1
CHEMBL128000,O=C(/C=C/c1ccc(O)c(O)c1)c1ccc(O)cc1O,5.67,1
CHEMBL363535,Cc1coc2c1C(=O)C(=O)c1c-2ccc2c(C)cccc12,5.67,1
CHEMBL2337864,Oc1cccn(Cc2ccc(-c3ccncc3)cc2)c1=S,5.66,3
CHEMBL4299446,CC[C@H]1OC(=O)[C@@H](C)[C@H](O[C@H]2C[C@@](C)(OC)[C@@H](O)[C@H](C)O2)[C@H](C)[C@H](O[C@H]2O[C@@H](C)C[C@@H](N(C)Cc3ccc(-c4cn(CCC(=O)NO)nn4)cc3)[C@@H]2O)[C@@](C)(O)C[C@H](C)CN(C)[C@@H](C)[C@H](O)[C@@]1(C)O,5.66,1
CHEMBL3770606,O=C(NO)c1coc(-c2ccccc2Br)n1,5.66,1
CHEMBL3692596,CC(C)(C)OC(=O)NC1CCCCC1NC(=O)c1ccc(-c2noc(C(F)(F)F)n2)cc1,5.66,1
CHEMBL4571886,CC[C@H](Nc1ncnc2[nH]cnc12)c1nc(CCCCC(=O)NO)c2ccccc2n1,5.66,1
CHEMBL1584,CC(=O)c1ccc2c(c1)N(CCCN1CCC(CCO)CC1)c1ccccc1S2,5.66,1
CHEMBL113537,O=C(CCCCCCC(=O)C(F)(F)F)Nc1ccccc1,5.66,1
CHEMBL5631797,Nc1nc(Cl)c2ccn(Cc3ccc(-c4noc(C(F)(F)F)n4)cc3)c2n1,5.66,1
CHEMBL6174169,CCNNC(=O)c1c(F)cc(CN2c3ccccc3C=Cc3ccncc32)cc1F,5.66,1
CHEMBL1808674,O=C(/C=C/C=C/CCCCc1ccc2c(c1)OCO2)NO,5.65,1
CHEMBL3415450,O=C(NO)c1ccc(NC2CC(=O)N(c3ccccc3)C2)cc1,5.65,1
CHEMBL4526836,Cc1cc(-c2nnc(Sc3ccc(C(=O)NO)c(F)c3)n2C)nn1C,5.65,1
CHEMBL4303487,O=C(Nc1ccccc1C(=O)Nc1ccc(CCO)cc1)c1ccc([N+](=O)[O-])cc1,5.65,1
CHEMBL570490,CC(C)C[C@H]1CC(=O)N[C@@H](C)C(=O)N[C@@H](CCCCCC(=O)O)C(=O)N[C@@H](Cc2c[nH]c3ccccc23)C(=O)N1,5.64,2
CHEMBL2047703,CN(C)c1ccc(C/C(=N\O)C(=O)NCCS)cc1,5.64,1
CHEMBL3287267,C=Cc1sc(-c2nccs2)nc1C(=O)NCCCCC(=O)NO,5.64,3
CHEMBL3797442,COc1ccc(C(=O)NO)cc1NC(=O)c1ccc(Cl)cc1Cl,5.64,1
CHEMBL3692598,CC(C)(C)OC(=O)N1CCCC(NC(=O)c2ccc(-c3noc(C(F)(F)F)n3)cc2)C1,5.64,1
CHEMBL3692689,C[C@H](CN(C)Cc1ccccc1)NC(=O)c1ccc(-c2noc(C(F)(F)F)n2)cc1,5.64,1
CHEMBL1908397,O=C(c1ccc(/C=C/c2n[nH]c3ccccc23)cc1)N1CCNCC1,5.64,1
CHEMBL31574,O=c1c(O)c(-c2ccc(O)c(O)c2)oc2cc(O)ccc12,5.64,1
CHEMBL5430119,O=C(CCCCNc1cc(N2CCCCCC2)nc(-c2ccccn2)n1)NO,5.64,1
CHEMBL261587,COC(=O)[C@H](Cc1ccc(-c2ccco2)cc1)NC(=O)CCCCCCCC(=O)NO,5.63,1
CHEMBL261272,COC(=O)[C@H](Cc1ccc(-c2ccccc2)cc1)NC(=O)CCCCCCCC(=O)NO,5.63,1
CHEMBL567220,N=C(N)NCCC[C@@H]1NC(=O)C[C@H](CO)NC(=O)[C@H](Cc2cccc3ccccc23)NC(=O)[C@H](CCCCCC(=O)O)NC1=O,5.63,1
CHEMBL3898716,CCCc1nn(C)c2c(=O)[nH]c(-c3cc(S(=O)(=O)N4CCN(CCC(=O)NO)CC4)ccc3OCC)nc12,5.63,1
CHEMBL3945565,CCOc1ccc(OC2CCC(C(=O)NO)CC2)cc1-c1nc2c(CC)nn(C)c2c(=O)[nH]1,5.63,1
CHEMBL3932796,CCOc1ccc(Cc2ccc(CCC(=O)NO)cc2)cc1-c1nc2c(CC)nn(C)c2c(=O)[nH]1,5.63,1
CHEMBL4072356,CC(C)(C)OC(=O)CC[C@@H]1N=C(c2ccccc2)c2ccccc2N(CCCCC(=O)NO)C1=O,5.63,1
CHEMBL4079790,CC(C)C[C@@H]1N=C(c2ccccc2)c2ccccc2N(CCCCC(=O)NO)C1=O,5.63,1
CHEMBL1987518,O=S(=O)(O)c1ccc2[nH]c(-c3ccccc3)nc2c1,5.63,1
CHEMBL5418114,COc1cc(C(=O)NO)ccc1CN1CCCc2cccnc21,5.63,1
CHEMBL5561286,N#CC(C#N)=C1C=C(/C=C/c2ccc(O)c(NC(=O)CCCCCCC(=O)NO)c2)Oc2ccc(O)cc21,5.63,1
CHEMBL2178342,O=C(NO)c1cccc(-c2cn(CSc3ccccc3)nn2)c1,5.62,1
CHEMBL2204664,CC(C)(C)C(CCCCC(=O)NO)CC(=O)Nc1ccccc1,5.62,1
CHEMBL2337865,CN(C)c1ccc(-c2ccc(Cn3cccc(O)c3=S)cc2)cn1,5.62,3
CHEMBL3800182,COc1ccc(C(=O)NO)cc1S(=O)(=O)Nc1ccc(C)cc1,5.62,1
CHEMBL3692656,CC(CNC(=O)c1ccc(-c2noc(C(F)(F)F)n2)cc1F)N(C)C,5.62,1
CHEMBL3692679,CCCN(CC)C[C@@H](C)NC(=O)c1ccc(-c2noc(C(F)(F)F)n2)cc1F,5.62,1
CHEMBL3692685,CCN(C[C@@H](C)NC(=O)c1ccc(-c2noc(C(F)(F)F)n2)cc1F)C(C)C,5.62,1
CHEMBL7064,O=C1c2ccccc2-c2n[nH]c3cccc1c23,5.62,1
CHEMBL4303715,O=C(CC1CC(c2ccc(F)cc2F)=NO1)N1CCOCC1,5.62,1
CHEMBL4849600,O=C(NO)c1ccc(Cl)c(NC(=O)c2ccc(-c3ccccc3)cc2Cl)c1,5.62,1
CHEMBL5201275,Cn1cc(CN2CCC(/C=C/C(=O)NO)CC2)c2ccccc21,5.62,1
CHEMBL5178565,COc1ccc(CNC(=O)c2cc(F)ccc2N2CCOCC2)cc1OCC(=O)NO,5.62,1
CHEMBL5407261,COc1ccc([C@H]2[C@H](COC(=O)CCC(=O)NO)C(=O)N2c2cc(OC)c(OC)c(OC)c2)cc1O,5.62,1
CHEMBL455395,O=C(c1ccc(-c2nc(-c3cccc(C(F)(F)F)c3)no2)s1)C(F)(F)F,5.61,1
CHEMBL5592114,O=C(CS)Nc1ccc(CNC(=O)N2CCc3c(c4ccccc4n3Cc3ccccc3)C2)cc1,5.61,1
CHEMBL248486,O=C(NCC1CCCCC1)c1ccc(C(=O)C(F)(F)F)cc1,5.6,1
CHEMBL502752,CN(Cc1ccccc1)S(=O)(=O)c1csc(C(=O)C(F)(F)F)c1,5.6,1
CHEMBL2381521,CNC(=O)c1cccc(C(=O)NO)c1,5.6,1
CHEMBL3764442,CN(/N=C/c1cccc(C(=O)NO)c1)C(=O)c1ccc(N(C)C)cc1,5.6,1
CHEMBL3798870,COc1ccc(C(=O)NO)cc1NC(=O)c1ccccc1,5.6,1
CHEMBL3692624,Cc1cc(NC(=O)c2ccc(-c3noc(C(F)(F)F)n3)cc2F)cc(C)n1,5.6,1
CHEMBL4454977,Cc1cc(-c2nnc(Sc3c(F)c(F)c(C(=O)NO)c(F)c3F)n2C)nn1C,5.6,1
CHEMBL3426805,Cn1c(/C=C/C(=O)NO)ccc1/C=C/C(=O)c1cccc(F)c1,5.6,2
CHEMBL331237,CN1N=C(N)c2cn([C@@H]3O[C@H](CO)[C@@H](O)[C@H]3O)c3ncnc1c23,5.6,1
CHEMBL4871846,CC1(C)CCc2cc(Cl)ccc2N1Cc1ccc(C(=O)NO)cc1,5.6,2
CHEMBL5927531,COC(=O)N(Cc1ncc(-c2nnc(C(F)F)o2)s1)c1cccnc1,5.6,1
CHEMBL5998905,O=C1COc2cnccc2N1Cc1ncc(-c2nnc(C(F)F)o2)s1,5.6,1
CHEMBL3770119,O=C(NO)c1csc(Cc2ccccc2)n1,5.59,1
CHEMBL4289507,N[C@H]1C[C@@H]1c1ccc(-c2cccc(O)c2)cc1,5.59,1
CHEMBL5189769,COc1cc(C(=O)c2csc(-c3ccc(NC(=O)CCCCC(=O)NO)cc3)n2)cc(OC)c1OC,5.59,1
CHEMBL5174790,CCN(c1cc(-c2ccc(N3CCN(c4ncc(C(=O)NO)cn4)CC3)nc2)cc(C(=O)NCc2c(C)cc(C)[nH]c2=O)c1C)C1CCOCC1,5.59,1
CHEMBL5837331,CCS(=O)(=O)N(Cc1ccccn1)Cc1ncc(-c2nnc(C(F)F)o2)s1,5.59,1
CHEMBL3675751,O=C(CCCCn1c2ccccc2c2ccccc21)NO,5.58,2
CHEMBL3800057,CC(C)Oc1ccc(C(=O)NO)cc1NC(=O)c1ccccc1,5.58,1
CHEMBL3964125,O=C(O)CCCCCCC(=O)Nc1ccc(NCCOc2ccc3cc2COC/C=C/COCc2cccc(c2)-c2ccnc(n2)N3)cc1,5.58,1
CHEMBL3692684,CCCCN(C)C[C@@H](C)NC(=O)c1ccc(-c2noc(C(F)(F)F)n2)cc1F,5.58,1
CHEMBL3924138,CCC(CC)(c1ccc(OCCCCCC(=O)NO)c(C)c1)c1ccc(OCC(O)C(C)(C)C)c(C)c1,5.58,1
CHEMBL4063967,N=C(N)NCCC[C@@H]1N=C(c2ccccc2)c2ccccc2N(CCCCC(=O)NO)C1=O,5.58,1
CHEMBL4099599,CCC(=O)CCCCC[C@@H]1NC(=O)C2CCCCN2C(=O)[C@H](C(C)CC)NC(=O)[C@H](Cc2cn(OC)c3ccccc23)NC1=O,5.58,1
CHEMBL4218674,O=C(NO)c1cccc(S(=O)(=O)NCc2ccccc2)c1,5.58,1
CHEMBL4638794,O=C(NO)c1ccc(CNCCCN2c3ccccc3CCc3ccc(Cl)cc32)cc1,5.58,1
CHEMBL4878864,CCCCCCC(=O)N(O)C1CC(=O)C(c2ccc(Cl)cc2)C1=O,5.58,1
CHEMBL5271952,Cc1noc(-c2cccc(F)c2)c1C#CCCCCCNC(=O)C(C)S,5.58,1
CHEMBL5875708,N#Cc1ccc(C(=O)Nc2cnc(-c3noc(C(F)(F)F)n3)cn2)cc1,5.58,1
CHEMBL2012812,CC(C)C[C@H]1CC(=O)N[C@@H](C)C(=O)N[C@@H](CCCCCC(N)=O)C(=O)N[C@@H](Cc2c[nH]c3ccccc23)C(=O)N1,5.57,1
CHEMBL2046618,O=C(NCCCCN1CCc2nc(C(=O)NO)sc2C1)c1ccc(-c2ccccc2)s1,5.57,1
CHEMBL2047670,CO/N=C(\Cc1ccc(OC)c(Br)c1)C(=O)NCCS,5.57,1
CHEMBL2047698,COc1ccc(C/C(=N\O)C(=O)NCCS)cc1OC,5.57,1
CHEMBL2408689,CN1C(=O)[C@H](O)N=C(c2ccccc2)c2cc(C#CCCCC(=O)NO)ccc21,5.57,1
CHEMBL3356936,Cc1cccc(CCNC(=O)CCCCCCS)c1,5.57,1
CHEMBL4442134,O=C(NO)c1ccc(N2c3ccccc3Sc3ccccc32)cc1,5.57,1
CHEMBL4586038,CC[C@H](Nc1ncnc2[nH]cnc12)c1nc2cccc(NCc3ccc(C(=O)NO)c(C)c3)c2c(=O)n1-c1ccccc1,5.57,1
CHEMBL5283275,Cc1onc(-c2ccccc2)c1C=CCCCCCNC(=O)CS,5.57,1
CHEMBL3426900,COc1cc(C(=O)NO)ccc1Oc1no[n+]([O-])c1S(=O)(=O)c1ccccc1,5.57,1
CHEMBL3771009,O=C(NO)c1noc(-c2ccc(Br)cc2)n1,5.56,1
CHEMBL4207182,Cc1ccc(C(=O)c2ccc3c(ccn3S(=O)(=O)c3cccc(/C=C/C(=O)NO)c3)c2)cc1,5.56,1
CHEMBL141082,O=CN(O)CCCCCC(=O)Nc1ccccc1,5.55,1
CHEMBL83747,O=C(NCCSSCCNC(=O)/C(Cc1ccc(O)c(Br)c1)=N/O)/C(Cc1ccc(O)c(Br)c1)=N/O,5.55,3
CHEMBL3235463,O=C(/C=C/c1ccc(-c2ccc(O)c(C34CC5CC(CC(C5)C3)C4)c2)cc1)NO,5.55,1
CHEMBL3920872,O=C(O)CCCCCCOc1ccc2cc1COC/C=C/COCc1cccc(c1)-c1ccnc(n1)N2,5.55,1
CHEMBL4078721,CC(C)[C@@H]1NC(=O)[C@]2(C)CSC(=N2)c2csc(n2)CNC(=O)C[C@@H](/C=C/CCSCCS)OC1=O,5.55,1
CHEMBL4129070,O=C(NO)c1cccc2c1CCN(c1nc3ccccc3[nH]1)CC2,5.55,1
CHEMBL4226814,CCNC(=O)c1cc2c(-c3cc(OCCCCCCn4cc(-c5nc(Nc6ccc(NC(=O)CCCCCCC(=O)NO)cc6)nc6[nH]ccc56)cn4)c(Cl)cc3Cl)nc(N)nc2s1,5.55,1
CHEMBL1256759,O=C(O)c1cc([N+](=O)[O-])ccc1NCCCc1ccccc1,5.55,1
CHEMBL4303349,Oc1cccc(Nc2ccc(Nc3cccc(O)c3)nn2)c1,5.55,1
CHEMBL5205080,CC[C@@H](C)n1cc(C)c2c(C(=O)NCc3c(C)cc(C)[nH]c3=O)cc(-c3ccc(N4CCN(CCCCCCCCC(=O)NO)CC4)nc3)cc21,5.55,1
CHEMBL263884,COC(=O)[C@H](Cc1ccc(-c2ccc3ccccc3c2)cc1)NC(=O)CCCCCCCC(=O)NO,5.54,1
CHEMBL1836142,CC[C@H](C)[C@H]1NC(=O)[C@H]2CSSCC/C=C/[C@H](CC(=O)N[C@H](CCSC)C(=O)N2)OC(=O)C[C@@H]1O,5.54,2
CHEMBL2047689,O=C(NCCS)/C(Cc1ccc(F)cc1)=N/O,5.54,1
CHEMBL3593415,CC(C)[C@@H]1NC(=O)[C@]2(C)CSC(=N2)c2ccnc(c2)CNC(=O)C[C@@H](/C=C/CCS)NC1=O,5.54,1
CHEMBL3670675,Nc1ccccc1NC(=O)c1ccc(CNC(=O)c2[nH]c(-c3ccc(O)cc3)cc2-c2ccoc2)cc1,5.54,2
CHEMBL3758985,Cn1nc(-c2ccc(F)cc2)cc1C(=O)NCCCCCCS,5.54,1
CHEMBL3797516,COc1ccc(C(=O)NO)cc1OCc1ccccc1,5.54,2
CHEMBL3952364,O=C(NO)c1cccc(NCCOc2ccc3cc2COC/C=C/COCc2cccc(c2)-c2ccnc(n2)N3)c1,5.54,1
CHEMBL4070647,CC(C)(C)Oc1ccc(C[C@@H]2N=C(c3ccccc3)c3ccccc3N(CCCCC(=O)NO)C2=O)cc1,5.54,1
CHEMBL4574697,O=C(/C=C/c1ccc(C(=O)NC(Cc2c[nH]c3ccccc23)C(=O)Nc2ccc(Cl)cc2)cc1)NO,5.54,1
CHEMBL4855461,COc1cc2nc(-c3ccc(C)o3)cc(N[C@H]3CC[C@@H](C(=O)NO)CC3)c2cc1OC,5.54,1
CHEMBL5219006,CCC(=O)CCCCC[C@H](NC(=O)[C@H]1CC12CCN(C)CC2)c1ncc(-c2ccc3nc(CC)ccc3c2)[nH]1,5.54,1
CHEMBL4069031,C[C@@H]1N=C(c2ccccc2)c2ccccc2N(CCCCC(=O)NO)C1=O,5.53,1
CHEMBL4859998,CCC(=O)CCCCC[C@H](NC(=O)[C@H]1CC12CCN(CC)CC2)c1ncc(-c2ccc3c(=O)n(CC)ccc3c2)[nH]1,5.53,1
CHEMBL5894681,O=C(NO)c1csc(CCCN2CCC(CNC3CC3c3ccc(-c4ccc(F)cc4)cc3)CC2)n1,5.53,1
CHEMBL461141,O=C(c1ccc(-c2nc(-c3ccc(Cl)cc3Cl)no2)s1)C(F)(F)F,5.52,1
CHEMBL1163778,C[C@H](CCCCC(=O)NO)[C@H]1CC[C@H]2/C(=C/C=C3C[C@@H](O)C[C@H](O)C3)CCC[C@]12C,5.52,1
CHEMBL3797314,O=C(NO)c1cccc(NC(=O)c2ccccc2)c1,5.52,1
CHEMBL3692663,C[C@H](CN1CCCCC1)NC(=O)c1ccc(-c2noc(C(F)(F)F)n2)cc1F,5.52,1
CHEMBL3692686,CN1CC[C@@H](NC(=O)c2ccc(-c3noc(C(F)(F)F)n3)cc2)C1,5.52,1
CHEMBL4592929,O=C(/C=C/c1ccc(C(=O)NC(Cc2c[nH]c3ccccc23)C(=O)Nc2cccc(Br)c2)cc1)NO,5.52,1
CHEMBL5201866,Cc1cc(C)c(CNC(=O)c2cc(-c3ccc(N4CCN(C(=O)OC(C)(C)C)CC4)nc3)cc(NC(=O)CCCC(=O)NO)c2C)c(=O)[nH]1,5.52,1
CHEMBL5796284,FC(F)(F)c1nc(-c2ccc(NCc3ccccc3)nc2)no1,5.52,1
CHEMBL137875,O=CN(O)CCCCCCCC(=O)Nc1cccc2ccccc12,5.51,1
CHEMBL574361,COc1cccc(-c2ccc(C(=O)C(F)(F)F)s2)c1,5.51,1
CHEMBL2012811,CC(C)C[C@H]1CC(=O)N[C@@H](C)C(=O)N[C@@H](CCCCCC(=O)C(F)(F)F)C(=O)N[C@@H](Cc2c[nH]c3ccccc23)C(=O)N1,5.51,2
CHEMBL2170177,COc1ccc(Cn2ccc3ccc(C(=O)NO)cc32)cc1,5.51,13
CHEMBL3793392,O=C(NO)[C@]1(F)[C@H](c2ccccc2)[C@H]1c1ccc(-c2ncc(F)cn2)cc1,5.51,1
CHEMBL3798937,COc1ccc(C(=O)NO)cc1NC(=O)c1ccccc1Cl,5.51,1
CHEMBL3688144,CC(C)NC(=O)Cc1ccc(-c2noc(C(F)(F)F)n2)cc1,5.51,1
CHEMBL3692650,O=S(=O)(NCCCO)c1ccc(-c2noc(C(F)(F)F)n2)cc1,5.51,1
CHEMBL3692683,CCCCN(C)C[C@@H](C)NC(=O)c1ccc(-c2noc(C(F)(F)F)n2)cc1,5.51,1
CHEMBL3952593,O=C(CCCCNC(=O)c1nc(-c2ncc([N+](=O)[O-])s2)sc1C1CC1)NO,5.51,1
CHEMBL4073372,CC(C)(C)OC(=O)NCCCC[C@@H]1N=C(c2ccccc2)c2ccccc2N(CCCCC(=O)NO)C1=O,5.51,1
CHEMBL4205788,CCCc1nn(C)c2c(=O)[nH]c(-c3cc(C4CCC(C(=O)NO)CC4)ccc3OCC)nc12,5.51,1
CHEMBL193093,NC(=O)c1sc(-c2ccsc2)cc1N,5.51,1
CHEMBL5195421,Cc1c(COc2ccc(CN(C)CCCC(=O)NO)c(OCc3cccc(C#N)c3)c2)cccc1-c1ccccc1,5.51,1
CHEMBL5219118,CCC(=O)CCCCC[C@H](NC(=O)[C@H]1CC12CCN(C)CC2)c1ncc(-c2ccc(-c3cccnc3)cc2)o1,5.51,1
CHEMBL5596769,O=C(NCC[Se][Se]CCNC(=O)/C(Cc1ccsc1)=N/O)/C(Cc1ccsc1)=N/O,5.51,1
CHEMBL2047541,COc1ccc(C/C(=N\O)C(=O)NCCS)cc1Br,5.5,1
CHEMBL2178344,O=C(NO)c1cccc(-c2cn(CCc3ccccc3)nn2)c1,5.5,1
CHEMBL2413294,Cc1ccc(OCCN(Cc2ccccc2)Cc2ccc(/C=C/C(=O)NO)o2)cc1,5.5,1
CHEMBL3693723,O=C(CCCCCCNC(=O)c1ccc(N(c2cccc(Cl)c2)c2cccc(Cl)c2)cc1)NO,5.5,4
CHEMBL3688141,CNC(=O)c1ccc(-c2noc(C(F)(F)F)n2)cc1,5.5,1
CHEMBL3688145,CCCCNC(=O)Cc1ccc(-c2noc(C(F)(F)F)n2)cc1,5.5,1
CHEMBL3688164,O=C(NCC1CC1)c1ccc(-c2noc(C(F)(F)F)n2)cc1,5.5,1
CHEMBL3692681,C[C@H](CN1CCOCC1)NC(=O)c1ccc(-c2noc(C(F)(F)F)n2)cc1F,5.5,1
CHEMBL3947397,CC(C)Cc1sc(-c2cscn2)nc1C(=O)NCCCCC(=O)NO,5.5,1
CHEMBL3936083,CCC(CC)(c1ccc(OCCCCC(=O)NO)cc1)c1ccc(OCC(O)C(C)(C)C)c(C)c1,5.5,1
CHEMBL4282877,COC(=O)CCCCCCOc1ccc(Nc2nccc(-c3ccc(NC(C)=O)cc3)n2)cc1,5.5,1
CHEMBL4449010,O=C(CCCCCNC(=S)Nc1ccc2c(c1)C(=O)NC2=O)NO,5.5,2
CHEMBL4872913,O=C(/C=C/c1ccccc1Sc1ccc(Cl)cc1)NO,5.5,1
CHEMBL4864941,CC12CC3CC(C)(C1)CC(NCc1ccc(C(=O)NO)cc1)(C3)C2,5.5,1
CHEMBL4874514,COc1cc2nc(-c3ccc(C)o3)cc(NCC3CCN(C4CC(C(=O)NO)C4)CC3)c2cc1OC,5.5,1
CHEMBL5848597,O=C(O)Cn1ccc(-c2nnc(C(F)F)o2)cc1=O,5.5,1
CHEMBL1214763,CC[C@H]1OC(=O)[C@H](C)C(=O)[C@H](C)[C@@H](O[C@@H]2O[C@H](C)C[C@H](N(C)Cc3ccc(-c4cn(CCCCCCCCCC(=O)NO)nn4)cc3)[C@H]2O)[C@](C)(OC)C[C@@H](C)C2=NCCN3C(=O)O[C@@]1(C)[C@H]3[C@H]2C,5.49,1
CHEMBL538364,COc1ccc(-c2ccc(/C=C/C=C/C(=O)NO)cc2)cc1,5.49,1
CHEMBL4563800,O=C(/C=C/c1ccc(C(=O)NC(Cc2c[nH]c3ccccc23)C(=O)Nc2ccc(I)cc2)cc1)NO,5.49,1
CHEMBL4542734,O=C(/C=C/c1ccc(C(=O)NC(Cc2c[nH]c3ccccc23)C(=O)Nc2ccc(Br)cc2)cc1)NO,5.49,1
CHEMBL519739,O=C(NCC1CCCCC1)c1ccc(C(=O)C(F)(F)F)cn1,5.48,1
CHEMBL1801238,O=C(NO)c1cnc(N2C[C@@H]3[C@H](C2)[C@H]3NCc2ccc(Cl)cc2)nc1,5.48,1
CHEMBL2047687,O=C(NCCS)/C(Cc1ccccc1)=N/O,5.48,1
CHEMBL3692582,O=C(NCc1ccccc1)c1ccc(-c2noc(C(F)(F)F)n2)cc1,5.48,1
CHEMBL3692676,CCCN(C)C[C@@H](C)NC(=O)c1ccc(-c2noc(C(F)(F)F)n2)cc1F,5.48,1
CHEMBL306946,O=C1c2ccccc2-n2c1nc1ccccc1c2=O,5.48,1
CHEMBL5188854,Cc1cc(C)c(CNC(=O)c2cc(-c3ccc(N4CCN(CCCCCCCCCC(=O)NO)CC4)nc3)cc3c2cnn3C(C)C)c(=O)[nH]1,5.48,1
CHEMBL4250582,C[Si](O)(O)CCCCCCC(=O)Nc1ccccc1,5.48,2
CHEMBL2046614,O=C(NCCCN1CCc2nc(C(=O)NO)sc2C1)c1ccc(-c2ccccc2)s1,5.47,1
CHEMBL496108,CN1C(=O)CN=C(c2ccccc2)c2cc(C#CCCCC(=O)NO)ccc21,5.47,1
CHEMBL3739529,CC(C)(C)OC(=O)ON(C(=O)CCCCCCC(=O)N(OC(=O)OC(C)(C)C)C(=O)OC(C)(C)C)C(=O)OC(C)(C)C,5.47,1
CHEMBL3692690,CNCCNC(=O)c1ccc(-c2noc(C(F)(F)F)n2)cc1,5.47,1
CHEMBL3939675,CCC(CC)(c1ccc(OCC(O)C(C)(C)C)c(C)c1)c1ccc(C(=O)NCCCCCC(=O)NO)c(C)c1,5.47,1
CHEMBL53904,OCCN1CCN(CC/C=C2/c3ccccc3Sc3ccc(Cl)cc32)CC1,5.47,1
CHEMBL5563192,COc1ccc(/C=C/C(=O)c2ccc(Br)c3c2OC(C)(C)C=C3)cc1NCC(=O)NO,5.47,1
CHEMBL486324,CCCCC(=O)CCCCC[C@H](NC(=O)C1CCN(C)CC1)c1ncc(-c2ccc3ccccc3c2)[nH]1,5.46,1
CHEMBL2385957,COc1cc2c(c(OC)c1OC)-c1ccc(OC)c(=O)cc1[C@@H](NC(=O)CCC(=O)NO)CC2,5.46,1
CHEMBL4204982,Cn1c(CCC(=O)O)nc2ccccc2c1=O,5.46,3
CHEMBL140979,CCc1ccc(OCc2ccccc2C(=O)Nc2ccc3nc(C)cc(N)c3c2)cc1,5.46,1
CHEMBL5265776,Cc1onc(-c2ccccc2)c1/C=C/CCCCCNC(=O)CS,5.46,1
CHEMBL5571161,O=C(CCNC(=O)[C@H]1CCCN(S(=O)(=O)c2ccc(NC(=O)Nc3ccc(OC(F)(F)F)cc3)c(F)c2)C1)NO,5.46,1
CHEMBL5913560,Cc1cc(CN(C)c2ncc(-c3noc(C(F)(F)F)n3)cn2)ccn1,5.46,1
CHEMBL5993102,CCS(=O)(=O)N(Cc1ccc(F)cn1)Cc1ncc(-c2nnc(C(F)F)o2)s1,5.46,1
CHEMBL6177849,COc1ccc(-c2ocnc2-c2cc(Br)c(OC)c(OC)c2)cc1OCCCCC(=O)NO,5.46,1
CHEMBL461142,CC(C)(C)c1ccc(-c2noc(-c3ccc(C(=O)C(F)(F)F)s3)n2)cc1,5.45,1
CHEMBL3622730,C/C=C1\NC(=O)c2csc(n2)CNC(=O)C[C@@H](/C=C/CCSC(=O)CCCCCCC)OC(=O)[C@H](C(C)C)NC1=O,5.45,2
CHEMBL4299475,CC[C@@H]1OC(=O)[C@@H](C)[C@H](O[C@H]2C[C@@](C)(OC)[C@](O)(CN(C)Cc3ccc(-c4cn(CCC(=O)NO)nn4)cc3)[C@H](C)O2)[C@H](C)[C@H](O[C@@H]2O[C@H](C)C[C@H](N(C)C)[C@H]2O)[C@@](C)(OC)C[C@H](C)C(=O)[C@@H](C)[C@@H](O)[C@@]1(C)O,5.45,1
CHEMBL3934705,O=C(CCCNC(=O)c1nc(-c2nccs2)sc1C1CC1)NO,5.45,1
CHEMBL4239495,CCc1c2c(nc3ccc(OC(=O)N4CCN(C(=O)CCCCCCCCCCC(=O)NO)CC4)cc13)-c1cc3c(c(=O)n1C2)COC(=O)[C@]3(O)CC,5.45,1
CHEMBL4645825,CCC(=O)CCCCC[C@H](NC(=O)[C@@H]1CC12CCOCC2)c1ncc(-c2cc3ccccc3nc2OC)[nH]1,5.45,1
CHEMBL4799871,O=C(NO)c1ccc(Nc2c3c(nc4ccccc24)CCCC3)cc1,5.45,1
CHEMBL5196140,Cc1cc(C)c(CNC(=O)c2cc(-c3ccc(N4CCN(CCCCC(=O)NO)CC4)nc3)cc3c2cnn3C(C)C)c(=O)[nH]1,5.45,1
CHEMBL5190542,Cc1c(COc2ccc(CNCCC(=O)NO)c(F)c2)cccc1-c1ccccc1,5.45,2
CHEMBL1836145,CCCC[C@H]1NC(=O)C[C@H]2/C=C/CCSSC[C@@H](NC1=O)C(=O)N[C@H]([C@@H](C)CC)[C@@H](O)CC(=O)O2,5.44,2
CHEMBL3110285,Oc1cccn(CCCn2cc(-c3ccccc3)nn2)c1=S,5.44,3
CHEMBL3800287,CC1Sc2ccc(C(=O)NO)cc2NC1=O,5.44,2
CHEMBL4593948,O=C(NO)[C@H](Cc1ccccc1)n1nnc(-c2ccccc2)c1C#Cc1ccccc1,5.44,1
CHEMBL5597268,O=C(NCC[Se][Se]CCNC(=O)/C(Cc1ccc(Br)s1)=N/O)/C(Cc1ccc(Br)s1)=N/O,5.44,1
CHEMBL6176700,COC(=O)c1ccc(N2c3ccccc3C=Cc3ccncc32)cc1,5.44,1
CHEMBL567457,CC1(C)NC(=O)C[C@H](Cc2c[nH]c3ccccc23)NC(=O)[C@H](Cc2cccc3ccccc23)NC(=O)[C@H](CCCCCC(=O)O)NC1=O,5.43,1
CHEMBL3287008,CC(C)[C@H](NC(=O)c1csc(-c2cscn2)n1)C(=O)OC/C=C/CCS,5.43,2
CHEMBL3770484,O=C(NO)c1csc(C(c2ccccc2)c2ccccc2)n1,5.43,1
CHEMBL3692678,CCCN(CC)C[C@@H](C)NC(=O)c1ccc(-c2noc(C(F)(F)F)n2)cc1,5.43,1
CHEMBL4097820,CC[C@@H](C)[C@@H]1N=C(c2ccccc2)c2ccccc2N(CCCCC(=O)NO)C1=O,5.43,1
CHEMBL1201102,CN(C)CCCN1c2ccccc2Sc2ccc(C(F)(F)F)cc21.Cl,5.43,1
CHEMBL4788406,C/C(=N\Nc1nnc2c(n1)[nH]c1c(C)cccc12)c1ccccn1,5.43,1
CHEMBL5173958,O=C(/C=C/C1CCN(Cc2cccc3ccccc23)CC1)NO,5.43,1
CHEMBL6037578,CCCCNNC(=O)c1ccc(-c2cccc(F)c2F)cc1,5.43,1
CHEMBL5859614,CCCCNNC(=O)c1ccc(-c2cc(C)cc(F)c2)cc1,5.43,1
CHEMBL4460757,C=C(c1cc(OC)c(OC)c(OC)c1)c1ccc2c(c1)cc(/C=C/C(=O)NO)n2C,5.42,1
CHEMBL5565984,CC1=C(NCc2ccc(C(=O)Nc3ccccc3N)cc2)C(=O)c2ccccc2C1=O,5.42,1
CHEMBL3800394,COc1ccc(C(=O)NO)cc1NC(=O)c1ccc(-c2ccccc2)cc1,5.41,2
CHEMBL3692575,CN1CCC(NC(=O)c2ccc(-c3noc(C(F)(F)F)n3)cc2)CC1,5.41,1
CHEMBL3692612,O=C(NC1CCNCC1)c1ccc(-c2noc(C(F)(F)F)n2)cc1,5.41,1
CHEMBL3692660,CCN(CC)C[C@@H](C)NC(=O)c1ccc(-c2noc(C(F)(F)F)n2)cc1F,5.41,1
CHEMBL3692688,CCN(CC)CCNC(=O)c1ccc(-c2noc(C(F)(F)F)n2)cc1,5.41,2
CHEMBL3915126,CCC(CC)(c1ccc(OCCCCCCC(=O)NO)c(C)c1)c1ccc(OCC(O)C(C)(C)C)c(C)c1,5.41,1
CHEMBL259708,COC(=O)[C@H](Cc1ccc(-c2ccsc2)cc1)NC(=O)CCCCCCC(=O)NO,5.4,1
CHEMBL2417785,COC(=O)[C@@H](Cc1ccccn1)NC(=O)CCCCCCCC(=O)NO,5.4,1
CHEMBL3692626,CN(C)C[C@@H](Cc1ccccc1)NC(=O)c1ccc(-c2noc(C(F)(F)F)n2)cc1,5.4,1
CHEMBL4066734,O=C(NO)c1ccc(Cl)c(NCc2ccccc2)c1,5.4,1
CHEMBL4756862,COC(=O)[C@@H](Cc1ccccn1)NC(=O)CCCCCCC(=O)NO,5.4,1
CHEMBL4746756,COC(=O)[C@H](Cc1ccccn1)NC(=O)CCCCCCC(=O)NO,5.4,1
CHEMBL5778186,Cn1ccc(-c2nnc(C(F)(F)F)o2)cc1=O,5.4,1
CHEMBL409860,COC(=O)[C@H](Cc1ccc(-c2cccs2)cc1)NC(=O)CCCCCCCC(=O)NO,5.39,1
CHEMBL474001,NS(=O)(=O)NCCCC[C@H](NC(=O)OCc1ccccc1)C(=O)Nc1nccs1,5.39,1
CHEMBL2417786,COC(=O)[C@H](Cc1ccccn1)NC(=O)CCCCCCCC(=O)NO,5.39,1
CHEMBL3314862,O=C(NO)c1ccc(-c2nnc(Cc3cccc4ccccc34)o2)cc1,5.39,1
CHEMBL3688151,CCNC(=O)c1ccc(-c2noc(C(F)(F)F)n2)cc1,5.39,1
CHEMBL2220483,N=C(N)c1cc2ccc(OC(=O)c3cccs3)cc2s1,5.39,1
CHEMBL5205944,O=C(CCCCNC(=S)Nc1ccc(/C=C/C(=O)c2cccnc2)cc1)NO,5.39,1
CHEMBL5929146,CCC(=O)N(Cc1nc(-c2nnc(C(F)F)o2)cs1)c1cccc(Cl)c1,5.39,1
CHEMBL493785,O=C(NCC1CCCCC1)c1cccc(C(=O)C(F)(F)F)c1,5.38,1
CHEMBL3589354,COc1ccc(OS(=O)(=O)C2CC3OC2C(c2ccc(NC(=O)CCCCCCC(=O)O)cc2)=C3c2ccc(O)cc2)cc1,5.38,1
CHEMBL3260857,C[C@@H](NC(=O)c1cccc(=S)n1O)C(=O)O,5.38,1
CHEMBL4799406,O=C(NO)c1ccc(CN2C(=O)c3cccc(F)c3C2=O)cc1-c1ccccc1,5.38,1
CHEMBL5219634,CCC(=O)CCCCC[C@H](NC(=O)[C@H]1CC12CCN(C)CC2)c1ncc(-c2ccc3nc(OC)ccc3c2)[nH]1,5.38,1
CHEMBL5219978,CCC(=O)CCCCC[C@H](NC(=O)[C@H]1CC12CCN(C)CC2)c1ncc(-c2cc3ccc(C4CC4)nc3cc2F)o1,5.38,1
CHEMBL5275678,O=C1CN(Cc2cccc(C(=O)NO)c2)C(=O)[C@H](Cc2ccccc2)N1,5.38,1
CHEMBL5415287,COc1cc(Cn2ccc3cc(C(=O)NCC45C[C@H]6C[C@@H](C4)C[C@@H](C5)C6)ccc32)ccc1C(=O)NO,5.38,1
CHEMBL5817620,CCS(=O)(=O)N(Cc1ncc(-c2nnc(C(F)F)o2)s1)C1(c2ccccc2)CC1,5.38,1
CHEMBL5941315,O=S(=O)(N1CCOCC1)N(Cc1ncc(-c2nnc(C(F)F)o2)s1)c1cccnc1,5.38,1
CHEMBL337584,O=CN(O)CCCCCNC(=O)c1ccccc1,5.37,1
CHEMBL430060,CCC(=O)CCCCC[C@@H]1NC(=O)[C@H]2CCCCN2C(=O)[C@H]([C@@H](C)CC)NC(=O)[C@H](Cc2cn(OC)c3ccccc23)NC1=O,5.37,3
CHEMBL3287010,Cc1nc(-c2nc(C(=O)N[C@H](C(=O)OC/C=C/CCS)C(C)C)cs2)cs1,5.37,2
CHEMBL5218537,CCC(=O)CCCCC[C@H](NC(=O)[C@H]1CC12CCN(C)CC2)c1ncc(-c2cc3ccc(C4CC4)nc3cc2OC)[nH]1,5.37,1
CHEMBL5593877,O=C(CS)Nc1ccc(CN2CCc3c(c4ccccc4n3Cc3ccccc3)C2)cc1,5.37,1
CHEMBL5884742,O=c1cc(-c2nnc(C(F)(F)F)o2)ccn1CCc1ccccc1,5.37,1
CHEMBL569447,CC(=O)NCCCC[C@@H]1NC(=O)C[C@H](Cc2ccc(O)cc2)NC(=O)[C@H](Cc2cccc3ccccc23)NC(=O)[C@H](CCCCCC(=O)O)NC1=O,5.36,1
CHEMBL3759139,Cc1c(-c2ccc(F)cc2)n[nH]c1C(=O)NCCCCCCS,5.36,1
CHEMBL3894057,CCCc1nn(C)c2c(=O)[nH]c(-c3cc(N4CCC5(CCC(C(=O)NO)C5)CC4)ccc3OCC)nc12,5.36,1
CHEMBL3692631,O=S(=O)(NCc1ccccc1)c1ccc(-c2noc(C(F)(F)F)n2)cc1,5.36,1
CHEMBL3692655,CCN(CC)CC(C)NC(=O)c1ccc(-c2noc(C(F)(F)F)n2)cc1F,5.36,1
CHEMBL3692671,CCCN(CCC)C[C@@H](C)NC(=O)c1ccc(-c2noc(C(F)(F)F)n2)cc1,5.36,2
CHEMBL4561802,O=C(NO)c1cc(CCCCn2ccc3cc(Cl)c(Cl)cc32)on1,5.36,1
CHEMBL5184156,O=C(/C=C/C1CCN(CCc2ccccc2)CC1)NO,5.36,1
CHEMBL5219739,CCC(=O)CCCCC[C@H](NC(=O)[C@H]1CC12CCN(C)CC2)c1ncc(-c2ccc(-c3cccnc3)cc2)[nH]1,5.36,1
CHEMBL5641630,O=C(NO)c1ccc2nc[nH]c2c1,5.36,1
CHEMBL6059962,CCS(=O)(=O)N(Cc1cccnc1)Cc1ncc(-c2nnc(C(F)F)o2)s1,5.36,1
CHEMBL427776,COC(=O)[C@H](Cc1ccc(-c2ccco2)cc1)NC(=O)CCCCCCC(=O)NO,5.35,1
CHEMBL3692662,C[C@H](CN1CCCC1)NC(=O)c1ccc(-c2noc(C(F)(F)F)n2)cc1F,5.35,1
CHEMBL3922129,O=C(NO)c1ccc(C(c2ccccc2)c2ccccc2)cc1,5.35,1
CHEMBL3908319,O=C(NO)c1ccc(CN(c2ccccc2)c2ccccc2)cc1,5.35,1
CHEMBL4473726,O=C(NO)c1cccc(Cn2c(=O)n(CCc3ccccc3)c(=O)c3ccccc32)c1,5.35,2
CHEMBL5836277,C[C@@H](Nc1ncc(-c2noc(C(F)(F)F)n2)cc1Cl)c1ccccc1,5.35,1
CHEMBL5914638,N#Cc1ccc2c(=O)n(CCc3ccccc3)c(=O)n(Cc3cccc(C(=O)NO)c3)c2c1,5.35,1
CHEMBL493871,COc1ccc(C(=O)CSC(=S)SCCOc2ccccc2)cc1,5.34,1
CHEMBL2158743,CC(=O)SCCCCC[C@@H]1NC(=O)[C@H]2CCCN2C(=O)[C@H](CCCCCSC(C)=O)NC(=O)C(C)(C)NC1=O,5.34,2
CHEMBL3104851,Cc1c(O)c(O)c2c(c1C=O)[C@@H]1O[C@H](O2)c2c(C)c(O)c(O)c(O)c2C1=O,5.34,1
CHEMBL3621298,Nc1ccccc1NC(=O)CCCCCCC(=O)Nc1ccc2c(c1)/C(=C/c1ccc[nH]1)C(=O)N2,5.34,1
CHEMBL3692576,O=C(NCCCn1ccnc1)c1ccc(-c2noc(C(F)(F)F)n2)cc1,5.34,1
CHEMBL3692601,CN1C(C)(C)CC(NC(=O)c2ccc(-c3noc(C(F)(F)F)n3)cc2)CC1(C)C,5.34,1
CHEMBL4074491,COc1ccc(C(=O)NO)cc1OCc1ccc(Cl)cc1,5.34,1
CHEMBL4855392,CN(c1ccccc1Cl)S(=O)(=O)C1CC2OC1C(c1ccc(NC(=O)CCCCCCC(=O)O)cc1)=C2c1ccc(O)cc1,5.34,1
CHEMBL260080,COC(=O)[C@H](Cc1ccc(Br)cc1)NC(=O)CCCCCCCC(=O)NO,5.33,1
CHEMBL2158744,CC(=O)SCCCCC[C@@H]1NC(=O)[C@H]2CCCN2C(=O)[C@H](CCOCCSC(C)=O)NC(=O)C(C)(C)NC1=O,5.33,2
CHEMBL2413289,Cc1ccc(OCCN(CCc2ccc3c(c2)OCO3)Cc2ccc(/C=C/C(=O)NO)o2)cc1,5.33,1
CHEMBL3622731,C/C=C1\NC(=O)c2csc(n2)CNC(=O)C[C@@H](/C=C/CCSC(C)=O)OC(=O)[C@H](C(C)C)NC1=O,5.33,1
CHEMBL3692622,C[C@H](CN(C)C)NC(=O)c1ccc(-c2noc(C(F)(F)F)n2)cc1F,5.33,1
CHEMBL3692652,CN(C)C[C@@H](Cc1ccccc1)NC(=O)c1ccc(-c2noc(C(F)(F)F)n2)cc1F,5.33,1
CHEMBL3946072,CCC(CC)(c1ccc(OCC(=O)NO)c(C)c1)c1ccc(OCC(=O)ON)c(C)c1,5.33,1
CHEMBL4249598,CCc1c2c(nc3ccc(OC(=O)N4CCN(C(=O)CCCCCCCCCC(=O)NO)CC4)cc13)-c1cc3c(c(=O)n1C2)COC(=O)[C@]3(O)CC,5.33,1
CHEMBL4576116,CN(C)c1ccc2c(c1)SC(=S)N1CCCN=C21,5.33,1
CHEMBL4589752,S=C1Sc2ccccc2C2=NCCCN12,5.33,1
CHEMBL4753828,O=C(NO)c1cccc(Nc2c3ccccc3nc3ccccc23)c1,5.33,1
CHEMBL5630133,C=C(c1ccc(OC)c(OC(C)C(=O)NO)c1)c1cc(C)nc2ccccc12,5.33,1
CHEMBL3688160,O=C(NCCF)c1ccc(-c2noc(C(F)(F)F)n2)cc1,5.32,1
CHEMBL3692584,O=C(Nc1cccnc1)c1ccc(-c2noc(C(F)(F)F)n2)cc1,5.32,1
CHEMBL4062026,O=C(CCCCN1C(=O)[C@H](Cc2cncn2C(c2ccccc2)(c2ccccc2)c2ccccc2)N=C(c2ccccc2)c2ccccc21)NO,5.32,1
CHEMBL222102,O=c1cc(-c2cccc3c2Sc2ccccc2S3)oc(N2CCOCC2)c1,5.32,1
CHEMBL5207713,O=C(/C=C/C1CCN(CCc2c[nH]c3ccccc23)CC1)NO,5.32,1
CHEMBL5268067,Cc1onc(-c2ccccc2)c1/C=C\CCCCCNC(=O)CS,5.32,1
CHEMBL5592171,O=C(CS)NCCCCCNC(=O)N1CCc2c(c3ccccc3n2Cc2ccccc2)C1,5.32,1
CHEMBL393361,CC(C)[C@H]1NC(=O)[C@@H](C)NC(=O)[C@@H](C)NC(=O)C[C@@H](/C=C/CCS)OC(=O)CNC1=O,5.31,1
CHEMBL404172,O=C1N[C@@H]2CCCCCCCCCCCC[C@H](NC2=O)C(=O)N2CCC[C@@H]2C(=O)N[C@H]1CCCCCSSc1ccccn1,5.31,1
CHEMBL564382,O=C(/C=C/c1ccc(C(c2c[nH]c3ccccc23)c2c[nH]c3ccccc23)cc1)NO,5.31,1
CHEMBL570041,CC(C)C[C@H]1CC(=O)N[C@@H](C)C(=O)N[C@@H](CCCCCC(=O)O)C(=O)N[C@@H](Cc2cccc3ccccc23)C(=O)N1,5.31,3
CHEMBL3110003,O=C(NO)C1c2ccccc2-c2ccccc21,5.31,2
CHEMBL3526942,Cc1[nH]c2cc(O)ccc2c1CCNCc1ccc(/C=C/C(N)=O)cc1,5.31,1
CHEMBL3759166,O=C(NCCCCS)c1cc(-c2ccc(F)cc2)on1,5.31,1
CHEMBL3692627,CN(C)C[C@H](Cc1ccccc1)NC(=O)c1ccc(-c2noc(C(F)(F)F)n2)cc1,5.31,1
CHEMBL5411915,O=C(CCNc1cc(N2CCCCCC2)nc(-c2cccnc2)n1)NO,5.31,1
CHEMBL2047678,N/N=C(\Cc1ccc(O)c(Br)c1)C(=O)NCCSSCCNC(=O)/C(Cc1ccc(O)c(Br)c1)=N/N,5.3,1
CHEMBL3287259,O=C(CCCCNC(=O)c1nc(-c2nccs2)sc1-c1ccc(F)cc1Cl)NO,5.3,2
CHEMBL3589356,Cc1ccccc1OS(=O)(=O)C1CC2OC1C(c1ccc(NC(=O)CCCCCCC(=O)O)cc1)=C2c1ccc(O)cc1,5.3,1
CHEMBL3758243,CCn1nc(-c2ccc(F)cc2)cc1C(=O)NCCCCCCS,5.3,1
CHEMBL3758443,Cc1c(-c2ccc(F)cc2)nn(CCCO)c1C(=O)NCCCCCCS,5.3,1
CHEMBL3640679,O=C(O)CCCCCCNC(=O)c1cnc(N(c2ccccc2)c2ccccc2)nc1,5.3,4
CHEMBL3951849,CCC(CC)(c1ccc(OCCCCC(=O)NO)c(C)c1)c1ccc(OCC(O)C(C)(C)C)c(C)c1,5.3,1
CHEMBL4072557,O=C(CCCCN1C(=O)[C@H](Cc2cnc[nH]2)N=C(c2ccccc2)c2ccccc21)NO,5.3,1
CHEMBL4071741,CC(C)(C)OC[C@@H]1N=C(c2ccccc2)c2ccccc2N(CCCCC(=O)NO)C1=O,5.3,1
CHEMBL4061831,O=C(NO)c1ccc(F)c(NCc2ccccc2)c1,5.3,1
CHEMBL4517272,C=C(c1cc(OC)c(OC)c(OC)c1)c1ccc(OC)cc1/C=C/C(=O)NO,5.3,1
CHEMBL3287260,O=C(CCCCNC(=O)c1nc(-c2nccs2)sc1-c1ccccc1Cl)NO,5.29,2
CHEMBL3769491,CC(C)[C@@H]1NC(=O)[C@@H]2CCCN2C(=O)[C@H]2CCCN2C(=O)C[C@@H](C(=O)NCCCC(=O)NO)NC1=O,5.29,1
CHEMBL3799265,COc1ccc(C(=O)NO)cc1NC(=O)Cc1ccccc1,5.29,1
CHEMBL3936720,CCOc1ccc(C2CCC(CC(=O)NO)CC2)cc1-c1nc2c(CC)nn(C)c2c(=O)[nH]1,5.29,1
CHEMBL3692625,CC(CO)NC(=O)c1ccc(-c2noc(C(F)(F)F)n2)cc1F,5.29,1
CHEMBL4101727,Cc1ccc(C(=O)NO)cc1NCc1ccccc1,5.29,1
CHEMBL4105068,COc1ccc(C(=O)NO)cc1NCc1ccccc1,5.29,1
CHEMBL4215676,O=C(O)CCc1nc2cc3nc(CCC(=O)O)sc3cc2s1,5.29,1
CHEMBL4871087,O=C(NO)c1cccc(C(=O)NOCc2ccc(Cl)cc2Cl)c1,5.29,1
CHEMBL6177550,COc1cc2oc(C(=O)c3cc(OC)c(OC)c(OC)c3)cc2cc1/C=C/C(=O)NO,5.29,1
CHEMBL3110016,O=C(NO)[C@@H]1[C@H](c2ccccc2)[C@H]1c1cccc(-c2ncc(F)cn2)c1,5.28,1
CHEMBL3335283,O=C(CCCCc1ccn(Cc2cccc(-c3ccccc3)c2)n1)NO,5.28,1
CHEMBL3356932,O=C(CCCCCCS)NCc1ccc(C(F)(F)F)cc1,5.28,1
CHEMBL3692604,Cc1cc(NC(=O)c2ccc(-c3noc(C(F)(F)F)n3)cc2)cc(C)n1,5.28,1
CHEMBL4761013,O=C(NO)c1ccc(CN2C(=O)c3ccccc3S2(=O)=O)cc1-c1ccccc1,5.28,1
CHEMBL4852043,O=C(NO)c1ccc(C(=O)N2CCCc3cc(F)ccc32)cc1,5.28,1
CHEMBL470470,CCOC(=O)SCC(=O)c1ccc(OC)cc1,5.27,1
CHEMBL4299409,CC[C@@H]1OC(=O)[C@@H](C)[C@H](O[C@H]2C[C@@](C)(OC)[C@](O)(CN(C)Cc3ccc(-c4cn(CC(=O)NO)nn4)cc3)[C@H](C)O2)[C@H](C)[C@H](O[C@@H]2O[C@H](C)C[C@H](N(C)C)[C@H]2O)[C@@](C)(OC)C[C@H](C)C(=O)[C@@H](C)[C@@H](O)[C@@]1(C)O,5.27,1
CHEMBL3908767,CCOc1ccc(C2CC2C(=O)NO)cc1-c1nc2c(CC)nn(C)c2c(=O)[nH]1,5.27,1
CHEMBL3692675,CC(C)N(C)C[C@@H](C)NC(=O)c1ccc(-c2noc(C(F)(F)F)n2)cc1F,5.27,1
CHEMBL4072925,NC(=O)C[C@@H]1N=C(c2ccccc2)c2ccccc2N(CCCCC(=O)NO)C1=O,5.27,1
CHEMBL4060342,CC(C)(C)SC[C@H]1N=C(c2ccccc2)c2ccccc2N(CCCCC(=O)NO)C1=O,5.27,1
CHEMBL4849920,CCC(=O)CCCCC[C@@H]1NC(=O)C2CCN2CCCCCOc2ccccc2-c2cnc1[nH]2,5.27,1
CHEMBL139192,O=CN(O)CCCCCCCC(=O)Nc1ccccc1,5.26,1
CHEMBL1717890,O=C(NC1=CC(=O)c2ccccc2C1=O)c1ccccc1,5.26,2
CHEMBL3688148,O=C(Cc1ccc(-c2noc(C(F)(F)F)n2)cc1)N1CCOCC1,5.26,1
CHEMBL3692594,CC(C)CC(CO)NC(=O)c1ccc(-c2noc(C(F)(F)F)n2)cc1,5.26,1
CHEMBL4217999,CCCc1nn(C)c2c(=O)[nH]c(-c3cc([C@H]4CC[C@H](C(=O)NO)CC4)ccc3OCC)nc12,5.26,1
CHEMBL4848392,CCC(=O)CCCCC[C@@H]1NC(=O)C2CCN2CCCCCCOc2ccccc2-c2cnc1[nH]2,5.26,1
CHEMBL492174,O=C(N[C@H](CCCCCB(O)O)C(=O)Nc1cccc(-c2ccccc2)c1)c1cncs1,5.25,1
CHEMBL3109993,O=C(NO)[C@@H]1[C@H](c2ccccc2)[C@H]1c1ccnc(C2CC2)c1,5.25,1
CHEMBL4299485,CC[C@H]1OC(=O)[C@@H](C)[C@H](O[C@H]2C[C@@](C)(OC)[C@@H](O)[C@H](C)O2)[C@H](C)[C@H](O[C@H]2O[C@@H](C)C[C@@H](N(C)Cc3ccc(-c4cn(CC(=O)NO)nn4)cc3)[C@@H]2O)[C@@](C)(O)C[C@H](C)CN(C)[C@@H](C)[C@H](O)[C@@]1(C)O,5.25,1
CHEMBL3895860,CCOc1ccc(-c2ccc(C(=O)NO)o2)cc1-c1nc2c(CC)nn(C)c2c(=O)[nH]1,5.25,1
CHEMBL3688149,CN1CCN(C(=O)Cc2ccc(-c3noc(C(F)(F)F)n3)cc2)CC1,5.25,1
CHEMBL726,OCCN1CCN(CCCN2c3ccccc3Sc3ccc(C(F)(F)F)cc32)CC1,5.25,1
CHEMBL5219969,CCC(=O)CCCCC[C@H](NC(=O)[C@H]1CC12CCN(C)CC2)c1ncc(-c2ccc3nn(C)cc3c2)[nH]1,5.25,1
CHEMBL5571522,CCN(CC)CCCCNC(=O)c1ccc(-c2noc(C(F)(F)F)n2)cc1,5.25,1
CHEMBL6177380,CCNNC(=O)c1ccc(N2c3ccccc3C=Cc3ccncc32)cc1,5.25,1
CHEMBL6174691,CCNNC(=O)c1cc(F)c(Cn2c3ccccc3c3ccccc32)cc1F,5.25,1
CHEMBL2371802,CC[C@H](C)[C@@H]1NC(=O)[C@@H](Cc2ccc(OC)cc2)NC(=O)[C@H](CCCCCC(=O)C(F)(F)C(F)(F)F)NC(=O)[C@H]2CCCN2C1=O,5.24,1
CHEMBL569211,CC(C)C[C@H]1CC(=O)N[C@@H](Cc2ccccc2)C(=O)N[C@@H](CCCCCC(=O)O)C(=O)N[C@@H](Cc2cccc3ccccc23)C(=O)N1,5.24,1
CHEMBL3415448,O=C(NO)c1ccc(OC2CCN(c3ccccc3)C2=O)cc1,5.24,1
CHEMBL3759191,O=C(NCCCS)c1cc(-c2ccc(F)cc2)on1,5.24,1
CHEMBL3688159,COCCCNC(=O)c1ccc(-c2noc(C(F)(F)F)n2)cc1,5.24,1
CHEMBL3692580,O=C(NCc1ccc(CN2CCOCC2)cc1)c1ccc(-c2noc(C(F)(F)F)n2)cc1,5.24,1
CHEMBL3692602,CC(C)(C)OC(=O)N1CCC(NC(=O)c2ccc(-c3noc(C(F)(F)F)n3)cc2)C1,5.24,1
CHEMBL4869027,CCC(=O)CCCCC[C@H](NC(=O)C1CN(C)C1)c1ncc(-c2ccccc2)[nH]1,5.24,1
CHEMBL2408691,CN1C(=O)CN=C(c2ccccc2)c2cc(C#CCCCCC(=O)NO)ccc21,5.23,1
CHEMBL4214401,O=C(NO)c1cccc(S(=O)(=O)N[C@@H](Cc2c[nH]c3ccccc23)C(=O)Nc2ccccc2)c1,5.23,1
CHEMBL3688161,O=C(c1ccc(-c2noc(C(F)(F)F)n2)cc1)N1CCCC1,5.22,1
CHEMBL5424549,O=C(NO)c1cccc(Cn2c(=O)[nH]c(=O)c3cccc(Cl)c32)c1,5.22,1
CHEMBL5755132,O=C(NO)c1ccc(OCCN2CCC(CNC3CC3c3ccc(-c4ccc(F)cc4)cc3)CC2)nc1,5.22,1
CHEMBL6172358,COc1cc2oc(C(=O)c3cc(OC)c(OC)c(OC)c3)c(C)c2cc1/C=C/C(=O)NO,5.22,1
CHEMBL2012817,CCC(=O)CCCCC[C@@H]1NC(=O)[C@@H](C)n2nncc2[C@H](CC(C)C)NC(=O)[C@H](Cc2c[nH]c3ccccc23)NC1=O,5.21,2
CHEMBL3288488,Cc1ccc(-c2csc(NC(=O)CCCCCCS)n2)cc1F,5.21,1
CHEMBL3692609,N#Cc1cc(NC(=O)c2ccc(-c3noc(C(F)(F)F)n3)cc2)ccn1,5.21,1
CHEMBL3692647,CN(C)CCCNS(=O)(=O)c1ccc(-c2noc(C(F)(F)F)n2)cc1,5.21,1
CHEMBL4437833,Cc1ncc(-c2ccc(C(C(=O)NO)c3ccccc3F)cc2)cn1,5.21,1
CHEMBL367788,O=C(NO)c1ccc(O)c(O)c1,5.21,1
CHEMBL568958,COc1ccccc1-c1ccc(C(=O)C(F)(F)F)s1,5.2,1
CHEMBL3893169,CCC(CC)c1ccc(C(=O)NO)cc1,5.2,1
CHEMBL3893905,CCN(CC)Cc1ccc(C(=O)NO)cc1,5.2,1
CHEMBL4085884,O=C(CCCCN1C(=O)[C@H](CO)N=C(c2ccccc2)c2ccccc21)NO,5.2,1
CHEMBL4081545,O=C(CCCCN1C(=O)[C@H](CC(=O)NC(c2ccccc2)(c2ccccc2)c2ccccc2)N=C(c2ccccc2)c2ccccc21)NO,5.2,1
CHEMBL4225827,CCNC(=O)c1cc2c(-c3cc(OCCCCCCn4cc(-c5nc(Nc6ccc(NC(=O)CCCCCCC(=O)O)cc6)nc6[nH]ccc56)cn4)c(Cl)cc3Cl)nc(N)nc2s1,5.2,1
CHEMBL4445716,CCN(CC)c1ccc(C(=O)NO)cc1,5.2,1
CHEMBL4759693,CCC(=O)CCCCC[C@H](NC(=O)[C@H]1CC12CCN(C)CC2)c1[nH]c(-c2ccc3nc(C)ccc3c2)nc1C#N,5.2,1
CHEMBL2158741,CC(=O)SCCCCC[C@@H]1NC(=O)[C@H]2CCCN2C(=O)[C@H](Cc2ccccc2)NC(=O)[C@@H](CCOCCSC(C)=O)NC1=O,5.19,1
CHEMBL2408695,CN1C(=O)[C@H](NC(=O)CCCCCCC(=O)NO)N=C(c2ccccc2)c2ccccc21,5.19,1
CHEMBL3104855,Cc1c(O)c(O)c(O)c(C=O)c1-c1cc2c(C=O)c(C)c(O)c(O)c2o1,5.19,1
CHEMBL3759182,O=C(NCCS)c1cc(-c2ccc(F)cc2)on1,5.19,1
CHEMBL3688163,O=C(NC1CCC1)c1ccc(-c2noc(C(F)(F)F)n2)cc1,5.19,1
CHEMBL3692593,O=C(NC1CCOCC1)c1ccc(-c2noc(C(F)(F)F)n2)cc1,5.19,1
CHEMBL3692632,CN(C)CCNS(=O)(=O)c1ccc(-c2noc(C(F)(F)F)n2)cc1,5.19,1
CHEMBL3692682,CN1CCCC(NC(=O)c2ccc(-c3noc(C(F)(F)F)n3)cc2)C1,5.19,1
CHEMBL4064784,CC(C)(C)OC(=O)C[C@@H]1N=C(c2ccccc2)c2ccccc2N(CCCCC(=O)NO)C1=O,5.19,1
CHEMBL4748500,O=C(NO)c1ccc(CN2C(=O)c3ccccc3C2=O)cc1-c1ccccc1,5.19,1
CHEMBL5936289,CCCCNNC(=O)c1ccc(-c2cc(C(=O)OCC)ccc2F)cc1,5.19,1
CHEMBL6006700,O=C(NO)c1ccc(OCCN2CCC(CNC3CC3c3ccc(F)cc3)CC2)nc1,5.18,1
CHEMBL3884552,COC(=O)Cc1c(C)n(Cc2ccc(-c3cn(CCCCCC(=O)NO)nn3)cc2)c2ccc(OC)cc12,5.17,1
CHEMBL3688155,COCCNC(=O)c1ccc(-c2noc(C(F)(F)F)n2)cc1,5.17,1
CHEMBL3692592,CCC(CO)NC(=O)c1ccc(-c2noc(C(F)(F)F)n2)cc1,5.17,1
CHEMBL3692605,CC(C)(C)c1cc(NC(=O)c2ccc(-c3noc(C(F)(F)F)n3)cc2)ccn1,5.17,1
CHEMBL3692680,C[C@H](CN1CCOCC1)NC(=O)c1ccc(-c2noc(C(F)(F)F)n2)cc1,5.17,1
CHEMBL4210091,O=C(NO)c1cccc(S(=O)(=O)N[C@H](C(=O)Nc2ccccc2)c2ccccc2)c1,5.17,1
CHEMBL6004929,CN(Cc1ccncc1)c1ncc(-c2noc(C(F)(F)F)n2)cn1,5.17,1
CHEMBL5948914,CN(C)Cc1ccc(/C=C/C(=O)NO)cc1,5.17,1
CHEMBL496924,CC(=O)c1ccc(C(=O)N[C@H](C)c2ccccc2)s1,5.16,1
CHEMBL569446,CC(C)C[C@H]1CC(=O)NC(C)(C)C(=O)N[C@@H](CCCCCC(=O)O)C(=O)N[C@@H](Cc2cccc3ccccc23)C(=O)N1,5.16,1
CHEMBL3759093,Cn1nc(C(=O)NCCCCCCS)cc1-c1ccc(F)cc1,5.16,1
CHEMBL3688146,COCCNC(=O)Cc1ccc(-c2noc(C(F)(F)F)n2)cc1,5.16,1
CHEMBL3692614,O=C(NCC1CCCCN1)c1ccc(-c2noc(C(F)(F)F)n2)cc1,5.16,1
CHEMBL3692629,O=C(NC1CCNC1)c1ccc(-c2noc(C(F)(F)F)n2)cc1F,5.16,1
CHEMBL4083761,CC(C)(C)OC(=O)n1c(C[C@@H]2N=C(c3ccccc3)c3ccccc3N(CCCCC(=O)NO)C2=O)cc2ccccc21,5.16,1
CHEMBL4238745,CCc1c2c(nc3ccc(O)cc13)-c1cc3c(c(=O)n1C2)COC(=O)[C@@]3(CC)OC(=O)CCCCCCC(=O)O,5.16,1
CHEMBL51085,O=c1c2ccccc2[se]n1-c1ccccc1,5.16,3
CHEMBL4448903,C=C(c1cc(OC)c(OC)c(OC)c1)c1ccc2c(c1)c(/C=C/C(=O)NO)cn2C,5.16,1
CHEMBL4516558,S=C1Sc2cccc(Cl)c2C2=NCCCN12,5.16,1
CHEMBL595227,N=C1Sc2ccccc2C2=NCCCN12,5.16,1
CHEMBL4845926,O=C(NO)c1ccc(CSc2nnc(-c3ccncc3)n2-c2ccccc2)cc1,5.16,1
CHEMBL5178386,Cc1cc(C)c(CNC(=O)c2cc(-c3ccc(N4CCN(CCCC(=O)NO)CC4)nc3)cc3c2cnn3C(C)C)c(=O)[nH]1,5.16,1
CHEMBL1797936,CC1=NN(c2ccc(C(=O)O)cc2)C(=O)/C1=C\c1ccc(-c2cc(C)c(C)cc2[N+](=O)[O-])o1,5.16,1
CHEMBL2408688,CN1C(=O)[C@@H](O)N=C(c2ccccc2)c2cc(C#CCCCC(=O)NO)ccc21,5.15,1
CHEMBL3692568,CN(C)CCNC(=O)c1ccc(-c2noc(C(F)(F)F)n2)cc1,5.15,1
CHEMBL3692597,O=C(NC1CCCCC1O)c1ccc(-c2noc(C(F)(F)F)n2)cc1,5.15,1
CHEMBL4250057,CCc1c2c(nc3ccc(OC(=O)N4CCN(C(=O)CCCCCCCCC(=O)NO)CC4)cc13)-c1cc3c(c(=O)n1C2)COC(=O)[C@]3(O)CC,5.15,1
CHEMBL4846377,CN1CCN(NC(=O)c2cccc(C(=O)NO)c2)CC1,5.15,2
CHEMBL1800383,CCOC(=O)CC(=O)CSc1nc(C)cc(O)n1,5.14,1
CHEMBL3692586,C[C@@H](CO)NC(=O)c1ccc(-c2noc(C(F)(F)F)n2)cc1,5.14,1
CHEMBL3692687,CN1CCC[C@@H](NC(=O)c2ccc(-c3noc(C(F)(F)F)n3)cc2)C1,5.14,1
CHEMBL4061259,O=C(CCCNC(=O)CC[C@@H]1N=C(c2ccccc2)c2ccccc2NC1=O)NO,5.14,1
CHEMBL4087968,Nc1ccc(F)cc1NC(=O)c1ccc(CNC(=O)/C=C/c2cccnc2)cc1,5.14,3
CHEMBL27759,Nc1ccccc1NC(=O)c1ccc(CNC(=O)OCc2cccnc2)cc1,5.13,11
CHEMBL3759007,CC(C)n1nc(-c2ccc(F)cc2)cc1C(=O)NCCCCCCS,5.13,1
CHEMBL3923636,CCC(CC)(c1ccc(OCC(=O)NO)cc1)c1ccc(OCC(O)C(C)(C)C)c(C)c1,5.13,1
CHEMBL5276344,COc1ccc(CC2C=Cc3cc(C(=O)NO)ccc32)cc1,5.13,1
CHEMBL5395729,CN(Cc1ccccc1)c1cc(NCC(=O)NO)nc(-c2cccnc2)n1,5.13,1
CHEMBL3769629,CC(C)[C@@H]1NC(=O)[C@H]2CCCN2C(=O)[C@@H]2CCCN2C(=O)C[C@H](C(=O)NCCCC(=O)NO)NC1=O,5.12,1
CHEMBL3688147,CCOC(=O)CNC(=O)Cc1ccc(-c2noc(C(F)(F)F)n2)cc1,5.12,1
CHEMBL3692665,C[C@H](CN1CCCCC1)NC(=O)c1ccc(-c2noc(C(F)(F)F)n2)cc1,5.12,1
CHEMBL4080303,COc1ccc(C(=O)NO)cc1NCCc1ccccc1,5.12,1
CHEMBL5174358,O=C1NC(=O)/C(=C\c2ccc(OCC(=O)N3N=C(c4ccc(F)cc4)CC3c3ccco3)cc2)S1,5.12,1
CHEMBL5221068,CCC(=O)CCCCC[C@H](NC(=O)[C@H]1CC12CCN(C)CC2)c1ncc(C2=CC3OC=NC3C=C2)[nH]1,5.12,1
CHEMBL5398510,O=C(CCNc1cc(-c2cccnc2)cc(N2CCN(c3ccc(F)cc3)CC2)c1)NO,5.12,1
CHEMBL5857579,O=C(C1CC1)N(Cc1nc(-c2nnc(C(F)F)o2)cs1)c1cccc(Cl)c1,5.12,1
CHEMBL2408692,CN1C(=O)CN=C(c2ccccc2)c2cc(C#C/C=C/C(=O)NO)ccc21,5.11,1
CHEMBL3688166,C[C@H](CO)NC(=O)c1ccc(-c2noc(C(F)(F)F)n2)cc1,5.11,1
CHEMBL4859950,CCC(=O)CCCCC[C@H](NC(=O)[C@H]1CC12CCN(C)CC2)c1ncc(-c2ccc3c(c2)C2CCC3C2)[nH]1,5.11,1
CHEMBL4867041,CCOc1ccc(C(=O)NO)cc1NC(=O)c1ccc(Cl)cc1Cl,5.11,1
CHEMBL5218926,CCC(=O)CCCCC[C@H](NC(=O)[C@H]1CC12CCN(C)CC2)c1ncc(-c2ccc(-c3ccncc3)cc2)[nH]1,5.11,1
CHEMBL5219422,CCC(=O)CCCCC[C@H](NC(=O)[C@H]1CC12CCN(C)CC2)c1ncc(-c2ccc(-c3cnccn3)cc2)[nH]1,5.11,1
CHEMBL5218918,CCC(=O)CCCCC[C@H](NC(=O)[C@H]1CC12CCN(C)CC2)c1ncc(-c2ccc3nc(C4CC4)ccc3c2)[nH]1,5.11,1
CHEMBL5542451,Nc1ccccc1NC(=O)CCCCCC(=O)Nc1ccc(-c2ncc(CNc3ccccc3)s2)cc1,5.11,1
CHEMBL565289,O=C(O)CCCCC[C@@H]1NC(=O)[C@H](Cc2ccccc2)NC(=O)C[C@H](Cc2c[nH]c3ccccc23)NC(=O)[C@H](Cc2cccc3ccccc23)NC1=O,5.1,1
CHEMBL1835671,CCC(CCCCC(=O)Nc1ccccc1)CC(=O)NO,5.1,1
CHEMBL2047674,COc1ccc(CC(=O)C(=O)NCCSSCCNC(=O)C(=O)Cc2ccc(OC)c(Br)c2)cc1Br,5.1,1
CHEMBL2178345,O=C(NO)c1cccc(-c2cn(Cc3ccccc3)nn2)c1,5.1,1
CHEMBL3688143,CN(C)C(=O)Cc1ccc(-c2noc(C(F)(F)F)n2)cc1,5.1,1
CHEMBL5561590,Nc1ccccc1NC(=O)/C=C/c1ccc(-c2ncc(CNc3ccccc3)s2)cc1,5.1,1
CHEMBL5956422,O=S(=O)(C1CC1)N(Cc1nc(-c2nnc(C(F)F)o2)co1)c1cccc(Cl)c1,5.1,1
CHEMBL3110004,O=C(NCC1(c2nc(-c3ccccc3)cs2)CCOCC1)c1cccc(-c2noc(C(F)(F)F)n2)c1,5.09,5
CHEMBL3415967,Nc1nc2ncc(CNc3ccc(C(=O)N[C@@H](CCC(=O)NCCCC(=O)NO)C(=O)O)cc3)nc2c(=O)[nH]1,5.09,1
CHEMBL3589368,O=C(O)CCCCCCC(=O)Nc1ccc(C2=C(c3ccc(O)cc3)C3CC(S(=O)(=O)Oc4ccc5ccccc5c4)C2O3)cc1,5.09,1
CHEMBL4868142,O=C(/C=C/c1ccccc1Oc1c(Cl)cccc1Cl)NO,5.09,1
CHEMBL6133433,CCCNNC(=O)c1ccc(Cn2c3ccccc3c3c(-c4ccccn4)nc4ccccc4c32)cc1,5.09,1
CHEMBL2385958,COc1cc2c(c(OC)c1OC)-c1ccc(OC)c(=O)cc1[C@@H](NC(=O)CCCC(=O)NO)CC2,5.08,1
CHEMBL3589349,O=C(O)CCCCCCC(=O)Nc1ccc(OS(=O)(=O)C2CC3OC2C(c2ccc(O)cc2)=C3c2ccc(O)cc2)cc1,5.08,1
CHEMBL3692603,COc1cc(NC(=O)c2ccc(-c3noc(C(F)(F)F)n3)cc2)ccn1,5.08,1
CHEMBL3692666,CCN(CC)C[C@@H](C)NC(=O)c1ccc(-c2noc(C(F)(F)F)n2)cc1,5.08,1
CHEMBL4475500,CC(C)C[C@H](NC(=O)OCc1ccccc1)C(=O)N[C@@H](C)C(=O)NCc1cccc(C(=O)NO)c1,5.08,1
CHEMBL4797893,CCC(=O)CCCCC[C@H](NC(=O)[C@H]1CC12CCN(C)CC2)c1[nH]c(-c2ccc(C(F)(F)F)cc2)nc1C#N,5.08,1
CHEMBL5198485,Cc1c(COc2ccc(CNCCC(=O)NO)c(OCc3cccc(C#N)c3)c2)cccc1-c1ccccc1,5.08,2
CHEMBL5400573,COc1cc(CN2CCCc3cccnc32)ccc1C(=O)NO,5.08,1
CHEMBL5562536,Nc1ccccc1NC(=O)c1ccc(CNC(=O)c2ccc(-c3ncc(CNc4ccccc4)s3)cc2)cc1,5.08,1
CHEMBL3798848,O=C(NO)c1cccc(N(Cc2ccccc2)Cc2ccccc2)c1,5.07,1
CHEMBL3692610,O=C(Nc1ccnc(C(F)(F)F)c1)c1ccc(-c2noc(C(F)(F)F)n2)cc1,5.07,1
CHEMBL4083033,O=C(CCCCN1C(=O)[C@H](Cc2ccc(O)cc2)N=C(c2ccccc2)c2ccccc21)NO,5.07,1
CHEMBL2046613,COc1ccc(/C=C/C(=O)NCCCN2CCc3nc(C(=O)NO)sc3C2)cc1,5.06,1
CHEMBL3260858,O=C(N[C@@H](C(=O)O)c1ccccc1)c1cccc(=S)n1O,5.06,1
CHEMBL3628322,CC(=O)SCC/C=C/[C@@H]1CC(=O)N[C@H](C(C)C)C(=O)N[C@H](Cc2ccccc2)C(=O)N[C@H](C(C)C)c2cn(nn2)CC(=O)O1,5.06,1
CHEMBL3688152,O=C(NCCO)c1ccc(-c2noc(C(F)(F)F)n2)cc1,5.06,2
CHEMBL4249238,CCc1c2c(nc3ccc(O)cc13)-c1cc3c(c(=O)n1C2)COC(=O)[C@@]3(CC)OC(=O)CNC(=O)CCCCCCC(=O)O,5.06,1
CHEMBL2047673,O=C(Cc1ccc(O)c(Br)c1)C(=O)NCCSSCCNC(=O)C(=O)Cc1ccc(O)c(Br)c1,5.05,1
CHEMBL3314869,Nc1ccccc1NC(=O)c1ccc(Cc2nnc(Cc3cccc4ccccc34)o2)cc1,5.05,1
CHEMBL3628320,CCCCCCCCSSCC/C=C/[C@@H]1CC(=O)N[C@H](C(C)C)C(=O)N[C@H](C)C(=O)N[C@H](C(C)C)C(=O)NCC(=O)O1,5.05,1
CHEMBL3771210,O=C(NO)c1csc(-c2cnccn2)n1,5.05,1
CHEMBL3688150,CON(C)C(=O)Cc1ccc(-c2noc(C(F)(F)F)n2)cc1,5.05,1
CHEMBL4099064,Cc1ccc(C(=O)NO)cc1NCCCc1ccccc1,5.05,1
CHEMBL4440904,S=C1Sc2cc(Cl)ccc2C2=NCCN12,5.05,1
CHEMBL4765128,CCC(=O)CCCCC[C@H](NC(=O)[C@H]1CC12CCN(C)CC2)c1[nH]c(-c2cc3ccccc3nc2OC)nc1C#N,5.05,1
CHEMBL4753111,O=C(N[C@@H](CCCCNC(=O)c1c(O)cccc1F)c1ncc(-c2ccc3ccccc3c2)[nH]1)c1cncs1,5.05,1
CHEMBL5077674,COc1ccc(-c2ncc(/C=C/C(=O)Nc3ccccc3N)s2)cc1OC,5.05,1
CHEMBL5208164,Cc1cc(C)c(CNC(=O)c2cc(-c3ccc(N4CCN(Cc5ccc(C(=O)NO)o5)CC4)nc3)cc3c2cnn3C(C)C)c(=O)[nH]1,5.05,1
CHEMBL5203142,COc1cc(OCc2cccc(-c3ccccc3)c2C)cc(OC)c1CN(C)CCCC(=O)NO,5.05,2
CHEMBL5218943,CN(C)c1nc2c(Br)c(Br)c(Br)c(Br)c2n1CCCCCCCC(=O)NO,5.05,2
CHEMBL5556008,CCCNNC(=O)c1ccc(Nc2nccc(N(C)c3ccc4c(C)n(C)nc4c3)n2)cc1,5.05,1
CHEMBL5565952,CCCNNC(=O)c1ccc(Nc2nccc(N(C)c3ccc4c(C)n(C)cc4c3)n2)cc1,5.05,1
CHEMBL6064440,CN(c1ncc(-c2nnc(C(F)F)o2)cn1)C1(c2ccc(F)cc2)CC1,5.05,1
CHEMBL5938738,O=C1OC[C@H](c2ccccc2)N1c1ncc(-c2nnc(C(F)F)o2)s1,5.05,1
CHEMBL6175429,CCCNNC(=O)c1ccc(CNC(=O)c2cnc(-c3ccccc3)[nH]2)cc1,5.05,1
CHEMBL2408818,CN1C(=O)C(NC(=O)CCCCCCCC(=O)NO)N=C(c2ccccc2)c2ccccc21,5.04,1
CHEMBL3692646,CN(C)CCCN(C)S(=O)(=O)c1ccc(-c2noc(C(F)(F)F)n2)cc1,5.04,1
CHEMBL3692648,CN(C)S(=O)(=O)c1ccc(-c2noc(C(F)(F)F)n2)cc1,5.04,1
CHEMBL3692664,C[C@H](CN1CCCC1)NC(=O)c1ccc(-c2noc(C(F)(F)F)n2)cc1,5.04,1
CHEMBL4245802,CCc1c2c(nc3ccc(OC(=O)N4CCN(C(=O)CCCCCCCC(=O)NO)CC4)cc13)-c1cc3c(c(=O)n1C2)COC(=O)[C@]3(O)CC,5.04,1
CHEMBL4761973,CCC(=O)CCCCC[C@H](NC(=O)[C@H]1CC12CCN(C)CC2)c1[nH]c(-c2ccc3nn(C)cc3c2)nc1C#N,5.04,1
CHEMBL4303643,CCCCNNC(=O)c1ccc(Br)cc1,5.04,4
CHEMBL5561398,Nc1ccccc1NC(=O)c1ccc(NC(=O)c2ccc(-c3ncc(CNc4ccccc4)s3)cc2)cc1,5.04,1
CHEMBL6147042,CCCNNC(=O)c1ccc(CNC(=O)c2cnc(-c3ccc(F)cc3)[nH]2)cc1,5.04,1
CHEMBL1096981,C[C@H](O)C(=O)CCCCC[C@@H]1NC(=O)[C@H]2CCCN2C(=O)[C@H](Cc2ccccc2)NC(=O)[C@H](Cc2c[nH]c3ccccc23)NC1=O,5.03,1
CHEMBL1165571,C[C@H](CCCC(=O)NO)[C@H]1CC[C@H]2/C(=C/C=C3C[C@@H](O)C[C@H](O)C3)CCC[C@]12C,5.03,1
CHEMBL3356525,O=C1CCC[C@@H](C(=O)N[C@H](CCCCCS)C(=O)Nc2ccccc2)N1,5.03,1
CHEMBL3770136,O=C(NO)c1coc(C(c2ccccc2)c2ccccc2)n1,5.03,1
CHEMBL4247905,CC(C)c1cc(C(=O)N2CCc3cc(NC(=O)CCCCCCCC(=O)NO)ccc32)c(O)cc1O,5.03,1
CHEMBL5070026,COc1cc(-c2ncc(/C=C/C(=O)Nc3ccccc3N)s2)cc(OC)c1OC,5.03,1
CHEMBL6163430,Nc1ccccc1NC(=O)c1ccc(CNC(=O)c2cnc(-c3cccc4ccccc34)[nH]2)cc1,5.03,1
CHEMBL2046617,COc1ccc(/C=C/C(=O)NCCCCN2CCc3nc(C(=O)NO)sc3C2)cc1,5.02,1
CHEMBL2047544,CO/N=C(\Cc1ccc(O)c(Br)c1)C(=O)NCCSSCCNC(=O)/C(Cc1ccc(O)c(Br)c1)=N/OC,5.02,1
CHEMBL3287265,CC(C)(O)Cc1sc(-c2nccs2)nc1C(=O)NCCCCC(=O)NO,5.02,2
CHEMBL3893017,CCOc1ccc(CN2CCC(C(=O)NO)CC2)cc1-c1nc2c(CC)nn(C)c2c(=O)[nH]1,5.02,1
CHEMBL3692673,CCCN(C)C[C@@H](C)NC(=O)c1ccc(-c2noc(C(F)(F)F)n2)cc1,5.02,1
CHEMBL4746782,CCC(=O)CCCCC[C@H](NC(=O)[C@H]1CC12CCN(C)CC2)c1[nH]c(-c2ccc(-c3cccnc3)cc2)nc1C#N,5.02,1
CHEMBL4872625,Nc1ccccc1NC(=O)c1ccc(CSc2nnc(-c3ccncc3)n2-c2ccccc2)cc1,5.02,1
CHEMBL4856508,COc1cc2c(NCc3ccc([C@H]4CC[C@H](C(=O)NO)CC4)cc3)cc(-c3ccc(C)o3)nc2cc1OCCCN1CCCC1,5.02,1
CHEMBL5079646,COc1cccc(-c2ncc(/C=C/C(=O)Nc3ccccc3N)s2)c1,5.02,1
CHEMBL1630117,O=C(NO)c1ccc(-c2ccc3ncnc(Nc4ccc(OCc5cccc(F)c5)c(Cl)c4)c3c2)o1,5.01,1
CHEMBL2385956,COc1cc2c(c(OC)c1OC)-c1ccc(OC)c(=O)cc1[C@@H](NC(=O)CCCCCCC(=O)NO)CC2,5.01,1
CHEMBL3110005,O=C(NO)C1[C@H](c2ccccc2)[C@H]1c1ccccc1,5.01,1
CHEMBL4241177,CC(C)c1cc(C(=O)N2CCc3cc(NC(=O)CCCC(=O)NO)ccc32)c(O)cc1O,5.01,1
CHEMBL4776685,CCC(=O)CCCCC[C@H](NC(=O)C1CN(C)C1)c1[nH]c(-c2ccccc2)nc1C(N)=O,5.01,2
CHEMBL4747488,O=C(NCCN1CCCC1)c1ccc(-c2noc(C(F)(F)F)n2)cc1,5.01,1
CHEMBL4868119,C=CCn1c(SCCCCCC(=O)Nc2ccccc2N)nnc1-c1ccncc1,5.01,1
CHEMBL4869232,C=CCn1c(SCc2ccc(C(=O)NO)cc2)nnc1-c1ccncc1,5.01,1
CHEMBL5280016,Cc1onc(-c2ccccc2)c1C=CCCCCCNC(=O)C(C)S,5.01,1
CHEMBL6164287,CCCNNC(=O)c1ccc(CNC(=O)c2cnc(-c3cccc4ccccc34)[nH]2)cc1,5.01,1
CHEMBL261492,COC(=O)[C@H](Cc1ccc(-c2cccs2)cc1)NC(=O)CCCCCCC(=O)NO,5.0,1
CHEMBL3628323,CC(=O)SCC/C=C/[C@@H]1CC(=O)N[C@H](C(C)C)C(=O)N[C@H](Cc2cn(C)cn2)C(=O)N[C@H](C(C)C)c2cn(nn2)CC(=O)O1,5.0,1
CHEMBL3759869,CC(=O)SCCCCCCNC(=O)c1cc(-c2ccc(F)cc2)nn1C,5.0,1
CHEMBL3954259,CCCc1nn(C)c2c(=O)[nH]c(-c3cc(N4CCCC5(CCC(C(=O)NO)CC5)C4)ccc3OCC)nc12,5.0,1
CHEMBL3943650,O=C(O)CCCCCCCOc1ccc2cc1COC/C=C/COCc1cccc(c1)-c1ccnc(n1)N2,5.0,1
CHEMBL3692587,CC(CNC(=O)c1ccc(-c2noc(C(F)(F)F)n2)cc1)N(C)C,5.0,1
CHEMBL3692633,CN(C)CCN(C)S(=O)(=O)c1ccc(-c2noc(C(F)(F)F)n2)cc1,5.0,1
CHEMBL4854089,C=CCn1c(SCc2ccc(C(=O)Nc3ccccc3N)cc2)nnc1-c1ccncc1,5.0,1
CHEMBL5219074,CCC(=O)CCCCC[C@H](NC(=O)[C@H]1CC12CCN(C)CC2)c1ncc(-c2ccc3nnccc3c2)[nH]1,5.0,1
CHEMBL272980,Nc1ccccc1NC(=O)c1ccc(CNc2nccc(-c3cccnc3)n2)cc1,5.0,2
CHEMBL4456445,O=C(NO)C(c1ccc(-c2ncc(C(F)(F)F)cn2)cc1)c1ccccc1F,4.99,2
CHEMBL3897643,CCCc1nn(C)c2c(=O)[nH]c(-c3cc(NCCC(=O)NO)ccc3OCC)nc12,4.98,1
CHEMBL4846892,O=C(NO)c1ccc(C(=O)N2CCCc3cc(Cl)ccc32)cc1,4.98,1
CHEMBL3426896,O=C(/C=C/COc1no[n+]([O-])c1S(=O)(=O)c1ccccc1)NO,4.98,1
CHEMBL1800373,Cc1cc(O)nc(SCC(=O)c2ccc(NC(=O)c3ccccc3)cc2)n1,4.97,1
CHEMBL4283263,Nc1ccccc1NC(=O)c1cnccn1,4.97,2
CHEMBL517869,O=C(c1ccc(-c2nc(-c3ccc(C(F)(F)F)cc3)no2)s1)C(F)(F)F,4.96,1
CHEMBL396097,O=C(NO)C(c1ccccc1)c1ccccc1,4.96,2
CHEMBL4862173,O=C(O)CCCCCSc1nnc(-c2ccncc2)n1-c1ccccc1,4.96,1
CHEMBL4857194,Cn1c(SCc2ccc(C(=O)Nc3ccccc3N)cc2)nnc1-c1ccncc1,4.96,1
CHEMBL5088430,CN1c2ccc(F)cc2C(=O)N2CCc3c([nH]c4ccc(OCc5ccc(/C=C/C(=O)Nc6ccccc6N)cc5)cc34)C21,4.96,1
CHEMBL1800241,CC(=O)Nc1ccc(C(=O)CSc2nc(C)cc(O)n2)cc1,4.95,2
CHEMBL4548759,CC(=O)Nc1cccc(-c2csc(NC(=O)CCCCCC(=O)Nc3ccccc3N)n2)c1,4.95,1
CHEMBL4069828,C[C@@H](O)[C@@H]1N=C(c2ccccc2)c2ccccc2N(CCCCC(=O)NO)C1=O,4.94,1
CHEMBL5272879,O=C(NO)c1cccc(Cn2cncn2)c1,4.94,1
CHEMBL5571546,O=C(NOCCN1CCCCC1)c1ccc(-c2noc(C(F)(F)F)n2)cc1,4.94,1
CHEMBL4589724,Nc1ccccc1NC(=O)c1cnc(NCc2ccccc2)cn1,4.93,2
CHEMBL5612510,CCc1c(C#N)c(S[C@@H](C(N)=O)c2ccccc2)nc(N2CCC(CNCc3ccc(/C=C/C(=O)NO)cc3)CC2)c1C#N,4.93,1
CHEMBL402363,CC(C)[C@H]1NC(=O)[C@@H](C)[C@@H](C/C=C\CCC(=O)O)NC(=O)[C@@H](Cc2ccccc2)NC(=O)[C@@H](C)NC1=O,4.92,1
CHEMBL2431900,Cn1cccc1C(=O)NCc1cnc(C(=O)NO)s1,4.92,1
CHEMBL4091731,NCCCC[C@@H]1N=C(c2ccccc2)c2ccccc2N(CCCCC(=O)NO)C1=O,4.92,1
CHEMBL4457853,S=C1Sc2cc(Br)ccc2C2=NCCCN12,4.92,1
CHEMBL5086240,CC(C)(C)OC(=O)CC(O)/C=C/CCSSCC/C=C/C(O)CC(=O)OC(C)(C)C,4.92,1
CHEMBL466171,O=C(CCCCc1cc(C(=O)NO)no1)NC1CCCCC1,4.91,1
CHEMBL4246259,CCc1c2c(nc3ccc(OC(=O)N4CCN(C(=O)CCCCCCC(=O)NO)CC4)cc13)-c1cc3c(c(=O)n1C2)COC(=O)[C@]3(O)CC,4.91,1
CHEMBL3898715,CCCc1nn(C)c2c(=O)[nH]c(-c3cc(NC4CCC(C(=O)NO)CC4)ccc3OCC)nc12,4.9,1
CHEMBL4590543,O=C(CCCNC(=S)Nc1ccc2c(c1)C(=O)NC2=O)NO,4.9,1
CHEMBL1800375,Cc1cc(O)nc(SCC(=O)c2ccc(Cl)cc2)n1,4.89,1
CHEMBL4798363,CCCCCCCC(=O)SCC/C=C/[C@@H]1CC(=O)NCc2cccc(n2)-c2cccc(n2)C(=O)N[C@@H](C(C)C)C(=O)O1,4.89,1
CHEMBL5183909,O=C1NC(=O)/C(=C\c2ccc(OCC(=O)N3N=C(c4ccc(F)cc4)CC3c3ccc(Cl)c(Cl)c3)cc2)S1,4.89,1
CHEMBL5557078,NNC(=O)c1ccc(COc2ccccc2Cl)cc1,4.89,1
CHEMBL4847876,CCC(=O)CCCCC[C@@H]1NC(=O)C2CCN2CCCCCCc2ccccc2-c2cnc1[nH]2,4.88,2
CHEMBL2046612,O=C(/C=C/c1ccccc1)NCCCN1CCc2nc(C(=O)NO)sc2C1,4.87,1
CHEMBL2046619,C=CCCC(=O)Nc1ccc(C(C)N2CCc3nc(C(=O)NO)sc3C2)cn1,4.87,1
CHEMBL5436391,N#Cc1ccc2c(=O)n(CCc3ccccc3)c(=O)n(Cc3ccc(C(=O)NO)cc3)c2c1,4.87,2
CHEMBL5909536,FC(F)c1nnc(-c2cnc(NCCc3ccccc3)s2)o1,4.87,1
CHEMBL1800250,Cc1cc(O)nc(SCC(=O)c2ccccc2)n1,4.86,1
CHEMBL4754489,CC[N+]1=C(/C=C/C2=C3Oc4cc(O)cc(OCCCCCCCC(=O)O)c4C=C3CCC2)C(C)(C)c2ccccc21.[I-],4.86,1
CHEMBL4857970,Cn1c(SCCCCCC(=O)NO)nnc1-c1ccncc1,4.86,1
CHEMBL5270399,COc1ccc(-c2ocnc2-c2cc(Br)c(OC)c(OC)c2)cc1OCCCC(=O)NO,4.86,1
CHEMBL491926,O=C(N[C@H](CCCCCB(O)O)C(=O)Nc1cccc(-c2ccccc2)c1)c1cccnc1,4.85,1
CHEMBL3982650,CC1(C)C(=O)N(c2ccc(C#N)c(C(F)(F)F)c2)C(=S)N1c1ccc(C(=O)NCCCn2cccc(O)c2=O)c(F)c1,4.85,1
CHEMBL4105617,O=C(NO)c1cccc(-c2csc(CSc3ccccc3)n2)c1,4.85,1
CHEMBL4206647,O=C(CNS(=O)(=O)c1cccc(C(=O)NO)c1)Nc1ccccc1,4.85,1
CHEMBL4527868,S=C1Sc2cccc(Br)c2C2=NCCN12,4.85,1
CHEMBL4575045,O=C(CCCCNC(=S)Nc1ccc2c(c1)C(=O)NC2=O)NO,4.85,1
CHEMBL4866619,Cn1c(SCCCCCC(=O)Nc2ccccc2N)nnc1-c1ccncc1,4.85,1
CHEMBL1487,CC(C)c1c(C(=O)Nc2ccccc2)c(-c2ccccc2)c(-c2ccc(F)cc2)n1CC[C@@H](O)C[C@@H](O)CC(=O)O,4.84,2
CHEMBL4089635,Cc1ccc(C(=O)NO)cc1NCc1ccc(Cl)cc1Cl,4.84,1
CHEMBL4853791,Cn1c(SCc2ccc(C(=O)NO)cc2)nnc1-c1ccncc1,4.84,1
CHEMBL259826,COC(=O)[C@H](Cc1ccc(-c2ccc(-c3ccccc3)cc2)cc1)NC(=O)CCCCCCCC(=O)NO,4.83,1
CHEMBL1173195,CCCCCCCC(=O)SCC/C=C/[C@@H]1CC(=O)NCc2nc(cs2)-c2nc(cs2)C(=O)N[C@@H](C(C)C)C(=O)O1,4.83,1
CHEMBL4797194,CCC(=O)CCCCC[C@H](NC(=O)[C@H]1CC12CCN(C)CC2)c1[nH]c(-c2ccc(F)cc2F)nc1C#N,4.83,1
CHEMBL246199,O=C(/C=C/c1ccc2c(c1)C(=O)N(Cc1ccc(-c3ccncc3)cc1)C2)NO,4.82,1
CHEMBL4542119,C=C(c1ccc(OC)c(/C=C/C(=O)NO)c1)c1cc(OC)c(OC)c(OC)c1,4.82,2
CHEMBL186311,CCCC(CCC)C(=O)NO,4.8,1
CHEMBL4079609,O=C(O)CC[C@@H]1N=C(c2ccccc2)c2ccccc2N(CCCCC(=O)NO)C1=O,4.8,1
CHEMBL4781191,CCC(=O)CCCCC[C@H](NC(=O)C1CN(C)C1)c1[nH]c(-c2ccc(F)cc2)nc1C(N)=O,4.8,1
CHEMBL503,CC[C@H](C)C(=O)O[C@H]1C[C@@H](C)C=C2C=C[C@H](C)[C@H](CC[C@@H]3C[C@@H](O)CC(=O)O3)[C@H]21,4.79,3
CHEMBL3314868,Nc1ccccc1NC(=O)c1ccc(-c2nnc(Cc3cccc4ccccc34)o2)cc1,4.79,1
CHEMBL4100229,Cc1c(C)c(S(=O)(=O)NC(=N)NCCC[C@@H]2N=C(c3ccccc3)c3ccccc3N(CCCCC(=O)NO)C2=O)c(C)c2c1OC(C)(C)C2,4.79,1
CHEMBL4742036,CCC(=O)CCCCCC(NC(=O)c1cncs1)c1[nH]c(-c2ccccc2)nc1C(N)=O,4.79,1
CHEMBL5619313,O=C(Cc1ccc(C(=O)NO)cc1)Nc1ccc2ncnc(Nc3ccc(I)cc3)c2c1,4.79,1
CHEMBL209453,Cc1cc(O)nc(SCC(=O)c2ccc(O)c(O)c2)n1,4.78,1
CHEMBL3235787,COc1ccc(-c2ccc(/C=C/C=C/C(=O)NO)cc2)cc1C12CC3CC(CC(C3)C1)C2,4.78,1
CHEMBL507592,O=C(CCCCc1cc(C(=O)NO)no1)NC1CCCC1,4.77,1
CHEMBL4750027,CCC(=O)CCCCC[C@H](NC(=O)[C@H]1CC12CCN(C)CC2)c1[nH]c(-c2cccnc2OC)nc1C#N,4.77,1
CHEMBL5570082,CCN(CC)CCN(C)C(=O)c1ccc(-c2noc(C(F)(F)F)n2)cc1,4.77,1
CHEMBL4237899,CC(C)c1cc(C(=O)N2CCc3cc(NC(=O)CCCCCCCCC(=O)NO)ccc32)c(O)cc1O,4.76,1
CHEMBL4785376,CCC(=O)CCCCC[C@H](NC(=O)[C@H]1CC12CCN(CC)CC2)c1[nH]c(-c2ccc(F)cc2)nc1C(N)=O,4.76,2
CHEMBL5558247,COc1ccc(C(=O)NO)cc1NCc1ccc(OCc2cn(CCCCCC(=O)Nc3cccc4c3C(=O)N(C3CCC(=O)NC3=O)C4=O)nn2)cc1,4.76,1
CHEMBL4748244,CCC(=O)CCCCC[C@H](NC(=O)[C@H]1CC12CCN(C)CC2)c1[nH]c(-c2ccc(F)cc2)nc1C(N)=O,4.75,1
CHEMBL3628319,CCCCCCCC(=O)SCC/C=C/[C@@H]1CC(=O)N[C@H](C(C)C)C(=O)N[C@H](C)C(=O)N[C@H](C(C)C)C(=O)NCC(=O)O1,4.74,1
CHEMBL4443876,O=C(CCNC(=S)Nc1ccc2c(c1)C(=O)NC2=O)NO,4.74,1
CHEMBL5575926,O=C(NOCCN1CCOCC1)c1ccc(-c2noc(C(F)(F)F)n2)cc1,4.74,1
CHEMBL4793558,CCC(=O)CCCCCC(NC(=O)c1cncs1)c1[nH]c(-c2ccccc2)nc1C(=O)N1CCOCC1,4.72,1
CHEMBL3901200,CC(C)Cc1sc(-c2nccs2)nc1C(=O)NCCCC(=O)NO,4.71,1
CHEMBL4465894,O=C(CCc1csc(CCc2cc(O)c(O)c(O)c2)n1)NO,4.71,1
CHEMBL5571764,CN(C(=O)c1ccc(-c2noc(C(F)(F)F)n2)cc1)c1ccccc1,4.71,1
CHEMBL2047682,C=C(Cc1ccc(O)c(Br)c1)C(=O)NCCSSCCNC(=O)C(=C)Cc1ccc(O)c(Br)c1,4.7,1
CHEMBL4074187,O=C(O)C[C@@H]1N=C(c2ccccc2)c2ccccc2N(CCCCC(=O)NO)C1=O,4.7,1
CHEMBL4557047,Cc1ccc2c(c1)C1=NCCCN1C(=S)S2,4.7,1
CHEMBL5206573,COc1cc(C(=O)c2csc(-c3ccc(C#CCCC(=O)Nc4ccccc4N)cc3)n2)cc(OC)c1OC,4.69,1
CHEMBL6177328,CCn1c(CCC(=O)O)nc2ccccc2c1=O,4.69,1
CHEMBL515432,Cc1ccc(NC(=O)c2ccc(C(=O)Nc3ccccc3N)cc2)cc1Nc1ncc(-c2cccnc2)s1,4.68,1
CHEMBL5177326,COc1cc(C(=O)c2csc(-c3ccc(NC(=O)CC(=O)Nc4ccccc4N)cc3)n2)cc(OC)c1OC,4.68,1
CHEMBL4798111,C[C@H](CN1CCC[C@@H]1C)NC(=O)c1ccc(-c2noc(C(F)(F)F)n2)cc1,4.66,1
CHEMBL5186622,CNc1nc(Cl)nc2c1ncn2Cc1ccc(C(=O)Nc2ccccc2N)cc1,4.66,1
CHEMBL5427585,Cn1c(CCC(=O)NO)nc2ccccc2c1=O,4.66,1
CHEMBL4746267,CCC(=O)CCCCC[C@H](NC(=O)[C@H]1CC12CCN(C)CC2)c1[nH]c(-c2ccccc2F)nc1C#N,4.65,1
CHEMBL5178391,COc1cc(C(=O)c2csc(-c3ccc(/C=C/C(=O)Nc4ccccc4N)cc3)n2)cc(OC)c1OC,4.65,1
CHEMBL2046616,O=C(/C=C/c1ccccc1)NCCCCN1CCc2nc(C(=O)NO)sc2C1,4.63,1
CHEMBL4759472,CCC(=O)CCCCC[C@H](NC(=O)[C@H]1CC12CCN(CC)CC2)c1[nH]c(-c2ccc(F)cc2)nc1C#N,4.63,1
CHEMBL492140,O=C(N[C@H](CCCCCB(O)O)C(=O)Nc1cccc(-c2ccccc2)c1)c1ccccc1,4.62,1
CHEMBL4442562,S=C1Sc2cccc(I)c2C2=NCCCN12,4.62,1
CHEMBL5194919,COc1cc(C(=O)c2csc(-c3ccc(NCCC(=O)Nc4ccccc4N)cc3)n2)cc(OC)c1OC,4.62,1
CHEMBL1096986,O=C(CCCCC[C@@H]1NC(=O)[C@H](Cc2c[nH]c3ccccc23)NC(=O)[C@H]2CCCN2C(=O)[C@H](Cc2c[nH]c3ccccc23)NC1=O)NO,4.61,1
CHEMBL1800379,Cc1cc(O)nc(SCC(=O)c2cccs2)n1,4.61,1
CHEMBL2046615,C=CCCC(=O)NCCCCN1CCc2nc(C(=O)NO)sc2C1,4.61,1
CHEMBL4211116,O=C(NO)c1cccc(S(=O)(=O)N[C@@H](Cc2c[nH]c3ccccc23)C(=O)NCc2ccccc2)c1,4.61,1
CHEMBL3968125,CCC(CC)(c1ccc(OCC(O)C(C)(C)C)c(C)c1)c1cc(C)c(CCC(=O)NO)s1,4.6,1
CHEMBL4206721,O=C(O)CCc1nc2ccccc2c2nc(=O)c(Cc3ccccc3)nn12,4.6,1
CHEMBL4461759,Cc1cc(-c2ccc(/C=C3\C(=O)N(c4ccc(C(=O)O)cc4)N=C3C3CC3)s2)c(C(F)(F)F)cc1C,4.6,1
CHEMBL5435277,CCCNNC(=O)c1cnc(NCc2ccc(OC)cc2)cn1,4.59,1
CHEMBL5994822,Nc1ccc(-c2ccc(F)cc2)nc1NC(=O)c1ccc(N2CCNCC2)nc1,4.59,1
CHEMBL5882824,Nc1ccc(-c2ccc(F)cc2)nc1NC(=O)c1ccc(N2CCC(N)CC2)nc1,4.59,1
CHEMBL5883740,CN1CCN(c2ccc(C(=O)Nc3nc(-c4cccs4)ccc3N)cn2)CC1,4.59,1
CHEMBL3943758,CCC(CC)(c1ccc(OCC(=O)NO)c(C)c1)c1ccc(OC[C@H](O)C(C)(C)C)c(C)c1,4.58,1
CHEMBL4245392,CC(C)c1cc(C(=O)N2CCc3cc(NC(=O)CCCCC(=O)NO)ccc32)c(O)cc1O,4.58,1
CHEMBL4788911,CCC(=O)CCCCC[C@H](NC(=O)[C@H]1CC12CCN(C)CC2)c1[nH]c(-c2ccc(F)cc2)nc1C#N,4.58,1
CHEMBL1478023,O=C1/C(=C/c2ccc(O)c(O)c2)Oc2ccccc21,4.57,1
CHEMBL3355256,O=C1/C(=C/c2cccc(O)c2O)Oc2ccccc21,4.57,1
CHEMBL5188491,COc1cc(C(=O)c2csc(-c3ccc(OCCCCCCC(=O)Nc4ccccc4N)cc3)n2)cc(OC)c1OC,4.57,1
CHEMBL5172143,COc1cc(C(=O)c2csc(-c3ccc(NC(=O)CCCCCC(=O)Nc4ccccc4N)cc3)n2)cc(OC)c1OC,4.57,1
CHEMBL5194080,COc1cc(C(=O)c2csc(-c3ccc(NCC(=O)Nc4ccccc4N)cc3)n2)cc(OC)c1OC,4.57,1
CHEMBL4213975,C[C@H](NS(=O)(=O)c1cccc(C(=O)NO)c1)C(=O)Nc1ccccc1,4.56,1
CHEMBL4796175,CCC(=O)CCCCC[C@H](NC(=O)C1CCOCC1)c1[nH]c(-c2ccc(F)cc2)nc1C(N)=O,4.55,1
CHEMBL1767046,CNC(=O)/C(CCCCC[C@H](NCc1ccc(OC)cc1)C(=O)Nc1ccccc1)=N\O,4.54,1
CHEMBL3960542,CCC(CC)(c1ccc(OCC(O)CCC(=O)NO)c(C)c1)c1ccc(OCC(O)C(C)(C)C)c(C)c1,4.54,1
CHEMBL4782188,CCC(=O)CCCCCC(NC(=O)c1cncs1)c1[nH]c(-c2ccccc2)nc1C(=O)NC,4.54,1
CHEMBL5204420,COc1cc(C(=O)c2csc(-c3ccc(NC(=O)CCCCCCC(=O)Nc4ccccc4N)cc3)n2)cc(OC)c1OC,4.54,1
CHEMBL3287017,CC(C)[C@H](NC(=O)c1csc(-c2cscn2)n1)C(=O)NCCCC(=O)NO,4.53,1
CHEMBL141885,O=CN(O)CCCCCNC(=O)CCc1ccccc1,4.52,1
CHEMBL1808672,O=C(/C=C/C=C/c1ccc2c(c1)OCO2)NO,4.52,1
CHEMBL2047671,CSCCNC(=O)C(=O)Cc1ccc(O)c(Br)c1,4.52,1
CHEMBL1812335,N[C@H](Cc1ccc(Cl)cc1Cl)C(=O)N1Cc2ccccc2C1,4.52,1
CHEMBL5185697,COc1cc(C(=O)c2csc(-c3ccc(NC(=O)/C=C/C(=O)Nc4ccccc4N)cc3)n2)cc(OC)c1OC,4.52,1
CHEMBL5572146,CC1=C(NCCCCNC(=O)CS)C(=O)c2ccccc2C1=O,4.52,1
CHEMBL5176029,COc1cc(C(=O)c2csc(-c3ccc(NC(=O)CCCC(=O)Nc4ccccc4N)cc3)n2)cc(OC)c1OC,4.51,1
CHEMBL1164243,C[C@H](CCCCCNS(N)(=O)=O)[C@H]1CC[C@H]2/C(=C/C=C3C[C@@H](O)C[C@H](O)C3)CCC[C@]12C,4.5,1
CHEMBL3318732,COc1ccc2cc(C(=O)/C=C/C=C/c3ccc(OC)c(OC)c3)c(=O)oc2c1,4.5,1
CHEMBL3950790,CCC(O)(CC)COc1ccc(C(CC)(CC)c2ccc(OCC(=O)NO)c(C)c2)cc1C,4.5,1
CHEMBL5178597,CCNc1nc(Cl)nc2c1ncn2Cc1ccc(C(=O)Nc2ccccc2N)cc1,4.5,1
CHEMBL1800378,Cc1cc(O)nc(SCC(=O)c2ccc3c(c2)NC(=O)C3)n1,4.49,1
CHEMBL3895630,CCC(CC)(c1ccc(OCC(=O)NO)c(C)c1)c1ccc(OCC(C)(C)O)c(C)c1,4.48,1
CHEMBL6171929,O=C(O)CCc1nc2ccccc2c(=O)n1Cc1ccccc1,4.48,1
CHEMBL1096982,O=C(O)CC/C=C\C[C@@H]1NC(=O)[C@H]2CCCN2C(=O)[C@H](Cc2ccccc2)NC(=O)[C@H](Cc2c[nH]c3ccccc23)NC1=O,4.47,1
CHEMBL4202721,O=C(NO)c1cccc(S(=O)(=O)N[C@H](C(=O)NCc2ccccc2)c2ccccc2)c1,4.47,1
CHEMBL5196817,CCCCNc1nc(Cl)nc2c1ncn2Cc1ccc(C(=O)Nc2ccccc2N)cc1,4.47,1
CHEMBL5280060,O=C(CCCCCCNC(=O)C(O)(O)C(F)(F)F)Nc1ncc(-c2ccc(Br)cc2)s1,4.46,1
CHEMBL1767047,CNC(=O)/C(CCCCC[C@@H](C(=O)Nc1ccccc1)N(Cc1ccccc1)Cc1ccccc1)=N\O,4.45,1
CHEMBL3891306,CCC(CC)(c1ccc(CCC(=O)NO)c(C)c1)c1ccc(OC[C@H](O)C(C)(C)C)c(C)c1,4.44,1
CHEMBL5171372,COc1cc(C(=O)c2csc(-c3ccc(NC(=O)CCCCC(=O)Nc4ccccc4N)cc3)n2)cc(OC)c1OC,4.44,1
CHEMBL5193181,COc1cc(C(=O)c2csc(-c3ccc(NC(=O)c4ccc(C(=O)Nc5ccccc5N)cc4)cc3)n2)cc(OC)c1OC,4.44,1
CHEMBL2094337,O=C(NO)c1sc2ccccc2c1Cl,4.43,1
CHEMBL4754763,CCC(=O)CCCCC[C@H](NC(=O)C1CN(C)C1)c1[nH]c(-c2ccc(F)cc2)nc1C#N,4.43,1
CHEMBL5269265,COc1ccc(-c2cnc(NC(=O)CCCCCCNC(=O)C(O)(O)C(F)(F)F)s2)cc1,4.43,1
CHEMBL3914611,CCC(CC)(c1ccc(OCC(=O)NO)c(C)c1)c1ccc(OCC(CO)CO)c(C)c1,4.42,1
CHEMBL5280772,O=C(CCCCCCNC(=O)C(O)(O)C(F)(F)F)Nc1ccc(-c2ccccc2)cc1,4.42,1
CHEMBL5632574,Nc1nc(Cl)c2ccn(Cc3cccc(-c4noc(C(F)(F)F)n4)c3)c2n1,4.42,1
CHEMBL5194067,O=C1NC(=O)/C(=C\c2ccc(OCC(=O)N3N=C(c4ccccc4)CC3c3ccc(Cl)c(Cl)c3)cc2)S1,4.41,1
CHEMBL3426899,O=C(NO)c1cccc(Oc2no[n+]([O-])c2S(=O)(=O)c2ccccc2)c1,4.41,1
CHEMBL1800376,Cc1cc(O)nc(SCC(=O)c2ccc(O)cc2)n1,4.4,1
CHEMBL4218901,CC(C)[C@H](NS(=O)(=O)c1cccc(C(=O)NO)c1)C(=O)Nc1ccccc1,4.39,1
CHEMBL5794798,O=S(=O)(N1CCNCC1)N(Cc1ccc(-c2nnc(C(F)(F)F)o2)cc1F)c1cccc(F)c1,4.38,1
CHEMBL5768068,O=S(=O)(N1CCN(C2COC2)CC1)N(Cc1ccc(-c2nnc(C(F)(F)F)o2)cn1)c1ccccc1,4.38,1
CHEMBL6188533,O=C(Nc1ccc(CNC(=O)c2cc(F)ccc2N2CCCC2)cc1)OCc1cccnc1,4.37,1
CHEMBL3735770,CCCCN(O)C(=O)c1cccc(NC(=O)CCCCCS[C@@H]2Cc3cc(O)ccc3[C@H]3CC[C@]4(C)[C@@H](O)CC[C@H]4[C@@H]32)c1,4.36,1
CHEMBL4218728,COc1cc2ncn(CC(=O)O)c(=O)c2cc1OC,4.36,1
CHEMBL4756752,CCC(=O)CCCCC[C@H](NC(=O)CN(C)C)c1[nH]c(-c2ccc(F)cc2)nc1C#N,4.36,1
CHEMBL5179973,CCCNc1nc(Cl)nc2c1ncn2Cc1ccc(C(=O)Nc2ccccc2N)cc1,4.36,1
CHEMBL3892860,O=C(O)CCCCCOc1ccc2cc1COC/C=C/COCc1cccc(c1)-c1ccnc(n1)N2,4.35,1
CHEMBL1416133,COc1nc2ccccc2nc1CCC(=O)O,4.35,1
CHEMBL4786504,COc1ccc(O)c(C(=O)NCCCC[C@H](NC(=O)c2cncs2)c2ncc(-c3ccc4ccccc4c3)[nH]2)c1,4.35,1
CHEMBL5219338,CCC(=O)CCCCC[C@H](NC(=O)[C@H]1CC12CCN(CC)CC2)c1ncc(-c2ccc(-c3ccccc3)[nH]c2=O)[nH]1,4.35,1
CHEMBL3955013,CC1(C)C(=O)N(c2ccc(C#N)c(C(F)(F)F)c2)C(=S)N1c1ccc(C(=O)Nc2ccccc2N)c(F)c1,4.33,1
CHEMBL3976630,CCC(CC)(c1ccc(OCCCC(=O)NO)c(C)c1)c1ccc(OC[C@H](O)C(C)(C)C)c(C)c1,4.33,1
CHEMBL5187930,CCCNNC(=O)c1ccc(NC(=O)Cc2ccccc2)cc1,4.33,1
CHEMBL5203725,COc1ccc(Cn2ccc3cc(C(=O)NO)ccc32)cc1,4.32,1
CHEMBL5744535,O=S(=O)(N1CCN(C2COC2)CC1)N(Cc1ccc(-c2nnc(C(F)(F)F)o2)cc1F)c1ccccc1,4.32,1
CHEMBL593229,O=C1/C(=C/c2ccc(O)c(O)c2)Oc2cc(O)cc(O)c21,4.31,1
CHEMBL3415447,CN(c1ccc(C(=O)NO)cc1)C1CCN(c2ccccc2)C1=O,4.31,1
CHEMBL5209383,CCCNNC(=O)c1ccc(Nc2ccccc2)cc1,4.31,1
CHEMBL5999474,O=S1(=O)CCN(S(=O)(=O)N(Cc2ccc(-c3nnc(C(F)F)o3)cn2)c2ccc(F)c(Cl)c2)CC1,4.31,1
CHEMBL515285,Nc1ccccc1NC(=O)CCCCCCC(=O)Nc1cccc(-c2ccccc2)c1,4.3,1
CHEMBL1164241,C[C@H](CCCCNS(N)(=O)=O)[C@H]1CC[C@H]2/C(=C/C=C3C[C@@H](O)C[C@H](O)C3)CCC[C@]12C,4.3,1
CHEMBL5843103,CN1CCN(CCN(C)S(=O)(=O)N(Cc2ccc(-c3nnc(C(F)F)o3)cc2)c2ccccc2)CC1,4.3,1
CHEMBL1708622,O=C(O)Cn1cnc2c(oc3ccccc32)c1=O,4.29,1
CHEMBL3982857,O=C(O)c1cccc(NCCOc2ccc3cc2COC/C=C/COCc2cccc(c2)-c2ccnc(n2)N3)c1,4.28,1
CHEMBL5818738,O=S(=O)(N1CCN(C2COC2)CC1)N(Cc1ccc(-c2nnc(C(F)F)o2)cc1)c1ccc(F)c(Cl)c1,4.28,1
CHEMBL156887,O=C(NO)c1ccc(-c2cccc3ccccc23)cc1,4.26,1
CHEMBL4069423,O=C(O)CCc1nc2cc(Cl)ccc2s1,4.26,2
CHEMBL3692573,CN1CCN(C(=O)c2ccc(-c3noc(C(F)(F)F)n3)cc2)CC1,4.26,1
CHEMBL6060295,C[C@@H]1CN(S(=O)(=O)N(Cc2ccc(-c3nnc(C(F)F)o3)cc2)c2cccnc2)C[C@H](C)N1C,4.26,1
CHEMBL2046611,C=CCCC(=O)NCCCN1CCc2nc(C(=O)NO)sc2C1,4.23,1
CHEMBL3948452,CC1(C)C(=O)N(c2ccc(C#N)c(C(F)(F)F)c2)C(=S)N1c1ccc(/C=C/C(=O)Nc2ccccc2N)c(F)c1,4.22,1
CHEMBL4102489,O=C(O)CCc1nc2ccccc2nc1Sc1ccccc1,4.22,1
CHEMBL1307946,COc1ccc(C(=O)CSc2nc(C)cc(O)n2)cc1,4.21,1
CHEMBL6175121,CCCn1c(CCC(=O)O)nc2ccccc2c1=O,4.21,1
CHEMBL1164244,CNC(=O)C(=O)CCCC[C@@H](C)[C@H]1CC[C@H]2/C(=C/C=C3C[C@@H](O)C[C@H](O)C3)CCC[C@]12C,4.19,1
CHEMBL1767045,CNC(=O)/C(CCCCC[C@@H](C(=O)Nc1ccccc1)N(Cc1ccc(OC)cc1)C(=O)OC(C)(C)C)=N\O,4.19,1
CHEMBL3954183,O=C(O)c1ccc(NCCOc2ccc3cc2COC/C=C/COCc2cccc(c2)-c2ccnc(n2)N3)cc1,4.19,1
CHEMBL4068652,Cn1c(=O)c(CCC(=O)O)nc2ccccc21,4.18,2
CHEMBL6175632,O=C(O)CCc1nc2ccccc2c(=O)n1Cc1ccc(Cl)cc1,4.17,1
CHEMBL325041,CC(C)C[C@H](NC(=O)[C@H](Cc1ccccc1)NC(=O)c1cnccn1)B(O)O,4.16,1
CHEMBL1164225,C[C@H](CCCNS(C)(=O)=O)[C@H]1CC[C@H]2/C(=C/C=C3C[C@@H](O)C[C@H](O)C3)CCC[C@]12C,4.15,1
CHEMBL5994465,CN1CCN(S(=O)(=O)N(Cc2ccc(-c3nnc(C(F)F)o3)cc2)c2ccc(F)c(Cl)c2)CC1,4.15,1
CHEMBL4244181,CC/C(=C(\c1ccc(O)cc1)c1ccc(OCCN(C)C)cc1)c1ccc(C(=O)NO)cc1,4.14,1
CHEMBL5946704,CC(=O)N1[C@H](C)CN(S(=O)(=O)N(Cc2ccc(-c3nnc(C(F)F)o3)cn2)c2ccccc2)C[C@@H]1C,4.14,1
CHEMBL4245766,CC(C)c1cc(C(=O)N2CCc3cc(NCc4ccc(C(=O)NO)cc4)ccc32)c(O)cc1O,4.13,1
CHEMBL5402508,O=C(CCCCCC1CNC1=O)Nc1ccccc1,4.13,1
CHEMBL5881089,O=S(=O)(N1CCNCC1)N(Cc1ccc(-c2nnc(C(F)(F)F)o2)cc1F)c1ccccc1,4.12,1
CHEMBL5752322,CC(=O)N1[C@H](C)CN(S(=O)(=O)N(Cc2ccc(-c3nnc(C(F)F)o3)cc2)c2cccnc2)C[C@@H]1C,4.12,1
CHEMBL4215552,N#Cc1c2n(c3c(=O)n(CC(=O)O)cnc13)CCCC2,4.11,1
CHEMBL4847471,Cn1c(SCCCCCC(=O)O)nnc1-c1ccncc1,4.11,1
CHEMBL5631820,COc1ccc(CN(C(=O)Cc2ccc(C(=O)Nc3ccccc3N)cc2)c2cc(OC)c(OC)c(OC)c2)cc1O,4.11,1
CHEMBL4777961,CCCCCCCCCCCCCCCCNNC(=O)c1cccs1,4.11,1
CHEMBL4467915,CC1=CCC[C@@]2(C)CCC3=C(C)CC[C@@H](C[C@H]12)C3(C)C,4.1,1
CHEMBL245548,O=C(/C=C/c1cccc2ccccc12)NO,4.09,1
CHEMBL1165293,C[C@H](CCCCC(=O)Nc1ccccc1N)[C@H]1CC[C@H]2/C(=C/C=C3C[C@@H](O)C[C@H](O)C3)CCC[C@]12C,4.09,2
CHEMBL5267343,O=C(CCCCCCNC(=O)C(O)(O)C(F)(F)F)Nc1nc2ccccc2s1,4.09,1
CHEMBL1800246,CC(=O)Nc1ccc(C(=O)COc2nc(C)cc(O)n2)cc1,4.06,1
CHEMBL1767039,CNC(=O)/C(CCCCCCC(=O)Nc1cccc(-c2ccc(Cl)nc2)c1)=N\O,4.03,1
CHEMBL4209794,COc1cc2ncn(CCC(=O)O)c(=O)c2cc1OC,4.02,1
CHEMBL4204813,Cn1c(CCC(=O)O)nc2ccccc21,4.0,1
CHEMBL5281058,COc1ccc2sc(NC(=O)CCCCCCNC(=O)C(O)(O)C(F)(F)F)nc2c1,4.0,1
CHEMBL5270636,O=C(CCCCCCNC(=O)C(O)(O)C(F)(F)F)Nc1ccc(Br)cc1,4.0,1
