molecule_chembl_id,canonical_smiles,pIC50_median,n_measurements
CHEMBL4860000,CCC(=O)CCCCC[C@@H]1NC(=O)[C@H]2CC23CCN(CCCCCCCCn2ccc4cc(ccc4c2=O)-c2cnc1[nH]2)CC3,10.22,1
CHEMBL4862152,CCC(=O)CCCCC[C@H](NC(=O)[C@H]1CC12CCN(CC1CC1)CC2)c1ncc(-c2cc3ccc(C)nc3cc2OC)o1,10.1,1
CHEMBL4641682,CN1CC(C(=O)N[C@@H](CCCCCC(=O)c2ccon2)c2ncc(-c3ccccc3F)[nH]2)C1,10.06,1
CHEMBL4649205,CCC(=O)CCCCC[C@H](NC(=O)[C@H]1CC12CCN(CC1CC1)CC2)c1ncc(-c2cc3ccccc3nc2OC)[nH]1,10.03,1
CHEMBL4861467,CCC(=O)CCCCC[C@H](NC(=O)[C@H]1CC12CCN(CC1CC1)CC2)c1ncc(-c2cc3cccnc3cc2OC)[nH]1,10.0,1
CHEMBL4878197,CCC(=O)CCCCC[C@@H]1NC(=O)[C@H]2CC23CCN(CCCCCCCCn2ccc4cc(c(OC)cc4c2=O)-c2cnc1[nH]2)CC3,9.89,1
CHEMBL4644038,CCC(=O)CCCCC[C@H](NC(=O)[C@H]1CC12CCN(C(C)C)CC2)c1ncc(-c2cc3ccccc3nc2OC)[nH]1,9.74,1
CHEMBL4642518,CCC(=O)CCCCC[C@H](NC(=O)[C@H]1CC12CCN(C)CC2)c1ncc(-c2cc3ccccc3nc2OC)[nH]1,9.72,1
CHEMBL4759693,CCC(=O)CCCCC[C@H](NC(=O)[C@H]1CC12CCN(C)CC2)c1[nH]c(-c2ccc3nc(C)ccc3c2)nc1C#N,9.7,1
CHEMBL4742026,CCC(=O)CCCCC[C@H](NC(=O)[C@H]1CC12CCN(C)CC2)c1ncc(-c2cn(C)c3ccccc23)[nH]1,9.7,1
CHEMBL4780309,CCC(=O)CCCCC[C@H](NC(=O)[C@H]1CC12CCN(C)CC2)c1ncc(-c2ccc3[nH]c4ccccc4c3c2)[nH]1,9.7,1
CHEMBL4753460,CCC(=O)CCCCC[C@H](NC(=O)[C@H]1CC12CCN(CC)CC2)c1ncc(-c2cc(C(C)C)ccc2OC)[nH]1,9.7,1
CHEMBL4638264,CCC(=O)CCCCC[C@H](NC(=O)[C@H]1CCC12CCN(CC)CC2)c1ncc(-c2cc3ccccc3nc2OC)[nH]1,9.55,1
CHEMBL5093099,CCCNNC(=O)c1ccc(CNC(=O)c2cc3cc(OC)ccc3o2)cc1,9.55,1
CHEMBL3329621,CC(C)[C@@H]1NC(=O)[C@]2(C)CSC(=N2)c2csc(n2)CNC(=O)C[C@@H](/C=C/CCSSCC/C=C/[C@@H]2CC(=O)NCc3nc(cs3)C3=N[C@@](C)(CS3)C(=O)N[C@@H](C(C)C)C(=O)O2)OC1=O,9.52,1
CHEMBL4761973,CCC(=O)CCCCC[C@H](NC(=O)[C@H]1CC12CCN(C)CC2)c1[nH]c(-c2ccc3nn(C)cc3c2)nc1C#N,9.52,1
CHEMBL4746782,CCC(=O)CCCCC[C@H](NC(=O)[C@H]1CC12CCN(C)CC2)c1[nH]c(-c2ccc(-c3cccnc3)cc2)nc1C#N,9.52,1
CHEMBL4597954,CCCNNC(=O)/C=C/c1ccc(CNCCc2c(C)[nH]c3ccccc23)cc1,9.52,3
CHEMBL4869000,CCC(=O)CCCCC[C@@H]1NC(=O)[C@H]2CC23CCN(CCCOCCCn2ccc4cc(ccc4c2=O)-c2cnc1[nH]2)CC3,9.49,1
CHEMBL5218556,CCC(=O)CCCCC[C@H](NC(=O)[C@H]1CC12CCN(C)CC2)c1ncc(-c2ccc3nc(C)ccc3c2)[nH]1,9.48,1
CHEMBL4642023,CCC(=O)CCCCC[C@H](NC(=O)[C@H]1CC12CCC(N(C)C)CC2)c1ncc(-c2cc3ccccc3nc2OC)[nH]1,9.47,1
CHEMBL4637357,CCC(=O)CCCCC[C@H](NC(=O)[C@H]1CC12CCN(CC)CC2)c1ncc(-c2cc3ccccc3nc2OC)[nH]1,9.47,3
CHEMBL5219006,CCC(=O)CCCCC[C@H](NC(=O)[C@H]1CC12CCN(C)CC2)c1ncc(-c2ccc3nc(CC)ccc3c2)[nH]1,9.47,1
CHEMBL5218586,CCC(=O)CCCCC[C@H](NC(=O)[C@H]1CC12CCN(C)CC2)c1ncc(-c2cc3cccnc3cc2OC)[nH]1,9.44,1
CHEMBL5219039,CCC(=O)CCCCC[C@H](NC(=O)[C@H]1CC12CCN(C)CC2)c1ncc(-c2cc3ccncc3nc2OC)[nH]1,9.43,1
CHEMBL3317811,C[C@@]12CSC(=N1)c1csc(n1)CNC(=O)C[C@@H](/C=C/CCS)OC(=O)[C@H](Cc1ccc(O)cc1)NC2=O,9.42,1
CHEMBL5078985,CCCNNC(=O)c1ccc(CNC(=O)c2cc3ccccc3o2)cc1,9.42,1
CHEMBL4758559,CCOC(=O)c1cc2cc(OC)c(-c3cnc([C@H](CCCCCC(=O)CC)NC(=O)[C@H]4CC45CCN(CC)CC5)[nH]3)cc2o1,9.4,1
CHEMBL4759606,CCC(=O)CCCCC[C@H](NC(=O)[C@H]1CC12CCN(CC)CC2)c1ncc(-c2cc(F)ccc2OC)[nH]1,9.4,1
CHEMBL5220616,CCC(=O)CCCCC[C@H](NC(=O)[C@H]1CC12CCN(C)CC2)c1ncc(-c2ccc3nc(N4CCCC4)ccc3c2)[nH]1,9.4,1
CHEMBL5220454,CCC(=O)CCCCC[C@H](NC(=O)[C@H]1CC12CCN(CC)CC2)c1ncc(-c2cc3ccc(=O)n(C)c3cc2OC)o1,9.4,1
CHEMBL5288006,[11CH3]n1cc(CCNCc2ccc(/C=C/C(=O)NO)cc2)c2ccccc21,9.4,1
CHEMBL343557,Cn1cc(CCNCc2ccc(/C=C/C(=O)NO)cc2)c2ccccc21,9.4,1
CHEMBL4278715,COc1cc(-c2nc(NCc3ccc(C(=O)NO)cc3)cc3c2[nH]c2ccccc23)cc(OC)c1OC,9.39,1
CHEMBL5219634,CCC(=O)CCCCC[C@H](NC(=O)[C@H]1CC12CCN(C)CC2)c1ncc(-c2ccc3nc(OC)ccc3c2)[nH]1,9.39,1
CHEMBL4861271,CCC(=O)CCCCC[C@H](NC(=O)[C@H]1CC12CCN(C)CC2)c1ncc(-c2cc3ccc(N4CCCC4)nc3cc2OC)[nH]1,9.38,1
CHEMBL4876454,CC(C)(C)OC(=O)Nc1ccc(-c2cc(NC(=O)CCCCCCC(=O)NO)no2)cc1,9.38,1
CHEMBL5219739,CCC(=O)CCCCC[C@H](NC(=O)[C@H]1CC12CCN(C)CC2)c1ncc(-c2ccc(-c3cccnc3)cc2)[nH]1,9.35,1
CHEMBL5218926,CCC(=O)CCCCC[C@H](NC(=O)[C@H]1CC12CCN(C)CC2)c1ncc(-c2ccc(-c3ccncc3)cc2)[nH]1,9.34,1
CHEMBL5219490,CCC(=O)CCCCC[C@H](NC(=O)[C@H]1CC12CCN(CC)CC2)c1ncc(-c2cc3ccncc3nc2OC)o1,9.31,1
CHEMBL5083249,CCCNNC(=O)c1ccc(CNC(=O)c2cc3ccccc3[nH]2)cc1,9.3,2
CHEMBL5613686,CCCNNC(=O)/C=C/c1ccc(CN(CC)CCc2c(C)[nH]c3ccccc23)cc1,9.3,1
CHEMBL5785366,O=C(/C=C/c1ccc(CNCC23CC4CC(CC(C4)C2)C3)c(F)c1)NO,9.3,1
CHEMBL5086141,CCCNNC(=O)c1ccc(CNC(=O)c2cc3cc(O)ccc3o2)cc1,9.29,1
CHEMBL5219359,CCC(=O)CCCCC[C@H](NC(=O)[C@H]1CC12CCN(C)CC2)c1ncc(-c2ccc3nc(-c4ncco4)ccc3c2)[nH]1,9.29,1
CHEMBL5219969,CCC(=O)CCCCC[C@H](NC(=O)[C@H]1CC12CCN(C)CC2)c1ncc(-c2ccc3nn(C)cc3c2)[nH]1,9.27,1
CHEMBL5220254,CCC(=O)CCCCC[C@H](NC(=O)[C@H]1CC12CCN(C)CC2)c1ncc(-c2cc3ccc(C)nc3cc2CC)[nH]1,9.27,1
CHEMBL5906819,O=C(/C=C/c1ccc(CNCC2CCCCC2)c(F)c1)NO,9.27,1
CHEMBL5087431,CCCNNC(=O)c1ccc(CNC(=O)c2cc3ccccc3s2)cc1,9.26,1
CHEMBL5080511,CCCNNC(=O)c1ccc(CNC(=O)c2cc3cc(OC)ccc3[nH]2)cc1,9.24,1
CHEMBL3329622,CC(C)[C@@H]1NC(=O)[C@]2(C)CSC(=N2)c2csc(n2)CNC(=O)C[C@@H](/C=C/CCSSC[C@H](NC(=O)OC(C)(C)C)C(=O)OC(C)(C)C)OC1=O,9.22,1
CHEMBL4648704,CCC(=O)CCCCC[C@H](NC(=O)[C@H]1CC12CCN(CC)CC2)c1ncc(-c2cc3ccccc3nc2OC)o1,9.22,1
CHEMBL4745088,CCC(=O)CCCCC[C@H](NC(=O)[C@H]1CC12CCN(C)CC2)c1ncc(-c2cnc3ccccc3c2)[nH]1,9.22,3
CHEMBL5269165,CCC(=O)CCCCC[C@H](NC(=O)C(C)(C)N(C)C)c1ncc(-c2cc3ccccc3nc2OC)o1,9.22,1
CHEMBL5796974,CN(Cc1ccc(/C=C/C(=O)NO)cc1)CC12CC3CC(CC(C3)C1)C2,9.22,3
CHEMBL5089712,CCCNNC(=O)c1ccc(CNC(=O)c2cc3cc(Cl)ccc3o2)cc1,9.21,1
CHEMBL5083475,CCCNNC(=O)c1ccc(CNC(=O)c2cc3cc(Br)ccc3o2)cc1,9.21,1
CHEMBL5218535,CCC(=O)CCCCC[C@H](NC(=O)[C@H]1CC12CCN(C)CC2)c1ncc(-c2ccc3ncccc3c2)[nH]1,9.2,1
CHEMBL3621294,O=C(CCCCCCC(=O)Nc1ccc2c(c1)/C(=C/c1ccc[nH]1)C(=O)N2)NO,9.18,1
CHEMBL5087971,CCCNNC(=O)c1ccc(CNC(=O)c2cc3cc(Cl)ccc3[nH]2)cc1,9.18,1
CHEMBL3317810,C[C@@]12CSC(=N1)c1csc(n1)CNC(=O)C[C@@H](/C=C/CCS)OC(=O)[C@H](Cc1ccccc1)NC2=O,9.17,1
CHEMBL5219338,CCC(=O)CCCCC[C@H](NC(=O)[C@H]1CC12CCN(CC)CC2)c1ncc(-c2ccc(-c3ccccc3)[nH]c2=O)[nH]1,9.17,1
CHEMBL1796689,CC(C)[C@H]1NC(=O)[C@]2(C)CSC(=N2)c2csc(n2)CNC(=O)C[C@@H](/C=C/CCS)OC1=O,9.15,3
CHEMBL4785376,CCC(=O)CCCCC[C@H](NC(=O)[C@H]1CC12CCN(CC)CC2)c1[nH]c(-c2ccc(F)cc2)nc1C(N)=O,9.15,2
CHEMBL4755945,CCC(=O)CCCCC[C@H](NC(=O)[C@H]1CC12CCN(CC)CC2)c1ncc(-c2c(F)cccc2OC)[nH]1,9.15,1
CHEMBL4788187,CCOC(=O)C1CC1c1ccc(OC)c(-c2cnc([C@H](CCCCCC(=O)CC)NC(=O)[C@H]3CC34CCN(CC)CC4)[nH]2)c1,9.15,1
CHEMBL4747553,CCC(=O)CCCCC[C@H](NC(=O)[C@H]1CC12CCN(CC)CC2)c1ncc(-c2cc(C(F)(F)F)ccc2OC)[nH]1,9.15,1
CHEMBL4288953,Cc1ccc(-c2nc(NCc3ccc(C(=O)NO)cc3)cc3c2[nH]c2ccccc23)cc1,9.12,2
CHEMBL5219422,CCC(=O)CCCCC[C@H](NC(=O)[C@H]1CC12CCN(C)CC2)c1ncc(-c2ccc(-c3cnccn3)cc2)[nH]1,9.12,1
CHEMBL4639206,CCC(=O)CCCCC[C@H](NC(=O)[C@H]1CC12CCN(Cc1cccnc1)CC2)c1ncc(-c2cc3ccccc3nc2OC)[nH]1,9.11,1
CHEMBL3759794,O=C(CCCCCC(=O)N/N=C/c1ccc(-c2cccnc2)cc1)NO,9.1,1
CHEMBL4638330,CCC(=O)CCCCC[C@H](NC(=O)[C@@H]1CC12CN(C)C2)c1ncc(-c2cc3ccccc3nc2OC)[nH]1,9.1,1
CHEMBL4638976,CCC(=O)CCCCC[C@H](NC(=O)CC1CC2(C1)CN(C)C2)c1ncc(-c2cc3ccccc3nc2OC)[nH]1,9.1,1
CHEMBL5093836,CCCNNC(=O)c1ccc(CNC(=O)c2cc3cc(F)ccc3o2)cc1,9.08,1
CHEMBL4854377,CCC(=O)CCCCC[C@@H]1NC(=O)[C@H]2CC23CCN(C/C=C/CN2C4CCC2c2cc(ccc24)-c2cnc1[nH]2)CC3,9.07,1
CHEMBL5089744,C=CCOc1ccc2oc(C(=O)NCc3ccc(C(=O)NNCCC)cc3)cc2c1,9.07,1
CHEMBL4644118,CCC(=O)CCCCC[C@H](NC(=O)[C@H]1C[C@]12CCN(C)C2)c1ncc(-c2cc3ccccc3nc2OC)[nH]1,9.05,1
CHEMBL4748244,CCC(=O)CCCCC[C@H](NC(=O)[C@H]1CC12CCN(C)CC2)c1[nH]c(-c2ccc(F)cc2)nc1C(N)=O,9.05,1
CHEMBL5084347,CCCNNC(=O)c1ccc(CNC(=O)c2ccc3ccccc3c2)cc1,9.05,1
CHEMBL5073909,CCCNNC(=O)c1ccc(CNC(=O)c2ccc3ccccc3n2)cc1,9.05,1
CHEMBL5189990,CCNNC(=O)c1ccc(CNC(=O)Nc2cccc3cccnc23)cc1,9.05,1
CHEMBL5618885,CNc1ccc(-c2nc(N3CCOCC3)c3sc(CN(C)c4ncc(C(=O)NO)cn4)cc3n2)cn1,9.05,1
CHEMBL4526892,CCCNNC(=O)c1ccc(CNC(=O)/C=C/c2ccccc2)cc1,9.02,4
CHEMBL343448,C/C=C1\NC(=O)[C@H]2CSSCC/C=C/[C@H](CC(=O)N[C@H](C(C)C)C(=O)N2)OC(=O)[C@H](C(C)C)NC1=O,9.0,6
CHEMBL3356916,Cc1cccc(NC(=O)[C@H](CCCCCS)NC(=O)[C@@H]2CCCC(=O)N2)c1,9.0,1
CHEMBL5220720,CCC(=O)CCCCC[C@H](NC(=O)[C@H]1CC12CCN(C)CC2)c1ncc(-c2ccc3nc(-n4cccn4)ccc3c2)[nH]1,9.0,1
CHEMBL6025944,Nc1ccccc1NC(=O)c1ccc(NC(=O)C/C=C/c2cccnc2)cn1,9.0,1
CHEMBL5923179,Cc1ccc(CCCC(=O)Nc2ccc(C(=O)Nc3ccc(F)cc3N)nc2)cn1,9.0,1
CHEMBL5821743,Nc1cc(C(F)(F)F)ccc1NC(=O)c1ccc(NC(=O)C/C=C/c2cccnc2)cn1,9.0,1
CHEMBL5075150,CCCNNC(=O)c1ccc(CNC(=O)c2ccc3cnccc3c2)cc1,8.99,1
CHEMBL3317812,C[C@@]12CSC(=N1)c1csc(n1)CNC(=O)C[C@@H](/C=C/CCS)OC(=O)[C@H](Cc1c[nH]cn1)NC2=O,8.96,1
CHEMBL3317818,CC(C)(C)OC(=O)n1cnc(C[C@@H]2NC(=O)[C@]3(C)CSC(=N3)c3csc(n3)CNC(=O)C[C@@H](/C=C/CCS)OC2=O)c1,8.96,1
CHEMBL5271471,CCC(=O)CCCCC[C@H](NC(=O)C1CN(C)C1)c1ncc(-c2cc3ccccc3nc2OC)o1,8.96,1
CHEMBL6003322,COc1ccc2c(c1)C(=O)N(CCCCCC(=O)NO)c1ccccc1S2,8.96,1
CHEMBL3759059,COc1ccc(Br)c(/C=N/NC(=O)CCCCCC(=O)NO)c1,8.92,1
CHEMBL4641343,CCC(=O)CCCCC[C@H](NC(=O)C1CC2(C1)CN(C)C2)c1ncc(-c2cc3ccccc3nc2OC)[nH]1,8.92,1
CHEMBL4634829,CCC(=O)CCCCC[C@H](NC(=O)[C@H]1C[C@@]12CCN(C)C2)c1ncc(-c2cc3ccccc3nc2OC)[nH]1,8.92,1
CHEMBL4633758,CCC(=O)CCCCC[C@H](NC(=O)C1=NOC2(CCN(C)CC2)C1)c1ncc(-c2cc3ccccc3nc2OC)[nH]1,8.92,1
CHEMBL5218980,CCC(=O)CCCCC[C@H](NC(=O)[C@H]1CC12CCN(C)CC2)c1ncc(-c2ccc3c(ccc(=O)n3C)c2)[nH]1,8.92,1
CHEMBL2375871,O=C(/C=C/c1ccc(CNCC23CC4CC(CC(C4)C2)C3)cc1)NO,8.92,1
CHEMBL4285608,COc1cccc(-c2nc(NCc3ccc(C(=O)NO)cc3)cc3c2[nH]c2ccccc23)c1,8.89,1
CHEMBL4464421,CCOC(=O)Nc1cccc(-c2csc(NC(=O)CCCCCC(=O)NO)n2)c1,8.89,1
CHEMBL5220408,CCC(=O)CCCCC[C@H](NC(=O)[C@H]1CC12CCN(C)CC2)c1ncc(-c2cc3ccc(C)nc3cc2F)o1,8.89,1
CHEMBL5853881,COc1ccc2c(c1)C(=O)N(CCCCCC(=O)NO)c1ccccc1S2(=O)=O,8.89,1
CHEMBL6161573,Cc1c(N)cccc1-c1cn(CCCCCCC(=O)NO)c2ccc(C#N)cc12,8.89,1
CHEMBL5084847,CCCNNC(=O)c1ccc(CNC(=O)c2nc3ccccc3s2)cc1,8.88,1
CHEMBL5076715,CCCNNC(=O)c1ccc(CNC(=O)c2cc3cc(Br)ccc3[nH]2)cc1,8.88,1
CHEMBL3593247,CC(C)[C@@H]1NC(=O)[C@]2(C)CSC(=N2)c2csc(n2)CNC(=O)C[C@@H](/C=C/CCS)OC1=O,8.86,2
CHEMBL1091815,O=C(CCCCCCC(=O)Nc1cccc(-c2cn(-c3cc(F)cc(F)c3)nn2)c1)NO,8.85,1
CHEMBL3758870,O=C(CCCCCC(=O)N/N=C/c1ccc(-c2ccccn2)cc1)NO,8.85,1
CHEMBL4794196,CCC(=O)CCCCC[C@H](NC(=O)[C@H]1CC12CCN(CC)CC2)c1ncc(-c2cc(F)cc(F)c2OC)[nH]1,8.85,1
CHEMBL5199007,O=C(CCCCCCC(=O)Nc1nc2c(s1)C[C@@H](NC(=O)c1cccc3ccccc13)CC2)NO,8.85,1
CHEMBL5081353,CCCNNC(=O)c1ccc(CNC(=O)c2nc3ccccc3[nH]2)cc1,8.84,1
CHEMBL4532398,C[C@@H]1CN(C(=O)Nc2ccc(-c3nc(N4CCOCC4)c4cnn(CCCCCCC(=O)NO)c4n3)cc2)CCO1,8.83,1
CHEMBL5086924,CCCNNC(=O)c1ccc(CNC(=O)c2cc3ccccc3cn2)cc1,8.83,1
CHEMBL4636652,CCC(=O)CCCCC[C@H](NC(=O)[C@H]1CC12CN(C)C2)c1ncc(-c2cc3ccccc3nc2OC)[nH]1,8.82,1
CHEMBL4637745,CCC(=O)CCCCC[C@H](NC(=O)C1CCC2(CC1)CN(C)C2)c1ncc(-c2cc3ccccc3nc2OC)[nH]1,8.82,1
CHEMBL4646582,CCC(=O)CCCCC[C@H](NC(=O)[C@@H]1CCC12CCN(CC)CC2)c1ncc(-c2cc3ccccc3nc2OC)[nH]1,8.82,1
CHEMBL4632432,CCC(=O)CCCCC[C@H](NC(=O)[C@H]1CC12CCN(CC(F)(F)F)CC2)c1ncc(-c2cc3ccccc3nc2OC)[nH]1,8.82,1
CHEMBL4793832,CCC(=O)CCCCC[C@H](NC(=O)[C@H]1CC12CCN(CC)CC2)c1ncc(-c2cc(F)c(F)cc2OC)[nH]1,8.82,1
CHEMBL4754365,CCC(=O)CCCCC[C@H](NC(=O)[C@H]1CC12CCN(CC)CC2)c1ncc(-c2ccc(OC)nc2OC)[nH]1,8.82,1
CHEMBL5218651,CCC(=O)CCCCC[C@H](NC(=O)[C@H]1CC12CCN(C)CC2)c1ncc(-c2cc3ccc(C)nc3cc2Cl)[nH]1,8.82,1
CHEMBL1094708,Nc1ccc(-n2cc(-c3cccc(NC(=O)CCCCCCC(=O)NO)c3)nn2)cc1,8.81,1
CHEMBL5075425,CCCNNC(=O)c1ccc(CNC(=O)c2ccc3ccncc3c2)cc1,8.81,1
CHEMBL216641,COc1ccc2[nH]c(C)c(CC(=O)N[C@@H](CCCCCC(=O)NO)C(=O)NCCc3c(-c4ccccc4)[nH]c4ccccc34)c2c1,8.8,1
CHEMBL3758735,O=C(CCCCCC(=O)N/N=C/c1ccc(-c2cccs2)cc1)NO,8.8,1
CHEMBL4640923,CCC(=O)CCCCC[C@H](NC(=O)[C@@H]1CC12CCN(C)CC2)c1ncc(-c2cc3ccccc3nc2OC)[nH]1,8.8,1
CHEMBL5089258,CCCNNC(=O)c1ccc(CNC(=O)c2cc3cc(F)ccc3[nH]2)cc1,8.79,1
CHEMBL1088735,O=C(CCCCCCC(=O)Nc1cccc(-c2cn(Cc3ccc(O)cc3)nn2)c1)NO,8.78,1
CHEMBL4550526,CC(C)(C)OC(=O)Nc1cccc(-c2csc(NC(=O)CCCCCC(=O)NO)n2)c1,8.77,1
CHEMBL4640939,CCCN1CCC2(CC1)C[C@@H]2C(=O)N[C@@H](CCCCCC(=O)CC)c1ncc(-c2cc3ccccc3nc2OC)[nH]1,8.77,1
CHEMBL4647014,CCC(=O)CCCCC[C@H](NC(=O)[C@H]1CC12CCN(Cc1ccc(OC)cc1)CC2)c1ncc(-c2cc3ccccc3nc2OC)[nH]1,8.77,1
CHEMBL443392,CCC(=O)CCCCC[C@@H]1NC(=O)[C@H]2CCCCN2C(=O)[C@H]([C@H](C)CC)NC(=O)[C@H](Cc2cn(OC)c3ccccc23)NC1=O,8.77,1
CHEMBL4873847,CCC(=O)CCCCC[C@H]1NC(=O)[C@H]2CCCCN2C(=O)[C@H]([C@@H](C)CC)NC(=O)[C@@H](Cc2cn(OC)c3ccccc23)NC1=O,8.77,1
CHEMBL5073024,CCCNNC(=O)c1ccc(CNC(=O)c2cnc3ccccc3c2)cc1,8.75,1
CHEMBL3317817,CC(C)(C)OC(=O)NCCC[C@@H]1NC(=O)[C@]2(C)CSC(=N2)c2csc(n2)CNC(=O)C[C@@H](/C=C/CCS)OC1=O,8.74,1
CHEMBL3758281,O=C(CCCCCC(=O)N/N=C/c1ccc(-c2ccncc2)cc1)NO,8.74,1
CHEMBL3622533,COc1ccc(-c2nc(N3CCOCC3)c3sc(CN(C)c4ncc(C(=O)NO)cn4)cc3n2)cn1,8.74,5
CHEMBL4645468,CCC(=O)CCCCC[C@H](NC(=O)[C@@H]1C[C@]12CCN(C)C2)c1ncc(-c2cc3ccccc3nc2OC)[nH]1,8.74,1
CHEMBL4759472,CCC(=O)CCCCC[C@H](NC(=O)[C@H]1CC12CCN(CC)CC2)c1[nH]c(-c2ccc(F)cc2)nc1C#N,8.74,1
CHEMBL4753639,CCC(=O)CCCCC[C@H](NC(=O)[C@H]1CC12CCN(CC)CC2)c1ncc(-c2cccnc2OC)[nH]1,8.74,1
CHEMBL5269123,COc1ccc(/C=N/NC(=O)CCCCCCCC(=O)NO)cc1,8.74,1
CHEMBL4797893,CCC(=O)CCCCC[C@H](NC(=O)[C@H]1CC12CCN(C)CC2)c1[nH]c(-c2ccc(C(F)(F)F)cc2)nc1C#N,8.72,1
CHEMBL4748516,CCC(=O)CCCCC[C@H](NC(=O)[C@H]1CC12CCN(C)CC2)c1ncc(-c2ccc(C)nc2OC)[nH]1,8.72,2
CHEMBL4751762,CCC(=O)CCCCC[C@H](NC(=O)[C@H]1CC12CCN(CC)CC2)c1ncc(-c2cccc(F)c2OC)[nH]1,8.72,1
CHEMBL5219978,CCC(=O)CCCCC[C@H](NC(=O)[C@H]1CC12CCN(C)CC2)c1ncc(-c2cc3ccc(C4CC4)nc3cc2F)o1,8.72,1
CHEMBL1830399,CCCCc1nc2cc(/C=C/C(=O)NO)ccc2n1CCN(C)C,8.72,1
CHEMBL2417782,CC(C)(C)OC(=O)Nc1cccc(-c2csc(NC(=O)CCCCCCC(=O)NO)n2)c1,8.7,1
CHEMBL3098602,O=C(CCCCC[C@H](NC(=O)[C@H]1CCC(=O)N1)C(=O)Nc1cccc(C(F)(F)F)c1)NO,8.7,1
CHEMBL3356925,O=C1NC[C@@H](c2ccccc2)[C@@H]1C(=O)N[C@@H](CCCCCS)C(=O)Nc1ccccc1,8.7,1
CHEMBL3759921,O=C(CCCCCCC(=O)N/N=C/c1ccc(-c2ccccc2)cc1)NO,8.7,1
CHEMBL4090165,O=C(NO)c1ccc(Cn2cc(-c3ccc(CN4CCCC4)cc3)nn2)cc1,8.7,1
CHEMBL4642874,O=C(NO)c1ccc(NC(=O)C2(c3ccc4ccccc4c3)CCOCC2)cc1,8.7,1
CHEMBL4639966,O=C(NO)c1ccc(NC(=O)C2(c3ccc(-c4cn[nH]c4)cc3)CCCCC2)cc1,8.7,2
CHEMBL5314582,CC(C)[C@H](N)C(=O)SCC/C=C/[C@@H]1CC(=O)NCc2nc(cs2)C(=O)NC(C)(C)C(=O)N[C@@H](C(C)C)C(=O)O1.O=S(=O)(O)c1ccccc1,8.7,1
CHEMBL5074837,CCCNNC(=O)c1ccc(CNC(=O)c2ccc3cnccc3n2)cc1,8.69,1
CHEMBL483254,Cc1[nH]c2ccccc2c1CCNCc1ccc(/C=C/C(=O)NO)cc1,8.68,15
CHEMBL1630208,Nc1cccc(-c2csc(NC(=O)CCCCCC(=O)NO)n2)c1,8.68,1
CHEMBL4637397,CCC(=O)CCCCC[C@H](NC(=O)[C@@H]1CC12CCCN(C)C2)c1ncc(-c2cc3ccccc3nc2OC)[nH]1,8.68,1
CHEMBL4649561,CCC(=O)CCCCC[C@H](NC(=O)[C@H]1CC12CCOCC2)c1ncc(-c2cc3ccccc3nc2OC)[nH]1,8.68,1
CHEMBL4644387,CCC(=O)CCCCC[C@H](NC(=O)[C@H]1CC12CCN(Cc1ccccc1)CC2)c1ncc(-c2cc3ccccc3nc2OC)[nH]1,8.68,1
CHEMBL2105763,Cn1cc(CNCC2CCN(c3ncc(C(=O)NO)cn3)CC2)c2ccccc21,8.68,4
CHEMBL5220815,CCC(=O)CCCCC[C@H](NC(=O)[C@H]1CC12CCN(C)CC2)c1ncc(C2=CC3SC=NC3C=C2)[nH]1,8.66,1
CHEMBL4798826,CC(C)(C)c1ccc(S(=O)(=O)Nc2ccc(C(=O)NO)cc2)cc1,8.65,1
CHEMBL3593411,CC(C)[C@@H]1NC(=O)[C@]2(C)CSC(=N2)c2ccnc(c2)CNC(=O)C[C@@H](/C=C/CCS)OC1=O,8.64,1
CHEMBL4754237,CCC(=O)CCCCC[C@H](NC(=O)[C@H]1CC12CCN(C)CC2)c1ncc(-c2ccc(-c3cccnc3)nc2)[nH]1,8.64,2
CHEMBL4797791,CCC(=O)CCCCC[C@H](NC(=O)[C@H]1CC12CCN(CC)CC2)c1ncc(-c2cc(C#N)ccc2OC)[nH]1,8.64,1
CHEMBL5221068,CCC(=O)CCCCC[C@H](NC(=O)[C@H]1CC12CCN(C)CC2)c1ncc(C2=CC3OC=NC3C=C2)[nH]1,8.64,1
CHEMBL5218487,CCC(=O)CCCCC[C@H](NC(=O)[C@H]1CC12CCN(CC)CC2)c1ncc(-c2cc3cn(C)nc3cc2OC)o1,8.64,1
CHEMBL3621297,Nc1ccccc1NC(=O)CCCCC(=O)Nc1ccc2c(c1)/C(=C/c1ccc[nH]1)C(=O)N2,8.62,1
CHEMBL3758492,O=C(CCCCCC(=O)N/N=C/c1ccc(-c2cncnc2)cc1)NO,8.62,1
CHEMBL4741084,CCC(=O)CCCCC[C@H](NC(=O)C12CCN(CC1)CC2)c1[nH]c(-c2ccc(F)cc2)nc1C#N,8.62,1
CHEMBL5613673,CCCNNC(=O)/C=C/c1ccc(CN(CCc2c(C)[nH]c3ccccc23)CC2CCC2)cc1,8.62,1
CHEMBL5613071,CCCNNC(=O)c1ccc(CN(CCC)C(=O)c2cc3ccccc3s2)cc1,8.62,1
CHEMBL146250,C/C=C1\NC(=O)[C@@H](CS)NC(=O)[C@@H](C(C)C)NC(=O)C[C@@H](/C=C/CCS)OC(=O)[C@H](C(C)C)NC1=O,8.61,2
CHEMBL4443998,C[C@H](NC(=O)c1nc(-c2ncc(-c3ccc(F)cc3)s2)sc1C1CC1)c1ccc(C(=O)NO)cc1,8.6,1
CHEMBL4649628,CCC(=O)CCCCC[C@H](NC(=O)[C@H]1CC12CCN(C(C)C)CC2)c1ncc(-c2cc3ccccc3nc2OC)o1,8.6,1
CHEMBL4776685,CCC(=O)CCCCC[C@H](NC(=O)C1CN(C)C1)c1[nH]c(-c2ccccc2)nc1C(N)=O,8.6,2
CHEMBL5566022,CCCNNC(=O)c1ccc(N2CCN(C)CC2)cc1,8.6,1
CHEMBL3593407,CC(C)[C@@H]1NC(=O)[C@]2(C)CSC(=N2)c2csc(n2)CNC(=O)C[C@@H](/C=C/CCS)NC1=O,8.59,1
CHEMBL4636123,CCC(=O)CCCCC[C@H](NC(=O)[C@H]1CC12CCN(C(C)=O)CC2)c1ncc(-c2cc3ccccc3nc2OC)[nH]1,8.59,1
CHEMBL4876610,CCC(=O)CCCCC[C@@H]1NC(=O)[C@H]2CC23CCN(CCCOCCn2ccc4cc(ccc4c2=O)-c2cnc1[nH]2)CC3,8.59,1
CHEMBL5220576,CCC(=O)CCCCC[C@H](NC(=O)[C@H]1CC12CCN(CC)CC2)c1ncc(-c2cc3nccnc3cc2OC)[nH]1,8.59,1
CHEMBL4160632,O=C(CCCCCN1C(=O)c2cccc3c(N4CCOCC4)ccc(c23)C1=O)NO,8.58,1
CHEMBL483893,O=C(CCCCCCC(=O)Nc1cccc(-c2cn(CC(O)c3cccc(Br)c3)nn2)c1)NO,8.57,1
CHEMBL4753648,CCC(=O)CCCCC[C@H](NC(=O)[C@H]1CC12CCN(CC)CC2)c1ncc(-c2cccc(Cl)c2OC)[nH]1,8.57,1
CHEMBL485514,O=C(C=C1c2ccccc2-c2ccccc21)NCCCCCC(=O)NO,8.55,1
CHEMBL1094709,O=C(CCCCCCC(=O)Nc1cccc(-n2cc(-c3ccccc3)nn2)c1)NO,8.55,1
CHEMBL4641048,CCC(=O)CCCCC[C@H](NC(=O)[C@@H]1C[C@@]12CCN(C)C2)c1ncc(-c2cc3ccccc3nc2OC)[nH]1,8.55,1
CHEMBL3339024,Cc1ccc(Nc2ncnc3sc(NC(=O)CCCCCCC(=O)NO)cc23)cc1,8.54,1
CHEMBL4788911,CCC(=O)CCCCC[C@H](NC(=O)[C@H]1CC12CCN(C)CC2)c1[nH]c(-c2ccc(F)cc2)nc1C#N,8.54,1
CHEMBL4757813,CCC(=O)CCCCC[C@H](NC(=O)[C@H]1CC12CCN(CC)CC2)c1ncc(-c2cc([N+](=O)[O-])ccc2OC)[nH]1,8.54,1
CHEMBL5619281,CCCC(CCC)C(=O)N[C@@H](Cc1ccccc1)C(=O)NO,8.54,1
CHEMBL1091475,O=C(CCCCCCC(=O)Nc1cccc(-c2cn(-c3ccc(I)cc3)nn2)c1)NO,8.52,1
CHEMBL3356527,O=C1NCCC[C@H]1C(=O)N[C@@H](CCCCCS)C(=O)Nc1ccccc1,8.52,1
CHEMBL3356917,Cc1ccc(NC(=O)[C@H](CCCCCS)NC(=O)[C@@H]2CCCC(=O)N2)cc1,8.52,1
CHEMBL3356923,Cc1cccc(NC(=O)[C@H](CCCCCS)NC(=O)[C@H]2CCC(=O)N2)c1,8.52,1
CHEMBL4460552,C[C@H](NC(=O)c1nc(-c2ncc(-c3ccccc3)s2)sc1C1CC1)c1ccc(C(=O)NO)cc1,8.52,1
CHEMBL6141853,O=C(CCCCCCn1c2cc3c(cc2c2ncc4ccccc4c21)OCO3)NO,8.52,1
CHEMBL3593409,CC(C)[C@@H]1NC(=O)[C@]2(C)CSC(=N2)c2cccc(n2)CNC(=O)C[C@@H](/C=C/CCS)OC1=O,8.51,1
CHEMBL4643947,CCC(=O)CCCCC[C@H](NC(=O)[C@H]1CC12CCN(CCC(F)(F)F)CC2)c1ncc(-c2cc3ccccc3nc2OC)[nH]1,8.51,1
CHEMBL4760209,CCC(=O)CCCCC[C@H](NC(=O)c1cncs1)c1[nH]c(-c2ccc(F)cc2)nc1C#N,8.51,1
CHEMBL5614136,CCCNNC(=O)/C=C/c1ccc(CN(CCC)CCc2c(C)[nH]c3ccccc23)cc1,8.51,1
CHEMBL4750701,O=C(NO)c1ccc(NC(=O)c2c(F)c(F)c(F)c(F)c2F)cc1,8.5,1
CHEMBL3233705,COc1ccc(C(=O)N[C@H](COc2ccc(/C=C/C(=O)NO)cc2)Cc2c[nH]c3ccccc23)cc1,8.49,1
CHEMBL3339029,CN(C)c1ccc(Nc2ncnc3sc(NC(=O)CCCCCCC(=O)NO)cc23)cc1F,8.49,1
CHEMBL1088736,O=C(CCCCCCC(=O)Nc1cccc(-c2cn(-c3cc(CO)cc(CO)c3)nn2)c1)NO,8.48,1
CHEMBL1088734,O=C(CCCCCCC(=O)Nc1cccc(-c2cn(-c3ccc(C(F)(F)F)cc3)nn2)c1)NO,8.47,1
CHEMBL1076939,COc1cc(-n2cc(-c3cccc(NC(=O)CCCCCCC(=O)NO)c3)nn2)ccc1F,8.47,1
CHEMBL3759982,O=C(CCCCCC(=O)N/N=C/c1ccc(-c2ccccc2)cc1)NO,8.47,1
CHEMBL4796175,CCC(=O)CCCCC[C@H](NC(=O)C1CCOCC1)c1[nH]c(-c2ccc(F)cc2)nc1C(N)=O,8.47,1
CHEMBL5187023,O=C(CCCCc1nnc(-c2cc3c([nH]c4ccccc43)c(-c3ccc(C(F)(F)F)cc3)n2)o1)NO,8.47,1
CHEMBL5274004,CN(CCc1ccccc1)S(=O)(=O)c1cccc(/C=C/C(=O)NO)c1,8.47,2
CHEMBL3339022,O=C(CCCCCCC(=O)Nc1cc2c(Nc3ccccc3)ncnc2s1)NO,8.46,1
CHEMBL4740035,CCCNNC(=O)c1ccc(CNC(=O)c2ccccc2)cc1,8.46,3
CHEMBL3339030,O=C(CCCCCCC(=O)Nc1cc2c(Nc3ccc(O[C@H]4CCOC4)c(Cl)c3)ncnc2s1)NO,8.45,1
CHEMBL3339028,CCN(CC)c1ccc(Nc2ncnc3sc(NC(=O)CCCCCCC(=O)NO)cc23)cc1F,8.45,1
CHEMBL3339026,Cc1ccc(Nc2ncnc3sc(NC(=O)CCCCCCC(=O)NO)cc23)cc1C,8.45,1
CHEMBL5090786,COc1ccc2[nH]cc(CCNC(=O)c3ccc(/C=C/C(=O)NO)cc3)c2c1,8.45,2
CHEMBL4781191,CCC(=O)CCCCC[C@H](NC(=O)C1CN(C)C1)c1[nH]c(-c2ccc(F)cc2)nc1C(N)=O,8.44,1
CHEMBL4757047,CCCCNNC(=O)c1ccc(CNC(=O)/C=C/c2ccccc2)cc1,8.44,3
CHEMBL5192364,COc1cc(-c2nc(-c3nnc(CCCCC(=O)NO)o3)cc3c2[nH]c2ccccc23)cc(OC)c1OC,8.44,1
CHEMBL403323,O=C(/C=C/c1ccc(CN(CCO)CCc2cc3ccccc3[nH]2)cc1)NO,8.43,1
CHEMBL1094707,O=C(CCCCCCC(=O)Nc1cccc(-c2cn(C3CCCCC3)nn2)c1)NO,8.43,1
CHEMBL4645863,CCC(=O)CCCCC[C@H](NC(=O)[C@@H]1CC12CCC(N(C)C)CC2)c1ncc(-c2cc3ccccc3nc2OC)[nH]1,8.43,1
CHEMBL4755724,CC(C)(C)c1ccc(CC(=O)Nc2ccc(C(=O)NO)cc2)cc1,8.43,1
CHEMBL4859950,CCC(=O)CCCCC[C@H](NC(=O)[C@H]1CC12CCN(C)CC2)c1ncc(-c2ccc3c(c2)C2CCC3C2)[nH]1,8.43,1
CHEMBL4450360,COc1ccc(-c2cnc(-c3nc(C(=O)N[C@@H](C)c4ccc(C(=O)NO)cc4)c(C4CC4)s3)s2)cc1,8.42,1
CHEMBL5076728,O=C(CCCCCCn1cc(Nc2ncc3ccn(Cc4ccccc4F)c3n2)cn1)NO,8.42,1
CHEMBL5185310,Cc1[nH]c2ccccc2c1C1=CCC(NCc2ccc(OCC(=O)NO)cc2F)CC1,8.42,1
CHEMBL5219241,CCC(=O)CCCCC[C@H](NC(=O)[C@H]1CC12CCN(C)CC2)c1ncc(-c2cnc3ncccc3c2)[nH]1,8.42,1
CHEMBL3233698,O=C(/C=C/c1ccc(OC[C@H](Cc2c[nH]c3ccccc23)NC(=O)c2ccc(Cl)cc2)cc1)NO,8.41,1
CHEMBL4761389,CCC(=O)CCCCC[C@H](NC(=O)[C@H]1CC12CCN(C)CC2)c1ncc(-c2ccc(C(=O)NC3CCOC3)cc2)[nH]1,8.41,2
CHEMBL483892,O=C(CCCCCCC(=O)Nc1cccc(-c2cn(Cc3ccc(F)cc3)nn2)c1)NO,8.4,1
CHEMBL3356922,Cc1cccc(NC(=O)[C@H](CCCCCS)NC(=O)[C@@H]2CCC(=O)N2)c1,8.4,1
CHEMBL3601333,Cc1ccc(Nc2nccc3ccc(NC(=O)CCCCCCC(=O)NO)cc23)cc1,8.4,1
CHEMBL4634521,O=C(NO)c1ccc(NC(=O)C2(c3ccc(Br)cc3)CCOCC2)cc1,8.4,1
CHEMBL5570460,CC12CC3CC(C)(C1)CC(NC(=O)Nc1ccc(C(=O)NCCCCCC(=O)NO)cc1)(C3)C2,8.4,1
CHEMBL6195965,CC(O)COC[C@H]1O[C@H]2O[C@H]3[C@@H](O)[C@H](O)[C@@H](O[C@H]4[C@@H](O)[C@@H](O)[C@@H](O[C@H]5[C@@H](O)[C@H](O)[C@@H](O[C@H]6[C@@H](O)[C@H](O)[C@@H](O[C@@H]7[C@@H](O)[C@H](O)[C@H](O[C@H]8[C@@H](O)[C@H](O)[C@@H](O[C@@H]1[C@@H](O)[C@@H]2O)O[C@@H]8COCC(C)O)O[C@@H]7COCC(C)O)O[C@@H]6COCC(C)O)O[C@@H]5COCC(C)O)O[C@@H]4COCC(C)O)O[C@@H]3COCC(C)O,8.4,1
CHEMBL6163619,Cc1cccc(Cn2nc3c(c2C(=O)NCCCCCCC(=O)NO)CCc2cc(-c4c(C)noc4C)ccc2-3)c1,8.4,1
CHEMBL468595,Nc1cccc(-c2cc(C(=O)NCCCCCCC(=O)NO)no2)c1,8.39,1
CHEMBL4756846,CCC(=O)CCCCC[C@H](NC(=O)[C@H]1CC12CCN(C)CC2)c1ncc(-c2ccc(-n3nc(C)cc3C)cc2)[nH]1,8.39,2
CHEMBL5565875,CCCCNNC(=O)c1ccc(N2CCN(C)CC2)cc1,8.39,1
CHEMBL487107,O=C(CCCCCCC(=O)Nc1cccc(-c2cnnn2CC(O)c2cccc(Br)c2)c1)NO,8.38,1
CHEMBL3317816,CC(C)(C)OC(=O)NCC[C@@H]1NC(=O)[C@]2(C)CSC(=N2)c2csc(n2)CNC(=O)C[C@@H](/C=C/CCS)OC1=O,8.38,1
CHEMBL4552057,Nc1ccc(-c2nc(N3CCOCC3)c3cnn(CCCCCCC(=O)NO)c3n2)cc1,8.38,1
CHEMBL5614363,CCCCN(CCc1c(C)[nH]c2ccccc12)Cc1ccc(/C=C/C(=O)NNCCC)cc1,8.38,7
CHEMBL5752411,CN(Cc1ccc(/C=C/C(=O)NO)cc1F)CC12CC3CC(CC(C3)C1)C2,8.38,2
CHEMBL140000,CN(C)c1ccc(C(=O)NCCCCCCC(=O)NO)cc1,8.37,1
CHEMBL5988050,O=C(/C=C/c1ccc(CNCC2CCCCC2)cc1)NO,8.37,1
CHEMBL5268663,O=C(CCCN1CCN(C(=O)Nc2cccc3ncccc23)CC1)NO,8.36,1
CHEMBL488747,O=C(CCCCCCC(=O)Nc1cccc(-c2cnnn2Cc2ccccc2)c1)NO,8.35,1
CHEMBL4761318,CCC(=O)CCCCCC(NC(=O)c1cncs1)c1[nH]c(-c2ccccc2)nc1C(=O)NCCN(C)C,8.35,1
CHEMBL5555610,CCC(=O)CCCCC[C@@H]1NC(=O)[C@H]2CCCN2C(=O)[C@H](Cc2ccc(OCc3cn(CCCCNC(=O)Oc4cccc5c4C(=O)N(C4CCC(=O)NC4=O)C5=O)nn3)cc2)CC[C@H](Cc2ccccc2)NC1=O,8.35,1
CHEMBL4846560,Nc1nc2cc(-c3nn(CCCCCCC(=O)NO)c4ncnc(N)c34)ccc2o1,8.34,1
CHEMBL5219074,CCC(=O)CCCCC[C@H](NC(=O)[C@H]1CC12CCN(C)CC2)c1ncc(-c2ccc3nnccc3c2)[nH]1,8.34,1
CHEMBL5612659,CCCNNC(=O)/C=C/c1ccc(CN(CCc2c(C)[nH]c3ccccc23)Cc2ccccn2)cc1,8.34,1
CHEMBL6169065,CCCNNC(=O)c1ccc(CN(CC(=O)NCc2ccccc2)C(=O)c2ccc(N(C)C)cc2)cc1,8.34,4
CHEMBL4782188,CCC(=O)CCCCCC(NC(=O)c1cncs1)c1[nH]c(-c2ccccc2)nc1C(=O)NC,8.33,1
CHEMBL4781134,CCC(=O)CCCCC[C@H](NC(=O)[C@H]1CC12CCN(CC)CC2)c1ncc(-c2ccc(Cl)cc2OC)[nH]1,8.33,1
CHEMBL4867665,CCCC[C@H](NC(=O)[C@H](CN)c1c(C)[nH]c2ccc(O)cc12)c1ncc(-c2cc3ccccc3nc2OC)[nH]1,8.33,1
CHEMBL6025079,CN(Cc1ccc(/C=C/C(=O)NO)cc1F)CC1CCCCC1,8.32,1
CHEMBL5632078,COc1ccc(/C=C/C(=O)NO)c(-c2ccc(Br)cc2)c1,8.32,1
CHEMBL484489,O=C(/C=C/c1ccc(Cl)cc1F)NCCCCCC(=O)NO,8.31,1
CHEMBL3353925,O=C1CC[C@H](C(=O)N[C@@H](CCCCCS)C(=O)Nc2ccccc2)N1,8.3,1
CHEMBL3356915,O=C1NCCC[C@@H]1C(=O)N[C@@H](CCCCCS)C(=O)Nc1ccccc1,8.3,1
CHEMBL3356919,O=C1CC[C@@H](C(=O)N[C@H](CCCCCS)C(=O)Nc2ccccc2)N1,8.3,1
CHEMBL3356924,Cc1cccc(NC(=O)[C@H](CCCCCS)NC(=O)[C@H]2CCC(=O)N2C)c1,8.3,1
CHEMBL4454646,Cc1noc(C)c1-c1ccc2c(c1)c(Cc1ccc(F)cc1)cn2CCCCCCC(=O)NO,8.3,4
CHEMBL4752855,COC(c1c(F)cccc1Cl)c1c[nH]c2ncc(-c3c(C)noc3C)cc12,8.3,1
CHEMBL5221097,CCC(=O)CCCCC[C@H](NC(=O)[C@H]1CC12CCN(CC)CC2)c1ncc(-c2cc3cn(C)nc3cc2OC)[nH]1,8.3,1
CHEMBL5290597,Cc1noc(C)c1-c1ccc2c(c1)C(Cc1ccc(F)cc1)CN2CCCCCCC(=O)NO,8.3,2
CHEMBL141502,COc1ccc2[nH]cc(CCNCc3ccc(/C=C/C(=O)NO)cc3)c2c1,8.29,2
CHEMBL3329991,Cc1[nH]c2ccccc2c1CCNS(=O)(=O)c1ccc(/C=C/C(=O)NO)cc1,8.29,1
CHEMBL490018,CC(/C=C/c1ccccc1)=C\C(=O)NCCCCCC(=O)NO,8.28,1
CHEMBL1094710,O=C(CCCCCCC(=O)Nc1cccc(-n2cc(C3CCCCC3)nn2)c1)NO,8.28,1
CHEMBL5093798,Cl.Cn1cc(CN2CC3(CCN(c4ncc(C(=O)NO)cn4)C3)C2)c2ccc(C#N)cc21,8.28,1
CHEMBL5220120,CCC(=O)CCCCC[C@H](NC(=O)[C@H]1CC12CCN(CC)CC2)c1ncc(-c2ccc3ccncc3c2)[nH]1,8.28,1
CHEMBL5283395,O=C(/C=C/c1ccc(S(=O)(=O)Nc2cc(F)cc(F)c2)cc1)NO,8.28,1
CHEMBL3601334,O=C(CCCCCCC(=O)Nc1ccc2ccnc(Nc3ccc4ccccc4c3)c2c1)NO,8.27,1
CHEMBL3758191,Cc1ccccc1-c1ccc(/C=N/NC(=O)CCCCCC(=O)NO)cc1,8.27,1
CHEMBL3233703,O=C(/C=C/c1ccc(OC[C@H](Cc2c[nH]c3ccccc23)NC(=O)c2ccc(F)cc2)cc1)NO,8.26,1
CHEMBL4645825,CCC(=O)CCCCC[C@H](NC(=O)[C@@H]1CC12CCOCC2)c1ncc(-c2cc3ccccc3nc2OC)[nH]1,8.26,1
CHEMBL356066,O=C(/C=C/c1ccc(CN(CCO)CCc2c[nH]c3ccccc23)cc1)NO,8.25,4
CHEMBL487106,O=C(CCCCCCC(=O)Nc1cccc(-c2cnnn2Cc2ccc(F)cc2)c1)NO,8.24,1
CHEMBL5941984,CNc1ccc(C(=O)NCCCCCCC(=O)NO)cc1,8.24,1
CHEMBL5284956,COc1ccccc1NC(=O)N[C@H](C(=O)Nc1ccc(C(=O)NO)cc1)c1ccccc1,8.23,2
CHEMBL1791401,CCC(=O)CCCCC[C@@H]1NC(=O)[C@H]2CCCCN2C(=O)[C@H]([C@H](C)CC)NC(=O)[C@H](Cc2cn(CC(=O)NCCCCCCNC(=O)CCSSCCNC(=O)C(CCCCNC(=O)CCCCC3SCC4NC(=O)NC43)NC(=O)c3ccc(N=[N+]=[N-])cc3)c3ccccc23)NC1=O,8.22,1
CHEMBL3317815,C[C@@]12CSC(=N1)c1csc(n1)CNC(=O)C[C@@H](/C=C/CCS)OC(=O)[C@H](CCCN)NC2=O,8.22,1
CHEMBL3356524,O=C1CCC[C@H](C(=O)N[C@@H](CCCCCS)C(=O)Nc2ccccc2)N1,8.22,1
CHEMBL5415232,Nc1nn(-c2ccccc2)nc1C(=O)NCc1ccc(C(=O)NO)cc1,8.22,1
CHEMBL6037578,CCCCNNC(=O)c1ccc(-c2cccc(F)c2F)cc1,8.22,1
CHEMBL5219811,CCC(=O)CCCCC[C@H](NC(=O)[C@H]1CC12CCN(C)CC2)c1ncc(-c2ccc3nccnc3c2)[nH]1,8.21,1
CHEMBL5185297,O=C(COc1ccc(CNCCc2c[nH]c3ccccc23)c(F)c1)NO,8.2,1
CHEMBL6152466,O=C(CCCCCCNC(=O)c1cc2cc(-c3cn[nH]c3)ccc2s1)NO,8.2,1
CHEMBL2414098,O=C(CCCCCCc1nc2ccc(Br)cc2[nH]1)NO,8.19,1
CHEMBL3339020,O=C(CCCCCCC(=O)Nc1cc2c(Nc3cccc(Cl)c3)ncnc2s1)NO,8.19,1
CHEMBL5592140,COc1ncc(-c2cc(OCCCc3ccc(C(=O)Nc4ccccc4N)cc3)c3ncnc(C)c3c2)cc1NS(=O)(=O)c1ccc(F)cc1F,8.18,1
CHEMBL484073,O=C(/C=C/c1ccc2cccnc2c1)NCCCCCC(=O)NO,8.17,1
CHEMBL4794888,CCC(=O)CCCCC[C@H](NC(=O)[C@H]1CC12CCN(CC)CC2)c1ncc(-c2cccc(C(F)(F)F)c2OC)[nH]1,8.17,1
CHEMBL512644,O=C(CCCCCCC(=O)Nc1ccc(-c2ccccc2)cc1)NO,8.15,1
CHEMBL1801250,O=C(NO)c1cnc(N2C[C@@H]3[C@H](C2)[C@H]3NCc2ccc3cc(F)ccc3n2)nc1,8.15,1
CHEMBL3356526,CN1C(=O)CCC[C@H]1C(=O)N[C@@H](CCCCCS)C(=O)Nc1ccccc1,8.15,1
CHEMBL4070891,COc1ccc(C(=O)N[C@H](COc2ccc(/C=C/C(=O)NO)cc2OC)Cc2c[nH]c3ccccc23)cc1,8.15,1
CHEMBL4640415,O=C(O)c1cccc(-c2ccc(C3(C(=O)Nc4ccc(C(=O)NO)cc4)CCCC3)cc2)c1,8.15,1
CHEMBL4853593,CCC(=O)CCCCC[C@@H]1NC(=O)[C@H]2CC23CCN(CCOCCn2ccc4cc(ccc4c2=O)-c2cnc1[nH]2)CC3,8.15,1
CHEMBL4870348,CNC(=O)CCCCCCCn1nc(-c2ccc3oc(N)nc3c2)c2c(N)ncnc21,8.15,1
CHEMBL5281406,CCC(=O)CCCCC[C@H](NC(=O)N1CCOCC1)c1ncc(-c2cc3ccccc3nc2OC)o1,8.15,1
CHEMBL4756537,O=C(NO)c1ccc(C2=Nc3ccccc3Oc3ccccc32)cc1,8.15,1
CHEMBL6164091,O=C(CCCCCCCn1c2cc3c(cc2c2[nH]c(=O)c4ccccc4c21)OCO3)NO,8.15,1
CHEMBL519668,O=C(CCCCCCC(=O)Nc1cccc(-c2cn(-c3ccccc3)nn2)c1)NO,8.14,2
CHEMBL2436595,CC(C)[C@@H]1NC(=O)[C@]2(C)CSC(=N2)c2coc(n2)CNC(=O)C[C@@H](/C=C/CCS)OC1=O,8.14,1
CHEMBL3622729,C/C=C1\NC(=O)c2csc(n2)CNC(=O)C[C@@H](/C=C/CCS)OC(=O)[C@H](C(C)C)NC1=O,8.12,1
CHEMBL4753111,O=C(N[C@@H](CCCCNC(=O)c1c(O)cccc1F)c1ncc(-c2ccc3ccccc3c2)[nH]1)c1cncs1,8.12,1
CHEMBL520056,O=C(CCCCCCC(=O)Nc1cccc(-c2cnnn2-c2ccccc2)c1)NO,8.11,1
CHEMBL3317814,C[C@@]12CSC(=N1)c1csc(n1)CNC(=O)C[C@@H](/C=C/CCS)OC(=O)[C@H](CCN)NC2=O,8.11,1
CHEMBL483693,O=C(CCCCCCC(=O)Nc1cccc(-c2cn(Cc3ccccc3)nn2)c1)NO,8.1,1
CHEMBL519491,O=C(CCCCCCC(=O)Nc1ccc(-c2cn(-c3ccccc3)nn2)cc1)NO,8.1,1
CHEMBL3356929,O=C1C[C@@H](C(=O)N[C@@H](CCCCCS)C(=O)Nc2ccccc2)N1,8.1,1
CHEMBL3655993,O=C(NO)c1cnc(NC2(c3c(F)cccc3F)CC2)nc1,8.1,1
CHEMBL2105727,CN(C)Cc1c(C(=O)NCCOc2ccc(C(=O)NO)cc2)oc2ccccc12.Cl,8.1,1
CHEMBL6169036,Cc1noc(C)c1-c1ccc2c(c1)CCc1c-2nn(Cc2ccccc2)c1C(=O)NCCCCCCC(=O)NO,8.1,1
CHEMBL3339031,O=C(CCCCCCC(=O)Nc1cc2c(Nc3ccc(N4CCCCC4)c(F)c3)ncnc2s1)NO,8.09,1
CHEMBL5091856,Cc1ccc2nc3c4ccccc4c(NCCCCCCC(=O)NO)nn3c(=O)c2c1,8.09,1
CHEMBL4787271,CCCCNNC(=O)c1ccc(CNC(=O)c2ccccc2)cc1,8.07,3
CHEMBL5273740,O=C(NO)c1ccc(NC(=O)[C@@H](NC(=O)c2cccc(Br)c2)c2ccccc2)cc1,8.07,1
CHEMBL5561706,CCOc1ccc(-c2nc(C(=O)NCc3ccc(C(=O)NO)cc3)c3[nH]c(=O)n(-c4cccnc4OC)c3n2)cn1,8.06,1
CHEMBL609583,O=C(NO)c1cnc(N2CCN(S(=O)(=O)c3ccc4ccccc4c3)CC2)nc1,8.05,1
CHEMBL1093033,CC(C)(C)c1[nH]c2ccccc2c1[C@H]1CCCN(Cc2ccc(/C=C/C(=O)NO)cc2F)C1,8.05,1
CHEMBL3356927,O=C1NC[C@H](c2ccccc2)[C@@H]1C(=O)N[C@@H](CCCCCS)C(=O)Nc1ccccc1,8.05,1
CHEMBL2012817,CCC(=O)CCCCC[C@@H]1NC(=O)[C@@H](C)n2nncc2[C@H](CC(C)C)NC(=O)[C@H](Cc2c[nH]c3ccccc23)NC1=O,8.05,1
CHEMBL4636734,CN(C)c1ccc(C2(C(=O)Nc3ccc(C(=O)NO)cc3)CCCC2)cc1,8.05,1
CHEMBL5563252,COc1cc(OC)c(/C=C/S(=O)(=O)Cc2ccc(OC)c(NCC(=O)NO)c2)c(OC)c1,8.05,1
CHEMBL5613525,CCCNNC(=O)/C=C/c1ccc(CN(CCC)C(=O)c2cc3ccccc3o2)cc1,8.05,1
CHEMBL5933391,Cc1ccc(/C=C/CC(=O)Nc2ccc(C(=O)Nc3ccccc3N)nc2)cn1,8.05,1
CHEMBL598797,C#Cc1cccc(Nc2ncnc3cc(OC)c(OCCCCCCC(=O)NO)cc23)c1,8.04,1
CHEMBL5087773,O=C(CCCCCCNc1nn2c(=O)c3ccccc3nc2c2ccccc12)NO,8.04,1
CHEMBL6151525,O=C1CCC(N2C(=O)c3cccc(NCCOCCn4cc(CN(Cc5ccc(C(=O)NO)cc5)Cc5cccnc5)nn4)c3C2=O)C(=O)N1,8.04,1
CHEMBL6160806,O=C1CCC(N2C(=O)c3cccc(NCCCCN(Cc4ccc(C(=O)NO)cc4)Cc4cccnc4)c3C2=O)C(=O)N1,8.04,1
CHEMBL3339023,Cc1ccc(Nc2ncnc3sc(NC(=O)CCCCCC(=O)NO)cc23)cc1,8.03,1
CHEMBL4749183,Nc1cccc(F)c1C(=O)NCCCC[C@H](NC(=O)c1cncs1)c1ncc(-c2ccc3ccccc3c2)[nH]1,8.03,1
CHEMBL2442801,COc1cc([C@@H]2c3cc4c(cc3[C@@H](Nc3cccc(OCCCCCCC(=O)NO)c3)[C@H]3COC(=O)[C@H]23)OCO4)cc(OC)c1O,8.02,1
CHEMBL5563126,COc1cc(OC)c(/C=C/S(=O)(=O)Cc2ccc(OC)c(NC(=O)CCC(=O)NO)c2)c(OC)c1,8.02,1
CHEMBL6166115,CCCCNNC(=O)c1ccc(CN(CC(=O)NCc2ccccc2)C(=O)c2ccc(N(C)C)cc2)cc1,8.02,4
CHEMBL430060,CCC(=O)CCCCC[C@@H]1NC(=O)[C@H]2CCCCN2C(=O)[C@H]([C@@H](C)CC)NC(=O)[C@H](Cc2cn(OC)c3ccccc23)NC1=O,8.01,5
CHEMBL519746,O=C(CCCCCCC(=O)Nc1ccc(-c2cnnn2Cc2ccccc2)cc1)NO,8.01,1
CHEMBL3621296,O=C(CCCCC(=O)Nc1ccc2c(c1)/C(=C/c1ccc[nH]1)C(=O)N2)NO,8.01,1
CHEMBL3622727,C/C=C1\NC(=O)c2csc(n2)[C@@H](C(C)C)NC(=O)C[C@@H](/C=C/CCS)OC(=O)[C@H](C(C)C)NC1=O,8.01,1
CHEMBL112446,CNC(=O)C(=O)CCCCCCC(=O)Nc1cccc(-c2ccccc2)c1,8.0,1
CHEMBL496923,C[C@@H](NC(=O)c1ccc(C(=O)NO)s1)c1ccccc1,8.0,1
CHEMBL1801238,O=C(NO)c1cnc(N2C[C@@H]3[C@H](C2)[C@H]3NCc2ccc(Cl)cc2)nc1,8.0,1
CHEMBL3356523,O=C1CCC[C@@H](C(=O)N[C@@H](CCCCCS)C(=O)Nc2ccccc2)N1,8.0,1
CHEMBL3911545,O=C(CCCCCCNC(=O)c1nc(-c2nccs2)sc1C1CC1)NO,8.0,1
CHEMBL164868,CC(/C=C/C(=O)NO)=C\[C@H](C)C(=O)c1ccc(N(C)C)cc1,8.0,1
CHEMBL4640356,O=C(NO)c1ccc(NC(=O)C2(c3c[nH]c(-c4ccccc4)n3)CCCC2)cc1,8.0,1
CHEMBL4644657,CCC(=O)CCCCC[C@H](NC(=O)[C@H]1CC12CCN(C)CC2)c1nnc(-c2cc3ccccc3nc2OC)o1,8.0,1
CHEMBL5092046,Cc1ccc2nc3c4ccccc4c(NCCCCCCCC(=O)NO)nn3c(=O)c2c1,8.0,1
CHEMBL5218749,CCC(=O)CCCCC[C@H](NC(=O)[C@H]1CC12CCN(C)CC2)c1ncc(-c2cn(C)c3ccccc3c2=O)[nH]1,8.0,1
CHEMBL2103863,CN(C)Cc1c(C(=O)NCCOc2ccc(C(=O)NO)cc2)oc2ccccc12,8.0,1
CHEMBL99,CC(/C=C/C(=O)NO)=C\[C@@H](C)C(=O)c1ccc(N(C)C)cc1,7.99,30
CHEMBL467793,Nc1ccc(-c2cc(C(=O)NCCCCCCC(=O)NO)no2)cc1,7.99,1
CHEMBL4746267,CCC(=O)CCCCC[C@H](NC(=O)[C@H]1CC12CCN(C)CC2)c1[nH]c(-c2ccccc2F)nc1C#N,7.97,1
CHEMBL3353927,O=C1CC[C@H](C(=O)N[C@@H](CCCCCS)C(=O)Nc2cccc(C(F)(F)F)c2)N1,7.96,2
CHEMBL3098604,Cc1cccc(NC(=O)[C@H](CCCCCC(=O)NO)NC(=O)[C@H]2CCC(=O)N2)c1,7.96,1
CHEMBL3759562,O=C(NCCCCCCS)c1cc(-c2ccncc2)n[nH]1,7.96,1
CHEMBL3930328,O=C(CCCCNC(=O)c1nc(-c2ncc(-c3ccccc3)s2)sc1C1CC1)NO,7.96,1
CHEMBL4176291,O=C(NO)c1ccc(CN2C(=O)c3cccc4c(N5CCOCC5)ccc(c34)C2=O)cc1,7.96,1
CHEMBL4757957,Cc1ccc(C(=O)Nc2ccc(C(=O)NO)cc2)cc1,7.96,1
CHEMBL4742241,CC(C)(C)c1ccc(NC(=O)c2ccc(C(=O)NO)cc2)cc1,7.96,1
CHEMBL6175609,Cc1noc(C)c1-c1ccc2c(c1)CCc1c-2nn(Cc2cccc(F)c2)c1C(=O)NCCCCCCC(=O)NO,7.96,1
CHEMBL4584020,C[C@H](NC(=O)c1nc(-c2nc3c(s2)CCCC3)sc1C1CC1)c1ccc(C(=O)NO)cc1,7.95,1
CHEMBL5090447,O=C(CCCCCCNc1nn2c(=O)c3cc(Br)ccc3nc2c2ccccc12)NO,7.95,1
CHEMBL5084865,O=C(CCCCCCCNc1nn2c(=O)c3ccccc3nc2c2ccccc12)NO,7.95,1
CHEMBL5612950,CCCNNC(=O)c1ccc(CN(Cc2ccccc2)C(=O)c2cc3ccccc3s2)cc1,7.95,1
CHEMBL4632614,CCC(=O)CCCCC[C@H](NC(=O)[C@H]1CC12CCCN(C)C2)c1ncc(-c2cc3ccccc3nc2OC)[nH]1,7.93,1
CHEMBL467678,CCC(=O)CCCCC[C@H](NC(=O)C1CCN(C)CC1)c1ncc(-c2ccc3ccccc3c2)[nH]1,7.92,1
CHEMBL487742,O=C(CCCCCCC(=O)Nc1ccc(-c2cnnn2-c2ccccc2)cc1)NO,7.92,1
CHEMBL2448576,CCC(=O)CCCCC[C@H](NC(=O)C1CN(C)C1)c1ncc(-c2cc3ccccc3nc2OC)[nH]1,7.92,3
CHEMBL585939,CC(C)C[C@H]1CC(=O)N[C@@H](C)C(=O)N[C@@H](CCCCCC(=O)NO)C(=O)N[C@@H](Cc2c[nH]c3ccccc23)C(=O)N1,7.92,2
CHEMBL3339017,O=C(CCCCCCC(=O)Nc1cc2c(Nc3ccc(Br)cc3F)ncnc2s1)NO,7.92,1
CHEMBL191091,CC(C)C(C(=O)Nc1ccc(C(=O)NO)cc1)c1ccccc1,7.92,1
CHEMBL4739902,CCC(=O)CCCCC[C@H](NC(=O)c1ccon1)c1[nH]c(-c2ccc(F)cc2)nc1C#N,7.92,1
CHEMBL4747455,O=C(NO)c1ccc(NC(=O)c2ccc(C3CC3)cc2)cc1,7.92,1
CHEMBL4753019,O=C(N[C@@H](CCCCNC(=O)c1ccccc1O)c1ncc(-c2ccc3ccccc3c2)[nH]1)c1cncs1,7.92,1
CHEMBL4869027,CCC(=O)CCCCC[C@H](NC(=O)C1CN(C)C1)c1ncc(-c2ccccc2)[nH]1,7.92,1
CHEMBL5076796,O=C(CCCCCCNc1nn2c(=O)c3cc(Cl)ccc3nc2c2ccccc12)NO,7.92,1
CHEMBL5266056,Nc1ccccc1NC(=O)c1ccc(CNc2nc(-c3ccccc3)cs2)cc1,7.92,1
CHEMBL6163227,Cc1cc2c(cc1C#N)c(-c1cccc(N)c1C)cn2CCCCCCC(=O)NO,7.92,1
CHEMBL6160445,O=C1CCC(N2C(=O)c3cccc(NCCOCCOCCn4cc(CN(Cc5ccc(C(=O)NO)cc5)Cc5cccnc5)nn4)c3C2=O)C(=O)N1,7.91,1
CHEMBL513160,O=C(CCCCOCc1cc(-c2ccccc2)on1)NO,7.89,1
CHEMBL3335299,O=C(CCCCc1ccn(Cc2ccc(Nc3ccccc3)cc2)n1)NO,7.89,1
CHEMBL3356918,O=C1CC[C@@H](C(=O)N[C@@H](CCCCCS)C(=O)Nc2ccccc2)N1,7.89,1
CHEMBL4765007,O=C(/C=C/c1ccc(CNC(=O)c2c(F)c(F)c(F)c(F)c2F)cc1)NO,7.89,1
CHEMBL5093737,O=C(CCCCCCNc1nn2c(=O)c3cc(F)ccc3nc2c2ccccc12)NO,7.89,1
CHEMBL5279294,Cc1noc(C)c1-c1ccc2c(c1)c(Cc1cccc(C(F)(F)F)c1)cn2CCCCCCC(=O)NO,7.89,1
CHEMBL5619226,Cn1cc(CCCC(=O)Nc2ccc(C(=O)NO)cc2)c2ccccc21,7.89,2
CHEMBL3339018,O=C(CCCCCCC(=O)Nc1cc2c(Nc3ccc(I)cc3F)ncnc2s1)NO,7.87,1
CHEMBL5201523,Nc1nc(-c2ccco2)c2cnn(Cc3cccc(OCCCCCCC(=O)NO)c3)c2n1,7.87,1
CHEMBL483494,O=C(CCCCCCC(=O)Nc1ccc(-c2cn(Cc3ccc(F)cc3)nn2)cc1)NO,7.86,1
CHEMBL3601342,COCCCNc1nccc2ccc(NC(=O)CCCCCCC(=O)NO)cc12,7.86,1
CHEMBL4577858,Cc1csc(-c2nc(C(=O)N[C@@H](C)c3ccc(C(=O)NO)cc3)c(C3CC3)s2)n1,7.86,1
CHEMBL4754763,CCC(=O)CCCCC[C@H](NC(=O)C1CN(C)C1)c1[nH]c(-c2ccc(F)cc2)nc1C#N,7.86,1
CHEMBL1162969,CN(c1ccccc1)S(=O)(=O)c1cccc(/C=C/C(=O)NO)c1,7.86,1
CHEMBL6160683,O=C1CCC(N2C(=O)c3cccc(NCCOCCN(Cc4ccc(C(=O)NO)cc4)Cc4cccnc4)c3C2=O)C(=O)N1,7.86,1
CHEMBL217651,CC(=O)CCCCC[C@H](NC(=O)C1CCCCN1C)C(=O)Nc1nc(-c2ccccc2)cs1,7.85,1
CHEMBL272401,CC(=O)CCCCC[C@H](NC1CCCCN1C)C(=O)Nc1nc(-c2ccccc2)cs1,7.85,1
CHEMBL3233687,O=C(/C=C/c1ccc(OC[C@H](Cc2c[nH]c3ccccc23)NC(=O)c2ccccc2)cc1)NO,7.85,1
CHEMBL3339033,O=C(CCCCCCC(=O)Nc1cc2c(Nc3ccc(N4CCCC4)cc3)ncnc2s1)NO,7.85,1
CHEMBL3339032,O=C(CCCCCCC(=O)Nc1cc2c(Nc3ccc(N4CCCC4)c(F)c3)ncnc2s1)NO,7.85,1
CHEMBL4752037,CCC(=O)CCCCC[C@H](NC(=O)[C@H]1CC12CCN(CC)CC2)c1ncc(-c2cc(C(C)C)c(F)cc2OC)[nH]1,7.85,1
CHEMBL5435277,CCCNNC(=O)c1cnc(NCc2ccc(OC)cc2)cn1,7.85,1
CHEMBL3339016,O=C(CCCCCCC(=O)Nc1cc2c(Nc3ccc(Cl)cc3F)ncnc2s1)NO,7.84,1
CHEMBL3593415,CC(C)[C@@H]1NC(=O)[C@]2(C)CSC(=N2)c2ccnc(c2)CNC(=O)C[C@@H](/C=C/CCS)NC1=O,7.84,1
CHEMBL4753036,CCC(=O)CCCCC[C@H](NC(=O)[C@H]1CC12CCN(C)CC2)c1ncc(-c2ccnc(N3CCOCC3)c2F)[nH]1,7.84,2
CHEMBL3339025,Cc1ccc(Nc2ncnc3sc(NC(=O)CCCCCC(=O)NO)cc23)cc1C,7.83,1
CHEMBL3339019,O=C(CCCCCCC(=O)Nc1cc2c(Nc3cccc(Cl)c3F)ncnc2s1)NO,7.83,1
CHEMBL4759915,CCC(=O)CCCCC[C@H](NC(=O)[C@H]1CC12CCN(C)CC2)c1ncc(-c2cnc3cccnc3c2)[nH]1,7.83,2
CHEMBL5598116,CCCNNC(=O)c1ccc(Cn2cc(Nc3ncc(Cl)c(-c4cnc5ccccn45)n3)cn2)cc1,7.83,1
CHEMBL6164374,CN(C)c1ccc(C(=O)N(CC(=O)NCc2ccccc2)Cc2ccc(C(=O)NNCC3CC3)cc2)cc1,7.83,4
CHEMBL487943,O=C(CCCCCCC(=O)Nc1ccc(-c2cnnn2CC(O)c2cccc(Br)c2)cc1)NO,7.82,1
CHEMBL3218002,C#Cc1cccc(Nc2ncnc3ccc(S(=O)(=O)n4ccc(/C=C/C(=O)NO)c4)cc23)c1,7.82,1
CHEMBL3309297,CC1(C)CC(=O)Nc2ccc(C(=O)NC[C@H]3CC[C@H](/C=C/C(=O)NO)CC3)cc21,7.82,1
CHEMBL4799423,CC(C)(C)c1ccc(C(=O)NCc2ccc(C(=O)NO)cc2)cc1,7.82,1
CHEMBL5209383,CCCNNC(=O)c1ccc(Nc2ccccc2)cc1,7.81,1
CHEMBL5269112,O=C(CCCCCCNc1nc2ccccc2nc1-c1nc2ccccc2o1)NO,7.81,1
CHEMBL487253,Cn1c(CCCC(=O)O)nc2cc(N(CCCl)CCCl)ccc21,7.8,2
CHEMBL3961271,O=C(CCCCCCNC(=O)c1nc(-c2nc3c(s2)CCCC3)sc1C1CC1)NO,7.8,1
CHEMBL4294949,C=C1CN(Cc2ccc(C(=O)Nc3ccccc3N)cc2)C(=O)c2ccccc21,7.8,4
CHEMBL4789871,CCC(=O)CCCCC[C@H](NC(=O)[C@H]1CC12CCN(CC)CC2)c1ncc(-c2c(F)cc(C(=O)Nc3cc(C(F)(F)F)ccn3)cc2OC)[nH]1,7.8,1
CHEMBL487741,O=C(CCCCCCC(=O)Nc1ccc(-c2cnnn2Cc2ccc(F)cc2)cc1)NO,7.79,1
CHEMBL4515845,O=C(NO)c1ccc(C2(NC(=O)c3nc(-c4nccs4)sc3C3CC3)CC2)cc1,7.79,1
CHEMBL3601331,O=C(CCCCCCC(=O)Nc1ccc2ccnc(Nc3ccc(Br)cc3F)c2c1)NO,7.78,1
CHEMBL5274036,O=C(NO)c1ccc(NC(=O)[C@@H](NC(=O)c2ccc3ccccc3c2)c2ccccc2)cc1,7.78,1
CHEMBL6171267,O=C1CCC(N2C(=O)c3cccc(NCCN(Cc4ccc(C(=O)NO)cc4)Cc4cccnc4)c3C2=O)C(=O)N1,7.78,1
CHEMBL468513,CC(=O)CCCCC[C@H](NC(=O)C1CCN(C)CC1)c1ncc(-c2ccc3ccccc3c2)[nH]1,7.77,1
CHEMBL3339015,O=C(CCCCCCC(=O)Nc1cc2c(Nc3ccc(F)cc3F)ncnc2s1)NO,7.77,1
CHEMBL4435503,Cc1cnc(-c2nc(C(=O)N[C@@H](C)c3ccc(C(=O)NO)cc3)c(C3CC3)s2)s1,7.77,1
CHEMBL4740945,Cc1noc(C)c1-c1ccc2c(c1)c(CCc1ccc(F)cc1)cn2CCCCCC(=O)NO,7.77,1
CHEMBL6149593,O=C1CCC(N2C(=O)c3cccc(NCCCn4cc(CN(Cc5ccc(C(=O)NO)cc5)Cc5cccnc5)nn4)c3C2=O)C(=O)N1,7.76,1
CHEMBL468842,CC(=O)Nc1ccc(-c2cc(C(=O)NCCCCCCC(=O)NO)no2)cc1,7.75,1
CHEMBL561604,O=C(CCCCCC(c1c[nH]c2ccc([N+](=O)[O-])cc12)c1c[nH]c2ccc([N+](=O)[O-])cc12)NO,7.75,1
CHEMBL3339011,O=C(CCCCCCC(=O)Nc1cc2c(Nc3ccc(F)c(Cl)c3)ncnc2s1)NO,7.75,1
CHEMBL3601337,Cc1ccc(Nc2nccc3ccc(NC(=O)CCCCCCC(=O)NO)cc23)c(Br)c1,7.75,1
CHEMBL4876853,CCC(=O)CCCCC[C@H](NC(=O)[C@H]1CC12CCN(CC)CC2)c1[nH]c2nc1C(=O)NCCC/C=C/c1cccc-2c1,7.75,1
CHEMBL4879154,CCCC[C@H](NC(=O)[C@H](CN)c1c(C)[nH]c2ccc(OC)cc12)c1ncc(-c2cc3ccccc3nc2OC)[nH]1,7.75,1
CHEMBL4741281,Cc1ccc(Cc2cn(CCCCCCC(=O)NO)c3ccc(-c4c(C)noc4C)cc23)cc1,7.75,1
CHEMBL5560146,CN1CCN(c2ccc(C(=O)NNCC3CC3)cc2)CC1,7.75,1
CHEMBL5639904,Nc1ccccc1NC(=O)CCCCCNC(=O)c1ccc(NC(=O)Nc2ccc(-c3nc(OC4COC4)nc(N4CCOCC4)n3)cc2)cc1,7.75,1
CHEMBL6170238,O=C1CCC(N2C(=O)c3cccc(NCCCCCCn4cc(CN(Cc5ccc(C(=O)NO)cc5)Cc5cccnc5)nn4)c3C2=O)C(=O)N1,7.75,1
CHEMBL6133911,O=C1CCC(N2C(=O)c3cccc(NCCOCCOCCN(Cc4ccc(C(=O)NO)cc4)Cc4cccnc4)c3C2=O)C(=O)N1,7.75,1
CHEMBL1091474,O=C(CCCCCCC(=O)Nc1cccc(-c2cn(-c3ccc(F)cc3)nn2)c1)NO,7.74,1
CHEMBL4787148,CCCCCNNC(=O)c1ccc(CNC(=O)c2ccccc2)cc1,7.73,3
CHEMBL5078723,O=C(CCCCCCCNc1nn2c(=O)c3cc(Br)ccc3nc2c2ccccc12)NO,7.73,1
CHEMBL408513,O=C(/C=C/c1cccc(S(=O)(=O)Nc2ccccc2)c1)NO,7.72,6
CHEMBL2408778,Nc1ncnc2c1c(-c1ccc(Cl)cc1)nn2-c1cccc(-c2cnnn2CCCCCC(=O)NO)c1,7.72,1
CHEMBL3601338,O=C(CCCCCCC(=O)Nc1ccc2ccnc(Nc3ccccc3F)c2c1)NO,7.72,1
CHEMBL3655984,O=C(NO)c1cnc(NCc2ccc(-c3ccccc3)cc2)nc1,7.72,1
CHEMBL4092753,Nc1ccccc1NC(=O)c1ccc(NC(=O)CCN2C(=O)C3(OCCCO3)c3cc(Br)ccc32)cc1,7.72,1
CHEMBL4797194,CCC(=O)CCCCC[C@H](NC(=O)[C@H]1CC12CCN(C)CC2)c1[nH]c(-c2ccc(F)cc2F)nc1C#N,7.72,1
CHEMBL4793558,CCC(=O)CCCCCC(NC(=O)c1cncs1)c1[nH]c(-c2ccccc2)nc1C(=O)N1CCOCC1,7.72,1
CHEMBL5093545,O=C(CCCCCCCNc1nn2c(=O)c3cc(Cl)ccc3nc2c2ccccc12)NO,7.72,1
CHEMBL5944397,O=C(NO)c1ccc(Nc2nc3ccccc3n2CC2CCCCC2)cc1,7.72,1
CHEMBL4786837,CCNNC(=O)c1ccc(CNC(=O)/C=C/c2ccccc2)cc1,7.71,3
CHEMBL5070312,COc1ccc2[nH]cc(CCNC(=O)/C=C/c3ccc(C(=O)NO)cc3)c2c1,7.71,2
CHEMBL5072785,O=C(CCCCCCCNc1nn2c(=O)c3cc(F)ccc3nc2c2ccccc12)NO,7.71,1
CHEMBL3426803,O=C(CCCCSc1nc(-c2ccc(-c3ccccc3)cc2)cc(=O)[nH]1)NO,7.7,2
CHEMBL3935380,Nc1ccccc1NC(=O)CCCCCNC(=O)c1cc2cc(OC(F)(F)F)ccc2[nH]1,7.7,1
CHEMBL3978733,Nc1ccccc1NC(=O)CCCCCNC(=O)c1cc2cc(Cl)ccc2[nH]1,7.7,1
CHEMBL4071528,N#Cc1cccc(Nc2ncnc3cc(NC(=O)CCCCCCC(=O)NO)sc23)c1,7.7,1
CHEMBL4793261,CCC(=O)CCCCC[C@H](NC(=O)[C@H]1CC12CCN(CC)CC2)c1ncc(-c2cc(C(=O)OC)c(F)cc2OC)[nH]1,7.7,1
CHEMBL5559821,COc1ccccc1/C=C1\CC(=O)N(CCCCCCC(=O)NO)C1=O,7.7,1
CHEMBL5639965,CCCNNC(=O)c1ccc(CNC(=O)[C@H](CC(C)C)NC(=O)[C@@H](O)[C@H](N)Cc2ccccc2)cc1.Cl,7.7,1
CHEMBL6168739,CCc1nc(C(N)=O)c(Nc2ccc(N3CCN(CCCCCCCC(=O)NO)CC3)c(OC)c2)nc1NC1CCOCC1,7.7,1
CHEMBL6172618,Cc1cccc(Cn2nc3c(c2C(=O)NCCCCCCC(=O)NO)CCc2ccccc2-3)c1,7.7,1
CHEMBL4635878,CCC(=O)CCCCC[C@H](NC(=O)[C@H]1CC12CCN(CC)CC2)c1nnc(-c2cc3ccccc3nc2OC)[nH]1,7.69,1
CHEMBL5613340,CCCNNC(=O)/C=C/c1ccc(CN(CCC)C(=O)c2cc3cc(Cl)ccc3[nH]2)cc1,7.69,1
CHEMBL1093335,CC(C)(C)c1[nH]c2ccccc2c1[C@@H]1CCCN(Cc2ccc(/C=C/C(=O)NO)cc2F)C1,7.68,1
CHEMBL3339021,O=C(CCCCCC(=O)Nc1cc2c(Nc3ccccc3)ncnc2s1)NO,7.68,1
CHEMBL3770504,O=C(NCCCCC(=O)C(F)(F)F)c1nc(-c2nc3c(s2)CCCC3)sc1C1CC1,7.68,1
CHEMBL4282111,Nc1ccccc1NC(=O)CCCCCCC(=O)NO,7.68,1
CHEMBL5564541,CN1CCN(c2ccc(C(=O)NNCC3CCC3)cc2)CC1,7.68,1
CHEMBL6150434,COc1ccc2c(CN[C@H]3CC[C@@H](Nc4ncc(C(=O)NO)cn4)CC3)cn(C)c2c1.Cl,7.68,1
CHEMBL3601332,O=C(CCCCCCC(=O)Nc1ccc2ccnc(Nc3cccc(Cl)c3F)c2c1)NO,7.67,1
CHEMBL3601336,Cc1ccc(Nc2nccc3ccc(NC(=O)CCCCCCC(=O)NO)cc23)c(Cl)c1,7.67,1
CHEMBL4098561,COc1cccc(Nc2ncnc3cc(NC(=O)CCCCCCC(=O)NO)sc23)c1,7.67,1
CHEMBL4451085,CCCNNC(=O)CCCCCCC(=O)Nc1ccccc1,7.67,8
CHEMBL3655959,O=C(NO)c1cnc(NC2(c3ccccc3F)CC2)nc1,7.66,1
CHEMBL3655995,O=C(NO)c1cnc(NC2(c3cc(C(F)(F)F)ccc3F)CC2)nc1,7.66,1
CHEMBL561483,COc1cccc2c(C(CCCCCC(=O)NO)c3c[nH]c4c(OC)cccc34)c[nH]c12,7.64,1
CHEMBL3760013,O=C(NCCCCCCS)c1cc(-c2cnccn2)n[nH]1,7.64,1
CHEMBL5268468,O=C(NO)c1ccc(NC(=O)[C@@H](NS(=O)(=O)c2cccc3ccccc23)c2ccccc2)cc1,7.64,1
CHEMBL4779677,Cc1noc(C)c1-c1ccc2c(c1)c(Cc1ccccc1)cn2CCCCCCC(=O)NO,7.64,1
CHEMBL6168062,Cc1ccc2c(CN[C@H]3CC[C@@H](Nc4ncc(C(=O)NO)cn4)CC3)cn(C)c2c1.Cl,7.64,1
CHEMBL6162062,CCNNC(=O)c1ccc(CN(CC(=O)NCc2ccccc2)C(=O)c2ccc(N(C)C)cc2)cc1,7.64,1
CHEMBL3339014,O=C(CCCCCCC(=O)Nc1cc2c(Nc3ccc(Cl)c(C(F)(F)F)c3)ncnc2s1)NO,7.63,1
CHEMBL1923808,O=C(CCCCCCC(=O)Nc1ccc([19F])cc1)NO,7.62,1
CHEMBL3891420,O=C(NO)c1cnc(NC2(c3ccccc3)CCN(C(=O)Cc3c[nH]c4ccccc34)CC2)nc1,7.62,1
CHEMBL4862470,CCC(=O)CCCCC[C@@H]1NC(=O)[C@H]2CC23CCN(CCCCN2C4CCC2c2c(cccc24)-c2cnc1[nH]2)CC3,7.62,1
CHEMBL4752047,Cc1cccc(Cc2cn(CCCCCCC(=O)NO)c3ccc(-c4c(C)noc4C)cc23)c1,7.62,1
CHEMBL3808639,CNC(=O)CCCCC[C@H](NC(=O)c1cncs1)c1ncc(-c2cc3ccccc3nc2OC)[nH]1,7.62,1
CHEMBL5934316,CN(c1ncc(C(=O)NO)cn1)C12CC3CC(CC(C3)C1)C2,7.62,1
CHEMBL1096981,C[C@H](O)C(=O)CCCCC[C@@H]1NC(=O)[C@H]2CCCN2C(=O)[C@H](Cc2ccccc2)NC(=O)[C@H](Cc2c[nH]c3ccccc23)NC1=O,7.61,1
CHEMBL1938433,O=C(/C=C/c1ccc2c(c1)C(=O)CC1(CCN(Cc3ccccc3)CC1)O2)NO,7.61,2
CHEMBL4060174,C#Cc1cccc(Nc2ncnc3cc(NC(=O)CCCCCCC(=O)NO)sc23)c1,7.61,1
CHEMBL5283088,CN(C)c1cccc2c(S(=O)(=O)N[C@H](C(=O)Nc3ccc(C(=O)NO)cc3)c3ccccc3)cccc12,7.61,1
CHEMBL5639135,COc1nc(-c2ccc(NC(=O)Nc3ccc(C(=O)NCCCCCC(=O)Nc4ccccc4N)cc3)cc2)nc(N2CCOCC2)n1,7.61,1
CHEMBL5641600,COc1nc(-c2ccc(NC(=O)Nc3ccc(C(=O)NCCCCCCC(=O)Nc4ccccc4N)cc3)cc2)nc(N2CCOCC2)n1,7.61,1
CHEMBL483495,O=C(CCCCCCC(=O)Nc1ccc(-c2cn(CC(O)c3cccc(Br)c3)nn2)cc1)NO,7.6,1
CHEMBL511432,Nc1cccc(-c2csc(NC(=O)CCCCc3cc(C(=O)NO)no3)n2)c1,7.6,1
CHEMBL3593627,O=C(CCN1C(=O)C2(OCCCO2)c2cc(Br)ccc21)Nc1ccc(C(=O)NO)cc1,7.6,1
CHEMBL3758457,O=C(/C=C/c1ccc(/C=C(/CNC2CC2)c2ccc(F)cc2)cc1)NO,7.6,1
CHEMBL4755946,CCC(=O)CCCCC[C@H](NC(=O)[C@H]1CC12CCN(CC)CC2)c1ncc(-c2ccc(C(=O)Nc3cc(C(F)(F)F)ccn3)cc2OC)[nH]1,7.6,1
CHEMBL5282033,O=C(CCCCCCNCc1cc2ccccc2[nH]1)NO,7.6,1
CHEMBL3989941,Cn1c(CCCCCCC(=O)NO)nc2cc(N(CCCl)CCCl)ccc21,7.6,1
CHEMBL6165888,Cn1c(CCCCCCC(=O)NO)nc2ccc(N(CCCl)CCCl)cc21,7.6,1
CHEMBL3758246,COc1cc(O)cc(OC)c1/C=N/NC(=O)CCCCCC(=O)NO,7.59,1
CHEMBL3770287,O=C(NCCCCC(=O)C(F)(F)F)c1nc(-c2nccs2)sc1C1CC1,7.59,1
CHEMBL3339034,O=C(CCCCCCC(=O)Nc1cc2c(Cl)ncnc2s1)NO,7.58,1
CHEMBL3655992,O=C(NO)c1cnc(NC2(c3ccc(F)cc3F)CC2)nc1,7.58,1
CHEMBL3930488,COc1ccc2cc(C(=O)NCCCCCC(=O)Nc3ccccc3N)[nH]c2c1,7.58,1
CHEMBL5197503,CCNNC(=O)c1ccc(Cn2nnnc2-c2cccs2)cc1,7.58,1
CHEMBL5268555,CNC(=O)CCCCC[C@H](NC(=O)Cn1ccc2cc(C#N)ccc21)c1ncc(-c2ccc(CN(C)C)cc2)[nH]1,7.58,1
CHEMBL5283156,CNC(=O)CCCCC[C@H](NC(=O)CCc1c[nH]c2ccccc12)c1ncc(-c2ccc(CN(C)C)cc2)[nH]1,7.58,1
CHEMBL487143,CCCC(=O)CCCCC[C@H](NC(=O)C1CCN(C)CC1)c1ncc(-c2ccc3ccccc3c2)[nH]1,7.57,1
CHEMBL3770555,Cc1cnc(-c2nc(C(=O)NCCCCC(=O)C(F)(F)F)c(C3CC3)s2)s1,7.57,1
CHEMBL3987006,Cc1ccc2[nH]c(C(=O)NCCCCCC(=O)Nc3ccccc3N)cc2c1,7.57,1
CHEMBL4756752,CCC(=O)CCCCC[C@H](NC(=O)CN(C)C)c1[nH]c(-c2ccc(F)cc2)nc1C#N,7.57,1
CHEMBL4798363,CCCCCCCC(=O)SCC/C=C/[C@@H]1CC(=O)NCc2cccc(n2)-c2cccc(n2)C(=O)N[C@@H](C(C)C)C(=O)O1,7.57,1
CHEMBL5218660,CN1c2ccccc2C(=O)N2[C@H](C(=O)Nc3ccc(C(=O)Nc4ccccc4N)cc3)Cc3c([nH]c4ccccc34)[C@@H]12,7.57,1
CHEMBL3309286,CN1C(=O)CC(C)(C)c2cc(C(=O)NCCCCCCC(=O)NO)ccc21,7.55,1
CHEMBL3309288,COc1ccc2cc(C(=O)NCCCCCCC(=O)NO)ccc2n1,7.55,1
CHEMBL3758901,O=C(/C=C/c1ccc2c(c1)C(=O)CC1(CCN(Cc3ccccc3)C1)O2)NO,7.55,1
CHEMBL3942866,Nc1ccccc1NC(=O)CCCCCNC(=O)c1cc2c(Cl)cccc2[nH]1,7.55,1
CHEMBL4761763,Cc1noc(C)c1-c1ccc2c(c1)c(CCc1ccccc1)cn2CCCCCCC(=O)NO,7.55,1
CHEMBL5400896,CC(C)C(C(=O)Nc1ccc(/C=C/C(=O)NO)nc1)c1ccccc1,7.55,1
CHEMBL3354920,COc1ccccc1C(=O)N[C@H](COc1cccc(/C=C/C(=O)NO)c1)Cc1c[nH]c2ccccc12,7.54,1
CHEMBL3656012,O=C(NO)c1cnc(NC2(c3cccc(F)c3F)CC2)nc1,7.54,1
CHEMBL3758882,O=C(NCCCCCCS)c1cc(-c2cccnc2)n[nH]1,7.54,1
CHEMBL3977346,O=C(NO)c1ccc(CNC(=O)c2nc(-c3nccs3)sc2C2CC2)cc1,7.54,2
CHEMBL4763995,CSc1ccccc1C(=O)NCCCC[C@H](NC(=O)c1cncs1)c1ncc(-c2ccc3ccccc3c2)[nH]1,7.54,1
CHEMBL4850926,Cc1sc2c(c1C)C(c1ccc(Cl)cc1)=N[C@@H](CC(=O)Nc1ccc(C(=O)NO)cc1)c1nnc(C)n1-2,7.54,2
CHEMBL469134,O=C(CCCCc1cc(C(=O)NO)no1)Nc1nc(-c2ccccc2)cs1,7.52,1
CHEMBL594544,O=C(NO)c1cnc(N2CCN(C(/C=C/c3ccc(F)cc3)CO)CC2)nc1,7.52,1
CHEMBL1093713,Cc1cc(C)cc(NC(=O)CCCCC(=O)NO)c1,7.52,1
CHEMBL3335300,O=C(CCCCc1ccn(Cc2ccc(-c3ccccc3)cc2)n1)NO,7.52,1
CHEMBL3664033,Nc1cc(F)ccc1NC(=O)c1cc2ccc(N3CCNCC3)c(C3CC3)c2cn1,7.52,1
CHEMBL3759808,O=C(/C=C/c1ccc2c(c1)C(=O)CC1(CCCN(Cc3ccccc3)CC1)O2)NO,7.52,1
CHEMBL4548759,CC(=O)Nc1cccc(-c2csc(NC(=O)CCCCCC(=O)Nc3ccccc3N)n2)c1,7.52,1
CHEMBL5176029,COc1cc(C(=O)c2csc(-c3ccc(NC(=O)CCCC(=O)Nc4ccccc4N)cc3)n2)cc(OC)c1OC,7.52,1
CHEMBL5171086,CCCNNC(=O)c1cnc(N2CCN(Cc3c[nH]c4ccccc34)CC2)nc1,7.52,1
CHEMBL4285537,CC(=O)Nc1cccc(-c2csc(NC(=O)CCCCCCC(=O)Nc3ccccc3N)n2)c1,7.52,1
CHEMBL5618912,CNCCOc1ccc(-c2cc(=O)c3cc(OCCCCCC(=O)NO)cc(O)c3o2)cc1,7.52,1
CHEMBL566637,CC(C)C[C@H]1CC(=O)N[C@@H](Cc2ccccc2)C(=O)N[C@@H](CCCCCC(=O)NO)C(=O)N[C@@H](Cc2c[nH]c3ccccc23)C(=O)N1,7.51,2
CHEMBL2323286,CC(C)[C@@H]1NC(=O)Cn2nnc(n2)-c2csc(n2)CNC(=O)C[C@@H](/C=C/CCS)OC1=O,7.51,1
CHEMBL3910879,COc1ccc2[nH]c(C(=O)NCCCCCC(=O)Nc3ccccc3N)cc2c1,7.51,1
CHEMBL4782216,O=C(N[C@@H](CCCCNC(=O)c1ncccc1O)c1ncc(-c2ccc3ccccc3c2)[nH]1)c1cncs1,7.51,1
CHEMBL5187930,CCCNNC(=O)c1ccc(NC(=O)Cc2ccccc2)cc1,7.51,1
CHEMBL569174,CC(=O)NCCCCC[C@@H]1NC(=O)C[C@H](CC(C)C)NC(=O)[C@H](Cc2cccc3ccccc23)NC(=O)[C@H](CCCCCC(=O)O)NC1=O,7.5,1
CHEMBL3908408,Cc1cccc2cc(C(=O)NCCCCCC(=O)Nc3ccccc3N)[nH]c12,7.5,1
CHEMBL3909083,Cc1ccc2cc(C(=O)NCCCCCC(=O)Nc3ccccc3N)[nH]c2c1,7.5,1
CHEMBL2012815,CCC(=O)CCCCC[C@@H]1NC(=O)[C@H](C)NC(=O)C[C@H](CC(C)C)NC(=O)[C@H](Cc2cccc3ccccc23)NC1=O,7.5,1
CHEMBL4171675,CCS/C(Nc1ccccc1)=C(\C#N)C(=O)N/N=C\c1ccc(Cl)cc1Cl,7.5,1
CHEMBL4641299,CCC(=O)CCCCC[C@H](NC(=O)[C@H]1CC12CCN(C)CC2)c1nnc(-c2cc3ccccc3nc2OC)[nH]1,7.5,1
CHEMBL4789519,CCCCCNNC(=O)c1ccc(CNC(=O)/C=C/c2ccccc2)cc1,7.49,3
CHEMBL5611904,CCCNNC(=O)/C=C/c1ccc(CN(CCc2c(C)[nH]c3ccccc23)Cc2ccc3cc[nH]c3c2)cc1,7.49,1
CHEMBL5859669,O=C(/C=C/c1cccc(CNC23CC4CC(CC(C4)C2)C3)c1)NO,7.49,1
CHEMBL3655979,O=C(NO)c1cnc(NC2(c3cc4ccccc4s3)CC2)nc1,7.48,1
CHEMBL3664032,Nc1ccccc1NC(=O)c1cc2ccc(N3CCNCC3)c(C3CC3)c2cn1,7.48,1
CHEMBL3883560,Cc1ccc(-c2cc(C(=O)NCCCCCCCC(=O)NO)nn2-c2ccc(S(N)(=O)=O)cc2)cc1,7.48,1
CHEMBL3919822,Nc1ccccc1NC(=O)CCCCCNC(=O)c1cc2ccccc2[nH]1,7.48,1
CHEMBL3910629,Nc1ccccc1NC(=O)CCCCCNC(=O)c1c[nH]c2ccccc12,7.48,1
CHEMBL3973671,Cn1ccc2cc(C(=O)NCCCCCC(=O)Nc3ccccc3N)ccc21,7.48,1
CHEMBL3655917,O=C(NO)c1cnc(NCc2cccc(Cl)c2)nc1,7.47,1
CHEMBL4079625,O=C(CCCCCCC(=O)Nc1cc2ncnc(Nc3cccc(Br)c3)c2s1)NO,7.47,1
CHEMBL4554522,COc1ccc(CN2CCC(Nc3nc(Nc4ccc(NC(=O)CCCCCCC(=O)NO)cc4)nc4cc(OC)c(OC)cc34)CC2)cc1,7.47,1
CHEMBL4846776,Nc1ncnc2c1c(-c1cnc3[nH]ccc3c1)nn2CCCCCCCCC(=O)NO,7.47,1
CHEMBL1093041,CCc1cccc(NC(=O)CCCCC(=O)NO)c1,7.46,1
CHEMBL3885174,COC(=O)Cc1c(C)n(Cc2ccc(-c3cn(CCCCCCC(=O)NO)nn3)cc2)c2ccc(OC)cc12,7.46,1
CHEMBL3918737,Nc1ccccc1NC(=O)CCCCCNC(=O)c1c[nH]c2c(Cl)cccc12,7.46,1
CHEMBL4750027,CCC(=O)CCCCC[C@H](NC(=O)[C@H]1CC12CCN(C)CC2)c1[nH]c(-c2cccnc2OC)nc1C#N,7.46,1
CHEMBL4760053,CC(C)(C)c1ccc(NS(=O)(=O)c2ccc(C(=O)NO)cc2)cc1,7.46,1
CHEMBL6148436,Cc1c(F)c(N)cc(C(=O)Nc2cc(-c3ccc(NC(=O)CCCCCCC(=O)NO)cc3)ccc2N2CCN(C)CC2)c1Cl,7.46,1
CHEMBL5419989,COc1ccc2c3c(oc2c1)CN([C@@H](Cc1ccccc1)C(=O)Nc1ccc(C(=O)NO)cc1)CC3,7.45,1
CHEMBL3601341,CC(C)N1CCN(c2nccc3ccc(NC(=O)CCCCCCC(=O)NO)cc23)CC1,7.44,1
CHEMBL3961745,COc1cccc2[nH]c(C(=O)NCCCCCC(=O)Nc3ccccc3N)cc12,7.44,1
CHEMBL3957512,Nc1ccccc1NC(=O)CCCCCNC(=O)c1cccc2cc[nH]c12,7.44,1
CHEMBL4755061,CC(C)Oc1ccc(C(C)(C)O)cc1-c1cn(C)c(=O)c2[nH]c(C(=O)NCCCCCCC(=O)NO)cc12,7.44,1
CHEMBL5408688,CCC(C(=O)Nc1ccc(/C=C/C(=O)NO)nc1)c1ccccc1,7.44,1
CHEMBL3655974,O=C(NO)c1cnc(NC2(c3ccc(CO)cc3)CC2)nc1,7.43,1
CHEMBL3903212,O=C(CCCCCNC(=O)c1nc(-c2nccs2)sc1C1CC1)NO,7.43,1
CHEMBL3903543,Cc1[nH]c2cc(C(=O)NCCCCCC(=O)Nc3ccccc3N)ccc2c1C,7.43,1
CHEMBL4647479,CN(C)S(=O)(=O)c1ccc(NCCCCCCC(=O)NO)c2nonc12,7.43,1
CHEMBL5171474,CCCNNC(=O)c1cnc(NCc2ccc(Cl)cc2)nc1,7.43,1
CHEMBL5413000,COc1ccccc1-c1cnc(C(=O)NCCCCCCC(=O)NO)s1,7.43,1
CHEMBL3339010,O=C(CCCCCC(=O)Nc1cc2c(Nc3ccc(F)c(Cl)c3)ncnc2s1)NO,7.42,1
CHEMBL3664031,Nc1ccccc1NC(=O)c1cc2ccc(N3CCNCC3)cc2cn1,7.42,1
CHEMBL3986857,COc1ccc2c(C(=O)NCCCCCC(=O)Nc3ccccc3N)c[nH]c2c1,7.42,1
CHEMBL4538450,CC(C)[C@H](NC(=O)c1nc(-c2nccs2)sc1C1CC1)c1ccc(C(=O)NO)cc1,7.42,1
CHEMBL5279348,O=C(CCCCCCNCc1ccc(-c2ccccc2)s1)NO,7.42,1
CHEMBL5598317,O=C(CCCCCCn1cc(Nc2ncc(Cl)c(-c3cnc4ccccn34)n2)cn1)NO,7.42,1
CHEMBL3926116,COc1ccc2[nH]cc(C(=O)NCCCCCC(=O)Nc3ccccc3N)c2c1,7.41,1
CHEMBL4749697,Cc1noc(C)c1-c1ccc2c(c1)c(Cc1ccc(F)cc1)cn2CCCCCC(=O)NO,7.41,1
CHEMBL4550522,O=C(/C=C/c1ccc(NC(=O)Cc2cccc3ccccc23)cn1)NO,7.41,1
CHEMBL1631913,COc1cc2cc(c1)COc1ccccc1NC(=O)C(CCCCCC(=O)NO)OC/C=C\2,7.4,1
CHEMBL3339027,CCN(CC)c1ccc(Nc2ncnc3sc(NC(=O)CCCCCCC(=O)NO)cc23)cc1,7.4,1
CHEMBL3601335,Cc1ccc(Nc2nccc3ccc(NC(=O)CCCCCCC(=O)NO)cc23)c(F)c1,7.4,1
CHEMBL3899106,Cc1c(C(=O)NCCCCCC(=O)Nc2ccccc2N)[nH]c2ccccc12,7.4,1
CHEMBL4798276,O=C(NCc1ccc(C(=O)NNCC2CC2)cc1)c1ccccc1,7.4,3
CHEMBL5416448,O=C(CCCCCCNC(=O)c1ncc(-c2ccccc2)o1)NO,7.4,1
CHEMBL5612403,CCCNNC(=O)/C=C/c1ccc(CN(CCC)C(=O)c2cc3ccccc3s2)cc1,7.4,1
CHEMBL3601340,O=C(CCCCCCC(=O)Nc1ccc2ccnc(N3CCOCC3)c2c1)NO,7.39,1
CHEMBL3655967,O=C(NO)c1cnc(NC2(c3ccccc3Cl)CC2)nc1,7.39,1
CHEMBL3975640,Nc1ccccc1NC(=O)CCCCCNC(=O)c1cc2cccc(F)c2[nH]1,7.39,1
CHEMBL3946574,Cc1[nH]c2ccc(C(=O)NCCCCCC(=O)Nc3ccccc3N)cc2c1C,7.39,1
CHEMBL3891665,Nc1ccccc1NC(=O)CCCCCNC(=O)c1ccc2cc[nH]c2c1,7.39,1
CHEMBL4742144,CNc1ccccc1C(=O)NCCCC[C@H](NC(=O)c1cncs1)c1ncc(-c2ccc3ccccc3c2)[nH]1,7.39,1
CHEMBL5399106,O=C(CCCCCCNC(=O)c1ncc(-c2ccc(Br)cc2)o1)NO,7.39,1
CHEMBL5417235,Nc1ccccc1NC(=O)c1ccc(NC(=O)c2n[nH]cc2NC(=O)c2c(Cl)cccc2Cl)cc1,7.39,1
CHEMBL6141738,O=C1CCC(N2C(=O)c3cccc(NCCOCCn4cc(CCCCN(Cc5ccc(C(=O)NO)cc5)Cc5cccnc5)nn4)c3C2=O)C(=O)N1,7.39,1
CHEMBL270224,[N-]=[N+]=Nc1ccc(C(=O)NC(CCCCNC(=O)CCCCC2SCC3NC(=O)NC32)C(=O)NCCSSCCC(=O)NCCCCCCN(CCc2c[nH]c3ccccc23)Cc2ccc(/C=C/C(=O)NO)cc2)cc1,7.38,1
CHEMBL3913961,Nc1ccccc1NC(=O)CCCCCNC(=O)c1ccc2[nH]ccc2c1,7.38,2
CHEMBL3935353,O=C(NO)c1cnc(NC2(c3ccccc3)CCN(C(=O)Cc3cc4ccccc4[nH]3)CC2)nc1,7.38,1
CHEMBL5276254,CNC(=O)CCCCC[C@H](NC(=O)CCc1c[nH]c2ccccc12)c1ncc(-c2ccc(-n3cccn3)cc2)[nH]1,7.38,1
CHEMBL5566253,CCCCCNNC(=O)c1ccc(N2CCN(C)CC2)cc1,7.38,1
CHEMBL6133433,CCCNNC(=O)c1ccc(Cn2c3ccccc3c3c(-c4ccccn4)nc4ccccc4c32)cc1,7.38,1
CHEMBL6152548,O=C1CCC(N2C(=O)c3cccc(NCCCn4cc(CCCCN(Cc5ccc(C(=O)NO)cc5)Cc5cccnc5)nn4)c3C2=O)C(=O)N1,7.38,1
CHEMBL3593413,CC(C)[C@@H]1NC(=O)[C@]2(C)CSC(=N2)c2cccc(n2)CNC(=O)C[C@@H](/C=C/CCS)NC1=O,7.37,1
CHEMBL3655936,O=C(NO)c1cnc(NCc2ccc(F)c(Cl)c2)nc1,7.37,1
CHEMBL4103456,COc1ccc(C(=O)N[C@@H](Cc2c[nH]c3ccccc23)C(=O)NCCCCCC(=O)Nc2ccccc2N)cc1,7.37,2
CHEMBL4476497,C[C@H](NC(=O)c1nc(-c2nccs2)sc1C1CC1)c1ccc(C(=O)NO)cc1,7.37,1
CHEMBL4745945,CCC(=O)CCCCC[C@H](NC(=O)[C@H]1CC12CCN(C)CC2)c1ncc(-c2ccn3ncnc3c2)[nH]1,7.37,2
CHEMBL4786504,COc1ccc(O)c(C(=O)NCCCC[C@H](NC(=O)c2cncs2)c2ncc(-c3ccc4ccccc4c3)[nH]2)c1,7.37,1
CHEMBL5171850,CCCNNC(=O)c1cnc(NCc2ccccc2)nc1,7.37,1
CHEMBL1914702,[N-]=[N+]=NCc1cc(N=[N+]=[N-])cc(C(=O)Nc2ccc(-c3cc(C(=O)NCCCCCCC(=O)NO)no3)cc2)c1,7.35,1
CHEMBL3938743,Cc1ccc2[nH]nc(C(=O)NCCCCCC(=O)Nc3ccccc3N)c2c1,7.35,1
CHEMBL4291940,Nc1ccccc1NC(=O)c1ccc(C(=O)NCCNc2nonc2/C(=N/O)Nc2ccc(F)c(Br)c2)cc1,7.35,1
CHEMBL3670669,COc1ccc(-c2cc(-c3ccccc3)[nH]c2C(=O)NCc2ccc(C(=O)Nc3ccccn3)cc2)cc1,7.34,1
CHEMBL3980806,COc1cccc2c(C(=O)NCCCCCC(=O)Nc3ccccc3N)c[nH]c12,7.34,1
CHEMBL4097655,O=C(CCCCCCC(=O)Nc1cc2ncnc(Nc3cccc(Cl)c3)c2s1)NO,7.34,1
CHEMBL3693786,O=C(CCCCCCNC(=O)c1cnc(N(c2ccccc2)c2ccccc2Cl)nc1)NO,7.34,7
CHEMBL4760306,O=C(NO)c1ccc(NC(=O)c2ccc(F)cc2)cc1,7.34,1
CHEMBL5185866,COc1cc(OCc2cccc(-c3ccccc3)c2C)cc(OC)c1CNCCCCCCC(=O)NO,7.34,1
CHEMBL6143656,Cc1c(F)c(N)cc(C(=O)Nc2cc(-c3ccc(NC(=O)CCCCCC(=O)NO)cc3)ccc2N2CCN(C)CC2)c1Cl,7.34,1
CHEMBL2336043,CCCC(CCC)C(=O)N[C@H](COc1ccc(/C=C/C(=O)NO)cc1OC)Cc1c[nH]c2ccccc12,7.33,2
CHEMBL3233708,Cl.O=C(/C=C/c1ccc(OC[C@H](Cc2c[nH]c3ccccc23)NCc2ccc(Cl)cc2)cc1)NO,7.33,1
CHEMBL3891630,Cc1[nH]c2c(C(=O)NCCCCCC(=O)Nc3ccccc3N)cccc2c1C,7.33,1
CHEMBL261735,CCC(=O)CCCCC[C@H](NC(=O)Cc1c(C)[nH]c2ccc(OC)cc12)c1ncc(-c2ccccc2)[nH]1,7.32,1
CHEMBL3339013,O=C(CCCCCC(=O)Nc1cc2c(Nc3ccc(Cl)c(C(F)(F)F)c3)ncnc2s1)NO,7.32,1
CHEMBL3987199,Nc1ccccc1NC(=O)CCCCCNC(=O)c1c[nH]c2ccc(Cl)cc12,7.32,1
CHEMBL2442800,COc1cc([C@@H]2c3cc4c(cc3[C@@H](Nc3ccc(OCCCCCCC(=O)NO)cc3)[C@H]3COC(=O)[C@H]23)OCO4)cc(OC)c1O,7.31,1
CHEMBL3356921,CN1C(=O)CC[C@@H]1C(=O)N[C@@H](CCCCCS)C(=O)Nc1ccccc1,7.31,1
CHEMBL3655997,O=C(NO)c1cnc(NC2(c3ccc4c(c3)OCO4)CC2)nc1,7.31,1
CHEMBL3934285,CCOc1ccc2[nH]c(C(=O)NCCCCCC(=O)Nc3ccccc3N)cc2c1,7.31,1
CHEMBL4866612,CCC(=O)CCCCC[C@@H]1NC(=O)[C@H]2CC23CCN(CCCCN2C4CCC2c2cc(ccc24)-c2cnc1[nH]2)CC3,7.31,1
CHEMBL5567303,CC12CC3CC(C)(C1)CC(NC(=O)Nc1ccc(C(=O)NCCCCCCC(=O)NO)cc1)(C3)C2,7.31,1
CHEMBL242533,O=C(/C=C/c1cccc(C(=O)c2cc3ccccc3[nH]2)c1)NO,7.3,1
CHEMBL3655971,O=C(NO)c1cnc(NC2(c3cccc(Cl)c3)CC2)nc1,7.3,1
CHEMBL4082059,CC(C)(C)c1cccc(Nc2ncnc3cc(NC(=O)CCCCCCC(=O)NO)sc23)c1,7.3,1
CHEMBL5209294,C#Cc1nc(C(=O)NCCCCCCC(=O)NO)cs1,7.3,1
CHEMBL4781636,Cc1ccccc1Cc1cn(CCCCCCC(=O)NO)c2ccc(-c3c(C)noc3C)cc12,7.3,1
CHEMBL5647403,CCCNNC(=O)CCCCCCNC(=O)[C@H](CC(C)C)NC(=O)[C@@H](O)[C@H](N)Cc1ccccc1.Cl,7.3,1
CHEMBL5715920,CN(C)Cc1ccc(S(=O)(=O)n2ccc(/C=C/C(=O)NO)c2)cc1.Cl,7.3,1
CHEMBL2364628,O=C(CCCCCCNC(=O)c1cnc(N(c2ccccc2)c2ccccc2)nc1)NO,7.29,21
CHEMBL3655944,C[C@@H](Nc1ncc(C(=O)NO)cn1)c1ccccc1,7.29,2
CHEMBL5188297,O=C(CCCCCCC(=O)N/N=C/c1cnc(N(c2ccccc2)c2ccccc2)nc1)NO,7.29,1
CHEMBL5075729,O=C(CCCCCCC(=O)N/N=C/c1ccc(N(c2ccccc2)c2ccccc2)cc1)NO,7.29,1
CHEMBL5564312,CC12CC3CC(C)(C1)CC(NC(=O)Nc1ccc(C(=O)NCCCCCC(=O)NO)cc1F)(C3)C2,7.29,1
CHEMBL6078340,C=C1C(=O)O[C@@H]2C[C@@]3(C)CC[C@@H](OC(=O)[C@H](C)NC(=O)c4ccc(/C=C/C(=O)NO)cc4)C(=C)[C@@H]3C[C@H]12,7.29,1
CHEMBL6172197,Cc1noc(C)c1-c1ccc2c(c1)CCc1c-2nn(Cc2ccc(C(F)(F)F)cc2)c1C(=O)NCCCCCCC(=O)NO,7.29,1
CHEMBL2442691,COc1cc([C@@H]2c3cc4c(cc3[C@@H](Nc3ccc(OCCCCCCCC(=O)NO)cc3)[C@H]3COC(=O)[C@H]23)OCO4)cc(OC)c1O,7.28,1
CHEMBL3664023,Nc1ccccc1NC(=O)c1cnc2c(C3CC3)c(N3CCNCC3)ccc2c1,7.28,1
CHEMBL3906734,O=C(CCCCNC(=O)c1nc(-c2nc(C3CC3)cs2)sc1C1CC1)NO,7.28,1
CHEMBL3980389,Nc1ccccc1NC(=O)CCCCCNC(=O)c1cc2c(OC(F)F)cccc2[nH]1,7.28,1
CHEMBL5415256,Cl.Cl.NCc1ccc(OCc2ccc(C(=O)Nc3ccccc3N)cc2)cc1,7.28,1
CHEMBL6165445,CCCNNC(=O)c1ccc(CNC(=O)c2cnc(-c3ccc4occc4c3)[nH]2)cc1,7.28,1
CHEMBL98,O=C(CCCCCCC(=O)Nc1ccccc1)NO,7.27,178
CHEMBL569946,CCC(=O)CCCCC[C@@H]1NC(=O)[C@H](CCCCCNC(C)=O)NC(=O)C[C@H](CC(C)C)NC(=O)[C@H](Cc2c[nH]c3ccccc23)NC1=O,7.27,1
CHEMBL3311464,O=C(CCCCCCC(=O)Nc1ccc2[nH]c(=O)ccc2c1)NO,7.27,1
CHEMBL3656010,O=C(NO)c1cnc(NC2(c3ccc(Cl)c(Cl)c3)CC2)nc1,7.27,1
CHEMBL3973971,Cn1nc(C(=O)NCCCCCC(=O)Nc2ccccc2N)c2ccccc21,7.27,1
CHEMBL4067265,CCC(=O)CCCCC[C@@H]1NC(=O)[C@H](CCCCNC(C)=O)NC(=O)C[C@H](CC(C)C)NC(=O)[C@H](Cc2c[nH]c3ccccc23)NC1=O,7.27,1
CHEMBL5639136,Nc1ccccc1NC(=O)CCCCCNC(=O)c1ccc(NC(=O)Nc2ccc(-c3nc(OC4CCOC4)nc(N4CCOCC4)n3)cc2)cc1,7.27,1
CHEMBL3356926,O=C1NC[C@H](c2ccccc2)[C@H]1C(=O)N[C@@H](CCCCCS)C(=O)Nc1ccccc1,7.26,1
CHEMBL3949667,COc1cccc2cc(C(=O)NCCCCCC(=O)Nc3ccccc3N)[nH]c12,7.26,1
CHEMBL4861270,CCCC[C@H](NC(=O)[C@H](C)c1c(C)[nH]c2ccc(O)cc12)c1ncc(-c2cc3ccccc3nc2OC)[nH]1,7.26,1
CHEMBL6143586,O=C1CCC(N2C(=O)c3cccc(NCCCCCCn4cc(CCCCN(Cc5ccc(C(=O)NO)cc5)Cc5cccnc5)nn4)c3C2=O)C(=O)N1,7.26,1
CHEMBL1093359,Cc1ccc(NC(=O)CCCCC(=O)NO)cc1C,7.25,1
CHEMBL1631914,COc1cc2cc(c1)COc1ccccc1NC(=O)[C@H](CCCCCC(=O)NO)OC/C=C\2,7.25,1
CHEMBL3968223,Cn1cc(C(=O)NCCCCCC(=O)Nc2ccccc2N)c2ccccc21,7.25,1
CHEMBL4863325,CCC(=O)CCCCC[C@@H]1NC(=O)[C@H]2CC23CCN(CCCCCn2c(=O)ccc4cc(ccc42)-c2cnc1o2)CC3,7.25,1
CHEMBL5172507,O=C(CCCCCCNC(=O)c1csc(Br)n1)NO,7.25,1
CHEMBL5220945,Cc1nc2c(F)cc(-c3nc(Nc4ccc(CNC(=O)CC(=O)NO)cc4)ncc3F)cc2n1C(C)C,7.25,1
CHEMBL5647223,Nc1ccccc1NC(=O)CCCCCCNC(=O)c1ccc(NC(=O)Nc2ccc(-c3nc(OC4COC4)nc(N4CCOCC4)n3)cc2)cc1,7.25,1
CHEMBL1089339,Cc1cccc(NC(=O)CCCCC(=O)NO)c1,7.24,1
CHEMBL3656015,O=C(NO)c1cnc(NC2(c3cc(Cl)cc(Cl)c3)CC2)nc1,7.24,1
CHEMBL3656013,O=C(NO)c1cnc(NC2(c3ccc(F)cc3Cl)CC2)nc1,7.24,1
CHEMBL3664029,Nc1cc(F)ccc1NC(=O)c1cnc2c(C3CC3)c(N3CCNCC3)ccc2c1,7.24,1
CHEMBL3655994,O=C(NO)c1cnc(NC2(c3cccc(OC(F)(F)F)c3)CC2)nc1,7.24,1
CHEMBL3655929,O=C(NO)c1cnc(NCc2ccc3c(c2)OCO3)nc1,7.24,1
CHEMBL3961801,Nc1ccccc1NC(=O)CCCCCNC(=O)c1cc2cc(F)ccc2[nH]1,7.24,1
CHEMBL3967028,Cn1c(C(=O)NCCCCCC(=O)Nc2ccccc2N)cc2cc(Cl)ccc21,7.24,1
CHEMBL3895086,Cc1cccc(C(=O)NCCCCCC(=O)Nc2ccccc2N)c1,7.24,1
CHEMBL3929959,COc1cccc2[nH]cc(C(=O)NCCCCCC(=O)Nc3ccccc3N)c12,7.24,1
CHEMBL5175631,CCCNNC(=O)c1cnc(NCc2cc(Cl)ccc2Cl)nc1,7.24,1
CHEMBL3287008,CC(C)[C@H](NC(=O)c1csc(-c2cscn2)n1)C(=O)OC/C=C/CCS,7.23,2
CHEMBL3664022,Nc1ccc(F)cc1NC(=O)c1cnc2c(C3CC3)c(N3CCNCC3)ccc2c1,7.23,1
CHEMBL3884506,COc1ccc2c(c1)c(CC(=O)O)c(C)n2Cc1ccc(-c2cn(CCCCCCC(=O)NO)nn2)cc1,7.23,1
CHEMBL5073322,CN1c2ccc(F)cc2C(=O)N2CCc3c([nH]c4ccc(OCc5ccc(/C=C/C(=O)NO)cc5)cc34)C21,7.23,1
CHEMBL5433552,Cc1cnc(Nc2ccc(OCCCCCCC(=O)NO)cc2)nc1Nc1cccc(S(=O)(=O)NC(C)(C)C)c1,7.23,1
CHEMBL5596602,CCCNNC(=O)c1ccc(Cn2cc(Nc3ncc(Cl)c(-c4cnc5ccc(-c6ccccc6)cn45)n3)cn2)cc1,7.23,1
CHEMBL3948298,Cc1csc(-c2nc(C(=O)NCCCCC(=O)NO)c(C3CC3)s2)n1,7.22,1
CHEMBL3940906,Nc1ccccc1NC(=O)CCCCCNC(=O)c1cc2c(F)cccc2[nH]1,7.22,1
CHEMBL4218789,O=C(/C=C/c1cccc(S(=O)(=O)n2ccc3cc(C(=O)c4ccc(F)cc4)ccc32)c1)NO,7.22,1
CHEMBL4551095,CCOC(=O)Nc1cccc(-c2csc(NC(=O)CCCCCC(=O)Nc3ccccc3N)n2)c1,7.22,1
CHEMBL4593729,Nc1cccc(-c2csc(NC(=O)CCCCCC(=O)Nc3ccccc3N)n2)c1,7.22,1
CHEMBL4281014,Nc1cccc(-c2csc(NC(=O)CCCCCCC(=O)Nc3ccccc3N)n2)c1,7.22,1
CHEMBL5170595,O=C(CCCCCCn1cc(Cc2ccccc2)c2ccccc21)NO,7.22,1
CHEMBL5191199,O=C(CCCCCCn1cc(Cc2ccccc2)c2cccnc21)NO,7.22,1
CHEMBL5178042,CCCNNC(=O)c1cnc(NCc2ccccc2Cl)nc1,7.22,1
CHEMBL5647130,CC(C)C[C@H](NC(=O)[C@@H](O)[C@H](N)Cc1ccccc1)C(=O)NCc1ccc(C(=O)Nc2ccccc2N)cc1,7.22,1
CHEMBL5639767,CCCNNC(=O)c1ccc(CNC(=O)[C@H](CC(C)C)NC(=O)[C@H](O)[C@@H](N)Cc2ccccc2)cc1.Cl,7.22,1
CHEMBL569812,CCC(=O)CCCSC[C@@H]1NC(=O)[C@H](C)NC(=O)C[C@H](CC(C)C)NC(=O)[C@H](Cc2c[nH]c3ccccc23)NC1=O,7.21,1
CHEMBL3098691,O=C(CCCCC[C@H](NC(=O)[C@@H]1CCC(=O)N1)C(=O)Nc1ccccc1)NO,7.21,1
CHEMBL3675758,O=C(CCCCCCN(c1ccccn1)c1ccc2ccccc2n1)NO,7.21,1
CHEMBL3656000,O=C(NO)c1cnc(NC2(c3ccc(F)c(Cl)c3)CC2)nc1,7.21,1
CHEMBL3758251,O=C(CCCCC(=O)N/N=C/c1ccc(-c2ccccc2)cc1)NO,7.21,1
CHEMBL2012811,CC(C)C[C@H]1CC(=O)N[C@@H](C)C(=O)N[C@@H](CCCCCC(=O)C(F)(F)F)C(=O)N[C@@H](Cc2c[nH]c3ccccc23)C(=O)N1,7.21,1
CHEMBL5282546,Cc1ccccc1CCc1cn(CCCCCC(=O)NO)c2ccc(-c3c(C)noc3C)cc12,7.21,1
CHEMBL4744442,Cc1cccc(Cc2cn(CCCCCC(=O)NO)c3ccc(-c4c(C)noc4C)cc23)c1,7.21,1
CHEMBL5407714,Cl.Cl.Nc1ccccc1NC(=O)c1ccc(COc2ccc(CNC(=O)[C@@H]3CCCN3)cc2)cc1,7.21,1
CHEMBL6164287,CCCNNC(=O)c1ccc(CNC(=O)c2cnc(-c3cccc4ccccc34)[nH]2)cc1,7.21,1
CHEMBL3902539,O=C(CCCCNC(=O)c1nc(-c2nc3c(s2)CCCC3)sc1C1CC1)NO,7.2,1
CHEMBL6074533,C=C1C(=O)O[C@@H]2C[C@@]3(C)CC[C@@H](OC(=O)CNC(=O)c4cccc(/C=C/C(=O)NO)c4)C(=C)[C@@H]3C[C@H]12,7.2,1
CHEMBL3309291,CC1(C)CC(=O)Nc2ccc(C(=O)NCc3ccc(/C=C/C(=O)NO)cc3)cc21,7.19,1
CHEMBL3656011,Cc1cc(C2(Nc3ncc(C(=O)NO)cn3)CC2)ccc1F,7.19,1
CHEMBL3771288,O=C(NCCCCC(=O)C(F)(F)F)c1nc(-c2nccs2)sc1Cc1ccccc1,7.19,1
CHEMBL3939518,O=C(CCCCCCCNC(=O)c1nc(-c2nccs2)sc1C1CC1)NO,7.19,1
CHEMBL4086244,O=C(CCCCCCC(=O)Nc1cc2ncnc(Nc3cccc(F)c3)c2s1)NO,7.19,1
CHEMBL4068828,CC(C)c1cccc(Nc2ncnc3cc(NC(=O)CCCCCCC(=O)NO)sc23)c1,7.19,1
CHEMBL4163794,CCS/C(Nc1ccccc1)=C(\C#N)C(=O)Nc1ccc(OC)cc1,7.19,1
CHEMBL4293858,CC(=O)Nc1ccc(C(=O)Nc2ccc(F)cc2N)cc1,7.19,5
CHEMBL4761444,CCCCNNC(=O)c1ccc(-c2ccccc2)cc1,7.19,6
CHEMBL5080049,COc1ccc(S(=O)(=O)n2ccc(/C=C/C(=O)NO)c2)cc1NC(=O)c1[nH]c(C)c2c1CCCCC2=O,7.19,1
CHEMBL5195946,COc1ccc2c3c(cccc13)C(=O)N(Cc1ccc(C(=O)NO)cc1)C2=O,7.19,1
CHEMBL468841,Nc1ccc(-c2cc(C(=O)NCCCCC(=O)NO)no2)cc1,7.18,1
CHEMBL1630109,O=C(/C=C/c1cccc(-c2ccc3ncnc(Nc4ccc(OCc5cccc(F)c5)c(Cl)c4)c3c2)c1)NO,7.18,2
CHEMBL3951953,Cn1ccc2ccc(C(=O)NCCCCCC(=O)Nc3ccccc3N)cc21,7.18,1
CHEMBL3971652,CN1CCN(c2cccc(C(=O)NCCCCCC(=O)Nc3ccccc3N)c2)CC1,7.18,1
CHEMBL5564939,Nc1ccccc1NC(=O)c1ccc(-c2ncc(CNc3ccccc3)s2)cc1,7.18,1
CHEMBL6175429,CCCNNC(=O)c1ccc(CNC(=O)c2cnc(-c3ccccc3)[nH]2)cc1,7.18,1
CHEMBL3335283,O=C(CCCCc1ccn(Cc2cccc(-c3ccccc3)c2)n1)NO,7.17,1
CHEMBL3664026,CN1CCN(c2ccc3cc(C(=O)Nc4ccc(F)cc4N)cnc3c2C2CC2)CC1,7.17,1
CHEMBL3759869,CC(=O)SCCCCCCNC(=O)c1cc(-c2ccc(F)cc2)nn1C,7.17,1
CHEMBL3931528,CCOc1ccc2c(c1)cc(C(=O)NCCCCCC(=O)Nc1ccccc1N)n2C,7.17,1
CHEMBL4063718,Cc1ccc(F)c(Nc2ncnc3cc(NC(=O)CCCCCCC(=O)NO)sc23)c1,7.17,1
CHEMBL4087968,Nc1ccc(F)cc1NC(=O)c1ccc(CNC(=O)/C=C/c2cccnc2)cc1,7.17,3
CHEMBL5278816,O=C(CCCCCCNCc1ccc2ccccc2c1)NO,7.17,1
CHEMBL5976360,O=C(NO)c1ccc(Nc2nc3ccccc3n2C2CCCCC2)cc1,7.17,1
CHEMBL6150788,Cc1c(F)c(N)cc(C(=O)Nc2cc(-c3ccc(C(=O)NCCCCCCCC(=O)NO)cc3)ccc2N2CCN(C)CC2)c1Cl,7.17,1
CHEMBL6146244,Cc1c(F)c(N)cc(C(=O)Nc2cc(-c3ccc(NC(=O)CCCCCCCC(=O)NO)cc3)ccc2N2CCN(C)CC2)c1Cl,7.17,1
CHEMBL2442692,COc1cc([C@@H]2c3cc4c(cc3[C@@H](Nc3cccc(OCCCCCCCC(=O)NO)c3)[C@H]3COC(=O)[C@H]23)OCO4)cc(OC)c1O,7.16,1
CHEMBL2442797,COc1cc([C@@H]2c3cc4c(cc3[C@@H](Nc3ccc(OCCCCCC(=O)NO)cc3)[C@H]3COC(=O)[C@H]23)OCO4)cc(OC)c1O,7.16,1
CHEMBL3311473,CC1(C)CC(=O)Nc2ccc(C(=O)NCCCCCCC(=O)NO)cc21,7.16,1
CHEMBL3601774,CC(C)CCn1ccc2ccc(NC(=O)CCCCCCC(=O)NO)cc2c1=O,7.16,1
CHEMBL3655923,O=C(NO)c1cnc(NCc2cccc(C(F)(F)F)c2)nc1,7.16,1
CHEMBL3656006,O=C(NO)c1cnc(NC2(c3ccc(C(F)(F)F)c(F)c3)CC2)nc1,7.16,1
CHEMBL3915917,Cc1ccc(C(=O)NCCCCCC(=O)Nc2ccc(F)cc2O)cc1,7.16,1
CHEMBL4060412,O=C(/C=C/c1cccc(C(=O)NO)c1)NO,7.16,1
CHEMBL277805,Nc1ccccc1NC(=O)CCCCCC(=O)Nc1ccccc1,7.16,1
CHEMBL4754229,O=C(NCc1ccc(C(=O)NNCCC(F)(F)F)cc1)c1ccccc1,7.16,3
CHEMBL4785378,O=C(/C=C/c1ccc(CN(C(=O)c2c(F)c(F)c(F)c(F)c2F)C2CC2)cc1)NO,7.16,1
CHEMBL5093179,CCN(CC)CCNC(=O)c1ccc(NC(=O)CCCCCCC(=O)NO)cc1,7.16,1
CHEMBL5205415,O=C(/C=C/c1ccc(CNc2ccc3nc4n(c(=O)c3c2)CCCCC4)cc1)NO,7.16,1
CHEMBL5193507,O=C(NO)c1ccc(CN(C2CC2)S(=O)(=O)c2c(F)c(F)c(F)c(F)c2F)cc1,7.16,1
CHEMBL5275184,CCCCNNC(=O)c1ccc(C(C)(C)C)cc1,7.16,2
CHEMBL5639636,Nc1ccccc1NC(=O)CCCCCCNC(=O)c1ccc(NC(=O)Nc2ccc(-c3nc(OC4CCOC4)nc(N4CCOCC4)n3)cc2)cc1,7.16,1
CHEMBL6176881,Cc1noc(C)c1-c1ccc2c(c1)CCc1c(C(=O)NCCCCCCC(=O)NO)nn(CCc3ccccc3)c1-2,7.16,1
CHEMBL235191,CC(=O)Nc1ccc(C(=O)Nc2ccccc2N)cc1,7.15,4
CHEMBL3899844,Nc1ccc(-c2cccs2)cc1NC(=O)c1ccc2nc(N3CCNCC3)cnc2c1,7.15,1
CHEMBL3356928,O=C1NC[C@@H](c2ccccc2)[C@H]1C(=O)N[C@@H](CCCCCS)C(=O)Nc1ccccc1,7.14,1
CHEMBL3622731,C/C=C1\NC(=O)c2csc(n2)CNC(=O)C[C@@H](/C=C/CCSC(C)=O)OC(=O)[C@H](C(C)C)NC1=O,7.14,1
CHEMBL3933626,CC(C)Cc1sc(-c2nccs2)nc1C(=O)NCCCCCCCC(=O)NO,7.14,1
CHEMBL3973794,CCOc1cccc2[nH]c(C(=O)NCCCCCC(=O)Nc3ccccc3N)cc12,7.14,1
CHEMBL3911708,Nc1ccccc1NC(=O)CCCCCNC(=O)c1cccc2[nH]ccc12,7.14,1
CHEMBL5412725,Nc1ccccc1NC(=O)c1ccc(CNC(=O)OC2CCCCC2)cc1,7.14,3
CHEMBL3601344,CCN(CC)CCn1ccc2ccc(NC(=O)CCCCCCC(=O)NO)cc2c1=O,7.13,1
CHEMBL5395502,Cc1cnc(Nc2ccc(OCCCCCCC(=O)NO)c(F)c2)nc1Nc1cccc(S(=O)(=O)NC(C)(C)C)c1,7.13,1
CHEMBL6171095,CCCNNC(=O)c1ccc(CNC(=O)c2cnc(-c3ccc4ccccc4c3)[nH]2)cc1,7.13,1
CHEMBL3655919,O=C(NO)c1cnc(NCc2ccc(Cl)cc2)nc1,7.12,1
CHEMBL3897044,Cc1cnc(-c2nc(C(=O)NCCCCC(=O)NO)c(C3CC3)s2)s1,7.12,1
CHEMBL3919448,O=C(NO)c1ccc(CNC(=O)c2nc(-c3nc4c(s3)CCCC4)sc2C2CC2)cc1,7.12,1
CHEMBL4456371,COc1cccc(-c2nc(NCc3ccc(/C=C/C(=O)NO)cc3)cc3c2[nH]c2ccccc23)c1,7.12,1
CHEMBL4514808,Cc1cc(-c2nc3sc4c(c3c(=O)[nH]2)CCN(C)C4)cc(C)c1OCCCCCC(=O)NO,7.12,1
CHEMBL4754717,CCOc1ncc(-c2cnc([C@H](CCCCCC(=O)CC)NC(=O)[C@H]3CC34CCN(C)CC4)[nH]2)cn1,7.12,2
CHEMBL4765072,CCC(=O)CCCCC[C@H](NC(=O)[C@H]1CC12CCN(C)CC2)c1ncc(-c2cnc(-n3cc(C)cn3)nc2)[nH]1,7.12,1
CHEMBL5646494,Nc1ccccc1NC(=O)CCCCCCNC(=O)c1ccc(NC(=O)Nc2ccc(-c3nc(N4CCOCC4)nc(N4CCOCC4)n3)cc2)cc1,7.12,1
CHEMBL6167072,O=C1CCC(N2C(=O)c3cccc(NCCOCCOCCn4cc(CCCCN(Cc5ccc(C(=O)NO)cc5)Cc5cccnc5)nn4)c3C2=O)C(=O)N1,7.12,1
CHEMBL4087897,COc1ccc(-c2cc(-c3ccoc3)c(C(=O)NCc3ccc(C(=O)NO)cc3)[nH]2)cc1,7.11,2
CHEMBL3937294,Cn1c(C(=O)NCCCCCC(=O)Nc2ccccc2N)cc2cc(F)ccc21,7.11,1
CHEMBL3945898,CNc1ccc(C(=O)NCCCCCC(=O)Nc2ccccc2N)cc1,7.11,1
CHEMBL3918012,Nc1ccccc1NC(=O)CCCCCNC(=O)c1ccc(NC2CC2)cc1,7.11,1
CHEMBL5188941,CCNNC(=O)c1ccc(Cn2c(=O)n(CCc3ccccc3)c(=O)c3ccccc32)cc1,7.11,1
CHEMBL5429873,O=C(/C=C/c1ccc(NC(=O)Cc2ccccc2)cn1)NO,7.11,1
CHEMBL390452,O=C(/C=C/c1cccc(C(=O)c2cc3ccccc3o2)c1)NO,7.1,1
CHEMBL402363,CC(C)[C@H]1NC(=O)[C@@H](C)[C@@H](C/C=C\CCC(=O)O)NC(=O)[C@@H](Cc2ccccc2)NC(=O)[C@@H](C)NC1=O,7.1,1
CHEMBL3287262,O=C(CCCCNC(=O)c1nc(-c2nccs2)sc1Cc1ccccc1)NO,7.1,2
CHEMBL3426804,O=C(/C=C/c1ccc(NC(=O)C(Cc2ccccc2)c2ccccc2)cn1)NO,7.1,3
CHEMBL3957219,Nc1ccccc1NC(=O)CCCCCNC(=O)c1cccc(OC(F)(F)F)c1,7.1,1
CHEMBL3909801,CCNc1ccc(C(=O)NCCCCCC(=O)Nc2ccccc2N)cc1,7.1,1
CHEMBL4748688,Nc1ccccc1NC(=O)/C=C/c1cnn(C/C=C/c2ccccc2)c1,7.1,1
CHEMBL4798571,CN(C)CCOc1ccc(-c2cc(=O)c3c(O)cc(OCCCCCC(=O)NO)cc3o2)cc1.Cl,7.1,1
CHEMBL5195471,Nc1cc(F)ccc1NC(=O)C=Cc1cnn(CC=Cc2ccccc2)c1,7.1,1
CHEMBL5646749,CCCNNC(=O)c1ccc(CNC(=O)[C@H](CC(C)C)NC(=O)[C@@H](NC(=O)[C@@H](O)[C@H](N)Cc2ccccc2)[C@@H](C)CC)cc1,7.1,1
CHEMBL5831643,O=C(NO)c1ccc(Nc2nc3ccccc3n2C2CCCCCC2)cc1,7.1,1
CHEMBL2442798,COc1cc([C@@H]2c3cc4c(cc3[C@@H](Nc3cccc(OCCCCCC(=O)NO)c3)[C@H]3COC(=O)[C@H]23)OCO4)cc(OC)c1O,7.09,1
CHEMBL4078477,Nc1cc(F)ccc1NC(=O)/C=C/c1cnn(C/C=C/c2ccccc2)c1,7.09,6
CHEMBL4637992,CN(C)S(=O)(=O)c1ccc(NCCCCCC(=O)NO)c2nonc12,7.09,1
CHEMBL5173372,CCCNNC(=O)c1cnc(NCc2cccc3ccccc23)nc1,7.09,1
CHEMBL5594937,CCN(CC)Cc1ccc(Cn2c3c(c4ccccc42)CN(C(=O)NCc2ccc(C(=O)NO)cc2)CC3)cc1,7.09,1
CHEMBL5613070,CCCNNC(=O)/C=C/c1ccc(CN(Cc2ccccc2)C(=O)c2cc3ccccc3s2)cc1,7.09,1
CHEMBL6160900,Cc1c(F)c(N)cc(C(=O)Nc2cc(-c3ccc(NC(=O)Cc4ccc(C(=O)NO)cc4)cc3)ccc2N2CCN(C)CC2)c1Cl,7.09,1
CHEMBL6175901,Cc1noc(C)c1-c1ccc2c(c1)CCc1c-2nn(Cc2ccc(F)cc2)c1C(=O)NCCCCCCC(=O)NO,7.09,1
CHEMBL469275,CC(C)(C)OC(=O)Nc1cccc(-c2cc(C(=O)NCCCCC(=O)NO)no2)c1,7.08,1
CHEMBL4106624,CC(C)[C@@H](C(=O)N1CCC(Nc2ncc(C(=O)NO)cn2)(c2ccccc2)CC1)c1ccccc1,7.08,1
CHEMBL4453484,COc1cccc(-c2nc(NCc3cccc(/C=C/C(=O)NO)c3)cc3c2[nH]c2ccccc23)c1,7.08,1
CHEMBL6171011,Cc1noc(C)c1-c1ccc2c(c1)CCc1c(C(=O)NCCCCCCC(=O)NO)nn(Cc3ccc(F)cc3)c1-2,7.08,1
CHEMBL3287006,CC(C)[C@@H]1NC(=O)c2csc(n2)-c2csc(n2)CNC(=O)C[C@@H](/C=C/CCS)OC1=O,7.07,1
CHEMBL3311472,O=C(CCCCCCNC(=O)c1ccc2c(c1)CCC(=O)N2)NO,7.07,1
CHEMBL3939120,CC(C)Cc1sc(-c2nccs2)nc1C(=O)NCCCCCC(=O)NO,7.07,1
CHEMBL3937638,Nc1ccccc1NC(=O)CCCCCNC(=O)c1ccc(N2CCC2)cc1,7.07,1
CHEMBL3981678,Cn1ccc2c(C(=O)NCCCCCC(=O)Nc3ccccc3N)cccc21,7.07,1
CHEMBL3975961,N#Cc1ccccc1C(=O)NCCCCCC(=O)Nc1ccccc1N,7.07,1
CHEMBL3921050,COc1ccccc1C(=O)NCCCCCC(=O)Nc1ccccc1N,7.07,1
CHEMBL4783054,O=C(NCc1ccc(C(=O)NNCC2CCC2)cc1)c1ccccc1,7.07,3
CHEMBL5848480,CNc1ccc(C(=O)NCCCCC(=O)NO)cc1,7.07,1
CHEMBL2390999,O=C(/C=C/c1ccc2c(c1)C(=O)NC1(CCN(Cc3ccccc3)CC1)O2)NO,7.06,1
CHEMBL3098695,O=C(CCCCC[C@H](NC(=O)[C@@H]1CC(=O)N1)C(=O)Nc1ccccc1)NO,7.06,1
CHEMBL3309300,CC1(C)CC(=O)Nc2ccc(C(=O)NC[C@H]3CC[C@@H](CCC(=O)NO)CC3)cc21,7.06,1
CHEMBL6170667,CCCNNC(=O)c1ccc(CNC(=O)c2cnc(-c3ccc(OC)cc3)[nH]2)cc1,7.06,1
CHEMBL1631915,COc1cc2cc(c1)COc1ccccc1NC(=O)[C@@H](CCCCCC(=O)NO)OC/C=C\2,7.05,1
CHEMBL3311466,CC1(C)CC(=O)Nc2ccc(NC(=O)CCCCCCC(=O)NO)cc21,7.05,1
CHEMBL3309298,CC1(C)CC(=O)Nc2ccc(C(=O)NC[C@H]3CC[C@H](CCC(=O)NO)CC3)cc21,7.05,1
CHEMBL4079199,COc1ccc(C(=O)N[C@H](COc2ccc(C(=O)Nc3ccccc3N)cc2)Cc2c[nH]c3ccccc23)cc1,7.05,1
CHEMBL5555140,CCCNNC(=O)c1ccc(CNC(=O)c2ncc(CNc3ccccc3)s2)cc1,7.05,2
CHEMBL5612510,CCc1c(C#N)c(S[C@@H](C(N)=O)c2ccccc2)nc(N2CCC(CNCc3ccc(/C=C/C(=O)NO)cc3)CC2)c1C#N,7.05,1
CHEMBL5639119,CCCNNC(=O)CCCCCNC(=O)[C@H](CC(C)C)NC(=O)[C@@H](O)[C@H](N)Cc1ccccc1.Cl,7.05,1
CHEMBL2390995,O=C(/C=C/c1ccc2c(c1)C(=O)CC1(CCN(Cc3ccc(F)cc3)CC1)O2)NO,7.04,2
CHEMBL3311465,O=C(CCCCCCC(=O)Nc1ccc2c(c1)CCC(=O)N2)NO,7.04,1
CHEMBL3601343,CCCCn1ccc2ccc(NC(=O)CCCCCCC(=O)NO)cc2c1=O,7.04,1
CHEMBL3655915,CC(Nc1ncc(C(=O)NO)cn1)c1ccccc1,7.04,2
CHEMBL3905310,Nc1ccccc1NC(=O)CCCCCNC(=O)c1n[nH]c2ccccc12,7.04,1
CHEMBL3942719,Cc1ccc2c(c1)cc(C(=O)NCCCCCC(=O)Nc1ccccc1N)n2C,7.04,1
CHEMBL5186798,C#Cc1nc(/C=C/CCCCCC(=O)NO)cs1,7.04,1
CHEMBL5194907,CCCNNC(=O)c1ccc(-c2ccc(CNC(C)=O)cc2)cc1,7.04,1
CHEMBL5584163,O=C(NO)c1ccc(CNC(=O)N2CCc3c(c4ccccc4n3Cc3ccccc3)C2)cc1,7.04,1
CHEMBL6167305,Nc1ccccc1NC(=O)c1ccc(CNC(=O)c2cnc(-c3ccc4occc4c3)[nH]2)cc1,7.04,1
CHEMBL6175316,Cc1noc(C)c1-c1ccc2c(c1)CCc1c-2nn(CCc2ccccc2)c1C(=O)NCCCCCCC(=O)NO,7.04,1
CHEMBL1631917,COc1cc2cc(c1)COc1ccccc1NC(=O)[C@H](CCCCCC(=O)NO)OCCC2,7.03,1
CHEMBL1631918,COc1cc2cc(c1)COc1ccccc1NC(=O)[C@@H](CCCCCC(=O)NO)OCCC2,7.03,1
CHEMBL3940561,CN1CCN(c2ccc(C(=O)NCCCCCC(=O)Nc3ccccc3N)cc2)CC1,7.03,1
CHEMBL5561398,Nc1ccccc1NC(=O)c1ccc(NC(=O)c2ccc(-c3ncc(CNc4ccccc4)s3)cc2)cc1,7.03,1
CHEMBL6172883,Cc1ccc(Cn2nc3c(c2C(=O)NCCCCCCC(=O)NO)CCc2cc(-c4c(C)noc4C)ccc2-3)cc1,7.03,1
CHEMBL4090313,Nc1ccccc1NC(=O)c1ccc(CNC(=O)CN2C(=O)C3(OCCCO3)c3cc(Cl)ccc32)cc1,7.02,1
CHEMBL4450285,O=C(CCC1C(=O)N(c2ccc(Cl)cc2)C(=O)N1Cc1ccccc1)Nc1ccc(C(=O)NO)cc1,7.02,1
CHEMBL6163430,Nc1ccccc1NC(=O)c1ccc(CNC(=O)c2cnc(-c3cccc4ccccc34)[nH]2)cc1,7.02,1
CHEMBL3309284,Cn1c(=O)ccc2cc(C(=O)NCCCCCCC(=O)NO)ccc21,7.01,1
CHEMBL3356931,O=C1CCC[C@@H](C(=O)N[C@@H](CCCCCS)C(=O)NC2CCCC2)N1,7.01,1
CHEMBL3925099,Cc1nc(-c2nc(C(=O)NCCCCC(=O)NO)c(C3CC3)s2)sc1C,7.01,1
CHEMBL5275761,O=C(CCCCCCN1C=Cc2ccccc2C1)NO,7.01,1
CHEMBL5861794,CN(C)CCOc1ccc2c(c1)C(c1ccc(C(=O)NO)cc1)=Nc1ccccc1O2,7.01,1
CHEMBL5893533,CN(Cc1ccc2c(c1)CCC(C(=O)NO)=C2)CC12CC3CC(CC(C3)C1)C2,7.01,1
CHEMBL3317813,C[C@@]12CSC(=N1)c1csc(n1)CNC(=O)C[C@@H](/C=C/CCS)OC(=O)[C@H](CC(=O)O)NC2=O,7.0,1
CHEMBL3655990,O=C(NO)c1cnc(NC2(c3cccc(C(F)(F)F)c3)CC2)nc1,7.0,1
CHEMBL3656003,Cc1cccc(C2(Nc3ncc(C(=O)NO)cn3)CC2)c1,7.0,1
CHEMBL3971229,Nc1ccc(-c2cccs2)cc1NC(=O)c1cnc2c(C3CC3)c(N3CCNCC3)ccc2c1,7.0,1
CHEMBL3925220,Nc1ccccc1NC(=O)CCCCCNC(=O)c1csc(-c2ccncc2)n1,7.0,1
CHEMBL3915015,Nc1ccccc1NC(=O)CCCCCNC(=O)c1cccc2cn[nH]c12,7.0,1
CHEMBL4101744,O=C(CCCCCCC(=O)Nc1cc2ncnc(Nc3ccc(F)cc3F)c2s1)NO,7.0,1
CHEMBL4082812,Cc1ccccc1Nc1ncnc2cc(NC(=O)CCCCCCC(=O)NO)sc12,7.0,1
CHEMBL4237494,CCc1c2c(nc3ccc(O)cc13)-c1cc3c(c(=O)n1C2)COC(=O)[C@@]3(CC)OC(=O)CCCCCC(=O)NO,7.0,1
CHEMBL4241658,CCc1c2c(nc3ccc(O)cc13)-c1cc3c(c(=O)n1C2)COC(=O)[C@@]3(CC)OC(=O)CCCCCCC(=O)NO,7.0,1
CHEMBL4637127,CC(C)(C)c1cc(C(=O)Nc2ccc(C(=O)NO)cc2)cc(C(C)(C)C)c1,7.0,1
CHEMBL4765128,CCC(=O)CCCCC[C@H](NC(=O)[C@H]1CC12CCN(C)CC2)c1[nH]c(-c2cc3ccccc3nc2OC)nc1C#N,7.0,1
CHEMBL5195676,CCCCCCNNC(=O)c1cnc(N2CCN(Cc3c[nH]c4ccccc34)CC2)nc1,7.0,1
CHEMBL5641748,Nc1ccccc1NC(=O)CCCCCNC(=O)c1ccc(NC(=O)Nc2ccc(-c3nc(N4CCOCC4)nc(N4CCOCC4)n3)cc2)cc1,7.0,1
CHEMBL6169231,Nc1ccccc1NC(=O)c1ccc(CNC(=O)c2cnc(-c3ccc4ccccc4c3)[nH]2)cc1,7.0,1
CHEMBL6172665,COc1ccc(-c2ncc(C(=O)NCc3ccc(C(=O)Nc4ccccc4N)cc3)[nH]2)cc1,7.0,1
CHEMBL511715,O=C(CCCCc1cc(C(=O)NO)no1)Nc1cnc2ccccc2c1,6.99,1
CHEMBL3287250,CC(C)Cc1sc(-c2nccs2)nc1C(=O)NCCCCC(=O)NO,6.99,3
CHEMBL2407730,O=C(NO)c1ccc(CNc2nccc(-c3cccnc3)n2)cc1,6.99,1
CHEMBL3927558,Nc1ccccc1NC(=O)CCCCCNC(=O)c1ccc(N2CCOCC2)cc1,6.99,1
CHEMBL4855445,CCC(=O)CCCCC[C@H](NC(=O)[C@H]1CC12CCN(CC)CC2)c1[nH]c2nc1C(=O)NCCCCCc1cccc-2c1,6.99,1
CHEMBL5633657,O=C(NO)c1ccc(CNC(=O)[C@H]2Cc3c([nH]c4ccccc34)[C@H](c3ccc(Cl)cc3)N2)cc1,6.99,1
CHEMBL6134660,C=C1C(=O)O[C@@H]2C[C@@]3(C)CC[C@@H](OC(=O)[C@@H](C)NC(=O)c4cccc(/C=C/C(=O)NO)c4)C(=C)[C@@H]3C[C@H]12,6.99,1
CHEMBL6148453,Cc1c(F)c(N)cc(C(=O)Nc2cc(-c3ccc(C(=O)NCCCCCCC(=O)NO)cc3)ccc2N2CCN(C)CC2)c1Cl,6.99,1
CHEMBL3911952,Nc1ccccc1NC(=O)c1ccc2nc(N3CCNCC3)ccc2c1,6.98,1
CHEMBL3951951,Nc1ccccc1NC(=O)CCCCCNC(=O)c1ccc(C2CC2)cc1,6.98,1
CHEMBL5817277,COc1ccc(C(F)(F)F)cc1CNc1ncc(C(=O)NO)cn1,6.98,1
CHEMBL6150030,CS(=O)(=O)Nc1ccc(-c2ccnc(Nc3ccc(N4CCN(CC(=O)Nc5ccc(C(=O)NO)cc5)CC4)cc3)n2)cc1,6.98,1
CHEMBL3601775,COc1ccc(Cn2ccc3ccc(NC(=O)CCCCCCC(=O)NO)cc3c2=O)c(OC)c1,6.97,1
CHEMBL3656005,O=C(NO)c1cnc(NC2(c3ccc(Cl)cc3)CC2)nc1,6.97,1
CHEMBL3655926,O=C(NO)c1cnc(NCCc2c[nH]c3ccccc23)nc1,6.97,1
CHEMBL3968861,O=C(CCCCNC(=O)c1nc(-c2nc(-c3ccccc3)cs2)sc1C1CC1)NO,6.97,1
CHEMBL3969656,COc1ccc2c(c1)cc(C(=O)NCCCCCC(=O)Nc1ccccc1N)n2C,6.97,1
CHEMBL5092272,COc1ccc2[nH]cc(CCNC(=O)CN(Cc3ccc(/C=C/C(=O)NO)cc3)C(=O)/C=C/c3ccc(O)c(OC)c3)c2c1,6.97,2
CHEMBL4303643,CCCCNNC(=O)c1ccc(Br)cc1,6.97,4
CHEMBL5563613,CC(C)CNNC(=O)c1ccc(N2CCN(C)CC2)cc1,6.97,1
CHEMBL5612071,CCCNNC(=O)/C=C/c1ccc(CN(CCc2c(C)[nH]c3ccccc23)C(=O)c2cc3ccccc3s2)cc1,6.97,1
CHEMBL6103338,C=C1C(=O)O[C@@H]2C[C@@]3(C)CC[C@@H](OC(=O)CNC(=O)c4ccc(C(=O)NO)cc4)C(=C)[C@@H]3C[C@H]12,6.97,1
CHEMBL6174974,CCCNNC(=O)CCCNCc1ccc(-c2cccc(-c3ccccc3)c2C)nc1OC,6.97,1
CHEMBL6144989,CCCNNC(=O)CCCCCNCc1ccc(-c2cccc(-c3ccccc3)c2C)nc1OC,6.97,1
CHEMBL2442795,COc1cc([C@@H]2c3cc4c(cc3[C@@H](Nc3cccc(OCCCCC(=O)NO)c3)[C@H]3COC(=O)[C@H]23)OCO4)cc(OC)c1O,6.96,1
CHEMBL3287010,Cc1nc(-c2nc(C(=O)N[C@H](C(=O)OC/C=C/CCS)C(C)C)cs2)cs1,6.96,2
CHEMBL3287023,O=C(CCCCNC(=O)c1csc(-c2nccs2)n1)NO,6.96,2
CHEMBL3287266,C/C=C/c1sc(-c2nccs2)nc1C(=O)NCCCCC(=O)NO,6.96,2
CHEMBL326433,O=C(CCCCCCCS)Nc1ccccc1,6.96,1
CHEMBL3952742,O=C(NO)c1cnc(NC2(c3ccccc3)CCN(C(=S)Nc3ccccc3)CC2)nc1,6.96,1
CHEMBL4102988,COc1ccc(C(=O)N[C@@H](Cc2c[nH]c3ccccc23)C(=O)NCCCCCC(=O)Nc2ccc(F)cc2N)cc1,6.96,1
CHEMBL5076638,O=C(CCCCCCC(=O)Nc1ccc(C(=O)NC2CCNCC2)cc1)NO,6.96,1
CHEMBL5190825,CCCNNC(=O)c1cnc(NCc2ccc(CNC(C)=O)cc2)nc1,6.96,1
CHEMBL5561590,Nc1ccccc1NC(=O)/C=C/c1ccc(-c2ncc(CNc3ccccc3)s2)cc1,6.96,1
CHEMBL6145952,CCCNNC(=O)CCCCNCc1ccc(-c2cccc(-c3ccccc3)c2C)nc1OC,6.96,1
CHEMBL3656007,COc1ccc(C2(Nc3ncc(C(=O)NO)cn3)CC2)cc1OC,6.95,1
CHEMBL3752134,O=C(/C=C/c1ccc(CNc2nccc(-c3cccnc3)n2)cc1)NO,6.95,1
CHEMBL3771366,CC(C)Cc1sc(-c2nccs2)nc1C(=O)NCCCCC(=O)C(F)(F)F,6.95,1
CHEMBL3921382,Cn1c(C(=O)NCCCCCC(=O)Nc2ccccc2N)cc2ccccc21,6.95,1
CHEMBL4561073,Nc1cc(F)ccc1NC(=O)c1ccc(CNC(=O)/C=C2\NC(=O)c3ccccc32)cc1,6.95,1
CHEMBL4852075,CCC(=O)CCCCC[C@H](NC(=O)[C@H]1CC12CCN(CC)CC2)c1[nH]c2nc1C(=O)NCCC/C=C\c1cccc-2c1,6.95,1
CHEMBL6078174,C=C1C(=O)O[C@@H]2C[C@@]3(C)CC[C@@H](OC(=O)[C@H](C)NC(=O)c4cccc(/C=C/C(=O)NO)c4)C(=C)[C@@H]3C[C@H]12,6.95,1
CHEMBL467792,CC(C)(C)OC(=O)Nc1ccc(-c2cc(C(=O)NCCCCC(=O)NO)no2)cc1,6.94,1
CHEMBL1092762,Cc1ccc(NC(=O)CCCCC(=O)NO)cc1,6.94,1
CHEMBL3927842,Nc1ccc(-c2cccs2)cc1NC(=O)c1ccc2nc(N3CCNCC3)ccc2c1,6.94,1
CHEMBL3964140,CN(C)c1ccc2cc(C(=O)NCCCCCC(=O)Nc3ccccc3N)[nH]c2c1,6.94,1
CHEMBL3954596,Nc1ccccc1NC(=O)CCCCCNC(=O)c1ccc2cn[nH]c2c1,6.94,1
CHEMBL4113844,CC(C)C[C@@H](C(=O)N1CCC(Nc2ncc(C(=O)NO)cn2)(c2ccccc2)CC1)c1ccccc1,6.94,1
CHEMBL4744636,COc1nc2ccccc2cc1-c1cnc([C@H](CCCCNC(=O)c2ccccc2SC)NC(=O)c2cncs2)[nH]1,6.94,1
CHEMBL5075135,O=C(NO)c1ccc(CN(Cc2cccnc2)S(=O)(=O)c2cc(F)c(F)c(F)c2F)cc1,6.93,2
CHEMBL5646831,COc1nc(-c2ccc(NC(=O)Nc3ccc(C(=O)Nc4ccc(F)c(F)c4N)cc3)cc2)nc(N2CCOCC2)n1,6.93,1
CHEMBL115011,O=C(CCCCCCC(=O)C(F)(F)F)Nc1cccc(-c2ccccc2)c1,6.92,1
CHEMBL407959,COc1ccc2[nH]c(C)c(CC(=O)N[C@@H](CCCCCC(C)=O)c3ncc(-c4ccccc4)[nH]3)c2c1,6.92,2
CHEMBL497123,COc1ccc(CNC(=O)c2ccc(C(=O)C(F)(F)F)s2)cc1,6.92,1
CHEMBL3347696,Nc1ccccc1NC(=O)CCCCCCC(=O)Nc1cccc(-c2cn(-c3ccccc3)nn2)c1,6.92,3
CHEMBL3655958,O=C(NO)c1cnc(NC2(c3ccc(F)cc3)CC2)nc1,6.92,1
CHEMBL3655996,Cc1ccccc1C1(Nc2ncc(C(=O)NO)cn2)CC1,6.92,1
CHEMBL3928805,CCc1cccc(C(=O)NCCCCCC(=O)Nc2ccccc2N)c1,6.92,1
CHEMBL5092694,COc1ccc2[nH]cc(CCNC(=O)CN(CCCCCC(=O)NO)C(=O)/C=C/c3ccc(O)c(OC)c3)c2c1,6.92,2
CHEMBL5077168,CCc1c(C(=O)Nc2cc(/C=C/C(=O)NO)ccc2OC)[nH]c(C)c1C(C)=O,6.92,1
CHEMBL5205385,CCCNNC(=O)c1cnc(N2CCN(C)CC2)nc1,6.92,1
CHEMBL5562418,CCCCNNC(=O)c1ccc(N(C)C)cc1,6.92,2
CHEMBL5592524,CC12CC3CC(C)(C1)CC(NC(=O)Nc1ccc(C(=O)NCCCCCCC(=O)NO)cc1F)(C3)C2,6.92,1
CHEMBL5647441,CCCNNC(=O)c1ccc(CNC(=O)[C@H]2CCCN2C(=O)[C@H](CC(C)C)NC(=O)[C@@H](O)[C@H](N)Cc2ccccc2)cc1.Cl,6.92,1
CHEMBL5641521,CCCNNC(=O)c1ccc(CNC(=O)[C@H](CC(C)C)NC(=O)NCc2cccc3ccccc23)cc1,6.92,1
CHEMBL6167954,Nc1ccccc1NC(=O)c1ccc(CNC(=O)c2cnc(-c3ccccc3)[nH]2)cc1,6.92,1
CHEMBL1087053,Nc1ccccc1NC(=O)CCCCCCC(=O)Nc1cccc(-n2cc(-c3ccccc3)nn2)c1,6.91,1
CHEMBL3356937,Cc1cccc(CCNC(=O)[C@H](CCCCCS)NC(=O)[C@@H]2CCCC(=O)N2)c1,6.91,1
CHEMBL3655998,COc1cc(OC)cc(C2(Nc3ncc(C(=O)NO)cn3)CC2)c1,6.91,1
CHEMBL3670665,O=C(NO)c1ccc(CNC(=O)c2[nH]c(-c3ccc(O)cc3)cc2-c2ccsc2)cc1,6.91,1
CHEMBL3935015,Nc1ccccc1NC(=O)CCCCCNC(=O)c1ccc(F)c(F)c1,6.91,1
CHEMBL5612582,CCCNNC(=O)/C=C/c1ccc(CN(CCc2c(C)[nH]c3ccccc23)Cc2ccc(F)cc2)cc1,6.91,1
CHEMBL3339009,O=C(CCCCC(=O)Nc1cc2c(Nc3ccc(F)c(Cl)c3)ncnc2s1)NO,6.9,1
CHEMBL3960647,CCCc1ccc(C(=O)NCCCCCC(=O)Nc2ccccc2N)cc1,6.9,1
CHEMBL4444176,O=C(CCC1C(=O)N(c2ccc(Cl)cc2)C(=O)N1Cc1ccc(Br)cc1)Nc1ccc(C(=O)NO)cc1,6.9,1
CHEMBL4555936,COc1ccc(-c2nc(NCCOc3ccc(/C=C/C(=O)NO)cc3OC)cc3c2[nH]c2ccccc23)cc1,6.9,1
CHEMBL5266011,COC(=O)/C=C/c1ccc(OCCNc2cc3c([nH]c4ccccc43)c(-c3ccc(OC)cc3)n2)c(OC)c1,6.9,1
CHEMBL1914708,[N-]=[N+]=NCc1cc(Cn2cc(NC(=O)CCCCCCC(=O)NO)cn2)cc(N=[N+]=[N-])c1,6.89,1
CHEMBL2390996,O=C(/C=C/c1ccc2c(c1)C(=O)CC1(CCN(CCc3ccccc3)CC1)O2)NO,6.89,2
CHEMBL2442790,COc1cc([C@@H]2c3cc4c(cc3[C@@H](Nc3cccc(NC(=O)CCCCCCC(=O)NO)c3)[C@H]3COC(=O)[C@H]23)OCO4)cc(OC)c1O,6.89,1
CHEMBL3656009,O=C(NO)c1cnc(NC2(c3ccc(F)c(F)c3)CC2)nc1,6.89,1
CHEMBL3655925,O=C(NO)c1cnc(NCCc2cccc(Cl)c2)nc1,6.89,1
CHEMBL3655989,COc1cccc(C2(Nc3ncc(C(=O)NO)cn3)CC2)c1,6.89,1
CHEMBL3655918,O=C(NO)c1cnc(NCc2ccccc2)nc1,6.89,1
CHEMBL3933987,O=C(CCCCNC(=O)c1nc(-c2nc3c(s2)CCC3)sc1C1CC1)NO,6.89,1
CHEMBL3890451,Cc1csc(C(=O)NCCCCCC(=O)Nc2ccccc2N)n1,6.89,1
CHEMBL3923336,Nc1ccccc1NC(=O)CCCCCNC(=O)c1cccc(OC(F)F)c1,6.89,1
CHEMBL4533192,O=C(CCCCCCNC(=O)c1c(-c2ccc(O)cc2)sc2cc(O)ccc12)NO,6.89,1
CHEMBL5562717,Nc1ccccc1NC(=O)c1ccc(CNC(=O)c2ncc(CNc3ccccc3)s2)cc1,6.89,1
CHEMBL6147042,CCCNNC(=O)c1ccc(CNC(=O)c2cnc(-c3ccc(F)cc3)[nH]2)cc1,6.89,1
CHEMBL6176776,Cc1noc(C)c1-c1ccc2c(c1)CCc1c(C(=O)NCCCCCCC(=O)NO)nn(Cc3cccc(F)c3)c1-2,6.89,1
CHEMBL251011,COc1ccc(COC(CCCCCC(=O)NO)C(=O)Nc2ccccc2)cc1,6.88,1
CHEMBL3946098,CN(C)c1cccc(C(=O)NCCCCCC(=O)Nc2ccccc2N)c1,6.88,1
CHEMBL3897087,Nc1ccccc1NC(=O)CCCCCNC(=O)c1ccc(OC(F)(F)F)cc1,6.88,1
CHEMBL4091531,O=C(CCCCCCC(=O)Nc1cc2ncnc(Nc3ccc(Cl)cc3F)c2s1)NO,6.88,1
CHEMBL4563224,O=C(NO)c1ccc(N(Cc2ccccc2)C(=O)CN(Cc2c(F)c(F)c(F)c(F)c2F)S(=O)(=O)c2ccc(F)cc2)cc1,6.88,1
CHEMBL5171489,C#CCN(C)Cc1cccc(NC(=O)CCCCCCC(=O)NO)c1,6.88,1
CHEMBL3655962,CC(Nc1ncc(C(=O)NO)cn1)c1ccncc1,6.87,1
CHEMBL3970532,Cc1ccc(C(=O)NCCCCCC(=O)Nc2ccccc2N)cc1,6.87,4
CHEMBL3934399,CCCOc1ccccc1C(=O)NCCCCCC(=O)Nc1ccccc1N,6.87,1
CHEMBL5597396,O=C(CCCCCn1cc(Nc2ncc(Cl)c(-c3cnc4ccccn34)n2)cn1)NO,6.87,1
CHEMBL5613949,CCCNNC(=O)/C=C/c1ccc(CN(CCc2c(C)[nH]c3ccccc23)Cc2cc(Cl)ccc2O)cc1,6.87,1
CHEMBL5646792,Nc1ccccc1NC(=O)c1ccc(NC(=O)Nc2ccc(-c3nc(N4CCOCC4)nc(N4CCOCC4)n3)cc2)cc1,6.87,1
CHEMBL1091487,COc1ccc(NC(=O)CCCCC(=O)NO)cc1,6.86,1
CHEMBL3356920,O=C1CC[C@H](C(=O)N[C@H](CCCCCS)C(=O)Nc2ccccc2)N1,6.86,1
CHEMBL3939372,Nc1ccccc1NC(=O)CCCCCNC(=O)c1ccc2ccccc2c1,6.86,1
CHEMBL4085511,COc1ccc(C(=O)N[C@@H](Cc2c[nH]c3ccccc23)C(=O)NCc2ccc(C(=O)Nc3ccccc3N)cc2)cc1,6.86,1
CHEMBL5436682,Cl.Cl.Nc1ccccc1NC(=O)c1ccc(COc2ccc(CNC(=O)[C@H]3CCCN3)cc2)cc1,6.86,1
CHEMBL3287268,CC(C)/C=C/c1sc(-c2nccs2)nc1C(=O)NCCCCC(=O)NO,6.85,2
CHEMBL3655913,O=C(NO)c1cnc(Nc2cccc(-c3ccncc3)c2)nc1,6.85,1
CHEMBL4862510,NC(=O)c1ccc2c(c1)N(Cc1ccc(C(=O)NO)cc1)c1ccccc1S2,6.85,1
CHEMBL5557773,Cc1ncsc1-c1ccc(CNC(=O)[C@@H]2C[C@@H](O)CN2C(=O)[C@@H](NC(=O)CCCCCCCCOCC(=O)Nc2ccc(C(=O)Nc3ccccc3N)cc2)C(C)(C)C)cc1,6.85,1
CHEMBL5559837,Cc1ncsc1-c1ccc(CNC[C@@H]2C[C@@H](O)CN2C(=O)[C@@H](NC(=O)CCCCCCCCOCC(=O)Nc2ccc(C(=O)Nc3ccccc3N)cc2)C(C)(C)C)cc1,6.85,1
CHEMBL5561378,CN1CCN(c2ccc(C(=O)NNCC3CCCC3)cc2)CC1,6.85,1
CHEMBL5562536,Nc1ccccc1NC(=O)c1ccc(CNC(=O)c2ccc(-c3ncc(CNc4ccccc4)s3)cc2)cc1,6.85,1
CHEMBL5568339,Nc1ccccc1NC(=O)/C=C/c1ccc(CNC(=O)c2ccc(-c3ncc(CNc4ccccc4)s3)cc2)cc1,6.85,1
CHEMBL5598390,O=C(CCCCCCn1cc(Nc2ncc(Cl)c(OC3CCCCC3)n2)cn1)NO,6.85,1
CHEMBL446512,Nc1cccc(-c2cc(C(=O)NCCCCC(=O)NO)no2)c1,6.84,1
CHEMBL583130,CCC(=O)CCCCC[C@@H]1NC(=O)[C@H](C)NC(=O)C[C@H](CC(C)C)NC(=O)[C@H](Cc2c[nH]c3ccccc23)NC1=O,6.84,1
CHEMBL3233696,O=C(/C=C/c1ccc(OC[C@H](Cc2c[nH]c3ccccc23)NC(=O)Cc2ccccc2)cc1)NO,6.84,1
CHEMBL3900617,Cc1ccc(C(=O)NCCCCCC(=O)Nc2ccccc2N)cc1C,6.84,1
CHEMBL3975513,COCCn1c(C(=O)NCCCCCC(=O)Nc2ccccc2N)cc2ccccc21,6.84,1
CHEMBL4064767,COc1ccc(Nc2ncnc3cc(NC(=O)CCCCCCC(=O)NO)sc23)c(C)c1,6.84,1
CHEMBL4461441,COc1cc(-c2nc(NCc3cccc(/C=C/C(=O)NO)c3)cc3c2[nH]c2ccccc23)cc(OC)c1OC,6.84,1
CHEMBL5198759,CN(Cc1ccc(C(=O)NO)cc1)S(=O)(=O)c1c(F)c(F)c(F)c(F)c1F,6.84,1
CHEMBL5411315,Nc1ccccc1NC(=O)c1ccc(CNC(=O)OC2CCN(S(=O)(=O)c3c(F)c(F)c(F)c(F)c3F)CC2)cc1,6.84,1
CHEMBL5991951,CCCCN(Cc1ccc(C(=O)NO)cc1)C(=O)Nc1ccccc1OC,6.84,1
CHEMBL3577298,CC1=C(C)C(=O)C(CONC(=O)CCCCCCC(=O)Nc2ccccc2)=C(C)C1=O,6.83,1
CHEMBL3655920,O=C(NO)c1cnc(NCc2ccc(C(F)(F)F)cc2)nc1,6.83,1
CHEMBL3891628,CC(C)c1ccc(C(=O)NCCCCCC(=O)Nc2ccccc2N)cc1,6.83,1
CHEMBL3931835,Nc1ccccc1NC(=O)/C=C/CCCNC(=O)c1cccc(Cl)c1,6.83,1
CHEMBL4089922,CCc1cccc(Nc2ncnc3cc(NC(=O)CCCCCCC(=O)NO)sc23)c1,6.83,1
CHEMBL4539071,CC(C)(NC(=O)c1nc(-c2nccs2)sc1C1CC1)c1ccc(C(=O)NO)cc1,6.83,1
CHEMBL4442355,COc1ccc(-c2nc(NCCCOc3ccc(/C=C/C(=O)NO)cc3OC)cc3c2[nH]c2ccccc23)cc1,6.83,1
CHEMBL5094795,CCc1c(C(=O)Nc2cccc(/C=C/C(=O)NO)c2)[nH]c(C)c1C(C)=O,6.83,1
CHEMBL5177971,CCNNC(=O)c1ccc(CNc2cccc3cccnc23)cc1,6.83,1
CHEMBL5281979,COC(=O)/C=C/c1ccc(OCCCNc2cc3c([nH]c4ccccc43)c(-c3ccc(OC)cc3)n2)c(OC)c1,6.83,1
CHEMBL3770531,O=C(NCCCCCC(=O)C(F)(F)F)c1nc(-c2nccs2)sc1C1CC1,6.82,1
CHEMBL4090841,CC(C)c1ccc(Nc2ncnc3cc(NC(=O)CCCCCCC(=O)NO)sc23)cc1,6.82,1
CHEMBL4781501,CCCCCCNNC(=O)c1ccc(CNC(=O)/C=C/c2ccccc2)cc1,6.82,3
CHEMBL4759260,COc1ccccc1C(=O)NCCCC[C@H](NC(=O)c1cncs1)c1ncc(-c2ccc3ccccc3c2)[nH]1,6.82,1
CHEMBL4860990,CCC(=O)CCCCC[C@@H]1NC(=O)[C@H]2CC23CCN(CCCCCOc2ccc4cc(ccc4n2)-c2cnc1o2)CC3,6.82,1
CHEMBL5411948,O=C(NO)c1ccc(NC(=O)C(Cc2ccccc2)c2ccccc2)cn1,6.82,1
CHEMBL5542451,Nc1ccccc1NC(=O)CCCCCC(=O)Nc1ccc(-c2ncc(CNc3ccccc3)s2)cc1,6.82,1
CHEMBL154574,O=C(/C=C/c1ccccc1)NO,6.82,1
CHEMBL5761331,CCCCNNC(=O)c1ccc(CN=[N+]=[N-])cc1,6.82,1
CHEMBL2442802,COc1cc([C@@H]2c3cc4c(cc3[C@@H](Nc3ccccc3OCCCCCCC(=O)NO)[C@H]3COC(=O)[C@H]23)OCO4)cc(OC)c1O,6.81,1
CHEMBL471042,O=C(/C=C/c1ccc(/C=N/OCc2ccc([N+](=O)[O-])cc2)cc1)NO,6.8,1
CHEMBL467998,O=C(CCCCNC(=O)c1cc(-c2ccccc2)on1)NO,6.8,1
CHEMBL3287263,O=C(CCCCNC(=O)c1nc(-c2nccs2)sc1CCOCc1ccccc1)NO,6.8,2
CHEMBL3655970,Cc1ccc(C2(Nc3ncc(C(=O)NO)cn3)CC2)cc1,6.8,1
CHEMBL3983889,Nc1ccccc1NC(=O)CCCCCNC(=O)c1ccc(C(F)F)cc1,6.8,1
CHEMBL4241615,CC(C)c1cc(C(=O)N2CCc3cc(NC(=O)CCCCCCC(=O)NO)ccc32)c(O)cc1O,6.8,2
CHEMBL4545091,CC(C)(C)OC(=O)Nc1cccc(-c2csc(NC(=O)CCCCCC(=O)Nc3ccccc3N)n2)c1,6.8,1
CHEMBL4790223,O=C(NO)c1ccc(NC(=O)c2ccc(C3CCCCC3)cc2)cc1,6.8,1
CHEMBL4848392,CCC(=O)CCCCC[C@@H]1NC(=O)C2CCN2CCCCCCOc2ccccc2-c2cnc1[nH]2,6.8,2
CHEMBL4851511,CCCC[C@H](NC(=O)C1CN(C)C1)c1ncc(-c2cc3ccccc3nc2OC)[nH]1,6.8,1
CHEMBL5169821,O=C(CCCCCCNC(=O)c1ccc(NC(=O)COCCOCCNC(=O)COc2cccc3c2C(=O)N(C2CCC(=O)NC2=O)C3=O)cc1)NO,6.8,1
CHEMBL568151,N=C(N)NCCC[C@@H]1NC(=O)C[C@H](Cc2ccc(O)cc2)NC(=O)[C@H](CC(=O)O)NC(=O)[C@H](CCCCCC(=O)NO)NC1=O,6.79,1
CHEMBL3951875,Nc1ccc(-c2ccccc2)cc1NC(=O)c1cnc2c(C3CC3)c(N3CCNCC3)ccc2c1,6.79,1
CHEMBL3976623,O=C(CCCCNC(=O)c1nc(-c2nc3c(s2)CCCCC3)sc1C1CC1)NO,6.79,1
CHEMBL4282673,O=C(CCCCCCn1[se]c2ccccc2c1=O)NO,6.79,1
CHEMBL3621988,Nc1cc(F)ccc1NC(=O)c1ccc(CNC(=O)/C=C/c2cccnc2)cc1,6.79,10
CHEMBL4794499,Cc1cc(F)cc(C)c1Oc1ccc(C(C)(C)O)cc1-c1cn(C)c(=O)c2[nH]c(C(=O)NCCCCCCC(=O)NO)cc12,6.79,1
CHEMBL5080111,COc1ccc2[nH]cc(CCN(Cc3ccc(/C=C/C(=O)NO)cc3)C(=O)/C=C/c3ccc(O)c(OC)c3)c2c1,6.79,2
CHEMBL5271865,CNC(=O)CCCCC[C@H](NC(=O)c1cncs1)c1ncc(-c2ccc(CN(C)C)cc2)[nH]1,6.79,1
CHEMBL5405779,COc1cc2c(cc1-c1c(C)noc1C)[nH]c1ncnc(NCCCCCCC(=O)NO)c12,6.79,1
CHEMBL6134634,CS(=O)(=O)Nc1ccc(-c2ccnc(Nc3ccc(N4CCN(CC(=O)Nc5ccc(/C=C/C(=O)NO)cc5)CC4)cc3)n2)cc1,6.79,1
CHEMBL3287255,O=C(CCCCNC(=O)c1nc(-c2nccs2)sc1C1CC1)NO,6.78,4
CHEMBL4095245,COc1ccc(C(=O)N[C@@H](Cc2c[nH]c3ccccc23)C(=O)Nc2ccc(C(=O)Nc3ccc(F)cc3N)cc2)cc1,6.78,1
CHEMBL5401106,O=C(/C=C/c1ccc(NC(=O)Cc2ccc3ccccc3c2)cn1)NO,6.78,1
CHEMBL5597881,CCCNNC(=O)CCCCCCn1cc(Nc2ncc(Cl)c(-c3cnc4ccccn34)n2)cn1,6.78,1
CHEMBL6166026,CCCNNC(=O)c1cnc(NCCNCc2ccc(-c3cccc(-c4ccccc4)c3C)nc2OC)cn1,6.78,1
CHEMBL3655916,O=C(NO)c1cnc(NCc2ccccc2Cl)nc1,6.77,1
CHEMBL3891531,Nc1sc(-c2ccccc2)cc1NC(=O)c1cnc2cc(N3CCNCC3)ccc2c1,6.77,1
CHEMBL4752535,O=C(N[C@@H](CCCCNC(=O)c1ccccc1C1CC1)c1ncc(-c2ccc3ccccc3c2)[nH]1)c1cncs1,6.77,1
CHEMBL5178391,COc1cc(C(=O)c2csc(-c3ccc(/C=C/C(=O)Nc4ccccc4N)cc3)n2)cc(OC)c1OC,6.77,1
CHEMBL5613741,CCCNNC(=O)/C=C/c1ccc(CN(CCc2c(C)[nH]c3ccccc23)Cc2cccc(Cl)c2F)cc1,6.77,1
CHEMBL6165475,CCCNNC(=O)c1ccc(CNC(=O)c2cnc(-c3ccnc4ccccc34)[nH]2)cc1,6.77,1
CHEMBL6176560,Cc1noc(C)c1-c1ccc2c(c1)CCc1c-2nn(Cc2ccccc2F)c1C(=O)NCCCCCCC(=O)NO,6.77,1
CHEMBL6168228,Cc1noc(C)c1-c1ccc2c(c1)CCc1c(C(=O)NCCCCCCC(=O)NO)nn(Cc3ccccc3)c1-2,6.77,1
CHEMBL3655983,O=C(NO)c1cnc(NCc2cccnc2)nc1,6.76,1
CHEMBL3983272,CN1CCN(CCn2ncc3cc(C(=O)Nc4cc(-c5ccccc5)ccc4N)ccc32)CC1,6.76,1
CHEMBL3968356,CC(C)(C)OC(=O)NCc1nc(-c2nc(C(=O)NCCCCCC(=O)NO)cs2)cs1,6.76,1
CHEMBL5612263,CCCNNC(=O)c1ccc(CN(CCC)CCC2c3ccccc3NC2C)cc1,6.76,1
CHEMBL6145298,Cc1nc(-c2ccc(OCC(C)C)c(C#N)c2)sc1C(=O)NCCCCCCC(=O)NO,6.76,1
CHEMBL486324,CCCCC(=O)CCCCC[C@H](NC(=O)C1CCN(C)CC1)c1ncc(-c2ccc3ccccc3c2)[nH]1,6.75,1
CHEMBL1631911,O=C(CCCCCC1OCCCCCCOc2ccccc2NC1=O)NO,6.75,1
CHEMBL3311471,O=C(CCCCCCNC(=O)c1ccc2[nH]c(=O)ccc2c1)NO,6.75,1
CHEMBL3526395,C[C@@]12Nc3ccccc3[C@]1(O)CCN2Cc1ccc(/C=C/C(=O)NO)cc1,6.75,1
CHEMBL3601778,Cc1ccc(Nc2nccc3ccc(NCc4ccc(/C=C/C(=O)NO)cc4)cc23)cc1,6.75,1
CHEMBL3652238,O=C(NO)c1cnc(Nc2cc(F)cc(F)c2)nc1,6.75,1
CHEMBL3960364,O=C(CCCCNC(=O)c1nc(-c2nc3c(s2)CCCCCC3)sc1C1CC1)NO,6.75,1
CHEMBL3892773,CN(C)c1ccc(C(=O)NCCC/C=C/C(=O)Nc2ccccc2N)cc1,6.75,1
CHEMBL4084736,O=C(CCCCN1C(=O)[C@@H](CS)N=C(c2ccccc2)c2ccccc21)NO,6.75,1
CHEMBL4174805,CCOc1cc(C(C)(C)C)ccc1C1=NC(c2ccc(Cl)cc2)C(c2ccc(Cl)cc2)N1C(=O)N1CCN(CCCCCCC(=O)NO)CC1,6.75,1
CHEMBL4793958,COCCOc1cc2ncnc(Nc3ccc(/C=C/C(=O)NO)cc3)c2cc1OCCOC,6.75,1
CHEMBL5171372,COc1cc(C(=O)c2csc(-c3ccc(NC(=O)CCCCC(=O)Nc4ccccc4N)cc3)n2)cc(OC)c1OC,6.75,1
CHEMBL5204164,COc1cc2ncnc(Nc3cccc(/C=C/C(=O)NO)c3)c2cc1OCCCN1CCOCC1,6.75,1
CHEMBL5284438,COc1ccc(CNCCCCCCC(=O)NO)cc1OC,6.75,1
CHEMBL5290012,COc1cc2c(Nc3cccc(/C=C/C(=O)NO)c3)ncnc2cc1OCCCN1CCOCC1,6.75,1
CHEMBL5436104,O=C(NCC12C[C@H]3C[C@@H](C1)C[C@@H](C2)C3)c1ccc2c(ccn2Cc2ccc(C(=O)NO)c(F)c2)c1,6.75,1
CHEMBL5619359,O=C(CCCCCn1c(=O)c(-c2ccc(Cl)cc2Cl)cc2cnc(NC3CC3)nc21)NO,6.75,1
CHEMBL6172945,Cc1noc(C)c1-c1ccc2c(c1)CCc1c-2nn(Cc2ccc(Br)cc2)c1C(=O)NCCCCCCC(=O)NO,6.75,1
CHEMBL3655911,O=C(NO)c1cnc(Nc2cccc(-c3ccccc3)c2)nc1,6.74,1
CHEMBL3885011,COC(=O)Cc1c(C)n(Cc2ccc(-c3cn(CCCCCCCC(=O)NO)nn3)cc2)c2ccc(OC)cc12,6.74,1
CHEMBL3910502,Nc1ccccc1NC(=O)CCCCCNC(=O)c1cc(-c2ccccc2)n[nH]1,6.74,1
CHEMBL3907070,CCc1ccc(C(=O)NCCCCCC(=O)Nc2ccccc2N)cc1,6.74,1
CHEMBL3936525,Nc1ccccc1NC(=O)CCCCCNC(=O)c1ccccc1F,6.74,1
CHEMBL3933352,CCOc1cccc(C(=O)NCCCCCC(=O)Nc2ccccc2N)c1,6.74,1
CHEMBL4740950,CCCCCCNNC(=O)c1ccc(CNC(=O)c2ccccc2)cc1,6.74,3
CHEMBL5078976,COc1ccc2c(c1)c(CCNC(C)=O)cn2Cc1ccc(/C=C/C(=O)NO)cc1,6.74,2
CHEMBL2442799,COc1cc([C@@H]2c3cc4c(cc3[C@@H](Nc3ccccc3OCCCCCC(=O)NO)[C@H]3COC(=O)[C@H]23)OCO4)cc(OC)c1O,6.73,1
CHEMBL3963714,O=C(CCCCNC(=O)c1csc(-c2cccs2)n1)NO,6.73,1
CHEMBL3985895,Nc1ccccc1NC(=O)CCCCCNC(=O)c1ccc(-n2cccc2)cc1,6.73,1
CHEMBL3900619,Cc1nc(-c2ccccn2)sc1C(=O)NCCCCCC(=O)Nc1ccccc1N,6.73,1
CHEMBL4534004,COc1cc(-c2nc(NCc3ccc(/C=C/C(=O)NO)cc3)cc3c2[nH]c2ccccc23)cc(OC)c1OC,6.73,1
CHEMBL4452620,CC(C)(C)c1ccc(C(=O)Nc2ccc(C(=O)NO)cc2)cc1,6.73,2
CHEMBL4752015,CCNNC(=O)c1ccc(CNC(=O)c2ccccc2)cc1,6.73,3
CHEMBL511749,CC(C)(C)OC(=O)Nc1ccc(-c2cc(C(=O)NCCCCCCC(=O)NO)no2)cc1,6.72,3
CHEMBL569674,CC(=O)NCCCC[C@@H]1NC(=O)C[C@H](CC(C)C)NC(=O)[C@H](Cc2cccc3ccccc23)NC(=O)[C@H](CCCCCC(=O)O)NC1=O,6.72,1
CHEMBL3287254,CCCCc1sc(-c2nccs2)nc1C(=O)NCCCCC(=O)NO,6.72,2
CHEMBL3601339,COCCN(CCOC)c1nccc2ccc(NC(=O)CCCCCCC(=O)NO)cc12,6.72,1
CHEMBL3656016,Cc1cc(C(F)(F)F)cc(C2(Nc3ncc(C(=O)NO)cn3)CC2)c1,6.72,1
CHEMBL3883667,Cc1ccc(-c2cc(C(=O)NCCCCCC(=O)NO)nn2-c2ccc(S(N)(=O)=O)cc2)cc1,6.72,1
CHEMBL3933316,Nc1ccccc1NC(=O)CCCCCNC(=O)c1cc(C2CC2)on1,6.72,1
CHEMBL4527843,CC(NC(=O)c1nc(-c2nccs2)sc1C1CC1)c1ccc(C(=O)NO)cc1,6.72,1
CHEMBL5192895,CCCCN(Cc1ccc(C(=O)NNCC)cc1)C(=O)Nc1ccccc1,6.72,1
CHEMBL5266442,Cc1cc(CNCCCCCCC(=O)NO)ccc1F,6.72,1
CHEMBL5597636,O=C(CCCCCCC(=O)Nc1ccc(Nc2ncc(Cl)c(OC3CCCCC3)n2)cc1)NO,6.72,1
CHEMBL2442791,COc1cc([C@@H]2c3cc4c(cc3[C@@H](Nc3ccc(OCCCC(=O)NO)cc3)[C@H]3COC(=O)[C@H]23)OCO4)cc(OC)c1O,6.71,1
CHEMBL3664027,Nc1cc(F)ccc1NC(=O)c1cnc2c(ccn2CCN2CCOCC2)c1,6.71,1
CHEMBL3655907,Cc1cc(F)cc(Nc2ncc(C(=O)NO)cn2)c1,6.71,1
CHEMBL3924418,N#Cc1cccc(C(=O)NCCCCCC(=O)Nc2ccccc2N)c1,6.71,1
CHEMBL4083750,Cc1cc(F)ccc1Nc1ncnc2cc(NC(=O)CCCCCCC(=O)NO)sc12,6.71,1
CHEMBL2177588,CN1C[C@@H](C(=O)Nc2ccc(Cl)cc2)[C@H](c2ccc(/C=C/C(=O)Nc3ccccc3N)cc2)C1,6.7,1
CHEMBL3287261,O=C(CCCCNC(=O)c1nc(-c2nccs2)sc1-c1ccc([N+](=O)[O-])cc1)NO,6.7,2
CHEMBL3287264,CC(C)=Cc1sc(-c2nccs2)nc1C(=O)NCCCCC(=O)NO,6.7,1
CHEMBL325676,O=C(CCCCCCS)Nc1ccccc1,6.7,1
CHEMBL3652237,O=C(NO)c1cnc(Nc2cccc(Cl)c2)nc1,6.7,1
CHEMBL3974672,Nc1ccccc1NC(=O)CCCCCNC(=O)c1ccc(Cl)c(Cl)c1,6.7,1
CHEMBL3949676,CN(C)c1ccc(C(=O)NCCCCCC(=O)Nc2ccccc2N)cc1,6.7,1
CHEMBL5198719,CCCCNNC(=O)c1cnc(NCc2ccccc2)nc1,6.7,1
CHEMBL5559210,CC(C)CCNNC(=O)c1ccc(N2CCN(C)CC2)cc1,6.7,1
CHEMBL6041066,Nc1cc(F)ccc1NC(=O)c1ccc(NC(=O)C/C=C/c2cccnc2)cn1,6.7,1
CHEMBL4784006,O=C(NO)c1ccc(CNC(=O)c2c(F)c(F)c(F)c(F)c2F)cc1,6.69,2
CHEMBL6192203,O=C(CCCCCOc1cc2ncnc(Nc3ccccc3Cl)c2c2c1OCCO2)NO,6.69,1
CHEMBL3309290,CC1(C)CC(=O)Nc2ccc(C(=O)NCc3cccc(/C=C/C(=O)NO)c3)cc21,6.68,1
CHEMBL3915781,Nc1ccccc1NC(=O)CCCCCNC(=O)c1cccs1,6.68,2
CHEMBL4872186,CCCC[C@H](NC(=O)[C@H](C)c1c(C)[nH]c2ccc(OC)cc12)c1ncc(-c2cc3ccccc3nc2OC)[nH]1,6.68,1
CHEMBL5426896,O=C(Cc1ccc2ccccc2c1)Nc1ccc(C(=O)NO)nc1,6.68,1
CHEMBL5639599,Nc1ccccc1NC(=O)CCCCCCCNC(=O)c1ccc(NC(=O)Nc2ccc(-c3nc(N4CCOCC4)nc(N4CCOCC4)n3)cc2)cc1,6.68,1
CHEMBL3655957,CC(C)(Nc1ncc(C(=O)NO)cn1)c1ccc(Cl)c(Cl)c1,6.67,1
CHEMBL3899528,Nc1ccccc1NC(=O)CCCCCNC(=O)c1ccccc1OC(F)F,6.67,1
CHEMBL4082243,COc1ccc(Nc2ncnc3cc(NC(=O)CCCCCCC(=O)NO)sc23)cc1,6.67,1
CHEMBL4565392,CN(C(=O)CN(Cc1c(F)c(F)c(F)c(F)c1F)S(=O)(=O)c1ccc(F)cc1)c1ccc(C(=O)NO)cc1,6.67,1
CHEMBL4437895,CC(C)(C)c1ccc(CN(C(=O)CN(Cc2c(F)c(F)c(F)c(F)c2F)S(C)(=O)=O)c2ccc(C(=O)NO)cc2)cc1,6.67,1
CHEMBL5422534,COc1cc2c(cc1-c1c(C)noc1C)[nH]c1nc(C)nc(NCCCCCCC(=O)NO)c12,6.67,1
CHEMBL5846082,COc1c(C)cc(-c2nc3cc(C(=O)NO)ccc3n2C)cc1C,6.67,1
CHEMBL2442693,COc1cc([C@@H]2c3cc4c(cc3[C@@H](Nc3ccccc3OCCCCCCCC(=O)NO)[C@H]3COC(=O)[C@H]23)OCO4)cc(OC)c1O,6.66,1
CHEMBL3655914,Cc1cc(Nc2ncc(C(=O)NO)cn2)ccn1,6.66,1
CHEMBL3655950,O=C(NO)c1cnc(NC2(c3ccccc3)CC2)nc1,6.66,6
CHEMBL3652232,CN(c1ccc(Cl)c(Cl)c1)c1ncc(C(=O)NO)cn1,6.66,1
CHEMBL3960543,Cc1ccc(C(=O)NCCCCCC(=O)Nc2ccccc2O)cc1,6.66,1
CHEMBL4063967,N=C(N)NCCC[C@@H]1N=C(c2ccccc2)c2ccccc2N(CCCCC(=O)NO)C1=O,6.66,1
CHEMBL4755112,CCC(=O)CCCCC[C@H](NC(=O)[C@H]1CC12CCN(C)CC2)c1ncc(C2=CC(=O)N(C)CC2)[nH]1,6.66,2
CHEMBL5195924,CCNNC(=O)c1ccc(Cn2ccc3cc(C(=O)c4ccc(OC)cc4)ccc32)cc1,6.66,1
CHEMBL5268631,CCCNNC(=O)c1ccc(Br)cc1,6.66,2
CHEMBL5618544,COc1cc(Nc2nc(N3CCN(c4ncc(C(=O)NO)cn4)CC3)ncc2Cl)cc(OC)c1,6.66,1
CHEMBL6172808,Cc1noc(C)c1-c1ccc2c(c1)CCc1c-2nn(Cc2ccc(C(C)(C)C)cc2)c1C(=O)NCCCCCCC(=O)NO,6.66,1
CHEMBL3354913,COc1ccc(C(=O)N[C@H](COc2cccc(/C=C/C(=O)NO)c2)Cc2c[nH]c3ccccc23)cc1,6.65,1
CHEMBL3884552,COC(=O)Cc1c(C)n(Cc2ccc(-c3cn(CCCCCC(=O)NO)nn3)cc2)c2ccc(OC)cc12,6.65,1
CHEMBL3943359,Cc1nc(-c2nc(C(=O)NCCCCC(=O)NO)c(CC(C)C)s2)cs1,6.65,1
CHEMBL4062598,COc1ccc(C(=O)N[C@H](CNCc2ccc(C(=O)Nc3ccccc3N)cc2)Cc2c[nH]c3ccccc23)cc1.Cl.Cl,6.65,1
CHEMBL3810053,CNC(=O)CCCCC[C@H](NC(=O)c1cncs1)c1ncc(-c2ccc(-n3cccn3)cc2)[nH]1,6.65,1
CHEMBL5396543,Nc1ccccc1NC(=O)/C=C/c1ccc(NC(=O)Cc2ccccc2)cn1,6.65,1
CHEMBL507716,C[C@@H](NC(=O)c1ccc(C(=O)C(F)(F)F)s1)c1ccccc1,6.64,2
CHEMBL2177582,CN1C[C@H](C(=O)Nc2ccc(Cl)cc2)[C@@H](c2ccc(/C=C/C(=O)Nc3ccccc3N)cc2F)C1,6.64,1
CHEMBL2177587,CN1C[C@H](C(=O)Nc2ccc(Cl)cc2)[C@@H](c2ccc(/C=C/C(=O)Nc3ccccc3N)cc2)C1,6.64,1
CHEMBL2442698,COc1cc([C@@H]2c3cc4c(cc3[C@@H](Nc3ccc(NC(=O)CCCCCCC(=O)NO)cc3)[C@H]3COC(=O)[C@H]23)OCO4)cc(OC)c1O,6.64,1
CHEMBL3287021,O=C(CCCCNC(=O)c1csc(-c2cscn2)n1)NO,6.64,2
CHEMBL3953058,COc1ccc(C(=O)NCCC/C=C/C(=O)Nc2ccccc2N)cc1,6.64,1
CHEMBL4068347,COc1ccc(C(=O)N[C@@H](Cc2c[nH]c3ccccc23)C(=O)Nc2ccc(C(=O)Nc3ccccc3N)cc2)cc1,6.64,1
CHEMBL4536199,C=C1CN(Cc2ccc(C(=O)Nc3ccccc3N)cc2)C(=O)c2ccc(C(=O)NCCN)cc21,6.64,1
CHEMBL5598168,CCCCNNC(=O)c1ccc(Cn2cc(Nc3cc(-c4cccc(NCC5(C#N)CCOCC5)n4)c(Cl)cn3)cn2)cc1,6.64,1
CHEMBL5597605,COc1cc(F)ccc1-c1cc(Nc2ccc(NC(=O)CCCCCCC(=O)NO)cc2)ncc1F,6.64,1
CHEMBL3655964,O=C(NO)c1cnc(NC2(c3cccc(F)c3)CC2)nc1,6.63,1
CHEMBL3664036,Nc1ccc(F)cc1NC(=O)c1ccc2nc(N3CCNCC3)cnc2c1,6.63,1
CHEMBL3893715,Nc1ccccc1NC(=O)CCCCCNC(=O)c1ccsc1,6.63,1
CHEMBL4213856,COc1ccc(C(=O)c2ccc3c(ccn3S(=O)(=O)c3cccc(/C=C/C(=O)NO)c3)c2)cc1,6.63,1
CHEMBL4445862,Cc1ccc(CN2C(=O)N(c3ccc(Cl)cc3)C(=O)C2CCC(=O)Nc2ccc(C(=O)NO)cc2)cc1,6.63,1
CHEMBL4871247,Cc1ccc(-c2nc(CNc3ccc(C(=O)NO)cc3)n(-c3ccccc3)n2)s1,6.63,1
CHEMBL4846435,NC(=O)c1ccc2c(c1)CCCN2Cc1ccc(C(=O)NO)cc1,6.63,1
CHEMBL5189911,CC1(NCc2ccc(C(=O)NCc3ccc(/C=C/C(=O)NO)cc3)cc2)CCN(c2cnc(-c3cccc(Cl)c3Cl)c(N)n2)CC1,6.63,1
CHEMBL3809034,CNC(=O)CCCCC[C@H](NC(=O)c1cncs1)c1ncc(-c2ccc3ccccc3c2)[nH]1,6.63,1
CHEMBL567295,CC(C)C[C@H]1CC(=O)N[C@@H](CCCCN)C(=O)N[C@@H](CCCCCC(=O)O)C(=O)N[C@@H](Cc2cccc3ccccc23)C(=O)N1,6.62,2
CHEMBL1093042,CCc1ccc(NC(=O)CCCCC(=O)NO)cc1,6.62,1
CHEMBL1631912,O=C(CCCCCC1OCCCCCCCOc2ccccc2NC1=O)NO,6.62,1
CHEMBL2442794,COc1cc([C@@H]2c3cc4c(cc3[C@@H](Nc3ccc(OCCCCC(=O)NO)cc3)[C@H]3COC(=O)[C@H]23)OCO4)cc(OC)c1O,6.62,1
CHEMBL3622374,Nc1ccccc1NC(=O)c1ccc(-c2cn(CCc3ccsc3)nn2)cc1,6.62,4
CHEMBL3655942,O=C(NO)c1cnc(NC(c2ccccc2)c2ccccc2)nc1,6.62,1
CHEMBL3910907,Cc1ccc(C(=O)NCCC/C=C/C(=O)Nc2ccccc2N)cc1,6.62,1
CHEMBL5191492,COc1ccc(CNC(=O)c2cc(F)ccc2N2CCOCC2)cc1/C=C/C(=O)NO,6.62,1
CHEMBL5268943,O=C(CCCCCCNCc1ccc(F)cc1)NO,6.62,1
CHEMBL3394281,COc1ccc(/C=C/C(=O)NO)cc1,6.62,1
CHEMBL96051,O=C(CCCCCN1C(=O)c2cccc3cccc(c23)C1=O)NO,6.61,2
CHEMBL1631916,COc1cc2cc(c1)COc1ccccc1NC(=O)C(CCCCCC(=O)NO)OCCC2,6.61,1
CHEMBL3335298,O=C(CCCCc1ccn(Cc2ccc(-n3ccc4ccccc43)cc2)n1)NO,6.61,1
CHEMBL3914604,Nc1ccc(-c2ccncc2)cc1NC(=O)c1cnc2c(c1)cc(C1CC1)n2CCN1CCOCC1,6.61,1
CHEMBL4105408,COc1ccc(C(=O)N[C@@H](Cc2c[nH]c3ccccc23)C(=O)NCc2ccc(C(=O)Nc3ccc(F)cc3N)cc2)cc1,6.61,1
CHEMBL4780745,O=C(NO)c1ccc(NC(=O)c2ccc(C(F)(F)F)cc2)cc1,6.61,1
CHEMBL4789410,COc1cc(Nc2nc(N)nc3c2ncn3Cc2ccc(C(=O)Nc3ccccc3N)cc2)cc(OC)c1,6.61,1
CHEMBL4849063,CCC(=O)CCCCC[C@@H]1NC(=O)CN(C)CCCCOCCCCn2ccc3cc(ccc3c2=O)-c2cnc1[nH]2,6.61,1
CHEMBL4589724,Nc1ccccc1NC(=O)c1cnc(NCc2ccccc2)cn1,6.61,2
CHEMBL5419832,Nc1ccccc1NC(=O)c1ccc(NC(=O)Cc2ccccc2)cn1,6.61,1
CHEMBL466215,COc1ccc2[nH]c(C)c(CC(=O)N[C@@H](CCCCCC(N)=O)c3ncc(-c4ccc5ccccc5c4)[nH]3)c2c1,6.6,1
CHEMBL3961083,CC(C)Cc1sc(-c2nccs2)nc1C(=O)NCCCCCCC(=O)NO,6.6,1
CHEMBL3891112,O=C(CCCCNC(=O)c1nc(-c2nccs2)sc1/C=C/c1ccccc1)NO,6.6,1
CHEMBL3947637,Nc1ccccc1NC(=O)/C=C/CCCNC(=O)c1ccccc1,6.6,1
CHEMBL5892148,CN1CCN(Cc2ccc(-c3nc4ccc(C(=O)NO)cc4[nH]3)cc2)CC1,6.6,1
CHEMBL6176390,Cc1ccc(Cn2nc(C(=O)NCCCCCCC(=O)NO)c3c2-c2ccc(-c4c(C)noc4C)cc2CC3)cc1,6.6,1
CHEMBL3655935,Cc1cc(Cl)ccc1CNc1ncc(C(=O)NO)cn1,6.59,1
CHEMBL3652243,COc1cc(Nc2ncc(C(=O)NO)cn2)cc(OC)c1,6.59,1
CHEMBL3883830,Cc1ccc(-c2cc(C(F)(F)F)nn2-c2ccc(S(=O)(=O)NCCCCCCCC(=O)NO)cc2)cc1,6.59,1
CHEMBL3936840,Nc1ccc(-c2ccccc2)cc1NC(=O)c1cnc2c(N3CCNCC3)c(C3CC3)ccc2c1,6.59,1
CHEMBL3913133,CC(C)(O)c1ccc(C(=O)NCCCCCC(=O)Nc2ccccc2N)cc1,6.59,1
CHEMBL4641253,O=C(NO)c1ccc(NC(=O)c2cccc(C(F)(F)F)c2)cc1,6.59,1
CHEMBL6041096,Nc1ccc(-c2ccco2)cc1NC(=O)c1cnc(N2CCNCC2)s1,6.59,1
CHEMBL5803324,Nc1ccc(-c2ccc(F)cc2)cc1NC(=O)c1ccc2nc(N3CCNCC3)ccc2c1,6.59,1
CHEMBL5998717,Nc1ccc(-c2ccc(F)cc2)cc1NC(=O)c1ccc(N2CCNCC2)nc1,6.59,1
CHEMBL5992298,Nc1ccc(-c2ccc(F)cc2)cc1NC(=O)c1cnc(N2CCNCC2)s1,6.59,1
CHEMBL6014639,Nc1ccc(-c2ccc(F)cc2)cc1NC(=O)c1ccc(N2CCNCC2)cn1,6.59,1
CHEMBL5786654,Nc1ccc(-c2cccs2)cc1NC(=O)c1ncc(N2CCNCC2)s1,6.59,1
CHEMBL6050371,Nc1ccc(-c2cccs2)cc1NC(=O)c1cnc(N2CCNCC2)cn1,6.59,1
CHEMBL5743251,Cc1nc(C(=O)Nc2cc(-c3cccs3)ccc2N)sc1N1CCNCC1,6.59,1
CHEMBL5922851,Cc1nc(C(=O)Nc2cc(-c3ccco3)ccc2N)sc1N1CCNCC1,6.59,1
CHEMBL5876921,Nc1ccc(-c2cccnc2)cc1NC(=O)c1cnc(N2CCNCC2)s1,6.59,1
CHEMBL5816350,Nc1ccc(-c2ccoc2)cc1NC(=O)c1cnc(N2CCNCC2)s1,6.59,1
CHEMBL5975225,Nc1ccc(-c2ccccc2)cc1NC(=O)c1ncc(N2CCNCC2)s1,6.59,1
CHEMBL5872660,Nc1ccc(-c2ccco2)cc1NC(=O)c1ncc(N2CCNCC2)s1,6.59,1
CHEMBL5880871,Nc1ccc(-c2ccoc2)cc1NC(=O)c1ncc(N2CCNCC2)s1,6.59,1
CHEMBL5984802,Nc1ccc(-c2ccncc2)cc1NC(=O)c1ncc(N2CCNCC2)s1,6.59,1
CHEMBL5753608,Nc1ccc(-c2ccc(F)cc2)cc1NC(=O)c1ncc(N2CCNCC2)s1,6.59,1
CHEMBL5831211,CN1CCN(c2cnc(C(=O)Nc3cc(-c4ccco4)ccc3N)s2)CC1,6.59,1
CHEMBL5799748,Nc1ccc(-c2ccc(F)cc2)cc1NC(=O)c1nc(N2CCNCC2)cs1,6.59,1
CHEMBL5778520,Nc1ccc(-c2cccs2)cc1NC(=O)c1csc(N2CCNCC2)n1,6.59,1
CHEMBL5835861,Nc1ccc(-c2ccccc2)cc1NC(=O)c1ccc(N2CCNCC2)s1,6.59,1
CHEMBL5944885,Nc1ccc(-c2ccco2)cc1NC(=O)c1ccc(N2CCNCC2)s1,6.59,1
CHEMBL6062515,Nc1ccc(-c2ccoc2)cc1NC(=O)c1ccc(N2CCNCC2)s1,6.59,1
CHEMBL5843164,Nc1ccc(-c2ccncc2)cc1NC(=O)c1ccc(N2CCNCC2)s1,6.59,1
CHEMBL6021178,Nc1ccc(-c2ccc(F)cc2)cc1NC(=O)c1ccc(N2CCNCC2)s1,6.59,1
CHEMBL6005258,CN1CCN(c2ccc(C(=O)Nc3cc(-c4ccccc4)ccc3N)cn2)CC1,6.59,1
CHEMBL5998520,CN1CCN(c2ccc(C(=O)Nc3cc(-c4cccs4)ccc3N)cn2)CC1,6.59,1
CHEMBL6024145,Nc1ccc(-c2cccnc2)cc1NC(=O)c1ccc(N2CCNCC2)nc1,6.59,1
CHEMBL5802331,CN1CCN(c2ccc(C(=O)Nc3cc(-c4ccco4)ccc3N)cn2)CC1,6.59,1
CHEMBL5800763,CN1CCN(c2ccc(C(=O)Nc3cc(-c4ccoc4)ccc3N)cn2)CC1,6.59,1
CHEMBL6017001,Nc1ccc(-c2ccccc2F)cc1NC(=O)c1ccc(N2CCNCC2)nc1,6.59,1
CHEMBL5921626,Nc1ccc(-c2cccc(F)c2)cc1NC(=O)c1ccc(N2CCNCC2)nc1,6.59,1
CHEMBL6020873,CN1CCN(c2ccc(C(=O)Nc3cc(-c4ccccc4)ccc3N)nc2)CC1,6.59,1
CHEMBL5826875,CN1CCN(c2ccc(C(=O)Nc3cc(-c4cccs4)ccc3N)nc2)CC1,6.59,1
CHEMBL5760059,CN1CCN(c2ccc(C(=O)Nc3cc(-c4ccco4)ccc3N)nc2)CC1,6.59,1
CHEMBL5826746,CN1CCN(c2ccc(C(=O)Nc3cc(-c4ccoc4)ccc3N)nc2)CC1,6.59,1
CHEMBL5917475,Nc1ccc(-c2ccccc2)cc1NC(=O)c1cnc(N2CCNCC2)cn1,6.59,1
CHEMBL5858063,CN1CCN(c2cnc(C(=O)Nc3cc(-c4cccs4)ccc3N)cn2)CC1,6.59,1
CHEMBL6054185,Nc1ccc(-c2ccco2)cc1NC(=O)c1cnc(N2CCNCC2)cn1,6.59,1
CHEMBL6018154,Nc1ccc(-c2ccoc2)cc1NC(=O)c1cnc(N2CCNCC2)cn1,6.59,1
CHEMBL5814142,Nc1ccc(-c2ccncc2)cc1NC(=O)c1cnc(N2CCNCC2)cn1,6.59,1
CHEMBL5933932,Nc1ccc(-c2ccc(F)cc2)cc1NC(=O)c1cnc(N2CCNCC2)cn1,6.59,1
CHEMBL564916,Nc1ccccc1NC(=O)CCCCCC(c1c[nH]c2ccccc12)c1c[nH]c2ccccc12,6.58,1
CHEMBL569288,CCC(=O)CCCCC[C@@H]1NC(=O)C[C@H](CC(C)C)NC(=O)[C@H](Cc2c[nH]c3ccccc23)NC(=O)[C@H](CCCCCC(=O)CC)NC1=O,6.58,1
CHEMBL569306,CC(C)C[C@H]1CC(=O)N[C@@H](CCCNC(=N)N)C(=O)N[C@@H](CCCCCC(=O)O)C(=O)N[C@@H](Cc2cccc3ccccc23)C(=O)N1,6.58,1
CHEMBL3287252,CCc1sc(-c2nccs2)nc1C(=O)NCCCCC(=O)NO,6.58,2
CHEMBL3601777,Cc1ccc(Nc2nccc3ccc(NCc4ccc(C(=O)NO)cc4)cc23)cc1,6.58,1
CHEMBL3622375,Nc1ccccc1NC(=O)c1ccc(-c2cn(CCc3cccc([N+](=O)[O-])c3)nn2)s1,6.58,2
CHEMBL3652230,O=C(NO)c1cnc(Nc2ccc(Cl)cc2)nc1,6.58,1
CHEMBL3923995,Cc1cnc(-c2nc(C(=O)NCCCCC(=O)NO)c(CC(C)C)s2)s1,6.58,1
CHEMBL4098136,COc1ccc(C(=O)N[C@H](COc2ccc(/C=C/C(=O)Nc3ccccc3N)cc2)Cc2c[nH]c3ccccc23)cc1,6.58,1
CHEMBL4548247,C[C@@H](NC(=O)c1nc(-c2nccs2)sc1C1CC1)c1ccc(C(=O)NO)cc1,6.58,1
CHEMBL4581044,COc1cc(/C=C/C(=O)NO)ccc1OCCCCN(C)C(=O)c1ccccc1O,6.58,1
CHEMBL5409409,Nc1ccccc1NC(=O)/C=C/c1ccc(NC(=O)Cc2cccc3ccccc23)cn1,6.58,1
CHEMBL5542449,Nc1ccccc1NC(=O)C1CCC(c2cn(CCc3cccc([N+](=O)[O-])c3)nn2)S1,6.58,1
CHEMBL3655909,O=C(NO)c1cnc(Nc2cc(F)cc(C(F)(F)F)c2)nc1,6.57,1
CHEMBL3664024,Nc1cc(F)ccc1NC(=O)c1ccc2c(c1)CC(=O)N2,6.57,1
CHEMBL4849920,CCC(=O)CCCCC[C@@H]1NC(=O)C2CCN2CCCCCOc2ccccc2-c2cnc1[nH]2,6.57,2
CHEMBL5412379,CCC(C(=O)Nc1ccc(/C=C/C(=O)Nc2ccccc2N)nc1)c1ccccc1,6.57,1
CHEMBL5562387,CCNNC(=O)c1ccc(N2CCN(C)CC2)cc1,6.57,1
CHEMBL5598338,CCCNNC(=O)CCCCCn1cc(Nc2ncc(Cl)c(-c3cnc4ccc(-c5ccccc5)cn34)n2)cn1,6.57,1
CHEMBL5598071,O=C(CCCCCn1cc(Nc2ncc(Cl)c(OC3CCCCC3)n2)cn1)NO,6.57,1
CHEMBL5613057,CCCNNC(=O)c1ccc(CN(CCC2c3ccccc3NC2C)CC2CC2)cc1,6.57,1
CHEMBL6134070,C=C1C(=O)O[C@@H]2C[C@@]3(C)CC[C@@H](OC(=O)[C@@H](C)NC(=O)c4ccc(/C=C/C(=O)NO)cc4)C(=C)[C@@H]3C[C@H]12,6.57,1
CHEMBL6164802,Cc1noc(C)c1-c1ccc2c(c1)CCc1c(C(=O)NCCCCCCC(=O)NO)nn(Cc3ccc(C(F)(F)F)cc3)c1-2,6.57,1
CHEMBL487346,Nc1ccccc1NC(=O)c1ccc(N2CCC3(CC2)C(=O)NCN3c2ccccc2)nc1,6.56,1
CHEMBL3601776,O=C(COc1ccc(C(=O)NO)cc1)Nc1ccc2ccnc(Nc3ccc4ccccc4c3)c2c1,6.56,1
CHEMBL5934650,COc1ccc(-c2cc(-c3ccsc3)c(C(=O)NCc3ccc(C(=O)NO)cc3)[nH]2)cc1,6.56,1
CHEMBL3955258,Cc1ccc(C(=O)NCCCCCC(=O)Nc2ccccc2N)c(C)c1,6.56,1
CHEMBL4565296,CC(=O)N(Cc1ccc(C(C)(C)C)cc1)c1ccc(C(=O)NO)cc1,6.56,1
CHEMBL3287269,CC(C)C1CC1c1sc(-c2nccs2)nc1C(=O)NCCCCC(=O)NO,6.55,2
CHEMBL3664025,Nc1cc(F)ccc1NC(=O)c1ccc2[nH]cnc2c1,6.55,1
CHEMBL3948543,CC1(C)C(=O)N(c2ccc(C#N)c(C(F)(F)F)c2)C(=S)N1c1ccc(C(=O)NCCCCCCC(=O)Nc2ccccc2N)c(F)c1,6.55,1
CHEMBL3885245,COc1ccc2c(c1)c(CC(=O)NCCCCCCCC(=O)NO)c(C)n2C(=O)c1ccc(Cl)cc1,6.55,1
CHEMBL3932247,Nc1ccccc1NC(=O)CCCCCNC(=O)CCc1ncc(-c2ccccc2)o1,6.55,1
CHEMBL3917305,Nc1ccccc1NC(=O)CCCCCNC(=O)c1ccccc1C(=O)c1ccccc1,6.55,1
CHEMBL3896406,Nc1ccccc1NC(=O)CCCCCNC(=O)c1cccc(N2CCOCC2)c1,6.55,1
CHEMBL2012814,CCC(=O)CCCCC[C@@H]1NC(=O)[C@@H]2CCCN2C(=O)C[C@H](CC(C)C)NC(=O)[C@H](Cc2c[nH]c3ccccc23)NC1=O,6.55,1
CHEMBL4874942,COc1ccc(/C=C\c2cc(OC)c(OC)c(OC)c2)cc1/C=C/C(=O)Nc1ccccc1N,6.55,1
CHEMBL3652228,Cc1ccc(Nc2ncc(C(=O)NO)cn2)cc1,6.54,1
CHEMBL4283263,Nc1ccccc1NC(=O)c1cnccn1,6.54,5
CHEMBL4467212,COc1cc(/C=C/C(=O)NO)ccc1OCCCN(C)C(=O)c1ccccc1O,6.54,1
CHEMBL4799996,CCC(=O)CCCCC[C@H](NC(=O)[C@H]1CC12CCN(CC)CC2)c1ncc(-c2c(OC)ccc(F)c2F)[nH]1,6.54,1
CHEMBL5429446,Nc1ccccc1NC(=O)c1ccc(NC(=O)Cc2cccc3ccccc23)cn1,6.54,1
CHEMBL5646835,CCCNNC(=O)c1ccc(CNC(=O)[C@H](CC(C)C)NC(=O)Nc2c(C)cccc2C)cc1,6.54,1
CHEMBL6163349,CCCNNC(=O)c1ccc(CNC(=O)c2cnc(-c3ccc4c(c3)OCCO4)[nH]2)cc1,6.54,1
CHEMBL6176302,Cc1cccc(Cn2nc(C(=O)NCCCCCCC(=O)NO)c3c2-c2ccc(-c4c(C)noc4C)cc2CC3)c1,6.54,1
CHEMBL3670664,COc1ccc(-c2cc(-c3ccccc3)[nH]c2C(=O)Nc2cccc(CC(=O)NO)c2)cc1,6.53,1
CHEMBL4752853,CCCCNNC(=O)/C=C/c1ccccc1,6.53,3
CHEMBL4758855,CC(C)(C)c1ccc(S(=O)(=O)NCc2ccc(C(=O)NO)cc2)cc1,6.53,1
CHEMBL4752074,CNC(=O)CCCCC[C@H](NC(=O)Cn1ccc2cc(C#N)ccc21)c1ncc(-c2ccc(CN(C)C)cc2)o1,6.53,2
CHEMBL5083849,Cc1[nH]c(C(=O)Nc2cc(S(=O)(=O)N3CCOCC3)ccc2OCCCCCCCC(=O)NO)c2c1C(=O)CCCC2,6.53,1
CHEMBL6133389,Cc1c(F)c(N)cc(C(=O)Nc2cc(-c3ccc(C(=O)NCc4ccc(/C=C/C(=O)NO)cc4)cc3)ccc2N2CCN(C)CC2)c1Cl,6.53,1
CHEMBL3287022,Cc1nc(-c2nc(C(=O)NCCCCC(=O)NO)cs2)cs1,6.52,2
CHEMBL3652226,O=C(NO)c1cnc(Nc2ccc(Cl)c(Cl)c2)nc1,6.52,1
CHEMBL3655932,COc1cc(F)ccc1CNc1ncc(C(=O)NO)cn1,6.52,1
CHEMBL3655930,O=C(NO)c1cnc(NCc2ccccc2OC(F)(F)F)nc1,6.52,1
CHEMBL3655946,O=C(NO)c1cnc(NCc2ccncc2)nc1,6.52,1
CHEMBL3907307,Nc1ccccc1NC(=O)CCCCCNC(=O)c1ccc(Cl)cc1,6.52,1
CHEMBL3912782,COc1ccc(C(=O)NCCCCCC(=O)Nc2ccccc2N)cc1,6.52,1
CHEMBL3905120,Nc1ccccc1NC(=O)CCCCCNC(=O)c1cc(Cl)cc(Cl)c1,6.52,1
CHEMBL4862719,CCC[C@H](NC(=O)C1CN(C)C1)c1ncc(-c2cc3ccccc3nc2OC)[nH]1,6.52,1
CHEMBL5181798,C#Cc1nc(/C=C\CCCCCC(=O)NO)cs1,6.52,1
CHEMBL5174162,O=C(CCCCC/C=C/c1csc(Br)n1)NO,6.52,1
CHEMBL5172376,CCCCCCNNC(=O)c1cnc(N2CCN(Cc3cn(C)c4ccccc34)CC2)nc1,6.52,1
CHEMBL5438457,O=C(NO)c1ccc(Cn2c(=O)[nH]c(=O)c3cccc(Cl)c32)cc1,6.52,1
CHEMBL113537,O=C(CCCCCCC(=O)C(F)(F)F)Nc1ccccc1,6.52,1
CHEMBL3664037,Nc1ccc(F)cc1NC(=O)c1cnc2cc(N3CCNCC3)ccc2c1,6.51,1
CHEMBL3655927,O=C(NO)c1cnc(NCCc2ccc(Cl)cc2)nc1,6.51,1
CHEMBL3948150,Nc1ccccc1NC(=O)CCCCCNC(=O)c1cc2ccccc2o1,6.51,1
CHEMBL4082466,Nc1ccccc1NC(=O)c1ccc(NC(=O)CCN2C(=O)C3(OCCCO3)c3cc(Cl)ccc32)cc1,6.51,1
CHEMBL4749611,CCCCNNC(=O)c1ccc(Oc2ccccc2)cc1,6.51,3
CHEMBL5570728,Nc1ccccc1NC(=O)c1cnc(N2CCN(Cc3c[nH]c4ccccc34)CC2)cn1,6.51,1
CHEMBL5631566,COc1cnc(C(=O)NCC2(C)CCCC3(C)c4ccc(C(C)C)cc4CCC23)cn1,6.51,1
CHEMBL4474656,CN(C)c1ccc(C(=O)N(CC(=O)NCc2ccccc2)Cc2ccc(C(=O)Nc3ccccc3N)cc2)cc1,6.51,1
CHEMBL6190319,CCCNNC(=O)CCCCCCNC(=O)c1cnc(-c2ccc(NC(=O)OC(C)(C)C)cc2)s1,6.51,1
CHEMBL481805,Nc1ccccc1NC(=O)c1ccc(CNc2nccc(-c3ccn[nH]3)n2)cc1,6.5,1
CHEMBL3217995,C#Cc1cccc(Nc2ncnc3cc(NC(=O)c4ccc(C(=O)Nc5ccccc5N)nc4)ccc23)c1,6.5,1
CHEMBL3287258,O=C(CCCCNC(=O)c1nc(-c2nccs2)sc1-c1ccc(F)cc1)NO,6.5,2
CHEMBL3593410,CCCCCCCC(=O)SCC/C=C/[C@@H]1CC(=O)NCc2cc(ccn2)C2=N[C@@](C)(CS2)C(=O)N[C@@H](C(C)C)C(=O)O1,6.5,1
CHEMBL3664038,Nc1ccc(F)cc1NC(=O)c1ccc2nc(N3CCNCC3)ccc2c1,6.5,1
CHEMBL3652242,O=C(NO)c1cnc(Nc2cccc(C(F)(F)F)c2)nc1,6.5,1
CHEMBL3652239,Cc1cc(C)cc(Nc2ncc(C(=O)NO)cn2)c1,6.5,1
CHEMBL3656001,O=C(NO)c1cnc(NC2(c3cc(F)cc(F)c3)CC2)nc1,6.5,1
CHEMBL3664028,Nc1cc(F)ccc1NC(=O)c1ccc2c(cnn2CCN2CCOCC2)c1,6.5,1
CHEMBL3984885,CC(C)=Cc1sc(-c2nccs2)nc1C(=O)NCCCNC(=O)CS,6.5,1
CHEMBL3923213,Nc1ccccc1NC(=O)CCCCCNC(=O)c1cc2ccccc2cn1,6.5,1
CHEMBL3983993,Nc1ccccc1NC(=O)CCCCCNC(=O)c1ccc(CO)cc1,6.5,1
CHEMBL5396691,CC(C)C(C(=O)Nc1ccc(/C=C/C(=O)Nc2ccccc2N)nc1)c1ccccc1,6.5,1
CHEMBL5596479,O=C(CCCCCCn1cc(Nc2cc(-c3cccc(NCC4CCOCC4)n3)c(Cl)cn2)cn1)NO,6.5,1
CHEMBL5939902,O=C(NO)c1ccc2oc(COc3cccc(F)c3)cc2c1,6.5,1
CHEMBL3287256,O=C(CCCCNC(=O)c1nc(-c2nccs2)sc1C1CCCCC1)NO,6.49,2
CHEMBL3655924,O=C(NO)c1cnc(NCCc2ccccc2)nc1,6.49,1
CHEMBL3968415,CC(C)Cc1sc(-c2nccs2)nc1C(=O)NCCCNC(=O)CS,6.49,1
CHEMBL3956667,Nc1ccccc1NC(=O)CCCCCNC(=O)c1ccc2ncsc2c1,6.49,1
CHEMBL4205609,COc1cccc(C(=O)c2ccc3c(ccn3S(=O)(=O)c3cccc(/C=C/C(=O)NO)c3)c2)c1,6.49,1
CHEMBL4755326,CC(C)(C)c1ccc(C(=O)N(Cc2ccc(C(=O)NO)cc2)C2CC2)cc1,6.49,1
CHEMBL3593408,CCCCCCCC(=O)SCC/C=C/[C@@H]1CC(=O)NCc2cccc(n2)C2=N[C@@](C)(CS2)C(=O)N[C@@H](C(C)C)C(=O)O1,6.48,1
CHEMBL3593412,CCCCCCCC(=O)SCC/C=C/[C@@H]1CC(=O)NCc2cccc(n2)C2=N[C@@](C)(CS2)C(=O)N[C@@H](C(C)C)C(=O)N1,6.48,1
CHEMBL3808866,CNC(=O)CCCCC[C@H](NC(=O)c1cncs1)c1ncc(-c2ccc(-c3ccn[nH]3)cc2)[nH]1,6.48,1
CHEMBL3884279,Cc1ccc(-c2cc(C(=O)NCCCCCCC(=O)NO)nn2-c2ccc(S(N)(=O)=O)cc2)cc1,6.48,1
CHEMBL3947446,Nc1ccccc1NC(=O)CCCCCNC(=O)c1ccco1,6.48,1
CHEMBL4796066,O=C(NO)c1ccc(Nc2c3ccccc3nc3ccc(Br)cc23)cc1,6.48,1
CHEMBL5561230,CN1CCN(c2ccc(C(=O)Nc3ccc(F)cc3N)cc2)CC1,6.48,1
CHEMBL5646723,COc1nc(-c2ccc(NC(=O)Nc3ccc(C(=O)Nc4ccccc4N)cc3)cc2)nc(N2CCOCC2)n1,6.48,1
CHEMBL5924373,CC(C)c1ccc(-c2cc3cc(C(=O)NO)cnc3o2)cc1,6.48,1
CHEMBL6176468,Nc1ccccc1NC(=O)c1ccc(CNC(=O)c2cnc(-c3ccc4c(c3)OCCO4)[nH]2)cc1,6.48,1
CHEMBL3884141,Cc1ccc(-c2cc(C(=O)NCCCCCCC(=O)NO)nn2-c2ccc(S(C)(=O)=O)cc2)cc1,6.47,1
CHEMBL3961016,CCOc1ccccc1C(=O)NCCCCCC(=O)Nc1ccccc1N,6.47,1
CHEMBL4237454,CC(C)c1cc(C(=O)N2CCc3cc(NC(=O)CCCCCC(=O)NO)ccc32)c(O)cc1O,6.47,1
CHEMBL4874919,CCCC[C@H](NC(=O)Cc1c[nH]c2ccccc12)c1ncc(-c2cc3ccccc3nc2OC)[nH]1,6.47,1
CHEMBL564876,O=C(CCCCCC(c1c[nH]c2ccccc12)c1c[nH]c2ccccc12)NO,6.46,1
CHEMBL3656004,O=C(NO)c1cnc(NC2(c3ccc(C(F)(F)F)cc3)CC2)nc1,6.46,1
CHEMBL3655976,O=C(NO)c1cnc(NC2(c3ccco3)CC2)nc1,6.46,1
CHEMBL3922439,Nc1ccc(-c2ccccc2)cc1NC(=O)c1ccc2c(cnn2CCN2CCOCC2)c1,6.46,1
CHEMBL3938848,Nc1ccccc1NC(=O)/C=C/CCCNC(=O)c1ccc(F)cc1,6.46,1
CHEMBL4639383,CC(C)(C)c1cccc(NC(=O)c2ccc(C(=O)NO)cc2)c1,6.46,1
CHEMBL5185205,CCCCNNC(=O)c1ccc(-c2ccc(CNC(C)=O)cc2)cc1,6.46,1
CHEMBL5597417,CCCNNC(=O)CCCCCn1cc(Nc2ncc(Cl)c(-c3cnc4ccccn34)n2)cn1,6.46,1
CHEMBL3287253,CC(C)c1sc(-c2nccs2)nc1C(=O)NCCCCC(=O)NO,6.45,2
CHEMBL3655985,O=C(NO)c1cnc(NCc2ccccn2)nc1,6.45,1
CHEMBL3652227,O=C(NO)c1cnc(Nc2ccc(F)cc2)nc1,6.45,1
CHEMBL3652234,O=C(NO)c1cnc(Nc2cc(Cl)ccc2Cl)nc1,6.45,1
CHEMBL3885367,COc1ccc2c(c1)c(CC(=O)NCCCCCCC(=O)NO)c(C)n2C(=O)c1ccc(Cl)cc1,6.45,1
CHEMBL3947397,CC(C)Cc1sc(-c2cscn2)nc1C(=O)NCCCCC(=O)NO,6.45,1
CHEMBL3904771,Nc1ccccc1NC(=O)CCCCCNC(=O)c1cccc([N+](=O)[O-])c1,6.45,2
CHEMBL4062908,CCc1ccc(Nc2ncnc3cc(NC(=O)CCCCCCC(=O)NO)sc23)cc1,6.45,1
CHEMBL4777296,NCc1ccc(NC(=O)N(CCCCO)Cc2ccc(C(=O)NO)cc2)cc1,6.45,1
CHEMBL6191199,O=C(CCCCCOc1cc2ncnc(Nc3cccc(Cl)c3)c2c2c1OCCO2)NO,6.45,1
CHEMBL1643325,Nc1ccccc1NC(=O)/C=C/c1ccc(C(NCCN2CCCCC2)C(=O)Nc2ccc(-c3ccc(C4CC4)cc3)cc2)cc1,6.44,1
CHEMBL3655982,O=C(NO)c1cnc(NCc2cccs2)nc1,6.44,1
CHEMBL3915628,O=C(CCCCNC(=O)c1nc(-c2nccs2)sc1-c1cccc([N+](=O)[O-])c1)NO,6.44,1
CHEMBL4858081,CCCC[C@H](NC(=O)Cc1c[nH]c2ccc(OC)cc12)c1ncc(-c2cc3ccccc3nc2OC)[nH]1,6.44,1
CHEMBL5177326,COc1cc(C(=O)c2csc(-c3ccc(NC(=O)CC(=O)Nc4ccccc4N)cc3)n2)cc(OC)c1OC,6.44,1
CHEMBL5399337,Nc1ccccc1NC(=O)c1ccc(COc2ccc(CNC(=O)[C@@H]3CCC(=O)N3Cc3ccccc3)cc2)cc1,6.44,1
CHEMBL5598550,N#CC1(CNc2cccc(-c3cc(Nc4cnn(CCCCCCC(=O)NO)c4)ncc3Cl)n2)CCOCC1,6.44,1
CHEMBL5612404,CCCNNC(=O)/C=C/c1ccc(CN(CCc2c(C)[nH]c3ccccc23)Cc2ccc3ccccc3c2)cc1,6.44,1
CHEMBL1631910,O=C(CCCCCC1OCCCCCOc2ccccc2NC1=O)NO,6.43,1
CHEMBL3309299,CC1(C)CC(=O)Nc2ccc(C(=O)NC[C@H]3CC[C@@H](/C=C/C(=O)NO)CC3)cc21,6.43,1
CHEMBL3335288,O=C(CCCCc1ccn(-c2ccccc2)n1)NO,6.43,1
CHEMBL3655968,O=C(NO)c1cnc(NC2(c3ccccc3C(F)(F)F)CC2)nc1,6.43,1
CHEMBL3913445,Nc1ccc(-c2ccccc2)cc1NC(=O)c1cnc2c(ccn2CCN2CCOCC2)c1,6.43,1
CHEMBL4086093,O=C(CCCCCCC(=O)Nc1ccccc1CN1CC[C@H](O)C1)NO,6.43,1
CHEMBL4560533,CC(C)(C)c1ccc(CN(C(=O)CNS(=O)(=O)c2ccc(F)cc2)c2ccc(C(=O)NO)cc2)cc1,6.43,1
CHEMBL4559559,CC(C)(C)OC(=O)N(Cc1ccc(C(C)(C)C)cc1)c1ccc(C(=O)NO)cc1,6.43,1
CHEMBL5598054,N#CC1(CNc2cccc(-c3cc(Nc4cnn(Cc5ccc(C(=O)NO)cc5)c4)ncc3Cl)n2)CCOCC1,6.43,1
CHEMBL5984818,O=C(NO)c1ccc2nc(Nc3cccc(OCc4ccccc4)c3)[nH]c2c1,6.43,1
CHEMBL518821,O=C(c1ccc(-c2nc(COc3ccc(-c4nnco4)cc3)no2)s1)C(F)(F)F,6.42,1
CHEMBL3287257,O=C(CCCCNC(=O)c1nc(-c2nccs2)sc1-c1ccccc1)NO,6.42,2
CHEMBL3287267,C=Cc1sc(-c2nccs2)nc1C(=O)NCCCCC(=O)NO,6.42,3
CHEMBL3656014,O=C(NO)c1cnc(NC2(c3cc(C(F)(F)F)cc(C(F)(F)F)c3)CC2)nc1,6.42,1
CHEMBL3655934,O=C(NO)c1cnc(NCc2c(CO)cccc2CO)nc1,6.42,1
CHEMBL3953198,CC(C)/C=C/c1sc(-c2nccs2)nc1C(=O)NCCCNC(=O)CS,6.42,1
CHEMBL3938982,CCSc1ccccc1C(=O)NCCCCCC(=O)Nc1ccccc1N,6.42,1
CHEMBL4465947,COc1cc(/C=C/C(=O)NO)ccc1OCCN(C)C(=O)c1ccccc1O,6.42,1
CHEMBL4640819,CCN(c1ccc(C(=O)NO)cc1)S(=O)(=O)c1cccc(C(C)(C)C)c1,6.42,1
CHEMBL5194919,COc1cc(C(=O)c2csc(-c3ccc(NCCC(=O)Nc4ccccc4N)cc3)n2)cc(OC)c1OC,6.42,1
CHEMBL5198194,CC1(NCC(=O)NCc2ccc(/C=C/C(=O)NO)cc2)CCN(c2cnc(-c3cccc(Cl)c3Cl)c(N)n2)CC1,6.42,1
CHEMBL5560082,Cc1ncsc1-c1ccc(CNC[C@H]2C[C@@H](O)CN2C(=O)[C@@H](NC(=O)COCCCCCCCCCOCC(=O)Nc2ccc(C(=O)Nc3ccccc3N)cc2)C(C)(C)C)cc1,6.42,1
CHEMBL5597435,CN(C)CCCn1c(SCc2ccc(/C=C/C(=O)NO)cc2)nc2ccccc21,6.42,1
CHEMBL5589751,O=C(NO)c1ccc(Cn2cc(Nc3ncc(Cl)c(OC4CCCCC4)n3)cn2)cc1,6.42,1
CHEMBL5859614,CCCCNNC(=O)c1ccc(-c2cc(C)cc(F)c2)cc1,6.42,1
CHEMBL3621298,Nc1ccccc1NC(=O)CCCCCCC(=O)Nc1ccc2c(c1)/C(=C/c1ccc[nH]1)C(=O)N2,6.41,1
CHEMBL3897392,Nc1ccccc1NC(=O)CCCCCNC(=O)c1ccoc1,6.41,1
CHEMBL3946644,CN(C)c1ccccc1C(=O)NCCCCCC(=O)Nc1ccccc1N,6.41,1
CHEMBL4790559,CC(C)c1cc(C(=O)N2Cc3ccc(NC(=O)CCCCCCC(=O)NO)cc3C2)c(O)cc1O,6.41,1
CHEMBL5172143,COc1cc(C(=O)c2csc(-c3ccc(NC(=O)CCCCCC(=O)Nc4ccccc4N)cc3)n2)cc(OC)c1OC,6.41,1
CHEMBL5403777,Nc1ccccc1NC(=O)c1ccc(COc2ccc(CNC(=O)[C@@H]3CCCN3Cc3ccccc3)cc2)cc1,6.41,1
CHEMBL5575335,NC(=O)c1cccc2[nH]c(-c3ccc(NCc4ccc(C(=O)Nc5ccccc5N)cc4)cc3)nc12,6.41,1
CHEMBL6145924,Cc1c(F)c(N)cc(C(=O)Nc2cc(-c3ccc(C(=O)NCCCCCC(=O)NO)cc3)ccc2N2CCN(C)CC2)c1Cl,6.41,1
CHEMBL3655931,O=C(NO)c1cnc(NCc2c(Cl)cccc2Cl)nc1,6.4,1
CHEMBL3982663,Nc1ccccc1NC(=O)CCCCCNC(=O)c1cccc(Cl)c1,6.4,1
CHEMBL3925407,CC(C)(C)c1ccc(C(=O)NCCCCCC(=O)Nc2ccccc2N)cc1,6.4,1
CHEMBL3970364,Nc1ccccc1NC(=O)CCCCCNC(=O)c1cccc(C(F)(F)F)c1,6.4,1
CHEMBL3962891,N#Cc1ccc(C(=O)NCCCCCC(=O)Nc2ccccc2N)cc1,6.4,1
CHEMBL3945418,Nc1ccccc1NC(=O)CCCCCNC(=O)c1ccccc1Br,6.4,1
CHEMBL5193020,O=C(CCCCC/C=C\c1csc(Br)n1)NO,6.4,1
CHEMBL6190553,CCCNNC(=O)c1ccc(NC(=O)c2cnc(-c3ccc(OC(F)(F)F)cc3)s2)cc1,6.4,1
CHEMBL3233711,O=C(/C=C/c1cccc(OC[C@H](Cc2c[nH]c3ccccc23)NC(=O)c2ccc(Cl)cc2)c1)NO,6.39,1
CHEMBL3891163,CC(C)Cc1sc(-c2nccs2)nc1C(=O)Nc1cccc(/C=C/C(=O)NO)c1,6.39,1
CHEMBL4535745,CC(C)Cc1sc(-c2nccs2)nc1C(=O)Nc1ccc(/C=C/C(=O)NO)cc1,6.39,1
CHEMBL4543731,COc1cc(/C=C/C(=O)NO)ccc1OCCCCNC(=O)c1ccccc1O,6.39,1
CHEMBL5901171,CC(C)(C)c1ccc(-c2nc3cc(C(=O)NO)ccc3o2)cc1,6.39,1
CHEMBL6174693,Cc1noc(C)c1-c1ccc2c(c1)CCc1c(C(=O)NCCCCCCC(=O)NO)nn(Cc3ccc(C(C)(C)C)cc3)c1-2,6.39,1
CHEMBL3652229,COc1ccc(Nc2ncc(C(=O)NO)cn2)cc1,6.38,1
CHEMBL4113424,C[C@@H](C(=O)N1CCC(C)(Nc2ncc(C(=O)NO)cn2)CC1)c1ccccc1,6.38,1
CHEMBL4791367,COc1cccc(F)c1C(=O)NCCCC[C@H](NC(=O)c1cncs1)c1ncc(-c2ccc3ccccc3c2)[nH]1,6.38,1
CHEMBL4873811,CN1CCN(c2nc(-c3ccc(C(=O)NO)cc3)nc3cc(Cl)ccc23)CC1,6.38,1
CHEMBL5414244,Nc1ccccc1NC(=O)/C=C/c1ccc(NC(=O)Cc2ccc3ccccc3c2)cn1,6.38,1
CHEMBL5936289,CCCCNNC(=O)c1ccc(-c2cc(C(=O)OCC)ccc2F)cc1,6.38,1
CHEMBL6192626,CCCNNC(=O)CCCCCCNC(=O)c1cnc(-c2ccc3[nH]ccc3c2)s1,6.38,1
CHEMBL3652233,O=C(NO)c1cnc(Nc2ccc([N+](=O)[O-])c(C(F)(F)F)c2)nc1,6.37,1
CHEMBL3885496,Cc1ccc(-c2cc(C(F)(F)F)nn2-c2ccc(S(=O)(=O)NCCCCCCC(=O)NO)cc2)cc1,6.37,1
CHEMBL3898697,Nc1ccccc1NC(=O)CCCCCNC(=O)c1cnc2ccccc2c1,6.37,1
CHEMBL4072618,CSCC[C@@H]1N=C(c2ccccc2)c2ccccc2N(CCCCC(=O)NO)C1=O,6.37,1
CHEMBL4213341,Cc1c2ccc(N(C)c3ccnc(Nc4ccc(C(=O)Nc5ccccc5N)cc4)n3)cc2nn1C,6.37,1
CHEMBL4445342,CC[C@H](Nc1ncnc2[nH]cnc12)c1nc2cccc(CCCCC(=O)NO)c2c(=O)n1-c1ccccc1,6.37,1
CHEMBL4747272,CCCCNNC(=O)c1ccc(OC)cc1,6.37,5
CHEMBL4208901,O=C(CCCCCCNCc1ccccc1)NO,6.37,1
CHEMBL5409244,C[C@@H](c1ccc(C(=O)Nc2ccc(F)cc2N)cc1)n1nc(-c2ccc(CN(C)C)cc2)ccc1=O,6.37,1
CHEMBL5433049,Nc1ccccc1NC(=O)c1ccc(COc2ccc(CNC(=O)[C@H]3CCC(=O)N3Cc3ccccc3)cc2)cc1,6.37,1
CHEMBL564382,O=C(/C=C/c1ccc(C(c2c[nH]c3ccccc23)c2c[nH]c3ccccc23)cc1)NO,6.36,1
CHEMBL3217998,C#Cc1cccc(Nc2ncnc3ccc(NC(=O)c4ccc(C(=O)Nc5ccccc5N)nc4)cc23)c1,6.36,1
CHEMBL3655954,O=C(NO)c1cnc(NCc2cnccn2)nc1,6.36,1
CHEMBL3774414,COc1ccc(N(C)c2nc(C)nc3ccccc23)cc1OCCCC(=O)NO,6.36,1
CHEMBL3958558,Nc1ccccc1NC(=O)CCCCCNC(=O)c1ccccc1Cl,6.36,1
CHEMBL5433683,CCC(C(=O)Nc1ccc(C(=O)Nc2ccccc2N)nc1)c1ccccc1,6.36,1
CHEMBL5417858,Nc1ccccc1NC(=O)c1ccc(NC(=O)Cc2ccc3ccccc3c2)cn1,6.36,1
CHEMBL6074605,C=C1C(=O)O[C@@H]2C[C@@]3(C)CC[C@@H](OC(=O)[C@H](C)NC(=O)c4ccc(C(=O)NO)cc4)C(=C)[C@@H]3C[C@H]12,6.36,1
CHEMBL3952143,Nc1ccc(-c2cccs2)cc1NC(=O)c1cnc2c(c1)cc(C1CC1)n2CCN1CCOCC1,6.35,1
CHEMBL4633299,Cc1cc(C)c(CNC(=O)c2cc(C)n(-c3cccc(NC(=O)CCCCCCC(=O)NO)c3)c2C)c(=O)[nH]1,6.35,2
CHEMBL4759584,CCCCN(Cc1ccc(C(=O)NO)cc1)C(=O)Nc1ccc(CN)cc1,6.35,1
CHEMBL5076343,Nc1ccccc1NC(=O)c1ccc(CCn2ncc3c2nc(N)n2nc(-c4ccco4)nc32)cc1,6.35,1
CHEMBL5181667,CCCCN(Cc1ccc(C(=O)NNCC)cc1)C(=O)c1ccccc1,6.35,1
CHEMBL5207734,CCNNC(=O)c1ccc(NC(=O)Nc2cccc3cccnc23)cc1,6.35,1
CHEMBL5182870,Nc1ccccc1NC(=O)c1ccc(CN2CCC/C(=C\c3ccccn3)C2=O)cc1,6.35,1
CHEMBL5199428,Nc1nc(-c2ccco2)c2cnn(CCc3ccc(C(=O)Nc4ccccc4N)cc3)c2n1,6.35,1
CHEMBL5431071,Nc1ccccc1NC(=O)c1ccc(CNC(=O)c2nn(-c3ccccc3Cl)nc2N)cc1,6.35,1
CHEMBL5969007,O=C(NO)c1ccc2sc(-c3ccc(F)cc3)nc2c1,6.35,1
CHEMBL235842,CC(=O)Nc1ccc(C(=O)Nc2cc(-c3cccs3)ccc2N)cc1,6.34,3
CHEMBL1643308,Nc1ccccc1NC(=O)/C=C/c1ccc(C(NCCN2CCOCC2)C(=O)Nc2ccc(C(F)(F)F)cc2)cc1,6.34,1
CHEMBL3287260,O=C(CCCCNC(=O)c1nc(-c2nccs2)sc1-c1ccccc1Cl)NO,6.34,2
CHEMBL3953948,Nc1ccccc1NC(=O)CCCCCNC(=O)c1ccc[nH]1,6.34,1
CHEMBL3962351,Nc1ccccc1NC(=O)CCCCCNC(=O)c1cnc2ccccc2n1,6.34,1
CHEMBL5597381,O=C(CCCCCn1cc(Nc2cc(-c3cccc(NCC4CCOCC4)n3)c(Cl)cn2)cn1)NO,6.34,1
CHEMBL3664030,Nc1cc(F)ccc1NC(=O)c1cnc2cc(N3CCNCC3)ccc2c1,6.33,1
CHEMBL3771206,CC(=O)SCC/C=C/[C@@H]1CC(=O)NCc2ccc(cc2)C2=N[C@@](C)(CS2)C(=O)N[C@@H](C(C)C)C(=O)O1,6.33,1
CHEMBL5188491,COc1cc(C(=O)c2csc(-c3ccc(OCCCCCCC(=O)Nc4ccccc4N)cc3)n2)cc(OC)c1OC,6.33,1
CHEMBL5169915,CCNNC(=O)c1ccc(CN2c3ccccc3C=Cc3ccc(C)cc32)cc1,6.33,1
CHEMBL5866233,O=C(/C=C/c1ccc(CN(CCF)CC23CC4CC(CC(C4)C2)C3)cc1)NO,6.33,1
CHEMBL6074594,C=C1C(=O)O[C@@H]2C[C@@]3(C)CC[C@@H](OC(=O)[C@@H](C)NC(=O)c4ccc(C(=O)Nc5ccccc5N)cc4)C(=C)[C@@H]3C[C@H]12,6.33,1
CHEMBL3356933,O=C1CCC[C@@H](C(=O)N[C@@H](CCCCCS)C(=O)NCc2ccc(C(F)(F)F)cc2)N1,6.32,1
CHEMBL3601779,Cc1ccc(Nc2nccc3ccc(NCc4ccc(/C=C/C(=O)NO)cc4)cc23)c(Cl)c1,6.32,1
CHEMBL3652241,COc1cc(Nc2ncc(C(=O)NO)cn2)cc(C(F)(F)F)c1,6.32,1
CHEMBL3912393,Nc1ccc(-c2ccccc2)cc1NC(=O)c1ccc2nn(CCN3CCOCC3)cc2c1,6.32,1
CHEMBL3986625,Nc1cc(F)ccc1NC(=O)CCCCCNC(=O)c1cc2ccccc2o1,6.32,1
CHEMBL4847876,CCC(=O)CCCCC[C@@H]1NC(=O)C2CCN2CCCCCCc2ccccc2-c2cnc1[nH]2,6.32,2
CHEMBL6163011,Cc1noc(C)c1-c1ccc2c(c1)CCc1c(C(=O)NCCCCCCC(=O)NO)nn(Cc3ccc(Br)cc3)c1-2,6.32,1
CHEMBL3975964,Nc1ccccc1NC(=O)CCCCCNC(=O)c1ccc(F)cc1F,6.31,1
CHEMBL3961784,Nc1ccccc1NC(=O)/C=C/CCCNC(=O)c1ccc(N2CCOCC2)cc1,6.31,1
CHEMBL4091540,O=C(CCCCN1C(=O)[C@H](Cc2ccccc2)N=C(c2ccccc2)c2ccccc21)NO,6.31,1
CHEMBL4576056,CN(CC(=O)N(Cc1ccc(C(C)(C)C)cc1)c1ccc(C(=O)NO)cc1)S(=O)(=O)c1ccc(F)cc1,6.31,1
CHEMBL4790152,CC(C)c1cc(C(=O)N2Cc3ccc(NC(=O)CCCCCCCC(=O)NO)cc3C2)c(O)cc1O,6.31,1
CHEMBL5081920,COc1ccc2c(c1)c(CCNC(C)=O)cn2CCCCCC(=O)NO,6.31,2
CHEMBL5399910,CC(C)C(C(=O)Nc1ccc(C(=O)Nc2ccccc2N)nc1)c1ccccc1,6.31,1
CHEMBL5589771,O=C(CCCCCCn1cc(Nc2cc(-c3cccc(NCc4cccc(F)c4)n3)c(Cl)cn2)cn1)NO,6.31,1
CHEMBL6169473,Cc1noc(C)c1-c1ccc2c(c1)CCc1c(C(=O)NCCCCCCC(=O)NO)nn(Cc3ccccc3F)c1-2,6.31,1
CHEMBL462223,O=C(c1ccc(-c2nnc(-c3ccccc3)o2)s1)C(F)(F)F,6.3,1
CHEMBL454672,O=C(c1ccc(-c2nnc(-c3cccs3)o2)s1)C(F)(F)F,6.3,1
CHEMBL3217996,C#Cc1cccc(Nc2ncnc3cc(NC(=O)c4ccc(C(=O)Nc5ccccc5N)cc4)ccc23)c1,6.3,1
CHEMBL3356935,O=C1CCC[C@@H](C(=O)N[C@@H](CCCCCS)C(=O)NCc2cccc(OCc3ccccc3)c2)N1,6.3,1
CHEMBL3655922,O=C(NO)c1cnc(NCCc2ccccc2Cl)nc1,6.3,1
CHEMBL3655928,COc1ccccc1CNc1ncc(C(=O)NO)cn1,6.3,1
CHEMBL3947538,CC(C)Cc1sc(-c2nccs2)nc1C(=O)NCCCCCNC(=O)CS,6.3,1
CHEMBL3934304,Nc1ccccc1NC(=O)CCCCCNC(=O)c1ccc([N+](=O)[O-])cc1,6.3,1
CHEMBL4472310,CC(C)(C)c1ccc(CNc2ccc(C(=O)NO)cc2)cc1,6.3,1
CHEMBL324053,Nc1ccccc1NC(=O)CCCCCCC(=O)Nc1ccccc1,6.3,6
CHEMBL5271319,O=C(/C=C/c1cccc(Nc2ncnc3cc4c(cc23)OCCO4)c1)NO,6.3,1
CHEMBL5596683,O=C(NO)c1ccc(Cn2cc(Nc3cc(-c4cccc(NCC5CCOCC5)n4)c(Cl)cn3)cn2)cc1,6.3,1
CHEMBL5632156,Nc1ccccc1NC(=O)CCCCCCCOc1no[n+]([O-])c1S(=O)(=O)c1ccccc1,6.3,1
CHEMBL5639397,Nc1cc(F)ccc1NC(=O)c1ccc(NC(=O)Nc2ccc(-c3nc(N4CCOCC4)nc(N4CCOCC4)n3)cc2)cc1,6.3,1
CHEMBL5960394,CC(C)c1ccc(-c2nc3cc(C(=O)NO)ccc3s2)cc1,6.3,1
CHEMBL3217993,Nc1ccccc1NC(=O)c1ccc(COc2ccc3ncnc(Nc4cccc(Br)c4)c3c2)cc1,6.29,1
CHEMBL5954789,O=C(NO)c1ccc(NC(=O)c2[nH]c(-c3ccccc3)cc2-c2ccc(O)cc2)cc1,6.29,1
CHEMBL5409567,Nc1ccccc1NC(=O)c1ccc(NC(=O)C(Cc2ccccc2)c2ccccc2)cn1,6.29,1
CHEMBL5561268,CCCCCCNNC(=O)c1ccc(N2CCN(C)CC2)cc1,6.29,1
CHEMBL455455,O=C(NCc1ccccc1)c1ccc(C(=O)C(F)(F)F)s1,6.28,1
CHEMBL2442697,COc1cc([C@@H]2c3cc4c(cc3[C@@H](Nc3ccc(NC(=O)CCCCCC(=O)NO)cc3)[C@H]3COC(=O)[C@H]23)OCO4)cc(OC)c1O,6.28,1
CHEMBL3655912,O=C(NO)c1cnc(Nc2cccc(N3CCOCC3)c2)nc1,6.28,1
CHEMBL3655999,O=C(NO)c1cnc(NC2(c3ccccc3)CCC2)nc1,6.28,1
CHEMBL5202479,COc1ccc(CNC(=O)c2cc(C(=O)Nc3ccccc3N)ccc2N2CCOCC2)cc1O,6.28,1
CHEMBL5598531,N#CC1(CNc2cccc(-c3cc(Nc4cnn(CCCCCC(=O)NO)c4)ncc3Cl)n2)CCOCC1,6.28,1
CHEMBL27759,Nc1ccccc1NC(=O)c1ccc(CNC(=O)OCc2cccnc2)cc1,6.27,42
CHEMBL3426906,O=C(CCCCCOc1no[n+]([O-])c1S(=O)(=O)c1ccccc1)NO,6.27,1
CHEMBL3919167,CC(C)Cc1sc(-c2nccs2)nc1C(=O)NCCCCCCNC(=O)CS,6.27,1
CHEMBL2436596,CC(C)[C@@H]1NC(=O)[C@]2(C)CSC(=N2)c2coc(n2)CNC(=O)C[C@@H](/C=C/CCSSCC/C=C/[C@@H]2CC(=O)NCc3nc(co3)C3=N[C@@](C)(CS3)C(=O)N[C@@H](C(C)C)C(=O)O2)OC1=O,6.26,1
CHEMBL3218000,C#Cc1cccc(Nc2ncnc3ccc(OCc4ccc(C(=O)Nc5ccccc5N)cc4)cc23)c1,6.26,1
CHEMBL3655966,O=C(NO)c1cnc(NC(c2ccc(F)cc2)c2ccc(F)cc2)nc1,6.26,1
CHEMBL3916257,COc1ccc(NC(=O)N2CCC(Nc3ncc(C(=O)NO)cn3)(c3ccccc3)CC2)cc1,6.26,1
CHEMBL4241177,CC(C)c1cc(C(=O)N2CCc3cc(NC(=O)CCCC(=O)NO)ccc32)c(O)cc1O,6.26,1
CHEMBL6027603,Nc1ccc(-c2cccs2)cc1NC(=O)C1CCCCC1,6.26,1
CHEMBL5814768,Nc1ccc(-c2cccs2)cc1NC(=O)C1CCCC1,6.26,1
CHEMBL5981441,Nc1ccc(-c2cccs2)cc1NC(=O)C1=CCCCC1,6.26,1
CHEMBL5913418,Nc1ccc(-c2cccnc2)cc1NC(=O)N1CCCC1,6.26,1
CHEMBL5847851,Nc1ccc(-c2cccs2)cc1NC(=O)OCC1CCCOC1,6.26,1
CHEMBL5850813,Nc1ccc(-c2cccs2)cc1NC(=O)OCC1CCOC1,6.26,1
CHEMBL5896877,CCCN(N)C(=O)Nc1cc(-c2cccs2)ccc1N,6.26,1
CHEMBL5848875,Nc1ccc(-c2cccs2)cc1NC(=O)N1CCCN1,6.26,1
CHEMBL6188894,CCCNNC(=O)CCCCCCNC(=O)c1cnc(-c2ccc3ccccc3c2)s1,6.26,1
CHEMBL1630118,O=C(NO)c1ccc(-c2ccc3ncnc(Nc4ccc(OCc5cccc(F)c5)c(Cl)c4)c3c2)s1,6.25,1
CHEMBL3984296,Nc1ccccc1NC(=O)CCCCCNC(=O)c1ccc2c(c1)NC(=O)C2,6.25,1
CHEMBL4798587,CCCCCCCNNC(=O)c1ccc(CNC(=O)c2ccccc2)cc1,6.25,3
CHEMBL4790678,Nc1nc(Nc2ccc(F)c(Cl)c2)c2ncn(Cc3ccc(C(=O)Nc4ccccc4N)cc3)c2n1,6.25,1
CHEMBL5093832,COc1ccc(-c2ncc(C(=O)NCCCCCCC(=O)NO)s2)c(OC)c1,6.25,2
CHEMBL5200063,CCNNC(=O)c1ccc(CN2c3ccccc3C=Cc3ccc(F)cc32)cc1,6.25,1
CHEMBL5282062,Nc1ccccc1NC(=O)c1ccc(COc2cccc3c2CN(C2CCC(=O)NC2=O)C3=O)cc1,6.25,2
CHEMBL5401750,O=C(NO)c1ccc(CN2CCCc3cccnc32)c(F)c1,6.25,1
CHEMBL5564947,Nc1ccccc1NC(=O)Cc1ccc2ncccc2c1,6.25,1
CHEMBL5631734,Nc1ccccc1NC(=O)CCCCCOc1no[n+]([O-])c1S(=O)(=O)c1ccccc1,6.25,1
CHEMBL5934335,O=C(NO)c1ccc2oc(-c3ccccc3Cl)nc2c1,6.25,1
CHEMBL4079790,CC(C)C[C@@H]1N=C(c2ccccc2)c2ccccc2N(CCCCC(=O)NO)C1=O,6.24,1
CHEMBL4283683,Cn1cc(-c2ccc(S(=O)(=O)n3ccc(/C=C/C(=O)Nc4ccccc4N)c3)cc2)cn1,6.24,10
CHEMBL4761829,CC[N+]1=C(/C=C/C2=C3Oc4cc(O)cc(OCCCCCCCC(=O)NO)c4C=C3CCC2)C(C)(C)c2ccccc21.[I-],6.24,1
CHEMBL4177129,O=C(NO)c1ccc(CN(CCCCO)C(=O)Nc2ccccc2)cc1,6.24,1
CHEMBL2442789,COc1cc([C@@H]2c3cc4c(cc3[C@@H](Nc3cccc(NC(=O)CCCCCC(=O)NO)c3)[C@H]3COC(=O)[C@H]23)OCO4)cc(OC)c1O,6.23,1
CHEMBL3287259,O=C(CCCCNC(=O)c1nc(-c2nccs2)sc1-c1ccc(F)cc1Cl)NO,6.23,2
CHEMBL3977389,Nc1ccccc1NC(=O)CCCCCNC(=O)c1ccc2c(c1)OCCO2,6.23,1
CHEMBL3918218,CCc1ccccc1C(=O)NCCCCCC(=O)Nc1ccccc1N,6.23,1
CHEMBL4073372,CC(C)(C)OC(=O)NCCCC[C@@H]1N=C(c2ccccc2)c2ccccc2N(CCCCC(=O)NO)C1=O,6.23,1
CHEMBL6142552,Cc1c(F)c(N)cc(C(=O)Nc2cc(-c3ccc(NC(=O)CCc4ccc(/C=C/C(=O)NO)cc4)cc3)ccc2N2CCN(C)CC2)c1Cl,6.23,1
CHEMBL570490,CC(C)C[C@H]1CC(=O)N[C@@H](C)C(=O)N[C@@H](CCCCCC(=O)O)C(=O)N[C@@H](Cc2c[nH]c3ccccc23)C(=O)N1,6.22,1
CHEMBL1173445,CCCCCCCC(=O)SCC/C=C/[C@@H]1CC(=O)NCc2nc(cs2)C2=N[C@@](C)(CS2)C(=O)N[C@@H](C(C)C)C(=O)O1,6.22,7
CHEMBL3339012,O=C(CCCCC(=O)Nc1cc2c(Nc3ccc(Cl)c(C(F)(F)F)c3)ncnc2s1)NO,6.22,1
CHEMBL3652231,O=C(NO)c1cnc(Nc2ccccc2Cl)nc1,6.22,1
CHEMBL3652236,O=C(NO)c1cnc(Nc2c(F)c(F)cc(F)c2F)nc1,6.22,1
CHEMBL3936491,Nc1ccccc1NC(=O)CCCCCNC(=O)c1ccc(C(F)(F)F)cc1,6.22,1
CHEMBL3904894,Nc1ccccc1NC(=O)CCCCCNC(=O)c1ccc(Cl)cc1Cl,6.22,1
CHEMBL4069885,CC(C)[C@@H]1N=C(c2ccccc2)c2ccccc2N(CCCCC(=O)NO)C1=O,6.22,1
CHEMBL4800135,Cc1cn(C)nc1CN1CCC(c2ccc(C(=O)Nc3ccccc3N)cc2)CC1,6.22,1
CHEMBL5420814,Nc1ccccc1NC(=O)/C=C/c1ccc(NC(=O)C(Cc2ccccc2)c2ccccc2)cn1,6.22,1
CHEMBL4250582,C[Si](O)(O)CCCCCCC(=O)Nc1ccccc1,6.22,2
CHEMBL5631367,Nc1ccccc1NC(=O)c1ccc(NC(=O)Cc2ccc(N3Cc4ccc(O)cc4OC3=O)cc2)cc1,6.22,1
CHEMBL514671,Nc1ccccc1NC(=O)c1ccc(CNCOC(=O)c2cccnc2)cc1,6.21,1
CHEMBL3217999,C#Cc1cccc(Nc2ncnc3ccc(NC(=O)c4ccc(C(=O)Nc5ccccc5N)cc4)cc23)c1,6.21,1
CHEMBL3670667,COc1ccc(-c2cc(-c3ccccc3)[nH]c2C(=O)NCc2ccc(C(=O)Nc3ccccc3S)cc2)cc1,6.21,1
CHEMBL357268,Nc1ccccc1NC(=O)c1ccc(CNC(=O)OCc2ccccc2)cc1,6.21,1
CHEMBL5633366,Nc1ccccc1NC(=O)CCCCOc1no[n+]([O-])c1S(=O)(=O)c1ccccc1,6.21,1
CHEMBL504161,O=C(c1ccc(-c2nc(Cc3cccs3)no2)s1)C(F)(F)F,6.2,1
CHEMBL3601780,Cc1ccc(Nc2nccc3ccc(NCc4ccc(/C=C/C(=O)NO)cc4)cc23)c(Br)c1,6.2,1
CHEMBL3655938,O=C(NO)c1cnc(NCc2ccccc2-c2ccccc2)nc1,6.2,1
CHEMBL3900516,CN1CCN(c2ccccc2C(=O)NCCCCCC(=O)Nc2ccccc2N)CC1,6.2,1
CHEMBL2323288,CC(C)[C@@H]1NC(=O)Cn2nnnc2-c2csc(n2)CNC(=O)C[C@@H](/C=C/CCS)OC1=O,6.19,1
CHEMBL3287251,Cc1sc(-c2nccs2)nc1C(=O)NCCCCC(=O)NO,6.19,2
CHEMBL3656021,COc1ccc(C2(Nc3ncc(C(=O)NO)cn3)CCCC2)cc1,6.19,1
CHEMBL3943942,COCCOc1ccccc1C(=O)NCCCCCC(=O)Nc1ccccc1N,6.19,1
CHEMBL4868381,CC12CC3CC(C)(C1)CC(NCc1cccc(NC(=O)CCCCCCC(=O)NO)c1)(C3)C2,6.19,1
CHEMBL5076794,COc1ccc2c(c1)c(CCNC(C)=O)cn2Cc1ccc(C(=O)NO)cc1,6.19,2
CHEMBL5945074,COc1cccc(-c2cc3ccc(C(=O)NO)cc3o2)c1,6.19,1
CHEMBL471043,COC(=O)c1ccc(CO/N=C/c2ccc(/C=C/C(=O)NO)cc2)cc1,6.18,1
CHEMBL3897806,Cc1ccc(C(=O)NCCCCCCC(=O)Nc2ccccc2N)cc1,6.18,1
CHEMBL4080570,O=C(CCCCN1C(=O)CN=C(c2ccccc2)c2ccccc21)NO,6.18,1
CHEMBL4102475,Nc1ccccc1NC(=O)c1ccc(NC(=O)CN2C(=O)C3(OCCO3)c3cc(Br)ccc32)cc1,6.18,1
CHEMBL4211776,Cc1c2ccc(N(C)c3ccnc(Nc4ccc(C(=O)NCCCCCCCC(=O)Nc5ccccc5N)cc4)n3)cc2nn1C,6.18,1
CHEMBL4520400,CC(C)(C)c1ccc(CN(C(=O)CN(Cc2c(F)c(F)c(F)c(F)c2F)S(=O)(=O)c2ccc(F)cc2)c2ccc(C(=O)NO)cc2)cc1,6.18,2
CHEMBL4643791,CCN(c1ccc(C(=O)NO)cc1)S(=O)(=O)c1cccc(C(F)(F)F)c1,6.18,1
CHEMBL6134313,Cc1c(F)c(N)cc(C(=O)Nc2cc(-c3ccc(NC(=O)Cc4ccc(/C=C/C(=O)NO)cc4)cc3)ccc2N2CCN(C)CC2)c1Cl,6.18,1
CHEMBL497332,CN(Cc1ccc2nccnc2c1)C(=O)c1ccc(C(=O)C(F)(F)F)s1,6.17,2
CHEMBL3664035,Nc1ccc(F)cc1NC(=O)c1cnc2cc(N3CCNCC3)ccc2n1,6.17,1
CHEMBL3920532,O=C(NO)c1cnc(NC2(c3cc(F)ccc3F)CCOCC2)nc1,6.17,1
CHEMBL4468821,COc1cc(/C=C/C(=O)NO)ccc1OCCCNC(=O)c1ccccc1O,6.17,1
CHEMBL4636672,O=C(NO)c1ccc(NC(=O)c2cc(C(F)(F)F)cc(C(F)(F)F)c2)cc1,6.17,1
CHEMBL4798190,CCSc1ccccc1C(=O)NCCCC[C@H](NC(=O)c1cncs1)c1ncc(-c2ccc3ccccc3c2)[nH]1,6.17,1
CHEMBL5425559,CC(C)C(C(=O)Nc1ccc(C(=O)NO)nc1)c1ccccc1,6.17,1
CHEMBL5920129,Cc1ccc(/C=C/CC(=O)Nc2ccc(C(=O)Nc3ccc(F)cc3N)nc2)cn1,6.17,2
CHEMBL5833030,Cc1ccc(/C=C/CC(=O)Nc2ccc(C(=O)Nc3ccc(F)cc3N)cc2)cn1,6.17,1
CHEMBL251144,Nc1ccccc1NC(=O)c1ccc(C(C(=O)Nc2ccccc2)C(=O)Nc2ccccc2)cc1,6.16,1
CHEMBL569211,CC(C)C[C@H]1CC(=O)N[C@@H](Cc2ccccc2)C(=O)N[C@@H](CCCCCC(=O)O)C(=O)N[C@@H](Cc2cccc3ccccc23)C(=O)N1,6.16,1
CHEMBL566807,N=C(N)NCCC[C@@H]1NC(=O)C[C@H](Cc2ccc(O)cc2)NC(=O)[C@H](Cc2cccc3ccccc23)NC(=O)[C@H](CCCCCC(=O)O)NC1=O,6.16,1
CHEMBL2333346,O=C(NO)C1=CCCC1,6.16,1
CHEMBL3981202,Nc1ccc(-c2ccccc2)cc1NC(=O)c1ccc2c(c1)cc(C1CC1)n2CCN1CCOCC1,6.16,1
CHEMBL3935445,CC(C)Cc1sc(-c2nccs2)nc1C(=O)Nc1ccc(C(=O)NO)cc1,6.16,2
CHEMBL3940985,Cc1ccc(NC(=O)CCCCCC(=O)Nc2ccccc2N)cc1,6.16,7
CHEMBL3969468,Nc1ccccc1NC(=O)CCCCCNC(=O)c1ccc(F)cc1,6.16,1
CHEMBL3932658,Nc1ccccc1NC(=O)CCCCCNC(=O)CCC(=O)c1cccs1,6.16,1
CHEMBL3963124,Nc1ccccc1NC(=O)CCCCCNC(=O)c1ccccc1-c1ccccc1,6.16,1
CHEMBL3923499,Cc1ccc(NC(=O)N2CCC(Nc3ncc(C(=O)NO)cn3)(c3ccccc3)CC2)cc1,6.16,1
CHEMBL5092466,O=C(NO)c1ccc(CN(Cc2ccccc2)S(=O)(=O)c2cc(F)c(F)c(F)c2F)cc1,6.16,1
CHEMBL5430740,O=C(NO)c1ccc(Cn2ccc3cc(C(=O)NCC45C[C@H]6C[C@@H](C4)C[C@@H](C5)C6)ccc32)c(F)c1,6.16,1
CHEMBL6147658,Cc1c(F)c(N)cc(C(=O)Nc2cc(-c3ccc(NC(=O)CCCCC(=O)NO)cc3)ccc2N2CCN(C)CC2)c1Cl,6.16,1
CHEMBL3675757,O=C(CCCCCCN(c1ccccn1)c1ccccn1)NO,6.15,1
CHEMBL4464527,CN(C(=O)CN(C)S(=O)(=O)c1ccc(F)cc1)c1ccc(C(=O)NO)cc1,6.15,1
CHEMBL109654,O=C(CCCCCS)Nc1ccccc1,6.14,1
CHEMBL3656002,COc1ccccc1C1(Nc2ncc(C(=O)NO)cn2)CC1,6.14,1
CHEMBL3884118,COc1ccc2c(c1)c(CC(=O)NCCCCCC(=O)NO)c(C)n2C(=O)c1ccc(Cl)cc1,6.14,1
CHEMBL3925574,C/C=C/c1sc(-c2nccs2)nc1C(=O)NCCCNC(=O)CS,6.14,1
CHEMBL3903466,Cc1ccccc1C(=O)NCCCCCC(=O)Nc1ccccc1N,6.14,1
CHEMBL5598107,O=C(NO)c1ccc(Cn2cc(Nc3cc(-c4cccc(NCc5cccc(F)c5)n4)c(Cl)cn3)cn2)cc1,6.14,1
CHEMBL6192587,CCCNNC(=O)CCCCCCNC(=O)c1cnc(-c2ccc(F)cc2F)s1,6.14,1
CHEMBL3655910,O=C(NO)c1cnc(Nc2cc(Cl)cc(OC(F)(F)F)c2)nc1,6.13,1
CHEMBL5815391,Nc1ccccc1NC(=O)c1ccc(CNC(=O)c2[nH]c(-c3ccc(O)cc3)cc2-c2ccsc2)cc1,6.13,1
CHEMBL3907301,CC(=O)c1ccccc1C(=O)NCCCCCC(=O)Nc1ccccc1N,6.13,1
CHEMBL4744157,CN(Cc1ccc(C(=O)NO)cc1)C(=O)c1c(F)c(F)c(F)c(F)c1F,6.13,1
CHEMBL4586891,O=C(CCCCCn1cc(-c2ccc(C(=O)c3c(-c4ccc(O)cc4)sc4cc(O)ccc34)cc2)nn1)NO,6.13,1
CHEMBL5596717,N#CC1(CNc2cccc(-c3cc(Nc4cnn(CCCCCC(=O)Nc5ccccc5N)c4)ncc3Cl)n2)CCOCC1,6.13,1
CHEMBL1808673,O=C(/C=C/C=C/CC/C=C/c1ccc2c(c1)OCO2)NO,6.12,1
CHEMBL2442792,COc1cc([C@@H]2c3cc4c(cc3[C@@H](Nc3cccc(OCCCC(=O)NO)c3)[C@H]3COC(=O)[C@H]23)OCO4)cc(OC)c1O,6.12,1
CHEMBL3670661,O=C(NO)c1ccc(CNC(=O)c2[nH]c(-c3ccc(O)cc3)cc2-c2ccoc2)cc1,6.12,1
CHEMBL3947603,Nc1ccccc1NC(=O)CCCCCNC(=O)c1cc(-c2ccsc2)on1,6.12,1
CHEMBL3916028,O=C(NO)c1cnc(NC2(c3ccccc3)CCN(C(=O)Nc3c(F)cccc3F)CC2)nc1,6.12,1
CHEMBL4060342,CC(C)(C)SC[C@H]1N=C(c2ccccc2)c2ccccc2N(CCCCC(=O)NO)C1=O,6.12,1
CHEMBL4763975,O=C(N[C@@H](CCCCNC(=O)c1ccccc1Cl)c1ncc(-c2ccc3ccccc3c2)[nH]1)c1cncs1,6.12,1
CHEMBL3217994,C#Cc1cccc(Nc2ncnc3cc(NC(=O)c4ccc(C(=O)Nc5ccccc5N)s4)ccc23)c1,6.11,1
CHEMBL3656008,COc1ccc(Cl)cc1C1(Nc2ncc(C(=O)NO)cn2)CC1,6.11,1
CHEMBL3670672,Nc1ccccc1NC(=O)c1ccc(CNC(=O)c2[nH]c(-c3ccoc3)cc2-c2ccc(O)cc2)cc1,6.11,1
CHEMBL4237816,CCc1c2c(nc3ccc(O)cc13)-c1cc3c(c(=O)n1C2)COC(=O)[C@@]3(CC)OC(=O)CCCCCCCCC(=O)NO,6.11,1
CHEMBL5418060,CCC(C(=O)Nc1ccc(C(=O)NO)nc1)c1ccccc1,6.11,1
CHEMBL5986722,O=C(NO)c1ccc2nc(-c3cccc(Br)c3)[nH]c2c1,6.11,1
CHEMBL3958748,Nc1ccc(-c2ccccc2)nc1NC(=O)c1cnc2cc(N3CCNCC3)ccc2c1,6.1,1
CHEMBL3958365,Cc1ccc(C(=O)NCCCCCC(=O)Nc2ccc(F)cc2N)cc1,6.1,2
CHEMBL2063396,CCC[C@@H]1NC(=O)[C@H](C)NC(=O)C[C@H](CC(C)C)NC(=O)[C@H](Cc2cn(CN(C)C)c3ccccc23)NC1=O,6.1,1
CHEMBL5757328,CCCCNNC(=O)c1ccc(OCC)c(OCC)c1,6.1,1
CHEMBL6176085,Cc1noc(C)c1-c1ccc2c(c1)CCc1c-2nn(Cc2cccc(C(F)(F)F)c2)c1C(=O)NCCCCCCC(=O)NO,6.1,1
CHEMBL3670673,Nc1ccccc1NC(=O)c1ccc(CNC(=O)c2[nH]c(-c3ccc(O)cc3)cc2-c2ccccc2)cc1,6.09,1
CHEMBL3908578,Nc1ccccc1NC(=O)CCCCCNC(=O)c1ccccc1C(F)(F)F,6.09,1
CHEMBL4752370,COc1cccc(O)c1C(=O)NCCCC[C@H](NC(=O)c1cncs1)c1ncc(-c2ccc3ccccc3c2)[nH]1,6.09,1
CHEMBL4871938,CC12CC3CC(C)(C1)CC(NCc1ccc(NC(=O)CCCCCCC(=O)NO)cc1)(C3)C2,6.09,1
CHEMBL5087002,COc1ccc2[nH]cc(CCN(CCCCCC(=O)NO)C(=O)/C=C/c3ccc(O)c(OC)c3)c2c1,6.09,2
CHEMBL5865587,COc1ccc(-c2ccc(-c3nc4cc(C(=O)NO)ccc4o3)cc2)cn1,6.09,1
CHEMBL485967,CC(NC(=O)c1ccc(C(=O)C(F)(F)F)s1)c1cccc2ccccc12,6.08,1
CHEMBL2385954,COc1cc2c(c(OC)c1OC)-c1ccc(OC)c(=O)cc1[C@@H](NC(=O)CCCCC(=O)NO)CC2,6.08,1
CHEMBL3218001,C#Cc1cccc(Nc2ncnc3ccc(S(=O)(=O)n4ccc(/C=C/C(=O)Nc5ccccc5N)c4)cc23)c1,6.08,1
CHEMBL3655908,O=C(NO)c1cnc(Nc2cc(Cl)cc(C(F)(F)F)c2)nc1,6.08,1
CHEMBL3977839,Nc1ccccc1NC(=O)CCCCCNC(=O)c1cscn1,6.08,1
CHEMBL3933843,Nc1ccccc1NC(=O)CCCCCNC(=O)c1ccc2nccnc2c1,6.08,1
CHEMBL3932246,Nc1ccccc1NC(=O)CCCCNC(=O)c1csc(-c2ccncc2)n1,6.08,1
CHEMBL3929319,CC(=O)N1CCC(Nc2ncc(C(=O)NO)cn2)(c2ccccc2)CC1,6.08,1
CHEMBL3977741,O=C(NO)c1cnc(NC2(c3ccccc3)CCN(C(=O)Nc3ccccc3F)CC2)nc1,6.08,1
CHEMBL4086281,O=C(CCCCN1C(=O)[C@H](CCC(=O)NC(c2ccccc2)(c2ccccc2)c2ccccc2)N=C(c2ccccc2)c2ccccc21)NO,6.08,1
CHEMBL5193014,O=C(NO)c1ccc(CN(C2CC2)S(=O)(=O)c2ccc(F)cc2)cc1,6.08,1
CHEMBL3593414,CCCCCCCC(=O)SCC/C=C/[C@@H]1CC(=O)NCc2cc(ccn2)C2=N[C@@](C)(CS2)C(=O)N[C@@H](C(C)C)C(=O)N1,6.07,1
CHEMBL3655986,O=C(NO)c1cnc(NC2(Cc3ccccc3)CC2)nc1,6.07,1
CHEMBL3919200,Cc1nc(-c2cccnc2)sc1C(=O)NCCCCCC(=O)Nc1ccccc1N,6.07,1
CHEMBL3907742,C=CCc1ccccc1C(=O)NCCCCCC(=O)Nc1ccccc1N,6.07,1
CHEMBL4070647,CC(C)(C)Oc1ccc(C[C@@H]2N=C(c3ccccc3)c3ccccc3N(CCCCC(=O)NO)C2=O)cc1,6.07,1
CHEMBL4208487,CCCc1nc(C)c2c(=O)[nH]c(-c3cc(CC4CC(C(=O)NO)C4)ccc3OCC)nn12,6.07,1
CHEMBL4217319,COc1ccc(C(=O)c2ccc3c(ccn3S(=O)(=O)c3cccc(/C=C/C(=O)NO)c3)c2)cc1OC,6.07,1
CHEMBL4764126,COc1nc2ccccc2cc1-c1nnc([C@H](CCCCNC(=O)c2ccccc2SC)NC(=O)c2cncs2)o1,6.07,1
CHEMBL5598136,O=C(CCCCCn1cc(Nc2cc(-c3cccc(NCc4cccc(F)c4)n3)c(Cl)cn2)cn1)NO,6.07,1
CHEMBL5631614,Nc1nc(Cl)c2ncn(Cc3ccc(-c4noc(C(F)(F)F)n4)cc3F)c2n1,6.07,1
CHEMBL3655941,O=C(NO)c1cnc(NCCc2ccccc2-c2ccccc2)nc1,6.06,1
CHEMBL3923298,COc1ccc2[nH]c(C(=O)NCCCCC(=O)Nc3ccccc3N)cc2c1,6.06,1
CHEMBL3891741,CC(C)C1(Nc2ncc(C(=O)NO)cn2)CCN(C(=O)OCc2ccccc2)CC1,6.06,1
CHEMBL4448410,O=C(NO)c1ccc(Cn2nnnc2-c2cccs2)cc1,6.06,1
CHEMBL6188394,CCCNNC(=O)c1ccc(NC(=O)c2cnc(-c3ccccc3C)s2)cc1,6.06,1
CHEMBL2323290,CC(C)[C@@H]1NC(=O)Cn2cc(nn2)-c2csc(n2)CNC(=O)C[C@@H](/C=C/CCS)OC1=O,6.05,1
CHEMBL2442796,COc1cc([C@@H]2c3cc4c(cc3[C@@H](Nc3ccccc3OCCCCC(=O)NO)[C@H]3COC(=O)[C@H]23)OCO4)cc(OC)c1O,6.05,1
CHEMBL3356930,O=C(CCCCCCS)NC1CCCC1,6.05,1
CHEMBL3655921,O=C(NO)c1cnc(NCc2ccccc2C(F)(F)F)nc1,6.05,1
CHEMBL3942298,CC(C)(C)OC(=O)NCc1nc(-c2nc(C(=O)NCCCCC(=O)NO)cs2)cs1,6.05,1
CHEMBL3955671,Nc1ccccc1NC(=O)CCCCCNC(=O)c1cccc(-c2nnn[nH]2)c1,6.05,1
CHEMBL4207182,Cc1ccc(C(=O)c2ccc3c(ccn3S(=O)(=O)c3cccc(/C=C/C(=O)NO)c3)c2)cc1,6.05,1
CHEMBL4453121,O=C(NO)c1ccc(Cn2nnc(-c3ncccn3)n2)cc1,6.05,1
CHEMBL5093071,O=C(NO)c1ccc(CN(Cc2ccccn2)S(=O)(=O)c2cc(F)c(F)c(F)c2F)cc1,6.05,1
CHEMBL5173782,CC(C)N(Cc1ccc(C(=O)NO)cc1)Cc1cc(F)c(F)c(F)c1F,6.05,1
CHEMBL5569425,COc1ncc(-c2cc(OCCCCCCC(=O)Nc3ccccc3N)c3ncnc(C)c3c2)cc1NS(=O)(=O)c1ccc(F)cc1F,6.05,1
CHEMBL3217997,C#Cc1cccc(Nc2ncnc3ccc(NC(=O)c4ccc(C(=O)Nc5ccccc5N)s4)cc23)c1,6.04,1
CHEMBL3655939,O=C(NO)c1cnc(NCc2ccc(F)cc2C(F)(F)F)nc1,6.04,1
CHEMBL3907413,CC(C)C[C@H](C(=O)N1CCC(Nc2ncc(C(=O)NO)cn2)(c2ccccc2)CC1)c1ccccc1,6.04,1
CHEMBL4082254,C[C@@H](OCc1ccccc1)[C@@H]1N=C(c2ccccc2)c2ccccc2N(CCCCC(=O)NO)C1=O,6.04,1
CHEMBL4633453,CCN(C(=O)c1ccccc1C(F)(F)F)c1ccc(C(=O)NO)cc1,6.04,1
CHEMBL4794515,CCCCNNC(=O)c1cccs1,6.04,3
CHEMBL4764787,COc1cc(CNc2nc(NCc3ccc(C(=O)Nc4ccccc4N)cc3)nc3[nH]ccc23)cc(OC)c1,6.04,1
CHEMBL5286498,CCCCCNNC(=O)c1ccc(Br)cc1,6.04,1
CHEMBL5598502,COc1cc(F)ccc1-c1cc(Nc2cnn(CCCCCC(=O)Nc3ccccc3N)c2)ncc1F,6.04,1
CHEMBL5977093,O=C(NO)c1ccc2nc(-c3ccc(-c4ccc(CN5CCOCC5)cc4)cc3)[nH]c2c1,6.04,1
CHEMBL236902,C[C@H]1CN(c2ccc(C(=O)Nc3ccccc3N)cn2)CCN1C(=O)OCc1ccccc1,6.03,2
CHEMBL3526396,C[C@@]12Nc3ccccc3[C@]1(O)CCN2Cc1ccc(/C=C/C(N)=O)cc1,6.03,1
CHEMBL3655960,CC(C)(Nc1ncc(C(=O)NO)cn1)c1ccc(Cl)cc1F,6.03,1
CHEMBL5179295,CC(C)N(Cc1ccc(C(=O)NO)cc1)S(=O)(=O)c1c(F)c(F)c(F)c(F)c1F,6.03,2
CHEMBL5618301,CC(C)(C)c1nc(-c2cccc(NS(=O)(=O)c3c(F)cccc3F)c2F)c(-c2ccnc(NCCCCCCC(=O)NO)n2)s1,6.03,1
CHEMBL5935398,CC(C)(C)c1ccc(-c2nc3cc(C(=O)NO)ccc3s2)cc1,6.03,1
CHEMBL3735106,C[C@]12CC[C@@H]3c4ccc(O)cc4C[C@@H](CCCCCCCCCCC(=O)NO)[C@H]3[C@@H]1CC[C@@H]2O,6.02,1
CHEMBL3972430,Nc1ccccc1NC(=O)CCCCCNC(=O)c1ccc2cccnc2c1,6.02,1
CHEMBL3966661,Nc1ccccc1NC(=O)CCCCCNC(=O)C1CCN(c2ccncc2)CC1,6.02,1
CHEMBL3901737,Nc1ccccc1NC(=O)C/C=C/CCNC(=O)c1cccc(Cl)c1,6.02,1
CHEMBL4091731,NCCCC[C@@H]1N=C(c2ccccc2)c2ccccc2N(CCCCC(=O)NO)C1=O,6.02,1
CHEMBL4438566,O=C(NO)c1ccc(CN2c3ccccc3Sc3ccccc32)cc1,6.02,1
CHEMBL5281042,O=C(CCCCCCN(Cc1ccc2ccccc2c1)Cc1ccc2ccccc2c1)NO,6.02,1
CHEMBL5597702,COc1cc(F)ccc1-c1cc(Nc2cnn(CCCCCC(=O)NO)c2)ncc1F,6.02,1
CHEMBL6054894,COc1ccc(-c2ccc(-c3nc4cc(C(=O)NO)ccc4o3)c(F)c2)cn1,6.02,1
CHEMBL569446,CC(C)C[C@H]1CC(=O)NC(C)(C)C(=O)N[C@@H](CCCCCC(=O)O)C(=O)N[C@@H](Cc2cccc3ccccc23)C(=O)N1,6.01,1
CHEMBL3983762,Nc1ccccc1NC(=O)CCCCCNC(=O)c1ccnc(N2CCCCC2)c1,6.01,1
CHEMBL3951862,CNC(=O)N1CCC(Nc2ncc(C(=O)NO)cn2)(c2ccccc2)CC1,6.01,1
CHEMBL5424224,O=C(NO)c1ccc(Cn2ccc3cc(C(=O)NCC45C[C@H]6C[C@@H](C4)C[C@@H](C5)C6)ccc32)cc1,6.01,1
CHEMBL6192933,CCCNNC(=O)c1ccc(NC(=O)c2cnc(-c3cc4ccc5cccc6ccc(c3)c4c56)s2)cc1,6.01,1
CHEMBL406927,COc1ccc2[nH]c(C)c(CC(=O)N[C@@H](CCCCCC(C)=O)c3nc4ccc(Cl)cc4[nH]3)c2c1,6.0,1
CHEMBL570041,CC(C)C[C@H]1CC(=O)N[C@@H](C)C(=O)N[C@@H](CCCCCC(=O)O)C(=O)N[C@@H](Cc2cccc3ccccc23)C(=O)N1,6.0,2
CHEMBL1643315,Nc1ccccc1NC(=O)/C=C/c1ccc(C(NCCC2CCOCC2)C(=O)Nc2ccc(C(F)(F)F)cc2)cc1,6.0,1
CHEMBL3347516,Nc1ccccc1NC(=O)CCCCCCC(=O)Nc1ccccc1N,6.0,1
CHEMBL3964239,COc1ccc(N)c(NC(=O)CCCCCNC(=O)c2ccc(C)cc2)c1,6.0,1
CHEMBL3956097,Cc1cnc(C(=O)NCCCCCC(=O)Nc2ccccc2N)s1,6.0,1
CHEMBL3963102,O=C(NO)c1cnc(NC2(c3ccccc3)CCN(C(=O)Nc3ccccc3)CC2)nc1,6.0,1
CHEMBL3901374,CCON1CCC(Nc2ncc(C(=O)NO)cn2)(c2ccccc2)CC1,6.0,1
CHEMBL4063279,O=C(CCCCN1C(=O)[C@H](Cc2cc3ccccc3[nH]2)N=C(c2ccccc2)c2ccccc21)NO,6.0,1
CHEMBL4202838,COc1cc(C(=O)c2ccc3c(ccn3S(=O)(=O)c3ccc(/C=C/C(=O)NO)cc3)c2)cc(OC)c1OC,6.0,1
CHEMBL4248849,CCc1c2c(nc3ccc(O)cc13)-c1cc3c(c(=O)n1C2)COC(=O)[C@@]3(CC)OC(=O)CCCCCCCC(=O)NO,6.0,1
CHEMBL4563988,COC(=O)c1ccc2ccccc2c1OCCCCCCCC(=O)NO,6.0,1
CHEMBL4765131,COc1ccc(C(=O)NCCCC[C@H](NC(=O)c2cncs2)c2ncc(-c3ccc4ccccc4c3)[nH]2)c(O)c1,6.0,1
CHEMBL5197148,COc1cc([C@@H]2c3cc4c(cc3C[C@H]3COC(=O)[C@@H]32)OCO4)cc(OC)c1OC(=O)CC(=O)NCc1ccc(C(=O)Nc2ccccc2N)cc1,6.0,1
CHEMBL5199993,CCCCCCNNC(=O)c1cnc(N2CCN(CCc3c[nH]c4ccccc34)CC2)nc1,6.0,1
CHEMBL5281688,O=C(NO)c1cn(C2CCN(C(=O)Cc3ccc4ccccc4c3)CC2)nn1,6.0,1
CHEMBL5283127,O=C(CCCCCCNCc1ccc([N+](=O)[O-])cc1)NO,6.0,1
CHEMBL5631528,Cn1cc(CCN2CCN(c3cnc(C(=O)Nc4cc(-c5cccs5)ccc4[N+](=O)[O-])cn3)CC2)c2ccccc21,6.0,1
CHEMBL5877861,O=C(NO)c1ccc2oc(-c3ccc(C4CC4)cc3)nc2c1,6.0,1
CHEMBL6189220,CCC(CC)(c1ccc(C(=O)NCCCCC(=O)NO)cc1)c1ccc(OCC(O)C(C)(C)C)c(C)n1,6.0,1
CHEMBL2385955,COc1cc2c(c(OC)c1OC)-c1ccc(OC)c(=O)cc1[C@@H](NC(=O)CCCCCC(=O)NO)CC2,5.99,1
CHEMBL3884044,Cc1ccc(-c2cc(C(F)(F)F)nn2-c2ccc(S(=O)(=O)NCCCCCC(=O)NO)cc2)cc1,5.99,1
CHEMBL4097820,CC[C@@H](C)[C@@H]1N=C(c2ccccc2)c2ccccc2N(CCCCC(=O)NO)C1=O,5.99,1
CHEMBL4072356,CC(C)(C)OC(=O)CC[C@@H]1N=C(c2ccccc2)c2ccccc2N(CCCCC(=O)NO)C1=O,5.99,1
CHEMBL4588261,CC[C@H](Nc1ncnc2[nH]cnc12)c1nc2cccc(NCCCC(=O)NO)c2c(=O)n1-c1ccccc1,5.99,1
CHEMBL4870114,CC12CC3CC(C)(C1)CC(NS(=O)(=O)c1ccc(/C=C/C(=O)NO)cc1)(C3)C2,5.99,1
CHEMBL5078008,Cc1ccc(-c2ncc(/C=C/C(=O)Nc3ccccc3N)s2)cc1,5.99,1
CHEMBL5173493,CCNNC(=O)c1ccc(CN2c3ccccc3C=Cc3ccncc32)cc1,5.99,1
CHEMBL569447,CC(=O)NCCCC[C@@H]1NC(=O)C[C@H](Cc2ccc(O)cc2)NC(=O)[C@H](Cc2cccc3ccccc23)NC(=O)[C@H](CCCCCC(=O)O)NC1=O,5.98,1
CHEMBL3655953,CC(C)(Nc1ncc(C(=O)NO)cn1)c1ccc(F)c(F)c1,5.98,1
CHEMBL5619510,CNC(=O)c1ccccc1Nc1nc(Nc2ccc(NC(=O)CCCCCCC(=O)NO)cc2)ncc1Cl,5.98,1
CHEMBL3984252,Nc1ccccc1NC(=O)CCCCCNC(=O)c1nccs1,5.97,1
CHEMBL3934237,O=C(NO)c1cnc(NC2(c3ccccc3)CCN(C(=O)Nc3cccc(F)c3)CC2)nc1,5.97,1
CHEMBL3961733,O=C(NO)c1cnc(NC2(c3ccccc3)CCN(C(=O)Nc3ccc(F)cc3)CC2)nc1,5.97,1
CHEMBL5280540,O=C(NNCCC1CCCC1)c1ccc(Br)cc1,5.97,2
CHEMBL5596740,CCCCNNC(=O)CCCCCCC(=O)Nc1ccc(Nc2ncc(Cl)c(OC3CCCCC3)n2)cc1,5.97,1
CHEMBL567220,N=C(N)NCCC[C@@H]1NC(=O)C[C@H](CO)NC(=O)[C@H](Cc2cccc3ccccc23)NC(=O)[C@H](CCCCCC(=O)O)NC1=O,5.96,1
CHEMBL1092032,Cc1ccc(NC(=O)CCCCC(=O)NO)c(C)c1,5.96,1
CHEMBL3655940,O=C(NO)c1cnc(NC23CC4CC(CC(C4)C2)C3)nc1,5.96,1
CHEMBL3655980,O=C(NO)c1cnc(NC2CCCCC2)nc1,5.96,1
CHEMBL3909885,Nc1ccccc1NC(=O)CCCCCNS(=O)(=O)c1ccccc1,5.96,1
CHEMBL3916246,CC(C)[C@H](C(=O)N1CCC(Nc2ncc(C(=O)NO)cn2)(c2ccccc2)CC1)c1ccccc1,5.96,1
CHEMBL4755760,CCCCCCCCNNC(=O)c1ccc(CNC(=O)c2ccccc2)cc1,5.96,2
CHEMBL4787044,Nc1cccnc1C(=O)NCCCC[C@H](NC(=O)c1cncs1)c1ncc(-c2ccc3ccccc3c2)[nH]1,5.96,1
CHEMBL5181479,C#Cc1nc(/C=C/C(=O)NO)cs1,5.96,1
CHEMBL5276841,O=C(CCCCCCN(Cc1ccc(-c2ccccc2)s1)Cc1ccc(-c2ccccc2)s1)NO,5.96,1
CHEMBL3956300,Nc1ccccc1NC(=O)CCCCCNC(=O)c1ccc(-c2nnn[nH]2)cc1,5.95,1
CHEMBL5597266,N#CC1(CNc2cccc(-c3cc(Nc4cnn(Cc5ccc(C(=O)Nc6ccccc6N)cc5)c4)ncc3Cl)n2)CCOCC1,5.95,1
CHEMBL6133569,O=C(NO)c1ccc(CN2C(=O)C3=C(CCN(Cc4cccc(Cl)c4)C3)N3CCN=C23)cc1,5.95,1
CHEMBL3593406,CCCCCCCC(=O)SCC/C=C/[C@@H]1CC(=O)NCc2nc(cs2)C2=N[C@@](C)(CS2)C(=O)N[C@@H](C(C)C)C(=O)N1,5.94,1
CHEMBL3961324,Nc1ccccc1NC(=O)CCCCCNC(=O)c1ccc2nonc2c1,5.94,1
CHEMBL5203278,CCNNC(=O)c1ccc(CN2c3ccccc3C=Cc3nc(C)nc(C)c32)cc1,5.94,1
CHEMBL3655981,O=C(NO)c1cnc(NC2CCOCC2)nc1,5.93,1
CHEMBL3929797,CC(C)(C)OC(=O)NCc1nc(-c2nc(C(=O)NCCCCCCC(=O)NO)cs2)cs1,5.93,1
CHEMBL325041,CC(C)C[C@H](NC(=O)[C@H](Cc1ccccc1)NC(=O)c1cnccn1)B(O)O,5.93,1
CHEMBL6188533,O=C(Nc1ccc(CNC(=O)c2cc(F)ccc2N2CCCC2)cc1)OCc1cccnc1,5.93,1
CHEMBL462209,CN(Cc1ccccc1)C(=O)c1ccc(C(=O)C(F)(F)F)s1,5.92,3
CHEMBL3895935,Nc1ccccc1NC(=O)CCCCCNC(=O)c1ccc(S(N)(=O)=O)cc1,5.92,1
CHEMBL4071741,CC(C)(C)OC[C@@H]1N=C(c2ccccc2)c2ccccc2N(CCCCC(=O)NO)C1=O,5.92,1
CHEMBL4285001,Nc1ccccc1NC(=O)c1ccc(CNC(=O)OCc2ccc(OCCOc3no[n+]([O-])c3S(=O)(=O)c3ccccc3)nc2)cc1,5.92,2
CHEMBL4745834,O=C(N[C@@H](CCCCNC(=O)c1ccccc1S)c1ncc(-c2ccc3ccccc3c2)[nH]1)c1cncs1,5.92,1
CHEMBL4786966,CCc1ccccc1C(=O)NCCCC[C@H](NC(=O)c1cncs1)c1ncc(-c2ccc3ccccc3c2)[nH]1,5.92,1
CHEMBL5597296,CCCCCCNNC(=O)c1ccc(CNC(=O)CN2CCC(c3ccc(NC4CCC(=O)NC4=O)cc3)CC2)cc1,5.92,1
CHEMBL3656024,O=C(NO)c1cnc(NC2(c3cc(F)cc(F)c3)CCOCC2)nc1,5.91,1
CHEMBL3938470,CS(=O)(=O)c1ccccc1C(=O)NCCCCCC(=O)Nc1ccccc1N,5.91,1
CHEMBL4281580,CN(CCCCC(CO[N+](=O)[O-])O[N+](=O)[O-])Cc1ccc(COC(=O)NCc2ccc(C(=O)Nc3ccccc3N)cc2)cn1.Cl.Cl.Cl,5.91,1
CHEMBL4300553,CN(CCCCC(CO[N+](=O)[O-])O[N+](=O)[O-])Cc1ccc(COC(=O)NCc2ccc(C(=O)Nc3ccccc3N)cc2)cn1,5.91,1
CHEMBL356769,O=C(CCCCCCC(=O)Nc1ccc([C@H]2O[C@@H](CSc3nc(-c4ccccc4)c(-c4ccccc4)o3)C[C@@H](c3ccc(CO)cc3)O2)cc1)NO,5.9,8
CHEMBL3656022,O=C(NO)c1cnc(NC2(c3cccc(Cl)c3)CCCC2)nc1,5.9,1
CHEMBL3655948,CC(C)(Nc1ncc(C(=O)NO)cn1)c1ccccc1F,5.9,1
CHEMBL3978857,CS(=O)(=O)c1ccc([S+]([O-])NCCCCCC(=O)Nc2ccccc2N)cc1,5.9,1
CHEMBL4742345,CCCCNNC(=O)c1ccc2ccccc2c1,5.9,4
CHEMBL541451,N=C(N)NCCC[C@H](N)C(=O)NCC(=O)N[C@@H](CCCCCC(=O)Nc1ccccc1N)C(=O)Nc1ccccc1N,5.89,1
CHEMBL3664034,Nc1cc(F)ccc1NC(=O)c1cnc2cc(N3CCNCC3)ccc2n1,5.89,1
CHEMBL4277089,O=C(NO)c1ccc(Cn2[se]c3ccccc3c2=O)cc1,5.89,1
CHEMBL5271954,O=C(CCCCCCN(Cc1cc2ccccc2[nH]1)Cc1cc2ccccc2[nH]1)NO,5.89,1
CHEMBL5927936,O=C(NO)c1ccc2nc(-c3ccc4c(c3)CCO4)[nH]c2c1,5.89,1
CHEMBL178456,O=C(CS)NCCCCCC(=O)Nc1cccc2cccnc12,5.88,1
CHEMBL3670666,COc1ccc(-c2cc(-c3ccccc3)[nH]c2C(=O)NCc2ccc(C(=O)Nc3ccccc3N)cc2)cc1,5.88,2
CHEMBL3656018,O=C(NO)c1cnc(NC2(c3cccc(F)c3)CCOCC2)nc1,5.88,1
CHEMBL3655988,O=C(NO)c1cnc(NC2c3ccccc3-c3ccccc32)nc1,5.88,1
CHEMBL3655947,CC(C)(Nc1ncc(C(=O)NO)cn1)c1ccc(F)cc1F,5.88,1
CHEMBL3655955,Cc1cc(C(C)(C)Nc2ncc(C(=O)NO)cn2)ccc1F,5.88,1
CHEMBL3917862,Nc1ccccc1NC(=O)CCCCNC(=O)C1=NN=C(c2ccccc2)C1,5.88,1
CHEMBL3956946,Nc1ccccc1NC(=O)CCCCCNC(=O)c1ccccc1C1CCCCC1,5.88,1
CHEMBL4072557,O=C(CCCCN1C(=O)[C@H](Cc2cnc[nH]2)N=C(c2ccccc2)c2ccccc21)NO,5.88,1
CHEMBL4789155,CC(C)c1cc(C(=O)N2Cc3ccc(NC(=O)CCCCCCCCC(=O)NO)cc3C2)c(O)cc1O,5.88,1
CHEMBL5405871,COc1cc(C(=O)NO)ccc1Cn1ccc2cc(C(=O)NCC34C[C@H]5C[C@@H](C3)C[C@@H](C4)C5)ccc21,5.88,1
CHEMBL1093357,Cc1ccc(C)c(NC(=O)CCCCC(=O)NO)c1,5.87,1
CHEMBL1076794,Cc1ccccc1NC(=O)CCCCC(=O)NO,5.87,1
CHEMBL2385957,COc1cc2c(c(OC)c1OC)-c1ccc(OC)c(=O)cc1[C@@H](NC(=O)CCC(=O)NO)CC2,5.87,1
CHEMBL4740020,CCCCNNC(=O)c1cc2ccccc2o1,5.87,3
CHEMBL5271748,CCCCNNC(=O)c1ccc(OC(F)(F)F)cc1,5.87,2
CHEMBL5568232,CCCCCCCNNC(=O)c1ccc(N2CCN(C)CC2)cc1,5.87,1
CHEMBL272980,Nc1ccccc1NC(=O)c1ccc(CNc2nccc(-c3cccnc3)n2)cc1,5.86,10
CHEMBL3656020,O=C(NO)c1cnc(NC2(c3cccc(F)c3)CCCC2)nc1,5.86,1
CHEMBL4521590,O=C(Cc1cccc2ccccc12)Nc1ccc(C(=O)NO)nc1,5.86,1
CHEMBL6101912,CCCc1cc(C(=O)Nc2ccccc2)nn1Cc1ccc(C(=O)NO)cc1,5.86,1
CHEMBL236061,COc1ccc(C(=O)Nc2ccccc2N)cc1,5.85,1
CHEMBL3953107,Cc1ccc(C(=O)Nc2cccc(/C=C/C(=O)Nc3ccc(F)cc3N)c2)cc1,5.85,2
CHEMBL3957946,Nc1cc(F)ccc1NC(=O)CCCCCN1CCc2cc(F)ccc2C1=O,5.85,1
CHEMBL3967206,Nc1ccccc1NC(=O)CCCCCNC(=O)c1ccncc1,5.85,1
CHEMBL5198617,CCCCCCNNC(=O)c1cnc(N2CCN(CCc3cn(C)c4ccccc34)CC2)nc1,5.85,1
CHEMBL5647361,Nc1c(NC(=O)c2ccc(NC(=O)Nc3ccc(-c4nc(N5CCOCC5)nc(N5CCOCC5)n4)cc3)cc2)ccc(F)c1F,5.85,1
CHEMBL5913771,CCCCNNC(=O)c1ccncc1,5.85,1
CHEMBL2442793,COc1cc([C@@H]2c3cc4c(cc3[C@@H](Nc3ccccc3OCCCC(=O)NO)[C@H]3COC(=O)[C@H]23)OCO4)cc(OC)c1O,5.84,1
CHEMBL2063395,CCC[C@@H]1NC(=O)[C@H](C)NC(=O)C[C@H](CC(C)C)NC(=O)[C@H](Cc2c[nH]c3ccccc23)NC1=O,5.84,1
CHEMBL4448385,CC(C)c1cc(C(=O)N(C)c2ccc(NC(=O)CCCCCCCC(=O)NO)cc2)c(O)cc1O,5.84,1
CHEMBL4747126,CC(C)Oc1ccc(C(C)(C)O)cc1-c1cn(C)c(=O)c2[nH]c(C(=O)NCc3ccc(C(=O)Nc4ccccc4N)cc3)cc12,5.84,1
CHEMBL5208188,CCNNC(=O)c1ccc(CN2c3ccccc3Cc3ccccc32)cc1,5.84,1
CHEMBL5646806,CC(C)C[C@H](NC(=O)[C@@H](O)[C@H](N)Cc1ccccc1)C(=O)NCc1ccc(C(=O)NO)cc1.Cl,5.84,1
CHEMBL585164,[N-]=[N+]=NCc1cc(COc2ccc(NC(=O)CCCCCCC(=O)NO)cc2)cc(N=[N+]=[N-])c1,5.83,1
CHEMBL3417214,COc1cc2c(c(OC)c1OC)-c1ccc(OC)c(=O)cc1[C@@H](NCc1ccc(C(=O)Nc3cc(-c4cccs4)ccc3N)cc1)CC2,5.83,1
CHEMBL3417212,COc1cc2c(c(OC)c1OC)-c1ccc(OC)c(=O)cc1[C@@H](NC(=O)c1cccc(C(=O)Nc3cc(-c4cccs4)ccc3N)c1)CC2,5.83,1
CHEMBL3639548,CC(C)(Nc1ncc(C(=O)NO)cn1)c1ccc(F)cc1,5.83,1
CHEMBL3827262,Nc1ccc(-c2ccc(F)cc2)cc1NC(=O)C1C2COCC21,5.83,1
CHEMBL3920640,COCc1ccccc1C(=O)NCCCCCC(=O)Nc1ccccc1N,5.83,1
CHEMBL4639495,Cc1cc(C)c(CNC(=O)c2cnn(-c3cccc(NC(=O)CCCCCCC(=O)NO)c3)c2C)c(=O)[nH]1,5.83,2
CHEMBL5568268,CCCC(CCC)C(=O)N[C@@H](Cc1ccccc1)C(=O)NNc1ccccc1,5.83,1
CHEMBL485968,CC(NC(=O)c1ccc(C(=O)C(F)(F)F)s1)c1ccncc1,5.82,1
CHEMBL1808674,O=C(/C=C/C=C/CCCCc1ccc2c(c1)OCO2)NO,5.82,1
CHEMBL4293438,Nc1ccccc1NC(=O)CCCCCCC(=O)Nc1ccc(-c2cn(Cc3ccccc3)nn2)cc1,5.82,2
CHEMBL5204550,O=C(/C=C/c1csc(Br)n1)NO,5.82,1
CHEMBL5209328,CCCCCNNC(=O)c1ccc(-c2ccc(CNC(C)=O)cc2)cc1,5.82,1
CHEMBL5597574,N#CC1(CNc2cccc(-c3cc(Nc4cnn(CCCCCCC(=O)Nc5ccccc5N)c4)ncc3Cl)n2)CCOCC1,5.82,1
CHEMBL6169877,CC(C)[C@@H]1NC(=O)[C@]2(C)CSC(=N2)c2csc(n2)CNC(=O)C[C@@H](/C=C/CCNC(=O)CS)OC1=O,5.82,1
CHEMBL227118,O=C(CCCCCNC(=O)NC12CC3CC(CC(C3)C1)C2)NO,5.81,1
CHEMBL3735770,CCCCN(O)C(=O)c1cccc(NC(=O)CCCCCS[C@@H]2Cc3cc(O)ccc3[C@H]3CC[C@]4(C)[C@@H](O)CC[C@H]4[C@@H]32)c1,5.81,1
CHEMBL3968157,COCCNc1cc2ncc(C(=O)Nc3cc(-c4cccs4)ccc3N)cc2cc1C1CC1,5.81,1
CHEMBL3916160,Cc1ccc(C(=O)NCC/C=C/CC(=O)Nc2ccccc2N)cc1,5.81,1
CHEMBL4780428,C/C=C/CNNC(=O)c1ccc(CNC(=O)c2ccccc2)cc1,5.81,2
CHEMBL5081121,COc1ccc(-c2ncc(/C=C/C(=O)Nc3ccccc3N)s2)c(OC)c1OC,5.81,1
CHEMBL5174143,CC(C)c1cc(C(=O)N(C)Cc2ccc(C(=O)NO)cc2)c(O)cc1O,5.81,2
CHEMBL5286783,CCCCNNC(=O)c1ccc(Cl)cc1,5.81,2
CHEMBL2387320,O=C(CCCCCCC(=O)NC[C@H]1O[C@@H]2O[C@H]3[C@H](O)[C@@H](O)[C@@H](O[C@H]4[C@H](O)[C@@H](O)[C@@H](O[C@H]5[C@H](O)[C@@H](O)[C@@H](O[C@H]6[C@H](O)[C@@H](O)[C@@H](O[C@H]7[C@H](O)[C@@H](O)[C@@H](O[C@H]8[C@H](O)[C@@H](O)[C@@H](O[C@H]1[C@H](O)[C@H]2O)O[C@@H]8CO)O[C@@H]7CO)O[C@@H]6CO)O[C@@H]5CO)O[C@@H]4CO)O[C@@H]3CO)NO,5.8,1
CHEMBL3287020,Cc1nc(-c2nc(C(=O)N[C@H](C(=O)NCCCC(=O)NO)C(C)C)cs2)cs1,5.8,2
CHEMBL3655937,Cc1cccc(C)c1CNc1ncc(C(=O)NO)cn1,5.8,1
CHEMBL3944388,Nc1cc(F)ccc1NC(=O)CCCCCNC(=O)c1ccc(F)cc1,5.8,2
CHEMBL3986003,Nc1ccccc1NC(=O)CCCCCNC(=O)c1nnc[nH]1,5.8,1
CHEMBL4086409,CCCCC(CCCC(=O)NO)CCC(=O)Nc1ccccc1,5.8,1
CHEMBL4248785,CCc1c2c(nc3ccc(O)cc13)-c1cc3c(c(=O)n1C2)COC(=O)[C@@]3(CC)OC(=O)CNC(=O)CCCCCCC(=O)NO,5.8,1
CHEMBL5206738,CCNNC(=O)c1ccc(Cn2c3ccccc3c3cccnc32)cc1,5.8,1
CHEMBL5193180,CCCNNC(=O)c1ccc(CNC(C)=O)cc1,5.8,1
CHEMBL2425955,Cc1nc2cc(/C=C/C(=O)NO)ccc2c(=O)n1-c1ccccc1,5.8,1
CHEMBL5597775,O=C(CCCC(=O)Nc1ccc(Nc2ncc(Cl)c(OC3CCCCC3)n2)cc1)NO,5.8,1
CHEMBL5811673,O=C(NO)c1ccc2oc(-c3ccc(C(F)(F)F)cc3)nc2c1,5.8,1
CHEMBL6189020,CCCNNC(=O)CCCCCNC(=O)c1cnc(-c2ccc(Oc3ccccc3)cc2)s1,5.8,1
CHEMBL3287017,CC(C)[C@H](NC(=O)c1csc(-c2cscn2)n1)C(=O)NCCCC(=O)NO,5.79,2
CHEMBL3906837,O=C(NO)c1cnc(NC2(c3ccccc3)CCN(C(=O)OCc3ccccc3)CC2)nc1,5.79,1
CHEMBL3972758,CN(C(=O)N1CCC(Nc2ncc(C(=O)NO)cn2)(c2ccccc2)CC1)c1ccccc1,5.79,1
CHEMBL5072502,COc1ccc2[nH]cc(CCN(Cc3ccc(C(=O)NO)cc3)C(=O)/C=C/c3ccc(O)c(OC)c3)c2c1,5.79,2
CHEMBL5201672,CCNNC(=O)c1ccc(CN2c3ccccc3C=Cc3ccccc32)cc1,5.79,1
CHEMBL565289,O=C(O)CCCCC[C@@H]1NC(=O)[C@H](Cc2ccccc2)NC(=O)C[C@H](Cc2c[nH]c3ccccc23)NC(=O)[C@H](Cc2cccc3ccccc23)NC1=O,5.78,1
CHEMBL3622730,C/C=C1\NC(=O)c2csc(n2)CNC(=O)C[C@@H](/C=C/CCSC(=O)CCCCCCC)OC(=O)[C@H](C(C)C)NC1=O,5.78,1
CHEMBL5269722,CN(C)c1ccc(C(=O)NNCC2CCCC2)cc1,5.78,2
CHEMBL5618867,COc1cc(/C=C/C(=O)CC(=O)/C=C/c2ccc(/C=C/C(=O)NO)cc2)ccc1O,5.78,1
CHEMBL5879371,CCCNNC(=O)c1ccc2ccccc2c1,5.78,1
CHEMBL525529,O=C(c1ccc(C(=O)C(F)(F)F)s1)N1CCc2ccccc21,5.77,3
CHEMBL523588,O=C(NCCc1ccccc1)c1ccc(C(=O)C(F)(F)F)s1,5.77,1
CHEMBL2442696,COc1cc([C@@H]2c3cc4c(cc3[C@@H](Nc3ccc(NC(=O)CCCCC(=O)NO)cc3)[C@H]3COC(=O)[C@H]23)OCO4)cc(OC)c1O,5.77,1
CHEMBL3901649,Nc1ccccc1NC(=O)CCCCCNC(=O)c1cnccn1,5.77,1
CHEMBL4066043,O=C(NO)c1ccc(CC(=O)N(CCO)c2ccccc2)cc1,5.77,5
CHEMBL5764684,CC(C)c1ccc(-c2nc3cc(C(=O)NO)ccc3o2)cc1,5.77,1
CHEMBL6016332,O=C(NO)c1ccc2oc(-c3ccc(OC(F)(F)F)cc3)nc2c1,5.77,1
CHEMBL1093043,Cc1cccc(NC(=O)CCCCC(=O)NO)c1C,5.76,1
CHEMBL3655945,O=C(NO)c1cnc(NCCc2c(Cl)cccc2Cl)nc1,5.76,1
CHEMBL5204420,COc1cc(C(=O)c2csc(-c3ccc(NC(=O)CCCCCCC(=O)Nc4ccccc4N)cc3)n2)cc(OC)c1OC,5.76,1
CHEMBL3656019,O=C(NO)c1cnc(NC2(c3ccc(F)cc3)CCOCC2)nc1,5.75,1
CHEMBL3921933,Nc1ccc(F)cc1NC(=O)CCCCCNC(=O)c1ccc(F)cc1,5.75,2
CHEMBL3948528,O=C(NO)c1cnc(NC2(c3ccccc3)CCN(c3ccccc3)CC2)nc1,5.75,1
CHEMBL4069031,C[C@@H]1N=C(c2ccccc2)c2ccccc2N(CCCCC(=O)NO)C1=O,5.75,1
CHEMBL4069828,C[C@@H](O)[C@@H]1N=C(c2ccccc2)c2ccccc2N(CCCCC(=O)NO)C1=O,5.75,1
CHEMBL4743001,O=C(N[C@@H](CCCCNC(=O)c1cccc2c1CCC2)c1ncc(-c2ccc3ccccc3c2)[nH]1)c1cncs1,5.75,1
CHEMBL5078614,COc1ccc(-c2ncc(/C=C/C(=O)Nc3ccccc3N)s2)cc1,5.75,1
CHEMBL5194080,COc1cc(C(=O)c2csc(-c3ccc(NCC(=O)Nc4ccccc4N)cc3)n2)cc(OC)c1OC,5.75,1
CHEMBL5191436,CCNNC(=O)c1ccc(CN2c3ccccc3Sc3cccnc32)cc1,5.75,1
CHEMBL5266615,CCCCNNC(=O)c1ccc(F)cc1,5.75,3
CHEMBL5804151,O=C(NO)c1ccc2oc(-c3ccc(-c4ccccc4F)cc3)nc2c1,5.75,1
CHEMBL6013927,COc1ncccc1-c1ccc(-c2nc3cc(C(=O)NO)ccc3o2)cc1,5.75,1
CHEMBL6167986,O=C(Cc1ccc(/C=C/C(=O)c2ncc[nH]2)cc1)Nc1ccc(F)cc1,5.75,1
CHEMBL6177681,CCNNC(=O)c1ccc(CN2c3ccccc3C=Cc3ccncc32)cc1F,5.75,1
CHEMBL3828396,Nc1ccc(-c2ccc(F)cc2)cc1NC(=O)C1CCOCC1,5.74,2
CHEMBL3983635,CC1(C)C(=O)N(c2ccc(C#N)c(C(F)(F)F)c2)C(=S)N1c1ccc(C(=O)NCCCCCC(=O)NO)c(F)c1,5.74,1
CHEMBL3903253,O=C(NO)c1cnc(NC2(c3cccc(F)c3)CCC3(CC2)OCCO3)nc1,5.74,1
CHEMBL4247905,CC(C)c1cc(C(=O)N2CCc3cc(NC(=O)CCCCCCCC(=O)NO)ccc32)c(O)cc1O,5.74,1
CHEMBL5639390,Cn1c([C@@H](Cc2ccccc2)NCc2ccccc2)nc2cc(C(=O)NO)ccc21,5.74,1
CHEMBL1767043,CNC(=O)/C(CCCCCCNC(=O)c1cc(-c2cccc(N)c2)on1)=N/O,5.73,1
CHEMBL3652235,O=C(NO)c1cnc(Nc2cc(C(F)(F)F)cc(C(F)(F)F)c2)nc1,5.73,1
CHEMBL3896374,Nc1cnc(-c2ccccc2)cc1NC(=O)c1cnc2cc(N3CCNCC3)ccc2c1,5.73,1
CHEMBL5189799,CCNNC(=O)c1ccc(CN2c3ccccc3C=Cc3ccc(C(F)(F)F)cc32)cc1,5.73,1
CHEMBL5283177,Cc1cccc2c(C(=O)N3CCN(Cc4ccc(C(=O)NO)cc4)CC3)c[nH]c12,5.73,1
CHEMBL5815435,CCCCNNC(=O)c1cccc(C(F)(F)F)c1,5.73,1
CHEMBL6142369,Cc1c(F)c(N)cc(C(=O)Nc2cc(-c3ccc(NC(=O)c4ccc(CC(=O)NO)cc4)cc3)ccc2N2CCN(C)CC2)c1Cl,5.73,1
CHEMBL6191644,CCCNNC(=O)CCCCCCNC(=O)c1cnc(-c2ccc(Oc3ccccc3)cc2)s1,5.73,1
CHEMBL466459,CC(C)(C)OC(=O)Nc1ccc(-c2cc(C(=O)NCC(=O)Nc3ccc(-c4cc(C(=O)NO)no4)cc3)no2)cc1,5.72,1
CHEMBL2436594,CCCCCCCC(=O)SCC/C=C/[C@@H]1CC(=O)NCc2nc(co2)C2=N[C@@](C)(CS2)C(=O)N[C@@H](C(C)C)C(=O)O1,5.72,1
CHEMBL3655952,CC(C)(Nc1ncc(C(=O)NO)cn1)c1cccc(F)c1,5.72,1
CHEMBL3896998,Nc1ccc(-c2ccccc2)cc1NC(=O)c1ccc2c(c1)c(C1CC1)cn2CCN1CCOCC1,5.72,1
CHEMBL4237899,CC(C)c1cc(C(=O)N2CCc3cc(NC(=O)CCCCCCCCC(=O)NO)ccc32)c(O)cc1O,5.72,1
CHEMBL4633298,CCC(=O)CCCCCC(Oc1ccc2ccccc2c1)c1ncc(Cc2ccncc2)[nH]1,5.72,1
CHEMBL4779042,CCCCNNC(=O)CCc1ccccc1,5.72,2
CHEMBL4748203,O=C(N[C@@H](CCCCNC(=O)c1ccccc1-n1cccc1)c1ncc(-c2ccc3ccccc3c2)[nH]1)c1cncs1,5.72,1
CHEMBL5892761,O=C(NO)c1ccc2nc(-c3cccs3)[nH]c2c1,5.72,1
CHEMBL2046622,CC(c1ccc(NC(=O)c2ccc(-c3ccccc3)s2)nc1)N1CCc2nc(C(=O)NO)sc2C1,5.71,1
CHEMBL3417210,COc1cc2c(c(OC)c1OC)-c1ccc(OC)c(=O)cc1[C@@H](NC(=O)c1ccc(C(=O)Nc3cc(-c4cccs4)ccc3N)cc1)CC2,5.71,1
CHEMBL3894753,Nc1ccccc1NC(=O)CCCCCNC(=O)c1cnnc2ccccc12,5.71,1
CHEMBL3908924,Nc1ccccc1NC(=O)CCCCNC(=O)c1ccc2c(c1)OCCO2,5.71,1
CHEMBL4061157,NC(=O)CC[C@@H]1N=C(c2ccccc2)c2ccccc2N(CCCCC(=O)NO)C1=O,5.71,1
CHEMBL4556817,O=C(/C=C/c1ccc2c(c1)C(=O)c1ccccc1C2=O)NO,5.71,1
CHEMBL5542610,O=C(NO)c1ccc(CN(Cc2ccccc2)C(=O)c2ccccc2)cc1,5.71,1
CHEMBL55895,O=C(CCCc1ccccc1)NO,5.7,1
CHEMBL1767039,CNC(=O)/C(CCCCCCC(=O)Nc1cccc(-c2ccc(Cl)nc2)c1)=N\O,5.7,1
CHEMBL3894825,CC1(C)C(=O)N(c2ccc(C#N)c(C(F)(F)F)c2)C(=S)N1c1ccc(C(=O)OCCCCCC(=O)NO)c(F)c1,5.7,1
CHEMBL3940441,Nc1cc(F)ccc1NC(=O)CCCCCNC(=O)c1ccccn1,5.7,1
CHEMBL3977782,COc1ccc(C(=O)NCC/C=C/CC(=O)Nc2ccccc2N)cc1,5.7,1
CHEMBL3967312,Cc1ccccc1S(=O)(=O)N1CCC(Nc2ncc(C(=O)NO)cn2)(c2ccccc2)CC1,5.7,1
CHEMBL5206573,COc1cc(C(=O)c2csc(-c3ccc(C#CCCC(=O)Nc4ccccc4N)cc3)n2)cc(OC)c1OC,5.7,1
CHEMBL5574839,O=C(Cc1ccc2ncccc2c1)Nc1ccccc1O,5.7,1
CHEMBL3971832,CC(C)Cc1sc(-c2nccs2)nc1C(=O)NCCCCNC(=O)CS,5.69,1
CHEMBL4210107,COc1ccc(C(=O)c2ccc3c(ccn3Cc3ccc(/C=C/C(=O)NO)cc3)c2)cc1,5.69,1
CHEMBL4514330,CC(C)c1cc(C(=O)N(C)c2ccc(NC(=O)CCCCCCC(=O)NO)cc2)c(O)cc1O,5.69,1
CHEMBL5072579,Nc1ccccc1NC(=O)/C=C/c1cnc(-c2ccc3cc[nH]c3c2)s1,5.69,1
CHEMBL4435005,O=C(Cc1ccccc1)Nc1ccc(C(=O)NO)nc1,5.69,1
CHEMBL5415658,O=C(NCC12C[C@H]3C[C@@H](C1)C[C@@H](C2)C3)c1ccc2c(ccn2Cc2ccc(C(=O)NO)c(Cl)c2)c1,5.69,1
CHEMBL2442699,COc1cc([C@@H]2c3cc4c(cc3[C@@H](Nc3cccc(NC(=O)CCCCC(=O)NO)c3)[C@H]3COC(=O)[C@H]23)OCO4)cc(OC)c1O,5.68,1
CHEMBL3670674,Nc1ccccc1NC(=O)c1ccc(CNC(=O)c2[nH]c(-c3ccsc3)cc2-c2ccc(O)cc2)cc1,5.68,1
CHEMBL4079541,O=C(NO)c1ccc(CN(CCO)C(=O)Cc2ccccc2)cc1,5.68,1
CHEMBL5194437,O=C(NO)c1ccc(CC(=O)N(CCO)C(=O)Cc2ccccc2)cc1,5.68,1
CHEMBL5440469,CC(=O)Nc1ccc(C(=O)Nc2cc(-c3ccncc3)ccc2N)cc1,5.68,1
CHEMBL5750099,O=C(NO)c1ccc2nc(-c3ccc(-c4ccccc4)cc3)[nH]c2c1,5.68,1
CHEMBL3656017,O=C(NO)c1cnc(NC2(c3ccc(F)cc3)CCCC2)nc1,5.67,1
CHEMBL3939779,O=C(NO)c1cnc(NC2(c3ccccc3)CCN(C(=O)Nc3ccc(Cl)c(Cl)c3)CC2)nc1,5.67,1
CHEMBL565112,Cc1ccc(C(=O)N[C@@H](CCCNC(=N)N)C(=O)NCCC(=O)Nc2ccccc2N)cc1,5.66,1
CHEMBL2046623,CC(C)N(C(=O)/C=C/c1ccccc1)c1cccc(CN2CCc3nc(C(=O)NO)sc3C2)c1,5.66,1
CHEMBL3655933,CC(C)(Nc1ncc(C(=O)NO)cn1)c1ccccc1,5.66,1
CHEMBL4798549,CC(C)c1cc(C(=O)N2Cc3ccc(NC(=O)CCCCCC(=O)NO)cc3C2)c(O)cc1O,5.66,1
CHEMBL5208297,NC(=O)/C=C/c1ccc(COc2ccc(-n3cc4cccc(C(N)=O)c4n3)cc2)cc1,5.66,1
CHEMBL5184678,CC12CC3CC(C)(C1)CC(NC(=O)/C=C/c1ccc(C(=O)NO)cc1)(C3)C2,5.66,1
CHEMBL5987197,CCc1ccc(-c2nc3ccc(C(=O)NO)cc3[nH]2)cc1,5.66,1
CHEMBL3287019,Cc1nc(-c2nc(C(=O)N[C@H](C(=O)NCCC(=O)NO)C(C)C)cs2)cs1,5.65,2
CHEMBL3655965,O=C(NO)c1cnc(NC2(c3ccccc3)CCCC2)nc1,5.65,1
CHEMBL3959685,C=Cc1sc(-c2nccs2)nc1C(=O)NCCCNC(=O)CS,5.65,1
CHEMBL3909922,Cc1ccc(C(=O)NCCCCCC(=O)Nc2ccc3c(c2N)OCO3)cc1,5.65,1
CHEMBL5077674,COc1ccc(-c2ncc(/C=C/C(=O)Nc3ccccc3N)s2)cc1OC,5.65,1
CHEMBL5399941,O=C(NCC12C[C@H]3C[C@@H](C1)C[C@@H](C2)C3)c1ccc2c(ccn2Cc2ccc(C(=O)NO)c(Br)c2)c1,5.65,1
CHEMBL1093040,CCc1ccccc1NC(=O)CCCCC(=O)NO,5.64,1
CHEMBL3655972,O=C(NO)c1cnc(NC2(c3ccccc3)CCOCC2)nc1,5.64,1
CHEMBL3827611,Nc1ccc(-c2ccc(F)cc2)cc1NC(=O)[C@@H]1C[C@H]2CC[C@@H](C1)O2,5.64,1
CHEMBL3920131,Nc1cc(F)ccc1NC(=O)CCCCCNC(=O)c1nccs1,5.64,2
CHEMBL5206154,O=C(/C=C/C=C/c1csc(Br)n1)NO,5.64,1
CHEMBL5746424,O=C(NO)c1ccc2nc(-c3cccc4cccnc34)sc2c1,5.64,1
CHEMBL6051988,CCCCNNC(=O)c1ccc(-c2cncnc2)cc1,5.64,1
CHEMBL3948651,Nc1ccccc1NC(=O)CCCCCNC(=O)c1ccno1,5.63,1
CHEMBL5197272,CCNNC(=O)c1ccc(Cn2c3ccccc3c3ccccc32)cc1,5.63,1
CHEMBL5575926,O=C(NOCCN1CCOCC1)c1ccc(-c2noc(C(F)(F)F)n2)cc1,5.63,1
CHEMBL3287265,CC(C)(O)Cc1sc(-c2nccs2)nc1C(=O)NCCCCC(=O)NO,5.62,2
CHEMBL3655951,CC(C)(Nc1ncc(C(=O)NO)cn1)c1ccc(C(F)(F)F)cc1,5.62,1
CHEMBL3907690,Nc1ccccc1NC(=O)CCCCCNC(=O)c1ccnnc1,5.62,1
CHEMBL4451623,CC[C@H](Nc1ncnc2[nH]cnc12)c1nc2cccc(CCCCCC(=O)NO)c2c(=O)n1-c1ccccc1,5.62,1
CHEMBL5641926,COC(=O)c1ccc(CNC(=O)[C@H](CC(C)C)NC(=O)[C@@H](O)[C@H](N)Cc2ccccc2)cc1.Cl,5.62,1
CHEMBL5986923,CC(C)Oc1ccc(-c2nc3ccc(C(=O)NO)cc3[nH]2)cc1,5.62,1
CHEMBL6148413,Cc1c(F)c(N)cc(C(=O)Nc2cc(-c3ccc(NC(=O)CCCC(=O)NO)cc3)ccc2N2CCN(C)CC2)c1Cl,5.62,1
CHEMBL3925038,O=C(NO)c1cnc(NC2(c3ccccc3)CCN(S(=O)(=O)c3cccc(F)c3)CC2)nc1,5.61,1
CHEMBL6045193,CCCCNNC(=O)c1ccc([N+](=O)[O-])cc1,5.61,1
CHEMBL3938587,Cc1ccc(S(=O)(=O)N2CCC(Nc3ncc(C(=O)NO)cn3)(c3ccccc3)CC2)cc1,5.6,1
CHEMBL5412573,CCCCN(Cc1ccc(C(=O)NO)cc1)C(=O)CCCCn1cc(COc2cccc(Cc3cnc(NC(=O)CSc4nc(C)cc(C)n4)s3)c2)nn1,5.6,1
CHEMBL4095398,O=C(CCCCN1C(=O)[C@H](CCC(=O)NO)N=C(c2ccccc2)c2ccccc21)NO,5.59,1
CHEMBL4062026,O=C(CCCCN1C(=O)[C@H](Cc2cncn2C(c2ccccc2)(c2ccccc2)c2ccccc2)N=C(c2ccccc2)c2ccccc21)NO,5.59,1
CHEMBL4214502,COc1ccc(C(=O)c2ccc3c(ccn3S(=O)(=O)c3ccc(/C=C/C(=O)NO)cc3)c2)cc1,5.59,1
CHEMBL2046610,O=C(Nc1ccc(C(=O)N2CCc3nc(C(=O)NO)sc3C2)cc1)c1ccc(-c2ccccc2)s1,5.58,1
CHEMBL3356936,Cc1cccc(CCNC(=O)CCCCCCS)c1,5.58,1
CHEMBL4245392,CC(C)c1cc(C(=O)N2CCc3cc(NC(=O)CCCCC(=O)NO)ccc32)c(O)cc1O,5.58,1
CHEMBL4752816,CCCCNNC(=O)c1cccnc1,5.58,4
CHEMBL3356932,O=C(CCCCCCS)NCc1ccc(C(F)(F)F)cc1,5.57,1
CHEMBL3910638,O=C(NO)c1cnc(NC2(c3ccccc3)CCN(S(=O)(=O)c3ccc(C(F)(F)F)cc3)CC2)nc1,5.57,1
CHEMBL4515877,C=C(CC1c2ccccc2C(=C)CN1Cc1ccc(C(=O)Nc2ccccc2N)cc1)c1ccccc1,5.57,1
CHEMBL6144791,Cc1c(F)c(N)cc(C(=O)Nc2cc(-c3ccc(C(=O)NCCCCC(=O)NO)cc3)ccc2N2CCN(C)CC2)c1Cl,5.57,1
CHEMBL6019823,Cc1ccc(/C=C/CC(=O)Nc2ccc(C(=O)Nc3ccc(F)cc3N)cn2)cn1,5.56,2
CHEMBL398884,O=C(Nc1cc(-c2ccccc2)ccc1O)c1cccs1,5.55,1
CHEMBL405072,Nc1ccccc1NC(=O)c1ccccc1,5.55,1
CHEMBL485771,O=C(c1ccc(C(=O)C(F)(F)F)s1)N1CCC(c2nnc(-c3ccccc3)o2)CC1,5.55,1
CHEMBL471041,O=C(/C=C/c1ccc(/C=N/OCc2c(F)c(F)c(F)c(F)c2F)cc1)NO,5.55,1
CHEMBL3287007,CCCCCCCC(=O)SCC/C=C/COC(=O)[C@@H](NC(=O)c1csc(-c2cscn2)n1)C(C)C,5.55,2
CHEMBL4741850,CC(C)c1cc(C(=O)N2Cc3ccc(NC(=O)CCCCC(=O)NO)cc3C2)c(O)cc1O,5.55,1
CHEMBL4872337,CC12CC3CC(C)(C1)CC(NCc1ccc(/C=C/C(=O)NO)cc1)(C3)C2,5.55,1
CHEMBL5917068,O=C(NO)c1ccc2nc(-c3ccccc3-c3ccccc3)[nH]c2c1,5.55,1
CHEMBL498778,COc1ccc(CNC(=O)c2ccc(C(=O)C(F)(F)C(F)(F)F)s2)cc1,5.54,1
CHEMBL2018302,CN1CCc2c(c3ccccc3n2Cc2ccc(C(=O)NO)cc2)C1,5.54,5
CHEMBL3655963,CC(C)(Nc1ncc(C(=O)NO)cn1)c1ccc(C(F)(F)F)cc1F,5.54,1
CHEMBL3952593,O=C(CCCCNC(=O)c1nc(-c2ncc([N+](=O)[O-])s2)sc1C1CC1)NO,5.54,1
CHEMBL4064944,CCCCCCC(CCCC(=O)NO)CCC(=O)Nc1ccccc1,5.54,1
CHEMBL4872845,CC12CC3CC(C)(C1)CC(NS(=O)(=O)c1cccc(/C=C/C(=O)NO)c1)(C3)C2,5.54,1
CHEMBL5415687,O=C(c1ccc(C(=O)C(F)(F)C(F)(F)F)s1)N1CCc2ccccc21,5.54,1
CHEMBL3356934,O=C(CCCCCCS)NCc1cccc(OCc2ccccc2)c1,5.53,1
CHEMBL5070026,COc1cc(-c2ncc(/C=C/C(=O)Nc3ccccc3N)s2)cc(OC)c1OC,5.53,1
CHEMBL5907544,Cc1ccc(CCCC(=O)Nc2ccc(C(=O)Nc3ccccc3N)nc2)cn1,5.53,1
CHEMBL567457,CC1(C)NC(=O)C[C@H](Cc2c[nH]c3ccccc23)NC(=O)[C@H](Cc2cccc3ccccc23)NC(=O)[C@H](CCCCCC(=O)O)NC1=O,5.52,1
CHEMBL3974241,Nc1cc(F)ccc1NC(=O)CCCCCNC(=O)c1cccnc1,5.52,1
CHEMBL4078458,COc1ccc(/C=C/C(=O)NO)c(-c2ccc(-c3ccccc3)cc2)c1,5.52,2
CHEMBL4778826,COc1ccc(/C=C/C(=O)c2nnn(-c3ccc(Cl)cc3)c2C)cc1OC,5.52,1
CHEMBL5198176,CCCCCCNNC(=O)c1cnc(NCc2ccccc2)nc1,5.52,1
CHEMBL5756677,Cn1cc(/C=C/C(=O)Nc2ccc(F)cc2N)cn1,5.52,2
CHEMBL5934550,Cc1nc(/C=C/C(=O)Nc2ccccc2N)co1,5.52,2
CHEMBL6033103,O=C(NO)c1ccc2nc(-c3ccccc3C(F)(F)F)[nH]c2c1,5.52,1
CHEMBL5929946,CC(=O)Nc1cc(-c2cccs2)ccc1N,5.52,1
CHEMBL5873964,CC(=O)Nc1cc(-c2ccccc2)ccc1N,5.52,1
CHEMBL6001399,Nc1ccccc1NC(=O)C1CCCCC1,5.52,1
CHEMBL5796634,NC(=O)C(=O)Nc1cc(-c2cccs2)ccc1N,5.52,1
CHEMBL6002677,C=Cc1ccc(N)c(NC(=O)N2CCCC2)c1,5.52,1
CHEMBL6029999,CC(C)C(=O)Nc1cc(-c2cccs2)ccc1N,5.52,1
CHEMBL5971852,Nc1ccc(-c2cccs2)cc1NC(=O)C1CC1,5.52,1
CHEMBL5897740,Nc1ccc(-c2cccs2)cc1NC(=O)C1CCC1,5.52,1
CHEMBL5784501,Nc1ccc(-c2cccs2)cc1NC(=O)C1CCOCC1,5.52,1
CHEMBL5900933,Nc1ccc(-c2cccs2)cc1NC(=O)C1=CCCC1,5.52,1
CHEMBL5962972,CCCOC(=O)Nc1cc(-c2cccs2)ccc1N,5.52,1
CHEMBL5176393,CC(=O)N1CCC(C(=O)Nc2cc(-c3cccs3)ccc2N)CC1,5.52,1
CHEMBL5989744,CN1CCC(C(=O)Nc2cc(-c3cccs3)ccc2N)CC1=O,5.52,1
CHEMBL5755237,Nc1ccc(-c2ccc(Cl)s2)cc1NC(=O)C1CCOCC1,5.52,1
CHEMBL6025201,CC(=O)N1CCC(COC(=O)Nc2cc(-c3cccs3)ccc2N)CC1,5.52,1
CHEMBL5876772,Nc1ccc(-c2cccs2)cc1NC(=O)OCc1ccccc1,5.52,1
CHEMBL5933518,CC(C)COC(=O)Nc1cc(-c2cccs2)ccc1N,5.52,1
CHEMBL5754429,Nc1ccc(-c2cccs2)cc1NC(=O)C1CC(=O)C1,5.52,1
CHEMBL5974061,Nc1ccc(-c2cccs2)cc1NC(=O)OCC1CCOCC1,5.52,1
CHEMBL5812090,CC(=O)N1CCC(C(=O)Nc2cc(C3=CCCC3)ccc2N)CC1,5.52,1
CHEMBL5892854,CC(=O)N1CC2C(C1)C2C(=O)Nc1cc(-c2cccs2)ccc1N,5.52,1
CHEMBL5971959,Nc1ccc(-c2ccc(F)cc2)cc1NC(=O)C1=CCCC1,5.52,1
CHEMBL5902890,Nc1ccc(-c2cccs2)cc1NC(=O)OCc1cccnc1,5.52,1
CHEMBL5928087,Nc1ccc(-c2cccs2)cc1NC(=O)OCc1ccccn1,5.52,1
CHEMBL5741285,Nc1ccc(-c2cccs2)cc1NC(=O)OCc1ccncc1,5.52,1
CHEMBL6049685,Nc1ccc(-c2ccc(F)cc2)cc1NC(=O)C1CCCCC1,5.52,1
CHEMBL5757591,CC(=O)N1CCC(COC(=O)Nc2cc(-c3ccc(F)cc3)ccc2N)CC1,5.52,1
CHEMBL6064722,Nc1ccc(-c2cccs2)cc1NC(=O)OCC1COC1,5.52,1
CHEMBL5906784,Nc1ccc(-c2cccs2)cc1NC(=O)OCC1CCC1,5.52,1
CHEMBL5809219,Nc1ccc(-c2cccs2)cc1NC(=O)C1CCCCO1,5.52,1
CHEMBL6015573,CCCNC(=O)Nc1cc(-c2cccs2)ccc1N,5.52,1
CHEMBL5837624,CC(C)NC(=O)Nc1cc(-c2cccs2)ccc1N,5.52,1
CHEMBL5874378,Nc1ccc(-c2cccs2)cc1NC(=O)N1CCCC1,5.52,1
CHEMBL5978579,Nc1ccc(-c2cccs2)cc1NC(=O)NCC1CC1,5.52,1
CHEMBL5979351,Nc1ccc(-c2cccs2)cc1NC(=O)N1CCC1,5.52,1
CHEMBL5779856,CN(C)C(=O)Nc1cc(-c2cccs2)ccc1N,5.52,1
CHEMBL5904780,Nc1ccc(C2CC2)cc1NC(=O)N1CCCC1,5.52,1
CHEMBL5775686,Nc1ccc(-c2cccs2)cc1NC(=O)NC1CC1,5.52,1
CHEMBL5983339,Nc1ccc(-c2cccs2)cc1NC(=O)N1CC(F)C1,5.52,1
CHEMBL5923575,Nc1ccc(-c2ccc(Cl)s2)cc1NC(=O)N1CCCC1,5.52,1
CHEMBL5916619,C[C@H]1CCCN1C(=O)Nc1cc(-c2cccs2)ccc1N,5.52,1
CHEMBL5860094,CC(=O)NCC1CN(C(=O)Nc2cc(-c3cccs3)ccc2N)C1,5.52,1
CHEMBL5873567,CC(=O)NC1C2CN(C(=O)Nc3cc(C4=CCCCC4)ccc3N)CC21,5.52,1
CHEMBL5925056,Nc1ccc(-c2cccs2)cc1NC(=O)N(N)Cc1ccccc1,5.52,1
CHEMBL5863398,NNC(=O)Nc1cc(-c2cccs2)ccc1N,5.52,1
CHEMBL5983709,Nc1ccc(-c2ccc(F)cc2)cc1NC(=O)N1CCOCC1,5.52,1
CHEMBL5948434,Nc1ccc(-c2ccc(F)cc2)cc1NC(=O)N1CCCC1,5.52,1
CHEMBL5817463,Nc1ccc(-c2cccs2)cc1NC(=O)N1CC2(COC2)C1,5.52,1
CHEMBL5856390,Nc1ccc(-c2ccc(F)cc2)cc1NC(=O)N(N)Cc1ccccc1,5.52,1
CHEMBL5944351,CC(=O)N1CCC(CNC(=O)Nc2cc(-c3cccs3)ccc2N)CC1,5.52,1
CHEMBL5793327,CC(=O)N1CCCC(COC(=O)Nc2cc(-c3cccs3)ccc2N)C1,5.52,1
CHEMBL5866801,Nc1ccc(-c2cccs2)cc1NC(=O)OCC1CCCCO1,5.52,1
CHEMBL6013755,Nc1ccc(-c2ccc(F)cc2)cc1NC(=O)OCC1CCOCC1,5.52,1
CHEMBL5857161,Nc1ccc(-c2cccs2)cc1NC(=O)C1CCCO1,5.52,1
CHEMBL497331,O=C(NCC1CCCCC1)c1ccc(C(=O)C(F)(F)F)s1,5.51,1
CHEMBL4072925,NC(=O)C[C@@H]1N=C(c2ccccc2)c2ccccc2N(CCCCC(=O)NO)C1=O,5.51,1
CHEMBL5170140,C#Cc1nc(/C=C/C=C/C(=O)NO)cs1,5.51,1
CHEMBL242039,CCSC(=S)SCC(=O)c1ccc(OC)cc1,5.5,1
CHEMBL470843,Cl.O=C(/C=C/c1ccc(-c2cc(CN3CCOCC3)on2)cc1)NO,5.5,1
CHEMBL514503,Nc1ccc(-c2ccc(F)cc2)cc1NC(=O)c1ccc(C(=O)N2CCC3(CCCN3)CC2)cc1,5.5,1
CHEMBL1165571,C[C@H](CCCC(=O)NO)[C@H]1CC[C@H]2/C(=C/C=C3C[C@@H](O)C[C@H](O)C3)CCC[C@]12C,5.5,1
CHEMBL3287016,CC(C)[C@H](NC(=O)c1csc(-c2cscn2)n1)C(=O)NCCC(=O)NO,5.5,2
CHEMBL3622728,C/C=C1\NC(=O)c2csc(n2)[C@@H](C(C)C)NC(=O)C[C@@H](/C=C/CCSC(=O)CCCCCCC)OC(=O)[C@H](C(C)C)NC1=O,5.5,1
CHEMBL3735995,C[C@]12CC[C@@H]3c4ccc(O)cc4C[C@@H](CCCCCCCCCCC(=O)Nc4ccccc4N)[C@H]3[C@@H]1CC[C@@H]2O,5.5,1
CHEMBL3892568,O=C(NO)c1cnc(NC2(c3ccccc3)CCN(S(=O)(=O)c3ccc(Cl)cc3)CC2)nc1,5.5,1
CHEMBL5172937,CCNNC(=O)c1ccc(CN2c3ccccc3Oc3ccccc32)cc1,5.5,1
CHEMBL3770345,Nc1ccccc1NC(=O)CCCCNC(=O)c1nc(-c2nccs2)sc1C1CC1,5.49,1
CHEMBL4074830,O=C(CCCNC(=O)C[C@@H]1N=C(c2ccccc2)c2ccccc2NC1=O)NO,5.49,1
CHEMBL5178565,COc1ccc(CNC(=O)c2cc(F)ccc2N2CCOCC2)cc1OCC(=O)NO,5.49,1
CHEMBL3526942,Cc1[nH]c2cc(O)ccc2c1CCNCc1ccc(/C=C/C(N)=O)cc1,5.48,1
CHEMBL6175996,CN(C)c1ccc(C(=O)N(CCCCCCNC(=O)c2ccccc2O)CC(=O)NCc2ccccc2)cc1,5.48,1
CHEMBL552949,Nc1ccccc1NC(=O)CCCCC[C@H](NC(=O)[C@@H]1CCCN1C(=O)[C@@H](N)Cc1ccccc1)C(=O)Nc1ccccc1N,5.47,1
CHEMBL3656023,O=C(NO)c1cnc(NC2(c3cccs3)CCCCC2)nc1,5.47,1
CHEMBL4857970,Cn1c(SCCCCCC(=O)NO)nnc1-c1ccncc1,5.47,1
CHEMBL5904614,CC(C)c1ccc(-c2nc3ccc(C(=O)NO)cc3[nH]2)cc1,5.47,1
CHEMBL447397,CCOC(=O)c1ccc(C(=O)C(F)(F)F)s1,5.46,1
CHEMBL3655987,CC1(Nc2ncc(C(=O)NO)cn2)CCCCC1,5.46,1
CHEMBL4872595,CC12CC3CC(C)(C1)CC(NC(=O)CCCCCCCCC(=O)NO)(C3)C2,5.46,1
CHEMBL4877454,CCCCC[C@H](NC(=O)C1CN(C)C1)c1ncc(-c2cc3ccccc3nc2OC)[nH]1,5.46,1
CHEMBL5193181,COc1cc(C(=O)c2csc(-c3ccc(NC(=O)c4ccc(C(=O)Nc5ccccc5N)cc4)cc3)n2)cc(OC)c1OC,5.46,1
CHEMBL5757606,CC(C)c1ccc(Nc2nc3cc(C(=O)NO)ccc3o2)cc1,5.46,1
CHEMBL6191462,CCCNNC(=O)CCCCCCNC(=O)c1cnc(-c2ccc(Br)cc2)s1,5.46,1
CHEMBL3287009,CCCCCCCC(=O)SCC/C=C/COC(=O)[C@@H](NC(=O)c1csc(-c2csc(C)n2)n1)C(C)C,5.45,2
CHEMBL3947383,O=C(NO)c1cnc(NC2(c3ccccc3)CCN(S(=O)(=O)c3ccccc3)CC2)nc1,5.45,1
CHEMBL4065117,COc1ccc(C(=O)N[C@@H](Cc2c[nH]c3ccccc23)C(=O)NCCCCCC(=O)Nc2cc(-c3cccs3)ccc2N)cc1,5.45,1
CHEMBL5596921,COc1cc(F)ccc1-c1cc(Nc2ccc(/C=C/C(=O)Nc3ccccc3N)cc2)ncc1F,5.45,1
CHEMBL5624856,C=C(c1ccc(OC)c(OC(F)C(=O)NO)c1)c1cc(C)nc2ccccc12,5.45,1
CHEMBL236678,Nc1ccccc1NC(=O)c1cccnc1,5.44,1
CHEMBL566817,O=C(O)CCCCC[C@@H]1NC(=O)[C@H](Cc2c(F)c(F)c(F)c(F)c2F)NC(=O)C[C@H](Cc2ccc(O)cc2)NC(=O)[C@H](Cc2cccc3ccccc23)NC1=O,5.44,1
CHEMBL3916454,Nc1ccccc1NC(=O)CCCCCNS(=O)(=O)c1ccc(F)cc1,5.44,3
CHEMBL5185889,O=C(NO)c1ccc(Cn2sc3ccccc3c2=O)cc1,5.43,1
CHEMBL6171875,CCNNC(=O)c1ccc(CN2c3ccccc3C=Cc3ccncc32)c(F)c1,5.43,1
CHEMBL3934705,O=C(CCCNC(=O)c1nc(-c2nccs2)sc1C1CC1)NO,5.42,1
CHEMBL3956299,CC(C)Cc1sc(-c2nccs2)nc1C(=O)NCCCCC(=O)Nc1ccccc1N,5.42,1
CHEMBL3892427,CCON1CCC(Nc2ncc(C(=O)NO)cn2)(C(C)C)CC1,5.42,1
CHEMBL3692688,CCN(CC)CCNC(=O)c1ccc(-c2noc(C(F)(F)F)n2)cc1,5.42,1
CHEMBL4209463,Cc1ccc(C(=O)c2ccc3c(ccn3Cc3ccc(C(=O)NO)cc3)c2)cc1,5.41,1
CHEMBL4750257,O=C(N[C@@H](CCCCNC(=O)c1ccccc1OC(F)(F)F)c1ncc(-c2ccc3ccccc3c2)[nH]1)c1cncs1,5.41,1
CHEMBL2323285,CCCCCCCC(=O)SCC/C=C/[C@@H]1CC(=O)NCc2nc(cs2)-c2nnn(n2)CC(=O)N[C@@H](C(C)C)C(=O)O1,5.4,1
CHEMBL3655991,COc1ccc(C2(Nc3ncc(C(=O)NO)cn3)CCCCC2)cc1,5.4,1
CHEMBL4437432,O=C(NO)c1ccc2c(c1)C(=O)c1ccccc1C2=O,5.4,1
CHEMBL4747757,CC(C)c1cc(C(=O)N2Cc3ccc(/C=C/C(=O)NO)cc3C2)c(O)cc1O,5.4,1
CHEMBL5185697,COc1cc(C(=O)c2csc(-c3ccc(NC(=O)/C=C/C(=O)Nc4ccccc4N)cc3)n2)cc(OC)c1OC,5.4,1
CHEMBL5174152,CCNNC(=O)c1ccc(CN2c3ccccc3Sc3ccccc32)cc1,5.4,1
CHEMBL5205184,CCNNC(=O)c1ccc(CN2c3ccccc3CCc3ccccc32)cc1,5.4,1
CHEMBL5867705,CCCCNNC(=O)c1ccc(OC)cc1OC,5.4,1
CHEMBL472631,O=C(/C=C/c1ccc(/C=N/OCCN2CCOCC2)cc1)NO,5.39,1
CHEMBL6174424,CC(C)[C@@H]1NC(=O)[C@]2(C)CSC(=N2)c2csc(n2)CNC(=O)C[C@@H](/C=C/CCC(=O)Nc2ccccc2N)OC1=O,5.39,1
CHEMBL4064784,CC(C)(C)OC(=O)C[C@@H]1N=C(c2ccccc2)c2ccccc2N(CCCCC(=O)NO)C1=O,5.38,1
CHEMBL4218266,COc1ccc(C(=O)c2ccc3c(ccn3Cc3ccc(C(=O)NO)cc3)c2)cc1,5.38,1
CHEMBL4871275,CC12CC3CC(C)(C1)CC(NC(=O)CCCCCCCC(=O)NO)(C3)C2,5.38,1
CHEMBL550573,Cc1ccc(C(=O)NCC(=O)NCCC(=O)Nc2ccccc2N)cc1,5.37,1
CHEMBL3655975,O=C(NO)c1cnc(NC2(c3cccs3)CC2)nc1,5.37,1
CHEMBL3918869,CC(C)Cc1sc(-c2nccs2)nc1C(=O)NCCCCCC(=O)Nc1ccccc1N,5.37,1
CHEMBL4081545,O=C(CCCCN1C(=O)[C@H](CC(=O)NC(c2ccccc2)(c2ccccc2)c2ccccc2)N=C(c2ccccc2)c2ccccc21)NO,5.37,1
CHEMBL4100229,Cc1c(C)c(S(=O)(=O)NC(=N)NCCC[C@@H]2N=C(c3ccccc3)c3ccccc3N(CCCCC(=O)NO)C2=O)c(C)c2c1OC(C)(C)C2,5.37,1
CHEMBL473479,Nc1ccc(-c2cccs2)cc1NC(=O)c1ccc(C(=O)N2CCC3(CCCN3)CC2)cc1,5.36,1
CHEMBL4215954,O=C(NO)c1ccc(Cn2ccc3cc(C(=O)c4ccc(F)cc4)ccc32)cc1,5.36,1
CHEMBL4740842,CC(C)c1cc(C(=O)N2Cc3ccc(NC(=O)CCCC(=O)NO)cc3C2)c(O)cc1O,5.36,1
CHEMBL3919705,N[C@@H](Cc1c[nH]c2ccccc12)C(=O)Nc1ccccc1-c1ccc(NC(=O)CCCCCNC(=O)CS)cc1,5.36,1
CHEMBL1767044,CNC(=O)/C(CCCCCCNC(=O)c1cc(-c2ccc(N)cc2)on1)=N/O,5.35,1
CHEMBL2431862,Cn1cccc1C(=O)NCc1ccc(C(=O)NO)cc1,5.35,2
CHEMBL3655969,CC(C)(Nc1ncc(C(=O)NO)cn1)c1cc(C(F)(F)F)cc(C(F)(F)F)c1,5.35,1
CHEMBL3939677,Cc1ccc(C(=O)NCCOCCC(=O)Nc2ccccc2N)cc1,5.35,1
CHEMBL4637098,CCC(=O)CCCCCC(Oc1ccc2ccccc2c1)c1ncc(Cc2ccccc2)[nH]1,5.35,1
CHEMBL5881234,CC(C)c1ccc(-c2nc3cc(C(=O)NO)ccc3n2C)cc1,5.35,1
CHEMBL496511,CN(Cc1ccccc1)Cc1ccc(C(=O)C(F)(F)F)s1,5.34,1
CHEMBL556332,O=C(/C=C/c1ccc(-c2ccc(O)cc2)cc1)NO,5.34,1
CHEMBL3655961,O=C(NO)c1cnc(NC2(c3ccccc3)CCCCC2)nc1,5.34,1
CHEMBL5200361,CCNNC(=O)c1ccc(Cn2c3ccccc3c3cnccc32)cc1,5.34,1
CHEMBL3109980,O=C(NO)[C@@H]1[C@H](c2ccccc2)[C@H]1c1cc(Cl)c2c(c1)OCCO2,5.33,1
CHEMBL3655956,CC(Nc1ncc(C(=O)NO)cn1)(c1ccccc1)c1ccccc1,5.33,1
CHEMBL473478,Nc1ccc(-c2ccc(F)cc2)cc1NC(=O)c1ccc(CN2CCC3(CCNC3)CC2)cc1,5.32,1
CHEMBL2046620,CC(c1ccc(NC(=O)/C=C/c2ccccc2)nc1)N1CCc2nc(C(=O)NO)sc2C1,5.32,1
CHEMBL3969378,Nc1ccccc1NC(=O)C/C=C/CCNC(=O)c1ccc(F)cc1,5.32,1
CHEMBL2046618,O=C(NCCCCN1CCc2nc(C(=O)NO)sc2C1)c1ccc(-c2ccccc2)s1,5.31,1
CHEMBL3655943,C[C@H](Nc1ncc(C(=O)NO)cn1)c1ccccc1,5.31,2
CHEMBL4085884,O=C(CCCCN1C(=O)[C@H](CO)N=C(c2ccccc2)c2ccccc21)NO,5.31,1
CHEMBL5079646,COc1cccc(-c2ncc(/C=C/C(=O)Nc3ccccc3N)s2)c1,5.31,1
CHEMBL5271192,CN(C)c1cccc2c(SNCCCCCC(=O)NO)cccc12,5.31,1
CHEMBL1093358,Cc1cccc(C)c1NC(=O)CCCCC(=O)NO,5.3,1
CHEMBL4763013,CCCCNNC(=O)c1ccco1,5.3,2
CHEMBL4794128,CN(C)c1ccccc1C(=O)NCCCC[C@H](NC(=O)c1cncs1)c1ncc(-c2ccc3ccccc3c2)[nH]1,5.3,1
CHEMBL473484,Nc1ccc(-c2ccccc2)cc1NC(=O)c1ccc(C(=O)N2CCC3(CCCN3)CC2)cc1,5.29,1
CHEMBL2046614,O=C(NCCCN1CCc2nc(C(=O)NO)sc2C1)c1ccc(-c2ccccc2)s1,5.29,1
CHEMBL4061259,O=C(CCCNC(=O)CC[C@@H]1N=C(c2ccccc2)c2ccccc2NC1=O)NO,5.29,1
CHEMBL4210907,COc1cccc(C(=O)c2ccc3c(ccn3Cc3ccc(C(=O)NO)cc3)c2)c1,5.29,1
CHEMBL4470373,O=C(NO)c1cc(F)c(Cn2nnc(-c3ncccn3)n2)c(F)c1,5.29,1
CHEMBL5076163,COc1ccc(-c2ncc(/C=C/C(=O)NO)s2)cc1,5.29,1
CHEMBL4083033,O=C(CCCCN1C(=O)[C@H](Cc2ccc(O)cc2)N=C(c2ccccc2)c2ccccc21)NO,5.28,1
CHEMBL4083761,CC(C)(C)OC(=O)n1c(C[C@@H]2N=C(c3ccccc3)c3ccccc3N(CCCCC(=O)NO)C2=O)cc2ccccc21,5.28,1
CHEMBL4878011,CCCCCCCC[C@H](NC(=O)C1CN(C)C1)c1ncc(-c2cc3ccccc3nc2OC)[nH]1,5.28,1
CHEMBL5191354,COc1cc([C@@H]2c3cc4c(cc3C[C@H]3COC(=O)[C@@H]32)OCO4)cc(OC)c1OC(=O)CC(=O)Nc1ccc(C(=O)Nc2ccccc2N)cc1,5.28,1
CHEMBL5283887,CN(C)Cc1ccc(C(=O)Nc2cc(-c3ccccc3)ccc2N)cc1,5.28,1
CHEMBL5631820,COc1ccc(CN(C(=O)Cc2ccc(C(=O)Nc3ccccc3N)cc2)c2cc(OC)c(OC)c(OC)c2)cc1O,5.28,1
CHEMBL471466,CN(Cc1ccc(C(=O)Nc2cc(-c3ccccc3)ccc2N)cc1)c1ccncc1,5.27,1
CHEMBL2204664,CC(C)(C)C(CCCCC(=O)NO)CC(=O)Nc1ccccc1,5.27,1
CHEMBL3394285,O=C(/C=C/c1ccc(C(F)(F)F)cc1)NO,5.27,1
CHEMBL3955013,CC1(C)C(=O)N(c2ccc(C#N)c(C(F)(F)F)c2)C(=S)N1c1ccc(C(=O)Nc2ccccc2N)c(F)c1,5.27,1
CHEMBL4242465,CCc1c2c(nc3ccc(O)cc13)-c1cc3c(c(=O)n1C2)COC(=O)[C@@]3(CC)OC(=O)CCCCCCCCCC(=O)NO,5.27,1
CHEMBL563287,Nc1ccccc1NC(=O)CCCCC[C@@H]1NC(=O)[C@@H]2CCCN2C(=O)[C@H](Cc2ccccc2)NC(=O)[C@H](Cc2ccccc2)NC1=O,5.25,1
CHEMBL4086561,COc1ccc(C(=O)N[C@@H](Cc2c[nH]c3ccccc23)C(=O)NCCCCCC(=O)Nc2cc(-c3ccccc3)ccc2N)cc1,5.25,1
CHEMBL473475,Nc1ccc(-c2cccc(F)c2)cc1NC(=O)c1ccc(CN2CCC3(CCCN3)CC2)cc1,5.24,1
CHEMBL2046621,COc1ccc(/C=C/C(=O)Nc2ccc(C(C)N3CCc4nc(C(=O)NO)sc4C3)cn2)cc1,5.24,1
CHEMBL3655973,CC(Nc1ncc(C(=O)NO)cn1)(c1ccc(F)cc1)c1ccc(F)cc1,5.24,1
CHEMBL3827766,Nc1ccc(-c2ccc(F)cc2)cc1NC(=O)[C@H]1CCCCO1,5.24,1
CHEMBL3907191,Nc1ccccc1NC(=O)C/C=C/CCNC(=O)c1ccccc1,5.24,1
CHEMBL4102833,O=C(CCCC(CCC(=O)Nc1ccccc1)Cc1ccccc1)NO,5.24,1
CHEMBL3670675,Nc1ccccc1NC(=O)c1ccc(CNC(=O)c2[nH]c(-c3ccc(O)cc3)cc2-c2ccoc2)cc1,5.23,1
CHEMBL5093602,CC(C)(C)OC(=O)Nc1ccc(-c2ncc(C(=O)NCCCCCCC(=O)NO)s2)cc1,5.23,1
CHEMBL5283402,CC1(C)c2ccccc2N(Cc2ccc(C(=O)NO)cc2)C1c1cccnc1,5.23,1
CHEMBL6152299,Cc1c(F)c(N)cc(C(=O)Nc2cc(-c3ccc(NC(=O)c4ccc(/C=C/C(=O)NO)cc4)cc3)ccc2N2CCN(C)CC2)c1Cl,5.23,1
CHEMBL2179618,CCCCN(Cc1ccc(C(=O)NO)cc1)C(=O)Nc1ccccc1,5.22,5
CHEMBL3828496,Nc1ccc(-c2ccc(F)cc2)cc1NC(=O)[C@@H]1CCCCO1,5.22,1
CHEMBL4206021,COc1ccc(C(=O)c2ccc3c(ccn3Cc3ccc(C(=O)NO)cc3)c2)cc1OC,5.22,1
CHEMBL4288220,CCC(CCCC(=O)Nc1ccccc1)CCC(=O)NO,5.22,1
CHEMBL4862563,O=C(NO)c1cc(F)c(Cn2nnnc2-c2cccs2)c(F)c1,5.22,1
CHEMBL253868,Nc1ccc(-c2ccccc2)cc1NC(=O)c1ccc(CNC(=O)OCc2cccnc2)cc1,5.21,1
CHEMBL3944941,O=C(NO)c1cnc(NC2(c3cc(F)cc(F)c3)CCCCC2)nc1,5.21,1
CHEMBL5069541,COc1ccc(-c2ncc(/C=C/C(=O)NO)s2)c(OC)c1OC,5.21,1
CHEMBL5631675,CN1CCN(c2cnc(C(=O)Nc3cc(-c4cccs4)ccc3[N+](=O)[O-])cn2)CC1,5.21,1
CHEMBL1771485,C#CCOc1ccc(/C=N/NC(=O)c2cccc(C(=O)NO)c2)cc1,5.21,1
CHEMBL1630107,O=C(/C=C/c1ccc(-c2ccc3ncnc(Nc4ccc(OCc5cccc(F)c5)c(Cl)c4)c3c2)o1)NO,5.2,1
CHEMBL3356939,O=C1CCC[C@@H](C(=O)N[C@@H](CCCCCS)C(=O)N2CCc3ccccc3C2)N1,5.2,1
CHEMBL3828015,Nc1ccc(-c2ccc(F)cc2)cc1NC(=O)C1CCc2ccccc2O1,5.2,1
CHEMBL3984113,Cn1cc(-c2cc(C(=O)NCCCCC(=O)Nc3ccccc3N)on2)cn1,5.2,1
CHEMBL6172419,O=C(NNCCF)c1ccc(CN2c3ccccc3C=Cc3ccncc32)cc1,5.2,1
CHEMBL463788,Nc1ccc(-c2ccccc2)cc1NC(=O)c1ccc(CNc2ccncc2)cc1,5.19,1
CHEMBL5082644,COc1ccccc1-c1ncc(C(=O)NCCCCCCC(=O)NO)s1,5.19,1
CHEMBL2046613,COc1ccc(/C=C/C(=O)NCCCN2CCc3nc(C(=O)NO)sc3C2)cc1,5.18,1
CHEMBL3338404,O=C(NO)c1ccc2c(c1)CN(Cc1ccc(-c3cccc([N+](=O)[O-])c3)o1)CC2,5.18,1
CHEMBL4093691,COc1ccc2c(C(=O)c3cc(OC)c(OC)c(OC)c3)cn(Cc3ccc(C(=O)NO)cc3)c2c1,5.18,1
CHEMBL4206537,O=C(NO)c1ccc(Cn2ccc3cc(C(=O)c4ccc(Cl)cc4)ccc32)cc1,5.18,1
CHEMBL3286732,Nc1ccc(-c2cccs2)cc1NC(=O)c1ccc(N2CCC3(CC2)CNC(=O)O3)nc1,5.17,2
CHEMBL4516095,CC[C@H](Nc1ncnc2[nH]cnc12)c1nc2cccc(NCc3ccc(C(=O)NO)cc3)c2c(=O)n1-c1ccccc1,5.17,1
CHEMBL513061,Nc1ccc(-c2ccccc2)cc1NC(=O)c1ccc(CN2CCC3(CCNC3)CC2)cc1,5.16,1
CHEMBL3104855,Cc1c(O)c(O)c(O)c(C=O)c1-c1cc2c(C=O)c(C)c(O)c(O)c2o1,5.16,1
CHEMBL3925137,Cc1cnc(C(=O)NCCCCC(=O)Nc2ccccc2N)s1,5.16,1
CHEMBL5272302,O=C(NNCC1CCCC1)c1ccc(Br)cc1,5.16,2
CHEMBL1797936,CC1=NN(c2ccc(C(=O)O)cc2)C(=O)/C1=C\c1ccc(-c2cc(C)c(C)cc2[N+](=O)[O-])o1,5.16,1
CHEMBL5563683,CN(Cc1ccccc1)C(=O)c1ccc(-c2noc(C(F)(F)F)n2)cc1,5.16,1
CHEMBL471344,Cc1noc(-c2ccc(C(=O)C(F)(F)F)s2)n1,5.15,1
CHEMBL569122,CC(C)C[C@H]1CC(=O)N[C@@H](C)C(=O)N[C@@H](CSCCC(=O)O)C(=O)N[C@@H](Cc2c[nH]c3ccccc23)C(=O)N1,5.15,1
CHEMBL4571886,CC[C@H](Nc1ncnc2[nH]cnc12)c1nc(CCCCC(=O)NO)c2ccccc2n1,5.15,1
CHEMBL5092352,COc1ccc(-c2ncc(C(=O)NCCCCCCC(=O)NO)[nH]2)c(OC)c1,5.15,1
CHEMBL6169035,CCNNC(=O)c1cc(F)c(CN2c3ccccc3C=Cc3ccncc32)cc1F,5.15,1
CHEMBL493783,CN(Cc1ccccc1)C(=O)c1cnc(C(=O)C(F)(F)F)s1,5.14,1
CHEMBL256440,Nc1ccc(-c2cccs2)cc1NC(=O)c1cccnc1,5.14,1
CHEMBL3934253,Nc1cc(F)ccc1NC(=O)CCCCCNS(=O)(=O)c1ccc(F)cc1,5.14,3
CHEMBL4753398,N#Cc1ccccc1C(=O)NCCCC[C@H](NC(=O)c1cncs1)c1ncc(-c2ccc3ccccc3c2)[nH]1,5.14,1
CHEMBL4760399,C[S+]([O-])c1ccccc1C(=O)NCCCC[C@H](NC(=O)c1cncs1)c1ncc(-c2ccc3ccccc3c2)[nH]1,5.14,1
CHEMBL5177616,NC(=O)c1ccc(COc2ccc(-n3cc4cccc(C(N)=O)c4n3)cc2)cc1,5.14,1
CHEMBL5202801,CCCCCCNNC(=O)c1cnc(NCCc2ccccc2)nc1,5.14,1
CHEMBL5596733,O=C(/C=C/c1ccc(Nc2ncc(Cl)c(OC3CCCCC3)n2)cc1)NO,5.14,1
CHEMBL5753166,O=C(NO)c1ccc2sc(-c3cccnc3)cc2c1,5.14,1
CHEMBL468527,O=C(CCCCc1cc(C(=O)NO)no1)Nc1ccc(-c2ccccc2)cc1,5.13,1
CHEMBL3907792,Nc1ccccc1NC(=O)CCCCNC(=O)c1ccnc(N2CCCCC2)c1,5.13,1
CHEMBL524024,O=C(NCC1CCCCC1)c1cnc(C(=O)C(F)(F)F)s1,5.12,1
CHEMBL5079482,COc1cc(-c2ncc(/C=C/C(=O)NO)s2)cc(OC)c1OC,5.12,1
CHEMBL16300,O=C(NO)c1ccccc1,5.11,1
CHEMBL3955625,Cc1ccc(C(=O)NCCCCCC(=O)Nc2ccncc2N)cc1,5.1,1
CHEMBL4067828,COc1ccc(C(=O)N[C@@H](Cc2c[nH]c3ccccc23)C(=O)NCc2ccc(C(=O)Nc3cc(-c4cccs4)ccc3N)cc2)cc1,5.1,1
CHEMBL5086240,CC(C)(C)OC(=O)CC(O)/C=C/CCSSCC/C=C/C(O)CC(=O)OC(C)(C)C,5.1,1
CHEMBL3916917,CC(=O)N1CCC(Nc2ncc(C(=O)NO)cn2)(C(C)C)CC1,5.09,1
CHEMBL5086629,O=C(CCCCCCNC(=O)c1cnc(-c2ccc(OC(F)(F)F)cc2)s1)NO,5.09,1
CHEMBL5395395,O=C(NCC12C[C@H]3C[C@@H](C1)C[C@@H](C2)C3)c1ccc2c(ccn2Cc2ccc(C(=O)NO)c(O)c2)c1,5.09,1
CHEMBL5783748,Cc1cc(O)cc(C)c1-c1nc2ccc(C(=O)NO)cc2[nH]1,5.09,1
CHEMBL5793826,CCCCCCNNC(=O)c1ccc(C(C)(C)C)cc1,5.09,1
CHEMBL2385958,COc1cc2c(c(OC)c1OC)-c1ccc(OC)c(=O)cc1[C@@H](NC(=O)CCCC(=O)NO)CC2,5.08,1
CHEMBL3353053,Cn1cccc1C(=O)N1CCn2cc(C(=O)NO)cc2C1,5.07,1
CHEMBL3895328,Nc1ccccc1NC(=O)CCCCNC(=O)c1ccc2ncsc2c1,5.07,1
CHEMBL4800426,O=C(NO)c1ccc(CN(Cc2nnnn2Cc2ccccc2)C(=O)c2ccccc2C(F)(F)F)cc1,5.07,1
CHEMBL5186290,CCCCCCNNC(=O)c1cnc(NCc2ccc(CNC(C)=O)cc2)nc1,5.07,1
CHEMBL514304,Nc1ccc(-c2ccsc2)cc1NC(=O)c1ccc(CN2CCC3(CCCN3)CC2)cc1,5.06,1
CHEMBL4079609,O=C(O)CC[C@@H]1N=C(c2ccccc2)c2ccccc2N(CCCCC(=O)NO)C1=O,5.06,1
CHEMBL5596044,COc1cc(F)ccc1-c1cc(Nc2ccc(NC(=O)CCCCCCC(=O)Nc3ccccc3N)cc2)ncc1F,5.06,1
CHEMBL14227,CCCC(=O)O,5.05,1
CHEMBL3110001,O=C(NO)[C@@H]1[C@H](c2ccccc2)[C@H]1c1ccc2nccnc2c1,5.05,1
CHEMBL3770755,O=C(NCCCCC(O)C(F)(F)F)c1nc(-c2nccs2)sc1C1CC1,5.05,1
CHEMBL5208258,COc1cc(C(=O)c2csc(-c3ccc(O/C=C/c4ccc(CC(=O)NO)cc4)cc3)n2)cc(OC)c1OC,5.05,1
CHEMBL62381,CCCC(=O)[O-].[Na+],5.05,1
CHEMBL5630133,C=C(c1ccc(OC)c(OC(C)C(=O)NO)c1)c1cc(C)nc2ccccc12,5.05,1
CHEMBL3912702,COc1ccc(C(=O)NCCCCC(=O)Nc2ccccc2N)c(OC)n1,5.04,1
CHEMBL5085919,COc1cc(OC)cc(-c2ncc(C(=O)NCCCCCCC(=O)NO)s2)c1,5.04,1
CHEMBL462208,C[C@H](NC(=O)c1ccc(C(=O)C(F)(F)F)s1)c1ccccc1,5.03,3
CHEMBL2046608,C=CCCC(=O)Nc1ccc(C(=O)N2CCc3nc(C(=O)NO)sc3C2)cc1,5.03,1
CHEMBL3110015,O=C(NO)[C@@H]1[C@H](c2ccccc2)[C@H]1c1ccc(-c2ncc(F)cn2)cc1,5.03,1
CHEMBL3945670,CN(CCCCCC(=O)Nc1ccc(F)cc1N)C(=O)c1ccc(F)cc1,5.03,1
CHEMBL4246259,CCc1c2c(nc3ccc(OC(=O)N4CCN(C(=O)CCCCCCC(=O)NO)CC4)cc13)-c1cc3c(c(=O)n1C2)COC(=O)[C@]3(O)CC,5.03,1
CHEMBL5080669,COc1cccc(-c2ncc(C(=O)NCCCCCCC(=O)NO)s2)c1,5.03,1
CHEMBL5948914,CN(C)Cc1ccc(/C=C/C(=O)NO)cc1,5.03,1
CHEMBL474890,Nc1ccc(-c2cccs2)cc1NC(=O)c1ccc(CN2CCC3(CCCN3)CC2)cc1,5.02,1
CHEMBL1767036,CNC(=O)/C(CCCCCCC(=O)Nc1cccc(-c2ccccc2)c1)=N\O,5.02,1
CHEMBL5199527,COc1cc(C(=O)c2csc(-c3ccc(OCCCC(=O)NO)cc3)n2)cc(OC)c1OC,5.02,1
CHEMBL5188860,CCCCCCNNC(=O)c1ccc(CNC(C)=O)cc1,5.02,1
CHEMBL3976630,CCC(CC)(c1ccc(OCCCC(=O)NO)c(C)c1)c1ccc(OC[C@H](O)C(C)(C)C)c(C)c1,5.01,1
CHEMBL4782478,CC(C)c1cc(C(=O)N2Cc3ccc(NCc4ccc(C(=O)NO)cc4)cc3C2)c(O)cc1O,5.01,1
CHEMBL5558234,Cc1ncsc1-c1ccc(NC(=O)[C@@H]2C[C@@H](O)CN2C(=O)[C@@H](NC(=O)C2(F)CC2)C(C)(C)C)c(CCCCCCCCCCCCC(=O)Nc2ccc(C(=O)Nc3ccccc3N)cc2)c1,5.01,1
CHEMBL1672332,CCCC(=O)NO,5.0,1
CHEMBL5083767,COc1ccc(-c2ncc(C(=O)NCCCCC(=O)NO)s2)c(OC)c1,5.0,1
CHEMBL5899207,CC(C)c1ccc(-c2cc3ccc(C(=O)NO)cc3s2)cc1,5.0,1
CHEMBL6161769,Cc1c(F)c(N)cc(C(=O)Nc2cc(-c3ccc(NC(=O)c4ccccc4N)cc3)ccc2N2CCN(C)CC2)c1Cl,5.0,1
CHEMBL2323287,CCCCCCCC(=O)SCC/C=C/[C@@H]1CC(=O)NCc2nc(cs2)-c2nnnn2CC(=O)N[C@@H](C(C)C)C(=O)O1,4.98,1
CHEMBL4068011,O=C(CCCCN1C(=O)[C@H](CC(=O)NO)N=C(c2ccccc2)c2ccccc21)NO,4.98,1
CHEMBL466032,O=C(CCCCc1cc(C(=O)O)no1)Nc1nc(-c2ccccc2)cs1,4.97,1
CHEMBL1767046,CNC(=O)/C(CCCCC[C@H](NCc1ccc(OC)cc1)C(=O)Nc1ccccc1)=N\O,4.97,1
CHEMBL3417211,COc1cc2c(c(OC)c1OC)-c1ccc(OC)c(=O)cc1[C@@H](NC(=O)c1cccc(C(=O)Nc3ccccc3N)c1)CC2,4.97,1
CHEMBL3979648,COC(=O)CCCCCCCc1ccc(N2C(=S)N(c3ccc(C#N)c(C(F)(F)F)c3)C(=O)C2(C)C)cc1F,4.97,1
CHEMBL4539040,CC[C@H](Nc1ncnc2[nH]cnc12)c1nc(CCCCCC(=O)NO)c2ccccc2n1,4.97,1
CHEMBL4542499,CC(C)(C)OC(=O)Nc1cccc(C(=O)/C=C/c2ccc(/C=C/C(=O)NO)cc2)c1,4.97,1
CHEMBL271949,Nc1ccc(-c2cccs2)cc1NC(=O)c1ccccc1,4.96,1
CHEMBL271741,Nc1ccc(-c2ccccc2)cc1NC(=O)c1ccccc1,4.96,1
CHEMBL4576202,CC(C)C[C@H](NC(=O)CNC(=O)c1cccc(/C=C/C(=O)NO)c1)B1O[C@@H]2[C@@H]3C[C@H](C[C@]2(C)O1)C3(C)C,4.96,1
CHEMBL4443548,CC[C@H](Nc1ncnc2[nH]cnc12)c1nc2cccc(NCc3ccc(C(=O)NO)cn3)c2c(=O)n1-c1ccccc1,4.96,1
CHEMBL4754489,CC[N+]1=C(/C=C/C2=C3Oc4cc(O)cc(OCCCCCCCC(=O)O)c4C=C3CCC2)C(C)(C)c2ccccc21.[I-],4.96,1
CHEMBL4868119,C=CCn1c(SCCCCCC(=O)Nc2ccccc2N)nnc1-c1ccncc1,4.96,1
CHEMBL5979588,CCCCc1ccc(-c2nc3ccc(C(=O)NO)cc3[nH]2)cc1,4.96,1
CHEMBL6160121,Cc1c(F)c(N)cc(C(=O)Nc2cc(-c3ccc(C(=O)NCCCC(=O)NO)cc3)ccc2N2CCN(C)CC2)c1Cl,4.96,1
CHEMBL255805,Nc1ccc(-c2ccccc2)cc1NC(=O)c1cccnc1,4.95,1
CHEMBL3417213,COc1cc2c(c(OC)c1OC)-c1ccc(OC)c(=O)cc1[C@@H](NCc1ccc(C(=O)Nc3ccccc3N)cc1)CC2,4.95,1
CHEMBL3655978,O=C(NO)c1cnc(NC2(c3cccc(F)c3)CCCCC2)nc1,4.95,2
CHEMBL2442694,COc1cc([C@@H]2c3cc4c(cc3[C@@H](Nc3ccc(OCCCCCCC(=O)Nc5ccccc5N)cc3)[C@H]3COC(=O)[C@H]23)OCO4)cc(OC)c1O,4.93,1
CHEMBL4238303,CCc1c2c(nc3ccc(O)cc13)-c1cc3c(c(=O)n1C2)COC(=O)[C@@]3(CC)OC(=O)CCCCCCCCCCC(=O)NO,4.93,1
CHEMBL470225,CCOP(=O)(CNCc1ccc(C(=O)Nc2cc(-c3cccs3)ccc2N)cc1)OCC,4.92,1
CHEMBL3110021,O=C(NO)[C@@H]1[C@H](c2ccccc2)[C@H]1c1ccc(-c2cnco2)cc1,4.92,1
CHEMBL3318732,COc1ccc2cc(C(=O)/C=C/C=C/c3ccc(OC)c(OC)c3)c(=O)oc2c1,4.92,1
CHEMBL3417209,COc1cc2c(c(OC)c1OC)-c1ccc(OC)c(=O)cc1[C@@H](NC(=O)c1ccc(C(=O)Nc3ccccc3N)cc1)CC2,4.92,1
CHEMBL3937615,CS(=O)(=O)c1ccc(C(=O)NCCCCC(=O)Nc2ccccc2N)cc1,4.92,1
CHEMBL4105617,O=C(NO)c1cccc(-c2csc(CSc3ccccc3)n2)c1,4.92,1
CHEMBL4241995,CCc1c2c(nc3ccc(OC(=O)N4CCN(C(=O)CCCCCC(=O)NO)CC4)cc13)-c1cc3c(c(=O)n1C2)COC(=O)[C@]3(O)CC,4.92,1
CHEMBL4747574,O=C(N[C@@H](CCCCNC(=O)c1ccccc1OCC(F)(F)F)c1ncc(-c2ccc3ccccc3c2)[nH]1)c1cncs1,4.92,1
CHEMBL3104851,Cc1c(O)c(O)c2c(c1C=O)[C@@H]1O[C@H](O2)c2c(C)c(O)c(O)c(O)c2C1=O,4.91,1
CHEMBL3655949,Cc1cc(F)ccc1C(C)(C)Nc1ncc(C(=O)NO)cn1,4.91,1
CHEMBL5085871,COc1ccc(-c2ncc(C(=O)NCCCCCC(=O)NO)s2)c(OC)c1,4.91,1
CHEMBL5206232,COc1cc(C(=O)c2csc(-c3ccc(NC(=O)CCC(=O)NO)cc3)n2)cc(OC)c1OC,4.91,1
CHEMBL5192330,COc1cc(C(=O)c2csc(-c3ccc(NC(=O)CCCCCC(=O)NO)cc3)n2)cc(OC)c1OC,4.91,1
CHEMBL4074187,O=C(O)C[C@@H]1N=C(c2ccccc2)c2ccccc2N(CCCCC(=O)NO)C1=O,4.9,1
CHEMBL4080014,Cc1nc2ccccc2n1Cc1ccc(C(=O)NO)cc1F,4.9,1
CHEMBL4851084,CC12CC3CC(C)(C1)CC(NC(=O)CCCCCCC(=O)NO)(C3)C2,4.9,1
CHEMBL5203312,COc1cc(C(=O)c2csc(-c3ccc(OCc4ccc(C(=O)NO)cc4)cc3)n2)cc(OC)c1OC,4.9,1
CHEMBL5178280,COc1cc(C(=O)c2csc(-c3ccc(NC(=O)/C=C/C(=O)NO)cc3)n2)cc(OC)c1OC,4.89,1
CHEMBL1164992,CC(/C=C/C(=O)NO)=C\[C@@H](C)[C@H]1CC[C@H]2/C(=C/C=C3\C[C@@H](O)C[C@@H](O)C3)CCC[C@]12C,4.88,1
CHEMBL5189769,COc1cc(C(=O)c2csc(-c3ccc(NC(=O)CCCCC(=O)NO)cc3)n2)cc(OC)c1OC,4.88,1
CHEMBL2046612,O=C(/C=C/c1ccccc1)NCCCN1CCc2nc(C(=O)NO)sc2C1,4.87,1
CHEMBL3655977,O=C(NO)c1cnc(NC2(c3ccc(F)cc3)CCCCC2)nc1,4.87,1
CHEMBL3937977,CC(C)Cc1sc(-c2nccs2)nc1C(=O)NCCCCCCS,4.87,1
CHEMBL5204835,COc1cc(C(=O)c2csc(-c3ccc(NC(=O)CCCC(=O)NO)cc3)n2)cc(OC)c1OC,4.87,1
CHEMBL5594641,O=C(NO)c1ccc(CN2CCc3c(n(CC4CC4)c4ccc(F)cc34)C2)cc1,4.87,1
CHEMBL3769491,CC(C)[C@@H]1NC(=O)[C@@H]2CCCN2C(=O)[C@H]2CCCN2C(=O)C[C@@H](C(=O)NCCCC(=O)NO)NC1=O,4.86,1
CHEMBL3827055,Nc1ccc(-c2ccc(F)cc2)cc1NC(=O)[C@H]1C[C@H]2CC[C@@H](C1)O2,4.86,1
CHEMBL5967070,CCCCNNC(=O)c1ccc(OC)c(OC)c1,4.86,1
CHEMBL2323289,CCCCCCCC(=O)SCC/C=C/[C@@H]1CC(=O)NCc2nc(cs2)-c2cn(nn2)CC(=O)N[C@@H](C(C)C)C(=O)O1,4.85,1
CHEMBL2417783,Cc1onc(-c2ccccc2)c1C(=O)NCCCCCNC(=O)CS,4.85,1
CHEMBL3930868,Nc1cc(F)ccc1NC(=O)CCCCCNC(=O)CN1CCOCC1,4.85,2
CHEMBL1163778,C[C@H](CCCCC(=O)NO)[C@H]1CC[C@H]2/C(=C/C=C3C[C@@H](O)C[C@H](O)C3)CCC[C@]12C,4.84,1
CHEMBL1800241,CC(=O)Nc1ccc(C(=O)CSc2nc(C)cc(O)n2)cc1,4.82,2
CHEMBL2417784,Cc1onc(-c2ccccc2)c1C(=O)NCCCCCNC(=O)[C@@H](C)S,4.82,1
CHEMBL4855240,COc1nc2ccccc2cc1-c1cnc(CNC(=O)C2CN(C)C2)[nH]1,4.82,1
CHEMBL5088430,CN1c2ccc(F)cc2C(=O)N2CCc3c([nH]c4ccc(OCc5ccc(/C=C/C(=O)Nc6ccccc6N)cc5)cc34)C21,4.82,1
CHEMBL5571546,O=C(NOCCN1CCCCC1)c1ccc(-c2noc(C(F)(F)F)n2)cc1,4.82,1
CHEMBL1771486,O=C1CC/C=C/CCC(=O)N(Cc2cccc(/C=N/NC(=O)c3cccc(C(=O)NO)c3)c2)C[C@@H](c2ccccc2)O1,4.82,1
CHEMBL3109983,O=C(NO)[C@@H]1[C@H](c2ccccc2)[C@H]1c1ccc2c(c1)CN(CC(F)(F)F)C2=O,4.8,1
CHEMBL3981124,Cc1ccc(C(=O)NCCCCCC(=O)Nc2ccc(Br)cc2N)cc1,4.8,1
CHEMBL6092066,O=C(NO)c1ccc(CN2c3cc(C(F)(F)F)ccc3S(=O)(=O)C[C@H]3CCCC[C@H]32)cc1,4.8,1
CHEMBL2046609,COc1ccc(/C=C/C(=O)Nc2ccc(C(=O)N3CCc4nc(C(=O)NO)sc4C3)cc2)cc1,4.79,1
CHEMBL3652240,O=C(NO)c1cnc(Nc2c(Cl)cccc2Cl)nc1,4.79,1
CHEMBL475692,Nc1ccc(-c2ccccc2)cc1NC(=O)c1ccc(CN2CCC3(CCCN3)CC2)cc1,4.78,1
CHEMBL1173195,CCCCCCCC(=O)SCC/C=C/[C@@H]1CC(=O)NCc2nc(cs2)-c2nc(cs2)C(=O)N[C@@H](C(C)C)C(=O)O1,4.78,1
CHEMBL3356525,O=C1CCC[C@@H](C(=O)N[C@H](CCCCCS)C(=O)Nc2ccccc2)N1,4.77,1
CHEMBL3895630,CCC(CC)(c1ccc(OCC(=O)NO)c(C)c1)c1ccc(OCC(C)(C)O)c(C)c1,4.77,1
CHEMBL473271,Nc1ccc(-c2ccccc2F)cc1NC(=O)c1ccc(CN2CCC3(CCCN3)CC2)cc1,4.76,1
CHEMBL5888851,C=Cc1ccc(N)c(NC(=O)C2CCCCC2)c1,4.76,1
CHEMBL6044924,CCOC(=O)Nc1cc(-c2cccs2)ccc1N,4.76,1
CHEMBL5888465,Nc1ccc(-c2cnccn2)cc1NC(=O)C1CCCCC1,4.76,1
CHEMBL5790224,Nc1ccc(-c2cccs2)cc1NC(=O)CC1CC1,4.76,1
CHEMBL5784905,Nc1ccc(-c2cccnc2)cc1NC(=O)C1CCCCC1,4.76,1
CHEMBL5802401,CC(C)(C)C(=O)Nc1cc(-c2cccs2)ccc1N,4.76,1
CHEMBL5783720,Cc1ccc(-c2ccc(N)c(NC(=O)C3CCOCC3)c2)s1,4.76,1
CHEMBL5909155,CN1CCC(C(=O)Nc2cc(-c3cccs3)ccc2N)CC1,4.76,1
CHEMBL5746765,Cc1csc(-c2ccc(N)c(NC(=O)C3CCCCC3)c2)c1,4.76,1
CHEMBL5864285,Cc1csc(-c2ccc(N)c(NC(=O)C3CCOCC3)c2)c1,4.76,1
CHEMBL3828645,Nc1ccc(-c2ccccc2)cc1NC(=O)C1CCOCC1,4.76,1
CHEMBL5829378,Nc1ccc(-c2cccs2)cc1NC(=O)OC1COC1,4.76,1
CHEMBL5865166,CC(=O)N1CC(COC(=O)Nc2cc(-c3cccs3)ccc2N)C1,4.76,1
CHEMBL5815713,CC(=O)N1CC(C(=O)Nc2cc(-c3cccs3)ccc2N)C1,4.76,1
CHEMBL5978936,CC(=O)N1CC(CC(=O)Nc2cc(-c3cccs3)ccc2N)C1,4.76,1
CHEMBL5834123,Nc1ccc(-c2cccs2)cc1NC(=O)OCC1CC1,4.76,1
CHEMBL5826185,Nc1ccc(-c2cccs2)cc1NC(=O)OCC1CCNCC1,4.76,1
CHEMBL5813479,CN1CCC(COC(=O)Nc2cc(-c3cccs3)ccc2N)CC1,4.76,1
CHEMBL6004401,Nc1ccc(C2=CCCCC2)cc1NC(=O)C1=CCCCC1,4.76,1
CHEMBL5845316,Nc1ccc(-c2cccs2)cc1NC(=O)OCC1CCCCC1,4.76,1
CHEMBL5884451,Nc1ccc(-c2cccs2)cc1NC(=O)OCC1CCCC1,4.76,1
CHEMBL5997931,Nc1ccc(-c2cccs2)cc1NC(=O)C1CCOC1,4.76,1
CHEMBL5764675,CN1CC2C(C1)C2C(=O)Nc1cc(-c2cccs2)ccc1N,4.76,1
CHEMBL5772657,Nc1ccc(-c2cccs2)cc1NC(=O)OCCC1CCCC1,4.76,1
CHEMBL3828017,Nc1ccc(-c2cccnc2)cc1NC(=O)C1CCOCC1,4.76,1
CHEMBL6026664,CC(=O)N1CCC(C(=O)Nc2cc(-c3ccc(F)cc3)ccc2N)CC1,4.76,1
CHEMBL5994632,CC(=O)N1CC(COC(=O)Nc2cc(-c3ccc(F)cc3)ccc2N)C1,4.76,1
CHEMBL3827251,Nc1ccc(-c2ccncc2)cc1NC(=O)C1CCOCC1,4.76,1
CHEMBL5905064,CC(F)(F)COC(=O)Nc1cc(-c2cccs2)ccc1N,4.76,1
CHEMBL5821192,CN1CCC(COC(=O)Nc2cc(-c3ccc(F)cc3)ccc2N)CC1,4.76,1
CHEMBL5915353,Nc1ccc(-c2cccs2)cc1NC(=O)N1CCCCC1,4.76,1
CHEMBL5920612,Nc1ccc(-c2cccs2)cc1NC(=O)N1CCOCC1,4.76,1
CHEMBL6013035,CC(=O)N1CCN(C(=O)Nc2cc(-c3cccs3)ccc2N)CC1,4.76,1
CHEMBL5782113,CN1CCN(C(=O)Nc2cc(-c3cccs3)ccc2N)CC1,4.76,1
CHEMBL5885258,CC(C)(C)OC(=O)NC1CCN(C(=O)Nc2cc(-c3cccs3)ccc2N)C1,4.76,1
CHEMBL5871182,CC(=O)NC1CCN(C(=O)Nc2cc(-c3cccs3)ccc2N)CC1,4.76,1
CHEMBL5765587,Cc1ccc(-c2ccc(N)c(NC(=O)N3CCCC3)c2)s1,4.76,1
CHEMBL6049725,Cc1csc(-c2ccc(N)c(NC(=O)N3CCCC3)c2)c1,4.76,1
CHEMBL5858254,Nc1ccc(-c2cccs2)cc1NC(=O)N1CCC(F)(F)CC1,4.76,1
CHEMBL5878910,Nc1ccc(-c2cccs2)cc1NC(=O)NC1COC1,4.76,1
CHEMBL6050473,CN(C(=O)Nc1cc(-c2cccs2)ccc1N)C1COC1,4.76,1
CHEMBL5760633,CCCN(C)C(=O)Nc1cc(-c2cccs2)ccc1N,4.76,1
CHEMBL5915390,Nc1ccc(-c2cccs2)cc1NC(=O)N1CCC(F)C1,4.76,1
CHEMBL5780874,CC(=O)C1CN(CNC(=O)Nc2cc(-c3cccs3)ccc2N)C1,4.76,1
CHEMBL5909646,CC(=O)NC1C2CN(C(=O)Nc3cc(-c4cccs4)ccc3N)CC21,4.76,1
CHEMBL5818870,CC(=O)N[C@@H]1CCN(C(=O)Nc2cc(-c3cccs3)ccc2N)C1,4.76,1
CHEMBL5899766,CC(=O)N[C@H]1CCN(C(=O)Nc2cc(-c3cccs3)ccc2N)C1,4.76,1
CHEMBL5966103,CC(=O)NC1CN(C(=O)Nc2cc(-c3cccs3)ccc2N)C1,4.76,1
CHEMBL5812777,CC(=O)NCC1CN(C(=O)Nc2cc(C3=CCCCC3)ccc2N)C1,4.76,1
CHEMBL6003179,Nc1ccc(C2=CCCCC2)cc1NC(=O)N1CCCC1,4.76,1
CHEMBL6003932,Nc1ccc(C2=CCCC2)cc1NC(=O)N1CCCC1,4.76,1
CHEMBL5833178,Nc1ccc(-c2cccs2)cc1NC(=O)N1CCCC(F)(F)C1,4.76,1
CHEMBL5955437,CCCN(C)C(=O)Nc1cc(C2=CCCC2)ccc1N,4.76,1
CHEMBL5992550,Nc1ccc(-c2cccs2)cc1NC(=O)NNCc1ccccc1,4.76,1
CHEMBL5874491,Nc1ccc(C2=CCCC2)cc1NC(=O)N1CCOCC1,4.76,1
CHEMBL5911200,Nc1ccc(-c2cccs2)cc1NC(=O)OCC1CCCNC1,4.76,1
CHEMBL5896611,Nc1ccc(-c2cccs2)cc1NC(=O)N1CC2CCC(C1)O2,4.76,1
CHEMBL5858111,Nc1ccc(-c2cccs2)cc1NC(=O)CCC1CCNCC1,4.76,1
CHEMBL5967815,Nc1ccc(-c2cccs2)cc1NC(=O)NCC1CCNCC1,4.76,1
CHEMBL6012477,CC(=O)N1CC(CNC(=O)Nc2cc(-c3ccc(F)cc3)ccc2N)C1,4.76,1
CHEMBL5790141,Nc1ccc(-c2cnccn2)cc1NC(=O)N1CCCC1,4.76,1
CHEMBL6001611,CC(=O)N1CCC(COC(=O)Nc2cc(-c3ccc(Cl)s3)ccc2N)CC1,4.76,1
CHEMBL5973438,Nc1ccc(-c2cccs2)cc1NC(=O)N1C2CCC1CC2,4.76,1
CHEMBL5832299,Nc1ccc(-c2ccc(F)cc2)cc1NC(=O)N1CC2(COC2)C1,4.76,1
CHEMBL5885166,CC(=O)N1CC2(C1)CN(C(=O)Nc1cc(-c3ccc(F)cc3)ccc1N)C2,4.76,1
CHEMBL5767674,CC(C)(O)C(=O)Nc1cc(-c2cccs2)ccc1N,4.76,1
CHEMBL5794923,Nc1ccc(C2=CCCC2)cc1NC(=O)OCC1CCOCC1,4.76,1
CHEMBL2381524,O=C(/C=C/c1cccc(C(=O)NO)c1)Nc1ccccc1,4.75,1
CHEMBL3109993,O=C(NO)[C@@H]1[C@H](c2ccccc2)[C@H]1c1ccnc(C2CC2)c1,4.75,1
CHEMBL4450128,O=C(NO)c1ccc(CN2c3cc(C(F)(F)F)ccc3CCC[C@@H]3CCCC[C@H]32)cc1,4.75,1
CHEMBL4845926,O=C(NO)c1ccc(CSc2nnc(-c3ccncc3)n2-c2ccccc2)cc1,4.75,1
CHEMBL1771315,O=C(NO)c1cccc(C(=O)N/N=C/c2ccccc2)c1,4.75,1
CHEMBL5842107,Cc1noc(C)c1-c1cc2cc(C(=O)NO)ccc2s1,4.75,1
CHEMBL1767038,CNC(=O)/C(CCCCCCC(=O)Nc1cccc(-c2cccnc2)c1)=N\O,4.74,1
CHEMBL2046619,C=CCCC(=O)Nc1ccc(C(C)N2CCc3nc(C(=O)NO)sc3C2)cn1,4.72,1
CHEMBL4245802,CCc1c2c(nc3ccc(OC(=O)N4CCN(C(=O)CCCCCCCC(=O)NO)CC4)cc13)-c1cc3c(c(=O)n1C2)COC(=O)[C@]3(O)CC,4.72,1
CHEMBL5192326,COc1cc(C(=O)c2csc(-c3ccc(/C=C/C(=O)NO)cc3)n2)cc(OC)c1OC,4.72,1
CHEMBL505961,Cc1c(CNc2ccc(C(=O)Nc3cc(-c4ccccc4)ccc3N)cc2)cnn1C,4.71,1
CHEMBL3417292,COc1cc2c(c(OC)c1OC)-c1ccc(OC)c(=O)cc1[C@@H](NCc1cccc(C(=O)Nc3cc(-c4cccs4)ccc3N)c1)CC2,4.71,1
CHEMBL3935992,O=C(NO)c1cnc(NC2(c3ccccc3)CCC(F)(F)CC2)nc1,4.71,2
CHEMBL1767029,CNC(=O)/C(CCCCCCC(=O)Nc1ccccc1)=N\O,4.7,2
CHEMBL3827412,Nc1ccc(-c2ccc(F)cc2)cc1NC(=O)C1CCCOC1,4.7,1
CHEMBL3948452,CC1(C)C(=O)N(c2ccc(C#N)c(C(F)(F)F)c2)C(=S)N1c1ccc(/C=C/C(=O)Nc2ccccc2N)c(F)c1,4.7,1
CHEMBL3933572,Nc1ccc(-c2ccccc2)cc1NC(=O)CCCCCCNC(=O)c1cccnc1,4.7,1
CHEMBL3898287,Nc1ccc(-c2cccs2)cc1NC(=O)CCCCCCNC(=O)c1cccnc1,4.7,1
CHEMBL3964972,Cc1ccc(C(=O)NCCCCCC(=O)Nc2cc(-n3cccn3)c(F)cc2N)cc1,4.7,1
CHEMBL1812335,N[C@H](Cc1ccc(Cl)cc1Cl)C(=O)N1Cc2ccccc2C1,4.7,1
CHEMBL4442562,S=C1Sc2cccc(I)c2C2=NCCCN12,4.7,1
CHEMBL5284583,CCCCCCNNC(=O)c1ccc(Br)cc1,4.7,2
CHEMBL1767037,CNC(=O)/C(CCCCCCC(=O)Nc1cccc(-c2ccc(C(=O)O)cc2)c1)=N\O,4.68,1
CHEMBL4862173,O=C(O)CCCCCSc1nnc(-c2ccncc2)n1-c1ccccc1,4.68,1
CHEMBL4869232,C=CCn1c(SCc2ccc(C(=O)NO)cc2)nnc1-c1ccncc1,4.68,1
CHEMBL3979241,Nc1ccccc1NC(=O)CCCCNC(=O)c1ccno1,4.67,1
CHEMBL1096982,O=C(O)CC/C=C\C[C@@H]1NC(=O)[C@H]2CCCN2C(=O)[C@H](Cc2ccccc2)NC(=O)[C@H](Cc2c[nH]c3ccccc23)NC1=O,4.66,1
CHEMBL3527525,Cc1[nH]c2ccccc2c1CCNCc1ccc(/C=C/C(N)=O)cc1,4.66,1
CHEMBL3943758,CCC(CC)(c1ccc(OCC(=O)NO)c(C)c1)c1ccc(OC[C@H](O)C(C)(C)C)c(C)c1,4.66,1
CHEMBL398420,COC(=O)NCc1ccc(C(=O)Nc2cc(-c3ccccc3)ccc2N)cc1,4.65,1
CHEMBL2381517,O=C(NO)c1cccc(C(=O)NCCc2ccccc2)c1,4.64,1
CHEMBL4285869,CCCCC(CCCC(=O)Nc1ccccc1)CCC(=O)NO,4.64,1
CHEMBL4295105,O=C(CCC(CCCC(=O)Nc1ccccc1)c1ccccc1)NO,4.64,1
CHEMBL4537561,O=C(NO)c1ccc(Cn2c3c(c4cc(F)ccc42)CSCC3)cc1,4.64,1
CHEMBL4104247,O=C(NO)c1ccc(CN2c3ccccc3S(=O)(=O)C[C@H]3CCCC[C@H]32)cc1,4.62,2
CHEMBL4283105,O=C(NO)c1ccc(Cn2c3c(c4cc(F)ccc42)C[S+]([O-])CC3)cc1,4.62,1
CHEMBL4557665,O=C(NO)c1ccc(CN2c3ccccc3CCC[C@@H]3CCCC[C@H]32)cc1,4.62,1
CHEMBL4795831,COc1cccc(C(=O)NCCCC[C@H](NC(=O)c2cncs2)c2ncc(-c3ccc4ccccc4c3)[nH]2)c1O,4.62,1
CHEMBL5285362,O=C(NNCCCc1ccccc1)c1ccc(Br)cc1,4.62,1
CHEMBL4249598,CCc1c2c(nc3ccc(OC(=O)N4CCN(C(=O)CCCCCCCCCC(=O)NO)CC4)cc13)-c1cc3c(c(=O)n1C2)COC(=O)[C@]3(O)CC,4.61,1
CHEMBL5619501,O=C(NO)c1ccc(N2CCN(C(=O)c3cc(-c4ccc(-c5ccccc5)cc4)nc4ccccc34)CC2)cc1,4.61,1
CHEMBL3110023,Cn1cc([C@H]2[C@H](C(=O)NO)[C@@H]2c2ccccc2)cn1,4.6,1
CHEMBL4250057,CCc1c2c(nc3ccc(OC(=O)N4CCN(C(=O)CCCCCCCCC(=O)NO)CC4)cc13)-c1cc3c(c(=O)n1C2)COC(=O)[C@]3(O)CC,4.6,1
CHEMBL5760657,CCN(CC)Cc1cc2ccc(C(=O)NO)cc2o1,4.6,1
CHEMBL3827993,Nc1ccc(-c2ccc(F)cc2)cc1NC(=O)C1Cc2ccccc2CO1,4.59,1
CHEMBL5883740,CN1CCN(c2ccc(C(=O)Nc3nc(-c4cccs4)ccc3N)cn2)CC1,4.59,1
CHEMBL2046616,O=C(/C=C/c1ccccc1)NCCCCN1CCc2nc(C(=O)NO)sc2C1,4.58,1
CHEMBL3110016,O=C(NO)[C@@H]1[C@H](c2ccccc2)[C@H]1c1cccc(-c2ncc(F)cn2)c1,4.58,1
CHEMBL4516558,S=C1Sc2cccc(Cl)c2C2=NCCCN12,4.58,1
CHEMBL4531108,O=C(NO)c1ccc(Cn2c3c(c4cc(F)ccc42)CS(=O)(=O)CC3)cc1,4.58,1
CHEMBL6144214,O=C(NO)c1ccc(CN2c3ccccc3[S+]([O-])C[C@H]3CCCC[C@H]32)cc1,4.58,1
CHEMBL554395,Nc1ccccc1NC(=O)CCCCC[C@H](NC(=O)[C@@H]1CCCN1C(=O)[C@@H](N)Cc1ccccc1)C(=O)N[C@@H](Cc1ccccc1)C(=O)O,4.57,1
CHEMBL1243261,O=C(CCCCc1cc(C(=O)NO)no1)Nc1ccccc1,4.57,1
CHEMBL4287851,O=C(CC[C@@H](CCCC(=O)Nc1ccccc1)Cc1ccccc1)NO,4.57,1
CHEMBL235674,Nc1ccc(-c2cccs2)cc1NC(=O)c1ccc(CNC(=O)OCc2cccnc2)cc1,4.56,1
CHEMBL4239495,CCc1c2c(nc3ccc(OC(=O)N4CCN(C(=O)CCCCCCCCCCC(=O)NO)CC4)cc13)-c1cc3c(c(=O)n1C2)COC(=O)[C@]3(O)CC,4.56,1
CHEMBL1243289,O=C(CCCCC1CC(C(=O)NO)=NO1)Nc1ccccc1,4.55,1
CHEMBL4859130,CC[C@H](NC(=O)C1CN(C)C1)c1ncc(-c2cc3ccccc3nc2OC)[nH]1,4.55,1
CHEMBL4577299,O=C(NO)c1ccc(Cn2c3c(c4ccccc42)CS(=O)(=O)CC3)cc1,4.54,1
CHEMBL4536605,O=C(NO)c1ccc(CN2CCCc3cc(Cl)ccc32)cc1,4.53,3
CHEMBL4860333,O=C(NO)c1ccc(CN2CCCc3ccccc32)cc1,4.53,1
CHEMBL3950790,CCC(O)(CC)COc1ccc(C(CC)(CC)c2ccc(OCC(=O)NO)c(C)c2)cc1C,4.52,1
CHEMBL3929537,CCC(CC)(c1ccc(OCC(=O)NO)c(C)c1)c1cc(C)c(CCC(O)C(C)(C)C)s1,4.52,1
CHEMBL4277951,CCCCCCC(CCCC(=O)Nc1ccccc1)CCC(=O)NO,4.52,1
CHEMBL4087539,COc1ccc(C(=O)N[C@@H](Cc2c[nH]c3ccccc23)C(=O)NCc2ccc(C(=O)Nc3cc(-c4ccccc4)ccc3N)cc2)cc1,4.51,1
CHEMBL1164212,C[C@H](CCCCNC(=O)CS)[C@H]1CC[C@H]2/C(=C/C=C3C[C@@H](O)C[C@H](O)C3)CCC[C@]12C,4.49,1
CHEMBL3110005,O=C(NO)C1[C@H](c2ccccc2)[C@H]1c1ccccc1,4.48,1
CHEMBL2046617,COc1ccc(/C=C/C(=O)NCCCCN2CCc3nc(C(=O)NO)sc3C2)cc1,4.47,1
CHEMBL4249238,CCc1c2c(nc3ccc(O)cc13)-c1cc3c(c(=O)n1C2)COC(=O)[C@@]3(CC)OC(=O)CNC(=O)CCCCCCC(=O)O,4.46,1
CHEMBL3356938,O=C(CCCCCCS)N1CCc2ccccc2C1,4.45,1
CHEMBL1164244,CNC(=O)C(=O)CCCC[C@@H](C)[C@H]1CC[C@H]2/C(=C/C=C3C[C@@H](O)C[C@H](O)C3)CCC[C@]12C,4.44,1
CHEMBL3914611,CCC(CC)(c1ccc(OCC(=O)NO)c(C)c1)c1ccc(OCC(CO)CO)c(C)c1,4.44,1
CHEMBL4238745,CCc1c2c(nc3ccc(O)cc13)-c1cc3c(c(=O)n1C2)COC(=O)[C@@]3(CC)OC(=O)CCCCCCC(=O)O,4.43,1
CHEMBL4283418,O=C(CC[C@H](CCCC(=O)Nc1ccccc1)Cc1ccccc1)NO,4.43,1
CHEMBL3924039,Nc1ccccc1NC(=O)CCCCCNC(=O)c1ccccc1C(=O)C(F)(F)F,4.42,1
CHEMBL3110003,O=C(NO)C1c2ccccc2-c2ccccc21,4.41,1
CHEMBL1800383,CCOC(=O)CC(=O)CSc1nc(C)cc(O)n1,4.4,1
CHEMBL4284448,O=C(CCC(CCCC(=O)Nc1ccccc1)Cc1ccccc1)NO,4.38,1
CHEMBL4854089,C=CCn1c(SCc2ccc(C(=O)Nc3ccccc3N)cc2)nnc1-c1ccncc1,4.38,1
CHEMBL3953547,CCCCCC(CCCCCC(=O)Nc1ccccc1)C(=O)NO,4.37,1
CHEMBL4583053,S=C1Sc2cccc(I)c2C2=NCCN12,4.37,1
CHEMBL5864204,CCCCNNC(=O)c1ccccc1F,4.37,1
CHEMBL3891306,CCC(CC)(c1ccc(CCC(=O)NO)c(C)c1)c1ccc(OC[C@H](O)C(C)(C)C)c(C)c1,4.35,1
CHEMBL2431901,Cn1cccc1C(=O)N1CCc2cc(C(=O)NO)ccc2C1,4.34,2
CHEMBL559576,N=C(N)NCCC[C@@H]1NC(=O)CNC(=O)[C@H](CCCCCC(=O)Nc2ccccc2N)NC(=O)CNC1=O,4.33,1
CHEMBL3968125,CCC(CC)(c1ccc(OCC(O)C(C)(C)C)c(C)c1)c1cc(C)c(CCC(=O)NO)s1,4.33,1
CHEMBL1767045,CNC(=O)/C(CCCCC[C@@H](C(=O)Nc1ccccc1)N(Cc1ccc(OC)cc1)C(=O)OC(C)(C)C)=N\O,4.31,1
CHEMBL3966165,CC1(C)C(=O)N(c2ccc(C#N)c(C(F)(F)F)c2)C(=S)N1c1ccc(C(=O)NCCOCCC(=O)NO)c(F)c1,4.31,1
CHEMBL4580307,Fc1cc(Br)cc2c1C1=NCCN1C(=S)S2,4.3,1
CHEMBL4556055,CN(C)c1ccc2c(c1)SC(=S)N1CCN=C21,4.3,1
CHEMBL4466529,N#Cc1ccc2c(c1)SC(=S)N1CCCN=C21,4.3,1
CHEMBL5276344,COc1ccc(CC2C=Cc3cc(C(=O)NO)ccc32)cc1,4.3,1
CHEMBL1767042,CNC(=O)/C(CCCCCCNC(=O)c1cc(-c2ccc(NC(=O)OC(C)(C)C)cc2)on1)=N/O,4.29,1
CHEMBL3235463,O=C(/C=C/c1ccc(-c2ccc(O)c(C34CC5CC(CC(C5)C3)C4)c2)cc1)NO,4.25,1
CHEMBL4853791,Cn1c(SCc2ccc(C(=O)NO)cc2)nnc1-c1ccncc1,4.25,1
CHEMBL5280060,O=C(CCCCCCNC(=O)C(O)(O)C(F)(F)F)Nc1ncc(-c2ccc(Br)cc2)s1,4.23,1
CHEMBL320497,O=C(CCCCCCC(=O)NO)NO,4.2,1
CHEMBL4078716,COc1ccc(C(=O)N[C@@H](Cc2c[nH]c3ccccc23)C(=O)Nc2ccc(C(=O)Nc3cc(-c4cccs4)ccc3N)cc2)cc1,4.2,1
CHEMBL5269465,COc1ccc(C(=O)N[C@@H](Cc2c[nH]c3ccccc23)C(=O)Nc2ccc(C(=O)Nc3ccc(-c4cccs4)cc3N)cc2)cc1,4.2,1
CHEMBL2178342,O=C(NO)c1cccc(-c2cn(CSc3ccccc3)nn2)c1,4.17,1
CHEMBL561909,Nc1ccccc1NC(=O)CCCCC[C@H](NC(=O)CNC(=O)[C@@H](N)Cc1ccccc1)C(=O)NCC(=O)O,4.16,1
CHEMBL4857194,Cn1c(SCc2ccc(C(=O)Nc3ccccc3N)cc2)nnc1-c1ccncc1,4.15,1
CHEMBL4852895,C=Cc1c(C)c2cc3nc(c(C(=O)OC)c4[nH]c(cc5nc(cc1[nH]2)C(C)=C5CC)c(C)c4C(=O)OC)[C@@H](CCC(=O)Nc1ccc(C(=O)Nc2ccccc2N)cc1)[C@@H]3C,4.14,1
CHEMBL5280772,O=C(CCCCCCNC(=O)C(O)(O)C(F)(F)F)Nc1ccc(-c2ccccc2)cc1,4.14,1
CHEMBL1668018,O=C(CCC1=CCN(CCCc2ccc3ccccc3c2)C1=O)NO,4.1,1
CHEMBL4866619,Cn1c(SCCCCCC(=O)Nc2ccccc2N)nnc1-c1ccncc1,4.08,1
CHEMBL561209,COc1ccc(-c2ccc(/C=C/C(=O)NO)cc2)cc1,4.07,1
CHEMBL4847471,Cn1c(SCCCCCC(=O)O)nnc1-c1ccncc1,4.07,1
CHEMBL1800375,Cc1cc(O)nc(SCC(=O)c2ccc(Cl)cc2)n1,4.06,1
CHEMBL1767035,CNC(=O)/C(CCCCCCC(=O)Nc1cccc(Br)c1)=N\O,4.05,1
CHEMBL1767041,CNC(=O)/C(CCCCCCNC(=O)c1cc(-c2cccc(NC(=O)OC(C)(C)C)c2)on1)=N/O,4.05,1
CHEMBL5794059,CC(C)c1ccc(-c2cc3cc(C(=O)NO)ccc3s2)cc1,4.05,1
CHEMBL435160,O=C(CCCCCC(Cc1ccccc1)C(=O)NO)Nc1ccccc1,4.04,1
CHEMBL1835671,CCC(CCCCC(=O)Nc1ccccc1)CC(=O)NO,4.01,1
CHEMBL3982264,CCCCCCC(CCCCCC(=O)Nc1ccccc1)C(=O)NO,4.01,1
CHEMBL5278407,O=C(CCCCCCNC(=O)C(O)(O)C(F)(F)F)Nc1ncc(-c2ccc(O)cc2)s1,4.0,1
CHEMBL5269265,COc1ccc(-c2cnc(NC(=O)CCCCCCNC(=O)C(O)(O)C(F)(F)F)s2)cc1,4.0,1
