molecule_chembl_id,canonical_smiles,pIC50_median,n_measurements
CHEMBL3086767,CCOC(=O)NCCCC(=O)NCCc1ccccc1,9.92,3
CHEMBL4080164,Cc1[nH]c2ccccc2c1CCNCc1cccc(/C=C/C(=O)NO)c1.Cl,9.74,1
CHEMBL6145619,O=C(CCCCCCC(=O)N[C@@H]1C[C@H]1c1ccccc1)NO,9.62,1
CHEMBL4861467,CCC(=O)CCCCC[C@H](NC(=O)[C@H]1CC12CCN(CC1CC1)CC2)c1ncc(-c2cc3cccnc3cc2OC)[nH]1,9.52,1
CHEMBL4878197,CCC(=O)CCCCC[C@@H]1NC(=O)[C@H]2CC23CCN(CCCCCCCCn2ccc4cc(c(OC)cc4c2=O)-c2cnc1[nH]2)CC3,9.51,1
CHEMBL6169315,O=C(/C=C/c1ccc(S(=O)(=O)N[C@@H]2C[C@H]2c2ccccc2)cc1)NO,9.46,1
CHEMBL6174035,O=C(/C=C/c1cccc(S(=O)(=O)N[C@@H]2C[C@H]2c2ccccc2)c1)NO,9.43,1
CHEMBL6133082,O=C(CCCCCCCC(=O)N[C@@H]1C[C@H]1c1ccccc1)NO,9.43,1
CHEMBL5618867,COc1cc(/C=C/C(=O)CC(=O)/C=C/c2ccc(/C=C/C(=O)NO)cc2)ccc1O,9.42,1
CHEMBL5220926,CCC(=O)CCCCC[C@H](NC(=O)[C@H]1CC12CCN(CC)CC2)c1ncc(-c2cc3ccc(C)nc3cc2OC)[nH]1,9.4,1
CHEMBL4860000,CCC(=O)CCCCC[C@@H]1NC(=O)[C@H]2CC23CCN(CCCCCCCCn2ccc4cc(ccc4c2=O)-c2cnc1[nH]2)CC3,9.37,1
CHEMBL4641682,CN1CC(C(=O)N[C@@H](CCCCCC(=O)c2ccon2)c2ncc(-c3ccccc3F)[nH]2)C1,9.33,1
CHEMBL3329621,CC(C)[C@@H]1NC(=O)[C@]2(C)CSC(=N2)c2csc(n2)CNC(=O)C[C@@H](/C=C/CCSSCC/C=C/[C@@H]2CC(=O)NCc3nc(cs3)C3=N[C@@](C)(CS3)C(=O)N[C@@H](C(C)C)C(=O)O2)OC1=O,9.3,1
CHEMBL4065026,Cn1ccc2c(CCNS(=O)(=O)c3ccc(/C=C/C(=O)NO)cc3)cccc21,9.28,1
CHEMBL5218854,CCC(=O)CCCCC[C@H](NC(=O)[C@H]1CC12CCN(C(C)C)CC2)c1ncc(-c2cc3ccc(C)nc3cc2OC)[nH]1,9.23,1
CHEMBL5218537,CCC(=O)CCCCC[C@H](NC(=O)[C@H]1CC12CCN(C)CC2)c1ncc(-c2cc3ccc(C4CC4)nc3cc2OC)[nH]1,9.22,1
CHEMBL4532398,C[C@@H]1CN(C(=O)Nc2ccc(-c3nc(N4CCOCC4)c4cnn(CCCCCCC(=O)NO)c4n3)cc2)CCO1,9.21,1
CHEMBL4649205,CCC(=O)CCCCC[C@H](NC(=O)[C@H]1CC12CCN(CC1CC1)CC2)c1ncc(-c2cc3ccccc3nc2OC)[nH]1,9.16,1
CHEMBL4862152,CCC(=O)CCCCC[C@H](NC(=O)[C@H]1CC12CCN(CC1CC1)CC2)c1ncc(-c2cc3ccc(C)nc3cc2OC)o1,9.15,1
CHEMBL5220969,CCC(=O)CCCCC[C@H](NC(=O)[C@H]1CC12CCN(CC)CC2)c1ncc(-c2cc3ccc(=O)n(C)c3cc2OC)[nH]1,9.15,1
CHEMBL5219115,CCC(=O)CCCCC[C@H](NC(=O)[C@H]1CC12CCN(C)CC2)c1ncc(-c2cc3ccc(C)nc3cc2C)[nH]1,9.15,1
CHEMBL4637689,Cc1cc(C(=O)CCCCC[C@H](NC(=O)C2CN(C)C2)c2ncc(-c3ccccc3F)[nH]2)no1,9.12,1
CHEMBL6172024,O=C(CCCCCCCCC(=O)N[C@@H]1C[C@H]1c1ccccc1)NO,9.12,1
CHEMBL485514,O=C(C=C1c2ccccc2-c2ccccc21)NCCCCCC(=O)NO,9.1,1
CHEMBL4634501,CN1CC(C(=O)N[C@@H](CCCCCC(=O)c2ccon2)c2ncc(-c3ccccc3F)o2)C1,9.09,1
CHEMBL4854377,CCC(=O)CCCCC[C@@H]1NC(=O)[C@H]2CC23CCN(C/C=C/CN2C4CCC2c2cc(ccc24)-c2cnc1[nH]2)CC3,9.07,1
CHEMBL1796689,CC(C)[C@H]1NC(=O)[C@]2(C)CSC(=N2)c2csc(n2)CNC(=O)C[C@@H](/C=C/CCS)OC1=O,9.05,2
CHEMBL3329622,CC(C)[C@@H]1NC(=O)[C@]2(C)CSC(=N2)c2csc(n2)CNC(=O)C[C@@H](/C=C/CCSSC[C@H](NC(=O)OC(C)(C)C)C(=O)OC(C)(C)C)OC1=O,9.05,1
CHEMBL4069853,O=C(/C=C/c1ccc(S(=O)(=O)NCCc2cccc3[nH]ccc23)cc1)NO,9.05,1
CHEMBL5618885,CNc1ccc(-c2nc(N3CCOCC3)c3sc(CN(C)c4ncc(C(=O)NO)cn4)cc3n2)cn1,9.05,1
CHEMBL3759921,O=C(CCCCCCC(=O)N/N=C/c1ccc(-c2ccccc2)cc1)NO,9.0,1
CHEMBL6161573,Cc1c(N)cccc1-c1cn(CCCCCCC(=O)NO)c2ccc(C#N)cc12,9.0,1
CHEMBL3317811,C[C@@]12CSC(=N1)c1csc(n1)CNC(=O)C[C@@H](/C=C/CCS)OC(=O)[C@H](Cc1ccc(O)cc1)NC2=O,8.96,1
CHEMBL3317818,CC(C)(C)OC(=O)n1cnc(C[C@@H]2NC(=O)[C@]3(C)CSC(=N3)c3csc(n3)CNC(=O)C[C@@H](/C=C/CCS)OC2=O)c1,8.96,1
CHEMBL3621294,O=C(CCCCCCC(=O)Nc1ccc2c(c1)/C(=C/c1ccc[nH]1)C(=O)N2)NO,8.96,1
CHEMBL2105763,Cn1cc(CNCC2CCN(c3ncc(C(=O)NO)cn3)CC2)c2ccccc21,8.96,12
CHEMBL4780309,CCC(=O)CCCCC[C@H](NC(=O)[C@H]1CC12CCN(C)CC2)c1ncc(-c2ccc3[nH]c4ccccc4c3c2)[nH]1,8.96,1
CHEMBL3039527,Cl.Cn1cc(CNCC2CCN(c3ncc(C(=O)NO)cn3)CC2)c2ccccc21,8.96,1
CHEMBL5218918,CCC(=O)CCCCC[C@H](NC(=O)[C@H]1CC12CCN(C)CC2)c1ncc(-c2ccc3nc(C4CC4)ccc3c2)[nH]1,8.96,1
CHEMBL5218693,CCC(=O)CCCCC[C@H](NC(=O)[C@H]1CC12CCN(CC)CC2)c1ncc(-c2cc3ccc(C)nc3cc2OC)o1,8.96,1
CHEMBL5192364,COc1cc(-c2nc(-c3nnc(CCCCC(=O)NO)o3)cc3c2[nH]c2ccccc23)cc(OC)c1OC,8.92,1
CHEMBL5288006,[11CH3]n1cc(CCNCc2ccc(/C=C/C(=O)NO)cc2)c2ccccc21,8.92,1
CHEMBL343557,Cn1cc(CCNCc2ccc(/C=C/C(=O)NO)cc2)c2ccccc21,8.92,1
CHEMBL5220278,CCC(=O)CCCCC[C@H](NC(=O)[C@H]1CC12CCN(C)CC2)c1ncc(-c2cc3ccc(C)nc3cc2OC)o1,8.89,1
CHEMBL146250,C/C=C1\NC(=O)[C@@H](CS)NC(=O)[C@@H](C(C)C)NC(=O)C[C@@H](/C=C/CCS)OC(=O)[C@H](C(C)C)NC1=O,8.85,3
CHEMBL3317812,C[C@@]12CSC(=N1)c1csc(n1)CNC(=O)C[C@@H](/C=C/CCS)OC(=O)[C@H](Cc1c[nH]cn1)NC2=O,8.85,1
CHEMBL3317817,CC(C)(C)OC(=O)NCCC[C@@H]1NC(=O)[C@]2(C)CSC(=N2)c2csc(n2)CNC(=O)C[C@@H](/C=C/CCS)OC1=O,8.85,1
CHEMBL4642518,CCC(=O)CCCCC[C@H](NC(=O)[C@H]1CC12CCN(C)CC2)c1ncc(-c2cc3ccccc3nc2OC)[nH]1,8.85,1
CHEMBL4644038,CCC(=O)CCCCC[C@H](NC(=O)[C@H]1CC12CCN(C(C)C)CC2)c1ncc(-c2cc3ccccc3nc2OC)[nH]1,8.85,1
CHEMBL4780974,CCC(=O)CCCCC[C@H](NC(=O)[C@H]1CC12CCN(CC)CC2)c1ncc(C2=CCC(C)N=C2OC)[nH]1,8.85,1
CHEMBL5218586,CCC(=O)CCCCC[C@H](NC(=O)[C@H]1CC12CCN(C)CC2)c1ncc(-c2cc3cccnc3cc2OC)[nH]1,8.85,1
CHEMBL5220233,CCC(=O)CCCCC[C@H](NC(=O)[C@H]1CC12CCN(C)CC2)c1ncc(-c2cc3ccc(C)nc3cc2F)[nH]1,8.85,1
CHEMBL5199007,O=C(CCCCCCC(=O)Nc1nc2c(s1)C[C@@H](NC(=O)c1cccc3ccccc13)CC2)NO,8.85,1
CHEMBL4759693,CCC(=O)CCCCC[C@H](NC(=O)[C@H]1CC12CCN(C)CC2)c1[nH]c(-c2ccc3nc(C)ccc3c2)nc1C#N,8.82,1
CHEMBL4552057,Nc1ccc(-c2nc(N3CCOCC3)c3cnn(CCCCCCC(=O)NO)c3n2)cc1,8.8,1
CHEMBL4856631,CCC(=O)CCCCC[C@H](NC(=O)[C@H]1CC12CCN(C)CC2)c1ncc(-c2ccc3c(=O)n(C)ccc3c2)[nH]1,8.8,2
CHEMBL5177696,COc1cc(OC)cc(N(CCNC(C)C)c2ccc3ncc(-c4cnn(CCCCCCC(=O)NO)c4)nc3c2)c1,8.8,1
CHEMBL3317810,C[C@@]12CSC(=N1)c1csc(n1)CNC(=O)C[C@@H](/C=C/CCS)OC(=O)[C@H](Cc1ccccc1)NC2=O,8.77,1
CHEMBL4746782,CCC(=O)CCCCC[C@H](NC(=O)[C@H]1CC12CCN(C)CC2)c1[nH]c(-c2ccc(-c3cccnc3)cc2)nc1C#N,8.77,1
CHEMBL4642023,CCC(=O)CCCCC[C@H](NC(=O)[C@H]1CC12CCC(N(C)C)CC2)c1ncc(-c2cc3ccccc3nc2OC)[nH]1,8.74,1
CHEMBL4753452,CCC(=O)CCCCC[C@H](NC(=O)[C@H]1CC12CCN(CC)CC2)c1ncc(-c2cc(Cl)ccc2OC)[nH]1,8.74,1
CHEMBL4763061,Cl.O=C(NO)c1cnc(N2CCC3(CCN(Cc4c[nH]c5ccccc45)C3)CC2)nc1,8.74,1
CHEMBL5185310,Cc1[nH]c2ccccc2c1C1=CCC(NCc2ccc(OCC(=O)NO)cc2F)CC1,8.72,1
CHEMBL3593247,CC(C)[C@@H]1NC(=O)[C@]2(C)CSC(=N2)c2csc(n2)CNC(=O)C[C@@H](/C=C/CCS)OC1=O,8.71,4
CHEMBL5274330,O=C(CCCCCC(=O)N(Cc1ccc(Br)s1)c1ccc(OCCN2CCOCC2)cc1)NO,8.71,2
CHEMBL3891420,O=C(NO)c1cnc(NC2(c3ccccc3)CCN(C(=O)Cc3c[nH]c4ccccc34)CC2)nc1,8.7,1
CHEMBL4638264,CCC(=O)CCCCC[C@H](NC(=O)[C@H]1CCC12CCN(CC)CC2)c1ncc(-c2cc3ccccc3nc2OC)[nH]1,8.7,1
CHEMBL4792257,CCC(=O)CCCCC[C@H](NC(=O)[C@H]1CC12CCN(CC)CC2)c1ncc(-c2cc(C)ccc2OC)[nH]1,8.7,1
CHEMBL4861271,CCC(=O)CCCCC[C@H](NC(=O)[C@H]1CC12CCN(C)CC2)c1ncc(-c2cc3ccc(N4CCCC4)nc3cc2OC)[nH]1,8.7,1
CHEMBL5220616,CCC(=O)CCCCC[C@H](NC(=O)[C@H]1CC12CCN(C)CC2)c1ncc(-c2ccc3nc(N4CCCC4)ccc3c2)[nH]1,8.7,1
CHEMBL5218767,CCC(=O)CCCCC[C@H](NC(=O)[C@H]1CC12CCN(CC)CC2)c1ncc(-c2cc3ccn(CC)c(=O)c3cc2OC)o1,8.7,1
CHEMBL5853881,COc1ccc2c(c1)C(=O)N(CCCCCC(=O)NO)c1ccccc1S2(=O)=O,8.7,1
CHEMBL1771484,C#CCOc1ccc(/C=N/NC(=O)CCCCCCC(=O)NO)cc1,8.68,1
CHEMBL3759982,O=C(CCCCCC(=O)N/N=C/c1ccc(-c2ccccc2)cc1)NO,8.68,1
CHEMBL4536105,COc1ncc(-c2cc(OCCCCCCC(=O)NO)c3ncnc(C)c3c2)cc1F,8.68,2
CHEMBL4761973,CCC(=O)CCCCC[C@H](NC(=O)[C@H]1CC12CCN(C)CC2)c1[nH]c(-c2ccc3nn(C)cc3c2)nc1C#N,8.68,1
CHEMBL5219359,CCC(=O)CCCCC[C@H](NC(=O)[C@H]1CC12CCN(C)CC2)c1ncc(-c2ccc3nc(-c4ncco4)ccc3c2)[nH]1,8.68,1
CHEMBL4873493,CCC(=O)CCCCC[C@H](NC(=O)[C@H]1CC12CCN(CC)CC2)c1ncc(-c2cc3cccnc3cc2OC)o1,8.66,1
CHEMBL5187023,O=C(CCCCc1nnc(-c2cc3c([nH]c4ccccc43)c(-c3ccc(C(F)(F)F)cc3)n2)o1)NO,8.66,1
CHEMBL5219634,CCC(=O)CCCCC[C@H](NC(=O)[C@H]1CC12CCN(C)CC2)c1ncc(-c2ccc3nc(OC)ccc3c2)[nH]1,8.66,1
CHEMBL5220254,CCC(=O)CCCCC[C@H](NC(=O)[C@H]1CC12CCN(C)CC2)c1ncc(-c2cc3ccc(C)nc3cc2CC)[nH]1,8.66,1
CHEMBL5220715,CCC(=O)CCCCC[C@H](NC(=O)[C@H]1CC12CCN(CC)CC2)c1ncc(-c2cc3cccnc3nc2OC)o1,8.66,1
CHEMBL2048750,COc1ccc(S(=O)(=O)n2ccc3cc(/C=C/C(=O)NO)ccc32)cc1OC,8.64,1
CHEMBL5219006,CCC(=O)CCCCC[C@H](NC(=O)[C@H]1CC12CCN(C)CC2)c1ncc(-c2ccc3nc(CC)ccc3c2)[nH]1,8.64,1
CHEMBL5219039,CCC(=O)CCCCC[C@H](NC(=O)[C@H]1CC12CCN(C)CC2)c1ncc(-c2cc3ccncc3nc2OC)[nH]1,8.64,1
CHEMBL6173091,O=C(CCCCCC(=O)N[C@@H]1C[C@H]1c1ccccc1)NO,8.64,1
CHEMBL5220454,CCC(=O)CCCCC[C@H](NC(=O)[C@H]1CC12CCN(CC)CC2)c1ncc(-c2cc3ccc(=O)n(C)c3cc2OC)o1,8.62,1
CHEMBL5314582,CC(C)[C@H](N)C(=O)SCC/C=C/[C@@H]1CC(=O)NCc2nc(cs2)C(=O)NC(C)(C)C(=O)N[C@@H](C(C)C)C(=O)O1.O=S(=O)(O)c1ccccc1,8.62,1
CHEMBL4441774,CC(C)[C@@H]1NC(=O)[C@]2(C)CSC(=N2)c2csc(n2)CNC(=O)C[C@@H](/C=C(\F)CCS)OC1=O,8.61,1
CHEMBL484073,O=C(/C=C/c1ccc2cccnc2c1)NCCCCCC(=O)NO,8.6,1
CHEMBL5219590,CCC(=O)CCCCC[C@H](NC(=O)[C@H]1CC12CCN(C)CC2)c1ncc(-c2cc3ccccc3n(C)c2=O)[nH]1,8.6,1
CHEMBL5219739,CCC(=O)CCCCC[C@H](NC(=O)[C@H]1CC12CCN(C)CC2)c1ncc(-c2ccc(-c3cccnc3)cc2)[nH]1,8.6,1
CHEMBL5274004,CN(CCc1ccccc1)S(=O)(=O)c1cccc(/C=C/C(=O)NO)c1,8.6,2
CHEMBL5275259,COc1ccc(-c2nc(C(=O)NCc3ccc(C(=O)NO)cc3)cc3c2[nH]c2ccccc23)cc1,8.59,1
CHEMBL3827894,CN(Cc1nc2c(N3CCOCC3)nc(-c3cnc(N)nc3)nc2n1C)c1ncc(C(=O)NO)cn1,8.58,1
CHEMBL3827517,CN(Cc1nc2c(N3CCOCC3)nc(-c3ccncc3)nc2n1C)c1ncc(C(=O)NO)cn1,8.55,1
CHEMBL5271471,CCC(=O)CCCCC[C@H](NC(=O)C1CN(C)C1)c1ncc(-c2cc3ccccc3nc2OC)o1,8.55,1
CHEMBL3827814,CN(Cc1nc2c(N3CCOCC3)nc(-c3ccc(N)cc3)nc2n1C)c1ncc(C(=O)NO)cn1,8.54,1
CHEMBL4742026,CCC(=O)CCCCC[C@H](NC(=O)[C@H]1CC12CCN(C)CC2)c1ncc(-c2cn(C)c3ccccc23)[nH]1,8.54,1
CHEMBL5619281,CCCC(CCC)C(=O)N[C@@H](Cc1ccccc1)C(=O)NO,8.54,1
CHEMBL484489,O=C(/C=C/c1ccc(Cl)cc1F)NCCCCCC(=O)NO,8.52,1
CHEMBL6141853,O=C(CCCCCCn1c2cc3c(cc2c2ncc4ccccc4c21)OCO3)NO,8.52,1
CHEMBL490018,CC(/C=C/c1ccccc1)=C\C(=O)NCCCCCC(=O)NO,8.51,1
CHEMBL3317816,CC(C)(C)OC(=O)NCC[C@@H]1NC(=O)[C@]2(C)CSC(=N2)c2csc(n2)CNC(=O)C[C@@H](/C=C/CCS)OC1=O,8.51,1
CHEMBL5185297,O=C(COc1ccc(CNCCc2c[nH]c3ccccc23)c(F)c1)NO,8.51,1
CHEMBL5218535,CCC(=O)CCCCC[C@H](NC(=O)[C@H]1CC12CCN(C)CC2)c1ncc(-c2ccc3ncccc3c2)[nH]1,8.51,1
CHEMBL5218926,CCC(=O)CCCCC[C@H](NC(=O)[C@H]1CC12CCN(C)CC2)c1ncc(-c2ccc(-c3ccncc3)cc2)[nH]1,8.51,1
CHEMBL5269123,COc1ccc(/C=N/NC(=O)CCCCCCCC(=O)NO)cc1,8.51,1
CHEMBL5415232,Nc1nn(-c2ccccc2)nc1C(=O)NCc1ccc(C(=O)NO)cc1,8.51,1
CHEMBL4862556,CCC(=O)CCCCC[C@H](NC(=O)[C@H]1CC12CCN(C)CC2)c1ncc(-c2cc3cccnc3cc2OC)o1,8.49,2
CHEMBL4846560,Nc1nc2cc(-c3nn(CCCCCCC(=O)NO)c4ncnc(N)c34)ccc2o1,8.49,1
CHEMBL5219490,CCC(=O)CCCCC[C@H](NC(=O)[C@H]1CC12CCN(CC)CC2)c1ncc(-c2cc3ccncc3nc2OC)o1,8.49,1
CHEMBL3759186,COc1cc2ncnc(Nc3ccc(Br)cc3)c2cc1OCCCCCCC(=O)NO,8.48,1
CHEMBL5219969,CCC(=O)CCCCC[C@H](NC(=O)[C@H]1CC12CCN(C)CC2)c1ncc(-c2ccc3nn(C)cc3c2)[nH]1,8.48,1
CHEMBL3593407,CC(C)[C@@H]1NC(=O)[C@]2(C)CSC(=N2)c2csc(n2)CNC(=O)C[C@@H](/C=C/CCS)NC1=O,8.47,1
CHEMBL4462577,COc1ccc(-c2cc(OCCN(C)c3ncc(C(=O)NO)cn3)c3ncnc(C)c3c2)cn1,8.47,2
CHEMBL4870348,CNC(=O)CCCCCCCn1nc(-c2ccc3oc(N)nc3c2)c2c(N)ncnc21,8.47,1
CHEMBL4799886,COc1ccc(F)c(-c2ccc3c(NC(=O)CCCCCCC(=O)NO)n[nH]c3c2)c1,8.46,1
CHEMBL4517151,Cc1ccc(CN2CCC(c3noc(CN(C)c4ncc(C(=O)NO)cn4)n3)CC2)cc1,8.44,1
CHEMBL4638330,CCC(=O)CCCCC[C@H](NC(=O)[C@@H]1CC12CN(C)C2)c1ncc(-c2cc3ccccc3nc2OC)[nH]1,8.44,1
CHEMBL4637745,CCC(=O)CCCCC[C@H](NC(=O)C1CCC2(CC1)CN(C)C2)c1ncc(-c2cc3ccccc3nc2OC)[nH]1,8.44,1
CHEMBL4786350,O=C(CCCCCCC(=O)Nc1n[nH]c2cc(-c3ccc(Cl)cc3)ccc12)NO,8.44,2
CHEMBL4859950,CCC(=O)CCCCC[C@H](NC(=O)[C@H]1CC12CCN(C)CC2)c1ncc(-c2ccc3c(c2)C2CCC3C2)[nH]1,8.43,1
CHEMBL2022825,O=C(N[C@@H](CCCCCCSSc1ccccn1)C(=O)Nc1nc(-c2ccccc2)cs1)OCc1ccccc1,8.41,1
CHEMBL3828518,COc1ccc(-c2nc(N3CCOCC3)c3nc(CN(C)c4ncc(C(=O)NO)cn4)n(C)c3n2)cc1,8.41,1
CHEMBL4061025,C/C=C1\NC(=O)[C@H](CS)NC(=O)[C@@H](C(C)C)NC(=O)C[C@@H](/C=C/CS)OC(=O)[C@H](C(C)C)NC1=O,8.41,1
CHEMBL4639206,CCC(=O)CCCCC[C@H](NC(=O)[C@H]1CC12CCN(Cc1cccnc1)CC2)c1ncc(-c2cc3ccccc3nc2OC)[nH]1,8.41,1
CHEMBL4790137,COc1cccc(-c2ccc3c(NC(=O)CCCCCCC(=O)NO)n[nH]c3c2)c1,8.41,1
CHEMBL216641,COc1ccc2[nH]c(C)c(CC(=O)N[C@@H](CCCCCC(=O)NO)C(=O)NCCc3c(-c4ccccc4)[nH]c4ccccc34)c2c1,8.4,1
CHEMBL1801250,O=C(NO)c1cnc(N2C[C@@H]3[C@H](C2)[C@H]3NCc2ccc3cc(F)ccc3n2)nc1,8.4,1
CHEMBL2048746,O=C(/C=C/c1ccc2c(ccn2S(=O)(=O)c2ccccc2)c1)NO,8.4,1
CHEMBL4785064,Nc1ccc(-c2nc(N3CCOCC3)c3ncn(CCCCCCC(=O)NO)c3n2)cn1,8.4,1
CHEMBL4792980,O=C(CCCCCCC(=O)Nc1n[nH]c2cc(-c3cccc(Cl)c3)ccc12)NO,8.4,1
CHEMBL6003322,COc1ccc2c(c1)C(=O)N(CCCCCC(=O)NO)c1ccccc1S2,8.4,1
CHEMBL5796974,CN(Cc1ccc(/C=C/C(=O)NO)cc1)CC12CC3CC(CC(C3)C1)C2,8.4,3
CHEMBL6133873,O=C(CCCCCONC(=O)c1nc(-c2ccc(N3CCCC3)cc2)cs1)NO,8.4,1
CHEMBL4744689,Nc1ncc(-c2nc(N3CCOCC3)c3ccn(CCCCCCC(=O)NO)c3n2)cn1,8.39,1
CHEMBL5219422,CCC(=O)CCCCC[C@H](NC(=O)[C@H]1CC12CCN(C)CC2)c1ncc(-c2ccc(-c3cnccn3)cc2)[nH]1,8.39,1
CHEMBL5557446,CNCCNCc1cccc(-c2nc(Nc3cccc(OCCCCCCC(=O)NO)c3)c(C)c(-c3ccnc4[nH]ccc34)n2)c1,8.39,2
CHEMBL4745088,CCC(=O)CCCCC[C@H](NC(=O)[C@H]1CC12CCN(C)CC2)c1ncc(-c2cnc3ccccc3c2)[nH]1,8.38,3
CHEMBL4776328,CCOc1cccc(-c2ccc3c(NC(=O)CCCCCCC(=O)NO)n[nH]c3c2)c1,8.38,1
CHEMBL4788954,COc1ccc(-c2ccc3c(NC(=O)CCCCCCC(=O)NO)n[nH]c3c2)cc1,8.38,3
CHEMBL5220720,CCC(=O)CCCCC[C@H](NC(=O)[C@H]1CC12CCN(C)CC2)c1ncc(-c2ccc3nc(-n4cccn4)ccc3c2)[nH]1,8.38,1
CHEMBL3593409,CC(C)[C@@H]1NC(=O)[C@]2(C)CSC(=N2)c2cccc(n2)CNC(=O)C[C@@H](/C=C/CCS)OC1=O,8.36,1
CHEMBL3593411,CC(C)[C@@H]1NC(=O)[C@]2(C)CSC(=N2)c2ccnc(c2)CNC(=O)C[C@@H](/C=C/CCS)OC1=O,8.36,1
CHEMBL4786031,O=C(CCCCCCC(=O)Nc1n[nH]c2cc(-c3ccccc3F)ccc12)NO,8.36,1
CHEMBL4639966,O=C(NO)c1ccc(NC(=O)C2(c3ccc(-c4cn[nH]c4)cc3)CCCCC2)cc1,8.35,2
CHEMBL4648704,CCC(=O)CCCCC[C@H](NC(=O)[C@H]1CC12CCN(CC)CC2)c1ncc(-c2cc3ccccc3nc2OC)o1,8.35,1
CHEMBL4793650,COc1ccc(-c2ccc3c(NC(=O)CCCCCCC(=O)NO)n[nH]c3c2)cc1OC,8.34,1
CHEMBL4646915,CCC(=O)CCCCC[C@H](NC(=O)[C@H]1CC12CCN(C)CC2)c1ncc(-c2cc3ccccc3nc2OC)o1,8.33,1
CHEMBL5435925,COc1ccc(-c2cc(C(=O)NCc3ccc(C(=O)NO)cc3)ccn2)cc1,8.33,1
CHEMBL6163227,Cc1cc2c(cc1C#N)c(-c1cccc(N)c1C)cn2CCCCCCC(=O)NO,8.33,1
CHEMBL4788942,COc1cc(OC)cc(-c2ccc3c(NC(=O)CCCCCCC(=O)NO)n[nH]c3c2)c1,8.32,1
CHEMBL3356924,Cc1cccc(NC(=O)[C@H](CCCCCS)NC(=O)[C@H]2CCC(=O)N2C)c1,8.3,1
CHEMBL3759059,COc1ccc(Br)c(/C=N/NC(=O)CCCCCC(=O)NO)c1,8.3,1
CHEMBL3622533,COc1ccc(-c2nc(N3CCOCC3)c3sc(CN(C)c4ncc(C(=O)NO)cn4)cc3n2)cn1,8.3,9
CHEMBL585939,CC(C)C[C@H]1CC(=O)N[C@@H](C)C(=O)N[C@@H](CCCCCC(=O)NO)C(=O)N[C@@H](Cc2c[nH]c3ccccc23)C(=O)N1,8.3,1
CHEMBL4785376,CCC(=O)CCCCC[C@H](NC(=O)[C@H]1CC12CCN(CC)CC2)c1[nH]c(-c2ccc(F)cc2)nc1C(N)=O,8.3,2
CHEMBL4794998,C=CC(=O)Nc1cc2c(Nc3cccc(Cl)c3F)ncnc2cc1OCc1cn(CCCC(=O)NO)nn1,8.3,1
CHEMBL4782066,O=C(CCCCCCC(=O)Nc1n[nH]c2cc(-c3cccc(C(F)(F)F)c3)ccc12)NO,8.3,1
CHEMBL4867665,CCCC[C@H](NC(=O)[C@H](CN)c1c(C)[nH]c2ccc(O)cc12)c1ncc(-c2cc3ccccc3nc2OC)[nH]1,8.3,1
CHEMBL4848938,Nc1ccc(-c2cccs2)cc1NC(=O)c1ccc2c(c1)CC(=O)N2CCN1CCOCC1,8.3,1
CHEMBL4856764,Nc1ccc(-c2cccs2)cc1NC(=O)c1ccc2c(c1)CC(=O)N2CCCN1CCOCC1,8.3,1
CHEMBL4856052,CN(C)CCNc1ccc2cc(C(=O)Nc3cc(-c4cccs4)ccc3N)ncc2c1,8.3,1
CHEMBL5219338,CCC(=O)CCCCC[C@H](NC(=O)[C@H]1CC12CCN(CC)CC2)c1ncc(-c2ccc(-c3ccccc3)[nH]c2=O)[nH]1,8.3,1
CHEMBL5278968,COc1ccc(-c2nc(N3CCOCC3)c3sc(CN(C)c4ccc(C(=O)NO)cc4)cc3n2)cn1,8.3,1
CHEMBL5435505,CN1c2ccc(NCC3CCN(c4ncc(C(=O)NO)cn4)CC3)cc2C(=O)N2CCc3c([nH]c4ccc(O)cc34)C21,8.3,2
CHEMBL6164091,O=C(CCCCCCCn1c2cc3c(cc2c2[nH]c(=O)c4ccccc4c21)OCO3)NO,8.3,1
CHEMBL344227,O=C(/C=C/c1ccc(CNCCc2c[nH]c3ccccc23)cc1)NO,8.3,1
CHEMBL4638976,CCC(=O)CCCCC[C@H](NC(=O)CC1CC2(C1)CN(C)C2)c1ncc(-c2cc3ccccc3nc2OC)[nH]1,8.29,1
CHEMBL5093798,Cl.Cn1cc(CN2CC3(CCN(c4ncc(C(=O)NO)cn4)C3)C2)c2ccc(C#N)cc21,8.29,1
CHEMBL5220408,CCC(=O)CCCCC[C@H](NC(=O)[C@H]1CC12CCN(C)CC2)c1ncc(-c2cc3ccc(C)nc3cc2F)o1,8.29,1
CHEMBL3329991,Cc1[nH]c2ccccc2c1CCNS(=O)(=O)c1ccc(/C=C/C(=O)NO)cc1,8.29,1
CHEMBL2022829,O=C(N[C@@H](CCCCCCSSc1ccccn1)C(=O)OCC1c2ccccc2-c2ccccc21)OCc1ccccc1,8.28,1
CHEMBL3952742,O=C(NO)c1cnc(NC2(c3ccccc3)CCN(C(=S)Nc3ccccc3)CC2)nc1,8.28,1
CHEMBL4644118,CCC(=O)CCCCC[C@H](NC(=O)[C@H]1C[C@]12CCN(C)C2)c1ncc(-c2cc3ccccc3nc2OC)[nH]1,8.28,1
CHEMBL4633758,CCC(=O)CCCCC[C@H](NC(=O)C1=NOC2(CCN(C)CC2)C1)c1ncc(-c2cc3ccccc3nc2OC)[nH]1,8.28,1
CHEMBL4792567,O=C(CCCCCCC(=O)Nc1n[nH]c2cc(-c3ccccc3Cl)ccc12)NO,8.28,1
CHEMBL4777182,COc1cccc(-c2ccc3c(NC(=O)CCCCCCC(=O)NO)n[nH]c3n2)c1,8.28,1
CHEMBL4641343,CCC(=O)CCCCC[C@H](NC(=O)C1CC2(C1)CN(C)C2)c1ncc(-c2cc3ccccc3nc2OC)[nH]1,8.27,1
CHEMBL4786063,COc1ccccc1-c1ccc2c(NC(=O)CCCCCCC(=O)NO)n[nH]c2c1,8.27,1
CHEMBL5218980,CCC(=O)CCCCC[C@H](NC(=O)[C@H]1CC12CCN(C)CC2)c1ncc(-c2ccc3c(ccc(=O)n3C)c2)[nH]1,8.27,1
CHEMBL4060201,O=C(CCCCCCn1cc(-c2ncnc3[nH]ccc23)cn1)NO,8.24,1
CHEMBL5219978,CCC(=O)CCCCC[C@H](NC(=O)[C@H]1CC12CCN(C)CC2)c1ncc(-c2cc3ccc(C4CC4)nc3cc2F)o1,8.23,1
CHEMBL3655993,O=C(NO)c1cnc(NC2(c3c(F)cccc3F)CC2)nc1,8.22,1
CHEMBL4749655,O=C(CCCCCCn1cnc2c(N3CCOCC3)nc(-c3cccc(CO)c3)nc21)NO,8.22,1
CHEMBL4776974,COc1cccc(-c2ccc3c(NC(=O)CCCCCCC(=O)NO)n[nH]c3c2)c1F,8.22,1
CHEMBL5189990,CCNNC(=O)c1ccc(CNC(=O)Nc2cccc3cccnc23)cc1,8.22,1
CHEMBL3317815,C[C@@]12CSC(=N1)c1csc(n1)CNC(=O)C[C@@H](/C=C/CCS)OC(=O)[C@H](CCCN)NC2=O,8.2,1
CHEMBL3758735,O=C(CCCCCC(=O)N/N=C/c1ccc(-c2cccs2)cc1)NO,8.2,1
CHEMBL4748244,CCC(=O)CCCCC[C@H](NC(=O)[C@H]1CC12CCN(C)CC2)c1[nH]c(-c2ccc(F)cc2)nc1C(N)=O,8.2,1
CHEMBL4634829,CCC(=O)CCCCC[C@H](NC(=O)[C@H]1C[C@@]12CCN(C)C2)c1ncc(-c2cc3ccccc3nc2OC)[nH]1,8.19,1
CHEMBL5785366,O=C(/C=C/c1ccc(CNCC23CC4CC(CC(C4)C2)C3)c(F)c1)NO,8.19,1
CHEMBL4291290,C[C@@]12CSC(=N1)c1csc(n1)CNC(=O)C[C@@H](/C=C/CCS)OC(=O)[C@H](CCCCNC(=O)O[C@@H]1CC/C=C/CCC1)NC2=O,8.18,1
CHEMBL3633769,COc1cc2ncnc(Nc3ccc(Cl)cc3Cl)c2cc1OCCCCCC(=O)NO,8.17,1
CHEMBL4170617,CC(C)CCN(CCCCCCC(=O)NO)c1ncc(C(=O)NCCCn2ccnc2)s1,8.17,1
CHEMBL3758870,O=C(CCCCCC(=O)N/N=C/c1ccc(-c2ccccn2)cc1)NO,8.16,1
CHEMBL4636652,CCC(=O)CCCCC[C@H](NC(=O)[C@H]1CC12CN(C)C2)c1ncc(-c2cc3ccccc3nc2OC)[nH]1,8.15,1
CHEMBL4632775,CN1CC(C(=O)N[C@@H](CCCCCC(=O)c2ncco2)c2ncc(-c3ccc(F)cc3)[nH]2)C1,8.15,1
CHEMBL4446027,CC(C)[C@@H]1NC(=O)[C@]2(C)CSC(=N2)c2csc(n2)CNC(=O)C[C@@H](/C(F)=C/CCS)NC1=O,8.13,1
CHEMBL5086750,C/C=C1\NC(=O)c2csc(n2)CNC(=O)C[C@@H](/C=C/CCSSCCCCCCC)OC(=O)[C@H](CCCCN)NC1=O,8.12,1
CHEMBL2375871,O=C(/C=C/c1ccc(CNCC23CC4CC(CC(C4)C2)C3)cc1)NO,8.11,1
CHEMBL3098602,O=C(CCCCC[C@H](NC(=O)[C@H]1CCC(=O)N1)C(=O)Nc1cccc(C(F)(F)F)c1)NO,8.1,2
CHEMBL4642874,O=C(NO)c1ccc(NC(=O)C2(c3ccc4ccccc4c3)CCOCC2)cc1,8.1,1
CHEMBL6152466,O=C(CCCCCCNC(=O)c1cc2cc(-c3cn[nH]c3)ccc2s1)NO,8.1,1
CHEMBL3309297,CC1(C)CC(=O)Nc2ccc(C(=O)NC[C@H]3CC[C@H](/C=C/C(=O)NO)CC3)cc21,8.09,1
CHEMBL4644387,CCC(=O)CCCCC[C@H](NC(=O)[C@H]1CC12CCN(Cc1ccccc1)CC2)c1ncc(-c2cc3ccccc3nc2OC)[nH]1,8.09,1
CHEMBL6173928,O=C(NO)c1ccc(CN2CCC(S(=O)(=O)N[C@@H]3C[C@H]3c3ccccc3)CC2)cc1,8.08,1
CHEMBL356066,O=C(/C=C/c1ccc(CN(CCO)CCc2c[nH]c3ccccc23)cc1)NO,8.07,4
CHEMBL4644307,N[C@@H](CCCCCC(=O)c1ccon1)c1ncc(-c2ccccc2F)[nH]1,8.07,1
CHEMBL4869000,CCC(=O)CCCCC[C@@H]1NC(=O)[C@H]2CC23CCN(CCCOCCCn2ccc4cc(ccc4c2=O)-c2cnc1[nH]2)CC3,8.07,1
CHEMBL609583,O=C(NO)c1cnc(N2CCN(S(=O)(=O)c3ccc4ccccc4c3)CC2)nc1,8.05,1
CHEMBL3655984,O=C(NO)c1cnc(NCc2ccc(-c3ccccc3)cc2)nc1,8.05,1
CHEMBL3655995,O=C(NO)c1cnc(NC2(c3cc(C(F)(F)F)ccc3F)CC2)nc1,8.05,1
CHEMBL3935353,O=C(NO)c1cnc(NC2(c3ccccc3)CCN(C(=O)Cc3cc4ccccc4[nH]3)CC2)nc1,8.05,1
CHEMBL4776599,COc1ccc(-c2ccc3c(NC(=O)CCCCCCC(=O)NO)n[nH]c3n2)cc1,8.05,1
CHEMBL443392,CCC(=O)CCCCC[C@@H]1NC(=O)[C@H]2CCCCN2C(=O)[C@H]([C@H](C)CC)NC(=O)[C@H](Cc2cn(OC)c3ccccc23)NC1=O,8.05,1
CHEMBL4873847,CCC(=O)CCCCC[C@H]1NC(=O)[C@H]2CCCCN2C(=O)[C@H]([C@@H](C)CC)NC(=O)[C@@H](Cc2cn(OC)c3ccccc23)NC1=O,8.05,1
CHEMBL4646582,CCC(=O)CCCCC[C@H](NC(=O)[C@@H]1CCC12CCN(CC)CC2)c1ncc(-c2cc3ccccc3nc2OC)[nH]1,8.04,1
CHEMBL4758559,CCOC(=O)c1cc2cc(OC)c(-c3cnc([C@H](CCCCCC(=O)CC)NC(=O)[C@H]4CC45CCN(CC)CC5)[nH]3)cc2o1,8.04,1
CHEMBL6120653,CCCC[C@H](NC(=O)[C@H](CN)c1c[nH]c2ccc(OC)cc12)c1nc(-c2ccc3cc(OC)ncc3c2)c[nH]1,8.04,1
CHEMBL487253,Cn1c(CCCC(=O)O)nc2cc(N(CCCl)CCCl)ccc21,8.03,2
CHEMBL4516759,CC(C)[C@@H]1NC(=O)[C@]2(C)CSC(=N2)c2csc(n2)CNC(=O)C(F)(F)[C@@H](/C=C/CCS)NC1=O,8.03,1
CHEMBL4759606,CCC(=O)CCCCC[C@H](NC(=O)[C@H]1CC12CCN(CC)CC2)c1ncc(-c2cc(F)ccc2OC)[nH]1,8.03,1
CHEMBL4855319,CC(C)S(=O)(=O)c1ccccc1Nc1nc(Nc2ccc(NC(=O)CCCCCCC(=O)NO)cc2)ncc1Cl,8.03,1
CHEMBL4632432,CCC(=O)CCCCC[C@H](NC(=O)[C@H]1CC12CCN(CC(F)(F)F)CC2)c1ncc(-c2cc3ccccc3nc2OC)[nH]1,8.01,1
CHEMBL3311466,CC1(C)CC(=O)Nc2ccc(NC(=O)CCCCCCC(=O)NO)cc21,8.0,1
CHEMBL4848779,CN1C(=O)Cc2cc(C(=O)Nc3cc(-c4cccs4)ccc3N)ccc21,8.0,1
CHEMBL4853232,Nc1ccc(-c2ccccc2)cc1NC(=O)c1ccc2c(c1)ncn2CCN1CCOCC1,8.0,1
CHEMBL5181688,COc1cc(OC)cc(N(CCNC(C)C)c2ccc3ncc(-c4cnn(CCOc5ccc(C(=O)NO)cc5)c4)nc3c2)c1,8.0,1
CHEMBL5219241,CCC(=O)CCCCC[C@H](NC(=O)[C@H]1CC12CCN(C)CC2)c1ncc(-c2cnc3ncccc3c2)[nH]1,8.0,1
CHEMBL3989941,Cn1c(CCCCCCC(=O)NO)nc2cc(N(CCCl)CCCl)ccc21,8.0,1
CHEMBL5563252,COc1cc(OC)c(/C=C/S(=O)(=O)Cc2ccc(OC)c(NCC(=O)NO)c2)c(OC)c1,8.0,1
CHEMBL6142590,O=C(CCCCCONC(=O)c1nc(-c2cc3ccccc3o2)cs1)NO,8.0,1
CHEMBL6165888,Cn1c(CCCCCCC(=O)NO)nc2ccc(N(CCCl)CCCl)cc21,8.0,1
CHEMBL5218660,CN1c2ccccc2C(=O)N2[C@H](C(=O)Nc3ccc(C(=O)Nc4ccccc4N)cc3)Cc3c([nH]c4ccccc34)[C@@H]12,8.0,1
CHEMBL4640939,CCCN1CCC2(CC1)C[C@@H]2C(=O)N[C@@H](CCCCCC(=O)CC)c1ncc(-c2cc3ccccc3nc2OC)[nH]1,7.99,1
CHEMBL5434546,COc1ccc(-c2cc(-c3ccn(Cc4ccc(C(=O)NO)cc4)n3)ccn2)cc1,7.99,1
CHEMBL3759794,O=C(CCCCCC(=O)N/N=C/c1ccc(-c2cccnc2)cc1)NO,7.97,1
CHEMBL3983272,CN1CCN(CCn2ncc3cc(C(=O)Nc4cc(-c5ccccc5)ccc4N)ccc32)CC1,7.96,1
CHEMBL5220815,CCC(=O)CCCCC[C@H](NC(=O)[C@H]1CC12CCN(C)CC2)c1ncc(C2=CC3SC=NC3C=C2)[nH]1,7.96,1
CHEMBL6168062,Cc1ccc2c(CN[C@H]3CC[C@@H](Nc4ncc(C(=O)NO)cn4)CC3)cn(C)c2c1.Cl,7.96,1
CHEMBL6145085,CC(C)c1ccc(C(=O)N(CC(=O)NC2CCCCC2)CC2CCN(c3ncc(C(=O)NO)cn3)CC2)cc1,7.96,1
CHEMBL3827281,COc1ccc(-c2nc(N3CCOCC3)c3nc(CN(C)c4ncc(C(=O)NO)cn4)n(C)c3n2)cn1,7.94,1
CHEMBL3973951,O=C(/C=C/c1cccc(S(=O)(=O)c2ccc3ccccc3n2)c1)NO,7.94,1
CHEMBL5561706,CCOc1ccc(-c2nc(C(=O)NCc3ccc(C(=O)NO)cc3)c3[nH]c(=O)n(-c4cccnc4OC)c3n2)cn1,7.94,1
CHEMBL4759472,CCC(=O)CCCCC[C@H](NC(=O)[C@H]1CC12CCN(CC)CC2)c1[nH]c(-c2ccc(F)cc2)nc1C#N,7.93,1
CHEMBL3353927,O=C1CC[C@H](C(=O)N[C@@H](CCCCCS)C(=O)Nc2cccc(C(F)(F)F)c2)N1,7.92,2
CHEMBL3655992,O=C(NO)c1cnc(NC2(c3ccc(F)cc3F)CC2)nc1,7.92,1
CHEMBL3899844,Nc1ccc(-c2cccs2)cc1NC(=O)c1ccc2nc(N3CCNCC3)cnc2c1,7.92,1
CHEMBL4759072,C=CC(=O)Nc1cc2c(Nc3ccc(F)c(Cl)c3)ncnc2cc1OCc1cn(CCCC(=O)NO)nn1,7.92,1
CHEMBL5941984,CNc1ccc(C(=O)NCCCCCCC(=O)NO)cc1,7.92,1
CHEMBL598797,C#Cc1cccc(Nc2ncnc3cc(OC)c(OCCCCCCC(=O)NO)cc23)c1,7.9,1
CHEMBL1923808,O=C(CCCCCCC(=O)Nc1ccc([19F])cc1)NO,7.9,1
CHEMBL398420,COC(=O)NCc1ccc(C(=O)Nc2cc(-c3ccccc3)ccc2N)cc1,7.89,1
CHEMBL3356922,Cc1cccc(NC(=O)[C@H](CCCCCS)NC(=O)[C@@H]2CCC(=O)N2)c1,7.89,1
CHEMBL483254,Cc1[nH]c2ccccc2c1CCNCc1ccc(/C=C/C(=O)NO)cc1,7.89,17
CHEMBL4640415,O=C(O)c1cccc(-c2ccc(C3(C(=O)Nc4ccc(C(=O)NO)cc4)CCCC3)cc2)c1,7.89,1
CHEMBL5219118,CCC(=O)CCCCC[C@H](NC(=O)[C@H]1CC12CCN(C)CC2)c1ncc(-c2ccc(-c3cccnc3)cc2)o1,7.89,1
CHEMBL4460552,C[C@H](NC(=O)c1nc(-c2ncc(-c3ccccc3)s2)sc1C1CC1)c1ccc(C(=O)NO)cc1,7.88,1
CHEMBL4643947,CCC(=O)CCCCC[C@H](NC(=O)[C@H]1CC12CCN(CCC(F)(F)F)CC2)c1ncc(-c2cc3ccccc3nc2OC)[nH]1,7.88,1
CHEMBL4782327,O=C(CCCCCCC(=O)Nc1n[nH]c2cc(-c3ccccc3)ccc12)NO,7.88,1
CHEMBL470225,CCOP(=O)(CNCc1ccc(C(=O)Nc2cc(-c3cccs3)ccc2N)cc1)OCC,7.85,1
CHEMBL1801238,O=C(NO)c1cnc(N2C[C@@H]3[C@H](C2)[C@H]3NCc2ccc(Cl)cc2)nc1,7.85,1
CHEMBL3356923,Cc1cccc(NC(=O)[C@H](CCCCCS)NC(=O)[C@H]2CCC(=O)N2)c1,7.85,1
CHEMBL3758281,O=C(CCCCCC(=O)N/N=C/c1ccc(-c2ccncc2)cc1)NO,7.85,1
CHEMBL3971229,Nc1ccc(-c2cccs2)cc1NC(=O)c1cnc2c(C3CC3)c(N3CCNCC3)ccc2c1,7.85,1
CHEMBL5187433,CN(C)c1ccc(C(=O)N(CC(=O)NCc2ccccc2)Cc2ccc(C(=O)NO)cc2F)cc1,7.85,1
CHEMBL5218651,CCC(=O)CCCCC[C@H](NC(=O)[C@H]1CC12CCN(C)CC2)c1ncc(-c2cc3ccc(C)nc3cc2Cl)[nH]1,7.85,1
CHEMBL5559821,COc1ccccc1/C=C1\CC(=O)N(CCCCCCC(=O)NO)C1=O,7.85,1
CHEMBL5906819,O=C(/C=C/c1ccc(CNCC2CCCCC2)c(F)c1)NO,7.85,1
CHEMBL6150434,COc1ccc2c(CN[C@H]3CC[C@@H](Nc4ncc(C(=O)NO)cn4)CC3)cn(C)c2c1.Cl,7.85,1
CHEMBL343448,C/C=C1\NC(=O)[C@H]2CSSCC/C=C/[C@H](CC(=O)N[C@H](C(C)C)C(=O)N2)OC(=O)[C@H](C(C)C)NC1=O,7.83,16
CHEMBL3356916,Cc1cccc(NC(=O)[C@H](CCCCCS)NC(=O)[C@@H]2CCCC(=O)N2)c1,7.82,1
CHEMBL3925939,O=C(/C=C/c1cccc(S(=O)(=O)c2ccc3cccc(F)c3n2)c1)NO,7.82,1
CHEMBL3951875,Nc1ccc(-c2ccccc2)cc1NC(=O)c1cnc2c(C3CC3)c(N3CCNCC3)ccc2c1,7.82,1
CHEMBL4849606,CC(C)S(=O)(=O)c1ccccc1Nc1nc(Nc2ccc(C(=O)NCCCCCCC(=O)NO)cc2)ncc1Cl,7.82,1
CHEMBL4860757,CN(C)CCN(C)c1ccc2cc(C(=O)Nc3cc(-c4cccs4)ccc3N)cnc2c1,7.82,1
CHEMBL6146648,COc1ccc(-c2csc(C(=O)NOCCCCCC(=O)NO)n2)cc1,7.82,1
CHEMBL4797893,CCC(=O)CCCCC[C@H](NC(=O)[C@H]1CC12CCN(C)CC2)c1[nH]c(-c2ccc(C(F)(F)F)cc2)nc1C#N,7.81,1
CHEMBL5188297,O=C(CCCCCCC(=O)N/N=C/c1cnc(N(c2ccccc2)c2ccccc2)nc1)NO,7.81,1
CHEMBL5075729,O=C(CCCCCCC(=O)N/N=C/c1ccc(N(c2ccccc2)c2ccccc2)cc1)NO,7.81,1
CHEMBL164868,CC(/C=C/C(=O)NO)=C\[C@H](C)C(=O)c1ccc(N(C)C)cc1,7.8,1
CHEMBL4747553,CCC(=O)CCCCC[C@H](NC(=O)[C@H]1CC12CCN(CC)CC2)c1ncc(-c2cc(C(F)(F)F)ccc2OC)[nH]1,7.8,1
CHEMBL5201523,Nc1nc(-c2ccco2)c2cnn(Cc3cccc(OCCCCCCC(=O)NO)c3)c2n1,7.8,1
CHEMBL5220576,CCC(=O)CCCCC[C@H](NC(=O)[C@H]1CC12CCN(CC)CC2)c1ncc(-c2cc3nccnc3cc2OC)[nH]1,7.8,1
CHEMBL6195965,CC(O)COC[C@H]1O[C@H]2O[C@H]3[C@@H](O)[C@H](O)[C@@H](O[C@H]4[C@@H](O)[C@@H](O)[C@@H](O[C@H]5[C@@H](O)[C@H](O)[C@@H](O[C@H]6[C@@H](O)[C@H](O)[C@@H](O[C@@H]7[C@@H](O)[C@H](O)[C@H](O[C@H]8[C@@H](O)[C@H](O)[C@@H](O[C@@H]1[C@@H](O)[C@@H]2O)O[C@@H]8COCC(C)O)O[C@@H]7COCC(C)O)O[C@@H]6COCC(C)O)O[C@@H]5COCC(C)O)O[C@@H]4COCC(C)O)O[C@@H]3COCC(C)O,7.8,1
CHEMBL5080511,CCCNNC(=O)c1ccc(CNC(=O)c2cc3cc(OC)ccc3[nH]2)cc1,7.79,1
CHEMBL5086141,CCCNNC(=O)c1ccc(CNC(=O)c2cc3cc(O)ccc3o2)cc1,7.79,1
CHEMBL5091856,Cc1ccc2nc3c4ccccc4c(NCCCCCCC(=O)NO)nn3c(=O)c2c1,7.79,1
CHEMBL4176214,COc1cc2ccn(CCOc3ccc(NC(=O)CCCCCCC(=O)NO)cc3)c2cc1OC,7.78,1
CHEMBL5083249,CCCNNC(=O)c1ccc(CNC(=O)c2cc3ccccc3[nH]2)cc1,7.78,2
CHEMBL5078985,CCCNNC(=O)c1ccc(CNC(=O)c2cc3ccccc3o2)cc1,7.78,2
CHEMBL3656012,O=C(NO)c1cnc(NC2(c3cccc(F)c3F)CC2)nc1,7.77,1
CHEMBL3656010,O=C(NO)c1cnc(NC2(c3ccc(Cl)c(Cl)c3)CC2)nc1,7.77,1
CHEMBL3655997,O=C(NO)c1cnc(NC2(c3ccc4c(c3)OCO4)CC2)nc1,7.77,1
CHEMBL4225914,O=C(NO)c1ccc(CNC(=O)c2cc(-c3ccc(F)cc3)[nH]n2)cc1,7.77,1
CHEMBL4634521,O=C(NO)c1ccc(NC(=O)C2(c3ccc(Br)cc3)CCOCC2)cc1,7.77,1
CHEMBL5087431,CCCNNC(=O)c1ccc(CNC(=O)c2cc3ccccc3s2)cc1,7.77,2
CHEMBL5411914,Nc1ccc(-c2cccs2)cc1NC(=O)c1ccc(-c2cn(CCc3ccccn3)nn2)cc1,7.77,1
CHEMBL4647014,CCC(=O)CCCCC[C@H](NC(=O)[C@H]1CC12CCN(Cc1ccc(OC)cc1)CC2)c1ncc(-c2cc3ccccc3nc2OC)[nH]1,7.76,1
CHEMBL2448576,CCC(=O)CCCCC[C@H](NC(=O)C1CN(C)C1)c1ncc(-c2cc3ccccc3nc2OC)[nH]1,7.75,3
CHEMBL594544,O=C(NO)c1cnc(N2CCN(C(/C=C/c3ccc(F)cc3)CO)CC2)nc1,7.75,1
CHEMBL3311465,O=C(CCCCCCC(=O)Nc1ccc2c(c1)CCC(=O)N2)NO,7.75,1
CHEMBL3655959,O=C(NO)c1cnc(NC2(c3ccccc3F)CC2)nc1,7.75,1
CHEMBL4106624,CC(C)[C@@H](C(=O)N1CCC(Nc2ncc(C(=O)NO)cn2)(c2ccccc2)CC1)c1ccccc1,7.75,1
CHEMBL4649628,CCC(=O)CCCCC[C@H](NC(=O)[C@H]1CC12CCN(C(C)C)CC2)c1ncc(-c2cc3ccccc3nc2OC)o1,7.75,1
CHEMBL4776685,CCC(=O)CCCCC[C@H](NC(=O)C1CN(C)C1)c1[nH]c(-c2ccccc2)nc1C(N)=O,7.75,2
CHEMBL4754365,CCC(=O)CCCCC[C@H](NC(=O)[C@H]1CC12CCN(CC)CC2)c1ncc(-c2ccc(OC)nc2OC)[nH]1,7.75,1
CHEMBL5092046,Cc1ccc2nc3c4ccccc4c(NCCCCCCCC(=O)NO)nn3c(=O)c2c1,7.75,1
CHEMBL5280863,O=C(NO)c1ccc(CNC(=O)c2ccc3cccc(OCc4ccc(F)cc4)c3n2)cc1,7.75,1
CHEMBL1830399,CCCCc1nc2cc(/C=C/C(=O)NO)ccc2n1CCN(C)C,7.75,1
CHEMBL3758191,Cc1ccccc1-c1ccc(/C=N/NC(=O)CCCCCC(=O)NO)cc1,7.73,1
CHEMBL4467713,CC(C)[C@@H]1NC(=O)[C@]2(C)CSC(=N2)c2csc(n2)CNC(=O)C[C@@H](/C=C/C(F)(F)CS)OC1=O,7.73,1
CHEMBL4644775,COc1cc(Oc2ccc3nc(/C=C/C(=O)NO)ccc3c2)cc(OC)c1OC,7.73,1
CHEMBL4645468,CCC(=O)CCCCC[C@H](NC(=O)[C@@H]1C[C@]12CCN(C)C2)c1ncc(-c2cc3ccccc3nc2OC)[nH]1,7.73,1
CHEMBL4632614,CCC(=O)CCCCC[C@H](NC(=O)[C@H]1CC12CCCN(C)C2)c1ncc(-c2cc3ccccc3nc2OC)[nH]1,7.73,1
CHEMBL4748516,CCC(=O)CCCCC[C@H](NC(=O)[C@H]1CC12CCN(C)CC2)c1ncc(-c2ccc(C)nc2OC)[nH]1,7.73,2
CHEMBL3655994,O=C(NO)c1cnc(NC2(c3cccc(OC(F)(F)F)c3)CC2)nc1,7.72,1
CHEMBL3656000,O=C(NO)c1cnc(NC2(c3ccc(F)c(Cl)c3)CC2)nc1,7.72,1
CHEMBL3922439,Nc1ccc(-c2ccccc2)cc1NC(=O)c1ccc2c(cnn2CCN2CCOCC2)c1,7.72,1
CHEMBL5221068,CCC(=O)CCCCC[C@H](NC(=O)[C@H]1CC12CCN(C)CC2)c1ncc(C2=CC3OC=NC3C=C2)[nH]1,7.72,1
CHEMBL5440469,CC(=O)Nc1ccc(C(=O)Nc2cc(-c3ccncc3)ccc2N)cc1,7.72,1
CHEMBL5400421,Nc1ccc(-c2cccs2)cc1NC(=O)c1ccc(-c2cn(C[S+]([O-])c3ccccc3)nn2)cc1,7.72,1
CHEMBL2105727,CN(C)Cc1c(C(=O)NCCOc2ccc(C(=O)NO)cc2)oc2ccccc12.Cl,7.72,1
CHEMBL6152656,O=C(NCCCC[C@H](NC(=O)C1CN2CCC1CC2)c1ncc(-c2ccc3ccccc3c2)[nH]1)c1c(O)cccc1F,7.72,1
CHEMBL4788911,CCC(=O)CCCCC[C@H](NC(=O)[C@H]1CC12CCN(C)CC2)c1[nH]c(-c2ccc(F)cc2)nc1C#N,7.71,1
CHEMBL5284956,COc1ccccc1NC(=O)N[C@H](C(=O)Nc1ccc(C(=O)NO)cc1)c1ccccc1,7.71,1
CHEMBL5561596,CCCNNC(=O)c1ccc(CNC(=O)c2cc3cnccc3o2)cc1,7.71,1
CHEMBL5563126,COc1cc(OC)c(/C=C/S(=O)(=O)Cc2ccc(OC)c(NC(=O)CCC(=O)NO)c2)c(OC)c1,7.71,1
CHEMBL1164671,N=C/C=N/c1ccc(C(=O)Nc2cc(-c3cccs3)ccc2N)cc1,7.7,1
CHEMBL2436595,CC(C)[C@@H]1NC(=O)[C@]2(C)CSC(=N2)c2coc(n2)CNC(=O)C[C@@H](/C=C/CCS)OC1=O,7.7,1
CHEMBL3311472,O=C(CCCCCCNC(=O)c1ccc2c(c1)CCC(=O)N2)NO,7.7,1
CHEMBL3927842,Nc1ccc(-c2cccs2)cc1NC(=O)c1ccc2nc(N3CCNCC3)ccc2c1,7.7,2
CHEMBL4171675,CCS/C(Nc1ccccc1)=C(\C#N)C(=O)N/N=C\c1ccc(Cl)cc1Cl,7.7,1
CHEMBL5283887,CN(C)Cc1ccc(C(=O)Nc2cc(-c3ccccc3)ccc2N)cc1,7.7,1
CHEMBL6147100,CCCC[C@H](NC(=O)[C@H](CN)c1c[nH]c2ccc(OC)cc12)c1nc(-c2ccc3ccccc3c2)c[nH]1,7.7,1
CHEMBL3621296,O=C(CCCCC(=O)Nc1ccc2c(c1)/C(=C/c1ccc[nH]1)C(=O)N2)NO,7.69,1
CHEMBL99,CC(/C=C/C(=O)NO)=C\[C@@H](C)C(=O)c1ccc(N(C)C)cc1,7.68,47
CHEMBL2417782,CC(C)(C)OC(=O)Nc1cccc(-c2csc(NC(=O)CCCCCCC(=O)NO)n2)c1,7.68,1
CHEMBL3317814,C[C@@]12CSC(=N1)c1csc(n1)CNC(=O)C[C@@H](/C=C/CCS)OC(=O)[C@H](CCN)NC2=O,7.68,1
CHEMBL3593415,CC(C)[C@@H]1NC(=O)[C@]2(C)CSC(=N2)c2ccnc(c2)CNC(=O)C[C@@H](/C=C/CCS)NC1=O,7.68,1
CHEMBL3655979,O=C(NO)c1cnc(NC2(c3cc4ccccc4s3)CC2)nc1,7.68,1
CHEMBL3656006,O=C(NO)c1cnc(NC2(c3ccc(C(F)(F)F)c(F)c3)CC2)nc1,7.68,1
CHEMBL3758492,O=C(CCCCCC(=O)N/N=C/c1ccc(-c2cncnc2)cc1)NO,7.68,1
CHEMBL4529140,CC(C)[C@@H]1NC(=O)[C@]2(C)CSC(=N2)c2csc(n2)CNC(=O)C[C@@H](/C(F)=C/CCS)OC1=O,7.68,1
CHEMBL4550526,CC(C)(C)OC(=O)Nc1cccc(-c2csc(NC(=O)CCCCCC(=O)NO)n2)c1,7.68,1
CHEMBL4640356,O=C(NO)c1ccc(NC(=O)C2(c3c[nH]c(-c4ccccc4)n3)CCCC2)cc1,7.68,1
CHEMBL4637836,N[C@@H](CCCCCC(=O)c1ccon1)c1cc(-c2ccccc2F)on1,7.68,1
CHEMBL4754237,CCC(=O)CCCCC[C@H](NC(=O)[C@H]1CC12CCN(C)CC2)c1ncc(-c2ccc(-c3cccnc3)nc2)[nH]1,7.68,2
CHEMBL4781628,Cc1ccc2c(c1)/C(=C1/Nc3ccccc3/C1=N\O)C(=O)N2Cc1ccc(C(=O)NO)cc1,7.68,1
CHEMBL140000,CN(C)c1ccc(C(=O)NCCCCCCC(=O)NO)cc1,7.68,1
CHEMBL4062598,COc1ccc(C(=O)N[C@H](CNCc2ccc(C(=O)Nc3ccccc3N)cc2)Cc2c[nH]c3ccccc23)cc1.Cl.Cl,7.67,1
CHEMBL5413000,COc1ccccc1-c1cnc(C(=O)NCCCCCCC(=O)NO)s1,7.67,1
CHEMBL3309291,CC1(C)CC(=O)Nc2ccc(C(=O)NCc3ccc(/C=C/C(=O)NO)cc3)cc21,7.66,1
CHEMBL3656015,O=C(NO)c1cnc(NC2(c3cc(Cl)cc(Cl)c3)CC2)nc1,7.66,1
CHEMBL3916028,O=C(NO)c1cnc(NC2(c3ccccc3)CCN(C(=O)Nc3c(F)cccc3F)CC2)nc1,7.66,1
CHEMBL4113844,CC(C)C[C@@H](C(=O)N1CCC(Nc2ncc(C(=O)NO)cn2)(c2ccccc2)CC1)c1ccccc1,7.66,1
CHEMBL4876610,CCC(=O)CCCCC[C@@H]1NC(=O)[C@H]2CC23CCN(CCCOCCn2ccc4cc(ccc4c2=O)-c2cnc1[nH]2)CC3,7.66,1
CHEMBL4645863,CCC(=O)CCCCC[C@H](NC(=O)[C@@H]1CC12CCC(N(C)C)CC2)c1ncc(-c2cc3ccccc3nc2OC)[nH]1,7.65,1
CHEMBL3656011,Cc1cc(C2(Nc3ncc(C(=O)NO)cn3)CC2)ccc1F,7.64,1
CHEMBL3912393,Nc1ccc(-c2ccccc2)cc1NC(=O)c1ccc2nn(CCN3CCOCC3)cc2c1,7.64,1
CHEMBL4173338,O=C(CCCCCCNC(=O)c1ccc(CNC2(c3ccccc3)CC2)cc1)NO,7.64,1
CHEMBL4795802,Cc1ccc(Nc2nc(Cl)nc3c2ncn3Cc2ccc(C(=O)Nc3ccccc3N)cc2)cc1,7.64,1
CHEMBL5220120,CCC(=O)CCCCC[C@H](NC(=O)[C@H]1CC12CCN(CC)CC2)c1ncc(-c2ccc3ccncc3c2)[nH]1,7.64,1
CHEMBL5752411,CN(Cc1ccc(/C=C/C(=O)NO)cc1F)CC12CC3CC(CC(C3)C1)C2,7.64,2
CHEMBL6146912,O=C(NCCCC[C@H](NC(=O)C1CC2(CCNCC2)C1)c1ncc(-c2ccc3ccccc3c2)[nH]1)c1c(O)cccc1F,7.63,2
CHEMBL6142028,CCCC[C@H](NC(=O)[C@H](CN)c1c[nH]c2ccc(OC)cc12)c1nc(-c2ccc(C3CCOCC3)cc2)c[nH]1,7.63,1
CHEMBL3914604,Nc1ccc(-c2ccncc2)cc1NC(=O)c1cnc2c(c1)cc(C1CC1)n2CCN1CCOCC1,7.62,1
CHEMBL3916257,COc1ccc(NC(=O)N2CCC(Nc3ncc(C(=O)NO)cn3)(c3ccccc3)CC2)cc1,7.62,1
CHEMBL4647458,CN1CCC(C(=O)N[C@@H](CCCCCC(=O)c2nccs2)c2ncc(-c3ccc(F)cc3)[nH]2)CC1,7.62,1
CHEMBL4862470,CCC(=O)CCCCC[C@@H]1NC(=O)[C@H]2CC23CCN(CCCCN2C4CCC2c2c(cccc24)-c2cnc1[nH]2)CC3,7.62,1
CHEMBL4846776,Nc1ncnc2c1c(-c1cnc3[nH]ccc3c1)nn2CCCCCCCCC(=O)NO,7.62,1
CHEMBL5083475,CCCNNC(=O)c1ccc(CNC(=O)c2cc3cc(Br)ccc3o2)cc1,7.62,1
CHEMBL6148145,CS(=O)(=O)N1CC2(CC2C(=O)N[C@@H](CCCCNC(=O)c2c(O)cccc2F)c2ncc(-c3ccc4ccccc4c3)[nH]2)C1,7.62,2
CHEMBL235674,Nc1ccc(-c2cccs2)cc1NC(=O)c1ccc(CNC(=O)OCc2cccnc2)cc1,7.61,2
CHEMBL1091475,O=C(CCCCCCC(=O)Nc1cccc(-c2cn(-c3ccc(I)cc3)nn2)c1)NO,7.61,1
CHEMBL4464421,CCOC(=O)Nc1cccc(-c2csc(NC(=O)CCCCCC(=O)NO)n2)c1,7.61,1
CHEMBL4637397,CCC(=O)CCCCC[C@H](NC(=O)[C@@H]1CC12CCCN(C)C2)c1ncc(-c2cc3ccccc3nc2OC)[nH]1,7.61,1
CHEMBL1094709,O=C(CCCCCCC(=O)Nc1cccc(-n2cc(-c3ccccc3)nn2)c1)NO,7.6,1
CHEMBL3311471,O=C(CCCCCCNC(=O)c1ccc2[nH]c(=O)ccc2c1)NO,7.6,1
CHEMBL3309300,CC1(C)CC(=O)Nc2ccc(C(=O)NC[C@H]3CC[C@@H](CCC(=O)NO)CC3)cc21,7.6,1
CHEMBL4166084,O=C(/C=C/c1ccc(CNC2CC2c2ccccc2)cc1)NO,7.6,1
CHEMBL4751762,CCC(=O)CCCCC[C@H](NC(=O)[C@H]1CC12CCN(CC)CC2)c1ncc(-c2cccc(F)c2OC)[nH]1,7.6,1
CHEMBL4160632,O=C(CCCCCN1C(=O)c2cccc3c(N4CCOCC4)ccc(c23)C1=O)NO,7.59,1
CHEMBL4792025,O=C(CCCCCCC(=O)Nc1n[nH]c2cc(-c3ccncc3)ccc12)NO,7.59,1
CHEMBL4092753,Nc1ccccc1NC(=O)c1ccc(NC(=O)CCN2C(=O)C3(OCCCO3)c3cc(Br)ccc32)cc1,7.58,1
CHEMBL1630208,Nc1cccc(-c2csc(NC(=O)CCCCCC(=O)NO)n2)c1,7.58,1
CHEMBL4759697,C=CC(=O)Nc1cc2c(Nc3cccc(Cl)c3F)ncnc2cc1OCc1cn(CCC(=O)NO)nn1,7.58,1
CHEMBL5093099,CCCNNC(=O)c1ccc(CNC(=O)c2cc3cc(OC)ccc3o2)cc1,7.58,1
CHEMBL5172182,O=C(NO)c1cnc(N2CCC(NC(=O)c3cnc(-n4cccn4)nc3O)CC2)nc1,7.58,1
CHEMBL5270568,COc1cccc2ccc(C(=O)NCc3ccc(C(=O)NO)cc3)nc12,7.58,1
CHEMBL6134649,CCCC[C@H](NC(=O)[C@H](CN)c1c[nH]c2ccc(OC)cc12)c1nc(-c2ccc(CCOC)cc2)c[nH]1,7.58,1
CHEMBL3098604,Cc1cccc(NC(=O)[C@H](CCCCCC(=O)NO)NC(=O)[C@H]2CCC(=O)N2)c1,7.57,2
CHEMBL3977741,O=C(NO)c1cnc(NC2(c3ccccc3)CCN(C(=O)Nc3ccccc3F)CC2)nc1,7.57,1
CHEMBL4741084,CCC(=O)CCCCC[C@H](NC(=O)C12CCN(CC1)CC2)c1[nH]c(-c2ccc(F)cc2)nc1C#N,7.57,1
CHEMBL4742036,CCC(=O)CCCCCC(NC(=O)c1cncs1)c1[nH]c(-c2ccccc2)nc1C(N)=O,7.57,1
CHEMBL4793832,CCC(=O)CCCCC[C@H](NC(=O)[C@H]1CC12CCN(CC)CC2)c1ncc(-c2cc(F)c(F)cc2OC)[nH]1,7.57,1
CHEMBL4794196,CCC(=O)CCCCC[C@H](NC(=O)[C@H]1CC12CCN(CC)CC2)c1ncc(-c2cc(F)cc(F)c2OC)[nH]1,7.57,1
CHEMBL1088736,O=C(CCCCCCC(=O)Nc1cccc(-c2cn(-c3cc(CO)cc(CO)c3)nn2)c1)NO,7.56,1
CHEMBL1094707,O=C(CCCCCCC(=O)Nc1cccc(-c2cn(C3CCCCC3)nn2)c1)NO,7.56,1
CHEMBL3356527,O=C1NCCC[C@H]1C(=O)N[C@@H](CCCCCS)C(=O)Nc1ccccc1,7.55,1
CHEMBL3655917,O=C(NO)c1cnc(NCc2cccc(Cl)c2)nc1,7.55,1
CHEMBL3655974,O=C(NO)c1cnc(NC2(c3ccc(CO)cc3)CC2)nc1,7.55,1
CHEMBL4063938,CCCNNC(=O)c1ccc(NC(=O)[C@H](Cc2c[nH]c3ccccc23)NC(=O)c2ccc(OC)cc2)cc1,7.55,1
CHEMBL4798363,CCCCCCCC(=O)SCC/C=C/[C@@H]1CC(=O)NCc2cccc(n2)-c2cccc(n2)C(=O)N[C@@H](C(C)C)C(=O)O1,7.55,1
CHEMBL5093836,CCCNNC(=O)c1ccc(CNC(=O)c2cc3cc(F)ccc3o2)cc1,7.55,1
CHEMBL5089712,CCCNNC(=O)c1ccc(CNC(=O)c2cc3cc(Cl)ccc3o2)cc1,7.55,1
CHEMBL5087773,O=C(CCCCCCNc1nn2c(=O)c3ccccc3nc2c2ccccc12)NO,7.55,1
CHEMBL468513,CC(=O)CCCCC[C@H](NC(=O)C1CCN(C)CC1)c1ncc(-c2ccc3ccccc3c2)[nH]1,7.54,1
CHEMBL1088734,O=C(CCCCCCC(=O)Nc1cccc(-c2cn(-c3ccc(C(F)(F)F)cc3)nn2)c1)NO,7.54,1
CHEMBL4090165,O=C(NO)c1ccc(Cn2cc(-c3ccc(CN4CCCC4)cc3)nn2)cc1,7.54,1
CHEMBL4753019,O=C(N[C@@H](CCCCNC(=O)c1ccccc1O)c1ncc(-c2ccc3ccccc3c2)[nH]1)c1cncs1,7.54,1
CHEMBL4753111,O=C(N[C@@H](CCCCNC(=O)c1c(O)cccc1F)c1ncc(-c2ccc3ccccc3c2)[nH]1)c1cncs1,7.54,1
CHEMBL5084865,O=C(CCCCCCCNc1nn2c(=O)c3ccccc3nc2c2ccccc12)NO,7.53,1
CHEMBL3655936,O=C(NO)c1cnc(NCc2ccc(F)c(Cl)c2)nc1,7.52,1
CHEMBL4294949,C=C1CN(Cc2ccc(C(=O)Nc3ccccc3N)cc2)C(=O)c2ccccc21,7.52,1
CHEMBL5084347,CCCNNC(=O)c1ccc(CNC(=O)c2ccc3ccccc3c2)cc1,7.52,1
CHEMBL5075425,CCCNNC(=O)c1ccc(CNC(=O)c2ccc3ccncc3c2)cc1,7.52,1
CHEMBL5218487,CCC(=O)CCCCC[C@H](NC(=O)[C@H]1CC12CCN(CC)CC2)c1ncc(-c2cc3cn(C)nc3cc2OC)o1,7.52,1
CHEMBL5266413,COc1ccc2c(c1)C1(OCCO1)C(=O)N2CCCCCCC(=O)NO,7.52,1
CHEMBL5283721,O=C(CCCCCCN1C(=O)C2(OCCO2)c2cccc(Cl)c21)NO,7.52,1
CHEMBL5561399,C[C@@H](COCCC(=O)N1CCN(c2ncc(OCc3ccc(/C=C/C(=O)NO)cc3)cn2)CC1)Nc1cn[nH]c(=O)c1C(F)(F)F,7.52,1
CHEMBL5618912,CNCCOc1ccc(-c2cc(=O)c3cc(OCCCCCC(=O)NO)cc(O)c3o2)cc1,7.52,1
CHEMBL6142790,Cc1ccc(C(=O)N(CC(=O)NC2CCCCC2)CC2CCN(c3ncc(C(=O)NO)cn3)CC2)c(C)c1,7.52,1
CHEMBL1093033,CC(C)(C)c1[nH]c2ccccc2c1[C@H]1CCCN(Cc2ccc(/C=C/C(=O)NO)cc2F)C1,7.51,1
CHEMBL3913445,Nc1ccc(-c2ccccc2)cc1NC(=O)c1cnc2c(ccn2CCN2CCOCC2)c1,7.51,1
CHEMBL4751879,COc1ccc2c(c1)/C(=C1/Nc3ccccc3/C1=N\O)C(=O)N2Cc1ccc(C(=O)NO)cc1,7.51,1
CHEMBL5086924,CCCNNC(=O)c1ccc(CNC(=O)c2cc3ccccc3cn2)cc1,7.51,1
CHEMBL5613686,CCCNNC(=O)/C=C/c1ccc(CN(CC)CCc2c(C)[nH]c3ccccc23)cc1,7.51,1
CHEMBL3655990,O=C(NO)c1cnc(NC2(c3cccc(C(F)(F)F)c3)CC2)nc1,7.5,1
CHEMBL3655971,O=C(NO)c1cnc(NC2(c3cccc(Cl)c3)CC2)nc1,7.5,1
CHEMBL3883560,Cc1ccc(-c2cc(C(=O)NCCCCCCCC(=O)NO)nn2-c2ccc(S(N)(=O)=O)cc2)cc1,7.5,1
CHEMBL2012811,CC(C)C[C@H]1CC(=O)N[C@@H](C)C(=O)N[C@@H](CCCCCC(=O)C(F)(F)F)C(=O)N[C@@H](Cc2c[nH]c3ccccc23)C(=O)N1,7.5,1
CHEMBL4163794,CCS/C(Nc1ccccc1)=C(\C#N)C(=O)Nc1ccc(OC)cc1,7.5,1
CHEMBL4641048,CCC(=O)CCCCC[C@H](NC(=O)[C@@H]1C[C@@]12CCN(C)C2)c1ncc(-c2cc3ccccc3nc2OC)[nH]1,7.5,1
CHEMBL4640923,CCC(=O)CCCCC[C@H](NC(=O)[C@@H]1CC12CCN(C)CC2)c1ncc(-c2cc3ccccc3nc2OC)[nH]1,7.5,1
CHEMBL4649561,CCC(=O)CCCCC[C@H](NC(=O)[C@H]1CC12CCOCC2)c1ncc(-c2cc3ccccc3nc2OC)[nH]1,7.5,1
CHEMBL4792705,O=C(CCCCCCC(=O)Nc1n[nH]c2cc(-c3ccsc3)ccc12)NO,7.5,1
CHEMBL5087772,O=C(CCCCCCOc1ccc(-c2nc3ccc(-c4nc5ccccc5[nH]4)cc3[nH]2)cc1)NO,7.5,1
CHEMBL4637357,CCC(=O)CCCCC[C@H](NC(=O)[C@H]1CC12CCN(CC)CC2)c1ncc(-c2cc3ccccc3nc2OC)[nH]1,7.49,2
CHEMBL3356918,O=C1CC[C@@H](C(=O)N[C@@H](CCCCCS)C(=O)Nc2ccccc2)N1,7.48,1
CHEMBL3758251,O=C(CCCCC(=O)N/N=C/c1ccc(-c2ccccc2)cc1)NO,7.48,1
CHEMBL4159460,COc1ccc2c(ccn2CCOc2ccc(NC(=O)CCCCCCC(=O)NO)cc2)c1,7.48,1
CHEMBL4163681,O=C(CCCCCCN(Cc1ccc(F)cc1)c1ncc(C(=O)NCCCn2ccnc2)s1)NO,7.48,1
CHEMBL2047684,O=C(CCNC(=O)/C(Cc1ccc(O)c(Br)c1)=N/O)NO,7.48,1
CHEMBL83747,O=C(NCCSSCCNC(=O)/C(Cc1ccc(O)c(Br)c1)=N/O)/C(Cc1ccc(O)c(Br)c1)=N/O,7.48,1
CHEMBL5081353,CCCNNC(=O)c1ccc(CNC(=O)c2nc3ccccc3[nH]2)cc1,7.48,1
CHEMBL5090447,O=C(CCCCCCNc1nn2c(=O)c3cc(Br)ccc3nc2c2ccccc12)NO,7.48,1
CHEMBL4850926,Cc1sc2c(c1C)C(c1ccc(Cl)cc1)=N[C@@H](CC(=O)Nc1ccc(C(=O)NO)cc1)c1nnc(C)n1-2,7.48,2
CHEMBL6141713,O=C(NCCCC[C@H](NC(=O)C1C2CCNC21)c1ncc(-c2ccc3ccccc3c2)[nH]1)c1c(O)cccc1F,7.48,2
CHEMBL6147639,O=C(NCCCC[C@H](NC(=O)C12CCN(CC1)CC2)c1ncc(-c2ccc3ccccc3c2)[nH]1)c1c(O)cccc1F,7.48,2
CHEMBL2414098,O=C(CCCCCCc1nc2ccc(Br)cc2[nH]1)NO,7.47,1
CHEMBL3356524,O=C1CCC[C@H](C(=O)N[C@@H](CCCCCS)C(=O)Nc2ccccc2)N1,7.47,1
CHEMBL3656013,O=C(NO)c1cnc(NC2(c3ccc(F)cc3Cl)CC2)nc1,7.47,1
CHEMBL3963102,O=C(NO)c1cnc(NC2(c3ccccc3)CCN(C(=O)Nc3ccccc3)CC2)nc1,7.47,1
CHEMBL4753648,CCC(=O)CCCCC[C@H](NC(=O)[C@H]1CC12CCN(CC)CC2)c1ncc(-c2cccc(Cl)c2OC)[nH]1,7.47,1
CHEMBL5219074,CCC(=O)CCCCC[C@H](NC(=O)[C@H]1CC12CCN(C)CC2)c1ncc(-c2ccc3nnccc3c2)[nH]1,7.47,1
CHEMBL430060,CCC(=O)CCCCC[C@@H]1NC(=O)[C@H]2CCCCN2C(=O)[C@H]([C@@H](C)CC)NC(=O)[C@H](Cc2cn(OC)c3ccccc23)NC1=O,7.46,4
CHEMBL3309298,CC1(C)CC(=O)Nc2ccc(C(=O)NC[C@H]3CC[C@H](CCC(=O)NO)CC3)cc21,7.46,1
CHEMBL4781191,CCC(=O)CCCCC[C@H](NC(=O)C1CN(C)C1)c1[nH]c(-c2ccc(F)cc2)nc1C(N)=O,7.46,1
CHEMBL4853593,CCC(=O)CCCCC[C@@H]1NC(=O)[C@H]2CC23CCN(CCOCCn2ccc4cc(ccc4c2=O)-c2cnc1[nH]2)CC3,7.46,1
CHEMBL5219811,CCC(=O)CCCCC[C@H](NC(=O)[C@H]1CC12CCN(C)CC2)c1ncc(-c2ccc3nccnc3c2)[nH]1,7.46,1
CHEMBL5269112,O=C(CCCCCCNc1nc2ccccc2nc1-c1nc2ccccc2o1)NO,7.46,1
CHEMBL5419989,COc1ccc2c3c(oc2c1)CN([C@@H](Cc1ccccc1)C(=O)Nc1ccc(C(=O)NO)cc1)CC3,7.46,1
CHEMBL5089744,C=CCOc1ccc2oc(C(=O)NCc3ccc(C(=O)NNCCC)cc3)cc2c1,7.45,1
CHEMBL3622727,C/C=C1\NC(=O)c2csc(n2)[C@@H](C(C)C)NC(=O)C[C@@H](/C=C/CCS)OC(=O)[C@H](C(C)C)NC1=O,7.44,1
CHEMBL3655967,O=C(NO)c1cnc(NC2(c3ccccc3Cl)CC2)nc1,7.44,1
CHEMBL408513,O=C(/C=C/c1cccc(S(=O)(=O)Nc2ccccc2)c1)NO,7.44,6
CHEMBL3952143,Nc1ccc(-c2cccs2)cc1NC(=O)c1cnc2c(c1)cc(C1CC1)n2CCN1CCOCC1,7.44,1
CHEMBL3356925,O=C1NC[C@@H](c2ccccc2)[C@@H]1C(=O)N[C@@H](CCCCCS)C(=O)Nc1ccccc1,7.43,1
CHEMBL6133702,O=C(NCCCC[C@H](NC(=O)C1C2CNCC21)c1ncc(-c2ccc3ccccc3c2)[nH]1)c1c(O)cccc1F,7.43,1
CHEMBL2022823,O=C(N[C@@H](CCCCCCSSc1ccccn1)C(=O)Nc1cccc2ccccc12)OCc1ccccc1,7.42,1
CHEMBL4854765,COc1cc2nc(-c3ccc(C)o3)nc(NCC3CCN(c4ncc(C(=O)NO)cn4)CC3)c2cc1OC,7.42,1
CHEMBL5532146,CCCNNC(=O)c1ccc(CNC(=O)c2cc3cnccc3[nH]2)cc1,7.42,1
CHEMBL6151927,O=C(NCCCC[C@H](NC(=O)[C@@H]1CC[C@H]2CCC(=O)N2C1)c1ncc(-c2ccc3ccccc3c2)[nH]1)c1c(O)cccc1F,7.42,1
CHEMBL4788187,CCOC(=O)C1CC1c1ccc(OC)c(-c2cnc([C@H](CCCCCC(=O)CC)NC(=O)[C@H]3CC34CCN(CC)CC4)[nH]2)c1,7.41,1
CHEMBL2022833,O=C(N[C@@H](CCCCCCSSc1ccccn1)C(=O)OCc1cccc2ccccc12)OCc1ccccc1,7.4,1
CHEMBL3656005,O=C(NO)c1cnc(NC2(c3ccc(Cl)cc3)CC2)nc1,7.4,1
CHEMBL3656003,Cc1cccc(C2(Nc3ncc(C(=O)NO)cn3)CC2)c1,7.4,1
CHEMBL2012814,CCC(=O)CCCCC[C@@H]1NC(=O)[C@@H]2CCCN2C(=O)C[C@H](CC(C)C)NC(=O)[C@H](Cc2c[nH]c3ccccc23)NC1=O,7.4,1
CHEMBL4228987,Cc1cc(-c2ccc3c(c2)OCO3)nn1Cc1ccc(C(=O)NO)cc1,7.4,1
CHEMBL4225451,O=C(CCCCCCNC(=O)c1cc(-c2ccc(F)cc2)[nH]n1)NO,7.4,1
CHEMBL5075150,CCCNNC(=O)c1ccc(CNC(=O)c2ccc3cnccc3c2)cc1,7.4,1
CHEMBL6025079,CN(Cc1ccc(/C=C/C(=O)NO)cc1F)CC1CCCCC1,7.4,1
CHEMBL2021937,O=C(N[C@@H](CCCCCCSSc1ccccn1)C(=O)OCc1ccc(-c2ccccc2)cc1)OCc1ccccc1,7.39,1
CHEMBL2022832,O=C(N[C@@H](CCCCCCSSc1ccccn1)C(=O)OCc1ccc2ccccc2c1)OCc1ccccc1,7.39,1
CHEMBL4229248,Cc1ccc(-c2cc(C)n(Cc3ccc(C(=O)NO)cc3)n2)cc1,7.39,1
CHEMBL4636123,CCC(=O)CCCCC[C@H](NC(=O)[C@H]1CC12CCN(C(C)=O)CC2)c1ncc(-c2cc3ccccc3nc2OC)[nH]1,7.39,1
CHEMBL4879154,CCCC[C@H](NC(=O)[C@H](CN)c1c(C)[nH]c2ccc(OC)cc12)c1ncc(-c2cc3ccccc3nc2OC)[nH]1,7.39,1
CHEMBL4876405,O=C(CCCCCONC(=O)c1ccc2ccccc2c1)NO,7.39,1
CHEMBL5199795,C[C@H]1COc2c(N3CCN(C)CC3)c(F)cc3c(=O)c(C(=O)NCC4CN(CC(=O)NO)N=N4)cn1c23,7.39,1
CHEMBL5197503,CCNNC(=O)c1ccc(Cn2nnnc2-c2cccs2)cc1,7.39,1
CHEMBL4649154,C[C@H]1COc2c(N3CCN(C)CC3)c(F)cc3c(=O)c(C(=O)NCc4cn(CCCCCCC(=O)NO)nn4)cn1c23,7.39,2
CHEMBL5218749,CCC(=O)CCCCC[C@H](NC(=O)[C@H]1CC12CCN(C)CC2)c1ncc(-c2cn(C)c3ccccc3c2=O)[nH]1,7.39,1
CHEMBL6148086,C[C@H]1COc2c(N3CCN(C)CC3)c(F)cc3c(=O)c(C(=O)NCC4CN(CCCCCCC(=O)NO)N=N4)cn1c23,7.39,1
CHEMBL4226433,O=C(CCCCCNC(=O)c1cc(-c2ccc(F)cc2)[nH]n1)NO,7.38,1
CHEMBL5074837,CCCNNC(=O)c1ccc(CNC(=O)c2ccc3cnccc3n2)cc1,7.38,1
CHEMBL5084847,CCCNNC(=O)c1ccc(CNC(=O)c2nc3ccccc3s2)cc1,7.38,1
CHEMBL483693,O=C(CCCCCCC(=O)Nc1cccc(-c2cn(Cc3ccccc3)nn2)c1)NO,7.37,1
CHEMBL3961733,O=C(NO)c1cnc(NC2(c3ccccc3)CCN(C(=O)Nc3ccc(F)cc3)CC2)nc1,7.37,1
CHEMBL4757813,CCC(=O)CCCCC[C@H](NC(=O)[C@H]1CC12CCN(CC)CC2)c1ncc(-c2cc([N+](=O)[O-])ccc2OC)[nH]1,7.37,1
CHEMBL4783641,C=CC(=O)Nc1cc2c(Nc3cccc(Cl)c3F)ncnc2cc1OCc1cn(CCCCC(=O)NO)nn1,7.37,1
CHEMBL5274591,Cc1ccc(COc2cccc3ccc(C(=O)NCc4ccc(C(=O)NO)cc4)nc23)cc1,7.37,1
CHEMBL513568,Nc1ccc(-c2cccs2)cc1NC(=O)c1ccc(N2CCC3(CCNC3)CC2)nc1,7.36,1
CHEMBL2022824,O=C(N[C@@H](CCCCCCSSc1ccccn1)C(=O)NC1CCCCC1)OCc1ccccc1,7.36,1
CHEMBL2022834,O=C(N[C@@H](CCCCCCSSc1ccccn1)C(=O)OCc1c2ccccc2cc2ccccc12)OCc1ccccc1,7.36,1
CHEMBL2407719,Nc1ccccc1NC(=O)c1ccc(CNC2=N[C@@H](c3ccc(O)cc3)CS2)cc1,7.36,1
CHEMBL191091,CC(C)C(C(=O)Nc1ccc(C(=O)NO)cc1)c1ccccc1,7.36,1
CHEMBL4875953,O=C(CCCCCONC(=O)c1cnc2ccccc2n1)NO,7.36,1
CHEMBL5221097,CCC(=O)CCCCC[C@H](NC(=O)[C@H]1CC12CCN(CC)CC2)c1ncc(-c2cc3cn(C)nc3cc2OC)[nH]1,7.36,1
CHEMBL4787148,CCCCCNNC(=O)c1ccc(CNC(=O)c2ccccc2)cc1,7.36,1
CHEMBL3286732,Nc1ccc(-c2cccs2)cc1NC(=O)c1ccc(N2CCC3(CC2)CNC(=O)O3)nc1,7.35,1
CHEMBL3311464,O=C(CCCCCCC(=O)Nc1ccc2[nH]c(=O)ccc2c1)NO,7.35,1
CHEMBL3622729,C/C=C1\NC(=O)c2csc(n2)CNC(=O)C[C@@H](/C=C/CCS)OC(=O)[C@H](C(C)C)NC1=O,7.35,1
CHEMBL3693786,O=C(CCCCCCNC(=O)c1cnc(N(c2ccccc2)c2ccccc2Cl)nc1)NO,7.35,7
CHEMBL4597954,CCCNNC(=O)/C=C/c1ccc(CNCCc2c(C)[nH]c3ccccc23)cc1,7.35,2
CHEMBL6143761,O=C(CCCCCONC(=O)c1nc(-c2cccc(F)c2)cs1)NO,7.35,1
CHEMBL2022826,O=C(N[C@@H](CCCCCCSSc1ccccn1)C(=O)Nc1ccccc1-c1ccccc1)OCc1ccccc1,7.34,1
CHEMBL2022830,O=C(N[C@@H](CCCCCCSSc1ccccn1)C(=O)OCc1ccc([N+](=O)[O-])cc1)OCc1ccccc1,7.34,1
CHEMBL3923499,Cc1ccc(NC(=O)N2CCC(Nc3ncc(C(=O)NO)cn3)(c3ccccc3)CC2)cc1,7.34,1
CHEMBL5086208,O=C(CCCCCCOc1cccc(-c2nc3ccccc3[nH]2)c1)NO,7.34,1
CHEMBL5087971,CCCNNC(=O)c1ccc(CNC(=O)c2cc3cc(Cl)ccc3[nH]2)cc1,7.34,1
CHEMBL6102394,COc1ccccc1-c1csc(C(=O)NOCCCCCC(=O)NO)n1,7.34,1
CHEMBL2022827,O=C(N[C@@H](CCCCCCSSc1ccccn1)C(=O)Nc1ccc(-c2ccccc2)cc1)OCc1ccccc1,7.33,1
CHEMBL3655944,C[C@@H](Nc1ncc(C(=O)NO)cn1)c1ccccc1,7.33,2
CHEMBL4095596,CC(CCCCCC(=O)NO)n1cc(-c2ncnc3[nH]ccc23)cn1,7.33,1
CHEMBL4225331,Cc1ccc(-c2cc(C(F)(F)F)n(Cc3ccc(C(=O)NO)cc3)n2)cc1,7.33,1
CHEMBL6149703,O=C(CCCCCONC(=O)c1nc(-c2cccs2)cs1)NO,7.33,1
CHEMBL519491,O=C(CCCCCCC(=O)Nc1ccc(-c2cn(-c3ccccc3)nn2)cc1)NO,7.32,1
CHEMBL1094710,O=C(CCCCCCC(=O)Nc1cccc(-n2cc(C3CCCCC3)nn2)c1)NO,7.32,1
CHEMBL1093335,CC(C)(C)c1[nH]c2ccccc2c1[C@@H]1CCCN(Cc2ccc(/C=C/C(=O)NO)cc2F)C1,7.32,1
CHEMBL2022828,O=C(N[C@@H](CCCCCCSSc1ccccn1)C(=O)NC1c2ccccc2-c2ccccc21)OCc1ccccc1,7.32,1
CHEMBL2407731,CC(C)(C)OC(=O)N1C(NCc2ccc(C(=O)Nc3ccccc3N)cc2)=NC(=O)C1Cc1c[nH]c2ccccc12,7.32,1
CHEMBL2364628,O=C(CCCCCCNC(=O)c1cnc(N(c2ccccc2)c2ccccc2)nc1)NO,7.32,24
CHEMBL3356915,O=C1NCCC[C@@H]1C(=O)N[C@@H](CCCCCS)C(=O)Nc1ccccc1,7.32,1
CHEMBL6102723,O=C(CCCCCONC(=O)c1nc(-c2ccc(F)cc2)cs1)NO,7.32,1
CHEMBL2022831,O=C(N[C@@H](CCCCCCSSc1ccccn1)C(=O)OCc1cccc([N+](=O)[O-])c1)OCc1ccccc1,7.31,1
CHEMBL3656007,COc1ccc(C2(Nc3ncc(C(=O)NO)cn3)CC2)cc1OC,7.31,1
CHEMBL3917405,O=C(CCCCCCOc1ccc2cc1COC/C=C/COCc1cccc(c1)-c1ccnc(n1)N2)NO,7.31,1
CHEMBL4636734,CN(C)c1ccc(C2(C(=O)Nc3ccc(C(=O)NO)cc3)CCCC2)cc1,7.31,1
CHEMBL4866612,CCC(=O)CCCCC[C@@H]1NC(=O)[C@H]2CC23CCN(CCCCN2C4CCC2c2cc(ccc24)-c2cnc1[nH]2)CC3,7.31,1
CHEMBL5561465,CCCNNC(=O)c1ccc(CNC(=O)/C=C/c2ccccn2)cc1,7.31,1
CHEMBL4444219,CCCNNC(=O)/C=C/c1ccc(CNCCc2c(C)[nH]c3ccccc23)cc1.O=C(O)C(F)(F)F,7.3,1
CHEMBL4633968,Cc1coc(C(=O)CCCCC[C@H](NC(=O)C2CCN(C)CC2)c2ncc(-c3ccc(F)cc3)[nH]2)n1,7.3,1
CHEMBL2103863,CN(C)Cc1c(C(=O)NCCOc2ccc(C(=O)NO)cc2)oc2ccccc12,7.3,2
CHEMBL5176393,CC(=O)N1CCC(C(=O)Nc2cc(-c3cccs3)ccc2N)CC1,7.3,2
CHEMBL6029999,CC(C)C(=O)Nc1cc(-c2cccs2)ccc1N,7.3,1
CHEMBL6027603,Nc1ccc(-c2cccs2)cc1NC(=O)C1CCCCC1,7.3,1
CHEMBL5814768,Nc1ccc(-c2cccs2)cc1NC(=O)C1CCCC1,7.3,1
CHEMBL5897740,Nc1ccc(-c2cccs2)cc1NC(=O)C1CCC1,7.3,1
CHEMBL5784501,Nc1ccc(-c2cccs2)cc1NC(=O)C1CCOCC1,7.3,1
CHEMBL5900933,Nc1ccc(-c2cccs2)cc1NC(=O)C1=CCCC1,7.3,1
CHEMBL3828645,Nc1ccc(-c2ccccc2)cc1NC(=O)C1CCOCC1,7.3,1
CHEMBL5981441,Nc1ccc(-c2cccs2)cc1NC(=O)C1=CCCCC1,7.3,1
CHEMBL5989744,CN1CCC(C(=O)Nc2cc(-c3cccs3)ccc2N)CC1=O,7.3,1
CHEMBL6025201,CC(=O)N1CCC(COC(=O)Nc2cc(-c3cccs3)ccc2N)CC1,7.3,1
CHEMBL6004401,Nc1ccc(C2=CCCCC2)cc1NC(=O)C1=CCCCC1,7.3,1
CHEMBL5754429,Nc1ccc(-c2cccs2)cc1NC(=O)C1CC(=O)C1,7.3,1
CHEMBL5974061,Nc1ccc(-c2cccs2)cc1NC(=O)OCC1CCOCC1,7.3,1
CHEMBL5892854,CC(=O)N1CC2C(C1)C2C(=O)Nc1cc(-c2cccs2)ccc1N,7.3,1
CHEMBL5772657,Nc1ccc(-c2cccs2)cc1NC(=O)OCCC1CCCC1,7.3,1
CHEMBL6026664,CC(=O)N1CCC(C(=O)Nc2cc(-c3ccc(F)cc3)ccc2N)CC1,7.3,1
CHEMBL5971959,Nc1ccc(-c2ccc(F)cc2)cc1NC(=O)C1=CCCC1,7.3,1
CHEMBL5902890,Nc1ccc(-c2cccs2)cc1NC(=O)OCc1cccnc1,7.3,1
CHEMBL5928087,Nc1ccc(-c2cccs2)cc1NC(=O)OCc1ccccn1,7.3,1
CHEMBL5741285,Nc1ccc(-c2cccs2)cc1NC(=O)OCc1ccncc1,7.3,1
CHEMBL6049685,Nc1ccc(-c2ccc(F)cc2)cc1NC(=O)C1CCCCC1,7.3,1
CHEMBL5757591,CC(=O)N1CCC(COC(=O)Nc2cc(-c3ccc(F)cc3)ccc2N)CC1,7.3,1
CHEMBL5809219,Nc1ccc(-c2cccs2)cc1NC(=O)C1CCCCO1,7.3,1
CHEMBL5874378,Nc1ccc(-c2cccs2)cc1NC(=O)N1CCCC1,7.3,1
CHEMBL5915353,Nc1ccc(-c2cccs2)cc1NC(=O)N1CCCCC1,7.3,1
CHEMBL5920612,Nc1ccc(-c2cccs2)cc1NC(=O)N1CCOCC1,7.3,1
CHEMBL6013035,CC(=O)N1CCN(C(=O)Nc2cc(-c3cccs3)ccc2N)CC1,7.3,1
CHEMBL5978579,Nc1ccc(-c2cccs2)cc1NC(=O)NCC1CC1,7.3,1
CHEMBL5979351,Nc1ccc(-c2cccs2)cc1NC(=O)N1CCC1,7.3,1
CHEMBL5885258,CC(C)(C)OC(=O)NC1CCN(C(=O)Nc2cc(-c3cccs3)ccc2N)C1,7.3,1
CHEMBL5779856,CN(C)C(=O)Nc1cc(-c2cccs2)ccc1N,7.3,1
CHEMBL5871182,CC(=O)NC1CCN(C(=O)Nc2cc(-c3cccs3)ccc2N)CC1,7.3,1
CHEMBL5765587,Cc1ccc(-c2ccc(N)c(NC(=O)N3CCCC3)c2)s1,7.3,1
CHEMBL5858254,Nc1ccc(-c2cccs2)cc1NC(=O)N1CCC(F)(F)CC1,7.3,1
CHEMBL5983339,Nc1ccc(-c2cccs2)cc1NC(=O)N1CC(F)C1,7.3,1
CHEMBL5923575,Nc1ccc(-c2ccc(Cl)s2)cc1NC(=O)N1CCCC1,7.3,1
CHEMBL5915390,Nc1ccc(-c2cccs2)cc1NC(=O)N1CCC(F)C1,7.3,1
CHEMBL5916619,C[C@H]1CCCN1C(=O)Nc1cc(-c2cccs2)ccc1N,7.3,1
CHEMBL5860094,CC(=O)NCC1CN(C(=O)Nc2cc(-c3cccs3)ccc2N)C1,7.3,1
CHEMBL5909646,CC(=O)NC1C2CN(C(=O)Nc3cc(-c4cccs4)ccc3N)CC21,7.3,1
CHEMBL5818870,CC(=O)N[C@@H]1CCN(C(=O)Nc2cc(-c3cccs3)ccc2N)C1,7.3,1
CHEMBL5899766,CC(=O)N[C@H]1CCN(C(=O)Nc2cc(-c3cccs3)ccc2N)C1,7.3,1
CHEMBL5966103,CC(=O)NC1CN(C(=O)Nc2cc(-c3cccs3)ccc2N)C1,7.3,1
CHEMBL6003932,Nc1ccc(C2=CCCC2)cc1NC(=O)N1CCCC1,7.3,1
CHEMBL5833178,Nc1ccc(-c2cccs2)cc1NC(=O)N1CCCC(F)(F)C1,7.3,1
CHEMBL5874491,Nc1ccc(C2=CCCC2)cc1NC(=O)N1CCOCC1,7.3,1
CHEMBL5983709,Nc1ccc(-c2ccc(F)cc2)cc1NC(=O)N1CCOCC1,7.3,1
CHEMBL5948434,Nc1ccc(-c2ccc(F)cc2)cc1NC(=O)N1CCCC1,7.3,1
CHEMBL5913418,Nc1ccc(-c2cccnc2)cc1NC(=O)N1CCCC1,7.3,1
CHEMBL5817463,Nc1ccc(-c2cccs2)cc1NC(=O)N1CC2(COC2)C1,7.3,1
CHEMBL5944351,CC(=O)N1CCC(CNC(=O)Nc2cc(-c3cccs3)ccc2N)CC1,7.3,1
CHEMBL5858111,Nc1ccc(-c2cccs2)cc1NC(=O)CCC1CCNCC1,7.3,1
CHEMBL5793327,CC(=O)N1CCCC(COC(=O)Nc2cc(-c3cccs3)ccc2N)C1,7.3,1
CHEMBL5866801,Nc1ccc(-c2cccs2)cc1NC(=O)OCC1CCCCO1,7.3,1
CHEMBL5847851,Nc1ccc(-c2cccs2)cc1NC(=O)OCC1CCCOC1,7.3,1
CHEMBL5850813,Nc1ccc(-c2cccs2)cc1NC(=O)OCC1CCOC1,7.3,1
CHEMBL5896877,CCCN(N)C(=O)Nc1cc(-c2cccs2)ccc1N,7.3,1
CHEMBL5848875,Nc1ccc(-c2cccs2)cc1NC(=O)N1CCCN1,7.3,1
CHEMBL5832299,Nc1ccc(-c2ccc(F)cc2)cc1NC(=O)N1CC2(COC2)C1,7.3,1
CHEMBL5885166,CC(=O)N1CC2(C1)CN(C(=O)Nc1cc(-c3ccc(F)cc3)ccc1N)C2,7.3,1
CHEMBL4760209,CCC(=O)CCCCC[C@H](NC(=O)c1cncs1)c1[nH]c(-c2ccc(F)cc2)nc1C#N,7.29,1
CHEMBL4856110,COc1cc2nc(-c3ccc(C)o3)cc(NCC3CCN(c4ncc(C(=O)NO)cn4)CC3)c2cc1OC,7.29,1
CHEMBL5559648,CCCNNC(=O)c1ccc(CNC(=O)c2cc3ccncc3[nH]2)cc1,7.29,1
CHEMBL3655929,O=C(NO)c1cnc(NCc2ccc3c(c2)OCO3)nc1,7.28,1
CHEMBL3655989,COc1cccc(C2(Nc3ncc(C(=O)NO)cn3)CC2)c1,7.28,1
CHEMBL3655998,COc1cc(OC)cc(C2(Nc3ncc(C(=O)NO)cn3)CC2)c1,7.28,1
CHEMBL4761318,CCC(=O)CCCCCC(NC(=O)c1cncs1)c1[nH]c(-c2ccccc2)nc1C(=O)NCCN(C)C,7.28,1
CHEMBL5089258,CCCNNC(=O)c1ccc(CNC(=O)c2cc3cc(F)ccc3[nH]2)cc1,7.28,1
CHEMBL5076796,O=C(CCCCCCNc1nn2c(=O)c3cc(Cl)ccc3nc2c2ccccc12)NO,7.28,1
CHEMBL1162969,CN(c1ccccc1)S(=O)(=O)c1cccc(/C=C/C(=O)NO)c1,7.28,1
CHEMBL6078340,C=C1C(=O)O[C@@H]2C[C@@]3(C)CC[C@@H](OC(=O)[C@H](C)NC(=O)c4ccc(/C=C/C(=O)NO)cc4)C(=C)[C@@H]3C[C@H]12,7.28,1
CHEMBL3758457,O=C(/C=C/c1ccc(/C=C(/CNC2CC2)c2ccc(F)cc2)cc1)NO,7.27,1
CHEMBL5093737,O=C(CCCCCCNc1nn2c(=O)c3cc(F)ccc3nc2c2ccccc12)NO,7.27,1
CHEMBL5416448,O=C(CCCCCCNC(=O)c1ncc(-c2ccccc2)o1)NO,7.27,1
CHEMBL4756537,O=C(NO)c1ccc(C2=Nc3ccccc3Oc3ccccc32)cc1,7.27,1
CHEMBL468595,Nc1cccc(-c2cc(C(=O)NCCCCCCC(=O)NO)no2)c1,7.25,1
CHEMBL2407718,Nc1ccccc1NC(=O)c1ccc(CNC2=N[C@H](c3ccccc3)CS2)cc1,7.25,1
CHEMBL2407736,Nc1ccccc1NC(=O)c1ccc(CNC2=NC(=O)C(c3ccccc3)N2)cc1,7.25,1
CHEMBL3655923,O=C(NO)c1cnc(NCc2cccc(C(F)(F)F)c2)nc1,7.25,1
CHEMBL3763444,O=C(CCCCCNc1nc(Cl)nc2c1ncn2Cc1ccccc1)NO,7.25,1
CHEMBL3828396,Nc1ccc(-c2ccc(F)cc2)cc1NC(=O)C1CCOCC1,7.25,2
CHEMBL3936840,Nc1ccc(-c2ccccc2)cc1NC(=O)c1cnc2c(N3CCNCC3)c(C3CC3)ccc2c1,7.25,1
CHEMBL4753639,CCC(=O)CCCCC[C@H](NC(=O)[C@H]1CC12CCN(CC)CC2)c1ncc(-c2cccnc2OC)[nH]1,7.25,1
CHEMBL6143889,COc1cccc(-c2csc(C(=O)NOCCCCCC(=O)NO)n2)c1,7.25,1
CHEMBL487741,O=C(CCCCCCC(=O)Nc1ccc(-c2cnnn2Cc2ccc(F)cc2)cc1)NO,7.24,1
CHEMBL3655996,Cc1ccccc1C1(Nc2ncc(C(=O)NO)cn2)CC1,7.24,1
CHEMBL4514808,Cc1cc(-c2nc3sc4c(c3c(=O)[nH]2)CCN(C)C4)cc(C)c1OCCCCCC(=O)NO,7.24,1
CHEMBL4644657,CCC(=O)CCCCC[C@H](NC(=O)[C@H]1CC12CCN(C)CC2)c1nnc(-c2cc3ccccc3nc2OC)o1,7.24,1
CHEMBL4850081,O=C(CCCCCONC(=O)c1cc2ccccc2[nH]1)NO,7.24,1
CHEMBL5073909,CCCNNC(=O)c1ccc(CNC(=O)c2ccc3ccccc3n2)cc1,7.24,1
CHEMBL5399106,O=C(CCCCCCNC(=O)c1ncc(-c2ccc(Br)cc2)o1)NO,7.24,1
CHEMBL6160627,CCCC[C@H](NC(=O)[C@H](CN)c1c[nH]c2ccc(OC)cc12)c1nc(-c2ccccc2OC)c[nH]1,7.24,1
CHEMBL235842,CC(=O)Nc1ccc(C(=O)Nc2cc(-c3cccs3)ccc2N)cc1,7.23,8
CHEMBL261735,CCC(=O)CCCCC[C@H](NC(=O)Cc1c(C)[nH]c2ccc(OC)cc12)c1ncc(-c2ccccc2)[nH]1,7.23,1
CHEMBL4798571,CN(C)CCOc1ccc(-c2cc(=O)c3c(O)cc(OCCCCCC(=O)NO)cc3o2)cc1.Cl,7.23,1
CHEMBL5093545,O=C(CCCCCCCNc1nn2c(=O)c3cc(Cl)ccc3nc2c2ccccc12)NO,7.23,1
CHEMBL6146959,O=C(CCCCCONC(=O)c1nc(-c2ccccc2)cs1)NO,7.23,1
CHEMBL235413,COc1ccc(NCc2ccc(C(=O)Nc3cc(-c4cccs4)ccc3O)cc2)cc1OC,7.22,1
CHEMBL399388,COc1ccc(NCc2ccc(C(=O)Nc3cc(-c4ccsc4)ccc3N)cc2)cc1OC,7.22,1
CHEMBL1091474,O=C(CCCCCCC(=O)Nc1cccc(-c2cn(-c3ccc(F)cc3)nn2)c1)NO,7.22,1
CHEMBL3356917,Cc1ccc(NC(=O)[C@H](CCCCCS)NC(=O)[C@@H]2CCCC(=O)N2)cc1,7.22,1
CHEMBL4070891,COc1ccc(C(=O)N[C@H](COc2ccc(/C=C/C(=O)NO)cc2OC)Cc2c[nH]c3ccccc23)cc1,7.22,1
CHEMBL4872188,COc1cc2c(NCc3ccc(C(=O)NO)cc3)cc(-c3ccc(C)o3)nc2cc1OCCCN1CCCC1,7.22,1
CHEMBL5073024,CCCNNC(=O)c1ccc(CNC(=O)c2cnc3ccccc3c2)cc1,7.22,1
CHEMBL5556752,CCCNNC(=O)c1ccc(CNC(=O)c2cc3cnccc3s2)cc1,7.22,1
CHEMBL5594099,COc1cc2c(cc1OCc1ccc(C(=O)Nc3ccccc3N)cc1)CC[C@@H]1[C@@H]2CC[C@]2(C)[C@@H](O)CC[C@@H]12,7.22,1
CHEMBL5618083,COc1cc(/C=C/C(=O)c2ccc(OCCCCCC(=O)NO)cc2)cc(OC)c1OC,7.22,1
CHEMBL5632288,COc1cc2c(cc1OCc1ccc(C(=O)Nc3ccccc3N)cc1)CC[C@@H]1[C@H]3CC[C@@H](O)[C@]3(C)CC[C@@H]21,7.22,1
CHEMBL5639965,CCCNNC(=O)c1ccc(CNC(=O)[C@H](CC(C)C)NC(=O)[C@@H](O)[C@H](N)Cc2ccccc2)cc1.Cl,7.22,1
CHEMBL6144448,Cc1ccc(-c2csc(C(=O)NOCCCCCC(=O)NO)n2)cc1,7.22,1
CHEMBL3656009,O=C(NO)c1cnc(NC2(c3ccc(F)c(F)c3)CC2)nc1,7.21,1
CHEMBL4090647,Cc1cc(C)cc(C(=O)N(CCCCCC(=O)NO)CC(=O)NCc2ccccc2)c1,7.21,1
CHEMBL4632449,N[C@@H](CCCCCC(=O)c1ccon1)c1cnn(-c2ccc(F)cc2)c1,7.21,1
CHEMBL4761389,CCC(=O)CCCCC[C@H](NC(=O)[C@H]1CC12CCN(C)CC2)c1ncc(-c2ccc(C(=O)NC3CCOC3)cc2)[nH]1,7.21,2
CHEMBL4797791,CCC(=O)CCCCC[C@H](NC(=O)[C@H]1CC12CCN(CC)CC2)c1ncc(-c2cc(C#N)ccc2OC)[nH]1,7.21,1
CHEMBL4749183,Nc1cccc(F)c1C(=O)NCCCC[C@H](NC(=O)c1cncs1)c1ncc(-c2ccc3ccccc3c2)[nH]1,7.21,1
CHEMBL4793338,C=CC(=O)Nc1cc2c(Nc3ccc(F)c(Cl)c3)ncnc2cc1OCc1cn(CCC(=O)NO)nn1,7.21,1
CHEMBL4797623,COc1cccc(-c2ccc3c(NC(=O)CCCCC(=O)NO)n[nH]c3c2)c1,7.21,1
CHEMBL4794888,CCC(=O)CCCCC[C@H](NC(=O)[C@H]1CC12CCN(CC)CC2)c1ncc(-c2cccc(C(F)(F)F)c2OC)[nH]1,7.2,1
CHEMBL4782988,COc1cccc(-c2ccc3c(NC(=O)CCCCCC(=O)NO)n[nH]c3c2)c1,7.2,1
CHEMBL6147590,O=C(NCCCC[C@H](NC(=O)C1C2COCC21)c1ncc(-c2ccc3ccccc3c2)[nH]1)c1c(O)cccc1F,7.2,2
CHEMBL483893,O=C(CCCCCCC(=O)Nc1cccc(-c2cn(CC(O)c3cccc(Br)c3)nn2)c1)NO,7.19,1
CHEMBL519668,O=C(CCCCCCC(=O)Nc1cccc(-c2cn(-c3ccccc3)nn2)c1)NO,7.19,2
CHEMBL3354920,COc1ccccc1C(=O)N[C@H](COc1cccc(/C=C/C(=O)NO)c1)Cc1c[nH]c2ccccc12,7.19,1
CHEMBL4781134,CCC(=O)CCCCC[C@H](NC(=O)[C@H]1CC12CCN(CC)CC2)c1ncc(-c2ccc(Cl)cc2OC)[nH]1,7.19,1
CHEMBL5078723,O=C(CCCCCCCNc1nn2c(=O)c3cc(Br)ccc3nc2c2ccccc12)NO,7.19,1
CHEMBL4638706,C[C@H]1COc2c(N3CCN(C)CC3)c(F)cc3c(=O)c(C(=O)OCc4cn(CCCCCCCC(=O)NO)nn4)cn1c23,7.19,1
CHEMBL5618858,O=C(CCCCCCC(=O)N1CCC(C(=O)Nc2ccc([C@@H]3[C@H]4CSCN4[C@]4(C(=O)Nc5cc(Cl)ccc54)[C@H]3C(=O)c3ccccc3)cc2)CC1)NO,7.19,1
CHEMBL4787271,CCCCNNC(=O)c1ccc(CNC(=O)c2ccccc2)cc1,7.19,1
CHEMBL5934316,CN(c1ncc(C(=O)NO)cn1)C12CC3CC(CC(C3)C1)C2,7.19,1
CHEMBL6142255,O=C(CCCCCONC(=O)c1nc(-c2ccccc2F)cs1)NO,7.19,1
CHEMBL6091978,O=C(CCCCCONC(=O)c1nc(-c2ccc(C(F)(F)F)cc2)cs1)NO,7.19,1
CHEMBL6133283,CC(=O)N1CC2(CC2C(=O)N[C@@H](CCCCNC(=O)c2c(O)cccc2F)c2ncc(-c3ccc4ccccc4c3)[nH]2)C1,7.19,1
CHEMBL2407735,Nc1ccccc1NC(=O)c1ccc(CNC2=NC(=O)C(Cc3ccccc3)N2)cc1,7.18,1
CHEMBL4069631,CN(C)c1ccc(C(=O)N(CCCCCC(=O)NO)CC(=O)NCc2ccccc2)cc1,7.18,1
CHEMBL4756846,CCC(=O)CCCCC[C@H](NC(=O)[C@H]1CC12CCN(C)CC2)c1ncc(-c2ccc(-n3nc(C)cc3C)cc2)[nH]1,7.18,2
CHEMBL6148119,CCCC[C@H](NC(=O)[C@H](CN)c1c[nH]c2ccc(OC)cc12)c1nc(-c2ccc(C(F)(F)F)cc2)c[nH]1,7.18,1
CHEMBL3356523,O=C1CCC[C@@H](C(=O)N[C@@H](CCCCCS)C(=O)Nc2ccccc2)N1,7.17,1
CHEMBL3356929,O=C1C[C@@H](C(=O)N[C@@H](CCCCCS)C(=O)Nc2ccccc2)N1,7.17,1
CHEMBL3760013,O=C(NCCCCCCS)c1cc(-c2cnccn2)n[nH]1,7.17,1
CHEMBL4534191,CCCNNC(=O)c1ccc(NCc2ccccc2)cc1,7.17,1
CHEMBL5393987,Nc1ccc(-c2cccs2)cc1NC(=O)c1ccc(-c2cn(CS(=O)(=O)c3ccccc3)nn2)cc1,7.17,1
CHEMBL235192,COc1ccc(NCc2ccc(C(=O)Nc3cc(-c4ccoc4)ccc3N)cc2)cc1OC,7.16,1
CHEMBL2012813,CCC(=O)CCCCC[C@@H]1NC(=O)[C@H](C)N(C)C(=O)C[C@H](CC(C)C)NC(=O)[C@H](Cc2c[nH]c3ccccc23)NC1=O,7.16,1
CHEMBL3356526,CN1C(=O)CCC[C@H]1C(=O)N[C@@H](CCCCCS)C(=O)Nc1ccccc1,7.16,1
CHEMBL3593413,CC(C)[C@@H]1NC(=O)[C@]2(C)CSC(=N2)c2cccc(n2)CNC(=O)C[C@@H](/C=C/CCS)NC1=O,7.16,1
CHEMBL3981202,Nc1ccc(-c2ccccc2)cc1NC(=O)c1ccc2c(c1)cc(C1CC1)n2CCN1CCOCC1,7.16,1
CHEMBL4099942,CC(C)[C@@H]1NC(=O)[C@]2(C)CSC(=N2)c2csc(n2)CNC(=O)C[C@@H](/C=C/CCC(=O)NO)OC1=O,7.16,1
CHEMBL4757047,CCCCNNC(=O)c1ccc(CNC(=O)/C=C/c2ccccc2)cc1,7.16,2
CHEMBL4782216,O=C(N[C@@H](CCCCNC(=O)c1ncccc1O)c1ncc(-c2ccc3ccccc3c2)[nH]1)c1cncs1,7.16,1
CHEMBL399494,CCOC(=O)NCc1ccc(C(=O)Nc2cc(-c3cccs3)ccc2N)cc1,7.15,1
CHEMBL511797,Nc1ccc(-c2ccsc2)cc1NC(=O)c1ccc(N2CCC3(CCNC3)CC2)nc1,7.15,1
CHEMBL3655919,O=C(NO)c1cnc(NCc2ccc(Cl)cc2)nc1,7.15,1
CHEMBL253868,Nc1ccc(-c2ccccc2)cc1NC(=O)c1ccc(CNC(=O)OCc2cccnc2)cc1,7.14,1
CHEMBL3656016,Cc1cc(C(F)(F)F)cc(C2(Nc3ncc(C(=O)NO)cn3)CC2)c1,7.14,1
CHEMBL3759562,O=C(NCCCCCCS)c1cc(-c2ccncc2)n[nH]1,7.14,1
CHEMBL3759808,O=C(/C=C/c1ccc2c(c1)C(=O)CC1(CCCN(Cc3ccccc3)CC1)O2)NO,7.14,1
CHEMBL5267546,COc1ccc(COc2cccc3ccc(C(=O)NCc4ccc(C(=O)NO)cc4)nc23)cc1,7.14,1
CHEMBL5407714,Cl.Cl.Nc1ccccc1NC(=O)c1ccc(COc2ccc(CNC(=O)[C@@H]3CCCN3)cc2)cc1,7.14,1
CHEMBL3934237,O=C(NO)c1cnc(NC2(c3ccccc3)CCN(C(=O)Nc3cccc(F)c3)CC2)nc1,7.13,1
CHEMBL4796175,CCC(=O)CCCCC[C@H](NC(=O)C1CCOCC1)c1[nH]c(-c2ccc(F)cc2)nc1C(N)=O,7.13,1
CHEMBL6145708,CC(C)(C)CC(C)(C)n1nnnc1CNCC1CCN(c2ncc(C(=O)NO)cn2)CC1,7.13,1
CHEMBL4065412,Nc1ccccc1NC(=O)c1ccc(Cn2cc(-c3ccc(C(=O)NCc4cccnc4)cc3)nn2)cc1,7.12,1
CHEMBL4228291,Cc1ccc(-c2cc(C)nn2Cc2ccc(C(=O)NO)cc2)cc1,7.12,1
CHEMBL4561073,Nc1cc(F)ccc1NC(=O)c1ccc(CNC(=O)/C=C2\NC(=O)c3ccccc32)cc1,7.12,1
CHEMBL4786837,CCNNC(=O)c1ccc(CNC(=O)/C=C/c2ccccc2)cc1,7.12,2
CHEMBL4753460,CCC(=O)CCCCC[C@H](NC(=O)[C@H]1CC12CCN(CC)CC2)c1ncc(-c2cc(C(C)C)ccc2OC)[nH]1,7.12,1
CHEMBL4764495,O=C(NO)c1ccc(CN2C(=O)/C(=C3\Nc4ccccc4\C3=N/O)c3cc(Br)ccc32)cc1,7.12,1
CHEMBL4644409,C[C@H]1COc2c(N3CCN(C)CC3)c(F)cc3c(=O)c(C(=O)NCc4cn(CCCCCCCC(=O)NO)nn4)cn1c23,7.12,1
CHEMBL6133177,CCCC[C@H](NC(=O)[C@H](CN)c1c[nH]c2ccc(OC)cc12)c1nc(-c2ccc(C(C)(C)C#N)cc2)c[nH]1,7.12,1
CHEMBL483892,O=C(CCCCCCC(=O)Nc1cccc(-c2cn(Cc3ccc(F)cc3)nn2)c1)NO,7.11,1
CHEMBL2407733,Nc1ccccc1NC(=O)c1ccc(CNC2=NC(=O)C(Cc3c[nH]c4ccccc34)N2)cc1,7.11,1
CHEMBL3353925,O=C1CC[C@H](C(=O)N[C@@H](CCCCCS)C(=O)Nc2ccccc2)N1,7.11,1
CHEMBL3356919,O=C1CC[C@@H](C(=O)N[C@H](CCCCCS)C(=O)Nc2ccccc2)N1,7.11,1
CHEMBL3655958,O=C(NO)c1cnc(NC2(c3ccc(F)cc3)CC2)nc1,7.11,1
CHEMBL5172507,O=C(CCCCCCNC(=O)c1csc(Br)n1)NO,7.11,1
CHEMBL5192895,CCCCN(Cc1ccc(C(=O)NNCC)cc1)C(=O)Nc1ccccc1,7.11,1
CHEMBL4740035,CCCNNC(=O)c1ccc(CNC(=O)c2ccccc2)cc1,7.11,1
CHEMBL6167626,COc1ccc(-c2ccc3cc(OCCCCCC(=O)NO)ccc3n2)cc1,7.11,1
CHEMBL237584,COc1ccc(NCc2ccc(C(=O)Nc3cc(-c4cccs4)ccc3N)cc2)cc1OC,7.1,1
CHEMBL5093179,CCN(CC)CCNC(=O)c1ccc(NC(=O)CCCCCCC(=O)NO)cc1,7.1,1
CHEMBL5189911,CC1(NCc2ccc(C(=O)NCc3ccc(/C=C/C(=O)NO)cc3)cc2)CCN(c2cnc(-c3cccc(Cl)c3Cl)c(N)n2)CC1,7.1,1
CHEMBL5279294,Cc1noc(C)c1-c1ccc2c(c1)c(Cc1cccc(C(F)(F)F)c1)cn2CCCCCCC(=O)NO,7.1,1
CHEMBL5565699,CCCNNC(=O)c1ccc(NC(=O)CCCCCCCn2cc(-c3cccnc3)nn2)cc1,7.1,1
CHEMBL2407723,Nc1ccccc1NC(=O)c1ccc(CNC2=NC[C@H](c3ccccc3)S2)cc1,7.09,1
CHEMBL2407721,Nc1ccccc1NC(=O)c1ccc(CNC2=N[C@H](Cc3ccccc3)CS2)cc1,7.09,1
CHEMBL3655915,CC(Nc1ncc(C(=O)NO)cn1)c1ccccc1,7.09,2
CHEMBL3652232,CN(c1ccc(Cl)c(Cl)c1)c1ncc(C(=O)NO)cn1,7.09,1
CHEMBL3758901,O=C(/C=C/c1ccc2c(c1)C(=O)CC1(CCN(Cc3ccccc3)C1)O2)NO,7.09,1
CHEMBL4437165,CN(C)c1cccc2c(S(=O)(=O)N(CCCCCC(=O)NO)CC(=O)NCc3ccccc3)cccc12,7.09,1
CHEMBL4644721,N[C@@H](CCCCCC(=O)c1ccon1)c1cnn(-c2ccc(F)cc2)n1,7.09,1
CHEMBL5094029,O=C(CCCCCCCOc1cccc(-c2nc3ccc(-c4nc5ccccc5[nH]4)cc3[nH]2)c1)NO,7.09,1
CHEMBL5177971,CCNNC(=O)c1ccc(CNc2cccc3cccnc23)cc1,7.09,1
CHEMBL4643070,C[C@H]1COc2c(N3CCN(C)CC3)c(F)cc3c(=O)c(C(=O)OCc4cn(CCCCCCC(=O)NO)nn4)cn1c23,7.09,1
CHEMBL5425253,Nc1ccccc1NC(=O)c1ccc(COc2ccc(CNC(=O)[C@@H]3CCC(=O)N3Cc3ccc(Br)cc3)cc2)cc1,7.09,1
CHEMBL5817277,COc1ccc(C(F)(F)F)cc1CNc1ncc(C(=O)NO)cn1,7.09,1
CHEMBL4095934,Cc1cc(C)cc(C(=O)N(CCCCCC(=O)NO)CC(=O)NC2CCCCC2)c1,7.08,1
CHEMBL4645825,CCC(=O)CCCCC[C@H](NC(=O)[C@@H]1CC12CCOCC2)c1ncc(-c2cc3ccccc3nc2OC)[nH]1,7.08,1
CHEMBL5408299,Nc1ccccc1NC(=O)c1ccc(COc2ccc(CNC(=O)[C@H]3CCCN3Cc3ccccc3)cc2)cc1,7.08,1
CHEMBL5555272,CCCNNC(=O)c1ccc(CNC(=O)CCCCCCCNC(=O)/C=C/c2cccnc2)cc1,7.08,1
CHEMBL2407717,Nc1ccccc1NC(=O)c1ccc(CNC2=N[C@@H](c3ccccc3)CS2)cc1,7.07,1
CHEMBL4465878,Cc1cc(-c2nc3sc4c(c3c(=O)[nH]2)CCN(C)C4)cc(C)c1OCCOCc1ccc(/C=C/C(=O)NO)cc1,7.07,1
CHEMBL4641904,N[C@@H](CCCCCC(=O)c1ccon1)c1ccn(-c2ccc(F)cc2)n1,7.07,1
CHEMBL5286638,O=C(/C=C/c1ccc(CN2C/C(=N\O)c3cc(Cl)ccc32)cc1)NO,7.07,1
CHEMBL5266056,Nc1ccccc1NC(=O)c1ccc(CNc2nc(-c3ccccc3)cs2)cc1,7.07,1
CHEMBL5422534,COc1cc2c(cc1-c1c(C)noc1C)[nH]c1nc(C)nc(NCCCCCCC(=O)NO)c12,7.07,1
CHEMBL5592140,COc1ncc(-c2cc(OCCCc3ccc(C(=O)Nc4ccccc4N)cc3)c3ncnc(C)c3c2)cc1NS(=O)(=O)c1ccc(F)cc1F,7.07,1
CHEMBL5613525,CCCNNC(=O)/C=C/c1ccc(CN(CCC)C(=O)c2cc3ccccc3o2)cc1,7.07,1
CHEMBL6161379,CCC(=O)CCCCC[C@H](NC(=O)C12CCN(CC1)CC2)c1ncc(-c2ccccc2)[nH]1,7.07,1
CHEMBL4755946,CCC(=O)CCCCC[C@H](NC(=O)[C@H]1CC12CCN(CC)CC2)c1ncc(-c2ccc(C(=O)Nc3cc(C(F)(F)F)ccn3)cc2OC)[nH]1,7.06,1
CHEMBL4762257,O=C(NO)c1ccc(CN2C(=O)/C(=C3\Nc4ccccc4\C3=N/O)c3cccc(Cl)c32)cc1,7.06,1
CHEMBL4861270,CCCC[C@H](NC(=O)[C@H](C)c1c(C)[nH]c2ccc(O)cc12)c1ncc(-c2cc3ccccc3nc2OC)[nH]1,7.06,1
CHEMBL3098689,O=C(CCCCC[C@H](NC(=O)[C@@H]1CCCC(=O)N1)C(=O)Nc1ccccc1)NO,7.05,1
CHEMBL3309284,Cn1c(=O)ccc2cc(C(=O)NCCCCCCC(=O)NO)ccc21,7.05,1
CHEMBL3923840,CCOc1ccc(CN2CCN(c3ncc(C(=O)NO)cn3)CC2)cc1-c1nc2c(CC)nn(C)c2c(=O)[nH]1,7.05,1
CHEMBL4078721,CC(C)[C@@H]1NC(=O)[C@]2(C)CSC(=N2)c2csc(n2)CNC(=O)C[C@@H](/C=C/CCSCCS)OC1=O,7.05,1
CHEMBL4104334,CCNNC(=O)c1ccc(CNC(=O)[C@H](Cc2c[nH]c3ccccc23)NC(=O)c2ccc(OC)cc2)cc1,7.05,1
CHEMBL4526892,CCCNNC(=O)c1ccc(CNC(=O)/C=C/c2ccccc2)cc1,7.05,7
CHEMBL4857970,Cn1c(SCCCCCC(=O)NO)nnc1-c1ccncc1,7.05,1
CHEMBL5273740,O=C(NO)c1ccc(NC(=O)[C@@H](NC(=O)c2cccc(Br)c2)c2ccccc2)cc1,7.05,1
CHEMBL5409244,C[C@@H](c1ccc(C(=O)Nc2ccc(F)cc2N)cc1)n1nc(-c2ccc(CN(C)C)cc2)ccc1=O,7.05,1
CHEMBL5558823,CCCNNC(=O)c1ccc(CNC(=O)/C=C/c2ccncc2)cc1,7.05,1
CHEMBL6150030,CS(=O)(=O)Nc1ccc(-c2ccnc(Nc3ccc(N4CCN(CC(=O)Nc5ccc(C(=O)NO)cc5)CC4)cc3)n2)cc1,7.05,1
CHEMBL4782188,CCC(=O)CCCCCC(NC(=O)c1cncs1)c1[nH]c(-c2ccccc2)nc1C(=O)NC,7.04,1
CHEMBL4866536,O=C(CCCCCONC(=O)c1ccc2ccccc2n1)NO,7.04,1
CHEMBL4863394,COc1cc2nc(-c3ccc(C)o3)cc(NCc3ccc(C(=O)NO)cc3)c2cc1OC,7.04,1
CHEMBL5077171,O=C(CCCCCCCOc1cccc(-c2nc3ccccc3[nH]2)c1)NO,7.04,1
CHEMBL5555610,CCC(=O)CCCCC[C@@H]1NC(=O)[C@H]2CCCN2C(=O)[C@H](Cc2ccc(OCc3cn(CCCCNC(=O)Oc4cccc5c4C(=O)N(C4CCC(=O)NC4=O)C5=O)nn3)cc2)CC[C@H](Cc2ccccc2)NC1=O,7.04,1
CHEMBL3098606,Cc1ccc(NC(=O)[C@H](CCCCCC(=O)NO)NC(=O)[C@H]2CCC(=O)N2)cc1,7.03,1
CHEMBL3311473,CC1(C)CC(=O)Nc2ccc(C(=O)NCCCCCCC(=O)NO)cc21,7.03,1
CHEMBL3605503,Nc1ccccc1NC(=O)c1ccc(CNC2=NC[C@H](c3ccccc3)O2)cc1,7.03,1
CHEMBL3907413,CC(C)C[C@H](C(=O)N1CCC(Nc2ncc(C(=O)NO)cn2)(c2ccccc2)CC1)c1ccccc1,7.03,1
CHEMBL5209294,C#Cc1nc(C(=O)NCCCCCCC(=O)NO)cs1,7.03,1
CHEMBL6074533,C=C1C(=O)O[C@@H]2C[C@@]3(C)CC[C@@H](OC(=O)CNC(=O)c4cccc(/C=C/C(=O)NO)c4)C(=C)[C@@H]3C[C@H]12,7.03,1
CHEMBL6152372,CCCC[C@H](NC(=O)[C@H](CN)c1c[nH]c2ccc(OC)cc12)c1nc(-c2ccc3c(c2)OCO3)c[nH]1,7.03,1
CHEMBL3656001,O=C(NO)c1cnc(NC2(c3cc(F)cc(F)c3)CC2)nc1,7.02,1
CHEMBL3655962,CC(Nc1ncc(C(=O)NO)cn1)c1ccncc1,7.02,1
CHEMBL4574424,CC(C)[C@@H]1NC(=O)[C@]2(C)CSC(=N2)c2csc(n2)CNC(=O)C[C@H](/C(F)=C/CCS)OC1=O,7.02,1
CHEMBL4746267,CCC(=O)CCCCC[C@H](NC(=O)[C@H]1CC12CCN(C)CC2)c1[nH]c(-c2ccccc2F)nc1C#N,7.02,1
CHEMBL4794670,C=CC(=O)Nc1cc2c(Nc3ccc(OCc4cccc(F)c4)c(Cl)c3)ncnc2cc1OCc1cn(CCCC(=O)NO)nn1,7.02,1
CHEMBL5072785,O=C(CCCCCCCNc1nn2c(=O)c3cc(F)ccc3nc2c2ccccc12)NO,7.02,1
CHEMBL5597435,CN(C)CCCn1c(SCc2ccc(/C=C/C(=O)NO)cc2)nc2ccccc21,7.02,1
CHEMBL3655925,O=C(NO)c1cnc(NCCc2cccc(Cl)c2)nc1,7.01,1
CHEMBL4548155,Cc1cc(-c2nc3sc4c(c3c(=O)[nH]2)CCN(C)C4)cc(C)c1OCc1ccc(/C=C/C(=O)NO)cc1,7.01,1
CHEMBL4781177,COc1cc(OC)c2c(N3CCN(C)CC3)nc(-c3cc(C)c(OCCCCCC(=O)NO)c(C)c3)nc2c1,7.01,1
CHEMBL5633657,O=C(NO)c1ccc(CNC(=O)[C@H]2Cc3c([nH]c4ccccc34)[C@H](c3ccc(Cl)cc3)N2)cc1,7.01,1
CHEMBL6145800,CCC(=O)CCCCC[C@H](NC(=O)C1CC2CCN1CC2)c1ncc(-c2ccccc2)[nH]1,7.01,1
CHEMBL392747,COc1ccc(NCc2ccc(C(=O)Nc3cc(-c4ccccc4)ccc3N)cc2)cc1OC,7.0,1
CHEMBL402363,CC(C)[C@H]1NC(=O)[C@@H](C)[C@@H](C/C=C\CCC(=O)O)NC(=O)[C@@H](Cc2ccccc2)NC(=O)[C@@H](C)NC1=O,7.0,1
CHEMBL3309286,CN1C(=O)CC(C)(C)c2cc(C(=O)NCCCCCCC(=O)NO)ccc21,7.0,1
CHEMBL3309290,CC1(C)CC(=O)Nc2ccc(C(=O)NCc3cccc(/C=C/C(=O)NO)c3)cc21,7.0,1
CHEMBL4176291,O=C(NO)c1ccc(CN2C(=O)c3cccc4c(N5CCOCC5)ccc(c34)C2=O)cc1,7.0,1
CHEMBL4647164,CN1CC(C(=O)N[C@@H](CCCCCC(=O)c2ccon2)c2nnc(-c3ccccc3F)o2)C1,7.0,1
CHEMBL4789519,CCCCCNNC(=O)c1ccc(CNC(=O)/C=C/c2ccccc2)cc1,7.0,2
CHEMBL4303643,CCCCNNC(=O)c1ccc(Br)cc1,7.0,4
CHEMBL4282111,Nc1ccccc1NC(=O)CCCCCCC(=O)NO,7.0,1
CHEMBL5417235,Nc1ccccc1NC(=O)c1ccc(NC(=O)c2n[nH]cc2NC(=O)c2c(Cl)cccc2Cl)cc1,7.0,1
CHEMBL6148436,Cc1c(F)c(N)cc(C(=O)Nc2cc(-c3ccc(NC(=O)CCCCCCC(=O)NO)cc3)ccc2N2CCN(C)CC2)c1Cl,7.0,1
CHEMBL6161205,CN(C)c1ccc(C(=O)N(CC(=O)NCc2ccccc2)Cc2ccc(C(=O)Nc3cc(-c4ccncc4)ccc3N)cc2)cc1,7.0,1
CHEMBL3356921,CN1C(=O)CC[C@@H]1C(=O)N[C@@H](CCCCCS)C(=O)Nc1ccccc1,6.99,1
CHEMBL4113424,C[C@@H](C(=O)N1CCC(C)(Nc2ncc(C(=O)NO)cn2)CC1)c1ccccc1,6.99,1
CHEMBL4635878,CCC(=O)CCCCC[C@H](NC(=O)[C@H]1CC12CCN(CC)CC2)c1nnc(-c2cc3ccccc3nc2OC)[nH]1,6.99,1
CHEMBL6166115,CCCCNNC(=O)c1ccc(CN(CC(=O)NCc2ccccc2)C(=O)c2ccc(N(C)C)cc2)cc1,6.99,5
CHEMBL400721,COC(=O)NCc1ccc(C(=O)Nc2cc(-c3cccs3)ccc2N)cc1,6.98,1
CHEMBL2407720,Nc1ccccc1NC(=O)c1ccc(CNC2=N[C@@H](Cc3ccccc3)CS2)cc1,6.98,1
CHEMBL4592260,Cc1cc(-c2nc3sc4c(c3c(=O)[nH]2)CCN(C)C4)cc(C)c1OCc1ccc(C(=O)NO)cc1,6.98,1
CHEMBL5556398,COc1ccc(-c2nc3ccccc3s2)cc1OCCCCCCC(=O)NO,6.98,1
CHEMBL6146485,O=C(CCCCCONC(=O)c1nc(-c2ccsc2)cs1)NO,6.98,1
CHEMBL3655970,Cc1ccc(C2(Nc3ncc(C(=O)NO)cn3)CC2)cc1,6.97,1
CHEMBL3758246,COc1cc(O)cc(OC)c1/C=N/NC(=O)CCCCCC(=O)NO,6.97,1
CHEMBL3920532,O=C(NO)c1cnc(NC2(c3cc(F)ccc3F)CCOCC2)nc1,6.97,3
CHEMBL4531072,CCCNNC(=O)c1ccc(CNCCc2c(C)[nH]c3ccccc23)cc1.O=C(O)C(F)(F)F,6.97,1
CHEMBL5283088,CN(C)c1cccc2c(S(=O)(=O)N[C@H](C(=O)Nc3ccc(C(=O)NO)cc3)c3ccccc3)cccc12,6.97,1
CHEMBL5416731,CN(C)c1ccc(C(=O)N(CC(=O)NC(C)(C)C)Cc2ccc(C(=O)Nc3cc(-c4ccncc4)ccc3N)cc2)cc1,6.97,5
CHEMBL407959,COc1ccc2[nH]c(C)c(CC(=O)N[C@@H](CCCCCC(C)=O)c3ncc(-c4ccccc4)[nH]3)c2c1,6.96,2
CHEMBL471824,Nc1ccc(-c2ccccc2)cc1NC(=O)c1ccc(N2CCC3(CCNC3)CC2)nc1,6.96,1
CHEMBL2407722,Nc1ccccc1NC(=O)c1ccc(CNC2=NC[C@@H](c3ccccc3)S2)cc1,6.96,1
CHEMBL3098694,O=C(CCCCC[C@H](NC(=O)C1C(=O)NCC1c1ccccc1)C(=O)Nc1ccccc1)NO,6.96,1
CHEMBL3426803,O=C(CCCCSc1nc(-c2ccc(-c3ccccc3)cc2)cc(=O)[nH]1)NO,6.96,2
CHEMBL3605506,Nc1ccccc1NC(=O)c1ccc(CNC2=N[C@H](c3ccccc3)[C@H](c3ccccc3)O2)cc1,6.96,1
CHEMBL4079199,COc1ccc(C(=O)N[C@H](COc2ccc(C(=O)Nc3ccccc3N)cc2)Cc2c[nH]c3ccccc23)cc1,6.96,1
CHEMBL4641299,CCC(=O)CCCCC[C@H](NC(=O)[C@H]1CC12CCN(C)CC2)c1nnc(-c2cc3ccccc3nc2OC)[nH]1,6.96,1
CHEMBL5639767,CCCNNC(=O)c1ccc(CNC(=O)[C@H](CC(C)C)NC(=O)[C@H](O)[C@@H](N)Cc2ccccc2)cc1.Cl,6.96,1
CHEMBL6160427,O=C(NCCCC[C@H](NC(=O)C1CCCCC12CC2)c1ncc(-c2ccc3ccccc3c2)[nH]1)c1c(O)cccc1F,6.96,2
CHEMBL387924,O=C(CCCCCCC(=O)Nc1nc(-c2cccc([N+](=O)[O-])c2)cs1)NO,6.95,1
CHEMBL488747,O=C(CCCCCCC(=O)Nc1cccc(-c2cnnn2Cc2ccccc2)c1)NO,6.95,1
CHEMBL3098695,O=C(CCCCC[C@H](NC(=O)[C@@H]1CC(=O)N1)C(=O)Nc1ccccc1)NO,6.95,2
CHEMBL3098691,O=C(CCCCC[C@H](NC(=O)[C@@H]1CCC(=O)N1)C(=O)Nc1ccccc1)NO,6.95,2
CHEMBL4162183,COc1cc2ccn(CCOc3cccc(NC(=O)CCCCCCC(=O)NO)c3)c2c(OC)c1OC,6.95,1
CHEMBL4438753,Cc1noc(C)c1-c1nc2sc3c(c2c(=O)[nH]1)CCN(CCCCCC(=O)Nc1ccccc1N)C3,6.95,1
CHEMBL5568033,CCCNNC(=O)CCCCCCNC(=O)c1cc2cnccc2[nH]1,6.95,1
CHEMBL5557763,Cc1ccc(N(CC(=O)NC2CCCCC2)C(=O)Cc2ccc(C(=O)NO)cc2)cc1,6.95,1
CHEMBL6150353,CCC(=O)CCCCC[C@H](NC(=O)C1C2CNCC21)c1ncc(-c2ccccc2)[nH]1,6.95,1
CHEMBL487107,O=C(CCCCCCC(=O)Nc1cccc(-c2cnnn2CC(O)c2cccc(Br)c2)c1)NO,6.94,1
CHEMBL2407732,CC(=O)N1C(NCc2ccc(C(=O)Nc3ccccc3N)cc2)=NC(=O)C1Cc1c[nH]c2ccccc12,6.94,1
CHEMBL3655964,O=C(NO)c1cnc(NC2(c3cccc(F)c3)CC2)nc1,6.94,1
CHEMBL4172557,O=C(CCCCCCN1C(=O)NC2(CCCc3ccccc32)C1=O)NO,6.94,1
CHEMBL4225171,Cc1cc(-c2ccc(F)cc2)nn1Cc1ccc(C(=O)NO)cc1,6.94,1
CHEMBL5399337,Nc1ccccc1NC(=O)c1ccc(COc2ccc(CNC(=O)[C@@H]3CCC(=O)N3Cc3ccccc3)cc2)cc1,6.94,1
CHEMBL3656004,O=C(NO)c1cnc(NC2(c3ccc(C(F)(F)F)cc3)CC2)nc1,6.93,1
CHEMBL3970984,CCCc1nn(C)c2c(=O)[nH]c(-c3cc(S(=O)(=O)N4CCN(c5ncc(C(=O)NO)cn5)CC4)ccc3OCC)nc12,6.93,1
CHEMBL4754763,CCC(=O)CCCCC[C@H](NC(=O)C1CN(C)C1)c1[nH]c(-c2ccc(F)cc2)nc1C#N,6.93,1
CHEMBL4779677,Cc1noc(C)c1-c1ccc2c(c1)c(Cc1ccccc1)cn2CCCCCCC(=O)NO,6.93,1
CHEMBL98,O=C(CCCCCCC(=O)Nc1ccccc1)NO,6.92,242
CHEMBL3622730,C/C=C1\NC(=O)c2csc(n2)CNC(=O)C[C@@H](/C=C/CCSC(=O)CCCCCCC)OC(=O)[C@H](C(C)C)NC1=O,6.92,2
CHEMBL3655926,O=C(NO)c1cnc(NCCc2c[nH]c3ccccc23)nc1,6.92,1
CHEMBL3827993,Nc1ccc(-c2ccc(F)cc2)cc1NC(=O)C1Cc2ccccc2CO1,6.92,1
CHEMBL3891741,CC(C)C1(Nc2ncc(C(=O)NO)cn2)CCN(C(=O)OCc2ccccc2)CC1,6.92,1
CHEMBL4095245,COc1ccc(C(=O)N[C@@H](Cc2c[nH]c3ccccc23)C(=O)Nc2ccc(C(=O)Nc3ccc(F)cc3N)cc2)cc1,6.92,1
CHEMBL4526274,O=C(CCCCCn1cc(Nc2ncc(Cl)c(Nc3ccc(Cl)cc3)n2)cn1)NO,6.92,1
CHEMBL4759915,CCC(=O)CCCCC[C@H](NC(=O)[C@H]1CC12CCN(C)CC2)c1ncc(-c2cnc3cccnc3c2)[nH]1,6.92,2
CHEMBL4744985,C=CC(=O)Nc1cc2c(Nc3ccc(F)c(Cl)c3)ncnc2cc1OCc1cn(CCCCC(=O)NO)nn1,6.92,1
CHEMBL4872186,CCCC[C@H](NC(=O)[C@H](C)c1c(C)[nH]c2ccc(OC)cc12)c1ncc(-c2cc3ccccc3nc2OC)[nH]1,6.92,1
CHEMBL5186798,C#Cc1nc(/C=C/CCCCCC(=O)NO)cs1,6.92,1
CHEMBL6169036,Cc1noc(C)c1-c1ccc2c(c1)CCc1c-2nn(Cc2ccccc2)c1C(=O)NCCCCCCC(=O)NO,6.92,1
CHEMBL487106,O=C(CCCCCCC(=O)Nc1cccc(-c2cnnn2Cc2ccc(F)cc2)c1)NO,6.91,1
CHEMBL519746,O=C(CCCCCCC(=O)Nc1ccc(-c2cnnn2Cc2ccccc2)cc1)NO,6.91,1
CHEMBL5557716,CCCNNC(=O)c1ccc(NC(=O)CCCCCCNC(=O)/C=C/c2cccnc2)cc1,6.91,1
CHEMBL3655920,O=C(NO)c1cnc(NCc2ccc(C(F)(F)F)cc2)nc1,6.9,1
CHEMBL3655957,CC(C)(Nc1ncc(C(=O)NO)cn1)c1ccc(Cl)c(Cl)c1,6.9,1
CHEMBL4876823,COc1cc2nc(-c3ccc(C)o3)cc(NCC3C4CCC3CN(c3ncc(C(=O)NO)cn3)C4)c2cc1OC,6.9,1
CHEMBL4752047,Cc1cccc(Cc2cn(CCCCCCC(=O)NO)c3ccc(-c4c(C)noc4C)cc23)c1,6.9,1
CHEMBL5431071,Nc1ccccc1NC(=O)c1ccc(CNC(=O)c2nn(-c3ccccc3Cl)nc2N)cc1,6.9,1
CHEMBL3605501,Nc1ccccc1NC(=O)c1ccc(CNC2=N[C@@H](Cc3ccccc3)CO2)cc1,6.89,1
CHEMBL3655950,O=C(NO)c1cnc(NC2(c3ccccc3)CC2)nc1,6.89,6
CHEMBL4102475,Nc1ccccc1NC(=O)c1ccc(NC(=O)CN2C(=O)C3(OCCO3)c3cc(Br)ccc32)cc1,6.89,1
CHEMBL4474656,CN(C)c1ccc(C(=O)N(CC(=O)NCc2ccccc2)Cc2ccc(C(=O)Nc3ccccc3N)cc2)cc1,6.89,3
CHEMBL4471710,O=C(CCCCCCn1cc(Nc2ncc(Cl)c(Nc3cccc(Cl)c3)n2)cn1)NO,6.89,1
CHEMBL4082995,O=C(/C=C/c1cccn(CCCc2ccc3ccccc3c2)c1=O)NO,6.89,2
CHEMBL5647130,CC(C)C[C@H](NC(=O)[C@@H](O)[C@H](N)Cc1ccccc1)C(=O)NCc1ccc(C(=O)Nc2ccccc2N)cc1,6.89,1
CHEMBL5639904,Nc1ccccc1NC(=O)CCCCCNC(=O)c1ccc(NC(=O)Nc2ccc(-c3nc(OC4COC4)nc(N4CCOCC4)n3)cc2)cc1,6.89,1
CHEMBL513160,O=C(CCCCOCc1cc(-c2ccccc2)on1)NO,6.88,1
CHEMBL468842,CC(=O)Nc1ccc(-c2cc(C(=O)NCCCCCCC(=O)NO)no2)cc1,6.88,1
CHEMBL3086768,O=C(CCCC(=O)NCCc1ccccc1)NO,6.88,2
CHEMBL3655983,O=C(NO)c1cnc(NCc2cccnc2)nc1,6.88,1
CHEMBL4159366,CS(=O)(=O)Nc1ccc(-c2ccnc(Nc3ccc(N4CCC(C(=O)NCCCCCCCC(=O)NO)CC4)cc3)n2)cc1,6.88,1
CHEMBL3656014,O=C(NO)c1cnc(NC2(c3cc(C(F)(F)F)cc(C(F)(F)F)c3)CC2)nc1,6.87,1
CHEMBL3930237,C[C@@H](N)C(=O)NCc1nnc(-c2ccccc2)o1,6.87,1
CHEMBL4225495,Cc1cc(-c2ccc3c(c2)OCO3)n(Cc2ccc(C(=O)NO)cc2)n1,6.87,1
CHEMBL4548542,Cc1cc(-c2nc3sc4c(c3c(=O)[nH]2)CCN(CCCCCC(=O)NO)C4)cc(C)c1O,6.87,1
CHEMBL4530039,Cc1noc(C)c1-c1nc2sc3c(c2c(=O)[nH]1)CCN(CCCCCC(=O)NO)C3,6.87,1
CHEMBL4790998,COc1cc(OC)c2c(N3CCS(=O)(=O)CC3)nc(-c3cc(C)c(OCCCCCC(=O)NO)c(C)c3)nc2c1,6.87,1
CHEMBL5191492,COc1ccc(CNC(=O)c2cc(F)ccc2N2CCOCC2)cc1/C=C/C(=O)NO,6.87,1
CHEMBL4645270,C[C@H]1COc2c(N3CCN(C)CC3)c(F)cc3c(=O)c(C(=O)OCc4cn(CCCCCC(=O)NO)nn4)cn1c23,6.87,1
CHEMBL4437865,Cc1cc(C)cc(SCc2ccc(C(=O)Nc3ccccc3N)cc2)c1,6.86,1
CHEMBL4781501,CCCCCCNNC(=O)c1ccc(CNC(=O)/C=C/c2ccccc2)cc1,6.86,2
CHEMBL4761763,Cc1noc(C)c1-c1ccc2c(c1)c(CCc1ccccc1)cn2CCCCCCC(=O)NO,6.86,1
CHEMBL481805,Nc1ccccc1NC(=O)c1ccc(CNc2nccc(-c3ccn[nH]3)n2)cc1,6.85,1
CHEMBL2442698,COc1cc([C@@H]2c3cc4c(cc3[C@@H](Nc3ccc(NC(=O)CCCCCCC(=O)NO)cc3)[C@H]3COC(=O)[C@H]23)OCO4)cc(OC)c1O,6.85,1
CHEMBL3098690,O=C(CCCCC[C@H](NC(=O)[C@H]1CCC(=O)N1)C(=O)Nc1ccccc1)NO,6.85,1
CHEMBL3655918,O=C(NO)c1cnc(NCc2ccccc2)nc1,6.85,1
CHEMBL3655942,O=C(NO)c1cnc(NC(c2ccccc2)c2ccccc2)nc1,6.85,1
CHEMBL3759869,CC(=O)SCCCCCCNC(=O)c1cc(-c2ccc(F)cc2)nn1C,6.85,1
CHEMBL4444211,Nc1cc(F)ccc1NC(=O)c1ccc(CNC(=O)/C=C/c2ccccc2)cc1,6.85,1
CHEMBL4471956,Cc1cc(-c2nc3sc4c(c3c(=O)[nH]2)CCN(C)C4)cc(C)c1OCc1ccc(C(=O)Nc2ccccc2N)cc1,6.85,1
CHEMBL4846435,NC(=O)c1ccc2c(c1)CCCN2Cc1ccc(C(=O)NO)cc1,6.85,1
CHEMBL5073322,CN1c2ccc(F)cc2C(=O)N2CCc3c([nH]c4ccc(OCc5ccc(/C=C/C(=O)NO)cc5)cc34)C21,6.85,1
CHEMBL5559070,CCCNNC(=O)c1ccc(CNC(=O)/C=C/c2cccnc2)cc1,6.85,1
CHEMBL6169065,CCCNNC(=O)c1ccc(CN(CC(=O)NCc2ccccc2)C(=O)c2ccc(N(C)C)cc2)cc1,6.85,5
CHEMBL487742,O=C(CCCCCCC(=O)Nc1ccc(-c2cnnn2-c2ccccc2)cc1)NO,6.84,1
CHEMBL483495,O=C(CCCCCCC(=O)Nc1ccc(-c2cn(CC(O)c3cccc(Br)c3)nn2)cc1)NO,6.84,1
CHEMBL3670669,COc1ccc(-c2cc(-c3ccccc3)[nH]c2C(=O)NCc2ccc(C(=O)Nc3ccccn3)cc2)cc1,6.84,1
CHEMBL4080343,Cc1ccc(NC(=O)CN(CCCCCC(=O)NO)C(=O)c2ccc(N(C)C)cc2)cc1,6.84,1
CHEMBL4450474,CCc1ccc(SCc2ccc(C(=O)Nc3ccccc3N)cc2)cc1,6.84,1
CHEMBL5433049,Nc1ccccc1NC(=O)c1ccc(COc2ccc(CNC(=O)[C@H]3CCC(=O)N3Cc3ccccc3)cc2)cc1,6.84,1
CHEMBL5612659,CCCNNC(=O)/C=C/c1ccc(CN(CCc2c(C)[nH]c3ccccc23)Cc2ccccn2)cc1,6.84,1
CHEMBL6133532,N#CCCN(C(=O)CCl)c1ccc2c(c1)OCCN2CC(=O)NCCCCCCCC(=O)Nc1ccc(C(=O)NCCCCCCC(=O)NO)cc1.O=C(O)C(F)(F)F,6.84,1
CHEMBL6152893,CCC(=O)CCCCC[C@H](NC(=O)C1CN2CCC1CC2)c1ncc(-c2ccccc2)[nH]1,6.84,1
CHEMBL467793,Nc1ccc(-c2cc(C(=O)NCCCCCCC(=O)NO)no2)cc1,6.83,1
CHEMBL4593729,Nc1cccc(-c2csc(NC(=O)CCCCCC(=O)Nc3ccccc3N)n2)c1,6.83,1
CHEMBL4281014,Nc1cccc(-c2csc(NC(=O)CCCCCCC(=O)Nc3ccccc3N)n2)c1,6.83,1
CHEMBL5575335,NC(=O)c1cccc2[nH]c(-c3ccc(NCc4ccc(C(=O)Nc5ccccc5N)cc4)cc3)nc12,6.83,1
CHEMBL3317813,C[C@@]12CSC(=N1)c1csc(n1)CNC(=O)C[C@@H](/C=C/CCS)OC(=O)[C@H](CC(=O)O)NC2=O,6.82,1
CHEMBL3421742,Nc1ccccc1NC(=O)c1ccc(CNCc2nc(-c3ccc([N+](=O)[O-])cc3)no2)cc1,6.82,1
CHEMBL3605496,Nc1ccccc1NC(=O)c1ccc(CNC2=NC(c3ccc(F)cc3)CO2)cc1,6.82,1
CHEMBL4437428,Nc1cc(F)ccc1NC(=O)c1ccc(CNC(=O)/C=C/c2ccncc2)cc1,6.82,1
CHEMBL5170598,C#CCN(C)CCCOc1cc(NC(=O)CCCCCCC(=O)NO)ccc1Cl,6.82,1
CHEMBL5405779,COc1cc2c(cc1-c1c(C)noc1C)[nH]c1ncnc(NCCCCCCC(=O)NO)c12,6.82,1
CHEMBL5532078,CCCNNC(=O)CCCCCCCn1cc(-c2cccnc2)nn1,6.82,1
CHEMBL6176556,Cc1[nH]c2ccccc2c1C[C@H](NCc1ccc(/C=C/C(=O)NO)cc1)C(N)=O,6.82,1
CHEMBL389687,N[C@@H](Cc1ccccc1)C(=O)Nc1ccccc1-c1ccc(NC(=O)CCCCCCC(=O)NO)cc1,6.81,1
CHEMBL511749,CC(C)(C)OC(=O)Nc1ccc(-c2cc(C(=O)NCCCCCCC(=O)NO)no2)cc1,6.81,2
CHEMBL3764561,CC(C)n1cnc2c(NCCCCCCC(=O)NO)nc(N)nc21,6.81,1
CHEMBL3827363,Nc1ccc(-c2ccc(F)cc2)cc1NC(=O)C1COc2ccccc2C1,6.81,1
CHEMBL4797194,CCC(=O)CCCCC[C@H](NC(=O)[C@H]1CC12CCN(C)CC2)c1[nH]c(-c2ccc(F)cc2F)nc1C#N,6.81,1
CHEMBL4753036,CCC(=O)CCCCC[C@H](NC(=O)[C@H]1CC12CCN(C)CC2)c1ncc(-c2ccnc(N3CCOCC3)c2F)[nH]1,6.81,2
CHEMBL4793261,CCC(=O)CCCCC[C@H](NC(=O)[C@H]1CC12CCN(CC)CC2)c1ncc(-c2cc(C(=O)OC)c(F)cc2OC)[nH]1,6.81,1
CHEMBL4550522,O=C(/C=C/c1ccc(NC(=O)Cc2cccc3ccccc23)cn1)NO,6.81,1
CHEMBL6103029,N#CCCN(C(=O)CCl)c1ccc2c(c1)OCCN2CC(=O)NCC(=O)Nc1ccc(C(=O)NCCCCCCC(=O)NO)cc1,6.81,1
CHEMBL466215,COc1ccc2[nH]c(C)c(CC(=O)N[C@@H](CCCCCC(N)=O)c3ncc(-c4ccc5ccccc5c4)[nH]3)c2c1,6.8,1
CHEMBL1631914,COc1cc2cc(c1)COc1ccccc1NC(=O)[C@H](CCCCCC(=O)NO)OC/C=C\2,6.8,1
CHEMBL3605507,Nc1ccccc1NC(=O)c1ccc(CNC2=N[C@@H](Cc3c[nH]cn3)CO2)cc1,6.8,1
CHEMBL4087897,COc1ccc(-c2cc(-c3ccoc3)c(C(=O)NCc3ccc(C(=O)NO)cc3)[nH]2)cc1,6.8,2
CHEMBL3655999,O=C(NO)c1cnc(NC2(c3ccccc3)CCC2)nc1,6.8,1
CHEMBL4551888,Cc1cc(-c2nc3sc4c(c3c(=O)[nH]2)CCN(C)C4)cc(C)c1OCCCC(=O)NO,6.8,1
CHEMBL4474354,COc1ccc2c(=O)n(C)c(SCc3ccc(C(=O)Nc4ccccc4N)cc3)nc2c1,6.8,1
CHEMBL4519499,O=C(/C=C/c1ccc(C(=O)NCCOc2no[n+]([O-])c2S(=O)(=O)c2ccccc2)cc1)NO,6.8,2
CHEMBL4793558,CCC(=O)CCCCCC(NC(=O)c1cncs1)c1[nH]c(-c2ccccc2)nc1C(=O)N1CCOCC1,6.8,1
CHEMBL4850606,COc1cc2c(NCC3CCC(C(=O)NO)CC3)cc(-c3ccc(C)o3)nc2cc1OCCCN1CCCC1,6.8,1
CHEMBL5434895,O=C(CCCCCCNC(=O)c1ccc(NC(=O)CNC(=O)CC2c3ccccc3-c3ccccc32)cc1)NO,6.8,1
CHEMBL5619359,O=C(CCCCCn1c(=O)c(-c2ccc(Cl)cc2Cl)cc2cnc(NC3CC3)nc21)NO,6.8,1
CHEMBL5861794,CN(C)CCOc1ccc2c(c1)C(c1ccc(C(=O)NO)cc1)=Nc1ccccc1O2,6.8,1
CHEMBL511432,Nc1cccc(-c2csc(NC(=O)CCCCc3cc(C(=O)NO)no3)n2)c1,6.79,1
CHEMBL3652237,O=C(NO)c1cnc(Nc2cccc(Cl)c2)nc1,6.79,1
CHEMBL3884141,Cc1ccc(-c2cc(C(=O)NCCCCCCC(=O)NO)nn2-c2ccc(S(C)(=O)=O)cc2)cc1,6.79,1
CHEMBL4085511,COc1ccc(C(=O)N[C@@H](Cc2c[nH]c3ccccc23)C(=O)NCc2ccc(C(=O)Nc3ccccc3N)cc2)cc1,6.79,6
CHEMBL4739902,CCC(=O)CCCCC[C@H](NC(=O)c1ccon1)c1[nH]c(-c2ccc(F)cc2)nc1C#N,6.79,1
CHEMBL5195946,COc1ccc2c3c(cccc13)C(=O)N(Cc1ccc(C(=O)NO)cc1)C2=O,6.79,1
CHEMBL389688,N[C@@H](Cc1c[nH]c2ccccc12)C(=O)Nc1ccccc1-c1ccc(NC(=O)CCCCCCC(=O)NO)cc1,6.78,1
CHEMBL520056,O=C(CCCCCCC(=O)Nc1cccc(-c2cnnn2-c2ccccc2)c1)NO,6.78,1
CHEMBL1089495,O=C(CCCCCCC(=O)Nc1cccc(C(F)(F)F)c1)NO,6.78,1
CHEMBL3356927,O=C1NC[C@H](c2ccccc2)[C@@H]1C(=O)N[C@@H](CCCCCS)C(=O)Nc1ccccc1,6.78,1
CHEMBL3763573,CC(C)Cn1cnc2c(NCCCCCCC(=O)NO)nc(Cl)nc21,6.78,1
CHEMBL3827611,Nc1ccc(-c2ccc(F)cc2)cc1NC(=O)[C@@H]1C[C@H]2CC[C@@H](C1)O2,6.78,1
CHEMBL3979179,CCCc1nn(C)c2c(=O)[nH]c(-c3cc(N(C)C4CCN(c5ncc(C(=O)NO)cn5)CC4)ccc3OCC)nc12,6.78,1
CHEMBL4779831,COc1cccc(-c2ccc3c(NC(=O)CCCC(=O)NO)n[nH]c3c2)c1,6.78,1
CHEMBL5094795,CCc1c(C(=O)Nc2cccc(/C=C/C(=O)NO)c2)[nH]c(C)c1C(C)=O,6.78,1
CHEMBL5182870,Nc1ccccc1NC(=O)c1ccc(CN2CCC/C(=C\c3ccccn3)C2=O)cc1,6.78,1
CHEMBL217651,CC(=O)CCCCC[C@H](NC(=O)C1CCCCN1C)C(=O)Nc1nc(-c2ccccc2)cs1,6.77,1
CHEMBL272401,CC(=O)CCCCC[C@H](NC1CCCCN1C)C(=O)Nc1nc(-c2ccccc2)cs1,6.77,1
CHEMBL2407730,O=C(NO)c1ccc(CNc2nccc(-c3cccnc3)n2)cc1,6.77,2
CHEMBL3309288,COc1ccc2cc(C(=O)NCCCCCCC(=O)NO)ccc2n1,6.77,1
CHEMBL3356920,O=C1CC[C@H](C(=O)N[C@H](CCCCCS)C(=O)Nc2ccccc2)N1,6.77,1
CHEMBL3652238,O=C(NO)c1cnc(Nc2cc(F)cc(F)c2)nc1,6.77,1
CHEMBL4094099,O=C(/C=C(\CO)c1ccccc1)c1ccccc1,6.77,3
CHEMBL4555072,Cc1cc(-c2nc3sc4c(c3c(=O)[nH]2)CCN(C)C4)cc(C)c1OCCCCCC(=O)Nc1ccccc1N,6.77,1
CHEMBL5268468,O=C(NO)c1ccc(NC(=O)[C@@H](NS(=O)(=O)c2cccc3ccccc23)c2ccccc2)cc1,6.77,1
CHEMBL5270048,OC1(c2ccccc2)C=C(c2ccccc2)CO1,6.77,1
CHEMBL5647223,Nc1ccccc1NC(=O)CCCCCCNC(=O)c1ccc(NC(=O)Nc2ccc(-c3nc(OC4COC4)nc(N4CCOCC4)n3)cc2)cc1,6.77,1
CHEMBL3916246,CC(C)[C@H](C(=O)N1CCC(Nc2ncc(C(=O)NO)cn2)(c2ccccc2)CC1)c1ccccc1,6.76,1
CHEMBL4474900,Cc1[nH]c2ccccc2c1CCNCc1ccc(/C=C/C(=O)NNCCC#N)cc1.O=C(O)C(F)(F)F,6.76,1
CHEMBL4435691,CCCNNC(=O)c1ccc(OCc2ccccc2)cc1,6.76,1
CHEMBL5185866,COc1cc(OCc2cccc(-c3ccccc3)c2C)cc(OC)c1CNCCCCCCC(=O)NO,6.76,1
CHEMBL5723353,Nc1ccc(-c2cccs2)cc1NC(=O)c1ccc(NC=O)cc1,6.76,2
CHEMBL1095095,Nc1ccc(-c2ccoc2)cc1NC(=O)c1ccccc1,6.75,2
CHEMBL1096981,C[C@H](O)C(=O)CCCCC[C@@H]1NC(=O)[C@H]2CCCN2C(=O)[C@H](Cc2ccccc2)NC(=O)[C@H](Cc2c[nH]c3ccccc23)NC1=O,6.75,1
CHEMBL3098688,O=C(CCCCC[C@H](NC(=O)[C@H]1CCC(=O)N1)C(=O)NCCc1ccccc1)NO,6.75,1
CHEMBL3605416,Nc1ccccc1NC(=O)c1ccc(CSC2=N[C@@H](c3ccccc3)CN2)cc1,6.75,1
CHEMBL3605495,Nc1ccccc1NC(=O)c1ccc(CNC2=N[C@H](c3ccccc3)CO2)cc1,6.75,1
CHEMBL3605494,Nc1ccccc1NC(=O)c1ccc(CNC2=N[C@@H](c3ccccc3)CO2)cc1,6.75,1
CHEMBL3939779,O=C(NO)c1cnc(NC2(c3ccccc3)CCN(C(=O)Nc3ccc(Cl)c(Cl)c3)CC2)nc1,6.75,1
CHEMBL4105408,COc1ccc(C(=O)N[C@@H](Cc2c[nH]c3ccccc23)C(=O)NCc2ccc(C(=O)Nc3ccc(F)cc3N)cc2)cc1,6.75,1
CHEMBL4083211,Nc1ccc(-c2cccs2)cc1NC(=O)c1ccc(CNC(=O)CN2C(=O)C3(OCCCO3)c3cc(Cl)ccc32)cc1,6.75,1
CHEMBL4291940,Nc1ccccc1NC(=O)c1ccc(C(=O)NCCNc2nonc2/C(=N/O)Nc2ccc(F)c(Br)c2)cc1,6.75,1
CHEMBL4573943,CCn1c(SCc2ccc(/C=C/C(=O)Nc3ccccc3N)cc2)nc2cc(OC)ccc2c1=O,6.75,1
CHEMBL4765128,CCC(=O)CCCCC[C@H](NC(=O)[C@H]1CC12CCN(C)CC2)c1[nH]c(-c2cc3ccccc3nc2OC)nc1C#N,6.75,1
CHEMBL4777296,NCc1ccc(NC(=O)N(CCCCO)Cc2ccc(C(=O)NO)cc2)cc1,6.75,1
CHEMBL4789410,COc1cc(Nc2nc(N)nc3c2ncn3Cc2ccc(C(=O)Nc3ccccc3N)cc2)cc(OC)c1,6.75,1
CHEMBL5076343,Nc1ccccc1NC(=O)c1ccc(CCn2ncc3c2nc(N)n2nc(-c4ccco4)nc32)cc1,6.75,1
CHEMBL5407807,CCN(CC)C(=S)SSCCCCCC(=O)Nc1ccccc1,6.75,1
CHEMBL3655913,O=C(NO)c1cnc(Nc2cccc(-c3ccncc3)c2)nc1,6.74,1
CHEMBL5198194,CC1(NCC(=O)NCc2ccc(/C=C/C(=O)NO)cc2)CCN(c2cnc(-c3cccc(Cl)c3Cl)c(N)n2)CC1,6.74,1
CHEMBL5569425,COc1ncc(-c2cc(OCCCCCCC(=O)Nc3ccccc3N)c3ncnc(C)c3c2)cc1NS(=O)(=O)c1ccc(F)cc1F,6.74,1
CHEMBL3655911,O=C(NO)c1cnc(Nc2cccc(-c3ccccc3)c2)nc1,6.73,1
CHEMBL3752134,O=C(/C=C/c1ccc(CNc2nccc(-c3cccnc3)n2)cc1)NO,6.73,1
CHEMBL3621988,Nc1cc(F)ccc1NC(=O)c1ccc(CNC(=O)/C=C/c2cccnc2)cc1,6.73,11
CHEMBL4777783,O=C(NO)c1ccc(CN2C(=O)/C(=C3\Nc4ccccc4\C3=N/O)c3cc(Cl)ccc32)cc1,6.73,1
CHEMBL5076715,CCCNNC(=O)c1ccc(CNC(=O)c2cc3cc(Br)ccc3[nH]2)cc1,6.73,1
CHEMBL5181667,CCCCN(Cc1ccc(C(=O)NNCC)cc1)C(=O)c1ccccc1,6.73,1
CHEMBL4451085,CCCNNC(=O)CCCCCCC(=O)Nc1ccccc1,6.73,8
CHEMBL5560853,Nc1ccccc1NC(=O)CCCCCCCn1cc(-c2cccnc2)nn1,6.73,1
CHEMBL2048752,O=C(/C=C/c1ccc2c(ccn2S(=O)(=O)c2ccc([N+](=O)[O-])cc2)c1)NO,6.72,1
CHEMBL2390999,O=C(/C=C/c1ccc2c(c1)C(=O)NC1(CCN(Cc3ccccc3)CC1)O2)NO,6.72,1
CHEMBL3417212,COc1cc2c(c(OC)c1OC)-c1ccc(OC)c(=O)cc1[C@@H](NC(=O)c1cccc(C(=O)Nc3cc(-c4cccs4)ccc3N)c1)CC2,6.72,1
CHEMBL3605502,Nc1ccccc1NC(=O)c1ccc(CNC2=NC[C@@H](c3ccccc3)O2)cc1,6.72,1
CHEMBL4097567,CCCNNC(=O)CCCCCCNC(=O)[C@H](Cc1c[nH]c2ccccc12)NC(=O)c1ccc(OC)cc1,6.72,1
CHEMBL4451298,CNc1nc(Nc2cnn(CCCCCCC(=O)NO)c2)ncc1Cl,6.72,1
CHEMBL5403777,Nc1ccccc1NC(=O)c1ccc(COc2ccc(CNC(=O)[C@@H]3CCCN3Cc3ccccc3)cc2)cc1,6.72,1
CHEMBL5646835,CCCNNC(=O)c1ccc(CNC(=O)[C@H](CC(C)C)NC(=O)Nc2c(C)cccc2C)cc1,6.72,1
CHEMBL6103338,C=C1C(=O)O[C@@H]2C[C@@]3(C)CC[C@@H](OC(=O)CNC(=O)c4ccc(C(=O)NO)cc4)C(=C)[C@@H]3C[C@H]12,6.72,1
CHEMBL2390996,O=C(/C=C/c1ccc2c(c1)C(=O)CC1(CCN(CCc3ccccc3)CC1)O2)NO,6.71,2
CHEMBL2417781,O=C(CCCCCCC(=O)Nc1ccc(-c2ccccc2NC(=O)[C@@H]2CCCN2)cc1)NO,6.71,1
CHEMBL3891531,Nc1sc(-c2ccccc2)cc1NC(=O)c1cnc2cc(N3CCNCC3)ccc2c1,6.71,1
CHEMBL4066668,CCCCNNC(=O)c1ccc(CNC(=O)[C@H](Cc2c[nH]c3ccccc23)NC(=O)c2ccc(OC)cc2)cc1,6.71,1
CHEMBL4743446,O=C(NO)c1ccc(CN2C(=O)/C(=C3\Nc4ccccc4\C3=N/O)c3cc(F)ccc32)cc1,6.71,1
CHEMBL5404793,Nc1ccccc1NC(=O)c1ccc(COc2ccc(CNC(=O)[C@@H]3CCCN3Cc3ccc(F)cc3)cc2)cc1,6.71,1
CHEMBL6196052,N#CCCN(C(=O)CCl)c1ccc2c(c1)OCCN2CC(=O)N1CCC(C(=O)Nc2ccc(C(=O)NCCCCCCC(=O)NO)cc2)CC1.O=C(O)C(F)(F)F,6.71,1
CHEMBL140525,O=CN(O)CCCCCC(C(=O)Nc1cnc2ccccc2c1)C(=O)Nc1cnc2ccccc2c1,6.7,1
CHEMBL235411,COc1ccc(NCc2ccc(C(=O)Nc3ccccc3O)cc2)cc1OC,6.7,1
CHEMBL235210,COc1ccc(C(=O)Nc2cc(-c3cccs3)ccc2N)cc1,6.7,2
CHEMBL393242,Nc1ccc(-c2cccs2)cc1NC(=O)c1ccc2nccnc2c1,6.7,1
CHEMBL269935,O=C(Nc1cc(-c2ccccc2)ccc1O)c1ccccc1,6.7,2
CHEMBL2048751,O=C(/C=C/c1ccc2c(ccn2S(=O)(=O)c2ccc(F)cc2)c1)NO,6.7,1
CHEMBL4097113,CCCNNC(=O)CCCCCCCNC(=O)[C@H](Cc1c[nH]c2ccccc12)NC(=O)c1ccc(OC)cc1,6.7,1
CHEMBL4548759,CC(=O)Nc1cccc(-c2csc(NC(=O)CCCCCC(=O)Nc3ccccc3N)n2)c1,6.7,1
CHEMBL4794290,O=C(NO)c1ccc(CNC(=O)c2ccc(-c3csc(N4N=C(c5ccccc5)/C(=N/Nc5nccs5)C4=O)n3)cc2)cc1,6.7,1
CHEMBL4063658,CN(C)c1ccc(C(=O)N(CC(=O)NC2CCCCC2)Cc2ccc(C(=O)NO)cc2)cc1,6.7,1
CHEMBL6168739,CCc1nc(C(N)=O)c(Nc2ccc(N3CCN(CCCCCCCC(=O)NO)CC3)c(OC)c2)nc1NC1CCOCC1,6.7,1
CHEMBL227170,N[C@@H](Cc1ccc(O)cc1)C(=O)Nc1ccccc1-c1ccc(NC(=O)CCCCCCC(=O)NO)cc1,6.69,1
CHEMBL3335299,O=C(CCCCc1ccn(Cc2ccc(Nc3ccccc3)cc2)n1)NO,6.69,1
CHEMBL4450285,O=C(CCC1C(=O)N(c2ccc(Cl)cc2)C(=O)N1Cc1ccccc1)Nc1ccc(C(=O)NO)cc1,6.69,1
CHEMBL4446236,COc1ccc(SCc2ccc(C(=O)Nc3ccccc3N)cc2)cc1,6.69,1
CHEMBL4797488,O=C(NO)c1ccc(CN2C(=O)/C(=C3\Nc4ccccc4\C3=N/O)c3ccccc32)cc1,6.69,1
CHEMBL1631913,COc1cc2cc(c1)COc1ccccc1NC(=O)C(CCCCCC(=O)NO)OC/C=C\2,6.68,1
CHEMBL3885011,COC(=O)Cc1c(C)n(Cc2ccc(-c3cn(CCCCCCCC(=O)NO)nn3)cc2)c2ccc(OC)cc12,6.68,1
CHEMBL3951862,CNC(=O)N1CCC(Nc2ncc(C(=O)NO)cn2)(c2ccccc2)CC1,6.68,1
CHEMBL4070388,CCCNNC(=O)CCCCCNC(=O)[C@H](Cc1c[nH]c2ccccc12)NC(=O)c1ccc(OC)cc1,6.68,1
CHEMBL4066975,COc1ccc(C(=O)c2cn(Cc3ccc(C(=O)NO)cc3)c3cc(OC)ccc23)cc1,6.68,1
CHEMBL2047540,O=C(NCCS)/C(Cc1ccc(O)c(Br)c1)=N/O,6.68,1
CHEMBL5080049,COc1ccc(S(=O)(=O)n2ccc(/C=C/C(=O)NO)c2)cc1NC(=O)c1[nH]c(C)c2c1CCCCC2=O,6.68,1
CHEMBL6142614,CCC(=O)CCCCC[C@H](NC(=O)CC1CN2CCC1CC2)c1ncc(-c2ccccc2)[nH]1,6.68,1
CHEMBL487943,O=C(CCCCCCC(=O)Nc1ccc(-c2cnnn2CC(O)c2cccc(Br)c2)cc1)NO,6.67,1
CHEMBL1098337,Nc1ccc(-c2ccc(F)cc2)cc1NC(=O)c1ccccc1,6.67,2
CHEMBL3664032,Nc1ccccc1NC(=O)c1cc2ccc(N3CCNCC3)c(C3CC3)c2cn1,6.67,1
CHEMBL3675758,O=C(CCCCCCN(c1ccccn1)c1ccc2ccccc2n1)NO,6.67,1
CHEMBL551486,O=C(/C=C/c1ccc(-c2ccc(CO)cc2)cc1)NO,6.66,1
CHEMBL2177582,CN1C[C@H](C(=O)Nc2ccc(Cl)cc2)[C@@H](c2ccc(/C=C/C(=O)Nc3ccccc3N)cc2F)C1,6.66,1
CHEMBL3656021,COc1ccc(C2(Nc3ncc(C(=O)NO)cn3)CCCC2)cc1,6.66,1
CHEMBL3758882,O=C(NCCCCCCS)c1cc(-c2cccnc2)n[nH]1,6.66,1
CHEMBL3827262,Nc1ccc(-c2ccc(F)cc2)cc1NC(=O)C1C2COCC21,6.66,1
CHEMBL4098136,COc1ccc(C(=O)N[C@H](COc2ccc(/C=C/C(=O)Nc3ccccc3N)cc2)Cc2c[nH]c3ccccc23)cc1,6.66,1
CHEMBL4756752,CCC(=O)CCCCC[C@H](NC(=O)CN(C)C)c1[nH]c(-c2ccc(F)cc2)nc1C#N,6.66,1
CHEMBL5417416,Nc1ccccc1NC(=O)c1ccc(COc2ccc(CN3C(=O)CC[C@H]3CC(=O)NCc3ccccc3)cc2)cc1,6.66,1
CHEMBL2323286,CC(C)[C@@H]1NC(=O)Cn2nnc(n2)-c2csc(n2)CNC(=O)C[C@@H](/C=C/CCS)OC1=O,6.65,1
CHEMBL3335300,O=C(CCCCc1ccn(Cc2ccc(-c3ccccc3)cc2)n1)NO,6.65,1
CHEMBL3655916,O=C(NO)c1cnc(NCc2ccccc2Cl)nc1,6.65,1
CHEMBL4090313,Nc1ccccc1NC(=O)c1ccc(CNC(=O)CN2C(=O)C3(OCCCO3)c3cc(Cl)ccc32)cc1,6.65,1
CHEMBL4871247,Cc1ccc(-c2nc(CNc3ccc(C(=O)NO)cc3)n(-c3ccccc3)n2)s1,6.65,1
CHEMBL4876853,CCC(=O)CCCCC[C@H](NC(=O)[C@H]1CC12CCN(CC)CC2)c1[nH]c2nc1C(=O)NCCC/C=C/c1cccc-2c1,6.65,1
CHEMBL2408778,Nc1ncnc2c1c(-c1ccc(Cl)cc1)nn2-c1cccc(-c2cnnn2CCCCCC(=O)NO)c1,6.64,1
CHEMBL3585965,O=C(CCCCCCc1nc(-c2ccc([N+](=O)[O-])cc2)no1)NO,6.64,1
CHEMBL3605499,Nc1ccccc1NC(=O)c1ccc(CNC2=N[C@@H](c3ccc(O)cc3)CO2)cc1,6.64,1
CHEMBL3664033,Nc1cc(F)ccc1NC(=O)c1cc2ccc(N3CCNCC3)c(C3CC3)c2cn1,6.64,1
CHEMBL3652230,O=C(NO)c1cnc(Nc2ccc(Cl)cc2)nc1,6.64,1
CHEMBL4750027,CCC(=O)CCCCC[C@H](NC(=O)[C@H]1CC12CCN(C)CC2)c1[nH]c(-c2cccnc2OC)nc1C#N,6.64,1
CHEMBL5181798,C#Cc1nc(/C=C\CCCCCC(=O)NO)cs1,6.64,1
CHEMBL5427062,CN1c2ccc(NCc3ccc(/C=C/C(=O)NO)cc3)cc2C(=O)N2CCc3c([nH]c4ccc(O)cc34)C21,6.64,2
CHEMBL5417858,Nc1ccccc1NC(=O)c1ccc(NC(=O)Cc2ccc3ccccc3c2)cn1,6.64,1
CHEMBL3656024,O=C(NO)c1cnc(NC2(c3cc(F)cc(F)c3)CCOCC2)nc1,6.63,1
CHEMBL3883667,Cc1ccc(-c2cc(C(=O)NCCCCCC(=O)NO)nn2-c2ccc(S(N)(=O)=O)cc2)cc1,6.63,1
CHEMBL4168150,COc1cccc(-n2nc(C(=O)NCCCCCC(=O)NO)nc2-c2cc(OC)c(OC)c(OC)c2)c1,6.63,1
CHEMBL5207734,CCNNC(=O)c1ccc(NC(=O)Nc2cccc3cccnc23)cc1,6.63,1
CHEMBL469274,CC(C)(C)OC(=O)Nc1cccc(-c2cc(C(=O)NCCCCCCC(=O)NO)no2)c1,6.62,1
CHEMBL1643325,Nc1ccccc1NC(=O)/C=C/c1ccc(C(NCCN2CCCCC2)C(=O)Nc2ccc(-c3ccc(C4CC4)cc3)cc2)cc1,6.62,1
CHEMBL3098603,Cc1cccc(NC(=O)CCCCCCC(=O)NO)c1,6.62,1
CHEMBL3098693,O=C(CCCCC[C@H](NC(=O)C1CCNC1=O)C(=O)Nc1ccccc1)NO,6.62,1
CHEMBL3605497,Nc1ccccc1NC(=O)c1ccc(CNC2=NC(c3cccc(F)c3)CO2)cc1,6.62,1
CHEMBL3655946,O=C(NO)c1cnc(NCc2ccncc2)nc1,6.62,1
CHEMBL3655975,O=C(NO)c1cnc(NC2(c3cccs3)CC2)nc1,6.62,1
CHEMBL4205840,O=C(CCCCCCC(=O)Nc1ccc(N(CCCl)CCCl)cc1)NO,6.62,1
CHEMBL4649382,CN1CCC(C(=O)N[C@@H](CCCCCC(=O)c2ccccn2)c2ncc(-c3ccccc3)[nH]2)CC1,6.62,1
CHEMBL4745240,Nc1ccccc1NC(=O)Cc1ccc(NC(=O)c2n[nH]cc2NC(=O)c2c(Cl)cccc2Cl)cc1,6.62,1
CHEMBL5199428,Nc1nc(-c2ccco2)c2cnn(CCc3ccc(C(=O)Nc4ccccc4N)cc3)c2n1,6.62,1
CHEMBL5639636,Nc1ccccc1NC(=O)CCCCCCNC(=O)c1ccc(NC(=O)Nc2ccc(-c3nc(OC4CCOC4)nc(N4CCOCC4)n3)cc2)cc1,6.62,1
CHEMBL6174915,CCCCCNNC(=O)c1ccc(CN(CC(=O)NCc2ccccc2)C(=O)c2ccc(N(C)C)cc2)cc1,6.62,1
CHEMBL2407742,COc1ccc(NC(=O)c2ccc(CNc3nccc(-c4cccnc4)n3)cc2)c(N)c1,6.61,1
CHEMBL3652226,O=C(NO)c1cnc(Nc2ccc(Cl)c(Cl)c2)nc1,6.61,1
CHEMBL3655935,Cc1cc(Cl)ccc1CNc1ncc(C(=O)NO)cn1,6.61,1
CHEMBL3968157,COCCNc1cc2ncc(C(=O)Nc3cc(-c4cccs4)ccc3N)cc2cc1C1CC1,6.61,1
CHEMBL5274036,O=C(NO)c1ccc(NC(=O)[C@@H](NC(=O)c2ccc3ccccc3c2)c2ccccc2)cc1,6.61,1
CHEMBL5169821,O=C(CCCCCCNC(=O)c1ccc(NC(=O)COCCOCCNC(=O)COc2cccc3c2C(=O)N(C2CCC(=O)NC2=O)C3=O)cc1)NO,6.61,1
CHEMBL5436873,O=C(CCCCCCNC(=O)c1ccc(NC(=O)CNC(=O)CC23C[C@H]4C[C@@H](C2)C[C@@H](C3)C4)cc1)NO,6.61,1
CHEMBL5639136,Nc1ccccc1NC(=O)CCCCCNC(=O)c1ccc(NC(=O)Nc2ccc(-c3nc(OC4CCOC4)nc(N4CCOCC4)n3)cc2)cc1,6.61,1
CHEMBL6165273,CN(C)c1ccc(C(=O)N(CC(=O)NCc2ccccc2)Cc2ccc(C(=O)NNCCC(F)(F)F)cc2)cc1,6.61,1
CHEMBL2177587,CN1C[C@H](C(=O)Nc2ccc(Cl)cc2)[C@@H](c2ccc(/C=C/C(=O)Nc3ccccc3N)cc2)C1,6.6,1
CHEMBL3605493,Nc1ccccc1NC(=O)c1ccc(CSC2=N[C@@H](Cc3ccccc3)CO2)cc1,6.6,1
CHEMBL3655927,O=C(NO)c1cnc(NCCc2ccc(Cl)cc2)nc1,6.6,1
CHEMBL4444176,O=C(CCC1C(=O)N(c2ccc(Cl)cc2)C(=O)N1Cc1ccc(Br)cc1)Nc1ccc(C(=O)NO)cc1,6.6,1
CHEMBL4443980,Cc1cc(-c2nc3sc4c(c3c(=O)[nH]2)CCN(C)C4)cc(C)c1OCc1cccc(C(=O)NO)c1,6.6,1
CHEMBL4761880,Nc1ccccc1NC(=O)c1ccc(CNC(=O)c2n[nH]cc2NC(=O)c2c(Cl)cccc2Cl)cc1,6.6,1
CHEMBL4869027,CCC(=O)CCCCC[C@H](NC(=O)C1CN(C)C1)c1ncc(-c2ccccc2)[nH]1,6.6,1
CHEMBL4876454,CC(C)(C)OC(=O)Nc1ccc(-c2cc(NC(=O)CCCCCCC(=O)NO)no2)cc1,6.6,1
CHEMBL6146848,O=C(NCCCC[C@H](NC(=O)C1CC12CCCC2)c1ncc(-c2ccc3ccccc3c2)[nH]1)c1c(O)cccc1F,6.6,2
CHEMBL251011,COc1ccc(COC(CCCCCC(=O)NO)C(=O)Nc2ccccc2)cc1,6.59,1
CHEMBL3577298,CC1=C(C)C(=O)C(CONC(=O)CCCCCCC(=O)Nc2ccccc2)=C(C)C1=O,6.59,1
CHEMBL3655924,O=C(NO)c1cnc(NCCc2ccccc2)nc1,6.59,1
CHEMBL3929319,CC(=O)N1CCC(Nc2ncc(C(=O)NO)cn2)(c2ccccc2)CC1,6.59,1
CHEMBL4082466,Nc1ccccc1NC(=O)c1ccc(NC(=O)CCN2C(=O)C3(OCCCO3)c3cc(Cl)ccc32)cc1,6.59,1
CHEMBL4087968,Nc1ccc(F)cc1NC(=O)c1ccc(CNC(=O)/C=C/c2cccnc2)cc1,6.59,10
CHEMBL6041096,Nc1ccc(-c2ccco2)cc1NC(=O)c1cnc(N2CCNCC2)s1,6.59,1
CHEMBL5803324,Nc1ccc(-c2ccc(F)cc2)cc1NC(=O)c1ccc2nc(N3CCNCC3)ccc2c1,6.59,1
CHEMBL5998717,Nc1ccc(-c2ccc(F)cc2)cc1NC(=O)c1ccc(N2CCNCC2)nc1,6.59,1
CHEMBL5992298,Nc1ccc(-c2ccc(F)cc2)cc1NC(=O)c1cnc(N2CCNCC2)s1,6.59,1
CHEMBL6014639,Nc1ccc(-c2ccc(F)cc2)cc1NC(=O)c1ccc(N2CCNCC2)cn1,6.59,1
CHEMBL5743251,Cc1nc(C(=O)Nc2cc(-c3cccs3)ccc2N)sc1N1CCNCC1,6.59,1
CHEMBL5922851,Cc1nc(C(=O)Nc2cc(-c3ccco3)ccc2N)sc1N1CCNCC1,6.59,1
CHEMBL6003708,Cc1nc(C(=O)Nc2cc(-c3ccoc3)ccc2N)sc1N1CCNCC1,6.59,1
CHEMBL5943359,Nc1ccc(-c2ccccn2)cc1NC(=O)c1cnc(N2CCNCC2)s1,6.59,1
CHEMBL5876921,Nc1ccc(-c2cccnc2)cc1NC(=O)c1cnc(N2CCNCC2)s1,6.59,1
CHEMBL5816350,Nc1ccc(-c2ccoc2)cc1NC(=O)c1cnc(N2CCNCC2)s1,6.59,1
CHEMBL5968659,Nc1ccc(-c2ccccc2)cc1NC(=O)c1cnc(N2CCNCC2)s1,6.59,1
CHEMBL6016219,CN1CCN(c2ncc(C(=O)Nc3cc(-c4ccccc4)ccc3N)s2)CC1,6.59,1
CHEMBL5975225,Nc1ccc(-c2ccccc2)cc1NC(=O)c1ncc(N2CCNCC2)s1,6.59,1
CHEMBL5872660,Nc1ccc(-c2ccco2)cc1NC(=O)c1ncc(N2CCNCC2)s1,6.59,1
CHEMBL5984802,Nc1ccc(-c2ccncc2)cc1NC(=O)c1ncc(N2CCNCC2)s1,6.59,1
CHEMBL5831211,CN1CCN(c2cnc(C(=O)Nc3cc(-c4ccco4)ccc3N)s2)CC1,6.59,1
CHEMBL5943759,Nc1ccc(-c2ccco2)cc1NC(=O)c1nc(N2CCNCC2)cs1,6.59,1
CHEMBL5991511,Nc1ccc(-c2ccoc2)cc1NC(=O)c1nc(N2CCNCC2)cs1,6.59,1
CHEMBL6053772,Nc1ccc(-c2ccncc2)cc1NC(=O)c1nc(N2CCNCC2)cs1,6.59,1
CHEMBL5799748,Nc1ccc(-c2ccc(F)cc2)cc1NC(=O)c1nc(N2CCNCC2)cs1,6.59,1
CHEMBL5778520,Nc1ccc(-c2cccs2)cc1NC(=O)c1csc(N2CCNCC2)n1,6.59,1
CHEMBL5835861,Nc1ccc(-c2ccccc2)cc1NC(=O)c1ccc(N2CCNCC2)s1,6.59,1
CHEMBL5944885,Nc1ccc(-c2ccco2)cc1NC(=O)c1ccc(N2CCNCC2)s1,6.59,1
CHEMBL6062515,Nc1ccc(-c2ccoc2)cc1NC(=O)c1ccc(N2CCNCC2)s1,6.59,1
CHEMBL5843164,Nc1ccc(-c2ccncc2)cc1NC(=O)c1ccc(N2CCNCC2)s1,6.59,1
CHEMBL6021178,Nc1ccc(-c2ccc(F)cc2)cc1NC(=O)c1ccc(N2CCNCC2)s1,6.59,1
CHEMBL5809380,Nc1ccc(-c2ccccc2)cc1NC(=O)c1cc(N2CCNCC2)cs1,6.59,1
CHEMBL6005258,CN1CCN(c2ccc(C(=O)Nc3cc(-c4ccccc4)ccc3N)cn2)CC1,6.59,1
CHEMBL5998520,CN1CCN(c2ccc(C(=O)Nc3cc(-c4cccs4)ccc3N)cn2)CC1,6.59,1
CHEMBL6024145,Nc1ccc(-c2cccnc2)cc1NC(=O)c1ccc(N2CCNCC2)nc1,6.59,1
CHEMBL5769281,Nc1ccc(-c2ccccn2)cc1NC(=O)c1ccc(N2CCNCC2)nc1,6.59,1
CHEMBL5802331,CN1CCN(c2ccc(C(=O)Nc3cc(-c4ccco4)ccc3N)cn2)CC1,6.59,1
CHEMBL5800763,CN1CCN(c2ccc(C(=O)Nc3cc(-c4ccoc4)ccc3N)cn2)CC1,6.59,1
CHEMBL6017001,Nc1ccc(-c2ccccc2F)cc1NC(=O)c1ccc(N2CCNCC2)nc1,6.59,1
CHEMBL5921626,Nc1ccc(-c2cccc(F)c2)cc1NC(=O)c1ccc(N2CCNCC2)nc1,6.59,1
CHEMBL5739814,Nc1ccc(-c2cc(F)cc(F)c2)cc1NC(=O)c1ccc(N2CCNCC2)nc1,6.59,1
CHEMBL6020873,CN1CCN(c2ccc(C(=O)Nc3cc(-c4ccccc4)ccc3N)nc2)CC1,6.59,1
CHEMBL5911669,Nc1ccc(-c2ccccn2)cc1NC(=O)c1ccc(N2CCNCC2)cn1,6.59,1
CHEMBL5760059,CN1CCN(c2ccc(C(=O)Nc3cc(-c4ccco4)ccc3N)nc2)CC1,6.59,1
CHEMBL5826746,CN1CCN(c2ccc(C(=O)Nc3cc(-c4ccoc4)ccc3N)nc2)CC1,6.59,1
CHEMBL5917475,Nc1ccc(-c2ccccc2)cc1NC(=O)c1cnc(N2CCNCC2)cn1,6.59,1
CHEMBL6054185,Nc1ccc(-c2ccco2)cc1NC(=O)c1cnc(N2CCNCC2)cn1,6.59,1
CHEMBL6018154,Nc1ccc(-c2ccoc2)cc1NC(=O)c1cnc(N2CCNCC2)cn1,6.59,1
CHEMBL5814142,Nc1ccc(-c2ccncc2)cc1NC(=O)c1cnc(N2CCNCC2)cn1,6.59,1
CHEMBL5933932,Nc1ccc(-c2ccc(F)cc2)cc1NC(=O)c1cnc(N2CCNCC2)cn1,6.59,1
CHEMBL479842,O=C(NO)c1ccc(CN2c3ccccc3NC(=O)[C@H]2Cc2ccccc2)cc1,6.58,1
CHEMBL2407734,CC(=O)N1C(NCc2ccc(C(=O)Nc3ccccc3N)cc2)=NC(=O)C1Cc1ccccc1,6.58,1
CHEMBL3655907,Cc1cc(F)cc(Nc2ncc(C(=O)NO)cn2)c1,6.58,1
CHEMBL4174925,COc1cccc(-n2nc(C(=O)NCC(=O)NO)nc2-c2cc(OC)c(OC)c(OC)c2)c1,6.58,1
CHEMBL4863325,CCC(=O)CCCCC[C@@H]1NC(=O)[C@H]2CC23CCN(CCCCCn2c(=O)ccc4cc(ccc42)-c2cnc1o2)CC3,6.58,1
CHEMBL5282033,O=C(CCCCCCNCc1cc2ccccc2[nH]1)NO,6.58,1
CHEMBL5631675,CN1CCN(c2cnc(C(=O)Nc3cc(-c4cccs4)ccc3[N+](=O)[O-])cn2)CC1,6.58,1
CHEMBL6146241,CCC(=O)CCCCC[C@H](NC(=O)[C@@H]1CC[C@H]2CCC(=O)N2C1)c1ncc(-c2ccccc2)[nH]1,6.58,1
CHEMBL336935,O=CN(O)CCCCCC(C(=O)Nc1ccc2ncccc2c1)C(=O)Nc1ccc2ncccc2c1,6.57,1
CHEMBL1631917,COc1cc2cc(c1)COc1ccccc1NC(=O)[C@H](CCCCCC(=O)NO)OCCC2,6.57,1
CHEMBL2177588,CN1C[C@@H](C(=O)Nc2ccc(Cl)cc2)[C@H](c2ccc(/C=C/C(=O)Nc3ccccc3N)cc2)C1,6.57,1
CHEMBL1938433,O=C(/C=C/c1ccc2c(c1)C(=O)CC1(CCN(Cc3ccccc3)CC1)O2)NO,6.57,1
CHEMBL3417214,COc1cc2c(c(OC)c1OC)-c1ccc(OC)c(=O)cc1[C@@H](NCc1ccc(C(=O)Nc3cc(-c4cccs4)ccc3N)cc1)CC2,6.57,1
CHEMBL3605415,Nc1ccccc1NC(=O)c1ccc(CNC2=N[C@@H](c3ccccc3)CN2)cc1,6.57,1
CHEMBL3664031,Nc1ccccc1NC(=O)c1cc2ccc(N3CCNCC3)cc2cn1,6.57,1
CHEMBL3655966,O=C(NO)c1cnc(NC(c2ccc(F)cc2)c2ccc(F)cc2)nc1,6.57,1
CHEMBL4086093,O=C(CCCCCCC(=O)Nc1ccccc1CN1CC[C@H](O)C1)NO,6.57,1
CHEMBL4177129,O=C(NO)c1ccc(CN(CCCCO)C(=O)Nc2ccccc2)cc1,6.57,1
CHEMBL5076638,O=C(CCCCCCC(=O)Nc1ccc(C(=O)NC2CCNCC2)cc1)NO,6.57,1
CHEMBL5273937,CO/N=C1\CN(Cc2ccc(/C=C/C(=O)NO)cc2)c2ccc(F)cc21,6.57,1
CHEMBL5612510,CCc1c(C#N)c(S[C@@H](C(N)=O)c2ccccc2)nc(N2CCC(CNCc3ccc(/C=C/C(=O)NO)cc3)CC2)c1C#N,6.57,1
CHEMBL1097651,Nc1ccc(-c2ccco2)cc1NC(=O)c1ccccc1,6.56,2
CHEMBL325676,O=C(CCCCCCS)Nc1ccccc1,6.56,2
CHEMBL3577694,CN1c2ccc(NCc3ccc(-c4noc(CCCCCCC(=O)NO)n4)cc3)cc2C(=O)N2CCc3c([nH]c4ccc(O)cc34)C21,6.56,1
CHEMBL4445862,Cc1ccc(CN2C(=O)N(c3ccc(Cl)cc3)C(=O)C2CCC(=O)Nc2ccc(C(=O)NO)cc2)cc1,6.56,1
CHEMBL4758761,C=CC(=O)Nc1cc2c(Nc3ccc(OCc4cccc(F)c4)c(Cl)c3)ncnc2cc1OCc1cn(CCCCC(=O)NO)nn1,6.56,1
CHEMBL4862781,COc1cc2nc(-c3ccc(C)o3)cc(NCC3CCC(C(=O)NO)CC3)c2cc1OC,6.56,1
CHEMBL5206304,O=C(CCCCCCNC(=O)c1ccc(NC(=O)CCCCCCCNC(=O)COc2cccc3c2C(=O)N(C2CCC(=O)NC2=O)C3=O)cc1)NO,6.56,2
CHEMBL6164374,CN(C)c1ccc(C(=O)N(CC(=O)NCc2ccccc2)Cc2ccc(C(=O)NNCC3CC3)cc2)cc1,6.56,5
CHEMBL272980,Nc1ccccc1NC(=O)c1ccc(CNc2nccc(-c3cccnc3)n2)cc1,6.55,12
CHEMBL3421743,Nc1ccccc1NC(=O)c1ccc(CNCc2nc(-c3ccc(F)cc3)no2)cc1,6.55,1
CHEMBL3605505,Nc1ccccc1NC(=O)c1ccc(CNC2=N[C@@H](c3ccccc3)[C@H](c3ccccc3)O2)cc1,6.55,1
CHEMBL4069908,CCCNNC(=O)/C=C/c1ccc(OC[C@H](Cc2c[nH]c3ccccc23)NC(=O)c2ccc(OC)cc2)cc1,6.55,1
CHEMBL4436262,Cc1noc(C)c1-c1nc2sc3c(c2c(=O)[nH]1)CCN(CCCC(=O)NO)C3,6.55,1
CHEMBL4555545,CCCNNC(=O)c1ccc(CN(CCc2c(C)[nH]c3ccccc23)C(=O)OC(C)(C)C)cc1,6.55,1
CHEMBL4752037,CCC(=O)CCCCC[C@H](NC(=O)[C@H]1CC12CCN(CC)CC2)c1ncc(-c2cc(C(C)C)c(F)cc2OC)[nH]1,6.55,1
CHEMBL4759584,CCCCN(Cc1ccc(C(=O)NO)cc1)C(=O)Nc1ccc(CN)cc1,6.55,1
CHEMBL5570728,Nc1ccccc1NC(=O)c1cnc(N2CCN(Cc3c[nH]c4ccccc34)CC2)cn1,6.55,1
CHEMBL5631566,COc1cnc(C(=O)NCC2(C)CCCC3(C)c4ccc(C(C)C)cc4CCC23)cn1,6.55,1
CHEMBL6145298,Cc1nc(-c2ccc(OCC(C)C)c(C#N)c2)sc1C(=O)NCCCCCCC(=O)NO,6.55,1
CHEMBL236902,C[C@H]1CN(c2ccc(C(=O)Nc3ccccc3N)cn2)CCN1C(=O)OCc1ccccc1,6.54,2
CHEMBL1643308,Nc1ccccc1NC(=O)/C=C/c1ccc(C(NCCN2CCOCC2)C(=O)Nc2ccc(C(F)(F)F)cc2)cc1,6.54,1
CHEMBL2012815,CCC(=O)CCCCC[C@@H]1NC(=O)[C@H](C)NC(=O)C[C@H](CC(C)C)NC(=O)[C@H](Cc2cccc3ccccc23)NC1=O,6.54,1
CHEMBL3421739,COc1ccc(-c2noc(CNCc3ccc(C(=O)Nc4ccccc4N)cc3)n2)cc1,6.54,1
CHEMBL3605508,Nc1ccccc1NC(=O)c1ccc(CNC2=N[C@H](Cc3c[nH]cn3)CO2)cc1,6.54,1
CHEMBL3652228,Cc1ccc(Nc2ncc(C(=O)NO)cn2)cc1,6.54,1
CHEMBL3655968,O=C(NO)c1cnc(NC2(c3ccccc3C(F)(F)F)CC2)nc1,6.54,1
CHEMBL4086442,CCCNNC(=O)c1ccc(CNC(=O)[C@H](Cc2c[nH]c3ccccc23)NC(=O)c2ccc(OC)cc2)cc1,6.54,5
CHEMBL4070232,COc1ccc2c(C(=O)c3cc(OC)c(OC)c(OC)c3)cn(Cc3ccc(/C=C/C(=O)NO)cc3)c2c1,6.54,1
CHEMBL1851943,CCCCc1nc2cc(/C=C/C(=O)NO)ccc2n1CCN(CC)CC,6.54,1
CHEMBL5614136,CCCNNC(=O)/C=C/c1ccc(CN(CCC)CCc2c(C)[nH]c3ccccc23)cc1,6.54,1
CHEMBL5612404,CCCNNC(=O)/C=C/c1ccc(CN(CCc2c(C)[nH]c3ccccc23)Cc2ccc3ccccc3c2)cc1,6.54,1
CHEMBL5613340,CCCNNC(=O)/C=C/c1ccc(CN(CCC)C(=O)c2cc3cc(Cl)ccc3[nH]2)cc1,6.54,1
CHEMBL5613071,CCCNNC(=O)c1ccc(CN(CCC)C(=O)c2cc3ccccc3s2)cc1,6.54,1
CHEMBL6134634,CS(=O)(=O)Nc1ccc(-c2ccnc(Nc3ccc(N4CCN(CC(=O)Nc5ccc(/C=C/C(=O)NO)cc5)CC4)cc3)n2)cc1,6.54,1
CHEMBL483494,O=C(CCCCCCC(=O)Nc1ccc(-c2cn(Cc3ccc(F)cc3)nn2)cc1)NO,6.53,1
CHEMBL3884279,Cc1ccc(-c2cc(C(=O)NCCCCCCC(=O)NO)nn2-c2ccc(S(N)(=O)=O)cc2)cc1,6.53,1
CHEMBL4103456,COc1ccc(C(=O)N[C@@H](Cc2c[nH]c3ccccc23)C(=O)NCCCCCC(=O)Nc2ccccc2N)cc1,6.53,1
CHEMBL4745945,CCC(=O)CCCCC[C@H](NC(=O)[C@H]1CC12CCN(C)CC2)c1ncc(-c2ccn3ncnc3c2)[nH]1,6.53,2
CHEMBL4454646,Cc1noc(C)c1-c1ccc2c(c1)c(Cc1ccc(F)cc1)cn2CCCCCCC(=O)NO,6.53,3
CHEMBL1213492,CCN(CC)Cc1ccc2cc(COC(=O)Nc3ccc(C(=O)NO)cc3)ccc2c1,6.53,1
CHEMBL5439517,CN(C)C/C=C/C(=O)N1CCC(OC(=O)NCc2ccc(C(=O)Nc3ccccc3N)cc2)CC1,6.53,3
CHEMBL5432574,O=C(CCCCCCNC(=O)c1ccc(NC(=O)CC23C[C@H]4C[C@@H](C2)C[C@@H](C3)C4)cc1)NO,6.53,1
CHEMBL5646494,Nc1ccccc1NC(=O)CCCCCCNC(=O)c1ccc(NC(=O)Nc2ccc(-c3nc(N4CCOCC4)nc(N4CCOCC4)n3)cc2)cc1,6.53,1
CHEMBL6142649,CCC(=O)CCCCC[C@H](NC(=O)C1C2COCC21)c1ncc(-c2ccccc2)[nH]1,6.53,1
CHEMBL2170019,CCC(=O)CCCCC[C@@H]1NC(=O)[C@H](CCCNC(=N)N)NC(=O)CCN(CC(C)C)C(=O)CN(CCc2c[nH]c3ccccc23)C1=O,6.52,1
CHEMBL3884506,COc1ccc2c(c1)c(CC(=O)O)c(C)n2Cc1ccc(-c2cn(CCCCCCC(=O)NO)nn2)cc1,6.52,1
CHEMBL3944342,COCCNc1ccc2cc(C(=O)Nc3cc(-c4ccccc4)ccc3N)cnc2c1C1CC1,6.52,1
CHEMBL4647479,CN(C)S(=O)(=O)c1ccc(NCCCCCCC(=O)NO)c2nonc12,6.52,1
CHEMBL5433552,Cc1cnc(Nc2ccc(OCCCCCCC(=O)NO)cc2)nc1Nc1cccc(S(=O)(=O)NC(C)(C)C)c1,6.52,1
CHEMBL5395502,Cc1cnc(Nc2ccc(OCCCCCCC(=O)NO)c(F)c2)nc1Nc1cccc(S(=O)(=O)NC(C)(C)C)c1,6.52,1
CHEMBL5985403,Cc1cc2c(cn1)CN(C(=O)Nc1nc(-c3ccc(F)cc3F)ccc1N)C2,6.52,1
CHEMBL5739968,CCn1cc2c(n1)CN(C(=O)Nc1nc(-c3ccc(F)cc3F)ccc1N)C2,6.52,1
CHEMBL5876608,Nc1ccc(-c2ccc(F)cc2F)nc1NC(=O)N1Cc2cn(C3COC3)nc2C1,6.52,1
CHEMBL539156,O=C(/C=C/C1CCC(c2ccc(O)cc2)CC1)NO,6.51,1
CHEMBL3309299,CC1(C)CC(=O)Nc2ccc(C(=O)NC[C@H]3CC[C@@H](/C=C/C(=O)NO)CC3)cc21,6.51,1
CHEMBL3675764,O=C(CCCCCCN(c1ccccn1)c1cc2ccccc2cn1)NO,6.51,1
CHEMBL4087539,COc1ccc(C(=O)N[C@@H](Cc2c[nH]c3ccccc23)C(=O)NCc2ccc(C(=O)Nc3cc(-c4ccccc4)ccc3N)cc2)cc1,6.51,1
CHEMBL5195676,CCCCCCNNC(=O)c1cnc(N2CCN(Cc3c[nH]c4ccccc34)CC2)nc1,6.51,1
CHEMBL5991951,CCCCN(Cc1ccc(C(=O)NO)cc1)C(=O)Nc1ccccc1OC,6.51,1
CHEMBL251144,Nc1ccccc1NC(=O)c1ccc(C(C(=O)Nc2ccccc2)C(=O)Nc2ccccc2)cc1,6.5,1
CHEMBL555906,O=C(/C=C/c1cccc(-c2ccc(O)cc2)c1)NO,6.5,1
CHEMBL2390995,O=C(/C=C/c1ccc2c(c1)C(=O)CC1(CCN(Cc3ccc(F)cc3)CC1)O2)NO,6.5,2
CHEMBL3421746,Nc1ccccc1NC(=O)c1ccc(CNCc2nc(-c3ccccc3Cl)no2)cc1,6.5,1
CHEMBL3670665,O=C(NO)c1ccc(CNC(=O)c2[nH]c(-c3ccc(O)cc3)cc2-c2ccsc2)cc1,6.5,1
CHEMBL3655985,O=C(NO)c1cnc(NCc2ccccn2)nc1,6.5,1
CHEMBL3655976,O=C(NO)c1cnc(NC2(c3ccco3)CC2)nc1,6.5,1
CHEMBL4078716,COc1ccc(C(=O)N[C@@H](Cc2c[nH]c3ccccc23)C(=O)Nc2ccc(C(=O)Nc3cc(-c4cccs4)ccc3N)cc2)cc1,6.5,1
CHEMBL4067828,COc1ccc(C(=O)N[C@@H](Cc2c[nH]c3ccccc23)C(=O)NCc2ccc(C(=O)Nc3cc(-c4cccs4)ccc3N)cc2)cc1,6.5,1
CHEMBL4789871,CCC(=O)CCCCC[C@H](NC(=O)[C@H]1CC12CCN(CC)CC2)c1ncc(-c2c(F)cc(C(=O)Nc3cc(C(F)(F)F)ccn3)cc2OC)[nH]1,6.5,1
CHEMBL5202405,CCNNC(=O)c1csc(-c2cccnc2)n1,6.5,1
CHEMBL5177475,CC(C)N(Cc1ccc(C(=O)NO)cc1)S(=O)(=O)c1cc(F)c(F)c(F)c1F,6.5,1
CHEMBL5278816,O=C(CCCCCCNCc1ccc2ccccc2c1)NO,6.5,1
CHEMBL5396565,Nc1ccccc1NC(=O)c1ccc(CNC(=O)OC2CCN(S(=O)(=O)CCl)CC2)cc1,6.5,2
CHEMBL6134660,C=C1C(=O)O[C@@H]2C[C@@]3(C)CC[C@@H](OC(=O)[C@@H](C)NC(=O)c4cccc(/C=C/C(=O)NO)c4)C(=C)[C@@H]3C[C@H]12,6.5,1
CHEMBL2333342,O=C(NO)c1ccc(C(=O)Nc2ccccc2)cc1,6.49,1
CHEMBL3901374,CCON1CCC(Nc2ncc(C(=O)NO)cn2)(c2ccccc2)CC1,6.49,1
CHEMBL4290191,CC[C@@]1(O)C(=O)OCc2c1cc1n(c2=O)Cc2c-1nc1ccccc1c2/C=N/OCCCCCC(=O)NCCSSCCNC(=O)/C(Cc1ccc(O)c(Br)c1)=N\O,6.49,1
CHEMBL5411315,Nc1ccccc1NC(=O)c1ccc(CNC(=O)OC2CCN(S(=O)(=O)c3c(F)c(F)c(F)c(F)c3F)CC2)cc1,6.49,3
CHEMBL481538,O=C(NO)c1ccc(CN2c3ccccc3NC(=O)[C@H]2Cc2ccc(O)cc2)cc1,6.48,1
CHEMBL538710,N#Cc1ccc(-c2ccc(/C=C/C(=O)NO)cc2)cc1,6.48,1
CHEMBL3622731,C/C=C1\NC(=O)c2csc(n2)CNC(=O)C[C@@H](/C=C/CCSC(C)=O)OC(=O)[C@H](C(C)C)NC1=O,6.48,1
CHEMBL3656018,O=C(NO)c1cnc(NC2(c3cccc(F)c3)CCOCC2)nc1,6.48,1
CHEMBL3656019,O=C(NO)c1cnc(NC2(c3ccc(F)cc3)CCOCC2)nc1,6.48,1
CHEMBL4094199,CCCCCNNC(=O)c1ccc(CNC(=O)[C@H](Cc2c[nH]c3ccccc23)NC(=O)c2ccc(OC)cc2)cc1,6.48,1
CHEMBL4213297,O=C(CCCCCCN1CCc2ccccc2C1)NO,6.48,1
CHEMBL4758842,C=CC(=O)Nc1cc2c(Nc3ccc(OCc4cccc(F)c4)c(Cl)c3)ncnc2cc1OCc1cn(CCC(=O)NO)nn1,6.48,1
CHEMBL5204550,O=C(/C=C/c1csc(Br)n1)NO,6.48,1
CHEMBL5172376,CCCCCCNNC(=O)c1cnc(N2CCN(Cc3cn(C)c4ccccc34)CC2)nc1,6.48,1
CHEMBL2333339,O=C(NO)c1ccc(C(=O)NCCc2ccncc2)cc1,6.47,1
CHEMBL3426906,O=C(CCCCCOc1no[n+]([O-])c1S(=O)(=O)c1ccccc1)NO,6.47,2
CHEMBL3605498,Nc1ccccc1NC(=O)c1ccc(CNC2=NC(c3ccc(C(F)(F)F)cc3)CO2)cc1,6.47,1
CHEMBL3655932,COc1cc(F)ccc1CNc1ncc(C(=O)NO)cn1,6.47,1
CHEMBL3655954,O=C(NO)c1cnc(NCc2cnccn2)nc1,6.47,1
CHEMBL3986487,CCCc1nn(C)c2c(=O)[nH]c(-c3cc(S(=O)(=O)NC4CCN(c5ncc(C(=O)NO)cn5)CC4)ccc3OCC)nc12,6.47,1
CHEMBL3895838,CCOc1ccc(CC2CCN(c3ncc(C(=O)NO)cn3)CC2)cc1-c1nc2c(CC)nn(C)c2c(=O)[nH]1,6.47,1
CHEMBL3958748,Nc1ccc(-c2ccccc2)nc1NC(=O)c1cnc2cc(N3CCNCC3)ccc2c1,6.47,1
CHEMBL4065117,COc1ccc(C(=O)N[C@@H](Cc2c[nH]c3ccccc23)C(=O)NCCCCCC(=O)Nc2cc(-c3cccs3)ccc2N)cc1,6.47,1
CHEMBL4860990,CCC(=O)CCCCC[C@@H]1NC(=O)[C@H]2CC23CCN(CCCCCOc2ccc4cc(ccc4n2)-c2cnc1o2)CC3,6.47,1
CHEMBL5076794,COc1ccc2c(c1)c(CCNC(C)=O)cn2Cc1ccc(C(=O)NO)cc1,6.47,2
CHEMBL5174162,O=C(CCCCC/C=C/c1csc(Br)n1)NO,6.47,1
CHEMBL5440192,Cc1cc(C)nc(SCC(=O)Nc2ncc(Cc3cccc(OCc4cn(CCOCCOCCOCCOCCC(=O)Nc5ccc(C(=O)NCCCCCCC(=O)NO)cc5)nn4)c3)s2)n1,6.47,1
CHEMBL5550071,CCCNNC(=O)CCCCCCNC(=O)/C=C/c1cccnc1,6.47,1
CHEMBL6134070,C=C1C(=O)O[C@@H]2C[C@@]3(C)CC[C@@H](OC(=O)[C@@H](C)NC(=O)c4ccc(/C=C/C(=O)NO)cc4)C(=C)[C@@H]3C[C@H]12,6.47,1
CHEMBL1095412,COc1ccc(-c2ccc(N)c(NC(=O)c3ccccc3)c2)cc1,6.46,2
CHEMBL3593408,CCCCCCCC(=O)SCC/C=C/[C@@H]1CC(=O)NCc2cccc(n2)C2=N[C@@](C)(CS2)C(=O)N[C@@H](C(C)C)C(=O)O1,6.46,1
CHEMBL3652243,COc1cc(Nc2ncc(C(=O)NO)cn2)cc(OC)c1,6.46,1
CHEMBL3655930,O=C(NO)c1cnc(NCc2ccccc2OC(F)(F)F)nc1,6.46,1
CHEMBL3670672,Nc1ccccc1NC(=O)c1ccc(CNC(=O)c2[nH]c(-c3ccoc3)cc2-c2ccc(O)cc2)cc1,6.46,1
CHEMBL3652227,O=C(NO)c1cnc(Nc2ccc(F)cc2)nc1,6.46,1
CHEMBL3655909,O=C(NO)c1cnc(Nc2cc(F)cc(C(F)(F)F)c2)nc1,6.46,1
CHEMBL5194529,COc1ccccc1CN1C(=O)C2=C(CCN(Cc3ccc(C(=O)Nc4ccccc4N)cc3)C2)N2CCN=C12,6.46,1
CHEMBL5431412,Nc1ccccc1NC(=O)c1ccc(COc2ccc(CNC(=O)[C@@H]3CCC(=O)N3Cc3ccc(F)cc3)cc2)cc1,6.46,1
CHEMBL6173994,NC(=O)[C@H](Cc1c[nH]c2ccccc12)NCc1ccc(/C=C/C(=O)NO)cc1,6.46,1
CHEMBL4581033,Cc1noc(C)c1-c1nc2sc3c(c2c(=O)[nH]1)CCN(CC(=O)Nc1ccccc1N)C3,6.45,1
CHEMBL4637992,CN(C)S(=O)(=O)c1ccc(NCCCCCC(=O)NO)c2nonc12,6.45,1
CHEMBL5077168,CCc1c(C(=O)Nc2cc(/C=C/C(=O)NO)ccc2OC)[nH]c(C)c1C(C)=O,6.45,1
CHEMBL6170233,CC(C)CCNNC(=O)c1ccc(CN(CC(=O)NCc2ccccc2)C(=O)c2ccc(N(C)C)cc2)cc1,6.45,1
CHEMBL271949,Nc1ccc(-c2cccs2)cc1NC(=O)c1ccccc1,6.44,1
CHEMBL2048749,COc1ccc(S(=O)(=O)n2ccc3cc(/C=C/C(=O)NO)ccc32)cc1,6.44,1
CHEMBL3605417,Nc1ccccc1NC(=O)c1ccc(CSC2=N[C@@H](c3ccccc3)CO2)cc1,6.44,1
CHEMBL3655982,O=C(NO)c1cnc(NCc2cccs2)nc1,6.44,1
CHEMBL3655914,Cc1cc(Nc2ncc(C(=O)NO)cn2)ccn1,6.44,1
CHEMBL5815391,Nc1ccccc1NC(=O)c1ccc(CNC(=O)c2[nH]c(-c3ccc(O)cc3)cc2-c2ccsc2)cc1,6.44,1
CHEMBL4228210,CCCc1cc(-c2ccc(F)cc2)nn1Cc1ccc(C(=O)NO)cc1,6.44,1
CHEMBL5557773,Cc1ncsc1-c1ccc(CNC(=O)[C@@H]2C[C@@H](O)CN2C(=O)[C@@H](NC(=O)CCCCCCCCOCC(=O)Nc2ccc(C(=O)Nc3ccccc3N)cc2)C(C)(C)C)cc1,6.44,1
CHEMBL5559837,Cc1ncsc1-c1ccc(CNC[C@@H]2C[C@@H](O)CN2C(=O)[C@@H](NC(=O)CCCCCCCCOCC(=O)Nc2ccc(C(=O)Nc3ccccc3N)cc2)C(C)(C)C)cc1,6.44,1
CHEMBL6025944,Nc1ccccc1NC(=O)c1ccc(NC(=O)C/C=C/c2cccnc2)cn1,6.44,1
CHEMBL2170018,CCC(=O)CCCCC[C@@H]1NC(=O)[C@H](CCCCNC(C)=O)NC(=O)CCN(CC(C)C)C(=O)CN(CCc2c[nH]c3ccccc23)C1=O,6.43,1
CHEMBL3664023,Nc1ccccc1NC(=O)c1cnc2c(C3CC3)c(N3CCNCC3)ccc2c1,6.43,1
CHEMBL4285001,Nc1ccccc1NC(=O)c1ccc(CNC(=O)OCc2ccc(OCCOc3no[n+]([O-])c3S(=O)(=O)c3ccccc3)nc2)cc1,6.43,2
CHEMBL4755945,CCC(=O)CCCCC[C@H](NC(=O)[C@H]1CC12CCN(CC)CC2)c1ncc(-c2c(F)cccc2OC)[nH]1,6.43,1
CHEMBL4873811,CN1CCN(c2nc(-c3ccc(C(=O)NO)cc3)nc3cc(Cl)ccc23)CC1,6.43,1
CHEMBL5412725,Nc1ccccc1NC(=O)c1ccc(CNC(=O)OC2CCCCC2)cc1,6.43,2
CHEMBL5641521,CCCNNC(=O)c1ccc(CNC(=O)[C@H](CC(C)C)NC(=O)NCc2cccc3ccccc23)cc1,6.43,1
CHEMBL1631915,COc1cc2cc(c1)COc1ccccc1NC(=O)[C@@H](CCCCCC(=O)NO)OC/C=C\2,6.42,1
CHEMBL2048755,O=C(/C=C/c1ccc2c(ccn2Cc2ccccc2)c1)NO,6.42,1
CHEMBL2333341,O=C(NO)c1ccc(C(=O)NCc2ccccc2)cc1,6.42,1
CHEMBL3417210,COc1cc2c(c(OC)c1OC)-c1ccc(OC)c(=O)cc1[C@@H](NC(=O)c1ccc(C(=O)Nc3cc(-c4cccs4)ccc3N)cc1)CC2,6.42,1
CHEMBL3655986,O=C(NO)c1cnc(NC2(Cc3ccccc3)CC2)nc1,6.42,1
CHEMBL3652236,O=C(NO)c1cnc(Nc2c(F)c(F)cc(F)c2F)nc1,6.42,1
CHEMBL3948528,O=C(NO)c1cnc(NC2(c3ccccc3)CCN(c3ccccc3)CC2)nc1,6.42,1
CHEMBL3972758,CN(C(=O)N1CCC(Nc2ncc(C(=O)NO)cn2)(c2ccccc2)CC1)c1ccccc1,6.42,1
CHEMBL4212117,Cc1c2ccc(N(C)c3ccnc(Nc4ccc(C(=O)NCCCCCCC(=O)NO)cc4)n3)cc2nn1C,6.42,1
CHEMBL5438457,O=C(NO)c1ccc(Cn2c(=O)[nH]c(=O)c3cccc(Cl)c32)cc1,6.42,1
CHEMBL5571404,Nc1ccccc1NC(=O)c1ccc(CNc2cccc3c2C(=O)N(C2CCC(=O)NC2=O)C3=O)cc1,6.42,1
CHEMBL256440,Nc1ccc(-c2cccs2)cc1NC(=O)c1cccnc1,6.41,1
CHEMBL3585968,O=C(CCCCCCc1nc(-c2cccnc2)no1)NO,6.41,1
CHEMBL5934650,COc1ccc(-c2cc(-c3ccsc3)c(C(=O)NCc3ccc(C(=O)NO)cc3)[nH]2)cc1,6.41,1
CHEMBL3655922,O=C(NO)c1cnc(NCCc2ccccc2Cl)nc1,6.41,1
CHEMBL3774414,COc1ccc(N(C)c2nc(C)nc3ccccc23)cc1OCCCC(=O)NO,6.41,1
CHEMBL4098353,COc1cc(C(=O)c2cn(Cc3ccc(/C=C/C(=O)NO)cc3)c3ccccc23)cc(OC)c1OC,6.41,1
CHEMBL4224911,CCc1cc(-c2ccc(F)cc2)nn1Cc1ccc(C(=O)NO)cc1,6.41,1
CHEMBL4281580,CN(CCCCC(CO[N+](=O)[O-])O[N+](=O)[O-])Cc1ccc(COC(=O)NCc2ccc(C(=O)Nc3ccccc3N)cc2)cn1.Cl.Cl.Cl,6.41,1
CHEMBL4300553,CN(CCCCC(CO[N+](=O)[O-])O[N+](=O)[O-])Cc1ccc(COC(=O)NCc2ccc(C(=O)Nc3ccccc3N)cc2)cn1,6.41,1
CHEMBL5570460,CC12CC3CC(C)(C1)CC(NC(=O)Nc1ccc(C(=O)NCCCCCC(=O)NO)cc1)(C3)C2,6.41,1
CHEMBL5613673,CCCNNC(=O)/C=C/c1ccc(CN(CCc2c(C)[nH]c3ccccc23)CC2CCC2)cc1,6.41,1
CHEMBL5933391,Cc1ccc(/C=C/CC(=O)Nc2ccc(C(=O)Nc3ccccc3N)nc2)cn1,6.41,1
CHEMBL3335283,O=C(CCCCc1ccn(Cc2cccc(-c3ccccc3)c2)n1)NO,6.4,1
CHEMBL3605504,Nc1ccccc1NC(=O)c1ccc(CNC2=NC(c3ccccc3)(c3ccccc3)CO2)cc1,6.4,1
CHEMBL3652229,COc1ccc(Nc2ncc(C(=O)NO)cn2)cc1,6.4,1
CHEMBL4846752,N=C(NO)c1ccc2nc(-c3cccc(-c4cn5ccccc5n4)c3)[nH]c2c1,6.4,1
CHEMBL3885174,COC(=O)Cc1c(C)n(Cc2ccc(-c3cn(CCCCCCC(=O)NO)nn3)cc2)c2ccc(OC)cc12,6.39,1
CHEMBL4280303,CC[C@@]1(O)C(=O)OCc2c1cc1n(c2=O)Cc2c-1nc1ccc(O)cc1c2/C=N/OCCCCCC(=O)NCCSSCCNC(=O)/C(Cc1ccc(O)c(Br)c1)=N\O,6.39,1
CHEMBL4796132,COc1ccc(CNc2nc(N)nc3c2ccn3Cc2ccc(C(=O)Nc3ccccc3N)cc2)cc1,6.39,1
CHEMBL4862662,COc1cc2nc(-c3ccc(C)o3)cc(NC3CCN(c4ncc(C(=O)NO)cn4)CC3)c2cc1OC,6.39,1
CHEMBL5093633,Cc1ccc(-c2cc(/C=C/c3ccc(C(=O)NO)cc3)ccn2)c(F)c1,6.39,2
CHEMBL6078174,C=C1C(=O)O[C@@H]2C[C@@]3(C)CC[C@@H](OC(=O)[C@H](C)NC(=O)c4cccc(/C=C/C(=O)NO)c4)C(=C)[C@@H]3C[C@H]12,6.39,1
CHEMBL6175609,Cc1noc(C)c1-c1ccc2c(c1)CCc1c-2nn(Cc2cccc(F)c2)c1C(=O)NCCCCCCC(=O)NO,6.39,1
CHEMBL2347007,CCC(C)(C)C(=O)O[C@H]1C[C@@H](C)C=C2C=C[C@H](C)[C@H](CC[C@@H](O)C[C@@H](O)CC(=O)NO)[C@H]21,6.38,2
CHEMBL3233705,COc1ccc(C(=O)N[C@H](COc2ccc(/C=C/C(=O)NO)cc2)Cc2c[nH]c3ccccc23)cc1,6.38,1
CHEMBL4162637,Nc1ccccc1NC(=O)c1ccc(CNC2CC2c2ccccc2)cc1,6.38,1
CHEMBL4174805,CCOc1cc(C(C)(C)C)ccc1C1=NC(c2ccc(Cl)cc2)C(c2ccc(Cl)cc2)N1C(=O)N1CCN(CCCCCCC(=O)NO)CC1,6.38,1
CHEMBL4475116,CCCNc1ccc2c3c(cccc13)C(=O)N(CCCCCC(=O)NO)C2=O,6.38,1
CHEMBL6141710,O=C(NCCCC[C@H](NC(=O)[C@@H]1[C@@H]2COc3ccccc3[C@@H]21)c1ncc(-c2ccc3ccccc3c2)[nH]1)c1c(O)cccc1F,6.38,1
CHEMBL6169533,NC(=O)[C@@H](Cc1c[nH]c2ccccc12)NCc1ccc(/C=C/C(=O)NO)cc1,6.38,1
CHEMBL469134,O=C(CCCCc1cc(C(=O)NO)no1)Nc1nc(-c2ccccc2)cs1,6.37,1
CHEMBL1631918,COc1cc2cc(c1)COc1ccccc1NC(=O)[C@@H](CCCCCC(=O)NO)OCCC2,6.37,1
CHEMBL2407724,Nc1ccccc1NC(=O)c1ccc(CNC2=N[C@H](c3ccccc3)[C@@H](c3ccccc3)S2)cc1,6.37,1
CHEMBL3421741,Nc1ccccc1NC(=O)c1ccc(CNCc2nc(-c3ccc(Cl)cc3)no2)cc1,6.37,1
CHEMBL3605500,Nc1ccccc1NC(=O)c1ccc(CNC2=N[C@@H](c3cccnc3)CO2)cc1,6.37,1
CHEMBL3936651,CCOc1ccc(OC2CCN(c3ncc(C(=O)NO)cn3)CC2)cc1-c1nc2c(CC)nn(C)c2c(=O)[nH]1,6.37,1
CHEMBL3981567,COc1cc2c(Oc3ccc(NC(=O)C4(C(=O)Nc5ccc(F)cc5)CC4)cc3F)ccnc2cc1OCCCC(=O)NO,6.37,1
CHEMBL3967312,Cc1ccccc1S(=O)(=O)N1CCC(Nc2ncc(C(=O)NO)cn2)(c2ccccc2)CC1,6.37,1
CHEMBL4213856,COc1ccc(C(=O)c2ccc3c(ccn3S(=O)(=O)c3cccc(/C=C/C(=O)NO)c3)c2)cc1,6.37,1
CHEMBL4584008,O=C(CCCCCCCn1cc(Nc2ncc(Cl)c(Nc3ccc(F)cc3)n2)cn1)NO,6.37,1
CHEMBL5197309,Cc1cc(/C=C/C(=O)c2ccc(NC(=O)c3ccc(CN4C(=O)c5ccccc5C4=O)cc3)cc2)cc(C)c1C,6.37,1
CHEMBL5409567,Nc1ccccc1NC(=O)c1ccc(NC(=O)C(Cc2ccccc2)c2ccccc2)cn1,6.37,1
CHEMBL5562955,COc1ccc(/C=C/C(=O)c2ccc(OC)c3c2OC(C)(C)C=C3)cc1NCC(=O)NO,6.37,1
CHEMBL6146466,CCC(=O)CCCCC[C@H](NC(=O)C1CC12CN(C(C)=O)C2)c1ncc(-c2ccccc2)[nH]1,6.37,1
CHEMBL6146173,O=C(NCCCC[C@H](NC(=O)C1CC12CCCCC2)c1ncc(-c2ccc3ccccc3c2)[nH]1)c1c(O)cccc1F,6.37,1
CHEMBL6150537,CCCC[C@H](NC(=O)[C@H](CN)c1c[nH]c2ccc(OC)cc12)c1nc(-c2ccn(C)c(=O)c2)c[nH]1,6.37,1
CHEMBL6132700,COc1cc(/C=C/C(=O)c2ccc(NC(=O)c3ccccc3CN3C(=O)c4ccccc4C3=O)cc2)cc(OC)c1OC,6.37,2
CHEMBL561483,COc1cccc2c(C(CCCCCC(=O)NO)c3c[nH]c4c(OC)cccc34)c[nH]c12,6.36,1
CHEMBL2407716,Nc1ccccc1NC(=O)c1ccc(CSC2=N[C@@H](c3ccccc3)CS2)cc1,6.36,1
CHEMBL3233696,O=C(/C=C/c1ccc(OC[C@H](Cc2c[nH]c3ccccc23)NC(=O)Cc2ccccc2)cc1)NO,6.36,1
CHEMBL3670673,Nc1ccccc1NC(=O)c1ccc(CNC(=O)c2[nH]c(-c3ccc(O)cc3)cc2-c2ccccc2)cc1,6.36,1
CHEMBL4068347,COc1ccc(C(=O)N[C@@H](Cc2c[nH]c3ccccc23)C(=O)Nc2ccc(C(=O)Nc3ccccc3N)cc2)cc1,6.36,1
CHEMBL4069623,CCOc1cc(NC(=O)CCCCCCC(=O)Nc2ccccc2N)cc2c1OCC([N+](=O)[O-])=C2,6.36,1
CHEMBL4583564,CCCNNC(=O)c1ccc(CNCc2ccccc2)cc1.O=C(O)C(F)(F)F,6.36,1
CHEMBL4437852,Nc1ccccc1NC(=O)c1ccc(CSc2nccc(C(F)(F)F)n2)cc1,6.36,1
CHEMBL4741281,Cc1ccc(Cc2cn(CCCCCCC(=O)NO)c3ccc(-c4c(C)noc4C)cc23)cc1,6.36,1
CHEMBL5414971,O=C(CCCCCCNC(=O)c1ccc(-c2cn(CCCCCCOCCOCCNC(=O)CC34C[C@H]5C[C@@H](C3)C[C@@H](C4)C5)nn2)cc1)NO,6.36,1
CHEMBL5564311,Nc1cc(F)ccc1NC(=O)c1ccc(CNc2cccc3c2C(=O)N(C2CCC(=O)NC2=O)C3=O)cc1,6.36,1
CHEMBL561212,O=C(/C=C/c1ccc(-c2cccs2)cc1)NO,6.35,1
CHEMBL3652242,O=C(NO)c1cnc(Nc2cccc(C(F)(F)F)c2)nc1,6.35,1
CHEMBL5639135,COc1nc(-c2ccc(NC(=O)Nc3ccc(C(=O)NCCCCCC(=O)Nc4ccccc4N)cc3)cc2)nc(N2CCOCC2)n1,6.35,1
CHEMBL6176487,NC(=O)[C@@H]1Cc2c([nH]c3ccccc23)[C@H](c2ccc(/C=C/C(=O)NO)cc2)N1,6.35,1
CHEMBL6168658,NC(=O)[C@@H]1Cc2c([nH]c3ccccc23)[C@@H](c2ccc(/C=C/C(=O)NO)cc2)N1,6.35,1
CHEMBL516600,O=C(NO)c1ccc(CN2c3ccccc3NC(=O)[C@@H]2Cc2ccccc2)cc1,6.34,1
CHEMBL481018,O=C(NO)c1ccc(CN2c3ccccc3NC(=O)[C@H]2Cc2ccc(F)c(F)c2)cc1,6.34,1
CHEMBL565140,O=C(/C=C/c1ccc(-c2ccc(O)c(Cl)c2)cc1)NO,6.34,1
CHEMBL3233703,O=C(/C=C/c1ccc(OC[C@H](Cc2c[nH]c3ccccc23)NC(=O)c2ccc(F)cc2)cc1)NO,6.34,1
CHEMBL3356931,O=C1CCC[C@@H](C(=O)N[C@@H](CCCCCS)C(=O)NC2CCCC2)N1,6.34,1
CHEMBL3664022,Nc1ccc(F)cc1NC(=O)c1cnc2c(C3CC3)c(N3CCNCC3)ccc2c1,6.34,1
CHEMBL3652234,O=C(NO)c1cnc(Nc2cc(Cl)ccc2Cl)nc1,6.34,1
CHEMBL3655960,CC(C)(Nc1ncc(C(=O)NO)cn1)c1ccc(Cl)cc1F,6.34,1
CHEMBL5182215,C#CCN(C)CCCOc1ccc(NC(=O)CCCCCCC(=O)NO)cc1Cl,6.34,1
CHEMBL5641600,COc1nc(-c2ccc(NC(=O)Nc3ccc(C(=O)NCCCCCCC(=O)Nc4ccccc4N)cc3)cc2)nc(N2CCOCC2)n1,6.34,1
CHEMBL511715,O=C(CCCCc1cc(C(=O)NO)no1)Nc1cnc2ccccc2c1,6.33,1
CHEMBL251819,CCC(=O)NCc1ccc(C(=O)Nc2cc(-c3cccs3)ccc2N)cc1,6.33,1
CHEMBL154574,O=C(/C=C/c1ccccc1)NO,6.33,2
CHEMBL2347008,CC(C)c1c(C(=O)Nc2ccccc2)c(-c2ccccc2)c(-c2ccc(F)cc2)n1CC[C@@H](O)C[C@@H](O)CC(=O)NO,6.33,2
CHEMBL2347006,CC[C@H](C)C(=O)O[C@H]1C[C@@H](C)C=C2C=C[C@H](C)[C@H](CC[C@@H](O)C[C@@H](O)CC(=O)NO)[C@H]21,6.33,1
CHEMBL2347010,C[C@H]1C=C2C=C[C@H](C)[C@H](CC[C@@H]3C[C@@H](O[Si](C)(C)C(C)(C)C)CC(=O)O3)[C@H]2[C@@H](OC(=O)Nc2ccc(-c3cn(CCCCCCC(=O)NO)nn3)cc2)C1,6.33,2
CHEMBL3593412,CCCCCCCC(=O)SCC/C=C/[C@@H]1CC(=O)NCc2cccc(n2)C2=N[C@@](C)(CS2)C(=O)N[C@@H](C(C)C)C(=O)N1,6.33,1
CHEMBL3704922,C#Cc1ccc(NC(=O)O[C@H]2C[C@@H](C)C=C3C=C[C@H](C)[C@H](CC[C@@H]4C[C@@H](O[Si](C)(C)C(C)(C)C)CC(=O)O4)[C@H]32)cc1,6.33,1
CHEMBL3970138,CCC(C)C(=O)OC1C[C@@H](C)C=C2C=C[C@H](C)[C@H](CC[C@@H](O)C[C@@H](O)CC(=O)NO)[C@H]21,6.33,1
CHEMBL4276962,Nc1ccccc1NC(=O)c1ccc(CSC(=S)N2CCN(c3ccncc3)CC2)cc1,6.33,1
CHEMBL4646763,COc1nc2ccccc2cc1-c1cnc([C@@H](N)CCCCCC(=O)c2ncc(CO)o2)[nH]1,6.33,1
CHEMBL6172618,Cc1cccc(Cn2nc3c(c2C(=O)NCCCCCCC(=O)NO)CCc2ccccc2-3)c1,6.33,1
CHEMBL3656020,O=C(NO)c1cnc(NC2(c3cccc(F)c3)CCCC2)nc1,6.32,1
CHEMBL3656008,COc1ccc(Cl)cc1C1(Nc2ncc(C(=O)NO)cn2)CC1,6.32,1
CHEMBL3656002,COc1ccccc1C1(Nc2ncc(C(=O)NO)cn2)CC1,6.32,1
CHEMBL3652239,Cc1cc(C)cc(Nc2ncc(C(=O)NO)cn2)c1,6.32,1
CHEMBL4465293,CCCNNC(=O)c1ccc(NC(=O)c2ccccc2)cc1,6.32,1
CHEMBL4796066,O=C(NO)c1ccc(Nc2c3ccccc3nc3ccc(Br)cc23)cc1,6.32,2
CHEMBL4764787,COc1cc(CNc2nc(NCc3ccc(C(=O)Nc4ccccc4N)cc3)nc3[nH]ccc23)cc(OC)c1,6.32,1
CHEMBL5848480,CNc1ccc(C(=O)NCCCCC(=O)NO)cc1,6.32,1
CHEMBL227119,CN(C)c1ccc(CNC(=O)NCCC(=O)NO)cc1,6.31,1
CHEMBL27759,Nc1ccccc1NC(=O)c1ccc(CNC(=O)OCc2cccnc2)cc1,6.31,46
CHEMBL3656022,O=C(NO)c1cnc(NC2(c3cccc(Cl)c3)CCCC2)nc1,6.31,1
CHEMBL3907730,CCCc1nn(C)c2c(=O)[nH]c(-c3cc(NC4CCN(c5ncc(C(=O)NO)cn5)CC4)ccc3OCC)nc12,6.31,1
CHEMBL3900593,CCOc1ccc(CC2CC(C(=O)NO)C2)cc1-c1nc2c(CC)nn(C)c2c(=O)[nH]1,6.31,1
CHEMBL4086561,COc1ccc(C(=O)N[C@@H](Cc2c[nH]c3ccccc23)C(=O)NCCCCCC(=O)Nc2cc(-c3ccccc3)ccc2N)cc1,6.31,1
CHEMBL4176702,Nc1ccccc1NC(=O)/C=C/c1ccc(CNC2CC2c2ccccc2)cc1,6.31,1
CHEMBL4459617,Cc1cc(C)cc(C(=O)N(CC(=O)NCc2ccccc2)Cc2ccc(C(=O)Nc3ccccc3N)cc2)c1,6.31,1
CHEMBL4553337,Cc1noc(C)c1-c1nc2sc3c(c2c(=O)[nH]1)CCN(CC(=O)NO)C3,6.31,1
CHEMBL4765072,CCC(=O)CCCCC[C@H](NC(=O)[C@H]1CC12CCN(C)CC2)c1ncc(-c2cnc(-n3cc(C)cn3)nc2)[nH]1,6.31,1
CHEMBL5646749,CCCNNC(=O)c1ccc(CNC(=O)[C@H](CC(C)C)NC(=O)[C@@H](NC(=O)[C@@H](O)[C@H](N)Cc2ccccc2)[C@@H](C)CC)cc1,6.31,1
CHEMBL5639599,Nc1ccccc1NC(=O)CCCCCCCNC(=O)c1ccc(NC(=O)Nc2ccc(-c3nc(N4CCOCC4)nc(N4CCOCC4)n3)cc2)cc1,6.31,1
CHEMBL211625,COc1ccc(NCc2ccc(C(=O)Nc3ccccc3N)cc2)cc1OC,6.3,1
CHEMBL250005,COc1ccc(COC(CCCCCC(=O)NO)C(=O)Nc2ccc(OC)cc2)cc1,6.3,1
CHEMBL249198,COc1ccc(NC(=O)C(CCCCCC(=O)NO)OCc2ccccc2)cc1,6.3,1
CHEMBL400482,O=C(CCCCCC(Oc1cccc(Oc2ccccc2)c1)C(=O)Nc1ccccc1)NO,6.3,1
CHEMBL248798,COc1cccc(COC(CCCCCC(=O)NO)C(=O)N(Cc2cccc(OC)c2)c2ccccc2)c1,6.3,1
CHEMBL402719,C=CCOC(CCCCCC(=O)NO)C(=O)Nc1ccccc1,6.3,1
CHEMBL251010,COC(CCCCCC(=O)NO)C(=O)Nc1ccccc1,6.3,1
CHEMBL251009,O=C(CCCCCC(O)C(=O)Nc1ccccc1)NO,6.3,1
CHEMBL402718,O=C(CCCCC(OCc1ccccc1)C(=O)Nc1ccccc1)NO,6.3,1
CHEMBL251406,CCCOC(CCCCC(=O)NO)C(=O)Nc1ccccc1,6.3,1
CHEMBL251206,COC(CCCCC(=O)NO)C(=O)Nc1ccccc1,6.3,1
CHEMBL3233698,O=C(/C=C/c1ccc(OC[C@H](Cc2c[nH]c3ccccc23)NC(=O)c2ccc(Cl)cc2)cc1)NO,6.3,1
CHEMBL3233711,O=C(/C=C/c1cccc(OC[C@H](Cc2c[nH]c3ccccc23)NC(=O)c2ccc(Cl)cc2)c1)NO,6.3,1
CHEMBL4464169,CN(Cc1ccc(C(=O)Nc2ccccc2N)cc1)c1ccccc1,6.3,1
CHEMBL4858081,CCCC[C@H](NC(=O)Cc1c[nH]c2ccc(OC)cc12)c1ncc(-c2cc3ccccc3nc2OC)[nH]1,6.3,1
CHEMBL5199411,O=C([C@H]1C[C@@H](c2cccc(Cl)c2)CN1)N1CCN(c2nccc3ccsc23)CC1,6.3,1
CHEMBL5437683,COc1cc2c(cc1OC)C(=O)C(CC1CCN(Cc3ccc(/C=C/C(=O)NO)cc3)CC1)C2,6.3,1
CHEMBL5395245,C#CC(=O)N1CCC(OC(=O)NCc2ccc(C(=O)Nc3ccccc3N)cc2)CC1,6.3,2
CHEMBL5563379,CCCNNC(=O)CCCCCCCNC(=O)/C=C/c1cccnc1,6.3,1
CHEMBL271741,Nc1ccc(-c2ccccc2)cc1NC(=O)c1ccccc1,6.29,6
CHEMBL3585967,O=C(CCCCCCc1nc(-c2cccs2)no1)NO,6.29,1
CHEMBL5274634,O=C(NO)c1ccc(Cn2cnc(-c3ccccc3F)n2)c(F)c1,6.29,1
CHEMBL4749697,Cc1noc(C)c1-c1ccc2c(c1)c(Cc1ccc(F)cc1)cn2CCCCCC(=O)NO,6.29,1
CHEMBL5833030,Cc1ccc(/C=C/CC(=O)Nc2ccc(C(=O)Nc3ccc(F)cc3N)cc2)cn1,6.29,1
CHEMBL6074594,C=C1C(=O)O[C@@H]2C[C@@]3(C)CC[C@@H](OC(=O)[C@@H](C)NC(=O)c4ccc(C(=O)Nc5ccccc5N)cc4)C(=C)[C@@H]3C[C@H]12,6.29,1
CHEMBL6163619,Cc1cccc(Cn2nc3c(c2C(=O)NCCCCCCC(=O)NO)CCc2cc(-c4c(C)noc4C)ccc2-3)c1,6.29,1
CHEMBL482358,O=C(NO)c1ccc(CN2c3ccccc3NC(=O)[C@H]2CCc2ccccc2)cc1,6.28,1
CHEMBL492097,O=C(N[C@@H](CCCCCB(O)O)C(=O)Nc1cccc(-c2ccccc2)c1)c1cncs1,6.28,1
CHEMBL3421737,Nc1ccccc1NC(=O)c1ccc(CNCc2nc(-c3ccccc3)no2)cc1,6.28,1
CHEMBL3655928,COc1ccccc1CNc1ncc(C(=O)NO)cn1,6.28,1
CHEMBL3652241,COc1cc(Nc2ncc(C(=O)NO)cn2)cc(C(F)(F)F)c1,6.28,1
CHEMBL4589605,Cn1c(SCc2ccc(C(=O)Nc3ccccc3N)cc2)nc2cc(Br)ccc2c1=O,6.28,1
CHEMBL5287581,Cc1c(NC(=O)NCCN2C(=O)S/C(=C\c3ccc([N+](=O)[O-])cc3)C2=O)c(=O)n(-c2ccccc2)n1C,6.28,1
CHEMBL5639119,CCCNNC(=O)CCCCCNC(=O)[C@H](CC(C)C)NC(=O)[C@@H](O)[C@H](N)Cc1ccccc1.Cl,6.28,1
CHEMBL5761331,CCCCNNC(=O)c1ccc(CN=[N+]=[N-])cc1,6.28,1
CHEMBL6172942,Cc1[nH]c2ccccc2c1C[C@@H](NCc1ccc(/C=C/C(=O)NO)cc1)C(N)=O,6.28,1
CHEMBL2407725,Nc1ccccc1NC(=O)c1ccc(CNC2=N[C@@H](c3ccccc3)[C@H](c3ccccc3)S2)cc1,6.27,1
CHEMBL3233687,O=C(/C=C/c1ccc(OC[C@H](Cc2c[nH]c3ccccc23)NC(=O)c2ccccc2)cc1)NO,6.27,1
CHEMBL5083849,Cc1[nH]c(C(=O)Nc2cc(S(=O)(=O)N3CCOCC3)ccc2OCCCCCCCC(=O)NO)c2c1C(=O)CCCC2,6.27,1
CHEMBL5209383,CCCNNC(=O)c1ccc(Nc2ccccc2)cc1,6.27,1
CHEMBL5532409,CCCNNC(=O)c1ccc(NC(=O)CCCCCCCNC(=O)/C=C/c2cccnc2)cc1,6.27,1
CHEMBL6041066,Nc1cc(F)ccc1NC(=O)c1ccc(NC(=O)C/C=C/c2cccnc2)cn1,6.27,1
CHEMBL2047619,O=C(/C=C\c1cn(-c2ccccc2)nc1-c1ccc([N+](=O)[O-])cc1)Nc1ccc(Br)cc1,6.26,1
CHEMBL4229123,Cc1ccc(-c2cc(C(F)(F)F)n(CCc3ccc(C(=O)NO)cc3)n2)cc1,6.26,1
CHEMBL5206074,C[C@@H](c1nc2c(cnn2C2CCCC2)c(=O)[nH]1)N1CC(Cc2ccc(C(=O)Nc3ccccc3N)cc2)C1,6.26,1
CHEMBL5929946,CC(=O)Nc1cc(-c2cccs2)ccc1N,6.26,1
CHEMBL5873964,CC(=O)Nc1cc(-c2ccccc2)ccc1N,6.26,1
CHEMBL5957547,Cc1ccccc1-c1ccc(N)c(NC(=O)C2CCCCC2)c1,6.26,1
CHEMBL5796634,NC(=O)C(=O)Nc1cc(-c2cccs2)ccc1N,6.26,1
CHEMBL6002677,C=Cc1ccc(N)c(NC(=O)N2CCCC2)c1,6.26,1
CHEMBL6044924,CCOC(=O)Nc1cc(-c2cccs2)ccc1N,6.26,1
CHEMBL5971852,Nc1ccc(-c2cccs2)cc1NC(=O)C1CC1,6.26,1
CHEMBL5790224,Nc1ccc(-c2cccs2)cc1NC(=O)CC1CC1,6.26,1
CHEMBL5784905,Nc1ccc(-c2cccnc2)cc1NC(=O)C1CCCCC1,6.26,1
CHEMBL5962972,CCCOC(=O)Nc1cc(-c2cccs2)ccc1N,6.26,1
CHEMBL6030658,Cc1ccc(-c2ccc(N)c(NC(=O)C3CCCCC3)c2)s1,6.26,1
CHEMBL5783720,Cc1ccc(-c2ccc(N)c(NC(=O)C3CCOCC3)c2)s1,6.26,1
CHEMBL5909155,CN1CCC(C(=O)Nc2cc(-c3cccs3)ccc2N)CC1,6.26,1
CHEMBL5864285,Cc1csc(-c2ccc(N)c(NC(=O)C3CCOCC3)c2)c1,6.26,1
CHEMBL5755237,Nc1ccc(-c2ccc(Cl)s2)cc1NC(=O)C1CCOCC1,6.26,1
CHEMBL5865166,CC(=O)N1CC(COC(=O)Nc2cc(-c3cccs3)ccc2N)C1,6.26,1
CHEMBL5815713,CC(=O)N1CC(C(=O)Nc2cc(-c3cccs3)ccc2N)C1,6.26,1
CHEMBL5904227,Nc1ccc(C2CCCC2)cc1NC(=O)C1=CCCCC1,6.26,1
CHEMBL5834123,Nc1ccc(-c2cccs2)cc1NC(=O)OCC1CC1,6.26,1
CHEMBL5826185,Nc1ccc(-c2cccs2)cc1NC(=O)OCC1CCNCC1,6.26,1
CHEMBL5876772,Nc1ccc(-c2cccs2)cc1NC(=O)OCc1ccccc1,6.26,1
CHEMBL5813479,CN1CCC(COC(=O)Nc2cc(-c3cccs3)ccc2N)CC1,6.26,1
CHEMBL5933518,CC(C)COC(=O)Nc1cc(-c2cccs2)ccc1N,6.26,1
CHEMBL5845316,Nc1ccc(-c2cccs2)cc1NC(=O)OCC1CCCCC1,6.26,1
CHEMBL5884451,Nc1ccc(-c2cccs2)cc1NC(=O)OCC1CCCC1,6.26,1
CHEMBL5997931,Nc1ccc(-c2cccs2)cc1NC(=O)C1CCOC1,6.26,1
CHEMBL5804061,Nc1ccc(C2=CCCC2)cc1NC(=O)C1CCOCC1,6.26,1
CHEMBL3827838,Nc1ccc(-c2ccc(Cl)cc2)cc1NC(=O)C1CCOCC1,6.26,1
CHEMBL5994632,CC(=O)N1CC(COC(=O)Nc2cc(-c3ccc(F)cc3)ccc2N)C1,6.26,1
CHEMBL6046936,Nc1ccc(-c2ccc(F)cc2)cc1NC(=O)OCC1CCNCC1,6.26,1
CHEMBL3827251,Nc1ccc(-c2ccncc2)cc1NC(=O)C1CCOCC1,6.26,1
CHEMBL6064722,Nc1ccc(-c2cccs2)cc1NC(=O)OCC1COC1,6.26,1
CHEMBL5906784,Nc1ccc(-c2cccs2)cc1NC(=O)OCC1CCC1,6.26,1
CHEMBL5821192,CN1CCC(COC(=O)Nc2cc(-c3ccc(F)cc3)ccc2N)CC1,6.26,1
CHEMBL6015573,CCCNC(=O)Nc1cc(-c2cccs2)ccc1N,6.26,1
CHEMBL5782113,CN1CCN(C(=O)Nc2cc(-c3cccs3)ccc2N)CC1,6.26,1
CHEMBL6031399,Nc1ccc(-c2cccs2)cc1NC(=O)N1CCC(N)C1,6.26,1
CHEMBL6049725,Cc1csc(-c2ccc(N)c(NC(=O)N3CCCC3)c2)c1,6.26,1
CHEMBL5775686,Nc1ccc(-c2cccs2)cc1NC(=O)NC1CC1,6.26,1
CHEMBL6050473,CN(C(=O)Nc1cc(-c2cccs2)ccc1N)C1COC1,6.26,1
CHEMBL5760633,CCCN(C)C(=O)Nc1cc(-c2cccs2)ccc1N,6.26,1
CHEMBL5780874,CC(=O)C1CN(CNC(=O)Nc2cc(-c3cccs3)ccc2N)C1,6.26,1
CHEMBL5812777,CC(=O)NCC1CN(C(=O)Nc2cc(C3=CCCCC3)ccc2N)C1,6.26,1
CHEMBL6003179,Nc1ccc(C2=CCCCC2)cc1NC(=O)N1CCCC1,6.26,1
CHEMBL6009664,CC(=O)N[C@H]1CCN(C(=O)Nc2cc(C3=CCCCC3)ccc2N)C1,6.26,1
CHEMBL5873567,CC(=O)NC1C2CN(C(=O)Nc3cc(C4=CCCCC4)ccc3N)CC21,6.26,1
CHEMBL5925056,Nc1ccc(-c2cccs2)cc1NC(=O)N(N)Cc1ccccc1,6.26,1
CHEMBL5955437,CCCN(C)C(=O)Nc1cc(C2=CCCC2)ccc1N,6.26,1
CHEMBL5992550,Nc1ccc(-c2cccs2)cc1NC(=O)NNCc1ccccc1,6.26,1
CHEMBL5863398,NNC(=O)Nc1cc(-c2cccs2)ccc1N,6.26,1
CHEMBL5856390,Nc1ccc(-c2ccc(F)cc2)cc1NC(=O)N(N)Cc1ccccc1,6.26,1
CHEMBL5840881,CN1CCC(CNC(=O)Nc2cc(-c3cccs3)ccc2N)CC1,6.26,1
CHEMBL5896611,Nc1ccc(-c2cccs2)cc1NC(=O)N1CC2CCC(C1)O2,6.26,1
CHEMBL5967815,Nc1ccc(-c2cccs2)cc1NC(=O)NCC1CCNCC1,6.26,1
CHEMBL6012477,CC(=O)N1CC(CNC(=O)Nc2cc(-c3ccc(F)cc3)ccc2N)C1,6.26,1
CHEMBL5790141,Nc1ccc(-c2cnccn2)cc1NC(=O)N1CCCC1,6.26,1
CHEMBL6013755,Nc1ccc(-c2ccc(F)cc2)cc1NC(=O)OCC1CCOCC1,6.26,1
CHEMBL5857161,Nc1ccc(-c2cccs2)cc1NC(=O)C1CCCO1,6.26,1
CHEMBL5767674,CC(C)(O)C(=O)Nc1cc(-c2cccs2)ccc1N,6.26,1
CHEMBL5977474,CC(=O)N1CC(CN(C)C(=O)Nc2cc(-c3cccs3)ccc2N)C1,6.26,1
CHEMBL5920129,Cc1ccc(/C=C/CC(=O)Nc2ccc(C(=O)Nc3ccc(F)cc3N)nc2)cn1,6.26,2
CHEMBL6145860,CC(c1nc2c(cnn2C2CCCC2)c(=O)[nH]1)N1CC(Cc2ccc(C(=O)Nc3ccccc3N)cc2)C1,6.26,1
CHEMBL481802,O=C1CN(Cc2ccc(C(=O)NO)cc2)c2ccccc2N1,6.25,1
CHEMBL3335298,O=C(CCCCc1ccn(Cc2ccc(-n3ccc4ccccc43)cc2)n1)NO,6.25,1
CHEMBL3421738,Cc1ccc(-c2noc(CNCc3ccc(C(=O)Nc4ccccc4N)cc3)n2)cc1,6.25,1
CHEMBL3673112,CC(=O)Nc1ccc2[nH]c(C(=O)NCc3ccc(C(=O)Nc4ccccc4N)cc3)cc2c1,6.25,2
CHEMBL2132717,C[C@H](CO)N1C[C@H](C)[C@H](CN(C)Cc2ccc(C(=O)Nc3ccccc3N)cc2)Oc2ccc(N(C)C)cc2CC1=O,6.25,1
CHEMBL4218266,COc1ccc(C(=O)c2ccc3c(ccn3Cc3ccc(C(=O)NO)cc3)c2)cc1,6.25,1
CHEMBL4577107,O=C(/C=C/c1cccn(CCc2ccc3ccccc3c2)c1=O)NO,6.25,1
CHEMBL4744442,Cc1cccc(Cc2cn(CCCCCC(=O)NO)c3ccc(-c4c(C)noc4C)cc23)c1,6.25,1
CHEMBL5397465,C=CC(=O)N1CCC(OC(=O)NCc2ccc(C(=O)Nc3ccccc3N)cc2)CC1,6.25,2
CHEMBL5401232,C=C=CC(=O)N1CCC(OC(=O)NCc2ccc(C(=O)Nc3ccccc3N)cc2)CC1,6.25,2
CHEMBL2047618,O=C(/C=C\c1cn(-c2ccccc2)nc1-c1ccc([N+](=O)[O-])cc1)Nc1ccc(Cl)cc1,6.24,1
CHEMBL2407738,Nc1ccccc1NC(=O)c1ccc(CSC2=N[C@@H](Cc3ccccc3)CS2)cc1,6.24,1
CHEMBL4091348,Nc1ccccc1NC(=O)c1ccc(COc2ccc(F)cc2)cc1,6.24,1
CHEMBL4558922,CCCNNC(=O)c1ccc(CN(Cc2ccccc2)C(=O)OC(C)(C)C)cc1,6.24,1
CHEMBL4852075,CCC(=O)CCCCC[C@H](NC(=O)[C@H]1CC12CCN(CC)CC2)c1[nH]c2nc1C(=O)NCCC/C=C\c1cccc-2c1,6.24,1
CHEMBL5193020,O=C(CCCCC/C=C\c1csc(Br)n1)NO,6.24,1
CHEMBL6037578,CCCCNNC(=O)c1ccc(-c2cccc(F)c2F)cc1,6.24,1
CHEMBL6144874,CCC(=O)CCCCC[C@H](NC(=O)[C@H]1[C@@H]2COc3ccccc3[C@@H]21)c1ncc(-c2ccccc2)[nH]1,6.24,1
CHEMBL556332,O=C(/C=C/c1ccc(-c2ccc(O)cc2)cc1)NO,6.23,2
CHEMBL561604,O=C(CCCCCC(c1c[nH]c2ccc([N+](=O)[O-])cc12)c1c[nH]c2ccc([N+](=O)[O-])cc12)NO,6.23,1
CHEMBL3098605,Cc1ccc(NC(=O)CCCCCCC(=O)NO)cc1,6.23,1
CHEMBL3664029,Nc1cc(F)ccc1NC(=O)c1cnc2c(C3CC3)c(N3CCNCC3)ccc2c1,6.23,1
CHEMBL3655938,O=C(NO)c1cnc(NCc2ccccc2-c2ccccc2)nc1,6.23,1
CHEMBL3673114,Nc1ccc(F)cc1NC(=O)c1ccc(CNC(=O)c2cc3ccccc3s2)cc1,6.23,2
CHEMBL4790678,Nc1nc(Nc2ccc(F)c(Cl)c2)c2ncn(Cc3ccc(C(=O)Nc4ccccc4N)cc3)c2n1,6.23,1
CHEMBL5420438,C=CS(=O)(=O)N1CCC(OC(=O)NCc2ccc(C(=O)Nc3ccccc3N)cc2)CC1,6.23,2
CHEMBL5624856,C=C(c1ccc(OC)c(OC(F)C(=O)NO)c1)c1cc(C)nc2ccccc12,6.23,1
CHEMBL55895,O=C(CCCc1ccccc1)NO,6.22,1
CHEMBL2333340,O=C(NO)c1ccc(C(=O)NCCc2ccccc2)cc1,6.22,1
CHEMBL2347009,CC(C)c1nc(N(C)S(C)(=O)=O)nc(-c2ccc(F)cc2)c1/C=C/[C@@H](O)C[C@@H](O)CC(=O)NO,6.22,2
CHEMBL3356937,Cc1cccc(CCNC(=O)[C@H](CCCCCS)NC(=O)[C@@H]2CCCC(=O)N2)c1,6.22,1
CHEMBL3655931,O=C(NO)c1cnc(NCc2c(Cl)cccc2Cl)nc1,6.22,1
CHEMBL4800135,Cc1cn(C)nc1CN1CCC(c2ccc(C(=O)Nc3ccccc3N)cc2)CC1,6.22,1
CHEMBL4849063,CCC(=O)CCCCC[C@@H]1NC(=O)CN(C)CCCCOCCCCn2ccc3cc(ccc3c2=O)-c2cnc1[nH]2,6.22,1
CHEMBL5641748,Nc1ccccc1NC(=O)CCCCCNC(=O)c1ccc(NC(=O)Nc2ccc(-c3nc(N4CCOCC4)nc(N4CCOCC4)n3)cc2)cc1,6.22,1
CHEMBL5740961,COc1ccc(-c2ccc(N)c(NC(=O)c3ccc(N4CCN(C)CC4)nc3)n2)cc1,6.22,1
CHEMBL5827938,CN1CCN(c2ccc(C(=O)Nc3nc(-c4ccncc4)ccc3N)cn2)CC1,6.22,1
CHEMBL5921966,CN1CCN(c2ccc(C(=O)Nc3nc(-c4ccc(F)c(F)c4)ccc3N)cn2)CC1,6.22,1
CHEMBL6034251,Nc1ccc(-c2ccc(F)cc2)nc1NC(=O)c1ccc(-c2cccnc2)nc1,6.22,1
CHEMBL5832469,N#Cc1cccc(-c2ccc(C(=O)Nc3nc(-c4ccc(F)cc4)ccc3N)cn2)c1,6.22,1
CHEMBL5950040,Nc1ccc(-c2ccc(F)cc2)nc1NC(=O)c1ccc(C2CCCC2)nc1,6.22,1
CHEMBL3605492,Nc1ccccc1NC(=O)c1ccc(CSC2=N[C@@H](c3cccnc3)CO2)cc1,6.21,1
CHEMBL3655934,O=C(NO)c1cnc(NCc2c(CO)cccc2CO)nc1,6.21,1
CHEMBL3655953,CC(C)(Nc1ncc(C(=O)NO)cn1)c1ccc(F)c(F)c1,6.21,1
CHEMBL3656017,O=C(NO)c1cnc(NC2(c3ccc(F)cc3)CCCC2)nc1,6.21,1
CHEMBL3675765,O=C(CCCCCCN(c1ccccn1)c1cc(OCc2ccccc2)ccn1)NO,6.21,1
CHEMBL3911952,Nc1ccccc1NC(=O)c1ccc2nc(N3CCNCC3)ccc2c1,6.21,1
CHEMBL4538745,COc1ccc2c(=O)n(-c3ccccc3Cl)c(SCc3ccc(C(=O)Nc4ccccc4N)cc3)nc2c1,6.21,1
CHEMBL4757641,Nc1ccccc1NC(=O)c1ccc(NC(=O)CCCCNC(=O)CNc2cccc3c2C(=O)N(C2CCC(=O)NC2=O)C3=O)cc1,6.21,1
CHEMBL357268,Nc1ccccc1NC(=O)c1ccc(CNC(=O)OCc2ccccc2)cc1,6.21,1
CHEMBL5860896,CCc1cc2c(cn1)CN(C(=O)Nc1nc(-c3cccnc3)ccc1N)C2,6.21,2
CHEMBL5923724,CCc1ncc2c(n1)CN(C(=O)Nc1nc(-c3ccc(F)cc3)ccc1N)C2,6.21,2
CHEMBL3652233,O=C(NO)c1cnc(Nc2ccc([N+](=O)[O-])c(C(F)(F)F)c2)nc1,6.2,1
CHEMBL3652231,O=C(NO)c1cnc(Nc2ccccc2Cl)nc1,6.2,1
CHEMBL4171350,CC[C@@H](C(=O)Nc1ccc(C(=O)Nc2ccc(F)cc2N)nc1)c1ccccc1,6.2,1
CHEMBL4227717,Cc1ccc(-c2cc(C(F)(F)F)nn2CCc2ccc(C(=O)NO)cc2)cc1,6.2,1
CHEMBL5194907,CCCNNC(=O)c1ccc(-c2ccc(CNC(C)=O)cc2)cc1,6.2,1
CHEMBL5647403,CCCNNC(=O)CCCCCCNC(=O)[C@H](CC(C)C)NC(=O)[C@@H](O)[C@H](N)Cc1ccccc1.Cl,6.2,1
CHEMBL1232461,CCNC(=O)C[C@@H]1N=C(c2ccc(Cl)cc2)c2cc(OC)ccc2-n2c(C)nnc21,6.2,1
CHEMBL5619510,CNC(=O)c1ccccc1Nc1nc(Nc2ccc(NC(=O)CCCCCCC(=O)NO)cc2)ncc1Cl,6.2,1
CHEMBL227120,CN(C)c1ccc(NC(=O)NCCCCCCC(=O)NO)cc1,6.19,1
CHEMBL437029,C[C@H]1CN(c2ccc(C(=O)Nc3cc(-c4ccccc4)ccc3N)cn2)CCN1C(=O)OCc1ccccc1,6.19,1
CHEMBL3925038,O=C(NO)c1cnc(NC2(c3ccccc3)CCN(S(=O)(=O)c3cccc(F)c3)CC2)nc1,6.19,1
CHEMBL3938587,Cc1ccc(S(=O)(=O)N2CCC(Nc3ncc(C(=O)NO)cn3)(c3ccccc3)CC2)cc1,6.19,1
CHEMBL4862173,O=C(O)CCCCCSc1nnc(-c2ccncc2)n1-c1ccccc1,6.19,1
CHEMBL6133569,O=C(NO)c1ccc(CN2C(=O)C3=C(CCN(Cc4cccc(Cl)c4)C3)N3CCN=C23)cc1,6.19,1
CHEMBL2347005,C[C@H]1C=C2C=C[C@H](C)[C@H](CC[C@@H]3C[C@@H](O[Si](C)(C)C(C)(C)C)CC(=O)O3)[C@H]2[C@@H](OC(=O)NCCCCCCC(=O)NO)C1,6.18,2
CHEMBL3593410,CCCCCCCC(=O)SCC/C=C/[C@@H]1CC(=O)NCc2cc(ccn2)C2=N[C@@](C)(CS2)C(=O)N[C@@H](C(C)C)C(=O)O1,6.18,1
CHEMBL3889717,COCCN(C)c1cc2ncc(C(=O)Nc3cc(-c4cccs4)ccc3N)cc2cc1C1CC1,6.18,1
CHEMBL4060953,CCOc1cc(NC(=O)CCCCCC(=O)Nc2cc(-c3ccccc3)ccc2N)cc2c1OCC([N+](=O)[O-])=C2,6.18,1
CHEMBL4459443,COc1ccc(S(=O)(=O)N2CCc3cccc(NCc4ccc(C(=O)Nc5ccccc5N)cc4)c32)cc1,6.18,1
CHEMBL4454484,O=C(CCCCCCCNC(=O)c1c(-c2ccc(O)cc2)sc2cc(O)ccc12)NO,6.18,1
CHEMBL4754717,CCOc1ncc(-c2cnc([C@H](CCCCCC(=O)CC)NC(=O)[C@H]3CC34CCN(C)CC4)[nH]2)cn1,6.18,2
CHEMBL5613741,CCCNNC(=O)/C=C/c1ccc(CN(CCc2c(C)[nH]c3ccccc23)Cc2cccc(Cl)c2F)cc1,6.18,1
CHEMBL487533,O=C(CCCCCCC(=O)Nc1ccc(-c2cn(Cc3ccccc3)nn2)cc1)NO,6.17,1
CHEMBL1957458,CCN1CCN(C(=O)NCc2ccc(C(=O)Nc3cc(-c4cccs4)ccc3N)cc2)C(=O)C1=O,6.17,2
CHEMBL2336043,CCCC(CCC)C(=O)N[C@H](COc1ccc(/C=C/C(=O)NO)cc1OC)Cc1c[nH]c2ccccc12,6.17,2
CHEMBL3585970,Cc1ccc(-c2noc(CCCCCCC(=O)Nc3ccccc3N)n2)cc1,6.17,1
CHEMBL3655955,Cc1cc(C(C)(C)Nc2ncc(C(=O)NO)cn2)ccc1F,6.17,1
CHEMBL3896998,Nc1ccc(-c2ccccc2)cc1NC(=O)c1ccc2c(c1)c(C1CC1)cn2CCN1CCOCC1,6.17,1
CHEMBL4543077,CN(C)c1cccc2c(S(=O)(=O)N(CC(=O)NCc3ccccc3)Cc3ccc(C(=O)Nc4ccccc4N)cc3)cccc12,6.17,1
CHEMBL96051,O=C(CCCCCN1C(=O)c2cccc3cccc(c23)C1=O)NO,6.16,1
CHEMBL2057824,[N-]=[N+]=Nc1ccc(C(=O)Nc2cc(-c3cccs3)ccc2N)cc1,6.16,3
CHEMBL3098692,O=C(CCCCC[C@H](NC(=O)C1CCCNC1=O)C(=O)Nc1ccccc1)NO,6.16,1
CHEMBL3655910,O=C(NO)c1cnc(Nc2cc(Cl)cc(OC(F)(F)F)c2)nc1,6.16,1
CHEMBL3673107,Cc1ccc2[nH]c(C(=O)NCc3ccc(C(=O)Nc4ccccc4N)cc3)cc2c1,6.16,2
CHEMBL4644575,COc1nc2ccccc2cc1-c1cnc([C@@H](N)CCCCCC(=O)c2cc[nH]n2)[nH]1,6.16,1
CHEMBL5171850,CCCNNC(=O)c1cnc(NCc2ccccc2)nc1,6.16,1
CHEMBL5279348,O=C(CCCCCCNCc1ccc(-c2ccccc2)s1)NO,6.16,1
CHEMBL6133389,Cc1c(F)c(N)cc(C(=O)Nc2cc(-c3ccc(C(=O)NCc4ccc(/C=C/C(=O)NO)cc4)cc3)ccc2N2CCN(C)CC2)c1Cl,6.16,1
CHEMBL3655939,O=C(NO)c1cnc(NCc2ccc(F)cc2C(F)(F)F)nc1,6.15,1
CHEMBL3655940,O=C(NO)c1cnc(NC23CC4CC(CC(C4)C2)C3)nc1,6.15,1
CHEMBL3978271,CCCc1nn(C)c2c(=O)[nH]c(-c3cc(NCC4CCN(c5ncc(C(=O)NO)cn5)CC4)ccc3OCC)nc12,6.15,1
CHEMBL5425203,COc1cc2c(cc1OC)C(=O)C(CC1CCN(Cc3ccc(NC(=O)CCCCCCC(=O)NO)cc3)CC1)C2,6.15,1
CHEMBL5612263,CCCNNC(=O)c1ccc(CN(CCC)CCC2c3ccccc3NC2C)cc1,6.15,1
CHEMBL541239,O=C(CCCCc1ccc(-c2ccccc2)cc1)NO,6.14,1
CHEMBL3585969,Nc1ccccc1NC(=O)CCCCCCc1nc(-c2ccccc2)no1,6.14,1
CHEMBL3655972,O=C(NO)c1cnc(NC2(c3ccccc3)CCOCC2)nc1,6.14,1
CHEMBL3655921,O=C(NO)c1cnc(NCc2ccccc2C(F)(F)F)nc1,6.14,1
CHEMBL3955253,CCOc1ccc(C[C@H]2C[C@@H](C(=O)NO)C2)cc1-c1nc2c(CC)nn(C)c2c(=O)[nH]1,6.14,1
CHEMBL4563723,O=C(NO)c1ccc(Cn2cc(Nc3ncc(Cl)c(Nc4ccc(F)cc4)n3)cn2)cc1,6.14,1
CHEMBL5415050,Nc1ccccc1NC(=O)c1ccc(CNC(=O)OC2CCN(C(=O)CCl)CC2)cc1,6.14,1
CHEMBL6132960,CCNNC(=O)c1ccc(CNC(=O)c2ccc(NC(=O)CCCCCCCNc3cc4c(cc3F)C(=O)N(C3CCC(=O)NC3=O)C4=O)cc2)cc1,6.14,1
CHEMBL1957463,Nc1ccc(-c2cccs2)cc1NC(=O)c1ccc(CN(CCO)Cc2ccc3c(c2)OCO3)cc1,6.13,1
CHEMBL3673104,Nc1ccccc1NC(=O)c1ccc(CNC(=O)c2cccc3ccccc23)cc1,6.13,2
CHEMBL4636534,N[C@@H](CCCCCC(=O)c1cocn1)c1ncc(-c2ccccc2F)[nH]1,6.13,1
CHEMBL4781354,Cc1c[nH]nc1Nc1nc(Cl)nc2c1ncn2Cc1ccc(C(=O)Nc2ccccc2N)cc1,6.13,1
CHEMBL5618301,CC(C)(C)c1nc(-c2cccc(NS(=O)(=O)c3c(F)cccc3F)c2F)c(-c2ccnc(NCCCCCCC(=O)NO)n2)s1,6.13,1
CHEMBL326433,O=C(CCCCCCCS)Nc1ccccc1,6.12,1
CHEMBL3655988,O=C(NO)c1cnc(NC2c3ccccc3-c3ccccc32)nc1,6.12,1
CHEMBL3670674,Nc1ccccc1NC(=O)c1ccc(CNC(=O)c2[nH]c(-c3ccsc3)cc2-c2ccc(O)cc2)cc1,6.12,1
CHEMBL4103874,CCOc1cc(NC(=O)CCCCCC(=O)Nc2ccccc2N)cc2c1OCC([N+](=O)[O-])=C2,6.12,1
CHEMBL4226489,O=C(NO)c1ccc(Cn2nc(-c3ccc(F)cc3)cc2Cc2ccccc2)cc1,6.12,1
CHEMBL4740328,Nc1ccccc1NC(=O)c1ccc(NC(=O)CCCCCCNC(=O)CNc2cccc3c2C(=O)N(C2CCC(=O)NC2=O)C3=O)cc1,6.12,1
CHEMBL4786504,COc1ccc(O)c(C(=O)NCCCC[C@H](NC(=O)c2cncs2)c2ncc(-c3ccc4ccccc4c3)[nH]2)c1,6.12,1
CHEMBL4781490,Nc1nc(Cl)c2ncn(Cc3ccc(C(=O)Nc4ccccc4N)cc3)c2n1,6.12,1
CHEMBL4851511,CCCC[C@H](NC(=O)C1CN(C)C1)c1ncc(-c2cc3ccccc3nc2OC)[nH]1,6.12,1
CHEMBL4870868,O=C(CCCCCONC(=O)c1nccc2ccccc12)NO,6.12,1
CHEMBL5564312,CC12CC3CC(C)(C1)CC(NC(=O)Nc1ccc(C(=O)NCCCCCC(=O)NO)cc1F)(C3)C2,6.12,1
CHEMBL1914702,[N-]=[N+]=NCc1cc(N=[N+]=[N-])cc(C(=O)Nc2ccc(-c3cc(C(=O)NCCCCCCC(=O)NO)no3)cc2)c1,6.11,1
CHEMBL2396901,CN(C)CCCNC(=O)c1cc(NC(=O)c2cc(NC(=O)c3cc(NC(=O)c4nc(NC(=O)CCCNC(=O)c5cc(NC(=O)c6cc(NC(=O)c7cc(NC(=O)c8nc(NC(=O)CCNC(=O)CCNC(=O)c9ccc(NC(=O)CCCCCCC(=O)NO)cc9)cn8C)cn7C)cn6C)cn5C)cn4C)cn3C)cn2C)cn1C,6.11,1
CHEMBL3910638,O=C(NO)c1cnc(NC2(c3ccccc3)CCN(S(=O)(=O)c3ccc(C(F)(F)F)cc3)CC2)nc1,6.11,1
CHEMBL4460434,Nc1ccccc1NC(=O)c1ccc(CN(CC(=O)NCc2ccccc2)C(=O)c2cccnc2)cc1,6.11,1
CHEMBL5189365,Cc1cc(C)c(CNC(=O)c2cc(-c3ccc(N4CCN(c5ncc(C(=O)NO)cn5)CC4)nc3)cc3c2cnn3C(C)C)c(=O)[nH]1,6.11,1
CHEMBL5612403,CCCNNC(=O)/C=C/c1ccc(CN(CCC)C(=O)c2cc3ccccc3s2)cc1,6.11,1
CHEMBL1631916,COc1cc2cc(c1)COc1ccccc1NC(=O)C(CCCCCC(=O)NO)OCCC2,6.1,1
CHEMBL1643315,Nc1ccccc1NC(=O)/C=C/c1ccc(C(NCCC2CCOCC2)C(=O)Nc2ccc(C(F)(F)F)cc2)cc1,6.1,1
CHEMBL1957459,CN1CCN(C(=O)NCc2ccc(C(=O)Nc3cc(-c4cccs4)ccc3N)cc2)CC1,6.1,1
CHEMBL3233708,Cl.O=C(/C=C/c1ccc(OC[C@H](Cc2c[nH]c3ccccc23)NCc2ccc(Cl)cc2)cc1)NO,6.1,1
CHEMBL3979782,Nc1ccc(-c2ccccc2)cc1NC(=O)c1cnc2c(C3CC3)c(N3CCOCC3)ccc2c1,6.1,1
CHEMBL4217166,CCCc1nn(C)c2c(=O)[nH]c(-c3cc(C(=O)c4ccc(C(=O)NO)s4)ccc3OCC)nc12,6.1,1
CHEMBL325041,CC(C)C[C@H](NC(=O)[C@H](Cc1ccccc1)NC(=O)c1cnccn1)B(O)O,6.1,1
CHEMBL4761444,CCCCNNC(=O)c1ccc(-c2ccccc2)cc1,6.1,4
CHEMBL5266442,Cc1cc(CNCCCCCCC(=O)NO)ccc1F,6.1,1
CHEMBL5562739,Cc1ccccc1N(CC(=O)NC1CCCCC1)C(=O)Cc1ccc(C(=O)NO)cc1F,6.1,1
CHEMBL5567303,CC12CC3CC(C)(C1)CC(NC(=O)Nc1ccc(C(=O)NCCCCCCC(=O)NO)cc1)(C3)C2,6.1,1
CHEMBL556532,O=C(/C=C/c1ccc(-c2ccccc2)cc1)NO,6.09,3
CHEMBL3655912,O=C(NO)c1cnc(Nc2cccc(N3CCOCC3)c2)nc1,6.09,1
CHEMBL3664026,CN1CCN(c2ccc3cc(C(=O)Nc4ccc(F)cc4N)cnc3c2C2CC2)CC1,6.09,1
CHEMBL3655941,O=C(NO)c1cnc(NCCc2ccccc2-c2ccccc2)nc1,6.09,1
CHEMBL3892427,CCON1CCC(Nc2ncc(C(=O)NO)cn2)(C(C)C)CC1,6.09,1
CHEMBL4573804,COc1cccc(CNCc2ccc(/C=C/C(=O)NO)cc2)c1,6.09,1
CHEMBL5560082,Cc1ncsc1-c1ccc(CNC[C@H]2C[C@@H](O)CN2C(=O)[C@@H](NC(=O)COCCCCCCCCCOCC(=O)Nc2ccc(C(=O)Nc3ccccc3N)cc2)C(C)(C)C)cc1,6.09,1
CHEMBL449493,O=C(N[C@@H](CCCCCB(O)O)C(=O)Nc1cccc(-c2ccccc2)c1)c1cccnc1,6.08,1
CHEMBL3593406,CCCCCCCC(=O)SCC/C=C/[C@@H]1CC(=O)NCc2nc(cs2)C2=N[C@@](C)(CS2)C(=O)N[C@@H](C(C)C)C(=O)N1,6.08,1
CHEMBL3655980,O=C(NO)c1cnc(NC2CCCCC2)nc1,6.08,1
CHEMBL3673098,Nc1ccccc1NC(=O)c1ccc(CNC(=O)c2cc3ccccc3[nH]2)cc1,6.08,2
CHEMBL3673101,Nc1ccc(F)cc1NC(=O)c1ccc(CNC(=O)c2cc3ccccc3o2)cc1,6.08,2
CHEMBL3673106,Nc1ccc(F)cc1NC(=O)c1ccc(CNC(=O)c2cccc3ccccc23)cc1,6.08,2
CHEMBL3673113,CC(=O)c1ccc2[nH]c(C(=O)NCc3ccc(C(=O)Nc4ccccc4N)cc3)cc2c1,6.08,2
CHEMBL3947383,O=C(NO)c1cnc(NC2(c3ccccc3)CCN(S(=O)(=O)c3ccccc3)CC2)nc1,6.08,1
CHEMBL3903253,O=C(NO)c1cnc(NC2(c3cccc(F)c3)CCC3(CC2)OCCO3)nc1,6.08,3
CHEMBL4095143,CCOc1cc(NC(=O)CCCCCCC(=O)Nc2cc(-c3ccccc3)ccc2N)cc2c1OCC([N+](=O)[O-])=C2,6.08,1
CHEMBL5271493,COc1ccc(/C=C2\SC(=O)N(CCNC(=O)Nc3c(C)n(C)n(-c4ccccc4)c3=O)C2=O)cc1,6.08,1
CHEMBL5563748,COc1ccc(/C=C/C(=O)c2ccc(Br)c3c2OC(C)(C)C=C3)cc1OCC(=O)NO,6.08,1
CHEMBL3394281,COc1ccc(/C=C/C(=O)NO)cc1,6.08,1
CHEMBL3885367,COc1ccc2c(c1)c(CC(=O)NCCCCCCC(=O)NO)c(C)n2C(=O)c1ccc(Cl)cc1,6.07,1
CHEMBL4532304,O=C(CCCCCN1C(=O)c2cccc3c(NCc4ccccc4)ccc(c23)C1=O)NO,6.07,1
CHEMBL4547886,Cc1cc(-c2nc3sc4c(c3c(=O)[nH]2)CCN(C)C4)cc(C)c1OCc1cccc(C(=O)Nc2ccccc2N)c1,6.07,1
CHEMBL5185636,N#Cc1cccnc1N1CCN(C(=O)[C@H]2C[C@@H](c3cccc(Cl)c3)CN2)CC1,6.07,1
CHEMBL4636049,C[C@H]1COc2c(N3CCN(C)CC3)c(F)cc3c(=O)c(C(=O)NCc4cn(CCCCCC(=O)NO)nn4)cn1c23,6.07,1
CHEMBL6074605,C=C1C(=O)O[C@@H]2C[C@@]3(C)CC[C@@H](OC(=O)[C@H](C)NC(=O)c4ccc(C(=O)NO)cc4)C(=C)[C@@H]3C[C@H]12,6.07,1
CHEMBL6162777,CCNNC(=O)c1ccc(CNC(=O)c2ccc(NC(=O)COCCOCCNc3cc4c(cc3F)C(=O)N(C3CCC(=O)NC3=O)C4=O)cc2)cc1,6.07,1
CHEMBL406927,COc1ccc2[nH]c(C)c(CC(=O)N[C@@H](CCCCCC(C)=O)c3nc4ccc(Cl)cc4[nH]3)c2c1,6.06,1
CHEMBL518957,O=C(NO)c1ccc(CN2c3ccccc3NC(=O)[C@H]2Cc2cccs2)cc1,6.06,1
CHEMBL1957464,Nc1ccc(-c2cccs2)cc1NC(=O)c1ccc(CNC(=O)N2CCOCC2)cc1,6.06,1
CHEMBL3354913,COc1ccc(C(=O)N[C@H](COc2cccc(/C=C/C(=O)NO)c2)Cc2c[nH]c3ccccc23)cc1,6.06,1
CHEMBL3944941,O=C(NO)c1cnc(NC2(c3cc(F)cc(F)c3)CCCCC2)nc1,6.06,3
CHEMBL4551095,CCOC(=O)Nc1cccc(-c2csc(NC(=O)CCCCCC(=O)Nc3ccccc3N)n2)c1,6.06,1
CHEMBL5562418,CCCCNNC(=O)c1ccc(N(C)C)cc1,6.06,2
CHEMBL6175332,CN(C)c1ccc(C(=O)N(CC(=O)NCc2ccccc2)Cc2ccc(C(=O)NNCCCc3ccccc3)cc2)cc1,6.06,1
CHEMBL141909,O=CN(O)CCCCCCCC(=O)Nc1ccc2ccccc2c1,6.05,1
CHEMBL236061,COc1ccc(C(=O)Nc2ccccc2N)cc1,6.05,1
CHEMBL255805,Nc1ccc(-c2ccccc2)cc1NC(=O)c1cccnc1,6.05,1
CHEMBL2312168,Cc1cc(C)cc(C(=O)NOCCCCCC(=O)NO)c1,6.05,1
CHEMBL2347011,C[C@H]1C=C2C=C[C@H](C)[C@H](CC[C@@H]3C[C@@H](O[Si](C)(C)C(C)(C)C)CC(=O)O3)[C@H]2[C@@H](OC(=O)NCc2ccc(-c3cn(CCCCCCC(=O)NO)nn3)cc2)C1,6.05,2
CHEMBL3675763,COc1ccc(N(CCCCCCC(=O)NO)c2ccccn2)nc1,6.05,1
CHEMBL3704923,C#Cc1ccc(CNC(=O)O[C@H]2C[C@@H](C)C=C3C=C[C@H](C)[C@H](CC[C@@H]4C[C@@H](O[Si](C)(C)C(C)(C)C)CC(=O)O4)[C@H]32)cc1,6.05,1
CHEMBL3655991,COc1ccc(C2(Nc3ncc(C(=O)NO)cn3)CCCCC2)cc1,6.05,1
CHEMBL4227275,O=C(CCCCNC(=O)c1cc(-c2ccc(F)cc2)[nH]n1)NO,6.05,1
CHEMBL4278948,CCN(Cc1ccncc1)C(=S)SCc1ccc(C(=O)Nc2ccccc2N)cc1,6.05,1
CHEMBL2407737,Nc1ccccc1NC(=O)c1ccc(CSC2=N[C@@H](Cc3c[nH]c4ccccc34)CS2)cc1,6.04,1
CHEMBL3585987,O=C(CCCCCCc1nc(-c2cccc([N+](=O)[O-])c2)no1)C(F)(F)F,6.04,1
CHEMBL3655948,CC(C)(Nc1ncc(C(=O)NO)cn1)c1ccccc1F,6.04,1
CHEMBL3670664,COc1ccc(-c2cc(-c3ccccc3)[nH]c2C(=O)Nc2cccc(CC(=O)NO)c2)cc1,6.04,1
CHEMBL3673105,Nc1cnccc1NC(=O)c1ccc(CNC(=O)c2cccc3ccccc23)cc1,6.04,2
CHEMBL4102988,COc1ccc(C(=O)N[C@@H](Cc2c[nH]c3ccccc23)C(=O)NCCCCCC(=O)Nc2ccc(F)cc2N)cc1,6.04,1
CHEMBL4213341,Cc1c2ccc(N(C)c3ccnc(Nc4ccc(C(=O)Nc5ccccc5N)cc4)n3)cc2nn1C,6.04,1
CHEMBL4228699,Cc1ccc(-c2cc(C(F)(F)F)nn2-c2ccc(C(=O)NO)cc2)cc1,6.04,1
CHEMBL5195924,CCNNC(=O)c1ccc(Cn2ccc3cc(C(=O)c4ccc(OC)cc4)ccc32)cc1,6.04,1
CHEMBL5190825,CCCNNC(=O)c1cnc(NCc2ccc(CNC(C)=O)cc2)nc1,6.04,1
CHEMBL5289084,Cc1ccc2c(c1)/C(=N\O)C(=O)N2CCCC(=O)NO,6.04,1
CHEMBL5266796,O=C(CCCn1cc(CN2C(=O)/C(=N\O)c3cc(F)ccc32)nn1)NO,6.04,1
CHEMBL5279416,O=C(CCCn1cc(CN2C(=O)/C(=N\O)c3cc(Br)ccc32)nn1)NO,6.04,1
CHEMBL2312167,Cc1ccc(C(=O)NOCCCCCC(=O)NO)cc1C,6.03,1
CHEMBL1173445,CCCCCCCC(=O)SCC/C=C/[C@@H]1CC(=O)NCc2nc(cs2)C2=N[C@@](C)(CS2)C(=O)N[C@@H](C(C)C)C(=O)O1,6.03,6
CHEMBL3655908,O=C(NO)c1cnc(Nc2cc(Cl)cc(C(F)(F)F)c2)nc1,6.03,1
CHEMBL3883830,Cc1ccc(-c2cc(C(F)(F)F)nn2-c2ccc(S(=O)(=O)NCCCCCCCC(=O)NO)cc2)cc1,6.03,1
CHEMBL4469317,COc1ccc(CNCc2ccc(/C=C/C(=O)NO)cc2)cc1,6.03,1
CHEMBL5075646,O=C(NO)c1ccc(/C=C/c2ccnc(-c3ccccc3O)c2)cc1,6.03,1
CHEMBL5187930,CCCNNC(=O)c1ccc(NC(=O)Cc2ccccc2)cc1,6.03,1
CHEMBL5612950,CCCNNC(=O)c1ccc(CN(Cc2ccccc2)C(=O)c2cc3ccccc3s2)cc1,6.03,1
CHEMBL5647441,CCCNNC(=O)c1ccc(CNC(=O)[C@H]2CCCN2C(=O)[C@H](CC(C)C)NC(=O)[C@@H](O)[C@H](N)Cc2ccccc2)cc1.Cl,6.03,1
CHEMBL3098687,O=C(CCCCC[C@H](NC(=O)[C@@H]1CCCC(=O)N1)C(=O)NCCc1ccccc1)NO,6.02,1
CHEMBL4516302,COc1cccc(CNCc2ccc(/C=C/C(=O)NO)cc2)c1OC,6.02,1
CHEMBL4740945,Cc1noc(C)c1-c1ccc2c(c1)c(CCc1ccc(F)cc1)cn2CCCCCC(=O)NO,6.02,1
CHEMBL3655947,CC(C)(Nc1ncc(C(=O)NO)cn1)c1ccc(F)cc1F,6.01,1
CHEMBL3655952,CC(C)(Nc1ncc(C(=O)NO)cn1)c1cccc(F)c1,6.01,1
CHEMBL3655965,O=C(NO)c1cnc(NC2(c3ccccc3)CCCC2)nc1,6.01,1
CHEMBL3673115,Nc1cnccc1NC(=O)c1ccc(CNC(=O)c2cc3ccccc3s2)cc1,6.01,2
CHEMBL3906837,O=C(NO)c1cnc(NC2(c3ccccc3)CCN(C(=O)OCc3ccccc3)CC2)nc1,6.01,1
CHEMBL3892568,O=C(NO)c1cnc(NC2(c3ccccc3)CCN(S(=O)(=O)c3ccc(Cl)cc3)CC2)nc1,6.01,1
CHEMBL4077893,CN(C)Cc1cn(S(=O)(=O)c2ccc(/C=C/C(=O)NO)cc2)c2ccccc12,6.01,1
CHEMBL4760412,Nc1ccccc1NC(=O)c1ccc(NC(=O)CCCCCNc2cccc3c2C(=O)N(C2CCC(=O)NC2=O)C3=O)cc1,6.01,1
CHEMBL6165309,CCNNC(=O)c1ccc(CNC(=O)c2ccc(OCc3cn(CCOCCNc4cc5c(cc4F)C(=O)N(C4CCC(=O)NC4=O)C5=O)nn3)cc2)cc1,6.01,1
CHEMBL1914708,[N-]=[N+]=NCc1cc(Cn2cc(NC(=O)CCCCCCC(=O)NO)cn2)cc(N=[N+]=[N-])c1,6.0,1
CHEMBL2057820,[N-]=[N+]=Nc1cccc(COC(=O)NCc2ccc(C(=O)Nc3cc(-c4ccccc4)ccc3N)cc2)c1,6.0,3
CHEMBL2057822,[N-]=[N+]=NCc1cc(COC(=O)NCc2ccc(C(=O)Nc3cc(-c4cccs4)ccc3N)cc2)cc(N=[N+]=[N-])c1,6.0,3
CHEMBL4172420,COc1cc2ccn(CCCCOc3cccc(NC(=O)CCCCCCC(=O)NO)c3)c2c(OC)c1OC,6.0,1
CHEMBL4540416,O=C(/C=C/c1ccc(Cn2cc(Nc3ncc(Cl)c(Nc4ccc(F)cc4)n3)cn2)cc1)NO,6.0,1
CHEMBL4571280,COc1ccc(CNCc2ccc(/C=C/C(=O)NO)cc2)c(OC)c1,6.0,1
CHEMBL4763420,Nc1ccccc1NC(=O)c1ccc(NC(=O)CCCCNc2cccc3c2C(=O)N(C2CCC(=O)NC2=O)C3=O)cc1,6.0,1
CHEMBL5281688,O=C(NO)c1cn(C2CCN(C(=O)Cc3ccc4ccccc4c3)CC2)nn1,6.0,1
CHEMBL3426903,O=C(/C=C/c1ccc(Oc2no[n+]([O-])c2S(=O)(=O)c2ccccc2)cc1)NO,6.0,1
CHEMBL1095096,Nc1ccc(-c2ccncc2)cc1NC(=O)c1ccccc1,5.99,2
CHEMBL3655951,CC(C)(Nc1ncc(C(=O)NO)cn1)c1ccc(C(F)(F)F)cc1,5.99,1
CHEMBL5430740,O=C(NO)c1ccc(Cn2ccc3cc(C(=O)NCC45C[C@H]6C[C@@H](C4)C[C@@H](C5)C6)ccc32)c(F)c1,5.99,1
CHEMBL235191,CC(=O)Nc1ccc(C(=O)Nc2ccccc2N)cc1,5.98,10
CHEMBL468841,Nc1ccc(-c2cc(C(=O)NCCCCC(=O)NO)no2)cc1,5.98,1
CHEMBL2057823,[N-]=[N+]=Nc1ccc(C(=O)Nc2cc(-c3ccccc3)ccc2N)cc1,5.98,3
CHEMBL2333344,O=C(NO)C1=CCCCC1,5.98,1
CHEMBL3585980,O=C(CCCCCCc1nc(-c2ccccc2)no1)C(F)(F)F,5.98,1
CHEMBL3621537,O=C(NO)N/C=C/c1ccc(-c2ccccc2)cc1,5.98,1
CHEMBL4086671,CN(C)C(=O)c1cn(Cc2ccc(/C=C/C(=O)NO)cc2)c2ccccc12,5.98,1
CHEMBL5275184,CCCCNNC(=O)c1ccc(C(C)(C)C)cc1,5.98,1
CHEMBL4466520,COc1cccc(OC)c1CNCc1ccc(/C=C/C(=O)NO)cc1,5.97,1
CHEMBL4854752,O=C(NO)c1ccc(CN2C(=O)CN(Cc3ccc(Cl)cc3)C2=O)cc1,5.97,1
CHEMBL5613057,CCCNNC(=O)c1ccc(CN(CCC2c3ccccc3NC2C)CC2CC2)cc1,5.97,1
CHEMBL564916,Nc1ccccc1NC(=O)CCCCCC(c1c[nH]c2ccccc12)c1c[nH]c2ccccc12,5.96,1
CHEMBL2057821,[N-]=[N+]=NCc1cc(COC(=O)NCc2ccc(C(=O)Nc3cc(-c4ccccc4)ccc3N)cc2)cc(N=[N+]=[N-])c1,5.96,3
CHEMBL3639548,CC(C)(Nc1ncc(C(=O)NO)cn1)c1ccc(F)cc1,5.96,1
CHEMBL3664036,Nc1ccc(F)cc1NC(=O)c1ccc2nc(N3CCNCC3)cnc2c1,5.96,1
CHEMBL3894825,CC1(C)C(=O)N(c2ccc(C#N)c(C(F)(F)F)c2)C(=S)N1c1ccc(C(=O)OCCCCCC(=O)NO)c(F)c1,5.96,1
CHEMBL4160753,CC(C)[C@@H](C(=O)Nc1ccc(C(=O)Nc2ccc(F)cc2N)nc1)c1ccccc1,5.96,1
CHEMBL4173137,Nc1cc(F)ccc1NC(=O)c1ccc(NC(=O)CCc2ccccc2)cc1,5.96,1
CHEMBL4212445,CCCc1nn(C)c2c(=O)[nH]c(-c3cc(C(O)c4ccc(C(=O)NO)cc4)ccc3OCC)nc12,5.96,1
CHEMBL4207538,CCCc1nn(C)c2c(=O)[nH]c(-c3cc(C(OC)c4ccc(C(=O)NO)cc4)ccc3OCC)nc12,5.96,1
CHEMBL4545091,CC(C)(C)OC(=O)Nc1cccc(-c2csc(NC(=O)CCCCCC(=O)Nc3ccccc3N)n2)c1,5.96,1
CHEMBL4862510,NC(=O)c1ccc2c(c1)N(Cc1ccc(C(=O)NO)cc1)c1ccccc1S2,5.96,1
CHEMBL5185205,CCCCNNC(=O)c1ccc(-c2ccc(CNC(C)=O)cc2)cc1,5.96,1
CHEMBL5171086,CCCNNC(=O)c1cnc(N2CCN(Cc3c[nH]c4ccccc34)CC2)nc1,5.96,1
CHEMBL5631367,Nc1ccccc1NC(=O)c1ccc(NC(=O)Cc2ccc(N3Cc4ccc(O)cc4OC3=O)cc2)cc1,5.96,1
CHEMBL2396902,CN(C)CCCNC(=O)c1cc(NC(=O)c2cc(NC(=O)c3cc(NC(=O)c4nc(NC(=O)CCCNC(=O)c5cc(NC(=O)c6cc(NC(=O)c7cc(NC(=O)c8nc(NC(=O)CCNC(=O)CCNC(=O)CCCCCCC(=O)NO)cn8C)cn7C)cn6C)cn5C)cn4C)cn3C)cn2C)cn1C,5.95,1
CHEMBL4102147,CN(C)Cc1cn(Cc2ccc(/C=C/C(=O)NO)cc2)c2ccccc12,5.95,1
CHEMBL4554522,COc1ccc(CN2CCC(Nc3nc(Nc4ccc(NC(=O)CCCCCCC(=O)NO)cc4)nc4cc(OC)c(OC)cc34)CC2)cc1,5.95,1
CHEMBL4283683,Cn1cc(-c2ccc(S(=O)(=O)n3ccc(/C=C/C(=O)Nc4ccccc4N)c3)cc2)cn1,5.95,9
CHEMBL561209,COc1ccc(-c2ccc(/C=C/C(=O)NO)cc2)cc1,5.94,2
CHEMBL2047617,O=C(/C=C\c1cn(-c2ccccc2)nc1-c1ccc([N+](=O)[O-])cc1)Nc1ccccc1,5.94,1
CHEMBL2047620,COc1ccc(NC(=O)/C=C\c2cn(-c3ccccc3)nc2-c2ccc([N+](=O)[O-])cc2)cc1,5.94,1
CHEMBL3262727,O=C(/C=C/c1cccc(S(=O)(=O)n2ccc3cccnc32)c1)NO,5.94,2
CHEMBL3675761,Cc1ccc(N(CCCCCCC(=O)NO)c2ccccn2)nc1,5.94,1
CHEMBL3673100,Nc1ccccc1NC(=O)c1ccc(CNC(=O)c2cc3ccccc3o2)cc1,5.94,2
CHEMBL4293858,CC(=O)Nc1ccc(C(=O)Nc2ccc(F)cc2N)cc1,5.94,5
CHEMBL4790853,Nc1nc(Cl)c2ccn(Cc3ccc(C(=O)Nc4cc(F)ccc4N)cc3)c2n1,5.94,1
CHEMBL5191354,COc1cc([C@@H]2c3cc4c(cc3C[C@H]3COC(=O)[C@@H]32)OCO4)cc(OC)c1OC(=O)CC(=O)Nc1ccc(C(=O)Nc2ccccc2N)cc1,5.94,2
CHEMBL5191350,C#CCN(C)CCCOc1cc(NCc2ccc(/C=C/C(=O)NO)cc2)ccc1Cl,5.94,1
CHEMBL5631734,Nc1ccccc1NC(=O)CCCCCOc1no[n+]([O-])c1S(=O)(=O)c1ccccc1,5.94,1
CHEMBL3585958,O=C(CCCCCCc1nc(-c2ccccc2)no1)NO,5.93,1
CHEMBL3655981,O=C(NO)c1cnc(NC2CCOCC2)nc1,5.93,1
CHEMBL324053,Nc1ccccc1NC(=O)CCCCCCC(=O)Nc1ccccc1,5.93,6
CHEMBL5557041,CCCNNC(=O)c1ccc(CNC(=O)CCCCCCNC(=O)/C=C/c2cccnc2)cc1,5.93,1
CHEMBL6188533,O=C(Nc1ccc(CNC(=O)c2cc(F)ccc2N2CCCC2)cc1)OCc1cccnc1,5.93,1
CHEMBL538713,O=C(/C=C/c1ccc(-c2ccc3[nH]ccc3c2)cc1)NO,5.92,1
CHEMBL552750,N#Cc1ccc(-c2ccc(/C=C/C=C/C(=O)NO)cc2)cc1,5.92,1
CHEMBL2170017,CCC(=O)CCCCC[C@@H]1NC(=O)[C@H](CCCNC(=N)N)NC(=O)CCN(CC=C(C)C)C(=O)CN(CCc2c[nH]c3ccccc23)C1=O,5.92,1
CHEMBL2387320,O=C(CCCCCCC(=O)NC[C@H]1O[C@@H]2O[C@H]3[C@H](O)[C@@H](O)[C@@H](O[C@H]4[C@H](O)[C@@H](O)[C@@H](O[C@H]5[C@H](O)[C@@H](O)[C@@H](O[C@H]6[C@H](O)[C@@H](O)[C@@H](O[C@H]7[C@H](O)[C@@H](O)[C@@H](O[C@H]8[C@H](O)[C@@H](O)[C@@H](O[C@H]1[C@H](O)[C@H]2O)O[C@@H]8CO)O[C@@H]7CO)O[C@@H]6CO)O[C@@H]5CO)O[C@@H]4CO)O[C@@H]3CO)NO,5.92,1
CHEMBL3670666,COc1ccc(-c2cc(-c3ccccc3)[nH]c2C(=O)NCc2ccc(C(=O)Nc3ccccc3N)cc2)cc1,5.92,2
CHEMBL3896374,Nc1cnc(-c2ccccc2)cc1NC(=O)c1cnc2cc(N3CCNCC3)ccc2c1,5.92,1
CHEMBL3980731,COCCN(C)c1cc2ncc(C(=O)Nc3cc(-c4ccccc4)ccc3N)cc2cc1C1CC1,5.92,1
CHEMBL4172270,CC[C@@H](C(=O)Nc1ccc(C(=O)Nc2ccc(F)cc2N)cc1)c1ccccc1,5.92,1
CHEMBL4227770,Cc1ccc(-c2cc(C(F)(F)F)nn2Cc2ccc(C(=O)NO)cc2)cc1,5.92,1
CHEMBL4514330,CC(C)c1cc(C(=O)N(C)c2ccc(NC(=O)CCCCCCC(=O)NO)cc2)c(O)cc1O,5.92,1
CHEMBL4758471,Nc1ccccc1NC(=O)c1ccc(NC(=O)CCCNc2cccc3c2C(=O)N(C2CCC(=O)NC2=O)C3=O)cc1,5.92,1
CHEMBL5170140,C#Cc1nc(/C=C/C=C/C(=O)NO)cs1,5.92,1
CHEMBL5188941,CCNNC(=O)c1ccc(Cn2c(=O)n(CCc3ccccc3)c(=O)c3ccccc32)cc1,5.92,1
CHEMBL5198617,CCCCCCNNC(=O)c1cnc(N2CCN(CCc3cn(C)c4ccccc34)CC2)nc1,5.92,1
CHEMBL5632156,Nc1ccccc1NC(=O)CCCCCCCOc1no[n+]([O-])c1S(=O)(=O)c1ccccc1,5.92,1
CHEMBL5859614,CCCCNNC(=O)c1ccc(-c2cc(C)cc(F)c2)cc1,5.92,1
CHEMBL2425960,O=C(/C=C/c1ccc2c(=O)n(CCc3ccccc3)cnc2c1)NO,5.91,1
CHEMBL3593414,CCCCCCCC(=O)SCC/C=C/[C@@H]1CC(=O)NCc2cc(ccn2)C2=N[C@@](C)(CS2)C(=O)N[C@@H](C(C)C)C(=O)N1,5.91,1
CHEMBL3982024,CCOc1ccc(C[C@H]2C[C@H](C(=O)NO)C2)cc1-c1nc2c(CC)nn(C)c2c(=O)[nH]1,5.91,1
CHEMBL4440413,CN(C)c1ccc(C(=O)N(CCCCCC(=O)Nc2ccccc2N)CC(=O)NCc2ccccc2)cc1,5.91,1
CHEMBL4445342,CC[C@H](Nc1ncnc2[nH]cnc12)c1nc2cccc(CCCCC(=O)NO)c2c(=O)n1-c1ccccc1,5.91,1
CHEMBL178456,O=C(CS)NCCCCCC(=O)Nc1cccc2cccnc12,5.9,3
CHEMBL3585964,O=C(CCCCCCc1nc(-c2ccccc2Cl)no1)NO,5.9,1
CHEMBL4104052,Cc1c(CN(C)C)c2ccccc2n1S(=O)(=O)c1ccc(/C=C/C(=O)NO)cc1,5.9,1
CHEMBL4211776,Cc1c2ccc(N(C)c3ccnc(Nc4ccc(C(=O)NCCCCCCCC(=O)Nc5ccccc5N)cc4)n3)cc2nn1C,5.9,1
CHEMBL4208487,CCCc1nc(C)c2c(=O)[nH]c(-c3cc(CC4CC(C(=O)NO)C4)ccc3OCC)nn12,5.9,1
CHEMBL4518387,COc1cc(CNCc2ccc(/C=C/C(=O)NO)cc2)cc(OC)c1,5.9,1
CHEMBL5172893,C[C@H]1CN(Cc2ccc(/C=C/C(=O)NO)cc2)C[C@@H]1c1nc2c(cnn2C2CCOCC2)c(=O)[nH]1,5.9,1
CHEMBL5205415,O=C(/C=C/c1ccc(CNc2ccc3nc4n(c(=O)c3c2)CCCCC4)cc1)NO,5.9,1
CHEMBL5839766,Nc1ccc(-c2ccc(F)cc2F)nc1NC(=O)N1Cc2nn(C3COC3)nc2C1,5.9,1
CHEMBL6164524,C[C@@H]1CN(Cc2ccc(CC(=O)CNO)cc2)C[C@H]1c1nc2c(cnn2C2CCOCC2)c(=O)[nH]1,5.9,1
CHEMBL2436596,CC(C)[C@@H]1NC(=O)[C@]2(C)CSC(=N2)c2coc(n2)CNC(=O)C[C@@H](/C=C/CCSSCC/C=C/[C@@H]2CC(=O)NCc3nc(co3)C3=N[C@@](C)(CS3)C(=O)N[C@@H](C(C)C)C(=O)O2)OC1=O,5.89,1
CHEMBL3655963,CC(C)(Nc1ncc(C(=O)NO)cn1)c1ccc(C(F)(F)F)cc1F,5.89,1
CHEMBL3827766,Nc1ccc(-c2ccc(F)cc2)cc1NC(=O)[C@H]1CCCCO1,5.89,1
CHEMBL3673103,Nc1ccc(-c2ccco2)cc1NC(=O)c1ccc(CNC(=O)c2nc3ccccc3[nH]2)cc1,5.89,2
CHEMBL4075124,CCOc1cc(NC(=O)CCCCCNC(=O)[C@H](N)Cc2ccccc2)cc2c1OCC([N+](=O)[O-])=C2,5.89,1
CHEMBL4086409,CCCCC(CCCC(=O)NO)CCC(=O)Nc1ccccc1,5.89,1
CHEMBL4159897,Nc1cc(F)ccc1NC(=O)c1ccc(NC(=O)Cc2ccc(C(F)(F)F)cc2)cc1,5.89,1
CHEMBL4580907,CCCNNC(=O)/C=C/c1ccc(CN(CCc2c(C)[nH]c3ccccc23)C(=O)OC(C)(C)C)cc1,5.89,1
CHEMBL4438474,Nc1ccccc1NC(=O)CCCCCNc1ccccc1,5.89,1
CHEMBL4533192,O=C(CCCCCCNC(=O)c1c(-c2ccc(O)cc2)sc2cc(O)ccc12)NO,5.89,2
CHEMBL4639586,COc1nc2ccccc2cc1-c1cnc([C@@H](N)CCCCCC(=O)c2cnoc2C)[nH]1,5.89,1
CHEMBL4854089,C=CCn1c(SCc2ccc(C(=O)Nc3ccccc3N)cc2)nnc1-c1ccncc1,5.89,1
CHEMBL3925737,CCCc1nn(C)c2c(=O)[nH]c(-c3cc(S(=O)(=O)Nc4ccc(/C=C/C(=O)NO)cc4)ccc3OCC)nc12,5.88,1
CHEMBL4636226,COc1ccc(-c2ccc3nc(/C=C/C(=O)NO)ccc3c2)cc1,5.88,1
CHEMBL4633299,Cc1cc(C)c(CNC(=O)c2cc(C)n(-c3cccc(NC(=O)CCCCCCC(=O)NO)c3)c2C)c(=O)[nH]1,5.88,2
CHEMBL3664038,Nc1ccc(F)cc1NC(=O)c1ccc2nc(N3CCNCC3)ccc2c1,5.87,1
CHEMBL3884552,COC(=O)Cc1c(C)n(Cc2ccc(-c3cn(CCCCCC(=O)NO)nn3)cc2)c2ccc(OC)cc12,5.87,1
CHEMBL4073888,Cc1c(CN(C)C)c2ccccc2n1S(=O)(=O)c1cccc(/C=C/C(=O)NO)c1,5.87,1
CHEMBL4515793,CCCN(CCC)NC(=O)/C=C/c1ccc(CNCCc2c(C)[nH]c3ccccc23)cc1.O=C(O)C(F)(F)F,5.87,1
CHEMBL5592524,CC12CC3CC(C)(C1)CC(NC(=O)Nc1ccc(C(=O)NCCCCCCC(=O)NO)cc1F)(C3)C2,5.87,1
CHEMBL2312164,Cc1cccc(C(=O)NOCCCCCC(=O)NO)c1,5.86,1
CHEMBL5954789,O=C(NO)c1ccc(NC(=O)c2[nH]c(-c3ccccc3)cc2-c2ccc(O)cc2)cc1,5.86,1
CHEMBL3652235,O=C(NO)c1cnc(Nc2cc(C(F)(F)F)cc(C(F)(F)F)c2)nc1,5.86,1
CHEMBL4848392,CCC(=O)CCCCC[C@@H]1NC(=O)C2CCN2CCCCCCOc2ccccc2-c2cnc1[nH]2,5.86,2
CHEMBL343717,O=CN(O)CCCCCNC(=O)c1ccc2ccccc2c1,5.85,1
CHEMBL4093691,COc1ccc2c(C(=O)c3cc(OC)c(OC)c(OC)c3)cn(Cc3ccc(C(=O)NO)cc3)c2c1,5.85,1
CHEMBL4568644,O=C(CCCCn1cc(Nc2ncc(Cl)c(Nc3ccc(F)cc3)n2)cn1)NO,5.85,1
CHEMBL4572172,Nc1ccccc1NC(=O)c1ccc(CNc2ccccc2)cc1,5.85,1
CHEMBL4868119,C=CCn1c(SCCCCCC(=O)Nc2ccccc2N)nnc1-c1ccncc1,5.85,1
CHEMBL5199993,CCCCCCNNC(=O)c1cnc(N2CCN(CCc3c[nH]c4ccccc34)CC2)nc1,5.85,1
CHEMBL5423994,COc1cc2c(cc1OC)C(=O)C(CC1CCN(Cc3cccc(NC(=O)CCCCCCC(=O)NO)c3)CC1)C2,5.85,1
CHEMBL5907544,Cc1ccc(CCCC(=O)Nc2ccc(C(=O)Nc3ccccc3N)nc2)cn1,5.85,1
CHEMBL6175415,COc1ccc2c(C(=O)c3cc(OC)c(OC)c(OO)c3)cn(Cc3ccc(C(=O)NO)cc3)c2c1,5.85,1
CHEMBL521431,CC(C)(C)Oc1ccc(C[C@@H]2C(=O)Nc3ccccc3N2Cc2ccc(C(=O)NO)cc2)cc1,5.84,1
CHEMBL2063396,CCC[C@@H]1NC(=O)[C@H](C)NC(=O)C[C@H](CC(C)C)NC(=O)[C@H](Cc2cn(CN(C)C)c3ccccc23)NC1=O,5.84,2
CHEMBL2407743,Nc1cc(O)ccc1NC(=O)c1ccc(CNc2nccc(-c3cccnc3)n2)cc1,5.84,1
CHEMBL3828496,Nc1ccc(-c2ccc(F)cc2)cc1NC(=O)[C@@H]1CCCCO1,5.84,1
CHEMBL4104572,CN(C)C(=O)c1cn(S(=O)(=O)c2ccc(/C=C/C(=O)NO)cc2)c2ccccc12,5.84,1
CHEMBL4795285,Nc1ccccc1NC(=O)c1ccc(Cn2cnc3c(Nc4ccc(C(=O)NO)cc4)nc(Cl)nc32)cc1,5.84,1
CHEMBL4782132,Nc1nc(Nc2ccc(F)c(Cl)c2)c2ccn(Cc3ccc(C(=O)Nc4ccccc4N)cc3)c2n1,5.84,1
CHEMBL5563192,COc1ccc(/C=C/C(=O)c2ccc(Br)c3c2OC(C)(C)C=C3)cc1NCC(=O)NO,5.84,1
CHEMBL5592115,O=C(NO)c1ccc(CNC(=O)[C@@H]2Cc3c([nH]c4ccccc34)[C@@H](c3ccc(Cl)cc3)N2CC2CC2)cc1,5.84,1
CHEMBL5633366,Nc1ccccc1NC(=O)CCCCOc1no[n+]([O-])c1S(=O)(=O)c1ccccc1,5.84,1
CHEMBL6147726,CCNNC(=O)c1ccc(CNC(=O)c2ccc(NC(=O)CCCCCCC(=O)N[C@H](C(=O)N3C[C@H](O)C[C@H]3C(=O)NCc3ccc(-c4scnc4C)cc3)C(C)(C)C)cc2)cc1,5.84,1
CHEMBL519943,O=C(NO)c1ccc(CN2c3ccccc3NC(=O)[C@@H]2Cc2cccs2)cc1,5.83,1
CHEMBL480729,CC(C)(C)OC(=O)NCCCC[C@@H]1C(=O)Nc2ccccc2N1Cc1ccc(C(=O)NO)cc1,5.83,1
CHEMBL1097278,Nc1ccc(-c2nccs2)cc1NC(=O)c1ccccc1,5.83,2
CHEMBL4454331,COc1ccccc1CNCc1ccc(/C=C/C(=O)NO)cc1,5.83,1
CHEMBL4749443,COc1ccc(S(=O)(=O)Nc2ccccc2NCc2ccc(C(=O)Nc3ccccc3N)cc2)cc1,5.83,2
CHEMBL3526395,C[C@@]12Nc3ccccc3[C@]1(O)CCN2Cc1ccc(/C=C/C(=O)NO)cc1,5.82,1
CHEMBL3655933,CC(C)(Nc1ncc(C(=O)NO)cn1)c1ccccc1,5.82,1
CHEMBL3664027,Nc1cc(F)ccc1NC(=O)c1cnc2c(ccn2CCN2CCOCC2)c1,5.82,1
CHEMBL4226024,CCc1cc(-c2ccc(F)cc2)n(Cc2ccc(C(=O)NO)cc2)n1,5.82,1
CHEMBL4779167,Nc1ccccc1NC(=O)c1ccc(NC(=O)CCCNC(=O)CNc2cccc3c2C(=O)N(C2CCC(=O)NC2=O)C3=O)cc1,5.82,1
CHEMBL5268581,Nc1ccc(F)cc1NC(=O)c1cc2ccccc2o1,5.82,1
CHEMBL5268943,O=C(CCCCCCNCc1ccc(F)cc1)NO,5.82,1
CHEMBL5410802,O=C(NO)c1ccc(COc2no[n+]([O-])c2S(=O)(=O)c2ccccc2)cc1,5.82,1
CHEMBL1631912,O=C(CCCCCC1OCCCCCCCOc2ccccc2NC1=O)NO,5.81,1
CHEMBL2063395,CCC[C@@H]1NC(=O)[C@H](C)NC(=O)C[C@H](CC(C)C)NC(=O)[C@H](Cc2c[nH]c3ccccc23)NC1=O,5.81,2
CHEMBL3585966,O=C(CCCCCCc1nc(-c2cccc([N+](=O)[O-])c2)no1)NO,5.81,1
CHEMBL3675757,O=C(CCCCCCN(c1ccccn1)c1ccccn1)NO,5.81,1
CHEMBL3973790,COCCOc1cc2ncc(C(=O)Nc3cc(-c4ccccc4)ccc3N)cc2cc1C1CC1,5.81,1
CHEMBL4799996,CCC(=O)CCCCC[C@H](NC(=O)[C@H]1CC12CCN(CC)CC2)c1ncc(-c2c(OC)ccc(F)c2F)[nH]1,5.81,1
CHEMBL5171489,C#CCN(C)Cc1cccc(NC(=O)CCCCCCC(=O)NO)c1,5.81,1
CHEMBL5923179,Cc1ccc(CCCC(=O)Nc2ccc(C(=O)Nc3ccc(F)cc3N)nc2)cn1,5.81,1
CHEMBL6160910,CCCC[C@H](NC(=O)[C@H](CN)c1c[nH]c2ccc(OC)cc12)c1nc(-c2ccc(=O)n(C)c2)c[nH]1,5.81,1
CHEMBL6152349,CCNNC(=O)c1ccc(CNC(=O)c2ccc(OCc3cn(CCOCCC(=O)N[C@H](C(=O)N4C[C@H](O)C[C@H]4C(=O)NCc4ccc(-c5scnc5C)cc4)C(C)(C)C)nn3)cc2)cc1,5.81,1
CHEMBL1631911,O=C(CCCCCC1OCCCCCCOc2ccccc2NC1=O)NO,5.8,1
CHEMBL3585355,O=C(CCCCCCc1nc(-c2ccccc2Cl)no1)C(F)(F)F,5.8,1
CHEMBL3656023,O=C(NO)c1cnc(NC2(c3cccs3)CCCCC2)nc1,5.8,1
CHEMBL3827055,Nc1ccc(-c2ccc(F)cc2)cc1NC(=O)[C@H]1C[C@H]2CC[C@@H](C1)O2,5.8,1
CHEMBL277805,Nc1ccccc1NC(=O)CCCCCC(=O)Nc1ccccc1,5.8,2
CHEMBL4466067,Cc1cc(C)cc(C(=O)N(CCCCCC(=O)Nc2ccccc2N)CC(=O)NCc2ccccc2)c1,5.8,1
CHEMBL4762873,O=C(NO)c1ccc(Nc2c3ccccc3nc3ccccc23)cc1,5.8,1
CHEMBL227118,O=C(CCCCCNC(=O)NC12CC3CC(CC(C3)C1)C2)NO,5.79,2
CHEMBL2333343,CNC(=O)c1ccc(C(=O)NO)cc1,5.79,1
CHEMBL3585988,O=C(CCCCCCc1nc(-c2cccs2)no1)C(F)(F)F,5.79,1
CHEMBL3655943,C[C@H](Nc1ncc(C(=O)NO)cn1)c1ccccc1,5.79,2
CHEMBL3655987,CC1(Nc2ncc(C(=O)NO)cn2)CCCCC1,5.79,1
CHEMBL3673099,Nc1cnccc1NC(=O)c1ccc(CNC(=O)c2cc3ccccc3[nH]2)cc1,5.79,2
CHEMBL4094410,CN(C)Cc1cn(S(=O)(=O)c2cccc(/C=C/C(=O)NO)c2)c2ccccc12,5.79,1
CHEMBL4755112,CCC(=O)CCCCC[C@H](NC(=O)[C@H]1CC12CCN(C)CC2)c1ncc(C2=CC(=O)N(C)CC2)[nH]1,5.79,2
CHEMBL5614363,CCCCN(CCc1c(C)[nH]c2ccccc12)Cc1ccc(/C=C/C(=O)NNCCC)cc1,5.79,1
CHEMBL3673111,Nc1ccccc1NC(=O)c1ccc(CNC(=O)c2cc3ccccc3s2)cc1,5.78,2
CHEMBL4084222,CN1CCc2c(c3ccccc3n2Cc2ccc(/C=C/C(=O)NO)cc2)C1,5.78,1
CHEMBL6149218,O=C(/C=C/c1cccc(S(=O)(=O)NC[C@H]2CN(c3ccc(N4CCOCC4)c(F)c3)C(=O)O2)c1)NO,5.78,1
CHEMBL467998,O=C(CCCCNC(=O)c1cc(-c2ccccc2)on1)NO,5.77,1
CHEMBL551151,O=C(CCc1ccc(-c2ccc(O)cc2)cc1)NO,5.77,1
CHEMBL4160840,O=C(NO)c1ccc(-c2ccnc(Nc3ccc(N4CCOCC4)cc3)n2)cc1,5.77,1
CHEMBL5181479,C#Cc1nc(/C=C/C(=O)NO)cs1,5.77,1
CHEMBL5180151,O=C([C@H]1C[C@@H](c2ccccc2)CN1)N1CCN(c2nccc3ccsc23)CC1,5.77,1
CHEMBL5435277,CCCNNC(=O)c1cnc(NCc2ccc(OC)cc2)cn1,5.77,1
CHEMBL467792,CC(C)(C)OC(=O)Nc1ccc(-c2cc(C(=O)NCCCCC(=O)NO)no2)cc1,5.76,1
CHEMBL4463774,COc1ccc(OC)c(CNCc2ccc(/C=C/C(=O)NO)cc2)c1,5.76,1
CHEMBL5197148,COc1cc([C@@H]2c3cc4c(cc3C[C@H]3COC(=O)[C@@H]32)OCO4)cc(OC)c1OC(=O)CC(=O)NCc1ccc(C(=O)Nc2ccccc2N)cc1,5.76,1
CHEMBL5281824,COc1cc(/C=C2\SC(=O)N(CCNC(=O)Nc3c(C)n(C)n(-c4ccccc4)c3=O)C2=O)cc(OC)c1OC,5.76,1
CHEMBL5276344,COc1ccc(CC2C=Cc3cc(C(=O)NO)ccc32)cc1,5.76,1
CHEMBL2333346,O=C(NO)C1=CCCC1,5.75,1
CHEMBL3356933,O=C1CCC[C@@H](C(=O)N[C@@H](CCCCCS)C(=O)NCc2ccc(C(F)(F)F)cc2)N1,5.75,1
CHEMBL3426804,O=C(/C=C/c1ccc(NC(=O)C(Cc2ccccc2)c2ccccc2)cn1)NO,5.75,3
CHEMBL3655945,O=C(NO)c1cnc(NCCc2c(Cl)cccc2Cl)nc1,5.75,1
CHEMBL3664028,Nc1cc(F)ccc1NC(=O)c1ccc2c(cnn2CCN2CCOCC2)c1,5.75,1
CHEMBL4072341,CCOc1cc(NC(=O)CCCCCC(=O)Nc2cc(-c3ccc(C)s3)ccc2N)cc2c1OCC([N+](=O)[O-])=C2,5.75,1
CHEMBL4160579,CC(C)[C@@H](C(=O)Nc1ccc(C(=O)Nc2ccc(F)cc2N)cc1)c1ccccc1,5.75,1
CHEMBL4218789,O=C(/C=C/c1cccc(S(=O)(=O)n2ccc3cc(C(=O)c4ccc(F)cc4)ccc32)c1)NO,5.75,1
CHEMBL4218915,COc1cc(C(=O)c2ccc3c(ccn3S(=O)(=O)c3cccc(/C=C/C(=O)NO)c3)c2)cc(OC)c1OC,5.75,1
CHEMBL5208116,N#Cc1cccnc1N1CCN(C(=O)[C@H]2C[C@@H](c3ccccc3)CN2)CC1,5.75,1
CHEMBL5284438,COc1ccc(CNCCCCCCC(=O)NO)cc1OC,5.75,1
CHEMBL5410652,Cc1cc(C)nc(SCC(=O)Nc2ncc(Cc3cccc(OCc4cn(CCCCC(=O)NCc5ccc(C(=O)NO)cc5)nn4)c3)s2)n1,5.75,1
CHEMBL5639390,Cn1c([C@@H](Cc2ccccc2)NCc2ccccc2)nc2cc(C(=O)NO)ccc21,5.75,1
CHEMBL481719,O=C(NO)c1ccc(CN2C(=O)CNC(=O)[C@H]2Cc2c[nH]c3ccccc23)cc1,5.74,1
CHEMBL3655956,CC(Nc1ncc(C(=O)NO)cn1)(c1ccccc1)c1ccccc1,5.74,1
CHEMBL3670675,Nc1ccccc1NC(=O)c1ccc(CNC(=O)c2[nH]c(-c3ccc(O)cc3)cc2-c2ccoc2)cc1,5.74,1
CHEMBL4226175,O=C(CCCNC(=O)c1cc(-c2ccc(F)cc2)[nH]n1)NO,5.74,1
CHEMBL4564332,Cc1cc(C)cc(C(=O)N(CCCCCC(=O)Nc2cc(-c3ccccc3)ccc2N)CC(=O)NCc2ccccc2)c1,5.74,1
CHEMBL4524784,CCCCCCCC(=O)SCC/C=C(\F)[C@@H]1CC(=O)NCc2nc(cs2)C2=N[C@@](C)(CS2)C(=O)N[C@@H](C(C)C)C(=O)O1,5.74,1
CHEMBL4468076,O=C(CCCCCCn1cc(-c2ccc(C(=O)c3c(-c4ccc(O)cc4)sc4cc(O)ccc34)cc2)nn1)NO,5.74,1
CHEMBL557066,O=C(/C=C/c1ccc(-c2ccc(Cl)cc2)cc1)NO,5.73,1
CHEMBL3982925,CCCc1nn(C)c2c(=O)[nH]c(-c3cc(N4CCC5(CCN(c6ncc(C(=O)NO)cn6)CC5)C4)ccc3OCC)nc12,5.73,1
CHEMBL3901988,CCOc1ccc(C2CC(C(=O)NO)C2)cc1-c1nc2c(CC)nn(C)c2c(=O)[nH]1,5.73,1
CHEMBL3984639,CCOc1ccc(-c2ccc(C(=O)NO)cn2)cc1-c1nc2c(CC)nn(C)c2c(=O)[nH]1,5.73,1
CHEMBL4294514,CCCN1CC(=O)N2[C@H](Cc3c(n(Cc4ccc(C(=O)NO)cc4)c4ccccc34)[C@@H]2C)C1=O,5.73,1
CHEMBL5070176,O=C(NO)c1cccc(/C=C/c2ccnc(-c3ccccc3O)c2)c1,5.73,1
CHEMBL5611904,CCCNNC(=O)/C=C/c1ccc(CN(CCc2c(C)[nH]c3ccccc23)Cc2ccc3cc[nH]c3c2)cc1,5.73,1
CHEMBL3356928,O=C1NC[C@@H](c2ccccc2)[C@H]1C(=O)N[C@@H](CCCCCS)C(=O)Nc1ccccc1,5.72,1
CHEMBL3670667,COc1ccc(-c2cc(-c3ccccc3)[nH]c2C(=O)NCc2ccc(C(=O)Nc3ccccc3S)cc2)cc1,5.72,1
CHEMBL4578162,Nc1ccccc1NC(=O)CCCCCN(CC(=O)NCc1ccccc1)C(=O)c1cccc2ccccc12,5.72,1
CHEMBL4466864,COc1ccc(CNCc2ccc(/C=C/C(=O)NO)cc2)cc1OC,5.72,1
CHEMBL4765131,COc1ccc(C(=O)NCCCC[C@H](NC(=O)c2cncs2)c2ncc(-c3ccc4ccccc4c3)[nH]2)c(O)c1,5.72,1
CHEMBL5286498,CCCCCNNC(=O)c1ccc(Br)cc1,5.72,1
CHEMBL5424224,O=C(NO)c1ccc(Cn2ccc3cc(C(=O)NCC45C[C@H]6C[C@@H](C4)C[C@@H](C5)C6)ccc32)cc1,5.72,1
CHEMBL5612392,O=C(NO)c1ccc(S(=O)(=O)n2ccc3cc(OCCCN4CCCCC4)ccc32)cc1,5.72,1
CHEMBL6169877,CC(C)[C@@H]1NC(=O)[C@]2(C)CSC(=N2)c2csc(n2)CNC(=O)C[C@@H](/C=C/CCNC(=O)CS)OC1=O,5.72,1
CHEMBL446512,Nc1cccc(-c2cc(C(=O)NCCCCC(=O)NO)no2)c1,5.71,1
CHEMBL1631910,O=C(CCCCCC1OCCCCCOc2ccccc2NC1=O)NO,5.71,1
CHEMBL3954968,CCCc1nn(C)c2c(=O)[nH]c(-c3cc(S(=O)(=O)N4CCC(CCC(=O)NO)CC4)ccc3OCC)nc12,5.71,1
CHEMBL3673108,Nc1ccccc1NC(=O)c1ccc(CNC(=O)c2cc3cc(C(F)(F)F)ccc3[nH]2)cc1,5.71,2
CHEMBL4210107,COc1ccc(C(=O)c2ccc3c(ccn3Cc3ccc(/C=C/C(=O)NO)cc3)c2)cc1,5.71,1
CHEMBL4225230,Cc1cc(-c2ccc(F)cc2)n(Cc2ccc(C(=O)NO)cc2)n1,5.71,1
CHEMBL4859948,Cl.O=C(NO)c1ccc(CN2c3ccccc3Sc3ccccc32)nc1,5.71,1
CHEMBL236060,Nc1ccccc1NC(=O)c1ccc2nccnc2c1,5.7,1
CHEMBL564876,O=C(CCCCCC(c1c[nH]c2ccccc12)c1c[nH]c2ccccc12)NO,5.7,1
CHEMBL1096397,C=Cc1ccc(-c2ccc(N)c(NC(=O)c3ccccc3)c2)cc1,5.7,2
CHEMBL2170186,CCC(=O)CCCCC[C@@H]1NC(=O)[C@H](C)N(C)C(=O)CCN(CC(C)C)C(=O)CN(CCc2c[nH]c3ccccc23)C1=O,5.7,1
CHEMBL3970532,Cc1ccc(C(=O)NCCCCCC(=O)Nc2ccccc2N)cc1,5.7,3
CHEMBL4168051,C[C@H](C(=O)Nc1ccc(C(=O)Nc2ccc(F)cc2N)nc1)c1ccccc1,5.7,1
CHEMBL4168154,Nc1cc(F)ccc1NC(=O)c1ccc(NC(=O)Cc2ccccc2)cn1,5.7,1
CHEMBL4532181,CN1CCCC1c1cn(Cc2ccc(C(=O)NO)cc2)c2ccccc12,5.7,1
CHEMBL5209328,CCCCCNNC(=O)c1ccc(-c2ccc(CNC(C)=O)cc2)cc1,5.7,1
CHEMBL5560674,CCCNNC(=O)CCCCNC(=O)/C=C/c1cccnc1,5.7,1
CHEMBL5568268,CCCC(CCC)C(=O)N[C@@H](Cc1ccccc1)C(=O)NNc1ccccc1,5.7,1
CHEMBL5924373,CC(C)c1ccc(-c2cc3cc(C(=O)NO)cnc3o2)cc1,5.7,1
CHEMBL6133731,Nc1ccccc1NC(=O)c1ccc(CNC[C@H]2CN(c3ccc(N4CCOCC4)c(F)c3)C(=O)O2)cc1,5.7,1
CHEMBL3962991,CCCc1nn(C)c2c(=O)[nH]c(-c3cc(N4CCC(CCC(=O)NO)CC4)ccc3OCC)nc12,5.69,1
CHEMBL3884044,Cc1ccc(-c2cc(C(F)(F)F)nn2-c2ccc(S(=O)(=O)NCCCCCC(=O)NO)cc2)cc1,5.69,1
CHEMBL3935992,O=C(NO)c1cnc(NC2(c3ccccc3)CCC(F)(F)CC2)nc1,5.69,4
CHEMBL5084881,O=C(NO)c1cccc(/C=C/c2ccnc(-c3cc(F)ccc3O)c2)c1,5.69,2
CHEMBL5173493,CCNNC(=O)c1ccc(CN2c3ccccc3C=Cc3ccncc32)cc1,5.69,1
CHEMBL6101912,CCCc1cc(C(=O)Nc2ccccc2)nn1Cc1ccc(C(=O)NO)cc1,5.69,1
CHEMBL6165696,CCNNC(=O)c1ccc(CNC(=O)c2ccc(OCc3cn(CCCCCCNc4cc5c(cc4F)C(=O)N(C4CCC(=O)N(C)C4=O)C5=O)nn3)cc2)cc1,5.69,1
CHEMBL1097747,COc1cccc(-c2ccc(N)c(NC(=O)c3ccccc3)c2)c1,5.68,2
CHEMBL2436594,CCCCCCCC(=O)SCC/C=C/[C@@H]1CC(=O)NCc2nc(co2)C2=N[C@@](C)(CS2)C(=O)N[C@@H](C(C)C)C(=O)O1,5.68,1
CHEMBL3655937,Cc1cccc(C)c1CNc1ncc(C(=O)NO)cn1,5.68,1
CHEMBL4162854,Nc1cc(F)ccc1NC(=O)c1ccc(NC(=O)[C@@H]2C[C@@H]2c2ccccc2)cc1,5.68,1
CHEMBL4206537,O=C(NO)c1ccc(Cn2ccc3cc(C(=O)c4ccc(Cl)cc4)ccc32)cc1,5.68,1
CHEMBL4589724,Nc1ccccc1NC(=O)c1cnc(NCc2ccccc2)cn1,5.68,2
CHEMBL4542499,CC(C)(C)OC(=O)Nc1cccc(C(=O)/C=C/c2ccc(/C=C/C(=O)NO)cc2)c1,5.68,1
CHEMBL5565984,CC1=C(NCc2ccc(C(=O)Nc3ccccc3N)cc2)C(=O)c2ccccc2C1=O,5.68,1
CHEMBL6167986,O=C(Cc1ccc(/C=C/C(=O)c2ncc[nH]2)cc1)Nc1ccc(F)cc1,5.68,1
CHEMBL4217319,COc1ccc(C(=O)c2ccc3c(ccn3S(=O)(=O)c3cccc(/C=C/C(=O)NO)c3)c2)cc1OC,5.67,1
CHEMBL5633678,CN1c2ccc(NCc3ccc(C(=O)Nc4ccccc4N)cc3)cc2C(=O)N2CCc3c([nH]c4ccc(O)cc34)[C@H]21,5.67,1
CHEMBL2047611,COc1ccc(-c2nn(-c3ccccc3)cc2/C=C\C(=O)Nc2ccc(Br)cc2)cc1,5.66,1
CHEMBL2425959,Cc1nc2cc(/C=C/C(=O)NO)ccc2c(=O)n1CCc1c[nH]c2ccccc12,5.66,1
CHEMBL4079541,O=C(NO)c1ccc(CN(CCO)C(=O)Cc2ccccc2)cc1,5.66,1
CHEMBL5194437,O=C(NO)c1ccc(CC(=O)N(CCO)C(=O)Cc2ccccc2)cc1,5.66,1
CHEMBL5613070,CCCNNC(=O)/C=C/c1ccc(CN(Cc2ccccc2)C(=O)c2cc3ccccc3s2)cc1,5.66,1
CHEMBL3356926,O=C1NC[C@H](c2ccccc2)[C@H]1C(=O)N[C@@H](CCCCCS)C(=O)Nc1ccccc1,5.65,1
CHEMBL109654,O=C(CCCCCS)Nc1ccccc1,5.65,1
CHEMBL3621298,Nc1ccccc1NC(=O)CCCCCCC(=O)Nc1ccc2c(c1)/C(=C/c1ccc[nH]1)C(=O)N2,5.65,1
CHEMBL3655969,CC(C)(Nc1ncc(C(=O)NO)cn1)c1cc(C(F)(F)F)cc(C(F)(F)F)c1,5.65,1
CHEMBL3974954,CCOc1ccc(Oc2ccc(C(=O)NO)cc2)cc1-c1nc2c(CC)nn(C)c2c(=O)[nH]1,5.65,1
CHEMBL3983635,CC1(C)C(=O)N(c2ccc(C#N)c(C(F)(F)F)c2)C(=S)N1c1ccc(C(=O)NCCCCCC(=O)NO)c(F)c1,5.65,1
CHEMBL4800426,O=C(NO)c1ccc(CN(Cc2nnnn2Cc2ccccc2)C(=O)c2ccccc2C(F)(F)F)cc1,5.65,1
CHEMBL5283177,Cc1cccc2c(C(=O)N3CCN(Cc4ccc(C(=O)NO)cc4)CC3)c[nH]c12,5.65,1
CHEMBL3235464,COc1ccc(-c2ccc(/C=C/C(=O)NO)cc2)cc1C12CC3CC(CC(C3)C1)C2,5.64,1
CHEMBL2047610,COc1ccc(-c2nn(-c3ccccc3)cc2/C=C\C(=O)Nc2ccc(Cl)cc2)cc1,5.63,1
CHEMBL4072479,COc1cc(C(=O)c2cn(S(=O)(=O)c3cccc(/C=C/C(=O)NO)c3)c3ccccc23)cc(OC)c1OC,5.63,1
CHEMBL4283263,Nc1ccccc1NC(=O)c1cnccn1,5.63,3
CHEMBL4639495,Cc1cc(C)c(CNC(=O)c2cnn(-c3cccc(NC(=O)CCCCCCC(=O)NO)c3)c2C)c(=O)[nH]1,5.63,2
CHEMBL5206738,CCNNC(=O)c1ccc(Cn2c3ccccc3c3cccnc32)cc1,5.63,1
CHEMBL5630133,C=C(c1ccc(OC)c(OC(C)C(=O)NO)c1)c1cc(C)nc2ccccc12,5.63,1
CHEMBL3916917,CC(=O)N1CCC(Nc2ncc(C(=O)NO)cn2)(C(C)C)CC1,5.62,1
CHEMBL4079799,Cc1c(CN(C)C)c2ccccc2n1Cc1ccc(/C=C/C(=O)NO)cc1,5.62,1
CHEMBL5205385,CCCNNC(=O)c1cnc(N2CCN(C)CC2)nc1,5.62,1
CHEMBL6169332,CCNNC(=O)c1ccc(CNC(=O)c2ccc(OCc3cn(CCCCCCNc4cc5c(cc4F)C(=O)N(C4CCC(=O)NC4=O)C5=O)nn3)cc2)cc1,5.62,1
CHEMBL3655973,CC(Nc1ncc(C(=O)NO)cn1)(c1ccc(F)cc1)c1ccc(F)cc1,5.61,1
CHEMBL5631528,Cn1cc(CCN2CCN(c3cnc(C(=O)Nc4cc(-c5cccs5)ccc4[N+](=O)[O-])cn3)CC2)c2ccccc21,5.61,1
CHEMBL3670661,O=C(NO)c1ccc(CNC(=O)c2[nH]c(-c3ccc(O)cc3)cc2-c2ccoc2)cc1,5.6,1
CHEMBL4064944,CCCCCCC(CCCC(=O)NO)CCC(=O)Nc1ccccc1,5.6,1
CHEMBL4159087,CC(C)[C@H](C(=O)Nc1ccc(C(=O)Nc2ccc(F)cc2N)nc1)c1ccccc1,5.6,1
CHEMBL4747272,CCCCNNC(=O)c1ccc(OC)cc1,5.6,2
CHEMBL3356935,O=C1CCC[C@@H](C(=O)N[C@@H](CCCCCS)C(=O)NCc2cccc(OCc3ccccc3)c2)N1,5.59,1
CHEMBL3585973,Nc1ccccc1NC(=O)CCCCCCc1nc(-c2ccc(F)cc2)no1,5.59,1
CHEMBL3655978,O=C(NO)c1cnc(NC2(c3cccc(F)c3)CCCCC2)nc1,5.59,2
CHEMBL4216635,CCCc1nn(C)c2c(=O)[nH]c(-c3cc(-c4ccc(C(=O)NO)cc4)ccc3OCC)nc12,5.59,1
CHEMBL5618544,COc1cc(Nc2nc(N3CCN(c4ncc(C(=O)NO)cn4)CC3)ncc2Cl)cc(OC)c1,5.59,1
CHEMBL3235463,O=C(/C=C/c1ccc(-c2ccc(O)c(C34CC5CC(CC(C5)C3)C4)c2)cc1)NO,5.58,1
CHEMBL3673109,COc1c(C(=O)NCc2ccc(C(=O)Nc3ccccc3N)cc2)oc2ccccc12,5.58,2
CHEMBL3673110,Nc1ccc2[nH]c(C(=O)NCc3ccc(C(=O)Nc4ccccc4N)cc3)cc2c1,5.58,2
CHEMBL4847876,CCC(=O)CCCCC[C@@H]1NC(=O)C2CCN2CCCCCCc2ccccc2-c2cnc1[nH]2,5.58,2
CHEMBL4852895,C=Cc1c(C)c2cc3nc(c(C(=O)OC)c4[nH]c(cc5nc(cc1[nH]2)C(C)=C5CC)c(C)c4C(=O)OC)[C@@H](CCC(=O)Nc1ccc(C(=O)Nc2ccccc2N)cc1)[C@@H]3C,5.58,1
CHEMBL471042,O=C(/C=C/c1ccc(/C=N/OCc2ccc([N+](=O)[O-])cc2)cc1)NO,5.57,1
CHEMBL2047609,COc1ccc(-c2nn(-c3ccccc3)cc2/C=C\C(=O)Nc2ccccc2)cc1,5.57,1
CHEMBL152162,O=C(CCc1ccccc1)NO,5.57,1
CHEMBL4159674,Nc1cc(F)ccc1NC(=O)c1ccc(NC(=O)Cc2ccc(F)cc2)cc1,5.57,1
CHEMBL4212751,O=C(CCCCCCN(Cc1ccccc1)Cc1ccccc1)NO,5.57,1
CHEMBL4209843,O=C(CCCCN1CCc2ccccc2C1c1ccccc1)NO,5.57,1
CHEMBL4874919,CCCC[C@H](NC(=O)Cc1c[nH]c2ccccc12)c1ncc(-c2cc3ccccc3nc2OC)[nH]1,5.57,1
CHEMBL5597560,CC(=O)O.O=C(CCCCCN1C(=O)[C@@H]2CCCN2Cc2ccccc21)NO,5.57,1
CHEMBL6019823,Cc1ccc(/C=C/CC(=O)Nc2ccc(C(=O)Nc3ccc(F)cc3N)cn2)cn1,5.57,2
CHEMBL3335288,O=C(CCCCc1ccn(-c2ccccc2)n1)NO,5.56,1
CHEMBL3585959,Cc1ccc(-c2noc(CCCCCCC(=O)NO)n2)cc1,5.56,1
CHEMBL3622728,C/C=C1\NC(=O)c2csc(n2)[C@@H](C(C)C)NC(=O)C[C@@H](/C=C/CCSC(=O)CCCCCCC)OC(=O)[C@H](C(C)C)NC1=O,5.56,1
CHEMBL3911566,COc1cc2c(Oc3ccc(NC(=O)C4(C(=O)Nc5ccc(F)cc5)CC4)cc3F)ccnc2cc1OCCCCCC(=O)NO,5.56,1
CHEMBL4642616,O=C(CCCCCCCC(=O)NCCCN1c2ccccc2CCc2ccc(Cl)cc21)NO,5.56,1
CHEMBL6010161,COCc1ccc2c(n1)CN(C(=O)Nc1nc(-c3ccc(F)cc3F)ccc1N)C2,5.56,1
CHEMBL5875657,Cc1nc2c(s1)CN(C(=O)Nc1nc(-c3ccc(F)cc3F)ccc1N)C2,5.56,1
CHEMBL5912138,Nc1ccc(-c2ccc(F)cc2F)nc1NC(=O)N1Cc2cnc(CN3CC(F)C3)cc2C1,5.56,1
CHEMBL5898233,Cc1ncc2c(n1)CN(C(=O)Nc1nc(-c3ccc(F)cc3F)ccc1N)C2,5.56,1
CHEMBL5886118,COCCn1cc2c(n1)CN(C(=O)Nc1nc(-c3ccc(Cl)s3)ccc1N)C2,5.56,1
CHEMBL5850964,CCc1ncc2c(n1)CN(C(=O)Nc1nc(-c3ccc(F)cc3F)ccc1N)C2,5.56,1
CHEMBL5960132,COCCn1cc2c(n1)CN(C(=O)Nc1nc(-c3ccccc3F)ccc1N)C2,5.56,1
CHEMBL6051620,COCc1cc2c(cn1)CN(C(=O)Nc1nc(-c3ccccc3F)ccc1N)C2,5.56,1
CHEMBL6064932,Nc1ccc(-c2ccc(F)cc2)nc1NC(=O)N1Cc2cn(C3COC3)nc2C1,5.56,1
CHEMBL5907735,Cc1ncc2c(n1)CN(C(=O)Nc1nc(-c3ccc(F)s3)ccc1N)C2,5.56,1
CHEMBL6032358,CCc1ncc2c(n1)CN(C(=O)Nc1nc(-c3cccs3)ccc1N)C2,5.56,1
CHEMBL5931858,Cc1ncc(-c2ccc(N)c(NC(=O)N3Cc4cn(C)nc4C3)n2)s1,5.56,1
CHEMBL5779648,Cc1ncc(-c2ccc(N)c(NC(=O)N3Cc4cn(CC(F)F)nc4C3)n2)s1,5.56,1
CHEMBL5934695,Cc1nc2c(n1C)CN(C(=O)Nc1nc(-c3ccc(F)cc3)ccc1N)C2,5.56,1
CHEMBL6022444,COCCn1cc2c(n1)CN(C(=O)Nc1nc(-c3ccc(F)cc3F)ccc1N)C2,5.56,1
CHEMBL5960561,Cn1cc2c(n1)CN(C(=O)Nc1nc(-c3cccnc3)ccc1N)C2,5.56,1
CHEMBL5995618,Cc1cc2c(cn1)CN(C(=O)Nc1nc(-c3cccnc3)ccc1N)C2,5.56,1
CHEMBL5797889,Cc1ncc2c(n1)CN(C(=O)Nc1nc(-c3ccc(F)cc3)ccc1N)C2,5.56,1
CHEMBL5812566,Nc1ccc(-c2cccnc2)nc1NC(=O)N1Cc2cn(CC(F)F)nc2C1,5.56,1
CHEMBL5758416,Nc1ccc(-c2cccnc2)nc1NC(=O)N1Cc2cnc(C(F)F)cc2C1,5.56,1
CHEMBL3585983,O=C(CCCCCCc1nc(-c2ccc(C(F)(F)F)cc2)no1)C(F)(F)F,5.55,1
CHEMBL4166987,C[C@@H](C(=O)Nc1ccc(C(=O)Nc2ccc(F)cc2N)cc1)c1ccccc1,5.55,1
CHEMBL4849920,CCC(=O)CCCCC[C@@H]1NC(=O)C2CCN2CCCCCOc2ccccc2-c2cnc1[nH]2,5.55,2
CHEMBL5173170,O=C([C@H]1C[C@@H](c2cccc(Cl)c2)CN1)N1Cc2ccccc2C1,5.55,1
CHEMBL5195471,Nc1cc(F)ccc1NC(=O)C=Cc1cnn(CC=Cc2ccccc2)c1,5.55,4
CHEMBL5793826,CCCCCCNNC(=O)c1ccc(C(C)(C)C)cc1,5.55,1
CHEMBL6150484,O=C(/C=C/c1ccc(CNC[C@H]2CN(c3ccc(N4CCOCC4)c(F)c3)C(=O)O2)cc1)NO,5.55,1
CHEMBL3585978,Nc1ccccc1NC(=O)CCCCCCc1nc(-c2cccs2)no1,5.54,1
CHEMBL4103290,CCOc1cc(NC(=O)CCCCNC(=O)[C@H](N)Cc2ccccc2)cc2c1OCC([N+](=O)[O-])=C2,5.54,1
CHEMBL4225760,CCCc1cc(-c2ccc(F)cc2)n(Cc2ccc(C(=O)NO)cc2)n1,5.54,1
CHEMBL4778826,COc1ccc(/C=C/C(=O)c2nnn(-c3ccc(Cl)cc3)c2C)cc1OC,5.54,1
CHEMBL5072502,COc1ccc2[nH]cc(CCN(Cc3ccc(C(=O)NO)cc3)C(=O)/C=C/c3ccc(O)c(OC)c3)c2c1,5.54,2
CHEMBL5283127,O=C(CCCCCCNCc1ccc([N+](=O)[O-])cc1)NO,5.54,1
CHEMBL5646806,CC(C)C[C@H](NC(=O)[C@@H](O)[C@H](N)Cc1ccccc1)C(=O)NCc1ccc(C(=O)NO)cc1.Cl,5.54,1
CHEMBL6134085,CCNNC(=O)c1ccc(CNC(=O)c2ccc(OCc3cn(CCCCCC(=O)N[C@H](C(=O)N4C[C@H](O)C[C@H]4C(=O)NCc4ccc(-c5scnc5C)cc4)C(C)(C)C)nn3)cc2)cc1,5.54,1
CHEMBL469275,CC(C)(C)OC(=O)Nc1cccc(-c2cc(C(=O)NCCCCC(=O)NO)no2)c1,5.53,1
CHEMBL3655961,O=C(NO)c1cnc(NC2(c3ccccc3)CCCCC2)nc1,5.53,1
CHEMBL2047612,COc1ccc(NC(=O)/C=C\c2cn(-c3ccccc3)nc2-c2ccc(OC)cc2)cc1,5.52,1
CHEMBL4164146,C[C@@H](C(=O)Nc1ccc(C(=O)Nc2ccc(F)cc2N)nc1)c1ccccc1,5.52,1
CHEMBL4168651,Nc1cc(F)ccc1NC(=O)c1ccc(NC(=O)Cc2ccc(F)cc2)cn1,5.52,1
CHEMBL4206021,COc1ccc(C(=O)c2ccc3c(ccn3Cc3ccc(C(=O)NO)cc3)c2)cc1OC,5.52,1
CHEMBL4633944,O=C(CCCCCCCCC(=O)NCCCN1c2ccccc2CCc2ccc(Cl)cc21)NO,5.52,1
CHEMBL4453121,O=C(NO)c1ccc(Cn2nnc(-c3ncccn3)n2)cc1,5.52,1
CHEMBL5276841,O=C(CCCCCCN(Cc1ccc(-c2ccccc2)s1)Cc1ccc(-c2ccccc2)s1)NO,5.52,1
CHEMBL5969380,Nc1ccccc1NC(=O)/C=C/c1cnn(C/C=C/c2ccc(F)cc2)c1,5.52,2
CHEMBL5921351,Nc1ccccc1NC(=O)/C=C/c1cnn(CCOc2ccc(C(F)(F)F)cc2)c1,5.52,2
CHEMBL5978252,Nc1cc(F)ccc1NC(=O)/C=C/c1cnn(CCOc2ccccc2)c1,5.52,2
CHEMBL5848622,Nc1ccccc1NC(=O)/C=C/c1cnn(Cc2ccccc2)c1,5.52,2
CHEMBL5987727,Nc1ccccc1NC(=O)/C=C/c1cnn(CCc2ccccc2)c1,5.52,2
CHEMBL6049473,Nc1ccccc1NC(=O)/C=C/c1cnn(Cc2ccc(F)cc2)c1,5.52,2
CHEMBL5956192,Nc1ccccc1NC(=O)/C=C/c1cnn(CC(F)(F)c2ccccc2)c1,5.52,2
CHEMBL6013824,Cc1cccc(Cn2cc(/C=C/C(=O)Nc3ccccc3N)cn2)n1,5.52,2
CHEMBL6054033,Nc1ccccc1NC(=O)/C=C/c1cc2ccccn2n1,5.52,2
CHEMBL5983429,Nc1ccccc1NC(=O)/C=C/c1cn2ccccc2n1,5.52,2
CHEMBL5859207,Nc1ccccc1NC(=O)/C=C/c1cn2ccnc2s1,5.52,2
CHEMBL5795091,Cn1ccc(/C=C/C(=O)Nc2ccccc2N)n1,5.52,2
CHEMBL5864587,Cn1cc(/C=C/C(=O)Nc2cc(F)ccc2N)cn1,5.52,2
CHEMBL5746970,Nc1ccccc1NC(=O)/C=C/c1cnn(-c2ccccc2)c1,5.52,2
CHEMBL5808799,CCn1cc(/C=C/C(=O)Nc2ccccc2N)cn1,5.52,2
CHEMBL5832250,Nc1ccccc1NC(=O)/C=C/c1csc(C/C=C/c2ccccc2)n1,5.52,2
CHEMBL5915169,Nc1ccccc1NC(=O)c1ccc(C=C2CCN(C(=O)OCc3ccccc3)CC2)cc1,5.52,2
CHEMBL5754506,Nc1ccccc1NC(=O)c1ccc(C=C2CN(Cc3ccc4cc[nH]c4c3)C2)c(Cl)c1,5.52,2
CHEMBL6025331,Nc1ccccc1NC(=O)c1ccc(C=C2CN(Cc3cccnc3)C2)c(Cl)c1,5.52,2
CHEMBL5899637,CN1CCC(Cn2cc(/C=C/C(=O)Nc3ccccc3N)cn2)CC1,5.52,2
CHEMBL5756304,Cc1nn(C/C=C/c2ccccc2)c(C)c1/C=C/C(=O)Nc1ccccc1N,5.52,2
CHEMBL5949494,Nc1ccccc1NC(=O)c1ccc(C=C2COC2)c(Cl)c1,5.52,1
CHEMBL5816687,CC(C)(O)CN1CC(=Cc2ccc(C(=O)Nc3ccccc3N)cc2)C1,5.52,1
CHEMBL6001535,Nc1cc(F)ccc1NC(=O)c1ccc(C=C2CN(CC3CC3)C2)cc1,5.52,1
CHEMBL5850821,Cc1ccc(Cn2ncc3cc(C(=O)Nc4ccc(F)cc4N)ccc32)c(C)n1,5.52,1
CHEMBL5821225,Cc1ccc(Cn2cc3cc(C(=O)Nc4ccccc4N)ccc3n2)c(C)n1,5.52,1
CHEMBL5796917,CC(C)(C)CC(=O)Nc1cc(-c2cccs2)ccc1N,5.52,1
CHEMBL6001399,Nc1ccccc1NC(=O)C1CCCCC1,5.52,1
CHEMBL5888465,Nc1ccc(-c2cnccn2)cc1NC(=O)C1CCCCC1,5.52,1
CHEMBL5802401,CC(C)(C)C(=O)Nc1cc(-c2cccs2)ccc1N,5.52,1
CHEMBL5746765,Cc1csc(-c2ccc(N)c(NC(=O)C3CCCCC3)c2)c1,5.52,1
CHEMBL5829378,Nc1ccc(-c2cccs2)cc1NC(=O)OC1COC1,5.52,2
CHEMBL5978936,CC(=O)N1CC(CC(=O)Nc2cc(-c3cccs3)ccc2N)C1,5.52,1
CHEMBL5998320,Nc1ccc(C2=CCCCC2)cc1NC(=O)C1CCCCC1,5.52,1
CHEMBL5812090,CC(=O)N1CCC(C(=O)Nc2cc(C3=CCCC3)ccc2N)CC1,5.52,1
CHEMBL5850137,Nc1ccc(-c2cccs2)cc1NC(=O)OCC1CNC1,5.52,1
CHEMBL5764675,CN1CC2C(C1)C2C(=O)Nc1cc(-c2cccs2)ccc1N,5.52,1
CHEMBL3828017,Nc1ccc(-c2cccnc2)cc1NC(=O)C1CCOCC1,5.52,1
CHEMBL5905064,CC(F)(F)COC(=O)Nc1cc(-c2cccs2)ccc1N,5.52,1
CHEMBL5837624,CC(C)NC(=O)Nc1cc(-c2cccs2)ccc1N,5.52,1
CHEMBL5997911,CC(=O)N1CCN(C(=O)Nc2cc(-c3cc(C)cs3)ccc2N)CC1,5.52,1
CHEMBL5816297,Nc1ccc(C2CCCC2)cc1NC(=O)N1CC(F)C1,5.52,1
CHEMBL5928777,CC(=O)NC1CN(C(=O)Nc2cc(C3=CCCCC3)ccc2N)C1,5.52,1
CHEMBL5968046,CC(=O)NC1CN(C(=O)Nc2cc(C3CCCC3)ccc2N)C1,5.52,1
CHEMBL5982095,CC(=O)N1CCN(C(=O)Nc2cc(C3=CCCC3)ccc2N)CC1,5.52,1
CHEMBL6024151,Nc1ccc(C2=CCCCC2)cc1NC(=O)C1CCOCC1,5.52,1
CHEMBL5930611,CC(=O)N1CCCCC1COC(=O)Nc1cc(-c2cccs2)ccc1N,5.52,1
CHEMBL5911200,Nc1ccc(-c2cccs2)cc1NC(=O)OCC1CCCNC1,5.52,1
CHEMBL6030682,CN1CCCC(COC(=O)Nc2cc(-c3cccs3)ccc2N)C1,5.52,1
CHEMBL6001611,CC(=O)N1CCC(COC(=O)Nc2cc(-c3ccc(Cl)s3)ccc2N)CC1,5.52,1
CHEMBL5973438,Nc1ccc(-c2cccs2)cc1NC(=O)N1C2CCC1CC2,5.52,1
CHEMBL5839229,CC(C)(N)C(=O)Nc1cc(-c2cccs2)ccc1N,5.52,1
CHEMBL5794923,Nc1ccc(C2=CCCC2)cc1NC(=O)OCC1CCOCC1,5.52,1
CHEMBL5631820,COc1ccc(CN(C(=O)Cc2ccc(C(=O)Nc3ccccc3N)cc2)c2cc(OC)c(OC)c(OC)c2)cc1O,5.52,1
CHEMBL4169910,O=C(NO)c1ccc(CNC2CC2c2ccccc2)cc1,5.51,1
CHEMBL4208901,O=C(CCCCCCNCc1ccccc1)NO,5.51,2
CHEMBL113537,O=C(CCCCCCC(=O)C(F)(F)F)Nc1ccccc1,5.51,4
CHEMBL4451376,CN(C)c1ccc(C(=O)N(CCCCCC(=O)Nc2cc(F)ccc2N)CC(=O)NCc2ccccc2)cc1,5.51,1
CHEMBL3585979,Nc1ccccc1NC(=O)CCCCCCc1nc(-c2cccnc2)no1,5.5,1
CHEMBL4062520,CN1CCc2c(c3ccccc3n2S(=O)(=O)c2cccc(/C=C/C(=O)NO)c2)C1,5.5,1
CHEMBL4167594,Nc1cc(F)ccc1NC(=O)c1ccc(NC(=O)Cc2ccccc2)cc1,5.5,1
CHEMBL4541796,Cn1cncc1-c1cn(Cc2ccc(C(=O)NO)cc2)c2ccccc12,5.5,1
CHEMBL5198176,CCCCCCNNC(=O)c1cnc(NCc2ccccc2)nc1,5.5,1
CHEMBL5596725,CC(=O)O.O=C(NO)c1ccc(CN2C(=O)[C@@H]3CCCN3Cc3ccccc32)cc1,5.5,1
CHEMBL5612071,CCCNNC(=O)/C=C/c1ccc(CN(CCc2c(C)[nH]c3ccccc23)C(=O)c2cc3ccccc3s2)cc1,5.5,1
CHEMBL2323288,CC(C)[C@@H]1NC(=O)Cn2nnnc2-c2csc(n2)CNC(=O)C[C@@H](/C=C/CCS)OC1=O,5.49,1
CHEMBL4081822,COc1ccc2c(C(=O)c3cc(OC)c(OC)c(OC)c3)cn(S(=O)(=O)c3cccc(/C=C/C(=O)NO)c3)c2c1,5.49,1
CHEMBL4291295,Nc1ccccc1NC(=O)c1ccc(CSC(=S)N2CCc3ccccc3C2)cc1,5.49,1
CHEMBL4459612,CCCCN(CCC)NC(=O)/C=C/c1ccc(CNCCc2c(C)[nH]c3ccccc23)cc1.O=C(O)C(F)(F)F,5.49,1
CHEMBL4588261,CC[C@H](Nc1ncnc2[nH]cnc12)c1nc2cccc(NCCCC(=O)NO)c2c(=O)n1-c1ccccc1,5.49,1
CHEMBL5200361,CCNNC(=O)c1ccc(Cn2c3ccccc3c3cnccc32)cc1,5.49,1
CHEMBL5193384,C#CCN(C)CCCOc1cccc(NC(=O)CCCCCCC(=O)NO)c1Cl,5.49,1
CHEMBL5269722,CN(C)c1ccc(C(=O)NNCC2CCCC2)cc1,5.49,2
CHEMBL6163438,CCNNC(=O)c1ccc(CNC(=O)c2ccc(NC(=O)COCCOCC(=O)N[C@H](C(=O)N3C[C@H](O)C[C@H]3C(=O)NCc3ccc(-c4scnc4C)cc3)C(C)(C)C)cc2)cc1,5.49,1
CHEMBL2093007,C/C=C1\NC(=O)[C@@H](CSC)NC(=O)[C@@H](C(C)C)CC(=O)C[C@@H](/C=C/CCSC)OC(=O)[C@H](C(C)C)NC1=O,5.48,1
CHEMBL405072,Nc1ccccc1NC(=O)c1ccccc1,5.48,3
CHEMBL3621297,Nc1ccccc1NC(=O)CCCCC(=O)Nc1ccc2c(c1)/C(=C/c1ccc[nH]1)C(=O)N2,5.48,1
CHEMBL3921621,CC1(C)C(=O)N(c2ccc(C#N)c(C(F)(F)F)c2)C(=S)N1c1ccc(C(=O)NCCCCCCn2cccc(O)c2=S)c(F)c1,5.48,1
CHEMBL4280893,CCCN1CC(=O)N2Cc3c(c4ccccc4n3Cc3ccc(C(=O)NO)cc3)CC2C1=O,5.48,1
CHEMBL6165186,NC(=O)[C@H]1Cc2c([nH]c3ccccc23)[C@H](c2ccc(/C=C/C(=O)NO)cc2)N1,5.48,1
CHEMBL6176521,NC(=O)[C@H]1Cc2c([nH]c3ccccc23)[C@@H](c2ccc(/C=C/C(=O)NO)cc2)N1,5.48,1
CHEMBL407420,Nc1ccccc1NC(=O)c1ccc(CN(CCO)Cc2ccc3c(c2)OCO3)cc1,5.47,1
CHEMBL3948543,CC1(C)C(=O)N(c2ccc(C#N)c(C(F)(F)F)c2)C(=S)N1c1ccc(C(=O)NCCCCCCC(=O)Nc2ccccc2N)c(F)c1,5.47,1
CHEMBL4161650,C[C@H](C(=O)Nc1ccc(C(=O)Nc2ccc(F)cc2N)cc1)c1ccccc1,5.47,1
CHEMBL4563988,COC(=O)c1ccc2ccccc2c1OCCCCCCCC(=O)NO,5.47,1
CHEMBL4862719,CCC[C@H](NC(=O)C1CN(C)C1)c1ncc(-c2cc3ccccc3nc2OC)[nH]1,5.47,1
CHEMBL5436930,COc1cc2c(cc1OC)C(=O)C(CC1CCN(S(=O)(=O)c3cccc(/C=C/C(=O)NO)c3)CC1)C2,5.47,1
CHEMBL3426898,O=C(NO)c1ccc(Oc2no[n+]([O-])c2S(=O)(=O)c2ccccc2)cc1,5.47,1
CHEMBL5436104,O=C(NCC12C[C@H]3C[C@@H](C1)C[C@@H](C2)C3)c1ccc2c(ccn2Cc2ccc(C(=O)NO)c(F)c2)c1,5.47,1
CHEMBL481726,O=C(NO)c1ccc(CN2C(=O)CNC(=O)[C@H]2Cc2cccs2)cc1,5.46,1
CHEMBL2425955,Cc1nc2cc(/C=C/C(=O)NO)ccc2c(=O)n1-c1ccccc1,5.46,2
CHEMBL4102833,O=C(CCCC(CCC(=O)Nc1ccccc1)Cc1ccccc1)NO,5.46,1
CHEMBL4457698,CN(C)c1cccc2c(S(=O)(=O)N(CC(=O)NCc3ccccc3)Cc3ccc(C(=O)NO)cc3)cccc12,5.46,1
CHEMBL5939902,O=C(NO)c1ccc2oc(COc3cccc(F)c3)cc2c1,5.46,1
CHEMBL3673102,Nc1ccc(-c2cccs2)cc1NC(=O)c1ccc(CNC(=O)c2cc3ccccc3o2)cc1,5.45,2
CHEMBL5205968,C[C@H]1CN(Cc2ccc(C(=O)NO)cc2)C[C@@H]1c1nc2c(cnn2C2CCCC2)c(=O)[nH]1,5.45,1
CHEMBL5205841,C[C@@H]1CN(Cc2ccc(C(=O)NO)cc2)C[C@H]1c1nc2c(cnn2C2CCCC2)c(=O)[nH]1,5.45,1
CHEMBL5619732,C[C@@H]1CN(Cc2ccc(C(=O)NO)cc2)C[C@H]1c1nc2c(cnn2C2CCOCC2)c(=O)[nH]1,5.45,1
CHEMBL6169160,CC(c1nc2c(cnn2C2CCCC2)c(=O)[nH]1)C1CC(Cc2ccc(C(=O)NO)cc2)C1,5.45,1
CHEMBL491130,O=C(N[C@@H](CCCCCB(O)O)C(=O)Nc1cccc(-c2ccccc2)c1)c1ccccc1,5.44,1
CHEMBL1771486,O=C1CC/C=C/CCC(=O)N(Cc2cccc(/C=N/NC(=O)c3cccc(C(=O)NO)c3)c2)C[C@@H](c2ccccc2)O1,5.44,2
CHEMBL2425970,CCc1nc2ccc(Cc3ccc(C(=O)NO)cc3)cc2c(=O)n1CCc1ccccc1,5.44,1
CHEMBL5200566,C#CCN(C)CCCOc1cc(NC(=O)CCCCCCCCC(=O)NO)ccc1Cl,5.44,1
CHEMBL5631614,Nc1nc(Cl)c2ncn(Cc3ccc(-c4noc(C(F)(F)F)n4)cc3F)c2n1,5.44,1
CHEMBL468527,O=C(CCCCc1cc(C(=O)NO)no1)Nc1ccc(-c2ccccc2)cc1,5.43,1
CHEMBL3110281,N#Cc1cccc(-c2cn(CCCCCn3cccc(O)c3=S)nn2)c1,5.43,1
CHEMBL3940985,Cc1ccc(NC(=O)CCCCCC(=O)Nc2ccccc2N)cc1,5.43,3
CHEMBL4212186,CCCc1nn(C)c2c(=O)[nH]c(-c3cc(Cc4ccc(C(=O)NO)s4)ccc3OCC)nc12,5.43,1
CHEMBL4560253,Nc1ccccc1NC(=O)CCCCCC(=O)c1ccccc1,5.43,1
CHEMBL4448410,O=C(NO)c1ccc(Cn2nnnc2-c2cccs2)cc1,5.43,1
CHEMBL5271954,O=C(CCCCCCN(Cc1cc2ccccc2[nH]1)Cc1cc2ccccc2[nH]1)NO,5.43,1
CHEMBL1097748,Nc1ccc(-c2ccc(Br)cc2)cc1NC(=O)c1ccccc1,5.42,2
CHEMBL3585971,COc1ccc(-c2noc(CCCCCCC(=O)Nc3ccccc3N)n2)cc1,5.42,1
CHEMBL4784684,Nc1ccccc1NC(=O)c1ccc(Cn2cnc3c(Nc4ccc(F)c(Cl)c4)nc(Cl)nc32)cc1,5.42,1
CHEMBL5291493,Cc1c(NC(=O)CN2C(=O)S/C(=C\c3ccc(Br)cc3)C2=O)c(=O)n(-c2ccccc2)n1C,5.42,1
CHEMBL564382,O=C(/C=C/c1ccc(C(c2c[nH]c3ccccc23)c2c[nH]c3ccccc23)cc1)NO,5.41,1
CHEMBL1812335,N[C@H](Cc1ccc(Cl)cc1Cl)C(=O)N1Cc2ccccc2C1,5.41,3
CHEMBL2323290,CC(C)[C@@H]1NC(=O)Cn2cc(nn2)-c2csc(n2)CNC(=O)C[C@@H](/C=C/CCS)OC1=O,5.41,1
CHEMBL4217821,CCCc1nn(C)c2c(=O)[nH]c(-c3cc(Cc4ccc(C(=O)NO)cc4)ccc3OCC)nc12,5.41,1
CHEMBL5268631,CCCNNC(=O)c1ccc(Br)cc1,5.41,2
CHEMBL5936289,CCCCNNC(=O)c1ccc(-c2cc(C(=O)OCC)ccc2F)cc1,5.41,1
CHEMBL2425957,Cc1nc2cc(/C=C/C(=O)NO)ccc2c(=O)n1Cc1ccccc1,5.4,1
CHEMBL4636051,O=C(CCCCCC(=O)NCCCN1c2ccccc2CCc2ccc(Cl)cc21)NO,5.4,1
CHEMBL4749146,O=C(NO)c1ccc(CCCN2CCC(CN[C@H]3C[C@@H]3c3ccccc3)CC2)cc1,5.4,1
CHEMBL5194442,O=C([C@H]1C[C@@H](c2ccc(Cl)cc2)CN1)N1Cc2ccccc2C1,5.4,1
CHEMBL3885496,Cc1ccc(-c2cc(C(F)(F)F)nn2-c2ccc(S(=O)(=O)NCCCCCCC(=O)NO)cc2)cc1,5.39,1
CHEMBL4444763,Cc1cc(C)cc(CNC(=O)CN(CCCCCC(=O)Nc2ccccc2N)C(=O)c2cc(C)cc(C)c2)c1,5.39,1
CHEMBL5268555,CNC(=O)CCCCC[C@H](NC(=O)Cn1ccc2cc(C#N)ccc21)c1ncc(-c2ccc(CN(C)C)cc2)[nH]1,5.39,1
CHEMBL6174424,CC(C)[C@@H]1NC(=O)[C@]2(C)CSC(=N2)c2csc(n2)CNC(=O)C[C@@H](/C=C/CCC(=O)Nc2ccccc2N)OC1=O,5.39,1
CHEMBL2018302,CN1CCc2c(c3ccccc3n2Cc2ccc(C(=O)NO)cc2)C1,5.38,13
CHEMBL4167609,CC[C@H](C(=O)Nc1ccc(C(=O)Nc2ccc(F)cc2N)nc1)c1ccccc1,5.38,1
CHEMBL4457985,COC(=O)CCNNC(=O)/C=C/c1ccc(CNCCc2c(C)[nH]c3ccccc23)cc1.O=C(O)C(F)(F)F,5.38,1
CHEMBL4551227,C[C@@H](Nc1ccccc1)c1ccc(C(=O)Nc2ccccc2N)cc1,5.38,1
CHEMBL4751300,Nc1cc(F)ccc1NC(=O)c1ccc(NC(=O)CCCCNC(=O)CNc2cccc3c2C(=O)N(C2CCC(=O)NC2=O)C3=O)cc1,5.38,1
CHEMBL5200063,CCNNC(=O)c1ccc(CN2c3ccccc3C=Cc3ccc(F)cc32)cc1,5.38,1
CHEMBL5187984,C#CCN(C)CCCOc1cc(NC(=O)CCCCCCCC(=O)NO)ccc1Cl,5.38,1
CHEMBL5281042,O=C(CCCCCCN(Cc1ccc2ccccc2c1)Cc1ccc2ccccc2c1)NO,5.38,1
CHEMBL1099078,CC(=O)c1ccc(-c2ccc(N)c(NC(=O)c3ccccc3)c2)cc1,5.36,2
CHEMBL3098696,O=C(CCCCCCC(=O)NC1CCCC1)NO,5.36,1
CHEMBL3421744,Nc1ccccc1NC(=O)c1ccc(CNCc2nc(-c3cccs3)no2)cc1,5.36,1
CHEMBL4066043,O=C(NO)c1ccc(CC(=O)N(CCO)c2ccccc2)cc1,5.36,7
CHEMBL4214135,CCCc1nc(C)c2c(=O)[nH]c(-c3cc(Cc4ccc(C(=O)NO)s4)ccc3OCC)nn12,5.36,1
CHEMBL4853791,Cn1c(SCc2ccc(C(=O)NO)cc2)nnc1-c1ccncc1,5.36,1
CHEMBL5180229,CCNNC(=O)c1ccc(Cn2c3ccccc3c3ccncc32)cc1,5.36,1
CHEMBL5169915,CCNNC(=O)c1ccc(CN2c3ccccc3C=Cc3ccc(C)cc32)cc1,5.36,1
CHEMBL5170634,CC(C)c1ccccc1C(=O)N(CC(=O)NC(C)(C)C)Cc1ccc(C(=O)NO)cc1F,5.35,1
CHEMBL5186290,CCCCCCNNC(=O)c1cnc(NCc2ccc(CNC(C)=O)cc2)nc1,5.35,1
CHEMBL3585982,COc1ccc(-c2noc(CCCCCCC(=O)C(F)(F)F)n2)cc1,5.34,1
CHEMBL4437432,O=C(NO)c1ccc2c(c1)C(=O)c1ccccc1C2=O,5.34,1
CHEMBL440018,CN(C)c1ccc(C(=O)NCCCCCCNC(=O)CS)cc1,5.33,1
CHEMBL3827412,Nc1ccc(-c2ccc(F)cc2)cc1NC(=O)C1CCCOC1,5.33,1
CHEMBL3926754,CCCc1nn(C)c2c(=O)[nH]c(-c3cc(S(=O)(=O)N4CCN(CCCC(=O)NO)CC4)ccc3OCC)nc12,5.33,1
CHEMBL4784481,COc1cccc(-c2ccc3c(NC(=O)C4CCC(C(=O)NO)CC4)n[nH]c3c2)c1,5.33,1
CHEMBL5286783,CCCCNNC(=O)c1ccc(Cl)cc1,5.33,2
CHEMBL5438435,CCCCC(=O)N(CCCC)Cc1ccc(C(=O)NO)cc1,5.33,1
CHEMBL6189220,CCC(CC)(c1ccc(C(=O)NCCCCC(=O)NO)cc1)c1ccc(OCC(O)C(C)(C)C)c(C)n1,5.33,1
CHEMBL1094108,Cc1cccc(-c2ccc(N)c(NC(=O)c3ccccc3)c2)c1,5.32,2
CHEMBL2381524,O=C(/C=C/c1cccc(C(=O)NO)c1)Nc1ccccc1,5.32,1
CHEMBL2425965,CCc1nc2cc(/C=C/C(=O)NO)ccc2c(=O)n1CCc1ccc(OC)cc1,5.32,1
CHEMBL2425961,CCc1nc2cc(/C=C/C(=O)NO)ccc2c(=O)n1CCc1ccccc1,5.32,1
CHEMBL3347516,Nc1ccccc1NC(=O)CCCCCCC(=O)Nc1ccccc1N,5.32,1
CHEMBL3655977,O=C(NO)c1cnc(NC2(c3ccc(F)cc3)CCCCC2)nc1,5.32,1
CHEMBL4175686,CC[C@H](C(=O)Nc1ccc(C(=O)Nc2ccc(F)cc2N)cc1)c1ccccc1,5.32,1
CHEMBL4202521,CCCc1nn(C)c2c(=O)[nH]c(-c3cc(-c4ccc(C(=O)NO)s4)ccc3OCC)nc12,5.32,1
CHEMBL4205609,COc1cccc(C(=O)c2ccc3c(ccn3S(=O)(=O)c3cccc(/C=C/C(=O)NO)c3)c2)c1,5.32,1
CHEMBL4749523,CC1(C)C(=O)C(C#N)=C[C@]2(C)[C@H]3C(=O)C=C4[C@@H]5C[C@@](C)(C(=O)N6CCN(c7ccc(NC(=O)CCCCCCC(=O)NO)cc7)CC6)CC[C@]5(C)CC[C@@]4(C)[C@]3(C)CC[C@@H]12,5.32,1
CHEMBL5178014,C#CCN(C)CCCOc1cc(NCc2ccc(C(=O)NO)cc2)ccc1Cl,5.32,1
CHEMBL2047615,O=C(/C=C\c1cn(-c2ccccc2)nc1-c1ccc(Br)cc1)Nc1ccc(Br)cc1,5.31,1
CHEMBL3417211,COc1cc2c(c(OC)c1OC)-c1ccc(OC)c(=O)cc1[C@@H](NC(=O)c1cccc(C(=O)Nc3ccccc3N)c1)CC2,5.31,1
CHEMBL4173566,Nc1cc(F)ccc1NC(=O)c1ccc(NC(=O)C2CC2c2ccccc2)cn1,5.31,1
CHEMBL4288220,CCC(CCCC(=O)Nc1ccccc1)CCC(=O)NO,5.31,1
CHEMBL4443074,CCCNNC(=O)c1cccc(CNCCc2c(C)[nH]c3ccccc23)c1.O=C(O)C(F)(F)F,5.31,1
CHEMBL4448385,CC(C)c1cc(C(=O)N(C)c2ccc(NC(=O)CCCCCCCC(=O)NO)cc2)c(O)cc1O,5.31,1
CHEMBL4635130,COc1nc2ccccc2cc1-c1cnc([C@@H](N)CCCCCC(=O)c2ncc[nH]2)[nH]1,5.31,1
CHEMBL1771487,O=C1CC/C=C/CCC(=O)N(Cc2cccc(/C=N/NC(=O)c3cccc(C(=O)NO)c3)c2)C[C@H](c2ccccc2)O1,5.3,1
CHEMBL2047607,Cc1ccc(-c2nn(-c3ccccc3)cc2/C=C\C(=O)Nc2ccc(Br)cc2)cc1,5.3,1
CHEMBL2047614,O=C(/C=C\c1cn(-c2ccccc2)nc1-c1ccc(Br)cc1)Nc1ccc(Cl)cc1,5.3,1
CHEMBL3098697,O=C(CCCCC[C@H](NC(=O)[C@@H]1CCCC(=O)N1)C(=O)NC1CCCC1)NO,5.3,1
CHEMBL4450805,Cc1ccc(CNC(=O)CN(CCCCCC(=O)Nc2ccccc2N)C(=O)c2cc(C)cc(C)c2)cc1,5.3,1
CHEMBL4777009,COc1ccc(S(=O)(=O)Nc2ccccc2OCc2ccc(C(=O)Nc3ccccc3N)cc2)cc1,5.3,1
CHEMBL4438566,O=C(NO)c1ccc(CN2c3ccccc3Sc3ccccc32)cc1,5.3,1
CHEMBL5075135,O=C(NO)c1ccc(CN(Cc2cccnc2)S(=O)(=O)c2cc(F)c(F)c(F)c2F)cc1,5.3,1
CHEMBL483477,O=C(CCCCCCC(=O)NCCc1ccccc1)NO,5.29,1
CHEMBL1478023,O=C1/C(=C/c2ccc(O)c(O)c2)Oc2ccccc21,5.29,1
CHEMBL3585963,O=C(CCCCCCc1nc(-c2ccc(Cl)cc2)no1)NO,5.29,1
CHEMBL3585977,Nc1ccccc1NC(=O)CCCCCCc1nc(-c2cccc([N+](=O)[O-])c2)no1,5.29,1
CHEMBL4213615,CCCc1nc(C)c2c(=O)[nH]c(-c3cc(Cc4ccc(C(=O)NO)cc4)ccc3OCC)nn12,5.29,1
CHEMBL4215954,O=C(NO)c1ccc(Cn2ccc3cc(C(=O)c4ccc(F)cc4)ccc32)cc1,5.29,1
CHEMBL4210907,COc1cccc(C(=O)c2ccc3c(ccn3Cc3ccc(C(=O)NO)cc3)c2)c1,5.29,1
CHEMBL4858289,O=C(NO)c1ccc(CN2C(=O)C(Cc3ccccc3)N(Cc3ccccn3)C2=O)cc1,5.29,1
CHEMBL2057825,[N-]=[N+]=NCc1cc(N=[N+]=[N-])cc(C(=O)Nc2cc(-c3cccs3)ccc2N)c1,5.28,3
CHEMBL3793310,Cc1[nH]c2ccccc2c1/C=C/c1ccccc1-c1ccc(/C=C/C(=O)NO)cc1,5.28,1
CHEMBL4216804,Cc1c2ccc(N(C)c3ccnc(Nc4ccc(/C=C/C(=O)NO)cc4)n3)cc2nn1C,5.28,1
CHEMBL3426900,COc1cc(C(=O)NO)ccc1Oc1no[n+]([O-])c1S(=O)(=O)c1ccccc1,5.28,1
CHEMBL6176572,CN(C)c1ccc(C(=O)N(CC(=O)NCc2ccccc2)Cc2ccc(C(=O)NNc3ccccc3)cc2)cc1,5.28,1
CHEMBL2047616,COc1ccc(NC(=O)/C=C\c2cn(-c3ccccc3)nc2-c2ccc(Br)cc2)cc1,5.27,1
CHEMBL3417292,COc1cc2c(c(OC)c1OC)-c1ccc(OC)c(=O)cc1[C@@H](NCc1cccc(C(=O)Nc3cc(-c4cccs4)ccc3N)c1)CC2,5.27,1
CHEMBL4217705,O=C(CCCCN(Cc1ccccc1)Cc1ccccc1)NO,5.27,1
CHEMBL4520435,Nc1ccccc1NC(=O)CCCCCN(CC(=O)NC1CCCCC1)C(=O)c1cccc2ccccc12,5.27,1
CHEMBL4440264,Nc1ccccc1NC(=O)c1ccc(C(=O)Nc2ccccc2)cc1,5.27,1
CHEMBL5612289,C#CCN1CCN(CCCOc2ccc3c(ccn3S(=O)(=O)c3ccc(C(=O)NO)cc3)c2)CC1,5.27,1
CHEMBL6011678,O=C(NO)c1ccc(Cn2sc3ncccc3c2=O)cc1,5.27,1
CHEMBL481718,O=C(NO)c1ccc(CN2C(=O)CNC(=O)[C@H]2Cc2ccccc2)cc1,5.26,1
CHEMBL4210305,COc1ccc(CN(CCN(C)C)c2ccc(C(=O)Nc3ccccc3N)cn2)cc1,5.26,1
CHEMBL4078477,Nc1cc(F)ccc1NC(=O)/C=C/c1cnn(C/C=C/c2ccccc2)c1,5.26,6
CHEMBL4759780,O=C(NO)c1ccc(Cn2c(=O)c(F)cn(C3CCCO3)c2=O)cc1,5.26,1
CHEMBL5193180,CCCNNC(=O)c1ccc(CNC(C)=O)cc1,5.26,1
CHEMBL5612582,CCCNNC(=O)/C=C/c1ccc(CN(CCc2c(C)[nH]c3ccccc23)Cc2ccc(F)cc2)cc1,5.26,1
CHEMBL5960394,CC(C)c1ccc(-c2nc3cc(C(=O)NO)ccc3s2)cc1,5.26,1
CHEMBL2425968,CCc1nc2cc(F)c(/C=C/C(=O)NO)cc2c(=O)n1CCc1ccccc1,5.25,1
CHEMBL3235118,CC(C)c1cc(-n2nnc(C(=O)NCCCCCCC(=O)NO)c2-c2ccc(CN3CCOCC3)cc2)c(O)cc1O,5.25,1
CHEMBL4215029,COc1cc(C(=O)c2ccc3c(ccn3Cc3ccc(/C=C/C(=O)NO)cc3)c2)cc(OC)c1OC,5.24,1
CHEMBL137875,O=CN(O)CCCCCCCC(=O)Nc1cccc2ccccc12,5.23,1
CHEMBL2047606,Cc1ccc(-c2nn(-c3ccccc3)cc2/C=C\C(=O)Nc2ccc(Cl)cc2)cc1,5.23,1
CHEMBL3110287,Oc1cccn(CCCCCn2cc(-c3ccccc3)nn2)c1=S,5.23,1
CHEMBL3421740,Nc1ccccc1NC(=O)c1ccc(CNCc2nc(-c3ccc(C(F)(F)F)cc3)no2)cc1,5.23,1
CHEMBL4586891,O=C(CCCCCn1cc(-c2ccc(C(=O)c3c(-c4ccc(O)cc4)sc4cc(O)ccc34)cc2)nn1)NO,5.23,2
CHEMBL4742345,CCCCNNC(=O)c1ccc2ccccc2c1,5.23,1
CHEMBL3526396,C[C@@]12Nc3ccccc3[C@]1(O)CCN2Cc1ccc(/C=C/C(N)=O)cc1,5.22,1
CHEMBL4250582,C[Si](O)(O)CCCCCCC(=O)Nc1ccccc1,5.22,3
CHEMBL4462904,Nc1ccccc1NC(=O)CCCCCN(CC(=O)NC1CCCCC1)C(=O)c1ccccc1,5.22,1
CHEMBL4634931,O=C(CCCC(=O)NCCCN1c2ccccc2CCc2ccc(Cl)cc21)NO,5.22,1
CHEMBL5206154,O=C(/C=C/C=C/c1csc(Br)n1)NO,5.22,1
CHEMBL5412573,CCCCN(Cc1ccc(C(=O)NO)cc1)C(=O)CCCCn1cc(COc2cccc(Cc3cnc(NC(=O)CSc4nc(C)cc(C)n4)s3)c2)nn1,5.22,2
CHEMBL3692688,CCN(CC)CCNC(=O)c1ccc(-c2noc(C(F)(F)F)n2)cc1,5.21,1
CHEMBL356769,O=C(CCCCCCC(=O)Nc1ccc([C@H]2O[C@@H](CSc3nc(-c4ccccc4)c(-c4ccccc4)o3)C[C@@H](c3ccc(CO)cc3)O2)cc1)NO,5.2,11
CHEMBL1771485,C#CCOc1ccc(/C=N/NC(=O)c2cccc(C(=O)NO)c2)cc1,5.2,2
CHEMBL3585962,O=C(CCCCCCc1nc(-c2ccc(F)cc2)no1)NO,5.2,1
CHEMBL3585974,Nc1ccccc1NC(=O)CCCCCCc1nc(-c2ccc(Cl)cc2)no1,5.2,1
CHEMBL3394285,O=C(/C=C/c1ccc(C(F)(F)F)cc1)NO,5.2,1
CHEMBL4578278,O=C(NO)c1ccc(Cn2cc(CN3CCCC3)c3ccccc32)cc1,5.2,1
CHEMBL5632251,CN1c2ccc(NCc3ccc(C(=O)Nc4ccccc4N)cc3)cc2C(=O)N2CCc3c([nH]c4ccccc34)[C@H]21,5.2,1
CHEMBL180911,CN(C)c1ccc(C(=O)NCCCCCNC(=O)CS)cc1,5.19,1
CHEMBL2047608,COc1ccc(NC(=O)/C=C\c2cn(-c3ccccc3)nc2-c2ccc(C)cc2)cc1,5.19,1
CHEMBL2047613,O=C(/C=C\c1cn(-c2ccccc2)nc1-c1ccc(Br)cc1)Nc1ccccc1,5.19,1
CHEMBL2057827,[N-]=[N+]=NCCOc1ccc(C(=O)Nc2cc(-c3ccccc3)ccc2N)cc1N=[N+]=[N-],5.19,3
CHEMBL2425958,Cc1nc2cc(/C=C/C(=O)NO)ccc2c(=O)n1CCc1ccccc1,5.19,1
CHEMBL3914813,CCOc1ccc(CC2CCN(c3ccc(C(=O)NO)cn3)CC2)cc1-c1nc2c(CC)nn(C)c2c(=O)[nH]1,5.19,1
CHEMBL4782990,Nc1ccccc1NC(=O)c1ccc(Cn2ccc3c(Cl)nc(Cl)nc32)cc1,5.19,1
CHEMBL5170507,O=C([C@H]1C[C@@H](c2ccccc2)CN1)N1Cc2ccccc2C1,5.19,1
CHEMBL6165790,O=C(CCCCCCC(=O)NC[C@H]1CN(c2ccc(N3CCOCC3)c(F)c2)C(=O)O1)NO,5.19,1
CHEMBL396097,O=C(NO)C(c1ccccc1)c1ccccc1,5.18,1
CHEMBL2057828,[N-]=[N+]=NCCOc1ccc(C(=O)Nc2cc(-c3cccs3)ccc2N)cc1N=[N+]=[N-],5.18,3
CHEMBL3356930,O=C(CCCCCCS)NC1CCCC1,5.18,1
CHEMBL3828015,Nc1ccc(-c2ccc(F)cc2)cc1NC(=O)C1CCc2ccccc2O1,5.18,1
CHEMBL4456250,Cc1cc(C)cc(C(=O)N(CCCCCC(=O)Nc2ccccc2N)CC(=O)NC2CCCCC2)c1,5.18,1
CHEMBL4635034,O=C(/C=C/c1ccc(CNCCCN2c3ccccc3CCc3ccc(Cl)cc32)cc1)NO,5.18,1
CHEMBL3426896,O=C(/C=C/COc1no[n+]([O-])c1S(=O)(=O)c1ccccc1)NO,5.18,1
CHEMBL5969007,O=C(NO)c1ccc2sc(-c3ccc(F)cc3)nc2c1,5.18,1
CHEMBL3417213,COc1cc2c(c(OC)c1OC)-c1ccc(OC)c(=O)cc1[C@@H](NCc1ccc(C(=O)Nc3ccccc3N)cc1)CC2,5.17,1
CHEMBL5178565,COc1ccc(CNC(=O)c2cc(F)ccc2N2CCOCC2)cc1OCC(=O)NO,5.17,1
CHEMBL5177240,C#CCN(C)CCCOc1cc(NC(=O)CCCCCCC(=O)NO)c(Cl)cc1Cl,5.17,1
CHEMBL5879371,CCCNNC(=O)c1ccc2ccccc2c1,5.17,1
CHEMBL236678,Nc1ccccc1NC(=O)c1cccnc1,5.16,1
CHEMBL2179618,CCCCN(Cc1ccc(C(=O)NO)cc1)C(=O)Nc1ccccc1,5.16,4
CHEMBL2425966,CCc1nc2cc(/C=C/C(=O)NO)ccc2c(=O)n1CCc1ccc(F)cc1,5.16,1
CHEMBL3899814,CCCc1nn(C)c2c(=O)[nH]c(-c3cc(S(=O)(=O)N4CCN(Cc5ccc(/C=C/C(=O)NO)cc5)CC4)ccc3OCC)nc12,5.16,1
CHEMBL4567733,CC(Nc1ccccc1)c1ccc(C(=O)Nc2ccccc2N)cc1,5.16,1
CHEMBL1797936,CC1=NN(c2ccc(C(=O)O)cc2)C(=O)/C1=C\c1ccc(-c2cc(C)c(C)cc2[N+](=O)[O-])o1,5.16,1
CHEMBL5945074,COc1cccc(-c2cc3ccc(C(=O)NO)cc3o2)c1,5.16,1
CHEMBL4209463,Cc1ccc(C(=O)c2ccc3c(ccn3Cc3ccc(C(=O)NO)cc3)c2)cc1,5.14,1
CHEMBL4207182,Cc1ccc(C(=O)c2ccc3c(ccn3S(=O)(=O)c3cccc(/C=C/C(=O)NO)c3)c2)cc1,5.14,1
CHEMBL4465023,CCCCCN(CCC)NC(=O)/C=C/c1ccc(CNCCc2c(C)[nH]c3ccccc23)cc1.O=C(O)C(F)(F)F,5.14,1
CHEMBL4516095,CC[C@H](Nc1ncnc2[nH]cnc12)c1nc2cccc(NCc3ccc(C(=O)NO)cc3)c2c(=O)n1-c1ccccc1,5.14,1
CHEMBL6051988,CCCCNNC(=O)c1ccc(-c2cncnc2)cc1,5.14,1
CHEMBL6193423,CCC(CC)(c1ccc(OCCCCCC(=O)NO)cc1)c1ccc(OCC(O)C(C)(C)C)c(C)n1,5.14,1
CHEMBL2425954,Cc1nc2ccc(/C=C/C(=O)NO)cc2c(=O)n1-c1ccccc1,5.13,1
CHEMBL3585981,Cc1ccc(-c2noc(CCCCCCC(=O)C(F)(F)F)n2)cc1,5.13,1
CHEMBL4087616,CN1C(=O)C2CN(Cc3c2c2ccccc2n3Cc2ccc(C(=O)NO)cc2)C1=O,5.13,1
CHEMBL4175555,CS(=O)(=O)Nc1ccc(-c2ccnc(Nc3ccc(N4CCC(C(=O)Nc5ccc(/C=C/C(=O)NO)cc5)CC4)cc3)n2)cc1,5.13,1
CHEMBL2170177,COc1ccc(Cn2ccc3ccc(C(=O)NO)cc32)cc1,5.13,2
CHEMBL4847471,Cn1c(SCCCCCC(=O)O)nnc1-c1ccncc1,5.13,1
CHEMBL5271192,CN(C)c1cccc2c(SNCCCCCC(=O)NO)cccc12,5.13,1
CHEMBL5757328,CCCCNNC(=O)c1ccc(OCC)c(OCC)c1,5.13,1
CHEMBL5283611,Cc1noc(-c2ccccc2)c1C#CCCCCCNC(=O)C(C)S,5.12,1
CHEMBL5280540,O=C(NNCCC1CCCC1)c1ccc(Br)cc1,5.12,2
CHEMBL5613949,CCCNNC(=O)/C=C/c1ccc(CN(CCc2c(C)[nH]c3ccccc23)Cc2cc(Cl)ccc2O)cc1,5.12,1
CHEMBL6055385,Cn1cnc(/C=C/C(=O)Nc2ccccc2N)c1,5.12,2
CHEMBL5865928,Nc1ccccc1NC(=O)/C=C/c1cnc2ccccn12,5.12,2
CHEMBL6062115,CCOCc1cn2cc(/C=C/C(=O)Nc3ccccc3N)sc2n1,5.12,2
CHEMBL6052509,Nc1ccccc1NC(=O)/C=C/c1cnn(CC2CC2)c1,5.12,2
CHEMBL5788877,Cc1nc(/C=C/C(=O)Nc2ccccc2N)cs1,5.12,2
CHEMBL5993711,Cc1ncc(/C=C/C(=O)Nc2ccccc2N)s1,5.12,2
CHEMBL5797629,Nc1cc(F)ccc1NC(=O)c1ccc2c(cnn2CC2CC2)c1,5.12,1
CHEMBL139192,O=CN(O)CCCCCCCC(=O)Nc1ccccc1,5.11,1
CHEMBL3421753,O=C(NO)c1ccc(CNCc2nc(-c3ccc(F)cc3)no2)cc1,5.11,1
CHEMBL4175450,Nc1cc(F)ccc1NC(=O)c1ccc(NC(=O)CCc2ccccc2)cn1,5.11,1
CHEMBL4759260,COc1ccccc1C(=O)NCCCC[C@H](NC(=O)c1cncs1)c1ncc(-c2ccc3ccccc3c2)[nH]1,5.11,1
CHEMBL5892148,CN1CCN(Cc2ccc(-c3nc4ccc(C(=O)NO)cc4[nH]3)cc2)CC1,5.11,1
CHEMBL16300,O=C(NO)c1ccccc1,5.1,1
CHEMBL3585961,O=C(CCCCCCc1nc(-c2ccc(C(F)(F)F)cc2)no1)NO,5.1,1
CHEMBL3655949,Cc1cc(F)ccc1C(C)(C)Nc1ncc(C(=O)NO)cn1,5.1,1
CHEMBL4531802,O=C(NO)c1ccc(Cn2c3c(c4ccccc42)COCC3)cc1,5.1,1
CHEMBL4470067,CN(C)Cc1nn(Cc2ccc(C(=O)NO)cc2)c2ccccc12,5.1,1
CHEMBL5184678,CC12CC3CC(C)(C1)CC(NC(=O)/C=C/c1ccc(C(=O)NO)cc1)(C3)C2,5.1,1
CHEMBL3585986,O=C(CCCCCCc1nc(-c2ccc([N+](=O)[O-])cc2)no1)C(F)(F)F,5.09,1
CHEMBL3893799,Cc1cc2ccccc2n1Cc1ccc(C(=O)NO)cc1,5.09,1
CHEMBL4475018,CCCN(CC)NC(=O)/C=C/c1ccc(CNCCc2c(C)[nH]c3ccccc23)cc1.O=C(O)C(F)(F)F,5.09,1
CHEMBL4534621,Nc1ccccc1NC(=O)CCCCNC(=O)c1ccccc1,5.09,1
CHEMBL4442562,S=C1Sc2cccc(I)c2C2=NCCCN12,5.09,1
CHEMBL3426899,O=C(NO)c1cccc(Oc2no[n+]([O-])c2S(=O)(=O)c2ccccc2)c1,5.09,1
CHEMBL5563683,CN(Cc1ccccc1)C(=O)c1ccc(-c2noc(C(F)(F)F)n2)cc1,5.09,1
CHEMBL3421745,Nc1ccccc1NC(=O)c1ccc(CNCc2nc(-c3cccnc3)no2)cc1,5.08,1
CHEMBL320497,O=C(CCCCCCC(=O)NO)NO,5.08,1
CHEMBL4174803,CC(C)[C@@H](C(=O)Nc1ccc(C(=O)Nc2ccc(F)cc2N)cn1)c1ccccc1,5.08,1
CHEMBL4576202,CC(C)C[C@H](NC(=O)CNC(=O)c1cccc(/C=C/C(=O)NO)c1)B1O[C@@H]2[C@@H]3C[C@H](C[C@]2(C)O1)C3(C)C,5.08,1
CHEMBL4585688,C[C@H](Nc1ccccc1)c1ccc(C(=O)Nc2ccccc2N)cc1,5.08,1
CHEMBL4872625,Nc1ccccc1NC(=O)c1ccc(CSc2nnc(-c3ccncc3)n2-c2ccccc2)cc1,5.08,1
CHEMBL4851023,O=C(NO)c1ccc(CN2C(=O)C(Cc3ccccc3)N(Cc3ccc(Cl)cc3)C2=O)cc1,5.08,1
CHEMBL3421751,O=C(NO)c1ccc(CNCc2nc(-c3ccc(Cl)cc3)no2)cc1,5.07,1
CHEMBL3585985,O=C(CCCCCCc1nc(-c2ccc(Cl)cc2)no1)C(F)(F)F,5.07,1
CHEMBL4095667,O=C(NO)c1ccc(CNc2cccc3ncccc23)cc1,5.07,1
CHEMBL4649439,O=C(/C=C/c1cccc(S(=O)(=O)NCCCN2c3ccccc3CCc3ccc(Cl)cc32)c1)NO,5.07,1
CHEMBL2047605,Cc1ccc(-c2nn(-c3ccccc3)cc2/C=C\C(=O)Nc2ccccc2)cc1,5.06,1
CHEMBL4640986,O=C(NO)c1ccc(C(=O)NCCCN2c3ccccc3CCc3ccc(Cl)cc32)cc1,5.06,1
CHEMBL1672332,CCCC(=O)NO,5.05,1
CHEMBL2381517,O=C(NO)c1cccc(C(=O)NCCc2ccccc2)c1,5.05,1
CHEMBL4066920,CN(C)Cc1cn(Cc2ccc(C(=O)NO)cc2)c2ccccc12,5.05,2
CHEMBL3104855,Cc1c(O)c(O)c(O)c(C=O)c1-c1cc2c(C=O)c(C)c(O)c(O)c2o1,5.04,1
CHEMBL3421752,O=C(NO)c1ccc(CNCc2nc(-c3ccc([N+](=O)[O-])cc3)no2)cc1,5.04,1
CHEMBL3958794,O=C(NO)c1ccc(Cn2ccc3ccccc32)cc1,5.04,1
CHEMBL4753670,O=C(CNC(=O)/C(Cc1ccc(O)c(Br)c1)=N/O)NO,5.04,1
CHEMBL4757836,COc1ccc(S(=O)(=O)Nc2ccccc2CCc2ccc(C(=O)Nc3cc(F)ccc3N)cc2)cc1,5.04,1
CHEMBL4862563,O=C(NO)c1cc(F)c(Cn2nnnc2-c2cccs2)c(F)c1,5.04,1
CHEMBL5271748,CCCCNNC(=O)c1ccc(OC(F)(F)F)cc1,5.04,2
CHEMBL3692671,CCCN(CCC)C[C@@H](C)NC(=O)c1ccc(-c2noc(C(F)(F)F)n2)cc1,5.03,1
CHEMBL5271952,Cc1noc(-c2cccc(F)c2)c1C#CCCCCCNC(=O)C(C)S,5.03,1
CHEMBL5633576,COc1ccc2[nH]c3c(c2c1)CCN1C(=O)c2cc(NCc4ccc(C(=O)Nc5ccccc5N)cc4)ccc2N(C)[C@H]31,5.03,1
CHEMBL5986722,O=C(NO)c1ccc2nc(-c3cccc(Br)c3)[nH]c2c1,5.03,1
CHEMBL5935398,CC(C)(C)c1ccc(-c2nc3cc(C(=O)NO)ccc3s2)cc1,5.03,1
CHEMBL3233755,CC(C)c1cc(C(=O)N2CCc3onc(C(=O)NCCCCCCC(=O)NO)c3C2)c(O)cc1O,5.02,1
CHEMBL4647720,O=C(CCCCC(=O)NCCCN1c2ccccc2CCc2ccc(Cl)cc21)NO,5.02,1
CHEMBL3945565,CCOc1ccc(OC2CCC(C(=O)NO)CC2)cc1-c1nc2c(CC)nn(C)c2c(=O)[nH]1,5.01,1
CHEMBL4448939,CCCCCCN(CCC)NC(=O)/C=C/c1ccc(CNCCc2c(C)[nH]c3ccccc23)cc1.O=C(O)C(F)(F)F,5.01,1
CHEMBL4747950,Nc1ccccc1NC(=O)CCCCNC(=O)/C(Cc1ccc(O)c(Br)c1)=N/O,5.01,1
CHEMBL4845926,O=C(NO)c1ccc(CSc2nnc(-c3ccncc3)n2-c2ccccc2)cc1,5.01,1
CHEMBL5188860,CCCCCCNNC(=O)c1ccc(CNC(C)=O)cc1,5.01,2
CHEMBL5575926,O=C(NOCCN1CCOCC1)c1ccc(-c2noc(C(F)(F)F)n2)cc1,5.01,1
CHEMBL6133433,CCCNNC(=O)c1ccc(Cn2c3ccccc3c3c(-c4ccccn4)nc4ccccc4c32)cc1,5.01,1
CHEMBL1097063,Nc1ccc(-c2cc3ccccc3o2)cc1NC(=O)c1ccccc1,5.0,2
CHEMBL1097745,Nc1ccc(-c2csc3ccccc23)cc1NC(=O)c1ccccc1,5.0,2
CHEMBL1096398,Nc1ccc(-c2cc3ccccc3s2)cc1NC(=O)c1ccccc1,5.0,2
CHEMBL3104851,Cc1c(O)c(O)c2c(c1C=O)[C@@H]1O[C@H](O2)c2c(C)c(O)c(O)c(O)c2C1=O,5.0,1
CHEMBL4849217,C=CCn1c(SCCCCCC(=O)O)nnc1-c1ccncc1,5.0,1
CHEMBL5086240,CC(C)(C)OC(=O)CC(O)/C=C/CCSSCC/C=C/C(O)CC(=O)OC(C)(C)C,5.0,3
CHEMBL5877861,O=C(NO)c1ccc2oc(-c3ccc(C4CC4)cc3)nc2c1,5.0,1
CHEMBL1164992,CC(/C=C/C(=O)NO)=C\[C@@H](C)[C@H]1CC[C@H]2/C(=C/C=C3\C[C@@H](O)C[C@@H](O)C3)CCC[C@]12C,4.98,1
CHEMBL2442694,COc1cc([C@@H]2c3cc4c(cc3[C@@H](Nc3ccc(OCCCCCCC(=O)Nc5ccccc5N)cc3)[C@H]3COC(=O)[C@H]23)OCO4)cc(OC)c1O,4.98,1
CHEMBL3417209,COc1cc2c(c(OC)c1OC)-c1ccc(OC)c(=O)cc1[C@@H](NC(=O)c1ccc(C(=O)Nc3ccccc3N)cc1)CC2,4.98,1
CHEMBL3356936,Cc1cccc(CCNC(=O)CCCCCCS)c1,4.97,1
CHEMBL4167599,Cl.NCCCCNCCCCNCCCN1C(=O)c2ccc3c4c(ccc(c24)C1=O)C(=O)N(CCCCCC(=O)NO)C3=O,4.97,1
CHEMBL139193,O=CN(O)CCCCCCC(=O)Nc1ccccc1,4.96,1
CHEMBL471041,O=C(/C=C/c1ccc(/C=N/OCc2c(F)c(F)c(F)c(F)c2F)cc1)NO,4.96,1
CHEMBL2381519,O=C(NO)c1cccc(C(=O)NCc2ccccc2)c1,4.96,1
CHEMBL5087342,CCCC[C@@H](NC(=O)CC(O)/C=C/CCSSCC/C=C/C(O)CC(=O)N[C@H](CCCC)C(=O)O)C(=O)O,4.96,1
CHEMBL5811673,O=C(NO)c1ccc2oc(-c3ccc(C(F)(F)F)cc3)nc2c1,4.96,1
CHEMBL4218377,O=C(NO)c1cccc(S(=O)(=O)NCCc2ccccc2)c1,4.95,1
CHEMBL4869232,C=CCn1c(SCc2ccc(C(=O)NO)cc2)nnc1-c1ccncc1,4.95,1
CHEMBL1096982,O=C(O)CC/C=C\C[C@@H]1NC(=O)[C@H]2CCCN2C(=O)[C@H](Cc2ccccc2)NC(=O)[C@H](Cc2c[nH]c3ccccc23)NC1=O,4.94,1
CHEMBL4207836,CCCc1nn(C)c2c(=O)[nH]c(-c3cc(OCc4ccc(C(=O)NO)cc4)ccc3OCC)nc12,4.94,1
CHEMBL4202838,COc1cc(C(=O)c2ccc3c(ccn3S(=O)(=O)c3ccc(/C=C/C(=O)NO)cc3)c2)cc(OC)c1OC,4.94,1
CHEMBL3794127,CC(C)=C(c1ccccc1)c1ccc(/C=C/C(=O)NO)cc1,4.93,1
CHEMBL4860240,C=CCn1c(SCCCCCC(=O)NO)nnc1-c1ccncc1,4.93,1
CHEMBL14227,CCCC(=O)O,4.92,1
CHEMBL3979548,Cc1cn(Cc2ccc(C(=O)NO)cc2)c2ccccc12,4.92,1
CHEMBL4295105,O=C(CCC(CCCC(=O)Nc1ccccc1)c1ccccc1)NO,4.92,1
CHEMBL62381,CCCC(=O)[O-].[Na+],4.92,1
CHEMBL5174998,CCCCCCNNC(=O)c1ccc(-c2ccc(CNC(C)=O)cc2)cc1,4.92,1
CHEMBL5202801,CCCCCCNNC(=O)c1cnc(NCCc2ccccc2)nc1,4.92,1
CHEMBL1096072,Nc1ccc(-c2ccc(C(F)(F)F)cc2)cc1NC(=O)c1ccccc1,4.91,2
CHEMBL4866683,O=C(NO)c1ccc(CN2C(=O)C(Cc3ccccc3)N(Cc3cccnc3)C2=O)cc1,4.91,1
CHEMBL4104117,O=C(NO)c1ccc(CNc2cccc3cccnc23)cc1,4.9,1
CHEMBL3971436,Cc1c(C)n(Cc2ccc(C(=O)NO)cc2)c2ccccc12,4.9,1
CHEMBL3938429,O=C(CS)NCCCCCC(=O)Nc1ccc(-c2ccccc2NC(=O)[C@@H]2CCCN2)cc1,4.9,1
CHEMBL4206987,O=C(CCN1CCc2ccccc2C1c1cccc2ccccc12)NO,4.89,1
CHEMBL4545275,Cc1[nH]c2ccccc2c1CCNCc1ccc(/C=C/C(=O)NN(C)C)cc1.O=C(O)C(F)(F)F,4.89,1
CHEMBL4857194,Cn1c(SCc2ccc(C(=O)Nc3ccccc3N)cc2)nnc1-c1ccncc1,4.89,1
CHEMBL5194067,O=C1NC(=O)/C(=C\c2ccc(OCC(=O)N3N=C(c4ccccc4)CC3c3ccc(Cl)c(Cl)c3)cc2)S1,4.89,1
CHEMBL5977093,O=C(NO)c1ccc2nc(-c3ccc(-c4ccc(CN5CCOCC5)cc4)cc3)[nH]c2c1,4.89,1
CHEMBL5764684,CC(C)c1ccc(-c2nc3cc(C(=O)NO)ccc3o2)cc1,4.89,1
CHEMBL470843,Cl.O=C(/C=C/c1ccc(-c2cc(CN3CCOCC3)on2)cc1)NO,4.88,1
CHEMBL4556817,O=C(/C=C/c1ccc2c(c1)C(=O)c1ccccc1C2=O)NO,4.87,1
CHEMBL3944571,CCOc1ccc(CC2CCC(C(=O)NO)C2)cc1-c1nc2c(CC)nn(C)c2c(=O)[nH]1,4.86,1
CHEMBL5913771,CCCCNNC(=O)c1ccncc1,4.86,1
CHEMBL252409,Nc1ccc(-c2ccccc2)cc1NC(=O)c1ccc(CNC(=O)OCc2ccccc2)cc1,4.85,3
CHEMBL3356934,O=C(CCCCCCS)NCc1cccc(OCc2ccccc2)c1,4.85,1
CHEMBL3962031,CCOc1ccc(CC2CC2C(=O)NO)cc1-c1nc2c(CC)nn(C)c2c(=O)[nH]1,4.85,1
CHEMBL3955013,CC1(C)C(=O)N(c2ccc(C#N)c(C(F)(F)F)c2)C(=S)N1c1ccc(C(=O)Nc2ccccc2N)c(F)c1,4.85,1
CHEMBL4539040,CC[C@H](Nc1ncnc2[nH]cnc12)c1nc(CCCCCC(=O)NO)c2ccccc2n1,4.85,1
CHEMBL4516558,S=C1Sc2cccc(Cl)c2C2=NCCCN12,4.85,1
CHEMBL5288844,Cc1onc(-c2ccccc2)c1COCCCCCNC(=O)C(C)S,4.85,1
CHEMBL5899207,CC(C)c1ccc(-c2cc3ccc(C(=O)NO)cc3s2)cc1,4.85,1
CHEMBL4206936,O=C(NO)c1cccc(S(=O)(=O)Nc2ccccc2)c1,4.84,1
CHEMBL4204146,CCCc1nn(C)c2c(=O)[nH]c(-c3cc(Cc4ccc(C(=O)NO)cc4F)ccc3OCC)nc12,4.84,1
CHEMBL4866619,Cn1c(SCCCCCC(=O)Nc2ccccc2N)nnc1-c1ccncc1,4.84,1
CHEMBL3979648,COC(=O)CCCCCCCc1ccc(N2C(=S)N(c3ccc(C#N)c(C(F)(F)F)c3)C(=O)C2(C)C)cc1F,4.82,1
CHEMBL5266615,CCCCNNC(=O)c1ccc(F)cc1,4.82,3
CHEMBL6043629,Cn1cc(/C=C/C(=O)Nc2ccccc2N)cn1,4.82,2
CHEMBL6002395,Cc1cc(/C=C/C(=O)Nc2ccccc2N)on1,4.82,2
CHEMBL471043,COC(=O)c1ccc(CO/N=C/c2ccc(/C=C/C(=O)NO)cc2)cc1,4.8,1
CHEMBL2431862,Cn1cccc1C(=O)NCc1ccc(C(=O)NO)cc1,4.8,2
CHEMBL4450128,O=C(NO)c1ccc(CN2c3cc(C(F)(F)F)ccc3CCC[C@@H]3CCCC[C@H]32)cc1,4.8,1
CHEMBL3966183,NCC(=O)Nc1ccccc1-c1ccc(NC(=O)CCCCCNC(=O)CS)cc1,4.8,1
CHEMBL6092066,O=C(NO)c1ccc(CN2c3cc(C(F)(F)F)ccc3S(=O)(=O)C[C@H]3CCCC[C@H]32)cc1,4.8,1
CHEMBL1668018,O=C(CCC1=CCN(CCCc2ccc3ccccc3c2)C1=O)NO,4.79,1
CHEMBL3355256,O=C1/C(=C/c2cccc(O)c2O)Oc2ccccc21,4.79,1
CHEMBL5284583,CCCCCCNNC(=O)c1ccc(Br)cc1,4.79,2
CHEMBL1163778,C[C@H](CCCCC(=O)NO)[C@H]1CC[C@H]2/C(=C/C=C3C[C@@H](O)C[C@H](O)C3)CCC[C@]12C,4.78,1
CHEMBL2333338,CN1CCN(CCNC(=O)c2ccc(C(=O)NO)cc2)CC1,4.78,1
CHEMBL2407740,Nc1cc(-c2ccccc2)ccc1NC(=O)c1ccc(CNc2nccc(-c3cccnc3)n2)cc1,4.78,1
CHEMBL5081652,CCCC[C@@H](NC(=O)CC(O)/C=C/CCSSCC/C=C/C(O)CC(=O)N[C@H](CCCC)C(=O)OC)C(=O)OC,4.77,1
CHEMBL3652240,O=C(NO)c1cnc(Nc2c(Cl)cccc2Cl)nc1,4.76,1
CHEMBL3969922,CCCc1nn(C)c2c(=O)[nH]c(-c3cc(NC4CCN(c5ccc(C(=O)NO)cc5)CC4)ccc3OCC)nc12,4.76,1
CHEMBL4214699,CCCc1nn(C)c2c(=O)[nH]c(-c3cc(Cc4ccc(C(=O)NO)o4)ccc3OCC)nc12,4.76,1
CHEMBL4470373,O=C(NO)c1cc(F)c(Cn2nnc(-c3ncccn3)n2)c(F)c1,4.76,1
CHEMBL5888851,C=Cc1ccc(N)c(NC(=O)C2CCCCC2)c1,4.76,1
CHEMBL5785273,Nc1ccc(-c2cccs2)cc1NC(=O)OC1CCCCC1,4.76,1
CHEMBL6000560,CC(C)OC(=O)Nc1cc(-c2cccs2)ccc1N,4.76,1
CHEMBL5911623,Nc1ccc(-c2cccs2)cc1NC(=O)CC1CCOCC1,4.76,1
CHEMBL5932170,CC(=O)N1CCC(CC(=O)Nc2cc(-c3cccs3)ccc2N)CC1,4.76,1
CHEMBL5830452,Nc1ccc(-c2cccs2)cc1NC(=O)C1CNC1,4.76,1
CHEMBL6017817,CC(=O)N1CCC(C(=O)Nc2cc(C3=CCCCC3)ccc2N)CC1,4.76,1
CHEMBL5780573,CCCOC(=O)Nc1cc(C2=CCCC2)ccc1N,4.76,1
CHEMBL5756500,Nc1ccc(C2=CCCC2)cc1NC(=O)OCC1CC1,4.76,1
CHEMBL5962836,CC(C)COC(=O)Nc1cc(C2=CCCC2)ccc1N,4.76,1
CHEMBL6011767,CN1CCC(C(=O)Nc2cc(C3=CCCCC3)ccc2N)CC1=O,4.76,1
CHEMBL5976332,CN1CC(COC(=O)Nc2cc(-c3cccs3)ccc2N)C1,4.76,1
CHEMBL5904780,Nc1ccc(C2CC2)cc1NC(=O)N1CCCC1,4.76,1
CHEMBL5878910,Nc1ccc(-c2cccs2)cc1NC(=O)NC1COC1,4.76,1
CHEMBL5765696,Nc1ccc(C2CCCC2)cc1NC(=O)N1CCC(F)(F)CC1,4.76,1
CHEMBL5749318,Nc1ccc(-c2cccs2)cc1NC(=O)C1CCCCN1,4.76,1
CHEMBL6017129,Nc1ccc(-c2ccc(Cl)s2)cc1NC(=O)OCC1CCNCC1,4.76,1
CHEMBL5974246,CCC(N)C(=O)Nc1cc(-c2cccs2)ccc1N,4.76,1
CHEMBL5845362,CN1CCC(COC(=O)Nc2cc(-c3ccc(Cl)s3)ccc2N)CC1,4.76,1
CHEMBL4167623,C[C@H](NC(=O)[C@H](CC(=O)NCC(C)(C)C)NC(=O)c1ccc(C(=O)NO)cc1)C(=O)NCc1ccccc1,4.75,1
CHEMBL4285869,CCCCC(CCCC(=O)Nc1ccccc1)CCC(=O)NO,4.75,1
CHEMBL4745834,O=C(N[C@@H](CCCCNC(=O)c1ccccc1S)c1ncc(-c2ccc3ccccc3c2)[nH]1)c1cncs1,4.75,1
CHEMBL5085306,CC(C)(C)NC(=O)CC(O)/C=C/CCSSCC/C=C/C(O)CC(=O)NC(C)(C)C,4.75,1
CHEMBL4571886,CC[C@H](Nc1ncnc2[nH]cnc12)c1nc(CCCCC(=O)NO)c2ccccc2n1,4.74,1
CHEMBL1097746,CC(=O)c1cccc(-c2ccc(N)c(NC(=O)c3ccccc3)c2)c1,4.73,2
CHEMBL141082,O=CN(O)CCCCCC(=O)Nc1ccccc1,4.72,1
CHEMBL1243261,O=C(CCCCc1cc(C(=O)NO)no1)Nc1ccccc1,4.72,1
CHEMBL1800241,CC(=O)Nc1ccc(C(=O)CSc2nc(C)cc(O)n2)cc1,4.72,2
CHEMBL5901171,CC(C)(C)c1ccc(-c2nc3cc(C(=O)NO)ccc3o2)cc1,4.72,1
CHEMBL5746424,O=C(NO)c1ccc2nc(-c3cccc4cccnc34)sc2c1,4.72,1
CHEMBL3356932,O=C(CCCCCCS)NCc1ccc(C(F)(F)F)cc1,4.71,1
CHEMBL5594641,O=C(NO)c1ccc(CN2CCc3c(n(CC4CC4)c4ccc(F)cc34)C2)cc1,4.71,1
CHEMBL1771315,O=C(NO)c1cccc(C(=O)N/N=C/c2ccccc2)c1,4.7,2
CHEMBL2381518,O=C(NO)c1cccc(C(=O)NCCc2cccnc2)c1,4.7,1
CHEMBL5597296,CCCCCCNNC(=O)c1ccc(CNC(=O)CN2CCC(c3ccc(NC4CCC(=O)NC4=O)cc3)CC2)cc1,4.7,1
CHEMBL5846082,COc1c(C)cc(-c2nc3cc(C(=O)NO)ccc3n2C)cc1C,4.7,1
CHEMBL4080014,Cc1nc2ccccc2n1Cc1ccc(C(=O)NO)cc1F,4.69,1
CHEMBL5867705,CCCCNNC(=O)c1ccc(OC)cc1OC,4.69,1
CHEMBL1097744,Nc1ccc(-c2cccc([N+](=O)[O-])c2)cc1NC(=O)c1ccccc1,4.68,1
CHEMBL2057826,[N-]=[N+]=NCc1cc(N=[N+]=[N-])cc(C(=O)Nc2cc(-c3ccccc3)ccc2N)c1,4.68,3
CHEMBL5183909,O=C1NC(=O)/C(=C\c2ccc(OCC(=O)N3N=C(c4ccc(F)cc4)CC3c3ccc(Cl)c(Cl)c3)cc2)S1,4.68,1
CHEMBL5180122,O=C1CCC(c2ccc([C@H]3CN[C@@H](C(=O)N4Cc5ccccc5C4)C3)cc2)N1,4.67,2
CHEMBL6045193,CCCCNNC(=O)c1ccc([N+](=O)[O-])cc1,4.67,1
CHEMBL1487,CC(C)c1c(C(=O)Nc2ccccc2)c(-c2ccccc2)c(-c2ccc(F)cc2)n1CC[C@@H](O)C[C@@H](O)CC(=O)O,4.65,2
CHEMBL5404127,NC/C(=C\C(=O)c1ccccc1)c1ccccc1,4.64,2
CHEMBL4104247,O=C(NO)c1ccc(CN2c3ccccc3S(=O)(=O)C[C@H]3CCCC[C@H]32)cc1,4.62,2
CHEMBL4557665,O=C(NO)c1ccc(CN2c3ccccc3CCC[C@@H]3CCCC[C@H]32)cc1,4.62,1
CHEMBL5892761,O=C(NO)c1ccc2nc(-c3cccs3)[nH]c2c1,4.62,1
CHEMBL5984818,O=C(NO)c1ccc2nc(Nc3cccc(OCc4ccccc4)c3)[nH]c2c1,4.62,1
CHEMBL2323287,CCCCCCCC(=O)SCC/C=C/[C@@H]1CC(=O)NCc2nc(cs2)-c2nnnn2CC(=O)N[C@@H](C(C)C)C(=O)O1,4.6,1
CHEMBL2018451,CN1CCc2c(n(Cc3ccc(C(=O)NO)cc3)c3ccccc23)C1,4.6,1
CHEMBL5084611,O=C(CC(O)/C=C/CCSSCC/C=C/C(O)CC(=O)Nc1ccccc1)Nc1ccccc1,4.6,1
CHEMBL5572146,CC1=C(NCCCCNC(=O)CS)C(=O)c2ccccc2C1=O,4.6,1
CHEMBL503,CC[C@H](C)C(=O)O[C@H]1C[C@@H](C)C=C2C=C[C@H](C)[C@H](CC[C@@H]3C[C@@H](O)CC(=O)O3)[C@H]21,4.59,3
CHEMBL4581057,CC[C@H](Nc1ncnc2[nH]cnc12)c1nc2cccc(CNc3ncc(C(=O)NO)cn3)c2c(=O)n1-c1ccccc1,4.59,1
CHEMBL5571522,CCN(CC)CCCCNC(=O)c1ccc(-c2noc(C(F)(F)F)n2)cc1,4.59,1
CHEMBL337584,O=CN(O)CCCCCNC(=O)c1ccccc1,4.58,1
CHEMBL4577299,O=C(NO)c1ccc(Cn2c3c(c4ccccc42)CS(=O)(=O)CC3)cc1,4.58,1
CHEMBL4469098,O=C(NO)c1ccc(CN2c3ccccc3CC[C@@H]3CCCC[C@H]32)cc1,4.58,1
CHEMBL4747488,O=C(NCCN1CCCC1)c1ccc(-c2noc(C(F)(F)F)n2)cc1,4.58,1
CHEMBL4859191,CCn1c(SCCCCCC(=O)O)nnc1-c1ccncc1,4.58,1
CHEMBL5196345,O=C([C@H]1C[C@@H](c2ccccc2)CN1)N1CCCC1,4.58,1
CHEMBL5195956,Nc1ccccc1NC(=O)c1ccc2ncccc2c1,4.58,1
CHEMBL6144214,O=C(NO)c1ccc(CN2c3ccccc3[S+]([O-])C[C@H]3CCCC[C@H]32)cc1,4.58,1
CHEMBL3526942,Cc1[nH]c2cc(O)ccc2c1CCNCc1ccc(/C=C/C(N)=O)cc1,4.57,1
CHEMBL4798111,C[C@H](CN1CCC[C@@H]1C)NC(=O)c1ccc(-c2noc(C(F)(F)F)n2)cc1,4.57,1
CHEMBL4849632,CCn1c(SCCCCCC(=O)Nc2ccccc2N)nnc1-c1ccncc1,4.57,1
CHEMBL472631,O=C(/C=C/c1ccc(/C=N/OCCN2CCOCC2)cc1)NO,4.56,1
CHEMBL2417783,Cc1onc(-c2ccccc2)c1C(=O)NCCCCCNC(=O)CS,4.55,3
CHEMBL5074871,O=C(O)CC(O)/C=C/CCSSCC/C=C/C(O)CC(=O)O,4.55,1
CHEMBL5202479,COc1ccc(CNC(=O)c2cc(C(=O)Nc3ccccc3N)ccc2N2CCOCC2)cc1O,4.55,1
CHEMBL5272302,O=C(NNCC1CCCC1)c1ccc(Br)cc1,4.55,2
CHEMBL5558234,Cc1ncsc1-c1ccc(NC(=O)[C@@H]2C[C@@H](O)CN2C(=O)[C@@H](NC(=O)C2(F)CC2)C(C)(C)C)c(CCCCCCCCCCCCC(=O)Nc2ccc(C(=O)Nc3ccccc3N)cc2)c1,4.55,1
CHEMBL6013927,COc1ncccc1-c1ccc(-c2nc3cc(C(=O)NO)ccc3o2)cc1,4.55,1
CHEMBL3527525,Cc1[nH]c2ccccc2c1CCNCc1ccc(/C=C/C(N)=O)cc1,4.54,1
CHEMBL4211873,CC(C)(C)c1ccc(C2c3ccccc3CCN2CCC(=O)NO)cc1,4.54,1
CHEMBL4531108,O=C(NO)c1ccc(Cn2c3c(c4cc(F)ccc42)CS(=O)(=O)CC3)cc1,4.54,1
CHEMBL4752535,O=C(N[C@@H](CCCCNC(=O)c1ccccc1C1CC1)c1ncc(-c2ccc3ccccc3c2)[nH]1)c1cncs1,4.54,1
CHEMBL4863192,CCn1c(SCCCCCC(=O)NO)nnc1-c1ccncc1,4.54,1
CHEMBL5917068,O=C(NO)c1ccc2nc(-c3ccccc3-c3ccccc3)[nH]c2c1,4.54,1
CHEMBL3739529,CC(C)(C)OC(=O)ON(C(=O)CCCCCCC(=O)N(OC(=O)OC(C)(C)C)C(=O)OC(C)(C)C)C(=O)OC(C)(C)C,4.53,1
CHEMBL2381520,O=C(NO)c1cccc(C(=O)Nc2ccccc2)c1,4.52,1
CHEMBL4863652,CCn1c(SCc2ccc(C(=O)NO)cc2)nnc1-c1ccncc1,4.52,1
CHEMBL5571546,O=C(NOCCN1CCCCC1)c1ccc(-c2noc(C(F)(F)F)n2)cc1,4.52,1
CHEMBL5967070,CCCCNNC(=O)c1ccc(OC)c(OC)c1,4.52,1
CHEMBL2323285,CCCCCCCC(=O)SCC/C=C/[C@@H]1CC(=O)NCc2nc(cs2)-c2nnn(n2)CC(=O)N[C@@H](C(C)C)C(=O)O1,4.51,1
CHEMBL3109980,O=C(NO)[C@@H]1[C@H](c2ccccc2)[C@H]1c1cc(Cl)c2c(c1)OCCO2,4.51,1
CHEMBL4763995,CSc1ccccc1C(=O)NCCCC[C@H](NC(=O)c1cncs1)c1ncc(-c2ccc3ccccc3c2)[nH]1,4.51,1
CHEMBL5208297,NC(=O)/C=C/c1ccc(COc2ccc(-n3cc4cccc(C(N)=O)c4n3)cc2)cc1,4.51,1
CHEMBL4284448,O=C(CCC(CCCC(=O)Nc1ccccc1)Cc1ccccc1)NO,4.5,1
CHEMBL595227,N=C1Sc2ccccc2C2=NCCCN12,4.5,1
CHEMBL5904614,CC(C)c1ccc(-c2nc3ccc(C(=O)NO)cc3[nH]2)cc1,4.5,1
CHEMBL2323289,CCCCCCCC(=O)SCC/C=C/[C@@H]1CC(=O)NCc2nc(cs2)-c2cn(nn2)CC(=O)N[C@@H](C(C)C)C(=O)O1,4.49,1
CHEMBL4874813,O=C(CCCCCSc1nnc(-c2ccncc2)n1-c1ccccc1)NO,4.49,1
CHEMBL1767043,CNC(=O)/C(CCCCCCNC(=O)c1cc(-c2cccc(N)c2)on1)=N/O,4.48,1
CHEMBL3318732,COc1ccc2cc(C(=O)/C=C/C=C/c3ccc(OC)c(OC)c3)c(=O)oc2c1,4.48,1
CHEMBL4173739,Nc1ccccc1NC(=O)CCCc1ccc(N(CCCl)CCCl)cc1,4.48,1
CHEMBL4536605,O=C(NO)c1ccc(CN2CCCc3cc(Cl)ccc32)cc1,4.48,5
CHEMBL4860333,O=C(NO)c1ccc(CN2CCCc3ccccc32)cc1,4.48,1
CHEMBL5986923,CC(C)Oc1ccc(-c2nc3ccc(C(=O)NO)cc3[nH]2)cc1,4.48,1
CHEMBL5570082,CCN(CC)CCN(C)C(=O)c1ccc(-c2noc(C(F)(F)F)n2)cc1,4.46,1
CHEMBL1243289,O=C(CCCCC1CC(C(=O)NO)=NO1)Nc1ccccc1,4.44,1
CHEMBL4287851,O=C(CC[C@@H](CCCC(=O)Nc1ccccc1)Cc1ccccc1)NO,4.44,1
CHEMBL4277951,CCCCCCC(CCCC(=O)Nc1ccccc1)CCC(=O)NO,4.42,1
CHEMBL593229,O=C1/C(=C/c2ccc(O)c(O)c2)Oc2cc(O)cc(O)c21,4.41,1
CHEMBL3353053,Cn1cccc1C(=O)N1CCn2cc(C(=O)NO)cc2C1,4.41,1
CHEMBL4874564,Nc1ccccc1NC(=O)CCCCCSc1nnc(-c2ccncc2)n1-c1ccccc1,4.41,1
CHEMBL4210933,O=C(CCN1CCc2ccccc2C1c1ccccc1)NO,4.4,1
CHEMBL4791367,COc1cccc(F)c1C(=O)NCCCC[C@H](NC(=O)c1cncs1)c1ncc(-c2ccc3ccccc3c2)[nH]1,4.4,1
CHEMBL4878412,CCn1c(SCc2ccc(C(=O)Nc3ccccc3N)cc2)nnc1-c1ccncc1,4.4,1
CHEMBL141885,O=CN(O)CCCCCNC(=O)CCc1ccccc1,4.39,1
CHEMBL5088430,CN1c2ccc(F)cc2C(=O)N2CCc3c([nH]c4ccc(OCc5ccc(/C=C/C(=O)Nc6ccccc6N)cc5)cc34)C21,4.38,1
CHEMBL5177616,NC(=O)c1ccc(COc2ccc(-n3cc4cccc(C(N)=O)c4n3)cc2)cc1,4.38,1
CHEMBL3110021,O=C(NO)[C@@H]1[C@H](c2ccccc2)[C@H]1c1ccc(-c2cnco2)cc1,4.37,1
CHEMBL4760399,C[S+]([O-])c1ccccc1C(=O)NCCCC[C@H](NC(=O)c1cncs1)c1ncc(-c2ccc3ccccc3c2)[nH]1,4.37,1
CHEMBL4527868,S=C1Sc2cccc(Br)c2C2=NCCN12,4.35,1
CHEMBL1767029,CNC(=O)/C(CCCCCCC(=O)Nc1ccccc1)=N\O,4.33,2
CHEMBL4208780,O=C(CCN1CCc2ccccc2C1c1ccc(-c2ccccc2)cc1)NO,4.33,1
CHEMBL4218674,O=C(NO)c1cccc(S(=O)(=O)NCc2ccccc2)c1,4.33,1
CHEMBL6053519,CCCCNNC(=O)c1cccc(I)c1,4.33,1
CHEMBL1767044,CNC(=O)/C(CCCCCCNC(=O)c1cc(-c2ccc(N)cc2)on1)=N/O,4.32,1
CHEMBL4580307,Fc1cc(Br)cc2c1C1=NCCN1C(=S)S2,4.3,1
CHEMBL4556055,CN(C)c1ccc2c(c1)SC(=S)N1CCN=C21,4.3,1
CHEMBL4283418,O=C(CC[C@H](CCCC(=O)Nc1ccccc1)Cc1ccccc1)NO,4.29,1
CHEMBL5934335,O=C(NO)c1ccc2oc(-c3ccccc3Cl)nc2c1,4.28,1
CHEMBL2442695,COc1cc([C@@H]2c3cc4c(cc3[C@@H](Nc3cccc(OCCCCCCC(=O)Nc5ccccc5N)c3)[C@H]3COC(=O)[C@H]23)OCO4)cc(OC)c1O,4.27,1
CHEMBL5753166,O=C(NO)c1ccc2sc(-c3cccnc3)cc2c1,4.26,1
CHEMBL4752816,CCCCNNC(=O)c1cccnc1,4.25,1
CHEMBL3953547,CCCCCC(CCCCCC(=O)Nc1ccccc1)C(=O)NO,4.24,1
CHEMBL4216233,O=C(CCCCNCc1ccccc1)NO,4.24,1
CHEMBL5927936,O=C(NO)c1ccc2nc(-c3ccc4c(c3)CCO4)[nH]c2c1,4.24,1
CHEMBL5881234,CC(C)c1ccc(-c2nc3cc(C(=O)NO)ccc3n2C)cc1,4.22,1
CHEMBL109,CCCC(CCC)C(=O)O,4.21,2
CHEMBL1469,O=C(O)CCCc1ccccc1,4.19,1
CHEMBL2178345,O=C(NO)c1cccc(-c2cn(Cc3ccccc3)nn2)c1,4.19,1
CHEMBL1800375,Cc1cc(O)nc(SCC(=O)c2ccc(Cl)cc2)n1,4.17,1
CHEMBL1767039,CNC(=O)/C(CCCCCCC(=O)Nc1cccc(-c2ccc(Cl)nc2)c1)=N\O,4.16,1
CHEMBL1800383,CCOC(=O)CC(=O)CSc1nc(C)cc(O)n1,4.16,1
CHEMBL4206571,COc1cccc(C2c3ccccc3CCN2CCC(=O)NO)c1,4.16,1
CHEMBL5760657,CCN(CC)Cc1cc2ccc(C(=O)NO)cc2o1,4.16,1
CHEMBL4214401,O=C(NO)c1cccc(S(=O)(=O)N[C@@H](Cc2c[nH]c3ccccc23)C(=O)Nc2ccccc2)c1,4.15,1
CHEMBL2170173,COc1cc(COc2ccc(NC(=O)CCCCCCC(=O)OCCN=[N+]=[N-])cc2)cc(N=[N+]=[N-])c1,4.14,1
CHEMBL5842107,Cc1noc(C)c1-c1cc2cc(C(=O)NO)ccc2s1,4.13,1
CHEMBL2178344,O=C(NO)c1cccc(-c2cn(CCc3ccccc3)nn2)c1,4.12,1
CHEMBL6016332,O=C(NO)c1ccc2oc(-c3ccc(OC(F)(F)F)cc3)nc2c1,4.12,1
CHEMBL2170174,COc1cc(COc2ccc(NC(=O)CCCCCCC(=O)OCc3ccc(CN=[N+]=[N-])cc3)cc2)cc(N=[N+]=[N-])c1,4.1,1
CHEMBL3692573,CN1CCN(C(=O)c2ccc(-c3noc(C(F)(F)F)n3)cc2)CC1,4.1,1
CHEMBL5864204,CCCCNNC(=O)c1ccccc1F,4.1,1
CHEMBL2057829,[N-]=[N+]=NCCC(=O)Nc1ccc(C(=O)Nc2cc(N=[N+]=[N-])ccc2N)cc1,4.07,2
CHEMBL3966165,CC1(C)C(=O)N(c2ccc(C#N)c(C(F)(F)F)c2)C(=S)N1c1ccc(C(=O)NCCOCCC(=O)NO)c(F)c1,4.06,1
CHEMBL5794059,CC(C)c1ccc(-c2cc3cc(C(=O)NO)ccc3s2)cc1,4.05,1
CHEMBL1164244,CNC(=O)C(=O)CCCC[C@@H](C)[C@H]1CC[C@H]2/C(=C/C=C3C[C@@H](O)C[C@H](O)C3)CCC[C@]12C,4.04,1
CHEMBL5979588,CCCCc1ccc(-c2nc3ccc(C(=O)NO)cc3[nH]2)cc1,4.03,1
CHEMBL5815435,CCCCNNC(=O)c1cccc(C(F)(F)F)c1,4.03,1
CHEMBL1164212,C[C@H](CCCCNC(=O)CS)[C@H]1CC[C@H]2/C(=C/C=C3C[C@@H](O)C[C@H](O)C3)CCC[C@]12C,4.02,1
CHEMBL1767046,CNC(=O)/C(CCCCC[C@H](NCc1ccc(OC)cc1)C(=O)Nc1ccccc1)=N\O,4.02,1
CHEMBL3260858,O=C(N[C@@H](C(=O)O)c1ccccc1)c1cccc(=S)n1O,4.02,1
CHEMBL491926,O=C(N[C@H](CCCCCB(O)O)C(=O)Nc1cccc(-c2ccccc2)c1)c1cccnc1,4.0,1
CHEMBL4218825,CCOc1ccc(C2c3ccccc3CCN2CCC(=O)NO)cc1,4.0,1
CHEMBL5174487,N[C@H](CCc1ccccc1)C(=O)N1CCCC1,3.96,1
CHEMBL5174785,CN(C)C(=O)C(N)Cc1ccc(F)cc1,3.0,1
