molecule_chembl_id,canonical_smiles,pIC50_median,n_measurements
CHEMBL3337892,COc1cccc(CNC(=O)c2nc3scc(COCc4ccc(C(N)=O)cc4)c3c(=O)[nH]2)c1,10.82,1
CHEMBL317132,O=C(NO)C(CCn1nnc2ccccc2c1=O)COc1ccc(-c2ccc(Cl)cc2)cc1,10.8,1
CHEMBL3337891,COc1cccc(CNC(=O)c2nc3scc(COCc4ccc(C#N)cc4)c3c(=O)[nH]2)c1,10.74,1
CHEMBL3337898,COc1cccc(CNC(=O)c2nc3scc(CNC(=O)c4ccccc4)c3c(=O)[nH]2)c1,10.74,1
CHEMBL2064548,COc1ccc(S(=O)(=O)N(Cc2cn(CCOCCOCCOCCOS(=O)(=O)c3ccc(C)cc3)nn2)[C@@H](C(=O)NO)C(C)C)cc1,10.7,1
CHEMBL3337903,COc1cccc(CNC(=O)c2nc3scc(NC(=O)Cc4ccc(C(=O)O)cc4)c3c(=O)[nH]2)c1,10.68,1
CHEMBL4087855,O=C(NCc1cccc(OCCOc2nc[nH]n2)c1)c1nc2scc(-c3ccccc3F)c2c(=O)[nH]1,10.62,1
CHEMBL3337900,COc1cccc(CNC(=O)c2nc3scc(C(=O)NCc4ccccc4)c3c(=O)[nH]2)c1,10.59,1
CHEMBL4094620,COc1cccc(-c2csc3nc(C(=O)NCc4cccc(OCCOc5nc[nH]n5)c4)[nH]c(=O)c23)c1,10.59,1
CHEMBL4079123,O=C(NCc1cccc(OCCOc2nc[nH]n2)c1)c1nc2scc(-c3cccs3)c2c(=O)[nH]1,10.57,1
CHEMBL3337896,COc1cccc(CNC(=O)c2nc3scc(CC(=O)Nc4ccccc4)c3c(=O)[nH]2)c1,10.55,1
CHEMBL3337893,CNC(=O)c1ccc(COCc2csc3nc(C(=O)NCc4cccc(OC)c4)[nH]c(=O)c23)cc1,10.54,1
CHEMBL2047536,Cc1c(C(=O)O)ccc2c1CC[C@@H]2NC(=O)c1cc(C(=O)NCc2ccc3c(c2)NC(=O)CO3)nc2ccnn12,10.52,2
CHEMBL3359090,COc1cccc(CNC(=O)c2nc3ccc(F)c(OCCc4ccc(N)cc4)c3c(=O)[nH]2)c1,10.52,1
CHEMBL473539,CC1(C)SCCN(S(=O)(=O)c2ccc(Oc3ccccc3)cc2)[C@H]1C(=O)NO,10.52,1
CHEMBL3337889,COc1cccc(CNC(=O)c2nc3scc(COCc4ccc(CO)cc4)c3c(=O)[nH]2)c1,10.49,1
CHEMBL4092215,Cc1csc2nc(C(=O)NCc3cccc(OCCCSc4nc[nH]n4)c3)[nH]c(=O)c12,10.48,1
CHEMBL4059519,O=C(NCc1cccc(OCCOc2nc[nH]n2)c1)c1nc2scc(-c3ccccc3)c2c(=O)[nH]1,10.47,1
CHEMBL4068176,O=C(NCc1cccc(OCCOc2nc[nH]n2)c1)c1nc2scc(-c3cccc(F)c3)c2c(=O)[nH]1,10.44,1
CHEMBL2064549,COc1ccc(S(=O)(=O)N(Cc2cn(CCOCCOCCOCCF)nn2)[C@@H](C(=O)NO)C(C)C)cc1,10.4,1
CHEMBL2425941,CC(C)[C@H](C(=O)NO)N(CC#N)S(=O)(=O)c1ccc(OCCF)cc1,10.4,1
CHEMBL2425949,COc1ccc(S(=O)(=O)N(CCn2cc(CCCCOc3cccnc3F)nn2)[C@@H](C(=O)NO)C(C)C)cc1,10.4,1
CHEMBL3359088,COc1cccc(CNC(=O)c2nc3ccc(F)c(OCCc4ccccc4)c3c(=O)[nH]2)c1,10.4,1
CHEMBL4103367,O=C(NCc1cccc(OCCOc2nc[nH]n2)c1)c1nc2scc(-c3ccsc3)c2c(=O)[nH]1,10.37,1
CHEMBL250776,N#Cc1ccc(-c2coc(-c3ccc(Oc4ccc(N5CCCC56C(=O)NC(=O)NC6=O)cn4)cc3)n2)cc1,10.3,1
CHEMBL1914483,CC(C)CCN([C@@H](C(=O)NO)C(C)C)S(=O)(=O)c1ccc2c(c1)OCCO2,10.3,1
CHEMBL2425947,COc1ccc(S(=O)(=O)N(CCn2cc(CCCF)nn2)[C@@H](C(=O)NO)C(C)C)cc1,10.3,1
CHEMBL3889936,CC(C)C(CS(=O)(=O)c1ccc(-c2cccc(CNC(=O)c3nc4ccccc4c(=O)[nH]3)c2)cc1)N(O)C=O,10.29,1
CHEMBL3337902,COc1cccc(CNC(=O)c2nc3scc(NC(=O)Cc4ccccc4)c3c(=O)[nH]2)c1,10.28,1
CHEMBL3958969,O=C(NCc1cccc(OCCCS(=O)(=O)N2CCCCC2C(=O)NO)c1)c1nc2ccccc2c(=O)[nH]1,10.28,1
CHEMBL4090287,O=C(NCc1cccc(OCCOc2nc[nH]n2)c1)c1nc2scc(-c3ccccc3Cl)c2c(=O)[nH]1,10.27,1
CHEMBL4069240,O=C(NCc1cccc(OCCOc2nc[nH]n2)c1)c1nc2scc(-c3cccc(Cl)c3)c2c(=O)[nH]1,10.24,1
CHEMBL4078492,O=C(NCc1cccc(OCCCOc2nc[nH]n2)c1)c1nc2scc(-c3ccccc3Cl)c2c(=O)[nH]1,10.23,1
CHEMBL330028,CC(C)C(NS(=O)(=O)c1ccc(-c2ccccc2)cc1)C(=O)O,10.21,1
CHEMBL4086342,O=C(NCc1cccc(OCCCOc2nc[nH]n2)c1)c1nc2scc(-c3ccccc3F)c2c(=O)[nH]1,10.21,1
CHEMBL4068241,Cc1csc2nc(C(=O)NCc3cccc(OCCOc4nc[nH]n4)c3)[nH]c(=O)c12,10.19,1
CHEMBL2425938,CC(C)[C@H](C(=O)NO)N(CCn1cc(CCCCOc2cccnc2F)nn1)S(=O)(=O)c1ccc(OCCF)cc1,10.15,1
CHEMBL2425936,CC(C)[C@H](C(=O)NO)N(CCn1cc(CCCF)nn1)S(=O)(=O)c1ccc(OCCF)cc1,10.15,1
CHEMBL3978380,O=C(NCc1cccc(-c2ccc(CS(=O)(=O)Cc3n[nH]c(=O)[nH]3)cc2)c1)c1nc2ccccc2c(=O)[nH]1,10.15,1
CHEMBL4584968,O=C(NO)[C@@H]1C[C@H](O)CN1C(=O)c1ccc(C#Cc2ccc(OCCCCCF)cc2)cc1,10.15,1
CHEMBL4064516,Cc1csc2nc(C(=O)NCc3cccc(OCCSc4nc[nH]n4)c3)[nH]c(=O)c12,10.13,1
CHEMBL3965628,O=C(NCc1cccc(OCCCOc2nc[nH]n2)c1)c1nc2scc(-c3cccc(Cl)c3)c2c(=O)[nH]1,10.11,2
CHEMBL250758,O=C1NC(=O)C2(CCCN2c2ccc(Oc3ccc(-c4nc5ccc(F)cc5[nH]4)cc3)nc2)C(=O)N1,10.1,1
CHEMBL3337890,COCc1ccc(COCc2csc3nc(C(=O)NCc4cccc(OC)c4)[nH]c(=O)c23)cc1,10.1,1
CHEMBL250570,O=C1NC(=O)C2(CCCN2c2ccc(Oc3ccc(-c4nc(-c5cccc(F)c5)co4)cc3)nc2)C(=O)N1,10.05,1
CHEMBL2064542,C#CCOCCOCCOCCOCCOc1ccc(CN([C@@H](C(=O)NO)C(C)C)S(=O)(=O)c2ccc(OC)cc2)cc1,10.05,1
CHEMBL2425950,COc1ccc(S(=O)(=O)N(CCn2cc(CNS(=O)(=O)c3ccc(F)cc3)nn2)[C@@H](C(=O)NO)C(C)C)cc1,10.05,1
CHEMBL4084468,CC(C)c1csc2nc(C(=O)NCc3cccc(OCCOc4nc[nH]n4)c3)[nH]c(=O)c12,10.04,1
CHEMBL4095557,O=C(NCc1cccc(OCCOc2nc[nH]n2)c1)c1nc2scc(-c3ccc(F)cc3)c2c(=O)[nH]1,10.03,1
CHEMBL440178,CCCCOc1ccc(S(=O)(=O)N2C/C(=N\OCc3ccccc3)C[C@@H]2C(=O)NO)cc1,10.0,1
CHEMBL248941,O=C1NC(=O)C2(CCCN2c2ccc(Oc3ccc(-c4nc5ccc(Cl)cc5[nH]4)cc3)nc2)C(=O)N1,10.0,1
CHEMBL516206,CNC(=O)[C@H](Cc1ccc(NC(=N)N)cc1)NC(=O)[C@H](CC(C)C)[C@H](CCCc1ccccc1)C(=O)NO,10.0,1
CHEMBL1801430,O=C(NO)C1(S(=O)(=O)c2ccc(Oc3ccc(OC(F)(F)F)cc3)cc2)CCN(C2CC2)CC1,10.0,1
CHEMBL1801429,O=C(NO)C1(S(=O)(=O)c2ccc(Oc3ccc(OC(F)(F)F)cc3)cc2)CCNCC1,10.0,1
CHEMBL1801417,CC(C)Oc1ccc(Oc2ccc(S(=O)(=O)C3(C(=O)NO)CCN(C4CC4)CC3)cc2)cc1,10.0,1
CHEMBL1801049,CC(C)Oc1ccc(Oc2ccc(S(=O)(=O)C3(C(=O)NO)CCOCC3)cc2)cc1,10.0,1
CHEMBL1801044,O=C(NO)C1(S(=O)(=O)c2ccc(Oc3ccccc3)cc2)CCOCC1,10.0,1
CHEMBL1910471,CC(C)[C@@H](NS(=O)(=O)c1ccc(-c2ccc(OCc3cccc(C#N)c3)cc2)cc1)C(=O)O,10.0,1
CHEMBL1910473,CC(C)[C@@H](NS(=O)(=O)c1ccc(-c2ccc(OCc3ccc(C#N)cc3)cc2)cc1)C(=O)O,10.0,1
CHEMBL198778,O=C(CNS(=O)(=O)c1ccc(Oc2ccccc2)cc1)NO,10.0,1
CHEMBL2425939,CC(C)[C@H](C(=O)NO)N(CCn1cc(CNS(=O)(=O)c2ccc(F)cc2)nn1)S(=O)(=O)c1ccc(OCCF)cc1,10.0,1
CHEMBL2425933,Cc1ccc(S(=O)(=O)N(CCn2cc(COCCOCCOCCOCCOCCF)nn2)[C@@H](C(=O)NO)C(C)C)cc1,10.0,1
CHEMBL4074089,COc1ccc(-c2csc3nc(C(=O)NCc4cccc(OCCOc5nc[nH]n5)c4)[nH]c(=O)c23)cc1,10.0,1
CHEMBL398934,O=C1NC(=O)C2(CCCN2c2ccc(Oc3ccc(-c4nc5ccccc5[nH]4)cc3)nc2)C(=O)N1,9.96,1
CHEMBL250972,N#Cc1cccc(-c2coc(-c3ccc(Oc4ccc(N5CCCC56C(=O)NC(=O)NC6=O)cn4)cc3)n2)c1,9.96,1
CHEMBL3955430,O=C(NCc1cccc(N2CCN(C(=O)Cc3n[nH]c(=O)[nH]3)CC2)c1)c1nc2ccccc2c(=O)[nH]1,9.96,1
CHEMBL471537,CC(C)[C@H](C(=O)NO)N(CC(=O)NCCc1ccc(S(N)(=O)=O)cc1)S(=O)(=O)c1ccc(Oc2ccccc2)cc1,9.92,1
CHEMBL3959990,COc1cccc(CNC(=O)c2nc3scc(-c4cccc(Cl)c4)c3c(=O)[nH]2)c1,9.92,1
CHEMBL3337888,COc1cccc(CNC(=O)c2nc3scc(COCc4ccc(F)cc4)c3c(=O)[nH]2)c1,9.89,1
CHEMBL4104248,O=C(NCc1cccc(OCCCOc2nc[nH]n2)c1)c1nc2scc(-c3cccc(F)c3)c2c(=O)[nH]1,9.85,1
CHEMBL1801046,O=C(NO)C1(S(=O)(=O)c2ccc(Oc3ccc(Cl)cc3)cc2)CCOCC1,9.82,1
CHEMBL3359089,COc1cccc(CNC(=O)c2nc3ccc(F)c(OCCc4ccc(F)cc4)c3c(=O)[nH]2)c1,9.82,1
CHEMBL250363,O=C1NC(=O)C2(CCCN2c2ccc(Oc3ccc(-c4nc(-c5ccccc5F)co4)cc3)nc2)C(=O)N1,9.8,1
CHEMBL3359085,COc1cccc(CNC(=O)c2nc3cccc(CC(=O)Nc4ccccc4)c3c(=O)[nH]2)c1,9.8,1
CHEMBL3971135,CC(C)[C@H](NS(=O)(=O)c1ccc(-c2cccc(CNC(=O)c3nc4ccccc4c(=O)[nH]3)c2)cc1)C(=O)O,9.77,1
CHEMBL3337887,COc1cccc(CNC(=O)c2nc3scc(COCc4ccccc4)c3c(=O)[nH]2)c1,9.72,1
CHEMBL3617407,COc1ccc(-c2ccc(S(=O)(=O)N(OC(C)C)[C@H](CCN3C(=O)c4ccccc4C3=O)C(=O)NO)cc2)cc1,9.72,1
CHEMBL3907881,O=C1NC(=O)C(CC(=O)N2CCN(c3cccc(CNC(=O)c4nc5ccccc5c(=O)[nH]4)c3)CC2)N1,9.72,1
CHEMBL150655,COc1ccc(S(=O)(=O)N2C/C(=N\O)C[C@@H]2C(=O)NO)cc1,9.7,1
CHEMBL346442,CC(C)(C)O/N=C1/C[C@H](C(=O)NO)N(S(=O)(=O)c2ccc(Oc3ccc(F)cc3)cc2)C1,9.7,1
CHEMBL91434,CC(N)(CS(=O)(=O)c1ccc(Oc2ccccc2)cc1)C(=O)NO,9.7,1
CHEMBL342172,COc1ccc(S(=O)(=O)N2CCOCCSC(C)(C)[C@@H]2C(=O)NO)cc1,9.7,1
CHEMBL1771214,COc1ccc(-c2nnn(CCCOc3ccc(S(=O)(=O)C4(C(=O)NO)CCOCC4)cc3)n2)cc1,9.7,1
CHEMBL1770707,CN(C)c1ccc(C(=O)CCCOc2ccc(S(=O)(=O)C3(C(=O)NO)CCOCC3)cc2)cc1,9.7,1
CHEMBL1770709,O=C(CCCOc1ccc(S(=O)(=O)C2(C(=O)NO)CCOCC2)cc1)Nc1ccc(OC(F)(F)F)cc1,9.7,1
CHEMBL1801397,C#CCN1CCC(C(=O)NO)(S(=O)(=O)c2ccc(Oc3ccc(OC(F)(F)F)cc3)cc2)CC1,9.7,1
CHEMBL1801396,CC(=O)N1CCC(C(=O)NO)(S(=O)(=O)c2ccc(Oc3ccc(OC(F)(F)F)cc3)cc2)CC1,9.7,1
CHEMBL1801393,O=C(NO)C1(S(=O)(=O)c2ccc(Oc3ccc(OC(F)(F)F)cc3)cc2)CCN(Cc2cccnc2)CC1,9.7,1
CHEMBL1801428,COCCN1CCC(C(=O)NO)(S(=O)(=O)c2ccc(Oc3ccc(SC(F)(F)F)cc3)cc2)CC1,9.7,1
CHEMBL1801424,O=C(NO)C1(S(=O)(=O)c2ccc(Oc3ccc(C(F)(F)F)cc3)cc2)CCN(C2CC2)CC1,9.7,1
CHEMBL1801421,COCCN1CCC(C(=O)NO)(S(=O)(=O)c2ccc(Oc3ccc4c(c3)OCO4)cc2)CC1,9.7,1
CHEMBL1801414,COCCN1CCC(C(=O)NO)(S(=O)(=O)c2ccc(Oc3ccc(C(C)C)cc3)cc2)CC1,9.7,1
CHEMBL1916054,O=C1[C@H](NS(=O)(=O)c2ccc(Oc3ccc(Cl)cc3)cc2)CC=C(CN2CCOCC2)CN1O,9.7,1
CHEMBL4083954,O=C(NCc1cccc(OCCSc2nc[nH]n2)c1)c1nc2ccccc2c(=O)[nH]1,9.7,1
CHEMBL3926071,CCOCCC1(Oc2ccc(-c3cccc(CNC(=O)c4nc5ccccc5c(=O)[nH]4)c3)cc2)C(=O)NC(=O)NC1=O,9.64,1
CHEMBL3337894,COc1cccc(CNC(=O)c2nc3scc(COCc4ccc(C(=O)O)cc4)c3c(=O)[nH]2)c1,9.64,2
CHEMBL3960062,O=C(NCc1cccc(OCCCS(=O)(=O)N2CCCCC2C(=O)O)c1)c1nc2ccccc2c(=O)[nH]1,9.62,1
CHEMBL1801413,C#CCN1CCC(C(=O)NO)(S(=O)(=O)c2ccc(Oc3ccc(C(C)C)cc3)cc2)CC1,9.6,1
CHEMBL1801412,CCOc1ccc(Oc2ccc(S(=O)(=O)C3(C(=O)NO)CCN(C4CC4)CC3)cc2)cc1,9.6,1
CHEMBL1801054,O=C(NO)C1(S(=O)(=O)c2ccc(Oc3ccc(SC(F)(F)F)cc3)cc2)CCOCC1,9.6,1
CHEMBL1801050,O=C(NO)C1(S(=O)(=O)c2ccc(Oc3ccc(-c4ccccc4)cc3)cc2)CCOCC1,9.6,1
CHEMBL3617405,COc1ccc(-c2ccc(S(=O)(=O)N(OC(C)C)[C@H](CCNC(=O)Cc3ccccc3)C(=O)NO)cc2)cc1,9.6,1
CHEMBL3917494,CC(C)C(CS(=O)(=O)c1ccc(-c2cccc(CNC(=O)c3nc4ccccc4c(=O)[nH]3)c2)cc1)N(O)C(N)=O,9.59,1
CHEMBL4079974,COc1ccccc1-c1csc2nc(C(=O)NCc3cccc(OCCOc4nc[nH]n4)c3)[nH]c(=O)c12,9.54,1
CHEMBL4102420,Cc1csc2nc(C(=O)NCc3cccc(NC(=O)CCc4nc[nH]n4)c3)[nH]c(=O)c12,9.54,1
CHEMBL150077,CCCCOc1ccc(S(=O)(=O)N2C/C(=N\O)C[C@@H]2C(=O)NO)cc1,9.52,1
CHEMBL149977,CCCCOc1ccc(S(=O)(=O)N2C/C(=N\OC)C[C@@H]2C(=O)NO)cc1,9.52,1
CHEMBL91124,CC(CS(=O)(=O)c1ccc(Oc2ccccc2)cc1)(NCc1ccccc1)C(=O)NO,9.52,1
CHEMBL342102,CCCCOc1ccc(S(=O)(=O)N2C[C@@H](N3C(=O)CN(C)C3=O)C[C@@H]2C(=O)NO)cc1,9.52,1
CHEMBL344714,CCCOc1ccc(S(=O)(=O)N2C[C@@H](N3C(=O)CN(C)C3=O)C[C@@H]2C(=O)NO)cc1,9.52,1
CHEMBL147005,CCCCOc1ccc(S(=O)(=O)N2C[C@@H](N3C(=O)CN(CCC)C3=O)C[C@@H]2C(=O)NO)cc1,9.52,1
CHEMBL1770157,COc1ccc(NC(=O)CCCOc2ccc(S(=O)(=O)C3(C(=O)NO)CCOCC3)cc2)cc1,9.52,1
CHEMBL1801422,O=C(NO)C1(S(=O)(=O)c2ccc(Oc3ccc4c(c3)OCO4)cc2)CCN(C2CC2)CC1,9.52,1
CHEMBL1801057,COc1ccc(Oc2ccc(S(=O)(=O)C3(C(=O)NO)CCN(Cc4ccccn4)CC3)cc2)cc1,9.52,1
CHEMBL1801048,O=C(NO)C1(S(=O)(=O)c2ccc(Oc3ccc(O)cc3)cc2)CCOCC1,9.52,1
CHEMBL1916834,CCc1ccc2cc(S(=O)(=O)N(CCC(C)C)[C@@H](C(=O)NO)C(C)C)ccc2c1,9.52,1
CHEMBL2425944,CC(C)[C@H](C(=O)NO)N(Cc1cn(CCOCCOCCOCCOc2cccnc2F)nn1)S(=O)(=O)c1ccc(OCCF)cc1,9.52,1
CHEMBL2425932,Cc1ccc(S(=O)(=O)N(CCn2cc(CCCF)nn2)[C@@H](C(=O)NO)C(C)C)cc1,9.52,1
CHEMBL3907007,CC(=O)N(O)C(CS(=O)(=O)c1ccc(-c2cccc(CNC(=O)c3nc4ccccc4c(=O)[nH]3)c2)cc1)C(C)C,9.52,1
CHEMBL4078433,COc1ccc(S(=O)(=O)N(CC(=O)NO)Cc2cccc(C(=O)O)c2)cc1,9.52,1
CHEMBL3359076,COc1cccc(CNC(=O)c2nc3cccc(OCc4ccccc4)c3c(=O)[nH]2)c1,9.51,1
CHEMBL515980,CC(C)[C@H](C(=O)NO)N(CC(=O)O)S(=O)(=O)c1ccc(Oc2ccccc2)cc1,9.48,1
CHEMBL221480,CCOCCC1(Oc2ccc(Oc3ccc(-c4nc(-c5cccnc5)co4)cc3)cc2)C(=O)NC(=O)NC1=O,9.47,1
CHEMBL410029,COc1ccc(CC#Cc2ccc3ncn(Cc4ccc(C(=O)O)cc4)c(=O)c3c2)cc1,9.46,2
CHEMBL1800089,O=C(NO)C1(S(=O)(=O)c2ccc(Oc3ccc(C(F)(F)F)cc3)cc2)CCN(CCN2CCOCC2)CC1,9.46,1
CHEMBL220904,CCOCCC1(Oc2ccc(Oc3ccc(-c4nc(-c5cccc(F)c5)co4)cc3)cc2)C(=O)NC(=O)NC1=O,9.45,2
CHEMBL3927817,O=C(NCc1cccc(N2CCN(C(=O)Cc3cc(=O)[nH][nH]3)CC2)c1)c1nc2ccccc2c(=O)[nH]1,9.44,1
CHEMBL326369,O=C(NO)[C@@]1(NS(=O)(=O)c2ccc(Oc3ccc(Cl)cc3)cc2)CCOC1,9.43,1
CHEMBL3900916,O=C(NCc1cccc(-c2ccc(CS(=O)(=O)Cc3n[nH]c(=O)[nH]3)cc2)c1)c1nc2scc(-c3cccc(Cl)c3)c2c(=O)[nH]1,9.42,1
CHEMBL445140,Cc1ccc(-c2ccc(S(=O)(=O)[C@@H]3CCOC[C@]3(O)C(=O)NO)cc2)cc1,9.41,1
CHEMBL150027,O=C(NO)[C@H]1C/C(=N/Oc2ccccc2)CN1S(=O)(=O)c1ccc(Oc2ccncc2)cc1,9.4,1
CHEMBL151133,CCCCOc1ccc(S(=O)(=O)N2C/C(=N\OC(C)(C)C)C[C@@H]2C(=O)NO)cc1,9.4,1
CHEMBL310688,COc1ccc(S(=O)(=O)C(CC=C(C)C)(CC=C(C)C)C(=O)NO)cc1,9.4,1
CHEMBL93231,NC(CS(=O)(=O)c1ccc(Oc2ccccc2)cc1)(C(=O)NO)c1ccccc1,9.4,1
CHEMBL436205,CCCCOc1ccc(S(=O)(=O)N2CCCS(=O)(=O)C(C)(C)[C@@H]2C(=O)NO)cc1,9.4,1
CHEMBL105311,COc1ccc(S(=O)(=O)N(CC(=O)NC(c2ccccn2)c2ccccn2)C(CCSCc2ccccc2)C(=O)NO)cc1,9.4,1
CHEMBL300697,O=S(=O)(c1ccc(Sc2ccccc2)cc1)C1CCCC(S)C1,9.4,1
CHEMBL430664,COc1ccc(S(=O)(=O)N2Cc3ccccc3N(C(=O)c3ccc(-c4ccccc4)cc3)CC2C(=O)NO)cc1,9.4,1
CHEMBL96049,COc1ccc(S(=O)(=O)N2Cc3ccccc3N(C(=O)c3ccccc3)CC2C(=O)NO)cc1,9.4,1
CHEMBL358061,CCCOc1ccc(S(=O)(=O)N2C[C@@H](N3CCCCC3)C[C@@H]2C(=O)NO)cc1,9.4,1
CHEMBL434505,C=CCN1CC(=O)N([C@H]2C[C@H](C(=O)NO)N(S(=O)(=O)c3ccc(OCCCC)cc3)C2)C1=O,9.4,1
CHEMBL148081,C=CCN1CC(=O)N([C@H]2C[C@H](C(=O)NO)N(S(=O)(=O)c3ccc(OCCC)cc3)C2)C1=O,9.4,1
CHEMBL344545,COc1ccc(S(=O)(=O)N2C[C@@H](N3CCCS3(=O)=O)C[C@@H]2C(=O)NO)cc1,9.4,1
CHEMBL197587,COc1c(Br)ccc2oc(C(=O)Nc3ccc(-c4ccc(S(=O)(=O)N[C@H](C(=O)O)C(C)C)cc4)cc3)cc12,9.4,1
CHEMBL220522,CCOCCC1(Oc2ccc(Oc3ccc(-c4nc(-c5ccncc5)co4)cc3)cc2)C(=O)NC(=O)NC1=O,9.4,1
CHEMBL374041,CCOCCC1(Oc2ccc(Oc3ccc(C(=O)Nc4cccnc4)cc3)cc2)C(=O)NC(=O)NC1=O,9.4,1
CHEMBL250554,CCOCCC1(Oc2ccc(Oc3ccc(-c4nc5ccc(F)cc5[nH]4)cc3)cc2)C(=O)NC(=O)NC1=O,9.4,1
CHEMBL1082381,C#CCN1CCC(C(=O)NO)(S(=O)(=O)c2ccc(Sc3ccccc3)cc2)CC1,9.4,2
CHEMBL1770699,CN(C)c1ccc(C(=O)CCCCOc2ccc(S(=O)(=O)C3(C(=O)NO)CCOCC3)cc2)cc1,9.4,1
CHEMBL1801056,C#CCN1CCC(C(=O)NO)(S(=O)(=O)c2ccc(Oc3ccc(OC)cc3)cc2)CC1,9.4,1
CHEMBL1229868,O=C(NO)C1(S(=O)(=O)c2ccc(Oc3ccc(C(F)(F)F)cc3)cc2)CCOCC1,9.4,1
CHEMBL1916050,O=C1[C@H](NS(=O)(=O)c2ccc(Oc3ccc(Cl)cc3)cc2)CC=CCN1O,9.4,1
CHEMBL1084510,COc1ccc(N2CCN(c3ccc(S(=O)(=O)C4(C(=O)NO)CCN(C5CC5)CC4)cc3)CC2)cc1,9.38,1
CHEMBL440498,O=C(NO)C1(CS(=O)(=O)c2ccc(Oc3ccc(Cl)cc3)cc2)CCOCC1,9.37,8
CHEMBL275053,Cc1cccc(-c2ccc(S(=O)(=O)[C@@H]3CCOC[C@]3(O)C(=O)NO)cc2)c1,9.37,1
CHEMBL221634,CCOCCC1(Oc2ccc(Oc3ccc(-c4nc(-c5ccc(C#N)cc5)co4)cc3)cc2)C(=O)NC(=O)NC1=O,9.36,2
CHEMBL4098001,O=C(NCc1cccc(OCCOc2nc[nH]n2)c1)c1nc2scc(-c3ccc(Cl)cc3)c2c(=O)[nH]1,9.36,1
CHEMBL253680,COc1ccc(-c2ccc(S(=O)(=O)N[C@@H](C(=O)O)C3CCN(C(=O)OC(C)(C)C)CC3)cc2)cc1,9.35,4
CHEMBL1801045,O=C(NO)C1(S(=O)(=O)c2ccc(Oc3cccc(Cl)c3)cc2)CCOCC1,9.35,1
CHEMBL3665976,Cc1noc(-c2cc3cc(-c4nc(C(=O)NCc5ccncc5)[nH]c4C)ccc3[nH]2)n1,9.35,1
CHEMBL222007,COCCC1(Oc2ccc(Oc3ccc(-c4nc(-c5cccc(F)c5)co4)cc3)cc2)C(=O)NC(=O)NC1=O,9.34,1
CHEMBL248543,CCOCCC1(Oc2ccc(Oc3ccc(-c4nc5ccccc5[nH]4)cc3)cc2)C(=O)NC(=O)NC1=O,9.31,1
CHEMBL440355,CCCCOc1ccc(S(=O)(=O)N2C/C(=N\OCC)C[C@@H]2C(=O)NO)cc1,9.3,1
CHEMBL140575,COc1ccc(S(=O)(=O)N2CCCCC2C(=O)NO)cc1,9.3,1
CHEMBL102798,COc1ccc(S(=O)(=O)N(CC(=O)NCc2ccccc2)C(CCSCc2ccccc2)C(=O)NO)cc1,9.3,1
CHEMBL301565,O=S(=O)(CCCS)c1ccc(Oc2ccccc2)cc1,9.3,2
CHEMBL4524116,O=C(NO)[C@@]1(NS(=O)(=O)c2ccc(Oc3ccc(F)cc3)cc2)C[C@H]2CC[C@@H](C1)O2,9.3,1
CHEMBL342548,COc1ccc(S(=O)(=O)N2C[C@@H](N(C)S(C)(=O)=O)C[C@@H]2C(=O)NO)cc1,9.3,1
CHEMBL358812,COc1ccc(S(=O)(=O)N2C[C@@H](N3C(=O)CN(C)C3=O)C[C@@H]2C(=O)NO)cc1,9.3,1
CHEMBL148120,CCCN(C(=O)[C@@H](O)CCc1ccccc1)[C@H]1C[C@H](C(=O)NO)N(S(=O)(=O)c2ccc(OC)cc2)C1,9.3,1
CHEMBL372878,CC1(C)C[C@@H](O)CN(S(=O)(=O)c2ccc(OCc3ccc(F)cc3Cl)cc2)[C@H]1C(=O)NO,9.3,1
CHEMBL1801423,O=C(NO)C1(S(=O)(=O)c2ccc(Oc3ccc4c(c3)OCCO4)cc2)CCN(C2CC2)CC1,9.3,1
CHEMBL1801416,COCCN1CCC(C(=O)NO)(S(=O)(=O)c2ccc(Oc3ccc(OC(C)C)cc3)cc2)CC1,9.3,1
CHEMBL2064552,COc1ccc(S(=O)(=O)N(Cc2cn([C@@H]3O[C@H](CO)[C@@H](O)[C@H](O)[C@H]3F)nn2)[C@@H](C(=O)NO)C(C)C)cc1,9.3,1
CHEMBL115283,O=C(NO)C1(NS(=O)(=O)c2ccc(Oc3ccc(F)cc3)cc2)CCC1,9.28,1
CHEMBL221632,CCOCCC1(Oc2ccc(Oc3ccc(-c4nc(-c5cccc(C#N)c5)co4)cc3)cc2)C(=O)NC(=O)NC1=O,9.28,2
CHEMBL3359078,COc1cccc(CNC(=O)c2nc3cccc(OCCCc4ccccc4)c3c(=O)[nH]2)c1,9.28,1
CHEMBL3359075,COc1cccc(CNC(=O)c2nc3cccc(Oc4ccccc4)c3c(=O)[nH]2)c1,9.28,1
CHEMBL367133,CCOCCC1(Oc2ccc(Oc3ccc(-c4cnco4)cc3)cc2)C(=O)NC(=O)C(N)C1=O,9.27,1
CHEMBL374015,CCOCCC1(Oc2ccc(Oc3ccc(-c4nc(-c5ccncc5)no4)cc3)cc2)C(=O)NC(=O)NC1=O,9.27,1
CHEMBL222077,COCCC1(Oc2ccc(Oc3ccc(-c4nc(-c5ccc(C#N)cc5)co4)cc3)cc2)C(=O)NC(=O)NC1=O,9.26,2
CHEMBL432834,O=C(NO)C1(NS(=O)(=O)c2ccc(Oc3cccc(F)c3)cc2)CCOCC1,9.25,1
CHEMBL386954,COCCC1(Oc2ccc(Oc3ccc(-c4nc(-c5ccc(F)cc5)co4)cc3)cc2)C(=O)NC(=O)NC1=O,9.24,1
CHEMBL3617404,COc1ccc(-c2ccc(S(=O)(=O)N(OC(C)C)[C@H](CCNC(C)=O)C(=O)NO)cc2)cc1,9.24,1
CHEMBL2111753,O=C(NO)[C@@]1(NS(=O)(=O)c2ccc(Oc3ccc(Cl)cc3)cc2)CCCOC1,9.23,2
CHEMBL3894181,O=C(NCc1cccc(OCCCOc2nc[nH]n2)c1)c1nc2ccccc2c(=O)[nH]1,9.23,1
CHEMBL317508,N#Cc1ccc(-c2ccc(OCC(CCn3nnc4ccccc4c3=O)C(=O)NO)cc2)cc1,9.22,1
CHEMBL94248,C#CCNC(C)(CS(=O)(=O)c1ccc(Oc2ccccc2)cc1)C(=O)NO,9.22,1
CHEMBL344999,CCCCOc1ccc(S(=O)(=O)N2C[C@@H](N3CCOCC3)C[C@@H]2C(=O)NO)cc1,9.22,1
CHEMBL222002,CCOCCC1(Oc2ccc(Oc3ccc(F)cc3)cc2)C(=O)NC(=O)NC1=O,9.22,1
CHEMBL401414,O=C1NC(=O)C2(CCCN2c2ccc(Oc3ccc(Br)cc3)nc2)C(=O)N1,9.22,1
CHEMBL1084238,O=C(NO)C1(S(=O)(=O)c2ccc(N3CCN(c4ccc(C(F)(F)F)cc4)CC3)cc2)CCOCC1,9.22,1
CHEMBL1801398,CN1CCC(C(=O)NO)(S(=O)(=O)c2ccc(Oc3ccc(OC(F)(F)F)cc3)cc2)CC1,9.22,1
CHEMBL1801427,CCN1CCC(C(=O)NO)(S(=O)(=O)c2ccc(Oc3ccc(C(F)(F)F)cc3)cc2)CC1,9.22,1
CHEMBL1801420,C#CCN1CCC(C(=O)NO)(S(=O)(=O)c2ccc(Oc3ccc4c(c3)OCO4)cc2)CC1,9.22,1
CHEMBL1916653,CC(C)CCN([C@H](CC(C)C)C(=O)NO)S(=O)(=O)c1ccc2ccccc2c1,9.22,1
CHEMBL1916839,CC(C)CCN([C@@H](C(=O)NO)C(C)C)S(=O)(=O)c1ccc2c(c1)CCO2,9.22,1
CHEMBL2425943,CC(C)[C@H](C(=O)NO)N(Cc1cn(CCOCCOCCOCCF)nn1)S(=O)(=O)c1ccc(OCCF)cc1,9.22,1
CHEMBL183848,CCOCCC1(Oc2ccc(Oc3ccc(-c4cn[nH]c4)cc3)cc2)C(=O)NC(=O)C(N)C1=O,9.21,1
CHEMBL199227,CC(C)[C@H](NS(=O)(=O)c1ccc(-c2ccc(NC(=O)c3cc4cc(Br)ccc4o3)cc2)cc1)C(=O)O,9.21,1
CHEMBL374770,COCCC1(Oc2ccc(Oc3ccc(-c4nc(-c5cccc(C#N)c5)co4)cc3)cc2)C(=O)NC(=O)NC1=O,9.2,1
CHEMBL1084208,COc1ccc(N2CCN(c3ccc(S(=O)(=O)C4(C(=O)NO)CCOCC4)cc3)CC2)cc1,9.2,1
CHEMBL325678,O=C(NO)C1(NS(=O)(=O)c2ccc(Oc3ccccc3F)cc2)CCOCC1,9.19,1
CHEMBL4524115,O=C(NO)[C@@]1(NS(=O)(=O)c2ccc(Oc3ccc(Cl)cc3)cc2)C[C@H]2CC[C@@H](C1)O2,9.19,1
CHEMBL2337697,O=C(CNS(=O)(=O)c1ccc(Oc2ccccc2)nc1)NO,9.19,1
CHEMBL5559593,O=C(NO)[C@@H](Cc1ccccc1)NS(=O)(=O)c1ccc(-n2cc(CCn3nc4ccccc4n3)nn2)cc1,9.19,1
CHEMBL1770702,O=C(NCCCOc1ccc(S(=O)(=O)C2(C(=O)NO)CCOCC2)cc1)c1ccc(OC(F)(F)F)cc1,9.18,1
CHEMBL3337904,COc1cccc(CNC(=O)c2nc3scc(CSCc4ccccc4)c3c(=O)[nH]2)c1,9.18,1
CHEMBL220957,CCOCCC1(Oc2ccc(Oc3ccc(-c4nc(-c5ccc(F)cc5)co4)cc3)cc2)C(=O)NC(=O)NC1=O,9.17,2
CHEMBL496942,Cn1c(=O)n(Cc2ccc(C(=O)O)cc2)c(=O)c2cc(C#CCc3ccccc3)ccc21,9.17,5
CHEMBL3617402,CC(=O)NCC[C@H](C(=O)NO)N(OC(C)C)S(=O)(=O)c1ccc(-c2ccccc2)cc1,9.17,1
CHEMBL2409684,C[C@]1(CS(=O)(=O)N2CCC(Oc3ccc(OCc4ccc(C#N)cc4)cc3)CC2)NC(=O)NC1=O,9.16,1
CHEMBL3359077,COc1cccc(CNC(=O)c2nc3cccc(OCCc4ccccc4)c3c(=O)[nH]2)c1,9.16,1
CHEMBL346624,CCOc1ccc(S(=O)(=O)N2C/C(=N\OC)C[C@@H]2C(=O)NO)cc1,9.15,1
CHEMBL151024,C=C1C[C@H](C(=O)NO)N(S(=O)(=O)c2ccc(OCCCC)cc2)C1,9.15,1
CHEMBL82169,COc1ccc(-c2ccc(S(=O)(=O)NC(C(=O)O)C3CCN(C(=O)OC(C)(C)C)CC3)cc2)cc1,9.15,2
CHEMBL102438,COc1ccc(CNC(=O)CN(C(CCSCc2ccccc2)C(=O)NO)S(=O)(=O)c2ccc(OC)cc2)cc1,9.15,1
CHEMBL101612,CN1CCN(Cc2cc(Br)cc(C(=O)NO)c2N(C)S(=O)(=O)c2ccc(Oc3ccc(Cl)cc3)cc2)CC1,9.15,1
CHEMBL146256,CCCCCc1ccc(S(=O)(=O)N2C[C@@H](N3CCOCC3)C[C@@H]2C(=O)NO)cc1,9.15,1
CHEMBL343414,CN1CC(=O)N([C@H]2C[C@H](C(=O)NO)N(S(=O)(=O)c3ccc(Oc4ccncc4)cc3)C2)C1=O,9.15,1
CHEMBL358064,CCCCOc1ccc(S(=O)(=O)N2C[C@@H](NS(C)(=O)=O)C[C@@H]2C(=O)NO)cc1,9.15,1
CHEMBL149983,CCCCOc1ccc(S(=O)(=O)N2C[C@@H](NC(=O)COC)C[C@@H]2C(=O)NO)cc1,9.15,1
CHEMBL333586,CCOCCCOC(=O)N1CCN(S(=O)(=O)c2ccc(OC)cc2)C(C(=O)NO)C1,9.15,2
CHEMBL1084221,O=C(NO)C1(S(=O)(=O)c2ccc(N3CCC(c4ccc(Cl)cc4)CC3)cc2)CCOCC1,9.15,1
CHEMBL1771213,COc1ccc(C(=O)N2CCN(c3ccc(S(=O)(=O)C4(C(=O)NO)CCOCC4)cc3)CC2)cc1,9.15,1
CHEMBL1910466,Cc1cc(COc2ccc(-c3ccc(S(=O)(=O)N[C@@H](C(=O)O)C(C)C)cc3)cc2)ccn1,9.15,1
CHEMBL1916210,O=C1[C@H](N(CCN2CCOCC2)S(=O)(=O)c2ccc(Oc3ccc(Cl)cc3)cc2)CC=CCN1O,9.15,1
CHEMBL2425942,CC(C)[C@H](C(=O)NO)N(Cc1cn(CCF)nn1)S(=O)(=O)c1ccc(OCCF)cc1,9.15,1
CHEMBL4527411,CCCCCc1ccc(C#Cc2ccc(C(=O)N3C[C@@H](O)C[C@H]3C(=O)NO)cc2)cc1,9.15,1
CHEMBL221267,COCCC1(Oc2ccc(Oc3ccc(-c4nc(-c5ccccc5C#N)co4)cc3)cc2)C(=O)NC(=O)NC1=O,9.14,1
CHEMBL111856,O=C(NO)C1(NS(=O)(=O)c2ccc(Oc3ccc(F)cc3)cc2)CCOCC1,9.12,1
CHEMBL114815,O=C(NO)C1(NS(=O)(=O)c2ccc(Oc3ccc(F)cc3)cc2)CCCC1,9.12,2
CHEMBL116219,O=C(NO)[C@@]1(NS(=O)(=O)c2ccc(Oc3ccc(F)cc3)cc2)CCOC1,9.11,1
CHEMBL421966,CO/N=C1/C[C@H](C(=O)NO)N(S(=O)(=O)c2ccc(Oc3ccc(F)cc3)cc2)C1,9.1,1
CHEMBL102785,COc1ccc(S(=O)(=O)N(CC(=O)NC2CCCCC2)C(CCSCc2ccccc2)C(=O)NO)cc1,9.1,1
CHEMBL300771,COc1ccc(-c2ccc(S(=O)(=O)N[C@@H](C(=O)O)C3CCC(N(Cc4ccccc4)C(C)=O)CC3)cc2)cc1,9.1,1
CHEMBL147629,CCCN([C@H]1C[C@H](C(=O)NO)N(S(=O)(=O)c2ccc(OC)cc2)C1)S(C)(=O)=O,9.1,1
CHEMBL148178,CS(=O)(=O)N[C@H]1C[C@H](C(=O)NO)N(S(=O)(=O)c2ccc(Oc3ccncc3)cc2)C1,9.1,1
CHEMBL319341,CN1CCN(Cc2cccc(C(=O)NO)c2N(C)S(=O)(=O)c2ccc(Oc3ccc(Cl)cc3)cc2)CC1,9.1,2
CHEMBL343220,CCCCOc1ccc(S(=O)(=O)N2C[C@@H](NC(=O)[C@@H](O)C(C)C)C[C@@H]2C(=O)NO)cc1,9.1,1
CHEMBL210441,O=C(O)C(CCN1C(=O)c2ccccc2C1=O)S(=O)(=O)c1ccc(-c2nc3cc(F)ccc3[nH]2)cc1,9.1,1
CHEMBL392571,CC(C)[C@H](C(=O)NO)N(Cc1cccnc1)S(=O)(=O)c1ccc(OCCF)cc1,9.1,1
CHEMBL1801051,O=C(NO)C1(S(=O)(=O)c2ccc(Oc3cccc(C(F)(F)F)c3)cc2)CCOCC1,9.1,1
CHEMBL1801047,O=C(NO)C1(S(=O)(=O)c2ccc(Oc3ccc(Cl)c(Cl)c3)cc2)CCOCC1,9.1,1
CHEMBL2409667,O=CN(O)[C@@H](CCCc1ncccn1)CS(=O)(=O)N1CCN(c2ccc(C(F)(F)F)cn2)CC1,9.1,1
CHEMBL2409694,C[C@]1(CS(=O)(=O)N2CCC(Oc3ccc(OCc4ccc(C(F)(F)F)o4)cc3)CC2)NC(=O)NC1=O,9.09,1
CHEMBL375667,CCOCCC1(Oc2ccc(Oc3ccc(C(=O)Nc4ccccc4)cc3)cc2)C(=O)NC(=O)NC1=O,9.08,1
CHEMBL375342,CCOCCC1(Oc2ccc(Oc3ccc(-c4noc(-c5ccccc5)n4)cc3)cc2)C(=O)NC(=O)NC1=O,9.08,1
CHEMBL221806,CCOCCC1(Oc2ccc(Oc3ccc(C(=O)NCc4cccc(F)c4)cc3)cc2)C(=O)NC(=O)NC1=O,9.07,1
CHEMBL75094,CC1(C)SCCN(S(=O)(=O)c2ccc(Oc3ccncc3)cc2)[C@H]1C(=O)NO,9.06,4
CHEMBL114906,COc1ccc(Oc2ccc(S(=O)(=O)NC3(C(=O)NO)CCOCC3)cc2)cc1,9.06,1
CHEMBL360916,CCOCCC1(Oc2ccc(Oc3ccc(F)cc3)cc2)C(=O)NC(=O)C(N)C1=O,9.06,1
CHEMBL182894,CCOCCC1(Oc2ccc(Oc3ccc(Br)cc3)cc2)C(=O)NC(=O)C(N)C1=O,9.06,1
CHEMBL183783,O=C(NO)[C@@]1(O)COCC[C@H]1S(=O)(=O)c1ccc(OCc2ccc(Cl)cc2)cc1,9.06,1
CHEMBL387343,CCOCCC1(Oc2ccc(Oc3ccc(-c4nc(-c5ccccc5C#N)co4)cc3)cc2)C(=O)NC(=O)NC1=O,9.06,1
CHEMBL2409688,C[C@]1(CS(=O)(=O)N2CCC(Oc3ccc(OCc4cccc(F)c4)cc3)CC2)NC(=O)NC1=O,9.06,1
CHEMBL140970,COc1ccc(S(=O)(=O)N2CCCSC(C)(C)[C@@H]2C(=O)NO)cc1,9.05,2
CHEMBL323612,CC(C)(NS(=O)(=O)c1ccc(Oc2ccc(F)cc2)cc1)C(=O)NO,9.05,1
CHEMBL356520,CCCCOc1ccc(S(=O)(=O)N2C[C@@H](NC(=O)[C@H](C)O)C[C@@H]2C(=O)NO)cc1,9.05,1
CHEMBL147738,CCCCOc1ccc(S(=O)(=O)N2C[C@@H](NC(=O)[C@@H](O)CC(C)C)C[C@@H]2C(=O)NO)cc1,9.05,1
CHEMBL344778,CCCCCc1ccc(S(=O)(=O)N2C[C@@H](N3CCCCC3)C[C@@H]2C(=O)NO)cc1,9.05,1
CHEMBL144176,CCCCOc1ccc(S(=O)(=O)N2C[C@@H](N3CCS(=O)(=O)CC3)C[C@@H]2C(=O)NO)cc1,9.05,1
CHEMBL125598,COc1ccc(S(=O)(=O)N2CCN(C(=O)c3ccc(-c4ccccc4)cc3)CC2C(=O)NO)cc1,9.05,2
CHEMBL235095,COc1ccc(S(=O)(=O)N(Cc2ccc(F)nc2)[C@@H](C(=O)NO)C(C)C)cc1,9.05,1
CHEMBL1770706,CN(C)c1ccc(C(=O)CCOc2ccc(S(=O)(=O)C3(C(=O)NO)CCOCC3)cc2)cc1,9.05,1
CHEMBL1770712,COc1ccc(OCCCCOc2ccc(S(=O)(=O)C3(C(=O)NO)CCOCC3)cc2)cc1,9.05,1
CHEMBL5198463,O=C(NO)C1(S(=O)(=O)c2ccc(-n3cc(-c4ccc(-c5ccccc5)cc4)nn3)cc2)CCOCC1,9.05,1
CHEMBL114884,O=C(NO)C1(NS(=O)(=O)c2ccc(Oc3ccc(F)cc3)cc2)CC1,9.03,1
CHEMBL324806,O=C(NO)[C@]1(NS(=O)(=O)c2ccc(Oc3ccc(Cl)cc3)cc2)CCOC1,9.03,1
CHEMBL374915,CCOCCC1(Oc2ccc(Oc3ccc(-c4nc(-c5ccccc5F)co4)cc3)cc2)C(=O)NC(=O)NC1=O,9.03,2
CHEMBL183713,CCOCCC1(Oc2ccc(Oc3ccc(-n4ccnc4)cc3)cc2)C(=O)NC(=O)C(N)C1=O,9.02,1
CHEMBL366111,O=C(NO)[C@@]1(O)COCC[C@H]1S(=O)(=O)c1ccc(OCc2ccc(Cl)cc2Cl)cc1,9.02,1
CHEMBL248939,CCOCCC1(Oc2ccc(Oc3ccc(-c4nc5ccc(Cl)cc5[nH]4)cc3)cc2)C(=O)NC(=O)NC1=O,9.02,1
CHEMBL116287,O=C(NO)C1(NS(=O)(=O)c2ccc(Oc3ccc(F)cc3)cc2)CCCCC1,9.01,1
CHEMBL78798,CCCCOc1ccc(S(=O)(=O)C2(C(=O)NO)CCN(Cc3ccc(OCCN4CCCCC4)cc3)CC2)cc1,9.0,1
CHEMBL78909,COc1ccc(CN2CCC(C(=O)NO)(S(=O)(=O)c3ccc(Oc4ccc(Cl)cc4)cc3)CC2)cc1,9.0,1
CHEMBL78549,CCN1CCC(C(=O)NO)(S(=O)(=O)c2ccc(Oc3ccc(Cl)cc3)cc2)CC1,9.0,1
CHEMBL309311,CCCCOc1ccc(S(=O)(=O)C2(C(=O)NO)CCN(Cc3cccc(OC)c3)CC2)cc1,9.0,1
CHEMBL79433,O=C(NO)C1(S(=O)(=O)c2ccc(Oc3ccc(Cl)cc3)cc2)CCN(Cc2ccccc2)CC1,9.0,1
CHEMBL78299,COc1ccc(S(=O)(=O)C(C)(Cc2ccc(OCCN3CCCCC3)cc2)C(=O)NO)cc1,9.0,2
CHEMBL311436,O=C(NO)C1(S(=O)(=O)c2ccc(-c3ccco3)cc2)CCN(Cc2ccccc2)CC1,9.0,1
CHEMBL311357,CCCCN1CCC(C(=O)NO)(S(=O)(=O)c2ccc(Oc3ccc(Cl)cc3)cc2)CC1,9.0,1
CHEMBL78611,CCCCOc1ccc(S(=O)(=O)C2(C(=O)NO)CCN(CCCOc3ccccc3)CC2)cc1,9.0,1
CHEMBL78478,CCCCOc1ccc(S(=O)(=O)C2(C(=O)NO)CCN(Cc3ccc(OC)cc3)CC2)cc1,9.0,1
CHEMBL150745,C=C1C[C@H](C(=O)NO)N(S(=O)(=O)c2ccc(OCCC)cc2)C1,9.0,1
CHEMBL80272,COc1ccc(S(=O)(=O)N(Cc2ccccc2)c2c(OCC(=O)NO)cccc2C(=O)NO)cc1,9.0,2
CHEMBL95807,COc1ccc(S(=O)(=O)N2Cc3ccccc3N(C(=O)c3cccs3)CC2C(=O)NO)cc1,9.0,2
CHEMBL43479,CC(C)[C@@H](NS(=O)(=O)c1ccc(-c2ccc(C#N)cc2)cc1)C(=O)NO,9.0,1
CHEMBL69268,COc1ccc(S(=O)(=O)N(Cc2cccnc2)c2c(C(=O)NO)cc(C)cc2-c2ccco2)cc1,9.0,1
CHEMBL68542,COc1ccc(S(=O)(=O)N(Cc2cccnc2)c2c(C)cc(-c3ccc4ccccc4c3)cc2C(=O)NO)cc1,9.0,1
CHEMBL34411,COc1ccc(S(=O)(=O)N(Cc2ccccc2)c2c(C(=O)NO)cnc3c(C(F)(F)F)cccc23)cc1,9.0,1
CHEMBL286848,Cc1nn(C)c2ncc(C(=O)NO)c(N(C)S(=O)(=O)c3ccc(Oc4ccc(Cl)cc4)cc3)c12,9.0,1
CHEMBL38352,COc1ccc(S(=O)(=O)N(Cc2cccnc2)c2c(C(=O)NO)cnc3c(Br)cccc23)cc1,9.0,1
CHEMBL34808,COc1ccc(S(=O)(=O)N(Cc2cccnc2)c2c(C(=O)NO)cnc3c(OC)cccc23)cc1,9.0,1
CHEMBL287871,CN(c1c(C(=O)NO)cnc2ccccc12)S(=O)(=O)c1ccc(Oc2ccncc2)cc1,9.0,1
CHEMBL287820,COc1ccc(S(=O)(=O)N(Cc2cccnc2)c2c(C(=O)NO)cnc3cc(C(F)(F)F)ccc23)cc1,9.0,1
CHEMBL38180,Cc1nn(C)c2ncc(C(=O)NO)c(N(C)S(=O)(=O)c3ccc(Oc4ccncc4)cc3)c12,9.0,1
CHEMBL83368,COc1ccc(-c2ccc(S(=O)(=O)NC(C(=O)O)C3CCN(C(=O)OC(C)C)CC3)cc2)cc1,9.0,2
CHEMBL311004,COCCOC(=O)N1CCC(C(NS(=O)(=O)c2ccc(-c3ccc(SC)cc3)cc2)C(=O)O)CC1,9.0,2
CHEMBL315114,COCCOC(=O)N1CCC(C(C(=O)O)N(CCOC)S(=O)(=O)c2ccc(-c3ccc(OC)cc3)cc2)CC1,9.0,2
CHEMBL441662,COc1ccc(S(=O)(=O)N2CCCCCSC(C)(C)[C@@H]2C(=O)NO)cc1,9.0,1
CHEMBL345054,COc1ccc(S(=O)(=O)N2CCSCC2C(=O)NO)cc1,9.0,2
CHEMBL357233,COc1ccc(S(=O)(=O)N2CCOCC2C(=O)NO)cc1,9.0,1
CHEMBL141080,COc1ccc(S(=O)(=O)N2CCSC(C)(C)[C@@H]2C(=O)NO)cc1,9.0,1
CHEMBL48474,O=S(=O)(c1ccc(Oc2ccccc2)cc1)C1CCCC(S)C1,9.0,1
CHEMBL99072,COc1ccc(S(=O)(=O)N2Cc3ccccc3N(C(C)=O)CC2C(=O)NO)cc1,9.0,1
CHEMBL293411,COc1ccc(-c2ccc(S(=O)(=O)N[C@@H](C(=O)O)C3CCC(N4CCNC4=O)CC3)cc2)cc1,9.0,1
CHEMBL147804,CCCN(C(=O)[C@H](C)O)[C@H]1C[C@H](C(=O)NO)N(S(=O)(=O)c2ccc(OC)cc2)C1,9.0,1
CHEMBL148136,COc1ccc(S(=O)(=O)N2C[C@@H](N(Cc3cccnc3)S(C)(=O)=O)C[C@@H]2C(=O)NO)cc1,9.0,1
CHEMBL145175,COc1ccc(S(=O)(=O)N2C[C@@H](N3CCCCC3)C[C@@H]2C(=O)NO)cc1,9.0,1
CHEMBL147561,CCCOc1ccc(S(=O)(=O)N2C[C@@H](NC(=O)[C@H](C)O)C[C@@H]2C(=O)NO)cc1,9.0,1
CHEMBL147107,CCCOc1ccc(S(=O)(=O)N2C[C@@H](N3CCCC3)C[C@@H]2C(=O)NO)cc1,9.0,1
CHEMBL144430,COc1ccc(S(=O)(=O)N2C[C@@H](NCCc3ccccc3)C[C@@H]2C(=O)NO)cc1,9.0,1
CHEMBL147004,CCCOc1ccc(S(=O)(=O)N2C[C@@H](N3CCOCC3)C[C@@H]2C(=O)NO)cc1,9.0,1
CHEMBL356079,COc1ccc(S(=O)(=O)N2C[C@@H](N3CCS(=O)(=O)CC3)C[C@@H]2C(=O)NO)cc1,9.0,1
CHEMBL332302,COc1ccc(S(=O)(=O)N2CCN(C(C)=O)CC2C(=O)NO)cc1,9.0,2
CHEMBL172588,COc1ccc(S(=O)(=O)C(CCS)Cc2ccccc2)cc1,9.0,1
CHEMBL123967,COc1ccc(S(=O)(=O)N2CCN(S(C)(=O)=O)CC2C(=O)NO)cc1,9.0,1
CHEMBL123320,COc1ccc(S(=O)(=O)N2CCN(C(=O)[C@@H](O)C(C)C)CC2C(=O)NO)cc1,9.0,1
CHEMBL338007,COc1ccc(S(=O)(=O)N2CCN(C(=O)OCc3cccnc3)CC2C(=O)NO)cc1,9.0,1
CHEMBL183410,CCOCCC1(Oc2ccc(Oc3ccc(-c4nnco4)cc3)cc2)C(=O)NC(=O)C(N)C1=O,9.0,1
CHEMBL184501,Cc1ccc(Oc2ccc(S(=O)(=O)[C@@H]3CCOC[C@]3(O)C(=O)NO)cc2)cc1,9.0,1
CHEMBL206688,C#CCCOc1ccc(S(=O)(=O)N2CCSC(C)(C)[C@@H]2C(=O)NO)cc1,9.0,1
CHEMBL207776,C#CCOc1ccc(S(=O)(=O)N2CCSC(C)(C)[C@@H]2C(=O)NO)cc1,9.0,1
CHEMBL221685,CCOCCC1(Oc2ccc(Oc3ccc(-c4nc(-c5ccccn5)co4)cc3)cc2)C(=O)NC(=O)NC1=O,9.0,1
CHEMBL221497,CCOCCC1(Oc2ccc(Oc3ccc(-c4nc(-c5ccccn5)no4)cc3)cc2)C(=O)NC(=O)NC1=O,9.0,1
CHEMBL252462,COc1ccc(S(=O)(=O)N2CCN(C(=O)C(O)C(C)C)CC2C(=O)NO)cc1,9.0,1
CHEMBL1084509,O=C(NO)C1(S(=O)(=O)c2ccc(N3CCN(c4ccc(Cl)cc4)CC3)cc2)CCOCC1,9.0,1
CHEMBL1801055,O=C(NO)C1(S(=O)(=O)c2ccc(Oc3ccncc3)cc2)CCOCC1,9.0,1
CHEMBL1910467,CC(C)[C@@H](NS(=O)(=O)c1ccc(-c2ccc(OCc3ccnc(C(F)(F)F)c3)cc2)cc1)C(=O)O,9.0,1
CHEMBL1916661,CC(C)CCN([C@@H](C(=O)NO)C(C)C)S(=O)(=O)c1ccc2cc(O)ccc2c1,9.0,1
CHEMBL2064544,COc1ccc(S(=O)(=O)N(Cc2ccc(OCCOCCOCCOCCn3cc(COCCOCCOCCOCCOCCF)nn3)cc2)[C@@H](C(=O)NO)C(C)C)cc1,9.0,1
CHEMBL2064551,COc1ccc(S(=O)(=O)N(Cc2cn(CCOCCOCCOCCOc3cccnc3F)nn2)[C@@H](C(=O)NO)C(C)C)cc1,9.0,1
CHEMBL187092,C[C@@]1(O)CCCN(S(=O)(=O)c2ccc(OCc3ccc(F)cc3Cl)cc2)[C@H]1C(=O)NO,9.0,3
CHEMBL2425940,CC(C)[C@H](C(=O)NO)N(CCn1cc(CN(C)S(=O)(=O)c2ccc(F)cc2)nn1)S(=O)(=O)c1ccc(OCCF)cc1,9.0,1
CHEMBL2425935,CC(C)[C@H](C(=O)NO)N(CCN=[N+]=[N-])S(=O)(=O)c1ccc(OCCF)cc1,9.0,1
CHEMBL2425931,Cc1ccc(S(=O)(=O)N(CCN=[N+]=[N-])[C@@H](C(=O)NO)C(C)C)cc1,9.0,1
CHEMBL2425930,COc1ccc(S(=O)(=O)N(CCn2cc(CN(C)S(=O)(=O)c3ccc(F)cc3)nn2)[C@@H](C(=O)NO)C(C)C)cc1,9.0,1
CHEMBL3359086,COc1cccc(CNC(=O)c2nc3cccc(OCCC4CCCCC4)c3c(=O)[nH]2)c1,9.0,1
CHEMBL45483,CNC(=O)[C@H](Cc1ccc(OC)cc1)NC(=O)[C@@H](CC(=O)NO)CC(C)C,9.0,1
CHEMBL4088630,COc1ccc(S(=O)(=O)N2CCSC(C)(C)C2C(=O)NO)cc1,9.0,1
CHEMBL5205063,CNC(=O)[C@@H](CC(=O)[C@H](CC(C)C)[C@H](CSc1cccs1)C(=O)NO)Cc1ccccc1,9.0,1
CHEMBL92923,CC(CS(=O)(=O)c1ccc(Oc2ccccc2)cc1)(NCc1ccc2c(c1)OCO2)C(=O)NO,8.96,1
CHEMBL106016,COc1ccc(S(=O)(=O)N(CC(=O)NCc2cccnc2)C(CCSCc2ccccc2)C(=O)NO)cc1,8.96,1
CHEMBL125672,CCCN(CC1CC1)C(=O)N1CCN(S(=O)(=O)c2ccc(OC)cc2)C(C(=O)NO)C1,8.96,1
CHEMBL362535,Cc1cccc(Oc2ccc(S(=O)(=O)[C@@H]3CCOC[C@]3(O)C(=O)NO)cc2)c1,8.96,1
CHEMBL221751,CCOCCC1(Oc2ccc(Oc3ccc(C(=O)NCc4ccccc4F)cc3)cc2)C(=O)NC(=O)NC1=O,8.96,1
CHEMBL227824,CCOc1ccc(-c2ccc(S(=O)(=O)N[C@@H](C(C)C)P(=O)(O)O)cc2)cc1,8.96,1
CHEMBL234350,O=C(NO)C1(CS(=O)(=O)c2ccc(Oc3ccccc3)cc2)CCN(CCc2ccccc2)CC1,8.96,1
CHEMBL493356,CC(C)[C@H](NS(=O)(=O)c1ccc2c(c1)oc1ccc(NC(=O)NCCc3cccs3)cc12)C(=O)O,8.96,1
CHEMBL511203,CC(C)C(=O)c1ccc(OCc2ccc(-c3ccc(S(=O)(=O)N[C@@H](C(=O)O)C(C)C)cc3)cc2)cc1,8.96,1
CHEMBL1910465,CC(C)[C@@H](NS(=O)(=O)c1ccc(-c2ccc(OCc3ccncc3)cc2)cc1)C(=O)O,8.96,1
CHEMBL3337875,COc1cccc(CNC(=O)c2nc3scc(C)c3c(=O)[nH]2)c1,8.96,1
CHEMBL126461,O=C(NO)C(CCn1nnc2ccccc2c1=O)CSc1ccc(-c2ccc(Cl)cc2)cc1,8.92,1
CHEMBL321257,O=C(NO)C1(NS(=O)(=O)c2ccc(Oc3ccc(Cl)cc3)cc2)CCOCC1,8.92,1
CHEMBL2111754,O=C(NO)[C@@]1(NS(=O)(=O)c2ccc(Oc3ccc(F)cc3)cc2)CCCOC1,8.92,1
CHEMBL191359,Cc1ccc(COc2ccc(S(=O)(=O)N3C[C@H](O)CC(C)(C)[C@@H]3C(=O)NO)cc2)cc1,8.92,1
CHEMBL398468,O=C1NC(=O)C2(CCCN2c2ccc(Oc3ccc(-c4nc(-c5ccc(F)cc5)co4)cc3)nc2)C(=O)N1,8.92,2
CHEMBL1770710,O=C(CCCOc1ccc(S(=O)(=O)C2(C(=O)NO)CCOCC2)cc1)N1CCCCC1,8.92,1
CHEMBL1801425,O=C(NO)C1(S(=O)(=O)c2ccc(Oc3ccc(C(F)(F)F)cc3)cc2)CCNCC1,8.92,1
CHEMBL2409706,C[C@]1(CS(=O)(=O)N2CCC(Oc3ccc(OCC(F)(F)C(F)F)cc3)CC2)NC(=O)NC1=O,8.92,1
CHEMBL3337876,COc1cccc(CNC(=O)c2nc3sc(C)c(C)c3c(=O)[nH]2)c1,8.92,1
CHEMBL4859817,Cc1cc(CNC(=O)c2nc3ccc(F)c(OCCc4ccc(C(=O)O)cc4)c3c(=O)[nH]2)ccc1F,8.92,1
CHEMBL19611,CNC(=O)[C@H](Cc1c[nH]c2ccccc12)NC(=O)[C@@H](CC(=O)NO)CC(C)C,8.91,4
CHEMBL561311,COC(=O)Nc1ccc2sc3cc(S(=O)(=O)N[C@@H](C(=O)O)C(C)C)ccc3c2c1,8.91,1
CHEMBL90978,O=C(NO)C1CN(C(=O)c2ccccc2)CCCN1S(=O)(=O)c1ccc(Oc2ccccc2)cc1,8.89,2
CHEMBL341570,COc1ccc(S(=O)(=O)N2C[C@@H](O)CS(=O)(=O)C(C)(C)[C@@H]2C(=O)NO)cc1,8.89,1
CHEMBL140511,CC1(C)SCCCN(S(=O)(=O)c2ccc(Br)cc2)[C@H]1C(=O)NO,8.89,1
CHEMBL114831,O=C(NO)[C@]1(NS(=O)(=O)c2ccc(Oc3ccc(F)cc3)cc2)CCOC1,8.89,1
CHEMBL124558,COc1ccc(S(=O)(=O)N2CCN(S(=O)(=O)c3ccc(OC)cc3)C(C(=O)NO)C2)cc1,8.89,1
CHEMBL332134,COc1ccc(S(=O)(=O)N2CCN(C(=O)OCc3ccccc3)CC2C(=O)NO)cc1,8.89,1
CHEMBL123563,COc1ccc(S(=O)(=O)N2CCN(S(=O)(=O)c3c(C)noc3C)CC2C(=O)NO)cc1,8.89,1
CHEMBL360628,Cc1ccc(COc2ccc(S(=O)(=O)[C@@H]3CCOC[C@]3(O)C(=O)NO)cc2)cc1,8.89,1
CHEMBL1916654,CC(C)CCN([C@H](CO)C(=O)NO)S(=O)(=O)c1ccc2ccccc2c1,8.89,1
CHEMBL1916663,COc1ccc2cc(S(=O)(=O)N(CCC(C)C)[C@@H](C(=O)NO)C(C)C)ccc2c1,8.89,1
CHEMBL2047537,Cc1c(C(=O)O)ccc2c1CC[C@@H]2NC(=O)c1cc(C(=O)NCc2ccc(F)c(C(F)(F)F)c2)nc2c(F)cnn12,8.89,1
CHEMBL2337129,CC(C)C(NS(=O)(=O)c1ccc(-c2ccc(NC(=O)c3cc4ccccc4o3)cc2)cc1)C(=O)O,8.89,1
CHEMBL5186926,COc1ccc(S(=O)(=O)N(CCCCCCNC(=O)CCCCC(=O)NCCN(CCC(=O)NCCNC(=O)CCCCC(=O)NCCO[C@@H]2O[C@H](CO)[C@@H](O[C@@H]3O[C@H](CO)[C@H](O)[C@H](O)[C@H]3O)[C@H](O)[C@H]2O)CCC(=O)NCCNC(=O)CCCCC(=O)NCCO[C@@H]2O[C@H](CO)[C@@H](O[C@@H]3O[C@H](CO)[C@H](O)[C@H](O)[C@H]3O)[C@H](O)[C@H]2O)CC(=O)NO)cc1,8.89,1
CHEMBL5400739,O=C(O)c1ccc(CCOc2c(F)ccc3nc(C(=O)NCc4cccc(O)c4)[nH]c(=O)c23)cc1,8.89,1
CHEMBL3359091,COc1cccc(CNC(=O)c2nc3ccc(F)c(OCCc4ccc(C(=O)O)cc4)c3c(=O)[nH]2)c1,8.89,1
CHEMBL310340,CCCCOc1ccc(S(=O)(=O)C2(C(=O)NO)CCOCC2)cc1,8.85,1
CHEMBL92778,CC(CS(=O)(=O)c1ccc(Oc2ccccc2)cc1)(NCc1ccc2ccccc2c1)C(=O)NO,8.85,1
CHEMBL337594,COCOC1CSC(C)(C)[C@H](C(=O)NO)N(S(=O)(=O)c2ccc(OC)cc2)C1,8.85,1
CHEMBL124100,CCCCCCNC(=O)N1CCN(S(=O)(=O)c2ccc(OC)cc2)C(C(=O)NO)C1,8.85,1
CHEMBL183216,CCOCCC1(Oc2ccc(Oc3ccc(Cl)cc3)cc2)C(=O)NC(=O)C(N)C1=O,8.85,1
CHEMBL362284,CCOCCC1(Oc2ccc(Oc3ccc(-c4ncco4)cc3)cc2)C(=O)NC(=O)C(N)C1=O,8.85,1
CHEMBL370312,CC1(C)C[C@@H](O)CN(S(=O)(=O)c2ccc(OCc3ccc(Br)cc3)cc2)[C@H]1C(=O)NO,8.85,1
CHEMBL210517,Cc1ccc(C#Cc2ccc(S(=O)(=O)C(CCN3C(=O)c4ccccc4C3=O)C(=O)O)cc2)cc1,8.85,1
CHEMBL376859,COCCC1(Oc2ccc(Oc3ccc(-c4nc(-c5ccccc5F)co4)cc3)cc2)C(=O)NC(=O)NC1=O,8.85,1
CHEMBL1910459,CC(C)[C@@H](NS(=O)(=O)c1ccc(-c2ccc(OCc3ccc4ccccc4c3)cc2)cc1)C(=O)O,8.85,1
CHEMBL1910476,CC(C)[C@@H](NS(=O)(=O)c1ccc(-c2ccc(OCc3cccc([N+](=O)[O-])c3)cc2)cc1)C(=O)O,8.85,1
CHEMBL1910648,CC(C)[C@@H](NS(=O)(=O)c1ccc(-c2ccc(OCc3cccc(Cl)c3)cc2)cc1)C(=O)O,8.85,1
CHEMBL2409683,C[C@]1(CS(=O)(=O)N2CCC(Oc3ccc(OCc4ccc(S(C)(=O)=O)cc4)cc3)CC2)NC(=O)NC1=O,8.85,1
CHEMBL2409682,C[C@]1(CS(=O)(=O)N2CCC(Oc3ccc(OCc4ccccc4)cc3)CC2)NC(=O)NC1=O,8.85,1
CHEMBL3617403,CC(C)ON([C@H](CCNC(=O)Cc1ccccc1)C(=O)NO)S(=O)(=O)c1ccc(-c2ccccc2)cc1,8.85,1
CHEMBL5199189,COc1ccc(-c2cn(-c3ccc(S(=O)(=O)C4(C(=O)NO)CCOCC4)cc3)nn2)cc1,8.85,1
CHEMBL114148,O=C(NO)C1(NS(=O)(=O)c2ccc(Oc3ccccc3)cc2)CCOCC1,8.82,1
CHEMBL112470,O=C(NO)C1(NS(=O)(=O)c2ccc(Oc3ccc(F)cc3)cc2)CCSCC1,8.82,1
CHEMBL116237,O=C(NO)C1(NS(=O)(=O)c2ccc(Oc3cc(Cl)ccn3)cc2)CCOCC1,8.82,1
CHEMBL340923,COc1ccc(S(=O)(=O)N2CCN(C(=O)C3CCCCC3)CC2C(=O)NO)cc1,8.82,2
CHEMBL2337690,CC(C)CN(CC(=O)NO)S(=O)(=O)c1ccc(OCc2ccccc2)cc1,8.82,1
CHEMBL3892938,O=C(NCc1cccc(N2CCN(C(=O)Cc3nnn[nH]3)CC2)c1)c1nc2ccccc2c(=O)[nH]1,8.82,1
CHEMBL4094673,Cc1csc2nc(C(=O)NCc3cccc(CNC(=O)c4nc[nH]n4)c3)[nH]c(=O)c12,8.82,1
CHEMBL90211,CCNC(C)(CS(=O)(=O)c1ccc(Oc2ccccc2)cc1)C(=O)NO,8.8,1
CHEMBL421029,COc1ccc(S(=O)(=O)N(CC(=O)NCc2c(OC)cc(OC)cc2OC)C(CCSCc2ccccc2)C(=O)NO)cc1,8.8,1
CHEMBL220964,CCOCCC1(Oc2ccc(Oc3ccc(-c4cc(-c5ccccc5)no4)cc3)cc2)C(=O)NC(=O)NC1=O,8.8,1
CHEMBL398966,O=C1NC(=O)C2(CCCN2c2ccc(Oc3ccc(F)cc3)nc2)C(=O)N1,8.8,2
CHEMBL472899,O=C(O)CN(CC(=O)NO)S(=O)(=O)c1ccc(Oc2ccccc2)cc1,8.8,1
CHEMBL1770700,COc1ccc(C(=O)NCCCOc2ccc(S(=O)(=O)C3(C(=O)NO)CCOCC3)cc2)cc1,8.8,1
CHEMBL1770701,CN(C)c1ccc(C(=O)NCCCOc2ccc(S(=O)(=O)C3(C(=O)NO)CCOCC3)cc2)cc1,8.8,1
CHEMBL2409693,C[C@]1(CS(=O)(=O)N2CCC(Oc3ccc(OCc4cnsn4)cc3)CC2)NC(=O)NC1=O,8.8,1
CHEMBL3359079,COc1cccc(CNC(=O)c2nc3cccc(OCCOCc4ccccc4)c3c(=O)[nH]2)c1,8.8,1
CHEMBL4103797,O=C(CCCOc1cccc(CNC(=O)c2nc3ccccc3c(=O)[nH]2)c1)NO,8.8,1
CHEMBL4089861,O=C(O)CNS(=O)(=O)c1ccc(-c2ccc(CSc3nc4c(c(=O)[nH]3)CCC4)cc2)cc1,8.8,1
CHEMBL4164242,CC(C)[C@H](NC(=O)c1ccc(-c2ccc(CSc3nc4c(c(=O)[nH]3)CCC4)cc2)o1)C(=O)N[C@@H]1CCCC[C@H]1O,8.8,1
CHEMBL512081,CN(C)c1ccc(-c2ccc(S(=O)(=O)N[C@@H](C(=O)O)C3CCN(C(=O)OC(C)(C)C)CC3)cc2)cc1,8.79,2
CHEMBL466237,CCOc1ccc(-c2ccc(S(=O)(=O)N[C@@H](C(=O)O)C3CCN(C(=O)OC4CCOCC4)CC3)s2)cc1,8.78,2
CHEMBL124680,COc1ccc(S(=O)(=O)N2CCNCC2C(=O)NO)cc1,8.77,2
CHEMBL114272,COc1ccc(S(=O)(=O)N[C@@H](C(=O)NO)C(C)C)cc1,8.77,1
CHEMBL117375,N#Cc1ccc(Oc2ccc(S(=O)(=O)NC3(C(=O)NO)CCOCC3)cc2)cc1,8.77,1
CHEMBL123615,CCCCCC(=O)N1CCN(S(=O)(=O)c2ccc(OC)cc2)C(C(=O)NO)C1,8.77,2
CHEMBL182582,CCOCCC1(Oc2ccc(Oc3ccc(-c4ccccc4)cc3)cc2)C(=O)NC(=O)C(N)C1=O,8.77,1
CHEMBL376299,CCOCCC1(Oc2ccc(Oc3ccc(-c4cnc(-c5ccccc5)o4)cc3)cc2)C(=O)NC(=O)NC1=O,8.77,1
CHEMBL1085602,O=C(NO)C1(S(=O)(=O)c2ccc(N3CCN(c4ccccc4)CC3)cc2)CCOCC1,8.77,1
CHEMBL1770708,CN(C)c1ccc(NC(=O)CCCOc2ccc(S(=O)(=O)C3(C(=O)NO)CCOCC3)cc2)cc1,8.77,1
CHEMBL3359083,COc1cccc(CNC(=O)c2nc3cccc(COCc4ccccc4)c3c(=O)[nH]2)c1,8.77,1
CHEMBL3950850,O=C(NCc1cccc(N2CCN(C(=O)Cc3c[nH]cn3)CC2)c1)c1nc2ccccc2c(=O)[nH]1,8.77,1
CHEMBL187523,CC(C)[C@H](NS(=O)(=O)c1ccc(-c2ccc(NC(=O)c3cc4ccccc4o3)cc2)cc1)C(=O)O,8.75,4
CHEMBL341249,O=C(O)[C@H]1[C@H](Cn2nnc3ccccc3c2=O)CC[C@@H]1S(=O)(=O)c1ccc(-c2ccc(Cl)cc2)cc1,8.74,1
CHEMBL83282,COc1ccc(-c2ccc(S(=O)(=O)NC(C(=O)O)C3CCN(C(=O)N4CCOCC4)CC3)cc2)cc1,8.74,2
CHEMBL140788,COc1ccc(S(=O)(=O)N2CCCCCC2C(=O)NO)cc1,8.74,1
CHEMBL126004,COc1ccc(S(=O)(=O)N2CCN(C(=O)N(C)Cc3ccccc3)CC2C(=O)NO)cc1,8.74,1
CHEMBL497772,COc1c(Br)ccc2oc(COc3ccc(-c4ccc(S(=O)(=O)N[C@@H](C(=O)O)C(C)C)cc4)cc3)c(C)c12,8.74,1
CHEMBL1770711,CN(C)c1ccc(NC(=O)CCCCOc2ccc(S(=O)(=O)C3(C(=O)NO)CCOCC3)cc2)cc1,8.74,1
CHEMBL1916838,CC(C)CCN([C@@H](C(=O)NO)C(C)C)S(=O)(=O)c1ccc2sccc2c1,8.74,1
CHEMBL2409685,C[C@]1(CS(=O)(=O)N2CCC(Oc3ccc(OCc4cccc(C#N)c4)cc3)CC2)NC(=O)NC1=O,8.74,1
CHEMBL3359065,COc1cccc(CNC(=O)c2nc3ccc(SC)cc3c(=O)[nH]2)c1,8.74,1
CHEMBL339588,O=C(O)[C@@H]1[C@@H](Cn2nnc3ccccc3c2=O)CC[C@H]1Sc1ccc(-c2ccc(Cl)cc2)cc1,8.72,1
CHEMBL140568,COc1ccc(S(=O)(=O)N2CCCSCC2C(=O)NO)cc1,8.72,1
CHEMBL123499,CCCCCCN(C)C(=O)N1CCN(S(=O)(=O)c2ccc(OC)cc2)C(C(=O)NO)C1,8.72,1
CHEMBL331095,COc1ccc(S(=O)(=O)N2CCN(C(=O)c3cccs3)CC2C(=O)NO)cc1,8.72,2
CHEMBL198039,COc1c(Cl)ccc2oc(C(=O)Nc3ccc(-c4ccc(S(=O)(=O)N[C@H](C(=O)O)C(C)C)cc4)cc3)c(C)c12,8.72,1
CHEMBL512061,CN(C)c1ccc(-c2ccc(S(=O)(=O)N[C@@H](C(=O)O)C3CCN(C(=O)OC(C)(C)C)CC3)s2)cc1,8.72,2
CHEMBL1084209,Cc1ccc(N2CCN(c3ccc(S(=O)(=O)C4(C(=O)NO)CCOCC4)cc3)CC2)cc1,8.72,1
CHEMBL1801419,O=C(NO)C1(S(=O)(=O)c2ccc(Oc3ccc4c(c3)OCO4)cc2)CCNCC1,8.72,1
CHEMBL2409689,C[C@]1(CS(=O)(=O)N2CCC(Oc3ccc(OCc4ccncc4)cc3)CC2)NC(=O)NC1=O,8.72,1
CHEMBL4067375,COc1ccc(S(=O)(=O)N2CCCSC[C@@H]2C(=O)NO)cc1,8.72,1
CHEMBL4172893,CNC(=O)[C@@H](NC(=O)c1ccc(-c2ccc(CSc3nc4c(c(=O)[nH]3)CCC4)c(F)c2)o1)C1CCOCC1,8.72,1
CHEMBL80814,COc1ccc(CCN2CCC(C(=O)NO)(S(=O)(=O)c3ccc(OC)cc3)CC2)cc1,8.7,1
CHEMBL276119,COc1ccc(S(=O)(=O)C2(C(=O)NO)CCN(Cc3cccc(OC)c3)CC2)cc1,8.7,1
CHEMBL306617,CCCCOc1ccc(S(=O)(=O)C2(C(=O)NO)CCN(CCOc3ccccc3)CC2)cc1,8.7,1
CHEMBL79111,CCCCOc1ccc(S(=O)(=O)C2(C(=O)NO)CCN(CC)CC2)cc1,8.7,1
CHEMBL80969,COc1ccc(S(=O)(=O)C2(C(=O)NO)CCN(Cc3ccccc3)CC2)cc1,8.7,1
CHEMBL312429,COc1ccc(S(=O)(=O)C2(C(=O)NO)CCN(Cc3ccc4ccccc4c3)CC2)cc1,8.7,1
CHEMBL78508,CC(C)CCOc1ccc(S(=O)(=O)C2(C(=O)NO)CCN(Cc3ccccc3)CC2)cc1,8.7,1
CHEMBL80732,O=C(NO)C1(S(=O)(=O)c2ccc(Oc3ccc(Cl)cc3)cc2)CCNCC1,8.7,1
CHEMBL78337,CN1CCC(C(=O)NO)(S(=O)(=O)c2ccc(Oc3ccc(Cl)cc3)cc2)CC1,8.7,1
CHEMBL419648,CCCCOc1ccc(S(=O)(=O)C2(C(=O)NO)CCN(C)CC2)cc1,8.7,1
CHEMBL358182,CCCCOc1ccc(S(=O)(=O)N2CC(NOC)C[C@@H]2C(=O)NO)cc1,8.7,1
CHEMBL420023,CCCCOc1ccc(S(=O)(=O)C2(C(=O)NO)CCN(CCCC)CC2)cc1,8.7,1
CHEMBL309416,COc1ccc(S(=O)(=O)C2(C(=O)NO)CCN(Cc3ccc(F)cc3)CC2)cc1,8.7,1
CHEMBL80798,COc1ccc(S(=O)(=O)C2(C(=O)NO)CCN(Cc3ccc(-c4ccccn4)cc3)CC2)cc1,8.7,1
CHEMBL76856,COc1ccc(CN2CCC(C(=O)NO)(S(=O)(=O)c3ccc(OC)cc3)CC2)cc1,8.7,1
CHEMBL78962,COc1ccc(S(=O)(=O)C2(C(=O)NO)CCN(Cc3ccc(Cl)c(Cl)c3)CC2)cc1,8.7,1
CHEMBL80911,CCCCOc1ccc(S(=O)(=O)C2(C(=O)NO)CCN(Cc3cccc(OCCN4CCOCC4)c3)CC2)cc1,8.7,1
CHEMBL78255,COc1ccc(S(=O)(=O)C2(C(=O)NO)CCN(Cc3ccc(Br)cc3)CC2)cc1,8.7,2
CHEMBL77176,COc1ccc(S(=O)(=O)C2(C(=O)NO)CCN(Cc3ccc(C)cc3)CC2)cc1,8.7,1
CHEMBL279785,CNC(=O)[C@@H](NC(=O)[C@H](CC(C)C)[C@H](O)C(=O)NO)C(C)(C)C,8.7,11
CHEMBL306723,CCCCOc1ccc(S(=O)(=O)C(C)(Cc2ccc(OCCN3CCCCC3)cc2)C(=O)NO)cc1,8.7,1
CHEMBL310472,CCN(CC)COc1ccc(CC(C)(C(=O)NO)S(=O)(=O)c2ccc(-c3ccco3)cc2)cc1,8.7,1
CHEMBL96637,CC#CCOc1ccc(S(=O)(=O)N(C)C(C(=O)NO)C(C)(C)SCc2cccnc2)cc1,8.7,1
CHEMBL432882,CC(C)[C@@H](NS(=O)(=O)c1ccc(Oc2ccccc2)cc1)C(=O)NO,8.7,1
CHEMBL433262,CC(C)[C@@H](NS(=O)(=O)c1ccc(-c2ccc(Br)cc2)cc1)C(=O)NO,8.7,1
CHEMBL304730,COc1ccc(S(=O)(=O)N(Cc2cccnc2)c2c(C)cc(-c3cccc(C(F)(F)F)c3)cc2C(=O)NO)cc1,8.7,1
CHEMBL37788,COc1ccc(S(=O)(=O)N(Cc2cccnc2)c2c(C(=O)NO)cnc3c(-c4cccs4)cccc23)cc1,8.7,1
CHEMBL288670,COc1ccc(S(=O)(=O)N(Cc2cccnc2)c2c(C(=O)NO)cnc3c2c(C)nn3C)cc1,8.7,1
CHEMBL37837,COc1ccc(S(=O)(=O)N(C)c2c(C(=O)NO)cnc3c(Br)cccc23)cc1,8.7,1
CHEMBL48969,O=S(=O)(CCCS)c1ccc(Sc2ccccc2)cc1,8.7,2
CHEMBL112609,O=C(NO)C1(NS(=O)(=O)c2ccc(Oc3ccc(F)cc3)cc2)CCS(=O)(=O)CC1,8.7,1
CHEMBL95708,CCOc1ccc(C(=O)N2CC(C(=O)NO)N(S(=O)(=O)c3ccc(OC)cc3)Cc3ccccc32)cc1,8.7,1
CHEMBL316822,COCC(=O)N1CC(C(=O)NO)N(S(=O)(=O)c2ccc(Oc3ccc(Cl)cc3)cc2)Cc2ccccc21,8.7,1
CHEMBL316489,COCC(=O)N1CC(C(=O)NO)N(S(=O)(=O)c2ccc(Oc3ccncc3)cc2)Cc2ccccc21,8.7,1
CHEMBL330588,O=C(NO)C1CN(C(=O)c2ccccc2)c2ccccc2CN1S(=O)(=O)c1ccc(Oc2ccc(Cl)cc2)cc1,8.7,1
CHEMBL97962,COc1ccc(S(=O)(=O)N2Cc3ccccc3N(C(=O)c3cc(F)ccc3C)CC2C(=O)NO)cc1,8.7,1
CHEMBL97898,COCC(=O)N1CC(C(=O)NO)N(S(=O)(=O)c2ccc(OC)cc2)Cc2ccccc21,8.7,1
CHEMBL147494,CCCN1CC(=O)N([C@H]2C[C@H](C(=O)NO)N(S(=O)(=O)c3ccc(OCCOC)cc3)C2)C1=O,8.7,1
CHEMBL145930,COc1ccc(S(=O)(=O)N2C[C@@H](NS(C)(=O)=O)C[C@@H]2C(=O)NO)cc1,8.7,1
CHEMBL356504,C=CCN1CC(=O)N([C@H]2C[C@H](C(=O)NO)N(S(=O)(=O)c3ccc(OCCOC)cc3)C2)C1=O,8.7,1
CHEMBL147910,COc1ccc(S(=O)(=O)N[C@H]2C[C@H](C(=O)NO)N(S(=O)(=O)c3ccc(OC)cc3)C2)cc1,8.7,1
CHEMBL343911,COc1ccc(S(=O)(=O)N2C[C@@H](NC(=O)[C@H](Cc3ccccc3)OCc3ccccc3)C[C@@H]2C(=O)NO)cc1,8.7,1
CHEMBL126044,COc1ccc(S(=O)(=O)N2CCN(S(=O)(=O)c3sc(N)nc3C)CC2C(=O)NO)cc1,8.7,1
CHEMBL446939,CCCCC1(Oc2ccc(Oc3ccc(F)cc3)cc2)C(=O)NC(=O)NC1=O,8.7,1
CHEMBL206155,CC(C)(C)OC(=O)NCCCC#CCOc1ccc(S(=O)(=O)N2CCSC(C)(C)[C@@H]2C(=O)NO)cc1,8.7,1
CHEMBL383079,C/C=C/COc1ccc(S(=O)(=O)N2CCSC(C)(C)[C@@H]2C(=O)NO)cc1,8.7,1
CHEMBL376010,CCOCCC1(Oc2ccc(Oc3ccc(-c4nc(-c5cccnc5)no4)cc3)cc2)C(=O)NC(=O)NC1=O,8.7,1
CHEMBL578351,CNC(=O)[C@@H](NC(=O)c1ccc(-c2ccc(OCc3cc(C)[nH]n3)cn2)o1)C1CCCCC1,8.7,1
CHEMBL1223562,CNC(=O)[C@@H](NC(=O)c1ccc(-c2cccc(CNC(=O)c3ccnc(C(F)(F)F)n3)c2)o1)C1CCOCC1,8.7,1
CHEMBL1223490,CNC(=O)[C@@H](NC(=O)c1ccc(-c2cccc(CNC(=O)c3cccc(C(F)(F)F)n3)c2)o1)C1CCOCC1,8.7,1
CHEMBL1910474,CC(C)[C@@H](NS(=O)(=O)c1ccc(-c2ccc(OCc3ccc(C(F)(F)F)cc3)cc2)cc1)C(=O)O,8.7,1
CHEMBL1916646,CC(C)[C@H](C(=O)NO)N(CCc1ccccc1)S(=O)(=O)c1ccc2ccccc2c1,8.7,1
CHEMBL5269115,COc1ccc(S(=O)(=O)N(Cc2ccccn2)c2c(C)cc(-c3cccc(C(F)(F)F)c3)cc2C(=O)NO)cc1,8.7,1
CHEMBL342210,COc1ccc(S(=O)(=O)N2CCCS(=O)(=O)C(C)(C)[C@@H]2C(=O)NO)cc1,8.68,2
CHEMBL343082,CCCCCc1ccc(S(=O)(=O)N2CCCSC(C)(C)[C@@H]2C(=O)NO)cc1,8.68,1
CHEMBL369524,CCOCCC1(Oc2ccc(Oc3ccc(C)cc3)cc2)C(=O)NC(=O)C(N)C1=O,8.68,1
CHEMBL191030,Cc1ccc(F)cc1COc1ccc(S(=O)(=O)N2C[C@H](O)CC[C@@H]2C(=O)NO)cc1,8.68,1
CHEMBL199241,COc1c(I)ccc2oc(C(=O)Nc3ccc(-c4ccc(S(=O)(=O)N[C@H](C(=O)O)C(C)C)cc4)cc3)c(C)c12,8.68,1
CHEMBL492952,CC(C)[C@H](NS(=O)(=O)c1ccc2c(c1)oc1ccc(NC(=O)NC3CCCC3)cc12)C(=O)O,8.68,1
CHEMBL550548,CC(C)ON([C@@H](C(=O)NO)C(C)C)S(=O)(=O)c1ccc(-c2ccc(OCc3ccc(Cl)cc3)cc2)cc1,8.68,2
CHEMBL338077,COc1ccc(S(=O)(=O)N2CCN(C(=O)COc3ccccc3)CC2C(=O)NO)cc1,8.67,2
CHEMBL327621,COc1ccc(S(=O)(=O)N2CCCN(C(=O)c3ccccc3)CC2C(=O)NO)cc1,8.66,2
CHEMBL466118,CC(C)[C@@H](NS(=O)(=O)c1ccc(-c2ccc(COc3ccc4c(c3)CCCC4=O)cc2)cc1)C(=O)O,8.66,1
CHEMBL468101,CCOc1ccc(-c2ccc(S(=O)(=O)N[C@@H](C(=O)O)C3CCN(C(=O)OC(C)(C)C)CC3)cc2)cc1,8.66,2
CHEMBL1910647,CC(C)[C@@H](NS(=O)(=O)c1ccc(-c2ccc(OCc3cccc(F)c3)cc2)cc1)C(=O)O,8.66,1
CHEMBL1916650,CC(C)[C@H](C(=O)NO)N(Cc1ccccn1)S(=O)(=O)c1ccc2ccccc2c1,8.66,1
CHEMBL1916658,CC(C)CCN([C@H](COC(C)(C)C)C(=O)NO)S(=O)(=O)c1ccc2ccccc2c1,8.66,1
CHEMBL3359074,COc1cccc(CNC(=O)c2nc3cccc(-c4ccccc4)c3c(=O)[nH]2)c1,8.66,1
CHEMBL3617401,CC(C)ON([C@H](CCNS(C)(=O)=O)C(=O)NO)S(=O)(=O)c1ccc(-c2ccccc2)cc1,8.66,1
CHEMBL3752564,COc1ccc(-c2ccc(S(=O)(=O)NC(C(C)C)P(=O)(O)O)cc2)cc1,8.66,1
CHEMBL4062836,CC(C)[C@H](NS(=O)(=O)c1ccc(-c2ccc(CSc3nc4c(c(=O)[nH]3)CCC4)cc2)cc1)C(=O)O,8.66,1
CHEMBL407443,COc1ccc(S(=O)(=O)N(CC(=O)NCc2cc(OC)cc(OC)c2)C(CCSCc2ccccc2)C(=O)NO)cc1,8.64,1
CHEMBL139884,CCCCOc1ccc(S(=O)(=O)N2CCCSC(C)(C)[C@@H]2C(=O)NO)cc1,8.64,1
CHEMBL362791,COc1cccc2oc(C(=O)Nc3ccc(-c4ccc(S(=O)(=O)N[C@H](C(=O)O)C(C)C)cc4)cc3)cc12,8.64,1
CHEMBL198262,COc1c(Br)ccc2oc(C(=O)Nc3ccc(-c4ccc(S(=O)(=O)N[C@H](C(=O)O)C(C)C)cc4)cc3)c(C)c12,8.64,2
CHEMBL563896,CCc1cccc2oc(C(=O)Nc3ccc(-c4ccc(S(=O)(=O)N[C@H](C(=O)O)C(C)C)cc4)cc3)c(C)c12,8.64,1
CHEMBL90762,CC(N)(CS(=O)(=O)c1ccc(Sc2ccccc2)cc1)C(=O)NO,8.62,1
CHEMBL433171,CC(CS(=O)(=O)c1ccc(Oc2ccccc2)cc1)(NCCc1ccccc1)C(=O)NO,8.62,1
CHEMBL312100,COCCOC(=O)N1CCC(C(C(=O)O)N(C)S(=O)(=O)c2ccc(-c3ccc(OC)cc3)cc2)CC1,8.62,2
CHEMBL127093,COc1ccc(S(=O)(=O)N2CCN(C(=O)NCc3ccccc3)CC2C(=O)NO)cc1,8.62,1
CHEMBL184065,O=C(NO)[C@@]1(O)COCC[C@H]1S(=O)(=O)c1ccc(OCc2cccc(Cl)c2)cc1,8.62,1
CHEMBL222060,CCOCCC1(Oc2ccc(Oc3ccc(-c4nc(-c5ccccc5)co4)cc3)cc2)C(=O)NC(=O)NC1=O,8.62,1
CHEMBL429584,O=c1c2cc(C#CCc3ccccc3)ccc2ncn1Cc1ccc(-c2nn[nH]n2)cc1,8.62,2
CHEMBL1083931,O=C(NO)C1(S(=O)(=O)c2ccc(N3CCN(c4ccc(C(F)(F)F)cc4)CC3)cc2)CCN(C2CC2)CC1,8.62,1
CHEMBL3359062,CCOc1ccc2nc(C(=O)NCc3cccc(OC)c3)[nH]c(=O)c2c1,8.62,1
CHEMBL3754243,CC(C)C(NS(=O)(=O)c1ccc(-c2ccc(OCCF)cc2)cc1)P(=O)(O)O,8.62,1
CHEMBL4169495,CNC(=O)[C@@H](NC(=O)c1ccc(-c2ccc(CSc3nc4c(c(=O)[nH]3)CCC4)c(F)c2)o1)C(C)(C)C,8.62,1
CHEMBL2112796,COc1ccc(S(=O)(=O)N2[C@@H](c3ccccc3)CCSC(C)(C)[C@@H]2C(=O)NO)cc1,8.6,1
CHEMBL123627,COc1ccc(S(=O)(=O)N2CCN(C(=O)c3ccco3)CC2C(=O)NO)cc1,8.6,2
CHEMBL257088,CN(c1cccn(O)c1=O)S(=O)(=O)c1ccc(Oc2ccc(Cl)cc2)cc1,8.6,1
CHEMBL4172804,CNC(=O)[C@@H](NC(=O)c1ccc(-c2ccc(CSc3nc4c(c(=O)[nH]3)CCC4)c(F)c2)o1)C(C)(C)O,8.6,1
CHEMBL4172563,CNC(=O)[C@@H](NC(=O)c1ccc(-c2ccc(CSc3nc4ccc(F)cc4c(=O)[nH]3)c(F)c2)o1)C(C)C,8.6,1
CHEMBL264067,CC(C)[C@@H](NS(=O)(=O)c1ccc(-c2ccc(NC(=O)c3cc4ccccc4o3)cc2)cc1)C(=O)O,8.59,1
CHEMBL221552,CCOCCC1(Oc2ccc(Oc3ccc(C(=O)NCc4cccnc4)cc3)cc2)C(=O)NC(=O)NC1=O,8.59,1
CHEMBL202932,COc1ccc(-c2ccc(S(=O)(=O)N[C@@H](C(C)C)P(=O)(O)O)cc2)cc1,8.59,1
CHEMBL550148,O=C(CNS(=O)(=O)c1ccc(-c2ccccc2)cc1)NO,8.59,2
CHEMBL1910649,COC(=O)c1cccc(COc2ccc(-c3ccc(S(=O)(=O)N[C@@H](C(=O)O)C(C)C)cc3)cc2)c1,8.59,1
CHEMBL2409705,C[C@]1(CS(=O)(=O)N2CCC(Oc3ccc(OCC(F)(F)C(F)(F)F)cc3)CC2)NC(=O)NC1=O,8.59,1
CHEMBL4073102,Cc1csc2nc(C(=O)NCc3cccc(OCCCCSc4nc[nH]n4)c3)[nH]c(=O)c12,8.59,1
CHEMBL334909,CC1(C)[C@H](C(=O)NO)N(S(=O)(=O)c2ccc(Br)cc2)CCCS1(=O)=O,8.57,1
CHEMBL184064,O=C(NO)[C@@]1(O)COCC[C@H]1S(=O)(=O)c1ccc(OCc2ccccc2Cl)cc1,8.57,1
CHEMBL1082966,O=C(NO)C1(S(=O)(=O)c2ccc(N3CCN(c4ccccc4F)CC3)cc2)CCOCC1,8.57,1
CHEMBL1801415,CC(C)c1ccc(Oc2ccc(S(=O)(=O)C3(C(=O)NO)CCN(C(C)C)CC3)cc2)cc1,8.57,1
CHEMBL1910650,CC(C)[C@@H](NS(=O)(=O)c1ccc(-c2ccc(OCc3cccc(C(=O)O)c3)cc2)cc1)C(=O)O,8.57,1
CHEMBL2409686,COc1ccc(COc2ccc(OC3CCN(S(=O)(=O)C[C@@]4(C)NC(=O)NC4=O)CC3)cc2)cc1,8.57,1
CHEMBL4080520,CNC(=O)[C@@H](NC(=O)c1ccc(-c2ccc(CSc3nc4c(c(=O)[nH]3)CCC4)c(F)c2)o1)C(C)C,8.57,3
CHEMBL127787,O=C(O)[C@H]1[C@H](Cn2nnc3ccccc3c2=O)CC[C@@H]1S(=O)(=O)CCc1ccc(-c2ccc(Cl)cc2)cc1,8.55,1
CHEMBL147903,CC(C)COc1ccc(S(=O)(=O)N2C[C@@H](N3C(=O)CN(C)C3=O)C[C@@H]2C(=O)NO)cc1,8.55,1
CHEMBL419430,COc1ccc(S(=O)(=O)N2CCN(C(=O)Nc3cccc(OC)c3)CC2C(=O)NO)cc1,8.55,1
CHEMBL192773,Cc1cccc(COc2ccc(S(=O)(=O)N3C[C@H](O)CC(C)(C)[C@@H]3C(=O)NO)cc2)c1,8.55,1
CHEMBL2407117,C[C@]1(CS(=O)(=O)N2CCN(c3ncc(OCc4cc(C(F)(F)F)no4)cn3)CC2)NC(=O)NC1=O,8.55,1
CHEMBL339219,COc1ccc(S(=O)(=O)N2CCN(C(=O)N3CCCCCC3)CC2C(=O)NO)cc1,8.54,1
CHEMBL251584,CCOCCC1(Nc2ccc(Oc3ccc(F)cc3)nc2)C(=O)NC(=O)NC1=O,8.54,1
CHEMBL1801418,C#CCN1CCC(C(=O)NO)(S(=O)(=O)c2ccc(Oc3ccc(S(C)(=O)=O)cc3)cc2)CC1,8.54,1
CHEMBL1916642,CC(C)[C@H](C(=O)NO)N(C)S(=O)(=O)c1ccc2ccccc2c1,8.54,1
CHEMBL2409690,C[C@]1(CS(=O)(=O)N2CCC(Oc3ccc(OCc4cccnc4)cc3)CC2)NC(=O)NC1=O,8.54,1
CHEMBL3359082,COc1cccc(CNC(=O)c2nc3cccc(CCCc4ccccc4)c3c(=O)[nH]2)c1,8.54,1
CHEMBL5394834,COc1ccc(CNC(=O)c2nc3ccc(F)c(OCCc4ccc(C(=O)O)cc4)c3c(=O)[nH]2)cc1,8.54,1
CHEMBL466024,CCOc1ccc(-c2ccc(S(=O)(=O)N[C@@H](C(=O)O)C3CCN(C(=O)OC(C)(C)C)CC3)s2)cc1,8.53,2
CHEMBL348210,COc1ccc(S(=O)(=O)N2CC(NOC(C)(C)C)C[C@@H]2C(=O)NO)cc1,8.52,1
CHEMBL151591,CONC1C[C@H](C(=O)NO)N(S(=O)(=O)c2ccc(OC)cc2)C1,8.52,1
CHEMBL76137,COc1ccc(S(=O)(=O)C2(C(=O)NO)CCN(Cc3ccc(-c4ccccc4)cc3)CC2)cc1,8.52,1
CHEMBL76836,COc1ccc(S(=O)(=O)C2(C(=O)NO)CCN(Cc3ccc(OCCN4CCCCC4)cc3)CC2)cc1,8.52,1
CHEMBL80183,COc1ccc(S(=O)(=O)C2(C(=O)NO)CCN(Cc3ccc(-c4cccs4)cc3)CC2)cc1,8.52,1
CHEMBL76847,COc1ccc(S(=O)(=O)C2(C(=O)NO)CCN(CCOc3ccccc3)CC2)cc1,8.52,1
CHEMBL47728,CSCC[C@@H](C(=O)NO)N(CC(C)C)S(=O)(=O)c1ccc(-c2ccccc2)cc1,8.52,1
CHEMBL323371,O=C(NO)C(CCn1nnc2ccccc2c1=O)COc1ccc(-c2ccccc2)cc1,8.52,1
CHEMBL110591,CC(=O)N1CCN(S(=O)(=O)c2ccc(OCc3ccc(F)cc3)cc2)[C@@H](C(=O)NO)[C@@H]1C,8.52,1
CHEMBL110576,CC(=O)N1CCN(S(=O)(=O)c2ccc(OCc3ccccc3C)cc2)[C@@H](C(=O)NO)[C@@H]1C,8.52,1
CHEMBL283580,O=C(NO)[C@H]1CN(Cc2ccc(Oc3ccc(F)cc3)cc2)C(=O)N1,8.52,1
CHEMBL76888,COc1ccc(S(=O)(=O)C(CC=C(C)C)(Cc2cccnc2)C(=O)NO)cc1,8.52,1
CHEMBL68271,COc1ccc(S(=O)(=O)N(Cc2cccnc2)c2c(C(=O)NO)cc(C)cc2-c2ccccc2)cc1,8.52,1
CHEMBL71686,Cc1cc(C)c(N(C)S(=O)(=O)c2ccc(Sc3ccccc3)cc2)c(C(=O)NO)c1,8.52,1
CHEMBL429336,COc1ccc(S(=O)(=O)N(Cc2cccnc2)c2c(C(=O)NO)cnc3c2c(C)nn3-c2ccccc2)cc1,8.52,1
CHEMBL35433,COc1ccc(S(=O)(=O)N(Cc2cccnc2)c2c(C(=O)NO)cnc3c(Cc4ccccc4)cccc23)cc1,8.52,1
CHEMBL35606,CCCCOc1ccc(S(=O)(=O)N(C)c2c(C(=O)NO)cnc3c2c(C)nn3C)cc1,8.52,1
CHEMBL35707,COc1ccc(S(=O)(=O)N(Cc2cccnc2)c2c(C(=O)NO)cnc3snc(C)c23)cc1,8.52,1
CHEMBL285546,COc1ccc(S(=O)(=O)N(Cc2cccnc2)c2c(C(=O)NO)cnc3c(I)cccc23)cc1,8.52,1
CHEMBL85374,COCCOC(=O)N1CCC(C(C(=O)O)N(Cc2ccccn2)S(=O)(=O)c2ccc(-c3ccc(OC)cc3)cc2)CC1,8.52,1
CHEMBL412910,COc1ccc(S(=O)(=O)N2Cc3ccccc3N(C(=O)C3CC3)CC2C(=O)NO)cc1,8.52,1
CHEMBL95486,COc1ccc(S(=O)(=O)N2Cc3ccccc3N(S(C)(=O)=O)CC2C(=O)NO)cc1,8.52,1
CHEMBL99745,COc1ccc(S(=O)(=O)N(Cc2ccc(OCCN3CCCCC3)cc2)c2c(C)cc(Br)cc2C(=O)NO)cc1,8.52,1
CHEMBL148212,CCCOc1ccc(S(=O)(=O)N2C[C@@H](NC(=O)COC)C[C@@H]2C(=O)NO)cc1,8.52,1
CHEMBL319902,COc1ccc(S(=O)(=O)N(C)c2c(CN3CCN(c4ccccc4)CC3)cc(Br)cc2C(=O)NO)cc1,8.52,1
CHEMBL100777,COc1ccc(S(=O)(=O)N(C)c2c(CN3CCN(C)CC3)cc(-c3ccc4ccccc4c3)cc2C(=O)NO)cc1,8.52,1
CHEMBL421644,COc1ccc(S(=O)(=O)N2CCN(C(=O)c3ccccc3)CC2C(=O)NO)cc1,8.52,2
CHEMBL179552,CC1(C)C[C@@H](O)CN(S(=O)(=O)c2ccc(OCc3ccc(Cl)cc3Cl)cc2)[C@H]1C(=O)NO,8.52,1
CHEMBL373217,Cc1c(C(=O)Nc2ccc(-c3ccc(S(=O)(=O)N[C@H](C(=O)O)C(C)C)cc3)cc2)oc2ccc(Br)cc12,8.52,1
CHEMBL365947,COc1c(C#N)ccc2oc(C(=O)Nc3ccc(-c4ccc(S(=O)(=O)N[C@H](C(=O)O)C(C)C)cc4)cc3)c(C)c12,8.52,1
CHEMBL382975,CC#CCOc1ccc(S(=O)(=O)N2CCSC(C)(C)C2C(=O)NO)cc1,8.52,3
CHEMBL207729,CC#CCOc1ccc(S(=O)(=O)N2CCSC(C)(C)[C@@H]2C(=O)NO)cc1,8.52,3
CHEMBL221717,C#CCOc1ccc(S(=O)(=O)C2(C(=O)NO)CCN(Cc3ccc(Br)cc3)CC2)cc1,8.52,1
CHEMBL253261,COCCOC(=O)N1CCC(C(C(=O)O)N(Cc2cccnc2)S(=O)(=O)c2ccc(-c3ccc(OC)cc3)cc2)CC1,8.52,1
CHEMBL491287,C=CCONC(=O)[C@@H]1[C@@H](C)N(C(C)=O)CCN1S(=O)(=O)c1ccc(OCc2ccc(C)cc2)cc1,8.52,1
CHEMBL1223420,CNC(=O)[C@H](NC(=O)c1ccc(-c2cccc(CNC(=O)c3ccnc(Cl)n3)c2)o1)C1CCCCC1,8.52,1
CHEMBL1916207,COc1ccc(-c2ccc(S(=O)(=O)N[C@@H]3CC=CCN(O)C3=O)s2)cc1,8.52,1
CHEMBL1916644,CC(C)CCN([C@@H](C(=O)NO)C(C)C)S(=O)(=O)c1ccc2ccccc2c1,8.52,1
CHEMBL2425934,Cc1ccc(S(=O)(=O)N(CCn2cc(CCCCOc3cccnc3F)nn2)[C@@H](C(=O)NO)C(C)C)cc1,8.52,1
CHEMBL126712,CC1(C)NC(=O)N(C[C@@H]2CC[C@H](Sc3ccc(-c4ccc(Cl)cc4)cc3)[C@H]2C(=O)O)C1=O,8.51,1
CHEMBL183146,CCOCCC1(Oc2ccc(Oc3ccccc3F)cc2)C(=O)NC(=O)C(N)C1=O,8.51,1
CHEMBL361818,CCOCCC1(Oc2ccc(Oc3ccccc3C)cc2)C(=O)NC(=O)C(N)C1=O,8.51,1
CHEMBL361783,CCOCCC1(Oc2ccc(Oc3ccc(-c4nccs4)cc3)cc2)C(=O)NC(=O)C(N)C1=O,8.51,1
CHEMBL181819,CCOCCC1(Oc2ccc(Oc3ccc(-n4cccc4)cc3)cc2)C(=O)NC(=O)C(N)C1=O,8.51,1
CHEMBL3337877,COc1cccc(CNC(=O)c2nc3sc(C)cc3c(=O)[nH]2)c1,8.51,1
CHEMBL104599,CC(C)CN(C(CCSCc1ccccc1)C(=O)NO)S(=O)(=O)c1ccc(Oc2ccccc2)cc1,8.49,1
CHEMBL125601,COCCN(CCOC)C(=O)N1CCN(S(=O)(=O)c2ccc(Br)cc2)C(C(=O)NO)C1,8.49,1
CHEMBL199018,CC(=O)c1ccc2oc(C(=O)Nc3ccc(-c4ccc(S(=O)(=O)N[C@H](C(=O)O)C(C)C)cc4)cc3)c(C)c2c1O,8.49,1
CHEMBL1916660,CC(C)CCN([C@@H](C(=O)NO)C(C)O)S(=O)(=O)c1ccc2ccccc2c1,8.49,1
CHEMBL5176328,CN(C)c1ccc(-c2cn(-c3ccc(S(=O)(=O)C4(C(=O)NO)CCOCC4)cc3)nn2)cc1,8.49,1
CHEMBL421932,COc1ccc(S(=O)(=O)N2CCOCCS(=O)(=O)C(C)(C)[C@@H]2C(=O)NO)cc1,8.48,1
CHEMBL4524117,O=C(NO)[C@]1(NS(=O)(=O)c2ccc(Oc3ccc(F)cc3)cc2)C[C@H]2CC[C@@H](C1)O2,8.48,1
CHEMBL2115165,CC1(C)OC[C@H]([C@@H](CS(=O)(=O)c2ccc(Oc3ccc(OC(F)(F)F)cc3)cc2)N(O)C=O)O1,8.48,1
CHEMBL221379,CCOCCC1(Oc2ccc(Oc3ccc(-c4nc(-c5ccccc5F)no4)cc3)cc2)C(=O)NC(=O)NC1=O,8.48,1
CHEMBL227484,Cc1ccc(-c2ccc(S(=O)(=O)N[C@@H](C(C)C)P(=O)(O)O)cc2)cc1,8.48,2
CHEMBL523683,CC(C)[C@H](NS(=O)(=O)c1ccc2c(c1)oc1ccc(NC(=O)Nc3ccsc3)cc12)C(=O)O,8.48,1
CHEMBL466249,CCOc1ccc(-c2ccc(S(=O)(=O)N[C@@H](C(=O)O)C3CCN(C(=O)NC(C)C)CC3)s2)cc1,8.48,2
CHEMBL1084218,O=C(NO)C1(S(=O)(=O)c2ccc(N3CCN(c4ccccc4)CC3)cc2)CCN(C2CC2)CC1,8.48,1
CHEMBL1770697,CN(C(=O)CCCOc1ccc(S(=O)(=O)C2(C(=O)NO)CCOCC2)cc1)c1ccc(OC(F)(F)F)cc1,8.48,1
CHEMBL2409696,C[C@]1(CS(=O)(=O)N2CCN(c3ncc(OCc4cccc(C#N)c4)cn3)CC2)NC(=O)NC1=O,8.48,1
CHEMBL5561714,O=C(NO)C1(S(=O)(=O)c2ccc(-n3cc(CCn4nc5ccccc5n4)nn3)cc2)CCOCC1,8.48,1
CHEMBL199158,COc1c(Br)ccc2oc(C(=O)Nc3ccc(-c4ccc(S(=O)(=O)N[C@@H](C(=O)O)C(C)C)cc4)cc3)c(C)c12,8.47,1
CHEMBL220911,CCOCCC1(Oc2ccc(Oc3ccc(-c4nc(-c5ccccc5)no4)cc3)cc2)C(=O)NC(=O)NC1=O,8.47,1
CHEMBL218118,CCOCCC1(Oc2ccc(Oc3ccc(C(=O)NCc4ccc(F)cc4)cc3)cc2)C(=O)NC(=O)NC1=O,8.47,1
CHEMBL1078281,C[C@@H]1[C@H](c2ccccc2)[C@]1(NS(=O)(=O)c1ccc(-n2cc(Cl)cn2)s1)C(=O)O,8.47,1
CHEMBL4081997,NCCNS(=O)(=O)c1ccc(-c2ccc(CSc3nc4c(c(=O)[nH]3)CCC4)cc2)cc1,8.47,3
CHEMBL115653,CN1C(=O)N(C[C@H](C(=O)NO)[C@@H](CC2CCCC2)C(=O)N2CCCCC2)C(=O)C1(C)C,8.46,3
CHEMBL311266,COCCOC(=O)N1CCC(C(NS(=O)(=O)c2ccc(-c3ccc(OC)cc3)cc2)C(=O)O)CC1,8.46,3
CHEMBL190415,Cc1cc(F)ccc1COc1ccc(S(=O)(=O)N2C[C@H](O)CC(C)(C)[C@@H]2C(=O)NO)cc1,8.46,1
CHEMBL249988,O=C1NC(=O)C2(CCC(=O)N2c2ccc(Oc3ccc(F)cc3)nc2)C(=O)N1,8.46,1
CHEMBL1910472,CC(C)[C@@H](NS(=O)(=O)c1ccc(-c2ccc(OCc3cccc(C(F)(F)F)c3)cc2)cc1)C(=O)O,8.46,1
CHEMBL125068,COc1ccc(S(=O)(=O)N2CCN(C(N)=O)CC2C(=O)NO)cc1,8.44,1
CHEMBL425525,CCOCCC1(Oc2ccc(Oc3ccc(-c4cscn4)cc3)cc2)C(=O)NC(=O)C(N)C1=O,8.44,1
CHEMBL1916665,CCOc1ccc2cc(S(=O)(=O)N(CCC(C)C)[C@@H](C(=O)NO)C(C)C)ccc2c1,8.44,1
CHEMBL2409687,C[C@]1(CS(=O)(=O)N2CCC(Oc3ccc(OCc4ccc(F)cc4)cc3)CC2)NC(=O)NC1=O,8.44,1
CHEMBL420657,COc1ccc(S(=O)(=O)N2CC(C)(C)C([C@H](O)CSc3ccccc3)[C@@H]2C(=O)NO)cc1,8.43,1
CHEMBL556645,Cc1c(C(=O)Nc2ccc(-c3ccc(S(=O)(=O)N[C@H](C(=O)O)C(C)C)cc3)cc2)oc2cccc(C#N)c12,8.43,1
CHEMBL5560585,CC(C)[C@@H](NS(=O)(=O)c1ccc(-n2cc(CCn3nc4c(Br)c(Br)c(Br)c(Br)c4n3)nn2)cc1)C(=O)NO,8.43,1
CHEMBL47414,CC(C)CN([C@@H](CCSCc1ccccc1)C(=O)NO)S(=O)(=O)c1ccc(-c2ccccc2)cc1,8.42,1
CHEMBL319040,CC(C)CN(C(CCSCc1ccccc1)C(=O)NO)S(=O)(=O)c1ccc(-c2ccccc2)cc1,8.42,1
CHEMBL180900,CCOCCC1(Oc2ccc(Oc3ccc(-n4cccn4)cc3)cc2)C(=O)NC(=O)C(N)C1=O,8.42,1
CHEMBL194377,CCc1ccc2oc(C(=O)Nc3ccc(-c4ccc(S(=O)(=O)N[C@H](C(=O)O)C(C)C)cc4)cc3)c(C)c2c1OC,8.42,1
CHEMBL2409675,CCc1cc(COc2cnc(N3CCN(S(=O)(=O)C[C@@]4(C)NC(=O)NC4=O)CC3)nc2)on1,8.42,1
CHEMBL2096775,CCOCCC1(Oc2ccc(Oc3ccc(-n4cncn4)cc3)cc2)C(=O)NC(=O)C(N)C1=O,8.41,1
CHEMBL373675,CCOCCC1(Oc2ccc(Oc3ccc(C(=O)Nc4ccccn4)cc3)cc2)C(=O)NC(=O)NC1=O,8.41,1
CHEMBL273054,O=C(O)c1ccc(Cn2cnc3ccc(C#CCc4ccccc4)cc3c2=O)cc1,8.41,2
CHEMBL78369,O=C(NO)C1(S(=O)(=O)c2ccc(OCc3ccccc3)cc2)CCN(Cc2ccccc2)CC1,8.4,2
CHEMBL80453,COc1ccc(S(=O)(=O)C2(C(=O)NO)CCN(CCCOc3ccccc3)CC2)cc1,8.4,1
CHEMBL151399,C=C1C[C@H](C(=O)NO)N(S(=O)(=O)c2ccc(OC)cc2)C1,8.4,1
CHEMBL309492,CCCCOc1ccc(S(=O)(=O)C2(C(=O)NO)CCN(Cc3ccccc3)CC2)cc1,8.4,2
CHEMBL76974,COC(=O)c1cccc(C(=O)NO)c1N(Cc1cccnc1)S(=O)(=O)c1ccc(OC)cc1,8.4,2
CHEMBL326221,COC(=O)N1CCN(S(=O)(=O)c2ccc(OCc3ccccc3C)cc2)[C@@H](C(=O)NO)[C@@H]1C,8.4,1
CHEMBL111068,Cc1ccccc1COc1ccc(S(=O)(=O)N2CCN(C(=O)NC(C)C)[C@@H](C)[C@@H]2C(=O)NO)cc1,8.4,1
CHEMBL110901,Cc1ccccc1COc1ccc(S(=O)(=O)N2CCN(S(C)(=O)=O)[C@@H](C)[C@@H]2C(=O)NO)cc1,8.4,1
CHEMBL19855,O=C(NO)[C@H]1CN(Cc2ccc(Oc3ccc4ccccc4c3)cc2)C(=O)N1,8.4,1
CHEMBL306577,COc1ccc(S(=O)(=O)C(C)(Cc2ccc(OCCCN3CCN(c4cccc(Cl)c4)CC3)cc2)C(=O)NO)cc1,8.4,1
CHEMBL43063,O=C(CCc1ccccc1)NCCCC[C@H](NS(=O)(=O)c1ccc(-c2ccc(Br)cc2)cc1)C(=O)O,8.4,1
CHEMBL303666,COc1ccc(S(=O)(=O)N(Cc2cccnc2)c2c(C)cc(-c3ccccc3)cc2C(=O)NO)cc1,8.4,1
CHEMBL68212,Cc1cccc(C(=O)NO)c1N(C)S(=O)(=O)c1ccc(Oc2ccncc2)cc1,8.4,1
CHEMBL290952,COc1ccc(S(=O)(=O)N(Cc2cccnc2)c2c(C(=O)NO)cnc3c(-c4ccccc4)cccc23)cc1,8.4,2
CHEMBL290948,CCc1cccc2c(N(Cc3ccccc3)S(=O)(=O)c3ccc(OC)cc3)c(C(=O)NO)cnc12,8.4,1
CHEMBL141451,COc1ccc(S(=O)(=O)N2CCCSC[C@@]2(C)C(=O)NO)cc1,8.4,1
CHEMBL97788,O=C(NO)C1CN(C(=O)c2cccs2)c2ccccc2CN1S(=O)(=O)c1ccc(Oc2ccc(Cl)cc2)cc1,8.4,1
CHEMBL102057,COc1ccc(S(=O)(=O)N(C)c2c(CN3CCN(C)CC3)cc(-c3ccc(OC(F)(F)F)cc3)cc2C(=O)NO)cc1,8.4,1
CHEMBL343860,CCOc1ccc(S(=O)(=O)N2C[C@@H](N3C(=O)CN(C)C3=O)C[C@@H]2C(=O)NO)cc1,8.4,1
CHEMBL368972,CCC(CCS)S(=O)(=O)c1ccc(OC)cc1,8.4,1
CHEMBL369302,CC#CCOc1ccc(S(=O)(=O)N2CCN(C(=O)c3ccccc3)CCC2C(=O)NO)cc1,8.4,2
CHEMBL381505,CC(C)(C)OC(=O)NCCCCC#CCOc1ccc(S(=O)(=O)N2CCSC(C)(C)[C@@H]2C(=O)NO)cc1,8.4,1
CHEMBL437499,CC(C)(C)OC(=O)NCC#CCOc1ccc(S(=O)(=O)N2CCSC(C)(C)[C@@H]2C(=O)NO)cc1,8.4,1
CHEMBL539930,O=c1c(N(CCN2CCOCC2)S(=O)(=O)c2ccc(Oc3ccc(Cl)cc3)cc2)cccn1O,8.4,1
CHEMBL578574,CNC(=O)[C@@H](NC(=O)c1ccc(-c2ccc(OCc3cc(C)n(C)n3)cn2)o1)C1CCCCC1,8.4,1
CHEMBL1082317,Cc1cccc(N2CCN(C(=O)C3CCN(c4ccc(S(=O)(=O)C5(C(=O)NO)CCOCC5)cc4)CC3)CC2)c1C,8.4,1
CHEMBL1223285,CNC(=O)[C@H](NC(=O)c1ccc(-c2cccc(CNC(=O)c3cccc(C)n3)c2)o1)C1CCCCC1,8.4,1
CHEMBL1910438,Cc1c(COc2ccc(-c3ccc(S(=O)(=O)N[C@@H](C(=O)O)C(C)C)cc3)cc2)oc2ccccc12,8.4,1
CHEMBL2064540,COc1ccc(S(=O)(=O)N(Cc2ccc(OCCOCCOCCOCCOCc3cn(CCOCCOCCOCCF)nn3)cc2)[C@@H](C(=O)NO)C(C)C)cc1,8.4,1
CHEMBL3359061,COc1cccc(CNC(=O)c2nc3ccc(OC)cc3c(=O)[nH]2)c1,8.4,1
CHEMBL5175662,CNC(=O)[C@@H](NC(=O)[C@H](CC(C)C)NC(=O)[C@H](S)CCN1C(=O)N(C)C(C)(C)C1=O)C(C)(C)C,8.4,1
CHEMBL338223,COc1ccc(S(=O)(=O)N2CCN(C(=O)N3CCN(C)CC3)CC2C(=O)NO)cc1,8.39,1
CHEMBL359519,CCOCCC1(Oc2ccc(Oc3ccc(-c4cc[nH]n4)cc3)cc2)C(=O)NC(=O)C(N)C1=O,8.39,1
CHEMBL573715,COc1ccc(Oc2ccc(S(=O)(=O)c3ccccc3CC(=O)NO)cc2)cc1,8.39,1
CHEMBL179288,CC(C)ON([C@@H](C(=O)NO)C(C)C)S(=O)(=O)c1ccc(-c2ccccc2)cc1,8.39,1
CHEMBL124265,CCCCCCN1CCN(S(=O)(=O)c2ccc(OC)cc2)C(C(=O)NO)C1,8.38,1
CHEMBL227598,CC(C)Oc1ccc(-c2ccc(S(=O)(=O)N[C@@H](C(C)C)P(=O)(O)O)cc2)cc1,8.38,1
CHEMBL270502,COc1ccc(CNC(=O)c2ccc3ncn(Cc4ccc(C(=O)O)cc4)c(=O)c3c2)cc1,8.38,2
CHEMBL467687,CCOc1ccc(-c2ccc(S(=O)(=O)N[C@@H](C(=O)O)C3CCN(S(=O)(=O)Cc4ccccc4)CC3)s2)cc1,8.38,2
CHEMBL342248,COc1ccc(S(=O)(=O)N2CCS(=O)(=O)C(C)(C)[C@@H]2C(=O)NO)cc1,8.37,1
CHEMBL311840,CNC(=O)[C@@H](NC(=O)C(CCc1cccc(C)c1)CP(=O)(O)Cc1ccc(Cc2ccccc2)cc1)C(C)(C)C,8.37,1
CHEMBL189216,Cc1c(F)cccc1COc1ccc(S(=O)(=O)N2C[C@H](O)CC(C)(C)[C@@H]2C(=O)NO)cc1,8.37,1
CHEMBL564998,Cc1c(C(=O)Nc2ccc(-c3ccc(S(=O)(=O)N[C@H](C(=O)O)C(C)C)cc3)cc2)oc2cccc(N)c12,8.37,1
CHEMBL3359080,COc1cccc(CNC(=O)c2nc3cccc(NCCc4ccccc4)c3c(=O)[nH]2)c1,8.37,1
CHEMBL113778,O=C(NO)C1(NS(=O)(=O)c2ccc(-c3ccc(F)cc3)cc2)CCOCC1,8.36,1
CHEMBL147261,COCCOc1ccc(S(=O)(=O)N2C[C@@H](N3C(=O)CN(C)C3=O)C[C@@H]2C(=O)NO)cc1,8.36,1
CHEMBL372405,Cc1c(COc2ccc(-c3ccc(S(=O)(=O)N[C@H](Cc4ccccc4)C(=O)O)cc3)cc2)oc2ccccc12,8.36,1
CHEMBL466059,CCOc1ccc(-c2ccc(S(=O)(=O)N[C@@H](C(=O)O)C3CCN(C(=O)OC(C)C)CC3)s2)cc1,8.36,2
CHEMBL1082325,CC1CN(C(=O)C2CCN(c3ccc(S(=O)(=O)C4(C(=O)NO)CCOCC4)cc3)CC2)CC(C)N1,8.36,1
CHEMBL4170562,CC(C)[C@@H](NC(=O)c1ccc(-c2ccc(CSc3nc4c(c(=O)[nH]3)CCC4)c(F)c2)o1)C(=O)NC1COC1,8.36,1
CHEMBL47468,COc1ccc(S(=O)(=O)N(CC(=O)NC(c2ccccc2)c2ccccc2)[C@H](CCSCc2ccccc2)C(=O)NO)cc1,8.35,1
CHEMBL420656,COc1ccc(S(=O)(=O)N(CC(=O)NC(c2ccccc2)c2ccccc2)C(CCSCc2ccccc2)C(=O)NO)cc1,8.35,1
CHEMBL308277,CNC(=O)[C@@H](NC(=O)C(CCc1ccc(Cl)cc1)CP(=O)(O)Cc1ccc(Cc2ccccc2OC)cc1)C(C)(C)C,8.35,1
CHEMBL124514,CCCCCCN(C)C(=O)N1CCN(S(=O)(=O)c2ccc(Br)cc2)C(C(=O)NO)C1,8.35,1
CHEMBL327442,COc1ccc(S(=O)(=O)N2CCCN(C(=O)c3ccccc3-c3ccccc3)CC2C(=O)NO)cc1,8.34,2
CHEMBL116067,O=C(NO)C1(NS(=O)(=O)c2ccc(Oc3cccc(Cl)c3)cc2)CCOCC1,8.34,1
CHEMBL112374,O=C(NO)C1(NS(=O)(=O)c2ccc(Sc3ccc(F)cc3)cc2)CCOCC1,8.34,1
CHEMBL1910470,CC(C)[C@@H](NS(=O)(=O)c1ccc(-c2ccc(OCc3ccccc3C#N)cc2)cc1)C(=O)O,8.34,1
CHEMBL3617400,CC(C)ON([C@H](CCNC(=O)c1ccccc1)C(=O)NO)S(=O)(=O)c1ccc(-c2ccccc2)cc1,8.34,1
CHEMBL2409691,C[C@]1(CS(=O)(=O)N2CCC(Oc3ccc(OCc4ccccn4)cc3)CC2)NC(=O)NC1=O,8.33,1
CHEMBL2409707,C[C@]1(CS(=O)(=O)N2CCC(Oc3ccc(OC(F)(F)C(F)F)cc3)CC2)NC(=O)NC1=O,8.33,1
CHEMBL512613,COCCOc1ccc(-c2ccc(S(=O)(=O)N[C@@H](C(=O)O)C3CCN(C(=O)OC(C)C)CC3)s2)cc1,8.32,2
CHEMBL564564,Cc1cccc2oc(C(=O)Nc3ccc(-c4ccc(S(=O)(=O)N[C@H](C(=O)O)C(C)C)cc4)cc3)c(C)c12,8.32,1
CHEMBL4869361,[2H]C([2H])(NC(=O)c1cc(C(=O)NCc2ccc(F)c(C)c2)ncn1)c1ccc(C(=O)O)cc1,8.32,1
CHEMBL425020,COc1c(C)ccc2oc(C(=O)Nc3ccc(-c4ccc(S(=O)(=O)N[C@H](C(=O)O)C(C)C)cc4)cc3)c(C)c12,8.31,1
CHEMBL469138,CCOc1ccc(-c2ccc(S(=O)(=O)N[C@@H](C(=O)O)C3CCN(C(=O)OC(CC)CC)CC3)s2)cc1,8.31,2
CHEMBL4074167,Cc1csc2nc(C(=O)NCc3cccc(CNC(=O)Cc4nc[nH]n4)c3)[nH]c(=O)c12,8.31,1
CHEMBL78934,CCCCOc1ccc(S(=O)(=O)C2(C(=O)NO)CCN(Cc3ccc(Cl)c(Cl)c3)CC2)cc1,8.3,1
CHEMBL80321,CCC(CC)Oc1ccc(S(=O)(=O)C2(C(=O)NO)CCN(Cc3ccccc3)CC2)cc1,8.3,1
CHEMBL80401,CCCCOc1ccc(S(=O)(=O)C2(C(=O)NO)CCN(Cc3ccc(F)cc3)CC2)cc1,8.3,1
CHEMBL316298,CC#CCOc1ccc(S(=O)(=O)N(C)C(CSCc2cccnc2)C(=O)NO)cc1,8.3,1
CHEMBL278872,COc1ccc(S(=O)(=O)N(C)c2c(C(=O)NO)cc(Br)cc2C2CCN(C)CC2)cc1,8.3,1
CHEMBL44062,CC(C)C[C@H](NS(=O)(=O)c1ccc(-c2ccc(Br)cc2)cc1)C(=O)O,8.3,1
CHEMBL38106,C=Cc1cccc2c(N(C)S(=O)(=O)c3ccc(OC)cc3)c(C(=O)NO)cnc12,8.3,1
CHEMBL325903,O=C(NO)C1(NS(=O)(=O)c2ccc(Oc3ccc4ccccc4c3)cc2)CCOCC1,8.3,1
CHEMBL279786,CNC(=O)[C@H](Cc1ccccc1)NC(=O)[C@H](CC(C)C)[C@H](CSc1cccs1)C(=O)NO,8.3,1
CHEMBL147844,COc1ccc(S(=O)(=O)N2C[C@@H](N)C[C@@H]2C(=O)NO)cc1,8.3,1
CHEMBL424311,CCCN[C@H]1C[C@H](C(=O)NO)N(S(=O)(=O)c2ccc(OC)cc2)C1,8.3,1
CHEMBL101864,COc1ccc(S(=O)(=O)N(C)c2c(CN3CCN(C)CC3)cc(Br)cc2C(=O)NO)cc1,8.3,1
CHEMBL359502,CC#CCOc1ccc(S(=O)(=O)N2CCN(C(=O)OC(C)(C)C)CCC2C(=O)NO)cc1,8.3,2
CHEMBL369505,CCOCCC1(Oc2ccc(Oc3ccc(C(F)(F)F)cc3)cc2)C(=O)NC(=O)C(N)C1=O,8.3,1
CHEMBL185158,Cc1cccc(COc2ccc(S(=O)(=O)[C@@H]3CCOC[C@]3(O)C(=O)NO)cc2)c1,8.3,1
CHEMBL222934,CCCCOc1ccc(S(=O)(=O)C2(C(=O)NO)CCN(Cc3ccc(Br)cc3)CC2)cc1,8.3,1
CHEMBL1223563,CNC(=O)[C@@H](NC(=O)c1ccc(-c2cccc(CNC(=O)c3ccnc(C(F)(F)F)n3)c2)o1)C(C)(C)O,8.3,1
CHEMBL2064546,COc1ccc(S(=O)(=O)N(Cc2cn(CCOS(=O)(=O)c3ccc(C)cc3)nn2)[C@@H](C(=O)NO)C(C)C)cc1,8.3,1
CHEMBL3359071,COc1cccc(CNC(=O)c2nc3cccc(F)c3c(=O)[nH]2)c1,8.3,1
CHEMBL127138,O=C(O)[C@H]1[C@H](Cn2nc3n(c2=O)CCCCC3)CC[C@@H]1Sc1ccc(-c2ccc(Cl)cc2)cc1,8.29,1
CHEMBL539787,COc1ccc(S(=O)(=O)N2CCCNCC2C(=O)NO)cc1.Cl,8.29,1
CHEMBL320442,COc1ccc(S(=O)(=O)N(CC(C)C)C(CCSCc2ccsc2)C(=O)NO)cc1,8.29,1
CHEMBL252461,COc1ccc(S(=O)(=O)N2CCCNCC2C(=O)NO)cc1,8.29,1
CHEMBL2409676,C[C@]1(CS(=O)(=O)N2CCN(c3ncc(OCc4ccc(C(F)(F)F)o4)cn3)CC2)NC(=O)NC1=O,8.29,1
CHEMBL4159255,CC(C)[C@H](NC(=O)c1ccc(-c2ccc(CSc3nc4c(c(=O)[nH]3)CCC4)c(F)c2)o1)C(=O)N[C@@H]1CCCC[C@H]1O,8.29,1
CHEMBL105279,COc1ccc(S(=O)(=O)N(CC(C)C)C(CCSCc2cccc(OC)c2)C(=O)NO)cc1,8.28,1
CHEMBL376557,CC(C)[C@H](NS(=O)(=O)c1ccc(-c2ccc(Cl)cc2)cc1)P(=O)(O)O,8.28,1
CHEMBL1910460,CC(C)[C@@H](NS(=O)(=O)c1ccc(-c2ccc(OCc3ccnc4ccccc34)cc2)cc1)C(=O)O,8.28,1
CHEMBL311932,COc1ccc(S(=O)(=O)N(CC(=O)NO)CC(C)C)cc1,8.28,3
CHEMBL2409692,C[C@]1(CS(=O)(=O)N2CCC(Oc3ccc(OCc4cscn4)cc3)CC2)NC(=O)NC1=O,8.28,1
CHEMBL4071820,COc1cc(CNC(=O)C#Cc2cn(Cc3ccc(-c4cnco4)cc3)c(=O)[nH]c2=O)ccc1F,8.28,2
CHEMBL83955,CCOC(=O)N1CCC(C(NS(=O)(=O)c2ccc(-c3ccc(OC)cc3)cc2)C(=O)O)CC1,8.27,2
CHEMBL2409704,C[C@]1(CS(=O)(=O)N2CCC(Oc3ccc(OCCC(F)(F)F)cc3)CC2)NC(=O)NC1=O,8.27,1
CHEMBL3751997,COc1ccc(-c2ccc(S(=O)(=O)N[C@@H](CCCCCF)P(=O)(O)O)cc2)cc1,8.27,1
CHEMBL102415,COc1ccc(S(=O)(=O)N2CC(C)(C)C(CSCc3ccccc3)[C@@H]2C(=O)NO)cc1,8.26,1
CHEMBL468731,CCOc1ccc(-c2ccc(S(=O)(=O)N[C@@H](C(=O)O)C3CCN(C(=O)OC4CCCC4)CC3)s2)cc1,8.26,2
CHEMBL466052,COc1ccc(-c2ccc(S(=O)(=O)N[C@@H](C(=O)O)C3CCN(C(=O)NC(C)C)CC3)s2)cc1,8.26,2
CHEMBL1801426,CC(C)N1CCC(C(=O)NO)(S(=O)(=O)c2ccc(Oc3ccc(C(F)(F)F)cc3)cc2)CC1,8.26,1
CHEMBL4173661,CC(C)[C@H](NC(=O)c1ccc(-c2ccc(CSc3nc4c(c(=O)[nH]3)CCC4)cc2)o1)C(=O)NC[C@H](O)CO,8.26,1
CHEMBL5289570,COc1ccc(S(=O)(=O)N2CC(C)(C)C(CCSCc3ccccc3)C2C(=O)NO)cc1,8.26,1
CHEMBL344828,COCCOc1ccc(S(=O)(=O)N2CCCSC(C)(C)[C@@H]2C(=O)NO)cc1,8.25,1
CHEMBL1910453,CC(C)[C@@H](NS(=O)(=O)c1ccc(-c2ccc(OCc3ccccc3)cc2)cc1)C(=O)O,8.25,1
CHEMBL5550032,O=C(NO)C1(S(=O)(=O)c2ccc(-n3cc(CCn4nc5c(Br)c(Br)c(Br)c(Br)c5n4)nn3)cc2)CCOCC1,8.25,1
CHEMBL5859458,CC(CC1(C2CN(C(=O)OC(C)(C)C)C2)NC(=O)NC1=O)C(=O)N1CCN(c2ccc(F)c(F)c2)CC1,8.25,1
CHEMBL114158,O=C(NO)C1(NS(=O)(=O)c2ccc(Oc3ccncc3)cc2)CCOCC1,8.24,1
CHEMBL5209489,CSCC[C@@H](C(=O)N1CCC[C@H]1CC(N)=O)N(C)C(=O)[C@H](CC(C)C)NC(=O)[C@H](C)NC(=O)[C@H](CC(=O)O)NC(=O)[C@H](CC(N)=O)NC(=O)CCCNS(=O)(=O)c1ccc(Oc2ccccc2)cc1,8.24,1
CHEMBL433567,CCOCCC1(Oc2ccc(Oc3ccc(C#N)cc3)cc2)C(=O)NC(=O)C(N)C1=O,8.23,1
CHEMBL426833,Cc1c(C(=O)Nc2ccc(-c3ccc(S(=O)(=O)N[C@H](C(=O)O)C(C)C)cc3)cc2)oc2ccccc12,8.23,1
CHEMBL494167,CCOc1ccc(-c2ccc(S(=O)(=O)N[C@@H](C(=O)O)C3CCN(C(=O)C4CCOCC4)CC3)s2)cc1,8.23,2
CHEMBL312432,Cc1ccc(CN2CCC(C(=O)NO)(S(=O)(=O)c3ccc(OCc4ccc(Cl)cc4)cc3)CC2)cc1,8.22,1
CHEMBL80300,COc1ccc(S(=O)(=O)N(Cc2ccccc2)c2c(OC(C)(C)C(=O)NO)cccc2C(=O)NO)cc1,8.22,2
CHEMBL109267,CCOC(=O)N1CCN(S(=O)(=O)c2ccc(OCc3ccccc3C)cc2)[C@@H](C(=O)NO)[C@@H]1C,8.22,1
CHEMBL80496,COc1ccc(CS(=O)(=O)C(C)(Cc2ccccc2)C(=O)NO)cc1,8.22,1
CHEMBL76619,CC(C)=CCC(CC=C(C)C)(C(=O)NO)S(=O)(=O)c1ccc(C)cc1,8.22,1
CHEMBL44383,COc1ccc(-c2ccc(S(=O)(=O)N[C@H](C(=O)O)C(C)C)cc2)cc1,8.22,3
CHEMBL68196,Cc1cc(C)c(N(Cc2ccccc2)S(=O)(=O)c2ccc(Oc3ccccc3)cc2)c(C(=O)NO)c1,8.22,1
CHEMBL36191,COc1ccc(S(=O)(=O)N(Cc2ccccc2)c2c(C(=O)NO)cnc3ccc(Br)cc23)cc1,8.22,1
CHEMBL319887,COc1ccc(S(=O)(=O)N(CC#CCN2CCN(C)CC2)c2c(C)cc(Br)cc2C(=O)NO)cc1,8.22,1
CHEMBL100564,COC(=O)C1CCCN1Cc1cccc(C(=O)NO)c1N(C)S(=O)(=O)c1ccc(OC)cc1,8.22,1
CHEMBL101210,COc1ccc(S(=O)(=O)N(C)c2c(CN3CCN(C(=O)OC(C)(C)C)CC3)cc(Br)cc2C(=O)NO)cc1,8.22,1
CHEMBL175113,CCCC(CCS)S(=O)(=O)c1ccc(OC)cc1,8.22,1
CHEMBL359669,CCOCCC1(Oc2ccc(Oc3ccc(C(=O)NC)cc3)cc2)C(=O)NC(=O)C(N)C1=O,8.22,1
CHEMBL194237,CC#CCOc1ccc(S(=O)(=O)N2CCN(S(C)(=O)=O)CC2C(=O)NO)cc1,8.22,2
CHEMBL576213,CNC(=O)[C@@H](NC(=O)c1ccc(-c2ccc(OCc3cc4ccccc4o3)cn2)o1)C1CCCCC1,8.22,1
CHEMBL584683,CNC(=O)[C@@H](NC(=O)c1ccc(-c2ccc(OCc3cc[nH]n3)cn2)o1)C1CCCCC1,8.22,1
CHEMBL1083932,O=C(NO)C1(S(=O)(=O)c2ccc(N3CCC(c4ccccc4)CC3)cc2)CCOCC1,8.22,1
CHEMBL1085787,O=C(C1CCN(c2ccc(S(=O)(=O)C3(C(=O)NO)CCOCC3)cc2)CC1)N1CCN(c2ccc(F)cc2)CC1,8.22,1
CHEMBL1223422,CNC(=O)[C@@H](NC(=O)c1ccc(-c2cccc(CNC(=O)c3cccc(C(F)(F)F)n3)c2)o1)C(C)C,8.22,1
CHEMBL2064541,COc1ccc(S(=O)(=O)N(Cc2ccc(OCCOCCOCCOCCOCc3cn(CCF)nn3)cc2)[C@@H](C(=O)NO)C(C)C)cc1,8.22,1
CHEMBL2064550,COc1ccc(S(=O)(=O)N(Cc2cn(CCOCCOCCOCCN=[N+]=[N-])nn2)[C@@H](C(=O)NO)C(C)C)cc1,8.22,1
CHEMBL2425948,COc1ccc(S(=O)(=O)N(CCn2cc(COCCOCCOCCOCCOCCF)nn2)[C@@H](C(=O)NO)C(C)C)cc1,8.22,1
CHEMBL3814018,O=C(O)CCCOc1cccc(CNC(=O)C#Cc2cn(Cc3ccc(C(=O)O)cc3)c(=O)[nH]c2=O)c1,8.22,3
CHEMBL85030,COc1ccc(S(=O)(=O)N(Cc2ccccc2)[C@@H](C(=O)NO)C(C)C)cc1,8.22,1
CHEMBL5268707,O=C(O)CCCCOc1ccc(CC(=O)Nc2ccc3c(c2)C(=O)N(Cc2ccc(F)cc2)C3=O)cc1,8.22,2
CHEMBL329558,COc1ccc(S(=O)(=O)N2CCCN(C(=O)c3ccc(OC(F)(F)F)cc3)CC2C(=O)NO)cc1,8.21,2
CHEMBL221449,CCOCCC1(Oc2ccc(Oc3ccc(-c4nc(-c5ccc(F)cc5)no4)cc3)cc2)C(=O)NC(=O)NC1=O,8.21,1
CHEMBL220644,CCOCCC1(Oc2ccc(Oc3ccc(C(=O)NCc4ccccn4)cc3)cc2)C(=O)NC(=O)NC1=O,8.21,1
CHEMBL560137,Cc1c(C(=O)Nc2ccc(-c3ccc(S(=O)(=O)N[C@H](C(=O)O)C(C)C)cc3)cc2)oc2cccc(O)c12,8.21,1
CHEMBL565103,C#Cc1cccc2oc(C(=O)Nc3ccc(-c4ccc(S(=O)(=O)N[C@H](C(=O)O)C(C)C)cc4)cc3)c(C)c12,8.21,1
CHEMBL1086379,COc1cc2c(cc1OC)CN(C(=O)C1CCN(c3ccc(S(=O)(=O)C4(C(=O)NO)CCOCC4)cc3)CC1)CC2,8.21,1
CHEMBL468722,CC(C)[C@@H](NS(=O)(=O)c1ccc(-c2ccc(COc3ccc(C(=O)c4ccc(F)cc4)cc3)cc2)cc1)C(=O)O,8.2,1
CHEMBL499159,COc1ccc(-c2ccc(S(=O)(=O)N[C@@H](C(=O)O)C3CCN(C(=O)OC(C)C)CC3)s2)cc1,8.2,2
CHEMBL3359068,COc1cccc(CNC(=O)c2nc3ccc(C#N)cc3c(=O)[nH]2)c1,8.2,1
CHEMBL4088383,CNC(=O)[C@@H](NC(=O)c1ccc(-c2ccc(CSc3nc4c(c(=O)[nH]3)CCC4)c(F)c2)o1)C1CCCCC1,8.2,3
CHEMBL324615,O=C(NO)C1(NS(=O)(=O)c2ccc(OCc3ccccc3)cc2)CCOCC1,8.19,1
CHEMBL189052,Cc1ccc(F)cc1COc1ccc(S(=O)(=O)N2C[C@H](O)CC(C)(C)[C@@H]2C(=O)NO)cc1,8.19,1
CHEMBL564232,Cc1c(C(=O)Nc2ccc(-c3ccc(S(=O)(=O)N[C@H](C(=O)O)C(C)C)cc3)cc2)oc2cccc(N(C)C)c12,8.19,1
CHEMBL541218,Cc1c(C(=O)Nc2ccc(-c3ccc(S(=O)(=O)N[C@H](C(=O)O)C(C)C)cc3)cc2)oc2cccc(-c3ccoc3)c12,8.19,1
CHEMBL1084298,O=C(C1CCN(c2ccc(S(=O)(=O)C3(C(=O)NO)CCOCC3)cc2)CC1)N1CCN(c2ncccn2)CC1,8.19,1
CHEMBL2048512,CNC(=O)C(CCc1ccccc1)NC(=O)C(CC(=O)NO)CC(C)C,8.19,1
CHEMBL4175968,CC(C)[C@@H](NC(=O)c1ccc(-c2ccc(CSc3nc4c(c(=O)[nH]3)CCC4)cc2)o1)C(=O)NC[C@H](O)CO,8.19,1
CHEMBL4159992,CNC(=O)[C@@H](NC(=O)c1ccc(-c2ccc(CNc3nc4c(c(=O)[nH]3)CCC4)c(F)c2)o1)C(C)C,8.19,1
CHEMBL1939877,CCOC(=O)c1cc2cc(-c3cc(C(=O)NCc4ccc(CC(=O)O)cc4)nn3C)ccc2[nH]1,8.18,2
CHEMBL408366,COc1ccc(Oc2ccc(S(=O)(=O)N(C)c3cccn(O)c3=O)cc2)cc1,8.17,1
CHEMBL270050,COc1ccc(CNC(=O)c2cc3c(=O)n(Cc4ccc(C(=O)O)cc4)cnc3cn2)cc1,8.17,3
CHEMBL466060,CCCOc1ccc(-c2ccc(S(=O)(=O)N[C@@H](C(=O)O)C3CCN(C(=O)OC(C)C)CC3)s2)cc1,8.17,2
CHEMBL1085563,O=C(C1CCN(c2ccc(S(=O)(=O)C3(C(=O)NO)CCOCC3)cc2)CC1)N1CCN(c2ccccc2F)CC1,8.17,1
CHEMBL1083585,CC(=O)c1ccc(N2CCN(C(=O)C3CCN(c4ccc(S(=O)(=O)C5(C(=O)NO)CCOCC5)cc4)CC3)CC2)cc1,8.17,1
CHEMBL402745,COc1ccc(-c2ccc(S(=O)(=O)N[C@H](C(=O)O)C3CCN(C(=O)OC(C)(C)C)CC3)cc2)cc1,8.16,2
CHEMBL466656,CC(C)(C)OC(=O)N1CCC([C@@H](NS(=O)(=O)c2ccc(-c3ccc(N4CCCCC4)cc3)s2)C(=O)O)CC1,8.16,2
CHEMBL4165747,CC(C)[C@@H](NC(=O)c1ccc(-c2ccc(CSc3nc4c(c(=O)[nH]3)CCC4)cc2)o1)C(=O)NC[C@@H](O)CO,8.16,1
CHEMBL5542687,O=C(NO)[C@@H](Cc1ccccc1)NS(=O)(=O)c1ccc(-n2cc(CCN3C(=O)C4C=CC=CC4C3=O)nn2)cc1,8.16,1
CHEMBL310684,COc1ccc(S(=O)(=O)C2(C(=O)NO)CCN(CC=C(C)C)CC2)cc1,8.15,1
CHEMBL101121,O=C(NO)C(CCN1C(=O)c2ccccc2C1=O)COc1ccc(-c2ccccc2)cc1,8.15,1
CHEMBL263054,CC(=O)N1CCN(S(=O)(=O)c2ccc(OCc3cc(F)ccc3C)cc2)[C@@H](C(=O)NO)[C@@H]1C,8.15,1
CHEMBL111262,CC[C@H](C)[C@H](NC(=O)C(CC(C)C)[C@H](C(C)C)N(O)C=O)C(=O)Nc1ccccn1,8.15,1
CHEMBL279482,O=C1N[C@@H](C(=O)NO)C[C@H]1c1ccc(Oc2ccc(F)cc2)cc1,8.15,2
CHEMBL297749,O=C(CCc1ccccc1)NCCC[C@H](NS(=O)(=O)c1ccc(-c2ccc(Br)cc2)cc1)C(=O)O,8.15,1
CHEMBL46818,CC(C)[C@H](NS(=O)(=O)c1ccc(-c2ccc(Br)cc2F)cc1)C(=O)O,8.15,1
CHEMBL418053,COc1ccc(S(=O)(=O)N(Cc2ccccc2)c2c(C(=O)NO)cnc3cc(Br)ccc23)cc1,8.15,1
CHEMBL36021,COc1ccc(S(=O)(=O)N(Cc2ccccc2)c2c(C(=O)NO)cnc3ccc(C(F)(F)F)cc23)cc1,8.15,1
CHEMBL287823,COc1ccc(S(=O)(=O)N(Cc2ccccc2)c2c(C(=O)NO)cnc3cc(C(F)(F)F)ccc23)cc1,8.15,1
CHEMBL77995,CNC(=O)[C@@H](NC(=O)C(CCc1ccccc1)CP(=O)(O)Cc1ccc(Cc2ccccc2OC)cc1)C(C)(C)C,8.15,1
CHEMBL97908,COc1ccc(S(=O)(=O)N2Cc3ccccc3N(C(=O)C3CCCCC3)CC2C(=O)NO)cc1,8.15,1
CHEMBL59472,COc1ccc(-c2ccc(S(=O)(=O)NC(C(=O)O)C3CCC/C(=N/OC(C)(C)C)C3)cc2)cc1,8.15,1
CHEMBL100134,CCN(CC)CC#CCN(c1c(C)cc(Br)cc1C(=O)NO)S(=O)(=O)c1ccc(OC)cc1,8.15,1
CHEMBL183132,CC#CCOc1ccc(S(=O)(=O)N2CCN(Cc3ccccc3)CCC2C(=O)NO)cc1,8.15,2
CHEMBL366257,CC#CCOc1ccc(S(=O)(=O)N2Cc3ccccc3N(C(=O)c3ccco3)CC2C(=O)NO)cc1,8.15,1
CHEMBL427366,CCc1ccc2oc(C(=O)Nc3ccc(-c4ccc(S(=O)(=O)N[C@H](C(=O)O)C(C)C)cc4)cc3)c(C)c2c1O,8.15,1
CHEMBL381163,CC#CCOc1ccc(S(=O)(=O)N2C[C@H](CC(=O)O)SC(C)(C)[C@@H]2C(=O)NO)cc1,8.15,1
CHEMBL203886,CC1(C)SCCN(S(=O)(=O)c2ccc(OCC#CCCCCN)cc2)[C@H]1C(=O)NO,8.15,1
CHEMBL380343,CC(C)(C)OC(=O)NCCC#CCOc1ccc(S(=O)(=O)N2CCSC(C)(C)[C@@H]2C(=O)NO)cc1,8.15,1
CHEMBL206298,CCCCC#CCOc1ccc(S(=O)(=O)N2CCSC(C)(C)[C@@H]2C(=O)NO)cc1,8.15,1
CHEMBL373831,C#CCOc1ccc(S(=O)(=O)C2(C(=O)NO)CCN(Cc3ccccc3)CC2)cc1,8.15,1
CHEMBL552213,Cc1c(C(=O)Nc2ccc(-c3ccc(S(=O)(=O)N[C@H](C(=O)O)C(C)C)cc3)cc2)oc2cccc(CCCO)c12,8.15,1
CHEMBL1082371,COc1ccc(C2CCN(c3ccc(S(=O)(=O)C4(C(=O)NO)CCOCC4)cc3)CC2)c(C)c1,8.15,1
CHEMBL1223421,CNC(=O)[C@H](NC(=O)c1ccc(-c2cccc(CNC(=O)c3ccnc(C(F)(F)F)n3)c2)o1)C1CCCCC1,8.15,1
CHEMBL1910458,CC(C)[C@@H](NS(=O)(=O)c1ccc(-c2ccc(OCc3cccc4ccccc34)cc2)cc1)C(=O)O,8.15,1
CHEMBL1916643,CC(C)CN([C@@H](C(=O)NO)C(C)C)S(=O)(=O)c1ccc2ccccc2c1,8.15,1
CHEMBL1916648,CC(C)[C@H](C(=O)NO)N(Cc1ccncc1)S(=O)(=O)c1ccc2ccccc2c1,8.15,1
CHEMBL1946149,O=C1NC(=O)C(c2ccc(Oc3ccccc3)cc2)(N2CCN(CCOCCOCCOCCn3cc(COC(=O)c4ccc(F)cc4)nn3)CC2)C(=O)N1,8.15,1
CHEMBL197842,CCCCOc1ccc(S(=O)(=O)NCC(=O)NO)cc1,8.15,1
CHEMBL2425937,CC(C)[C@H](C(=O)NO)N(CCn1cc(COCCOCCOCCOCCOCCF)nn1)S(=O)(=O)c1ccc(OCCF)cc1,8.15,1
CHEMBL4061792,CC(C)[C@@H](NS(=O)(=O)c1ccc(-c2ccc(CSc3nc4c(c(=O)[nH]3)CCC4)cc2)cc1)C(=O)O,8.15,1
CHEMBL4177034,CC(C)[C@H](NC(=O)c1ccc(-c2ccc(CSc3nc4c(c(=O)[nH]3)CCC4)cc2)o1)C(=O)NC[C@@H](O)CO,8.15,1
CHEMBL5180149,CSCC[C@@H](C(=O)N1CCC[C@H]1C(N)=O)N(C)C(=O)[C@H](CC(C)C)NC(=O)[C@H](C)NC(=O)[C@H](CC(=O)O)NC(=O)[C@H](CC(N)=O)NC(=O)CCCNS(=O)(=O)c1ccc(Oc2ccccc2)cc1,8.15,1
CHEMBL271866,O=c1c(O)cccn1CS(=O)(=O)c1ccc(Oc2ccc(OC(F)(F)F)cc2)cc1,8.14,1
CHEMBL467257,Cc1ccc(-c2ccc(S(=O)(=O)N[C@@H](C(=O)O)C3CCN(C(=O)OC(C)(C)C)CC3)cc2)cc1,8.14,2
CHEMBL550081,CSc1ccc(-c2ccc(S(=O)(=O)N(CC(=O)NO)OC(C)C)cc2)cc1,8.14,1
CHEMBL4165348,CC(C)[C@H](NC(=O)c1ccc(-c2ccc(CSc3nc4c(c(=O)[nH]3)CCC4)cc2)o1)C(=O)NCCCO,8.14,1
CHEMBL401199,CC1(C)CC2(C(=O)NC(=O)NC2=O)N(c2ccc(Oc3ccc(F)cc3)nc2)C1=O,8.13,1
CHEMBL549854,CCOc1cccc2oc(C(=O)Nc3ccc(-c4ccc(S(=O)(=O)N[C@H](C(=O)O)C(C)C)cc4)cc3)c(C)c12,8.13,1
CHEMBL140720,CCCc1ccc(S(=O)(=O)N2CCCSC(C)(C)[C@@H]2C(=O)NO)cc1,8.12,1
CHEMBL220965,CCOCCC1(Oc2ccc(Oc3ccc(-c4ncc(-c5ccccc5)o4)cc3)cc2)C(=O)NC(=O)NC1=O,8.12,1
CHEMBL272007,O=C(O)c1ccc(Cn2cnc3cnc(C(=O)NCc4cccc(Cl)c4)cc3c2=O)cc1,8.12,2
CHEMBL1683445,C[C@@H](C[C@@](C)(CS(=O)(=O)N1CCN(c2ccc(F)cc2)CC1)N(O)C=O)c1ncc(F)cn1,8.12,1
CHEMBL77630,CNC(=O)[C@@H](NC(=O)C(CCc1ccc(OC)cc1)CP(=O)(O)Cc1ccc(Cc2ccccc2)cc1)C(C)(C)C,8.11,1
CHEMBL77923,CNC(=O)[C@@H](NC(=O)C(CCc1ccc(C)cc1)CP(=O)(O)Cc1ccc(Cc2ccccc2)cc1)C(C)(C)C,8.11,1
CHEMBL190506,CC1(C)C[C@@H](O)CN(S(=O)(=O)c2ccc(OCc3ccnc4ccccc34)cc2)[C@H]1C(=O)NO,8.11,1
CHEMBL198389,COc1c(CO)ccc2oc(C(=O)Nc3ccc(-c4ccc(S(=O)(=O)N[C@H](C(=O)O)C(C)C)cc4)cc3)c(C)c12,8.11,1
CHEMBL221808,CCOCCC1(Oc2ccc(Oc3ccc(-c4nc(-c5cccc(F)c5)no4)cc3)cc2)C(=O)NC(=O)NC1=O,8.11,1
CHEMBL273113,COc1cc(CNC(=O)c2cc3c(=O)n(Cc4ccc(C(=O)O)cc4)cnc3cn2)ccn1,8.11,2
CHEMBL1083906,Cc1ccccc1N1CCN(c2ccc(S(=O)(=O)C3(C(=O)NO)CCOCC3)cc2)CC1,8.11,1
CHEMBL4172564,CC(C)[C@@H](NC(=O)c1ccc(-c2ccc(CSc3nc4c(c(=O)[nH]3)CCC4)cc2)o1)C(=O)NCCCO,8.11,1
CHEMBL514138,COc1ccc(S(=O)(=O)N(Cc2cccnc2)[C@@H](C(=O)NO)C(C)C)cc1.Cl,8.1,18
CHEMBL357796,COCCOc1ccc(S(=O)(=O)N2CC(NOC)C[C@@H]2C(=O)NO)cc1,8.1,1
CHEMBL70176,COc1ccc(S(=O)(=O)N(Cc2cccnc2)c2c(C)cccc2C(=O)NO)cc1,8.1,7
CHEMBL110211,CC(=O)N1CCN(S(=O)(=O)c2ccc(OCc3cccnc3C)cc2)[C@@H](C(=O)NO)[C@@H]1C,8.1,1
CHEMBL316928,CC#CCOc1ccc(S(=O)(=O)NC(C(=O)NO)C(C)(C)SCc2cccnc2)cc1,8.1,1
CHEMBL311966,COc1ccc(S(=O)(=O)C(C)(Cc2ccc(-c3ccccc3)cc2)C(=O)NO)cc1,8.1,1
CHEMBL43152,CC(C)[C@H](NS(=O)(=O)c1ccc(-c2ccc(Br)cc2)cc1)C(=O)O,8.1,2
CHEMBL100100,CN(C)c1cccc2c(S(=O)(=O)N(C)C[C@H](C(=O)NO)[C@@H](CC3CCCC3)C(=O)N3CCCCC3)cccc12,8.1,2
CHEMBL97936,CN(C[C@H](C(=O)NO)[C@@H](CC1CCCC1)C(=O)N1CCCCC1)S(=O)(=O)c1cccc2ccccc12,8.1,2
CHEMBL433063,COc1ccc(-c2ccc(S(=O)(=O)NC(C(=O)O)C3CCCC(Nc4ccccc4)C3)cc2)cc1,8.1,1
CHEMBL124026,COc1ccc(S(=O)(=O)N2CCN(Cc3ccccc3)CC2C(=O)NO)cc1,8.1,1
CHEMBL181328,CC#CCOc1ccc(S(=O)(=O)N2CCS(=O)(=O)CCC2C(=O)NO)cc1,8.1,1
CHEMBL362832,CCOCCC1(Oc2ccc(Oc3ccc(-n4cnnc4)cc3)cc2)C(=O)NC(=O)C(N)C1=O,8.1,1
CHEMBL372261,CC1(C)C[C@@H](O)CN(S(=O)(=O)c2ccc(OCc3ccccc3Br)cc2)[C@H]1C(=O)NO,8.1,1
CHEMBL436324,CC#CCOc1ccc(S(=O)(=O)N2CCNCC2C(=O)NO)cc1,8.1,2
CHEMBL202839,CC1(C)SCCN(S(=O)(=O)c2ccc(OCC#CCN)cc2)[C@H]1C(=O)NO,8.1,1
CHEMBL206815,CC1(C)SCCN(S(=O)(=O)c2ccc(OCC#CCO)cc2)[C@H]1C(=O)NO,8.1,1
CHEMBL441177,C#CCCCOc1ccc(S(=O)(=O)N2CCSC(C)(C)[C@@H]2C(=O)NO)cc1,8.1,1
CHEMBL374364,CCOCCC1(Oc2ccc(Oc3ccc(C(=O)NCc4ccccc4)cc3)cc2)C(=O)NC(=O)NC1=O,8.1,1
CHEMBL514794,Cc1cc(CNC(=O)c2cc(C(=O)NCc3ccc(F)c(C)c3)ncn2)ccc1F,8.1,8
CHEMBL467262,CCOc1ccc(-c2ccc(S(=O)(=O)N[C@@H](C(=O)O)C3CCN(C(=O)OCC(C)C)CC3)s2)cc1,8.1,2
CHEMBL551611,CNc1cccc2oc(C(=O)Nc3ccc(-c4ccc(S(=O)(=O)N[C@H](C(=O)O)C(C)C)cc4)cc3)c(C)c12,8.1,1
CHEMBL1084206,COc1cccc(N2CCN(c3ccc(S(=O)(=O)C4(C(=O)NO)CCOCC4)cc3)CC2)c1,8.1,1
CHEMBL1223202,CNC(=O)[C@H](NC(=O)c1ccc(-c2cccc(CNC(=O)c3ccccn3)c2)o1)C1CCCCC1,8.1,1
CHEMBL1223201,CNC(=O)[C@H](NC(=O)c1ccc(-c2cccc(CNC(=O)c3csc(C)n3)c2)o1)C1CCCCC1,8.1,1
CHEMBL1770698,CN(C)c1ccc(C(=O)C2CCN(c3ccc(S(=O)(=O)C4(C(=O)NO)CCOCC4)cc3)CC2)cc1,8.1,1
CHEMBL1770703,Cc1ccc(C(=O)NCCCOc2ccc(S(=O)(=O)C3(C(=O)NO)CCOCC3)cc2)c(C)c1,8.1,1
CHEMBL1916640,CC(C)CN(CC(=O)NO)S(=O)(=O)c1ccc2ccccc2c1,8.1,1
CHEMBL1770704,O=C(NCCCOc1ccc(S(=O)(=O)C2(C(=O)NO)CCOCC2)cc1)C1CCCCC1,8.09,1
CHEMBL1770705,CCCC(C)(C)C(=O)NCCCOc1ccc(S(=O)(=O)C2(C(=O)NO)CCOCC2)cc1,8.09,1
CHEMBL5220395,O=c1[nH]c(SCc2ccc(-c3ccc(S(=O)(=O)N[C@H]4CCCC[C@@H]4O)cc3)cc2)nc2c1CCC2,8.09,1
CHEMBL77163,CNC(=O)[C@@H](NC(=O)C(CCc1ccc(Cl)cc1)CP(=O)(O)Cc1ccc(Cc2ccccc2)cc1)C(C)(C)C,8.08,1
CHEMBL2409677,C[C@]1(CS(=O)(=O)N2CCN(c3ncc(OCc4cnc(C#N)s4)cn3)CC2)NC(=O)NC1=O,8.08,1
CHEMBL4164676,CNC(=O)[C@@H](NC(=O)c1ccc(-c2ccc(CSc3nc4sccc4c(=O)[nH]3)c(F)c2)o1)C(C)C,8.08,1
CHEMBL468096,CCCCOC(=O)N1CCC([C@@H](NS(=O)(=O)c2ccc(-c3ccc(OCC)cc3)s2)C(=O)O)CC1,8.07,2
CHEMBL492384,CCOc1ccc(-c2ccc(S(=O)(=O)N[C@@H](C(=O)O)C3CCN(C(=O)C4CCCCC4)CC3)s2)cc1,8.07,2
CHEMBL2409702,C[C@]1(CS(=O)(=O)N2CCC(Oc3ccc(OCC(F)(F)F)cc3)CC2)NC(=O)NC1=O,8.07,1
CHEMBL3359073,COc1cccc(CNC(=O)c2nc3cccc(C#N)c3c(=O)[nH]2)c1,8.07,1
CHEMBL4164905,CNC(=O)[C@@H](NC(=O)c1ccc(-c2ccc(CSc3nc4c(c(=O)[nH]3)CCC4)c(F)c2)o1)C1CC1,8.07,1
CHEMBL310057,COc1ccc(S(=O)(=O)C2(C(=O)NO)CCN(CCc3ccccc3)CC2)cc1,8.05,1
CHEMBL78001,CCCCC(CC(=O)NO)S(=O)(=O)c1ccc2ccccc2c1,8.05,1
CHEMBL305722,COc1ccc(S(=O)(=O)C(C)(Cc2ccc3ccccc3c2)C(=O)NO)cc1,8.05,1
CHEMBL92899,C#CCN1CCCC1(CS(=O)(=O)c1ccc(Oc2ccccc2)cc1)C(=O)NO,8.05,2
CHEMBL288671,CC#CCOc1ccc(S(=O)(=O)N(C)c2c(C(=O)NO)cnc3c(OC)cccc23)cc1,8.05,1
CHEMBL36999,COc1ccc(S(=O)(=O)N(Cc2ccccc2)c2c(C(=O)NO)cnc3c(C(C)C)cccc23)cc1,8.05,1
CHEMBL361959,CC#CCOc1ccc(S(=O)(=O)N2CCN(C(=O)C(C)C)CCC2C(=O)NO)cc1,8.05,2
CHEMBL372908,CC#CCOc1ccc(S(=O)(=O)N2CCN(C(=O)OC)CC2C(=O)NO)cc1,8.05,2
CHEMBL383028,CC1(C)SCCN(S(=O)(=O)c2ccc(OCC#CCCCN)cc2)[C@H]1C(=O)NO,8.05,1
CHEMBL380439,CCCCOc1ccc(S(=O)(=O)N2CCSC(C)(C)[C@@H]2C(=O)NO)cc1,8.05,1
CHEMBL251583,CCOCCC1(Oc2ccc(Oc3ccc(F)cc3)nc2)C(=O)NC(=O)NC1=O,8.05,1
CHEMBL1083907,O=C(NO)C1(S(=O)(=O)c2ccc(N3CCN(c4ccccc4Cl)CC3)cc2)CCOCC1,8.05,1
CHEMBL1082324,O=C(C1CCN(c2ccc(S(=O)(=O)C3(C(=O)NO)CCOCC3)cc2)CC1)N1CCc2ccccc2C1,8.05,1
CHEMBL1085257,COCCN1CCC(C(=O)NO)(S(=O)(=O)c2ccc(N3CCC(C(=O)Nc4ccccc4)CC3)cc2)CC1,8.05,1
CHEMBL1223492,CNC(=O)[C@@H](NC(=O)c1ccc(-c2cccc(CNC(=O)c3ccnc(C(F)(F)F)n3)c2)o1)C(C)C,8.05,1
CHEMBL1223351,CNC(=O)[C@H](NC(=O)c1ccc(-c2cccc(CNC(=O)c3cccc(C(F)(F)F)n3)c2)o1)C1CCCCC1,8.05,1
CHEMBL1946145,O=C1NC(=O)C(NCc2cn(CCOCCOCCOCCOc3cccnc3F)nn2)(c2ccc(Oc3ccccc3)cc2)C(=O)N1,8.05,1
CHEMBL2425946,COc1ccc(S(=O)(=O)N(CCN=[N+]=[N-])[C@@H](C(=O)NO)C(C)C)cc1,8.05,1
CHEMBL139886,Cc1cc(Br)ccc1S(=O)(=O)N1CCCSC(C)(C)[C@@H]1C(=O)NO,8.04,1
CHEMBL181905,CCOCCC1(Oc2ccc(Oc3cccc(F)c3)cc2)C(=O)NC(=O)C(N)C1=O,8.04,1
CHEMBL512275,CCCOC(=O)N1CCC([C@@H](NS(=O)(=O)c2ccc(-c3ccc(OCC)cc3)s2)C(=O)O)CC1,8.04,2
CHEMBL4161914,CC(C)[C@H](NC(=O)c1ccc(-c2ccc(CSc3nc4c(c(=O)[nH]3)CCC4)cc2)o1)C(=O)NC1CC1,8.04,1
CHEMBL5191373,CC(C)C[C@H](NC(=O)[C@H](C)NC(=O)[C@H](CC(=O)O)NC(=O)[C@H](CC(N)=O)NC(=O)CCCNS(=O)(=O)c1ccc(Oc2ccccc2)cc1)C(=O)N(C)[C@@H](CC(C)C)C(=O)N1CCC[C@H]1C(N)=O,8.04,1
CHEMBL5517807,CC1=CC2C(=O)N(CCc3cn(-c4ccc(S(=O)(=O)N[C@H](Cc5ccccc5)C(=O)NO)cc4)nn3)C(=O)C2C=C1,8.04,1
CHEMBL77972,CNC(=O)[C@@H](NC(=O)C(CCc1ccc(Br)cc1)CP(=O)(O)Cc1ccc(Cc2ccccc2)cc1)C(C)(C)C,8.03,1
CHEMBL4073581,O=C(O)CCCOc1cccc(CNC(=O)c2nc3ccccc3c(=O)[nH]2)c1,8.03,1
CHEMBL4069824,CNC(=O)[C@@H](NC(=O)c1ccc(-c2ccc(CSc3nc4c(c(=O)[nH]3)CCC4)cc2)o1)C(C)C,8.03,1
CHEMBL4168115,CNC(=O)[C@@H](NC(=O)c1ccc(-c2ccc(CSc3nc4ccccc4c(=O)[nH]3)c(F)c2)o1)C(C)C,8.03,1
CHEMBL95693,CC#CCOc1ccc(S(=O)(=O)N2Cc3ccccc3N(C(=O)c3ccccc3)CC2C(=O)NO)cc1,8.02,1
CHEMBL370351,COc1cccc2oc(C(=O)Nc3ccc(-c4ccc(S(=O)(=O)N[C@H](C(=O)O)C(C)C)cc4)cc3)c(C)c12,8.02,2
CHEMBL493989,COc1ccc(-c2ccc(S(=O)(=O)N[C@@H](C(=O)O)C3CCN(S(=O)(=O)c4ccc(C)cc4)CC3)s2)cc1,8.02,2
CHEMBL559804,CC#Cc1cccc2oc(C(=O)Nc3ccc(-c4ccc(S(=O)(=O)N[C@H](C(=O)O)C(C)C)cc4)cc3)c(C)c12,8.02,1
CHEMBL1910461,Cc1cc(COc2ccc(-c3ccc(S(=O)(=O)N[C@@H](C(=O)O)C(C)C)cc3)cc2)c2ccccc2n1,8.02,1
CHEMBL1939846,CC(C)[C@@H]1C(=O)N(O)C(=O)CN1S(=O)(=O)c1ccc(Oc2ccccc2)cc1,8.02,1
CHEMBL115168,O=C(NO)C1(NS(=O)(=O)c2ccc(Oc3ccccc3Cl)cc2)CCOCC1,8.01,1
CHEMBL446694,Cc1ccccc1Oc1ccc(S(=O)(=O)[C@@H]2CCOC[C@]2(O)C(=O)NO)cc1,8.01,1
CHEMBL2409708,C[C@]1(CS(=O)(=O)N2CCC(Oc3ccc(OC(F)(F)C(F)(F)F)cc3)CC2)NC(=O)NC1=O,8.01,1
CHEMBL3359081,COc1cccc(CNC(=O)c2nc3cccc(SCCc4ccccc4)c3c(=O)[nH]2)c1,8.01,1
CHEMBL3359067,COc1cccc(CNC(=O)c2nc3ccc(-c4ccccc4)cc3c(=O)[nH]2)c1,8.01,1
CHEMBL267178,COc1ccc(S(=O)(=O)N(Cc2cccnc2)[C@@H](C(=O)NO)C(C)C)cc1,8.01,2
CHEMBL5172839,O=C(CS(=O)(=O)c1ccc(-c2ccccc2)cc1)NO,8.01,1
CHEMBL432307,C[C@H](NS(=O)(=O)c1ccc(-c2ccc(Br)cc2)cc1)C(=O)O,8.0,1
CHEMBL34418,COc1ccc(S(=O)(=O)N(Cc2cccnc2)c2c(C(=O)NO)cnc3onc(C)c23)cc1,8.0,2
CHEMBL329313,CN(C[C@H](C(=O)NO)[C@@H](CC1CCCC1)C(=O)N1CCCCC1)S(=O)(=O)c1ccc(Cl)cc1,8.0,2
CHEMBL77946,CNC(=O)[C@@H](NC(=O)C(CCc1ccccc1F)CP(=O)(O)Cc1ccc(Cc2ccccc2)cc1)C(C)(C)C,8.0,1
CHEMBL211770,CC#CCOc1ccc(S(=O)(=O)CC2(C(=O)NO)CCN(C(=O)c3cccs3)CC2)cc1,8.0,1
CHEMBL392308,CC(C)[C@H](C(=O)NO)N(Cc1ccccc1)S(=O)(=O)c1ccc(OCCI)cc1,8.0,1
CHEMBL236974,CC(C)[C@H](C(=O)NO)N(Cc1cccnc1)S(=O)(=O)c1ccc([N+](=O)[O-])cc1,8.0,1
CHEMBL235916,CC(C)[C@H](C(=O)NO)N(Cc1ccccc1)S(=O)(=O)c1ccc(N(C)C)cc1,8.0,1
CHEMBL494528,CCCOC(=O)Nc1ccc2oc3cc(S(=O)(=O)N[C@H](C(=O)O)C(C)C)ccc3c2c1,8.0,1
CHEMBL494529,CC(C)COC(=O)Nc1ccc2oc3cc(S(=O)(=O)N[C@H](C(=O)O)C(C)C)ccc3c2c1,8.0,1
CHEMBL523201,CC(C)[C@H](NS(=O)(=O)c1ccc2c(c1)oc1ccc(NC(=O)OCCF)cc12)C(=O)O,8.0,1
CHEMBL560837,COc1ccc(-c2ccc(S(=O)(=O)N(CC(=O)NO)OC(C)C)cc2)cc1,8.0,1
CHEMBL1223284,CNC(=O)[C@H](NC(=O)c1ccc(-c2cccc(CNC(=O)c3ccncn3)c2)o1)C1CCCCC1,8.0,1
CHEMBL1916830,CCCOc1ccc2cc(S(=O)(=O)N(CCC(C)C)[C@@H](C(=O)NO)C(C)C)ccc2c1,8.0,1
CHEMBL1940287,COc1ccc(CNC(=O)c2ccc(Oc3ccc(C#C[C@]4(O)CN5CCC4CC5)cc3)cc2)cc1OC,8.0,1
CHEMBL2064545,C#CCN([C@@H](C(=O)NO)C(C)C)S(=O)(=O)c1ccc(OC)cc1,8.0,1
CHEMBL3897970,Cc1cc(F)ccc1COc1ccc(S(=O)(=O)N2CC(=O)N[C@@H](C)[C@@H]2C(=O)NO)cc1,8.0,1
CHEMBL3955144,Cc1ccc(F)cc1COc1ccc(S(=O)(=O)N2CC(=O)N[C@@H](C)[C@@H]2C(=O)NO)cc1,8.0,1
CHEMBL5560900,O=C(O)CCCCOc1ccc(CC(=O)Nc2ccc3c(c2)C(=O)N(Cc2cccc(F)c2)C3=O)cc1,8.0,1
CHEMBL4176183,CNC(=O)[C@@H](NC(=O)c1csc(-c2ccc(CSc3nc4c(c(=O)[nH]3)CCC4)c(F)c2)n1)C(C)C,7.99,2
CHEMBL310649,COc1ccc(S(=O)(=O)N2CCCN(C(=O)N[C@@H](C)c3ccccc3)CC2C(=O)NO)cc1,7.98,1
CHEMBL272245,O=c1c2cc(C#CCc3ccccc3)ccc2ncn1Cc1cc(F)c(O)c(F)c1,7.98,2
CHEMBL511895,CC(C)(C)OC(=O)N1CCC([C@@H](NS(=O)(=O)c2ccc(-c3ccc(F)cc3)cc2)C(=O)O)CC1,7.97,2
CHEMBL1084024,O=C(C1CCN(c2ccc(S(=O)(=O)C3(C(=O)NO)CCOCC3)cc2)CC1)N1CCN(c2ccccn2)CC1,7.97,1
CHEMBL358405,C=C1C[C@H](C(=O)NO)N(S(=O)(=O)c2ccc(OCCOC)cc2)C1,7.96,1
CHEMBL312770,COc1ccc(S(=O)(=O)C2(C(=O)NO)CCN(CCCc3ccccc3)CC2)cc1,7.96,1
CHEMBL340771,N#Cc1ccc(-c2ccc(S[C@H]3CC[C@@H](Cn4nnc5ccccc5c4=O)[C@@H]3C(=O)O)cc2)cc1,7.96,1
CHEMBL328255,COc1ccc(S(=O)(=O)N2CCCN(C(=O)C(C)(C)C)CC2C(=O)NO)cc1,7.96,2
CHEMBL109833,C[C@@H]1NCCN(S(=O)(=O)c2ccc(OCc3ccccc3)cc2)[C@H]1C(=O)NO,7.96,1
CHEMBL76673,COc1ccc(S(=O)(=O)C(C)(Cc2ccccc2)C(=O)NO)cc1,7.96,1
CHEMBL80146,CCN(CC)COc1ccc(CC(C)(C(=O)NO)S(=O)(=O)c2ccc(Br)cc2)cc1,7.96,1
CHEMBL43113,Cc1ccc(-c2ccc(S(=O)(=O)N[C@H](C(=O)O)C(C)C)cc2)cc1,7.96,1
CHEMBL307079,COc1ccc(S(=O)(=O)N(Cc2cccnc2)c2c(C)cc(C)cc2C(=O)NO)cc1,7.96,1
CHEMBL114528,O=C(NO)C1(NS(=O)(=O)c2ccc(OCc3ccc(F)cc3)cc2)CCOCC1,7.96,1
CHEMBL77667,CCOc1ccccc1Cc1ccc(CP(=O)(O)CC(CCc2ccccc2)C(=O)N[C@H](C(=O)NC)C(C)(C)C)cc1,7.96,1
CHEMBL60179,COc1ccc(-c2ccc(S(=O)(=O)NC(C(=O)O)C3CCCC(N4CCOC4=O)C3)cc2)cc1,7.96,1
CHEMBL58834,COCCOC(=O)N(C)C1CCCC(C(NS(=O)(=O)c2ccc(-c3ccc(OC)cc3)cc2)C(=O)O)C1,7.96,1
CHEMBL100950,COc1ccc(S(=O)(=O)N(Cc2ccc(CN(C)C)cc2)c2c(C)cccc2C(=O)NO)cc1,7.96,1
CHEMBL180181,CC#CCOc1ccc(S(=O)(=O)N2CCSCCC2C(=O)NO)cc1,7.96,1
CHEMBL194430,Cc1c(C(=O)Nc2ccc(-c3ccc(S(=O)(=O)N[C@H](C(=O)O)C(C)C)cc3)cc2)oc2ccc(Cl)c(OC(C)C)c12,7.96,1
CHEMBL434187,CC#CCOc1ccc(S(=O)(=O)N2CCSC3(CCCC3)C2C(=O)NO)cc1,7.96,2
CHEMBL440945,C#CC#CCOc1ccc(S(=O)(=O)N2CCSC(C)(C)[C@@H]2C(=O)NO)cc1,7.96,1
CHEMBL429800,CC(C)[C@H](C(=O)NO)N(Cc1ccccc1)S(=O)(=O)c1ccc(OCCF)cc1,7.96,3
CHEMBL257480,O=C1[C@H](CS(=O)(=O)c2ccc(Oc3ccccc3)cc2)NCCCN1O,7.96,1
CHEMBL559413,COCCCc1cccc2oc(C(=O)Nc3ccc(-c4ccc(S(=O)(=O)N[C@H](C(=O)O)C(C)C)cc4)cc3)c(C)c12,7.96,1
CHEMBL1085263,COc1ccc(C2CCN(c3ccc(S(=O)(=O)C4(C(=O)NO)CCOCC4)cc3)CC2)c(OC)c1,7.96,1
CHEMBL1223059,CNC(=O)[C@H](NC(=O)c1ccc(-c2cccc(CNC(=O)c3ccc(C)o3)c2)o1)C1CCCCC1,7.96,1
CHEMBL1683443,C[C@@H](C[C@@H](CS(=O)(=O)N1CCN(c2ccc(F)cc2)CC1)N(O)C=O)c1ncc(F)cn1,7.96,1
CHEMBL1939876,CCOC(=O)c1cc2cc(-c3cc(C(=O)NCc4ccc(C(=O)O)cc4)nn3C)ccc2[nH]1,7.96,11
CHEMBL2311774,O=C1NC(=O)C(c2ccc(Oc3ccccc3)cc2)(N2CCCN(C(=O)CCC(=O)N3CCCN(C4(c5ccc(Oc6ccccc6)cc5)C(=O)NC(=O)NC4=O)CC3)CC2)C(=O)N1,7.96,1
CHEMBL3359059,COc1cccc(CNC(=O)c2nc3ccc(F)cc3c(=O)[nH]2)c1,7.96,1
CHEMBL3976588,COc1cccc(CNC(=O)C#Cc2cn(Cc3ccc(C(=O)O)cc3)c(=O)[nH]c2=O)c1,7.96,1
CHEMBL4437091,CCCCCc1ccc(C#Cc2ccc(C(=O)N3C[C@H](O)C[C@H]3C(=O)NO)cc2)cc1,7.96,1
CHEMBL5218895,CC(C)(O)CNS(=O)(=O)c1ccc(-c2ccc(CSc3nc4c(c(=O)[nH]3)CCC4)cc2)cc1,7.96,1
CHEMBL5272175,COc1ccc(S(=O)(=O)N(C)c2c(C)cc(Cc3ccc(CN(C)C)cc3)cc2C(=O)NO)cc1,7.96,1
CHEMBL494824,CCOc1ccc(-c2ccc(S(=O)(=O)N[C@@H](C(=O)O)C3CCN(S(=O)(=O)c4ccccc4)CC3)s2)cc1,7.95,2
CHEMBL468737,CC(C)OC(=O)N1CCC([C@@H](NS(=O)(=O)c2ccc(-c3ccc(N4CCCCC4)cc3)s2)C(=O)O)CC1,7.95,2
CHEMBL1083322,O=C(NO)C1(S(=O)(=O)c2ccc(N3CCC(c4ccccc4O)CC3)cc2)CCOCC1,7.95,1
CHEMBL1082370,O=C(NO)C1(S(=O)(=O)c2ccc(N3CCC(c4cccc5ccccc45)CC3)cc2)CCOCC1,7.94,1
CHEMBL1085264,COc1ccc(OC)c(C2CCN(c3ccc(S(=O)(=O)C4(C(=O)NO)CCOCC4)cc3)CC2)c1,7.94,1
CHEMBL2409711,C[C@]1(CS(=O)(=O)N2CCC(Oc3ccc(Cl)cc3)CC2)NC(=O)NC1=O,7.94,1
CHEMBL104021,COc1ccc(S(=O)(=O)N(CC(C)C)C(CCS(=O)(=O)Cc2ccccc2)C(=O)NO)cc1,7.93,1
CHEMBL248916,O=C1NC(=O)C2(CCCC(=O)N2c2ccc(Oc3ccc(F)cc3)nc2)C(=O)N1,7.93,1
CHEMBL5218777,O=c1[nH]c(SCc2ccc(-c3ccc(S(=O)(=O)NC[C@@H](O)CO)cc3)cc2)nc2c1CCC2,7.93,1
CHEMBL296911,COc1ccc(S(=O)(=O)N(CC(C)C)[C@@H](CCSCc2ccccc2)C(=O)NO)cc1,7.92,1
CHEMBL306635,COc1ccc(S(=O)(=O)C(C)(Cc2ccc(OCCN3CCCCCC3)cc2)C(=O)NO)cc1,7.92,1
CHEMBL76488,COc1ccc(S(=O)(=O)C(C)(C/C=C/c2ccccc2)C(=O)NO)cc1,7.92,1
CHEMBL306158,C#CCC(CC#C)(C(=O)NO)S(=O)(=O)c1ccc(OC)cc1,7.92,1
CHEMBL47076,O=C(O)C(CCS(=O)(=O)Cc1ccccc1)NS(=O)(=O)c1ccc(-c2ccc(Br)cc2)cc1,7.92,1
CHEMBL320402,COc1ccc(S(=O)(=O)N(CC(C)C)[C@H](CCSCc2ccccc2)C(=O)NO)cc1,7.92,1
CHEMBL104022,COc1ccc(S(=O)(=O)N(CC(C)C)C(CCSCc2ccccc2)C(=O)NO)cc1,7.92,2
CHEMBL100512,COc1ccc(S(=O)(=O)N(C)c2c(CN3CCN(C)CC3)cccc2C(=O)NO)cc1,7.92,1
CHEMBL183732,CC#CCOc1ccc(S(=O)(=O)N2Cc3ccc(CNC(C)=O)cc3N(C(C)=O)CC2C(=O)NO)cc1,7.92,1
CHEMBL28646,O=C(NO)[C@H]1C[C@@H](O)CCN1S(=O)(=O)c1ccc(OCc2ccccc2Cl)cc1,7.92,1
CHEMBL370129,CC#CCOc1ccc(S(=O)(=O)N2CCSCC2C(=O)NO)cc1,7.92,2
CHEMBL375818,CCOCCC1(Oc2ccc(Oc3ccc(-c4nnc(-c5ccccc5)o4)cc3)cc2)C(=O)NC(=O)NC1=O,7.92,1
CHEMBL375319,CCCCCCC(C(=O)NO)S(=O)(=O)c1ccc(OC)cc1,7.92,1
CHEMBL249122,CN1CC2(C(=O)NC(=O)NC2=O)N(c2ccc(Oc3ccc(F)cc3)nc2)C1=O,7.92,1
CHEMBL572780,COc1ccc(-c2ccc(S(=O)(=O)c3ccccc3C(C)C(=O)NO)cc2)cc1,7.92,1
CHEMBL1910475,CC(Oc1ccc(-c2ccc(S(=O)(=O)N[C@@H](C(=O)O)C(C)C)cc2)cc1)c1cccc(C(F)(F)F)c1,7.92,1
CHEMBL1916655,CC(C)CCN([C@@H](C(=O)NO)C1CCOCC1)S(=O)(=O)c1ccc2ccccc2c1,7.92,1
CHEMBL1916837,CC(C)CCN([C@@H](C(=O)NO)C(C)C)S(=O)(=O)c1ccc2ncccc2c1,7.92,1
CHEMBL3337878,COc1cccc(CNC(=O)c2nc3csc(C)c3c(=O)[nH]2)c1,7.92,1
CHEMBL3337869,COc1cccc(CNC(=O)c2nc3ccccc3c(=O)[nH]2)c1,7.92,3
CHEMBL4100008,O=c1[nH]c(SCc2ccc(-c3ccc(S(=O)(=O)NCCO)cc3)cc2)nc2c1CCC2,7.92,2
CHEMBL5429762,CC(C)[C@@H](NS(=O)(=O)c1ccc(-c2nc(-c3ccc(Cn4cc(CCCF)nn4)s3)no2)cc1)C(=O)O,7.92,1
CHEMBL5412452,Cc1cc(CNC(=O)c2nc3ccc(F)c(OCCc4ccc(O)cc4)c3c(=O)[nH]2)ccc1F,7.92,1
CHEMBL309465,O=C(NO)c1c(F)cccc1S(=O)(=O)N1CCC(Oc2ccc(C(F)(F)F)cc2)CC1,7.91,1
CHEMBL511433,CCOc1ccc(-c2ccc(S(=O)(=O)N[C@@H](C(=O)O)C3CCN(C(=O)OCC(C)(C)C)CC3)s2)cc1,7.91,2
CHEMBL1083586,Cc1ccc(N2CCN(C(=O)C3CCN(c4ccc(S(=O)(=O)C5(C(=O)NO)CCOCC5)cc4)CC3)CC2)c(C)c1,7.91,1
CHEMBL2337130,O=C(NO)c1cccc(F)c1S(=O)(=O)N1CCC(Oc2ccc(C(F)(F)F)cc2)CC1,7.91,1
CHEMBL5219237,O=c1[nH]c(SCc2ccc(-c3ccc(S(=O)(=O)NC[C@H](O)CO)cc3)cc2)nc2c1CCC2,7.91,1
CHEMBL271997,O=C(O)c1ccc(Cn2cnc3cnc(C(=O)NCc4ccc(F)cc4)cc3c2=O)cc1,7.9,2
CHEMBL512237,COc1ccc(-c2ccc(S(=O)(=O)N[C@@H](C(=O)O)C3CCN(C(=O)NC(C)(C)C)CC3)s2)cc1,7.9,2
CHEMBL1940278,C[C@@H](NC(=O)c1ccc(Oc2ccc(C#C[C@]3(O)CN4CCC3CC4)cc2)cc1)c1ccncc1,7.9,1
CHEMBL5220833,NC1CCCC(NS(=O)(=O)c2ccc(-c3ccc(CSc4nc5c(c(=O)[nH]4)CCC5)cc3)cc2)C1,7.9,1
CHEMBL337946,CSc1ccc(-c2ccc(S[C@H]3CC[C@@H](Cn4nnc5ccccc5c4=O)[C@@H]3C(=O)O)cc2)cc1,7.89,1
CHEMBL75641,COc1ccc(S(=O)(=O)C(Cc2cccnc2)(CC(C)C)C(=O)NO)cc1,7.89,1
CHEMBL291133,O=C(NCCCC[C@H](NS(=O)(=O)c1ccc(-c2ccc(Br)cc2)cc1)C(=O)O)OCc1ccccc1,7.89,1
CHEMBL115666,O=C(NO)C1(NS(=O)(=O)c2ccc(Oc3ccccn3)cc2)CCOCC1,7.89,1
CHEMBL77128,CCc1ccccc1Cc1ccc(CP(=O)(O)CC(CCc2ccccc2)C(=O)N[C@H](C(=O)NC)C(C)(C)C)cc1,7.89,1
CHEMBL77567,CNC(=O)[C@@H](NC(=O)C(CCc1ccc(F)cc1)CP(=O)(O)Cc1ccc(Cc2ccccc2)cc1)C(C)(C)C,7.89,1
CHEMBL61017,COc1ccc(-c2ccc(S(=O)(=O)NC(C(=O)O)C3CCCC4(C3)OCCO4)cc2)cc1,7.89,1
CHEMBL432871,COc1ccc(-c2ccc(S(=O)(=O)N[C@H](C(=O)O)[C@@H]3CCCC4(C3)OCCO4)cc2)cc1,7.89,1
CHEMBL360704,O=C(NO)[C@@]1(O)COCC[C@H]1S(=O)(=O)c1ccc(OCc2cc(Cl)ccc2Cl)cc1,7.89,1
CHEMBL377272,CC#CCOc1ccc(S(=O)(=O)CC2(C(=O)NO)CCN(C(=O)CCOC)CC2)cc1,7.89,1
CHEMBL374377,CC(C)[C@H](NS(=O)(=O)c1ccc(-c2ccc(F)cc2)cc1)P(=O)(O)O,7.89,1
CHEMBL562003,Cc1c(C(=O)Nc2ccc(-c3ccc(S(=O)(=O)N[C@H](C(=O)O)C(C)C)cc3)cc2)oc2cccc(NS(C)(=O)=O)c12,7.89,1
CHEMBL554512,CC(O)[C@H](NS(=O)(=O)c1ccc(-c2ccc(NC(=O)c3cc4c(NS(C)(=O)=O)cccc4o3)cc2)cc1)C(=O)O,7.89,1
CHEMBL1916831,CC(C)CCN([C@@H](C(=O)NO)C(C)C)S(=O)(=O)c1ccc2cc(OCC(C)C)ccc2c1,7.89,1
CHEMBL4080183,COc1cc(CNC(=O)C#Cc2cn(Cc3ccc(S(=O)(=O)NC4CC4)cc3)c(=O)[nH]c2=O)ccc1F,7.89,2
CHEMBL4168477,CC(C)[C@H](NC(=O)c1ccc(-c2ccc(CSc3nc4c(c(=O)[nH]3)CCC4)cc2)o1)C(=O)NCCN,7.89,1
CHEMBL4169179,CNC(=O)[C@@H](NC(=O)c1ccc(-c2ccc(CSc3nc4scc(C)c4c(=O)[nH]3)c(F)c2)o1)C(C)C,7.89,1
CHEMBL271867,COc1ccc(Oc2ccc(S(=O)(=O)Cc3cccn(O)c3=O)cc2)cc1,7.87,1
CHEMBL79267,COc1ccc(-c2ccc(S(=O)(=O)NC(C(=O)O)C3CCN(C(=O)CC(C)C)CC3)cc2)cc1,7.86,2
CHEMBL2409697,C[C@]1(CS(=O)(=O)N2CCN(c3ncc(OCc4ccc(S(C)(=O)=O)cc4)cn3)CC2)NC(=O)NC1=O,7.86,1
CHEMBL28389,CNC(=O)[C@H](NC(=O)C(CCc1ccccc1)CP(=O)(O)Cc1ccc(Cc2ccccc2)cc1)C(C)(C)C,7.85,1
CHEMBL276016,COc1ccc(-c2ccc(S(=O)(=O)NC(C(=O)O)[C@@H](C#Cc3ccccc3)OCc3ccccc3)cc2)cc1,7.85,2
CHEMBL307252,COc1ccc(S(=O)(=O)C(Cc2ccc3ccccc3c2)C(=O)NO)cc1,7.85,1
CHEMBL311304,COc1ccc(S(=O)(=O)C(C)(CC=C(C)C)C(=O)NO)cc1,7.85,1
CHEMBL316978,CC(C)CN(C(CCSCc1ccccc1)C(=O)NO)S(=O)(=O)c1ccc(Br)cc1,7.85,1
CHEMBL113705,O=C(NO)C1(NS(=O)(=O)c2ccc(Oc3cc(F)ccn3)cc2)CCOCC1,7.85,1
CHEMBL100280,COc1ccc(S(=O)(=O)N(C)c2c(CN3CCOCC3)cccc2C(=O)NO)cc1,7.85,1
CHEMBL190563,Cc1ccccc1COc1ccc(S(=O)(=O)N2C[C@H](O)CC(C)(C)[C@@H]2C(=O)NO)cc1,7.85,1
CHEMBL206481,CC#CCOc1ccc(S(=O)(=O)N2C[C@H](CNS(C)(=O)=O)SC(C)(C)[C@@H]2C(=O)NO)cc1,7.85,1
CHEMBL202806,CC1(C)SCCN(S(=O)(=O)c2ccc(OCC#CCCO)cc2)[C@H]1C(=O)NO,7.85,1
CHEMBL211726,CC#CCOc1ccc(S(=O)(=O)CC2(C(=O)NO)CCN(C(=O)c3ccccc3C)CC2)cc1,7.85,1
CHEMBL559805,CC(C)[C@H](NS(=O)(=O)c1ccc(-c2ccc(NC(=O)c3cc4c(C#N)cccc4o3)cn2)cc1)C(=O)O,7.85,1
CHEMBL2409695,C[C@]1(CS(=O)(=O)N2CCN(c3ncc(OCc4ccc(F)cc4)cn3)CC2)NC(=O)NC1=O,7.85,1
CHEMBL3337879,COc1cccc(CNC(=O)c2nc3c(cc(C)n3C)c(=O)[nH]2)c1,7.85,1
CHEMBL129795,O=C(/C=C/c1ccc(O)cc1)c1ccc(O)cc1O,7.85,1
CHEMBL5278204,COc1ccc(S(=O)(=O)N(C)c2c(CN3CCOCC3)cc(C)cc2C(=O)NO)cc1,7.85,1
CHEMBL4169181,CC(C)[C@@H](NC(=O)c1ccc(-c2ccc(CSc3nc4c(c(=O)[nH]3)CCC4)cc2)o1)C(=O)NCCN,7.84,1
CHEMBL4081325,COc1cc(CNC(=O)C#Cc2cn(Cc3ccc(C(=O)N[C@@H](CO)C(=O)O)cc3)c(=O)[nH]c2=O)ccc1F,7.83,2
CHEMBL5219770,O=c1[nH]c(SCc2ccc(-c3ccc(S(=O)(=O)N[C@@H]4CCCC[C@H]4O)cc3)cc2)nc2c1CCC2,7.83,1
CHEMBL125104,O=C(O)[C@H]1[C@H](CN2C(=O)c3ccccc3C2=O)CC[C@@H]1SCc1ccc(-c2ccccc2)cc1,7.82,1
CHEMBL331834,COc1ccc(S(=O)(=O)N(Cc2ccccc2)c2c(C)cc(C)cc2C(=O)NO)cc1,7.82,1
CHEMBL76674,CCN(CC)CCOc1ccc(CC(C)(C(=O)NO)S(=O)(=O)c2ccc(OC)cc2)cc1,7.82,1
CHEMBL427138,CCOCCC1(Oc2ccc(Oc3ccc(C4NC=NN4)cc3)cc2)C(=O)NC(=O)C(N)C1=O,7.82,1
CHEMBL183886,O=C(NO)[C@@]1(O)COCC[C@H]1S(=O)(=O)c1ccc(OCc2cccc(Cl)c2Cl)cc1,7.82,1
CHEMBL227501,Cc1cccc(-c2ccc(S(=O)(=O)N[C@@H](C(C)C)P(=O)(O)O)cc2)c1,7.82,1
CHEMBL248918,O=C1NC(=O)C2(CNC(=O)N2c2ccc(Oc3ccc(F)cc3)nc2)C(=O)N1,7.82,1
CHEMBL467891,CC(C)[C@@H](NS(=O)(=O)c1ccc(-c2ccc(COc3ccc(C(=O)C4CCCCC4)cc3)cc2)cc1)C(=O)O,7.82,1
CHEMBL561036,CCCCOc1ccc(-c2ccc(S(=O)(=O)N(CC(=O)NO)OC(C)C)cc2)cc1,7.82,1
CHEMBL541703,Cc1c(C(=O)Nc2ccc(-c3ccc(S(=O)(=O)N[C@H](C(=O)O)C(C)C)cc3)cc2)oc2cccc(-c3ccccc3)c12,7.82,1
CHEMBL1916649,CC(C)[C@H](C(=O)NO)N(Cc1cccnc1)S(=O)(=O)c1ccc2ccccc2c1,7.82,1
CHEMBL5183245,CC(C)C[C@H](NC(=O)[C@H](C)NC(=O)[C@H](CC(=O)O)NC(=O)[C@H](CC(N)=O)NC(=O)CCCNS(=O)(=O)c1ccc(Oc2ccccc2)cc1)C(=O)N(C)[C@@H](CC(C)C)C(=O)N1CCC[C@H]1CC(N)=O,7.82,1
CHEMBL5564283,O=C(NO)[C@@H](Cc1ccccc1)NS(=O)(=O)c1ccc(-n2cc(CCN3C(=O)C4C=CC(Br)=CC4C3=O)nn2)cc1,7.82,1
CHEMBL88559,COc1ccc(S(=O)(=O)N2CCCN(C(=O)CNC(=O)OC(C)(C)C)CC2C(=O)NO)cc1,7.8,1
CHEMBL10671,CSc1ccc(-c2ccc(S(=O)(=O)NC(CC#Cc3ccccc3)C(=O)O)cc2)cc1,7.8,2
CHEMBL310338,CCOc1ccc(S(=O)(=O)C(C)(Cc2ccc(OCCN(CC)CC)cc2)C(=O)NO)cc1,7.8,1
CHEMBL46830,CC(C)[C@H](NS(=O)(=O)c1ccc(-c2ccc(C=O)cc2)cc1)C(=O)O,7.8,1
CHEMBL42420,CC(C)[C@@H](NS(=O)(=O)c1ccc(-c2ccc(Br)cc2)cc1)C(=O)O,7.8,1
CHEMBL34660,COc1ccc(S(=O)(=O)N(Cc2ccccc2)c2c(C(=O)NO)cnc3c(C(C)(C)C)cccc23)cc1,7.8,1
CHEMBL300375,COCCOC(=O)N(Cc1ccccc1)C1CCCC(C(NS(=O)(=O)c2ccc(-c3ccc(OC)cc3)cc2)C(=O)O)C1,7.8,1
CHEMBL253904,COc1ccc(S(=O)(=O)N2CCCN(C(=O)CNOC(=O)C(C)(C)C)CC2C(=O)NO)cc1,7.8,1
CHEMBL1946143,O=C1NC(=O)C(c2ccc(Oc3ccccc3)cc2)(N2CCN(CCOCCOCCOCCNC(=O)c3ccc(F)cc3)CC2)C(=O)N1,7.8,1
CHEMBL3337880,COc1cccc(CNC(=O)c2nc3oc(C)c(C)c3c(=O)[nH]2)c1,7.8,1
CHEMBL3359084,COc1cccc(CNC(=O)c2nc3cccc(CN(C)Cc4ccccc4)c3c(=O)[nH]2)c1,7.8,1
CHEMBL5191820,CC[C@H](C)[C@@H](C(=O)N1CCC[C@H]1C(N)=O)N(C)C(=O)[C@H](CC(C)C)NC(=O)[C@H](C)NC(=O)[C@H](CC(=O)O)NC(=O)[C@H](CC(N)=O)NC(=O)CCCNS(=O)(=O)c1ccc(Oc2ccccc2)cc1,7.8,1
CHEMBL5281827,COc1ccc(S(=O)(=O)N(Cc2ccccc2)c2c(C(=O)NO)ccc3c(C(C)(C)C)cccc23)cc1,7.8,1
CHEMBL5400294,Cc1cc(CNC(=O)c2nc3ccc(F)c(OCCF)c3c(=O)[nH]2)ccc1F,7.8,1
CHEMBL105535,COc1ccc(S(=O)(=O)N(CC(C)C)C(CCSCc2cccnc2)C(=O)NO)cc1,7.79,1
CHEMBL409111,O=C(O)c1ccc(Cn2cnc3cnc(C(=O)NCc4ccc(Cl)cc4)cc3c2=O)cc1,7.78,2
CHEMBL313168,COc1ccc(S(=O)(=O)N2CCCN(C(=O)Nc3ccccc3)CC2C(=O)NO)cc1,7.77,2
CHEMBL327002,Cc1cc(C)c(N(Cc2ccccc2)S(=O)(=O)c2ccc(OCCNC(=O)c3cc4ccccc4o3)cc2)c(C(=O)NO)c1,7.77,1
CHEMBL109326,CC(=O)N1CCN(S(=O)(=O)c2ccc(OCc3ccnc4ccccc34)cc2)[C@@H](C(=O)NO)[C@@H]1C,7.77,1
CHEMBL102698,COc1ccc(S(=O)(=O)N2CC(C)(C)C(CSCCc3ccccc3)[C@@H]2C(=O)NO)cc1,7.77,1
CHEMBL114378,COc1ccc(S(=O)(=O)NC(C)(C)C(=O)NO)cc1,7.77,1
CHEMBL307494,CNC(=O)[C@@H](NC(=O)C(CCc1ccccc1)CP(=O)(O)Cc1ccc(Cc2ccccc2Cl)cc1)C(C)(C)C,7.77,1
CHEMBL59104,COCCOC(=O)NC1CCC([C@@H](NS(=O)(=O)c2ccc(-c3ccc(OC)cc3)cc2)C(=O)O)CC1,7.77,1
CHEMBL2115084,COc1ccc(-c2ccc(S(=O)(=O)N[C@H](C(=O)O)[C@H]3CCCC4(C3)OCCO4)cc2)cc1,7.77,1
CHEMBL342570,COc1ccc(S(=O)(=O)N2C[C@@H](N(Cc3cccnc3)C(=O)C(C)C)C[C@@H]2C(=O)NO)cc1,7.77,1
CHEMBL181208,CC#CCOc1ccc(S(=O)(=O)N2CCN(CC)CCC2C(=O)NO)cc1,7.77,2
CHEMBL184007,CC#CCOc1ccc(S(=O)(=O)N2Cc3cc(N(C)C)ccc3N(C(C)=O)CC2C(=O)NO)cc1,7.77,1
CHEMBL359969,CC#CCOc1ccc(S(=O)(=O)N2Cc3ccc(CN4CCNCC4)cc3N(C(C)=O)CC2C(=O)NO)cc1,7.77,1
CHEMBL184522,Cc1ccc(COc2ccc(S(=O)(=O)[C@@H]3CCOC[C@]3(O)C(=O)NO)cc2)c(C)c1,7.77,1
CHEMBL198254,Cc1c(C(=O)Nc2ccc(-c3ccc(S(=O)(=O)N[C@@H](C(=O)O)C(C)C)cc3)cc2)oc2ccccc12,7.77,1
CHEMBL382585,CC1(C)SCCN(S(=O)(=O)c2ccc(OCC#CCCCCO)cc2)[C@H]1C(=O)NO,7.77,1
CHEMBL468095,CCOC(=O)N1CCC([C@@H](NS(=O)(=O)c2ccc(-c3ccc(OCC)cc3)s2)C(=O)O)CC1,7.77,2
CHEMBL568025,CNC(=O)[C@@H](NC(=O)c1ccc(-c2ccc(NC(=O)c3cccc(C)n3)cc2)o1)C1CCCCC1,7.77,1
CHEMBL4105299,N[C@@H]1CCCC[C@H]1NS(=O)(=O)c1ccc(-c2ccc(CSc3nc4c(c(=O)[nH]3)CCC4)cc2)cc1,7.77,1
CHEMBL4633293,COc1ccc(CC2(CCCCCCC(F)CF)C(=O)NC(=O)NC2=O)cc1,7.77,1
CHEMBL5220816,N[C@H]1CCCC[C@@H]1NS(=O)(=O)c1ccc(-c2ccc(CSc3nc4c(c(=O)[nH]3)CCC4)cc2)cc1,7.77,1
CHEMBL290377,CNC(=O)[C@@H](NC(=O)C(CCc1ccccc1)CP(=O)(O)Cc1ccc(Cc2ccccc2)cc1)C(C)(C)C,7.76,2
CHEMBL1084220,COc1ccccc1C1CCN(c2ccc(S(=O)(=O)C3(C(=O)NO)CCOCC3)cc2)CC1,7.76,1
CHEMBL2092878,CCCC[C@@H](CC(=O)NO)S(=O)(=O)c1ccccc1,7.75,1
CHEMBL328751,CC#CCOc1ccc(S(=O)(=O)N[C@@H](C(=O)NO)C(C)C)cc1,7.75,1
CHEMBL71645,COc1ccc(-c2ccc(S(=O)(=O)N(Cc3cccnc3)c3c(C)cccc3C(=O)NO)cc2)cc1,7.75,2
CHEMBL310270,CNC(=O)[C@@H](NC(=O)C(CCc1ccccc1)CP(=O)(O)Cc1ccc(Cc2ccccc2F)cc1)C(C)(C)C,7.75,1
CHEMBL173539,COC(=O)C(S)CCS(=O)(=O)c1ccc(OC)cc1,7.75,1
CHEMBL362194,CCOCCC1(Oc2ccc(Oc3ccc(-c4cocn4)cc3)cc2)C(=O)NC(=O)C(N)C1=O,7.75,1
CHEMBL2096852,CCCCCC[C@@H](C(=O)NO)[S@@+]([O-])c1ccc(OC)cc1,7.75,1
CHEMBL1083584,COc1ccccc1N1CCN(C(=O)C2CCN(c3ccc(S(=O)(=O)C4(C(=O)NO)CCOCC4)cc3)CC2)CC1,7.75,1
CHEMBL1916652,CC(C)[C@H](C(=O)NO)N(CCN1CCOCC1)S(=O)(=O)c1ccc2ccccc2c1,7.75,1
CHEMBL2064543,COc1ccc(S(=O)(=O)N(Cc2ccc(OCCOCCOCCOCCOCc3cn([C@@H]4O[C@H](CO)[C@@H](O)[C@H](O)[C@H]4F)nn3)cc2)[C@@H](C(=O)NO)C(C)C)cc1,7.75,1
CHEMBL2337696,O=C(CCNS(=O)(=O)c1ccc(Oc2ccccc2)cc1)NO,7.75,1
CHEMBL2409674,Cc1cc(COc2cnc(N3CCN(S(=O)(=O)C[C@@]4(C)NC(=O)NC4=O)CC3)nc2)on1,7.75,1
CHEMBL4081049,N[C@H]1CCCC[C@H]1NS(=O)(=O)c1ccc(-c2ccc(CSc3nc4c(c(=O)[nH]3)CCC4)cc2)cc1,7.75,1
CHEMBL4161070,CNC(=O)[C@@H](NC(=O)c1coc(-c2ccc(CSc3nc4c(c(=O)[nH]3)CCC4)cc2)n1)C(C)C,7.75,1
CHEMBL5219839,N[C@@H]1CCCC[C@@H]1NS(=O)(=O)c1ccc(-c2ccc(CSc3nc4c(c(=O)[nH]3)CCC4)cc2)cc1,7.75,1
CHEMBL2114153,COc1ccc(S(=O)(=O)[C@](C)(Cc2ccc(OCCN3CCCCC3)cc2)C(=O)NO)cc1,7.74,2
CHEMBL105962,COc1ccc(S(=O)(=O)N2CC(C)(C)C([C@@H](O)CSc3ccccc3)[C@@H]2C(=O)NO)cc1,7.74,1
CHEMBL344453,COc1ccc(S(=O)(=O)N2CCS(=O)(=O)CC2C(=O)NO)cc1,7.74,1
CHEMBL1083291,C[C@@H]1COC[C@H](C)N1C(=O)C1CCN(c2ccc(S(=O)(=O)C3(C(=O)NO)CCOCC3)cc2)CC1,7.74,1
CHEMBL2409699,CCOc1ccc(OC2CCN(S(=O)(=O)C[C@@]3(C)NC(=O)NC3=O)CC2)cc1,7.74,1
CHEMBL4167912,CNC(=O)[C@@H](NC(=O)c1ccc(-c2ccc(CCc3nc4c(c(=O)[nH]3)CCC4)c(F)c2)o1)C(C)C,7.73,1
CHEMBL112232,Cc1ccccc1COc1ccc(S(=O)(=O)N2CCN[C@@H](C)[C@@H]2C(=O)NO)cc1,7.72,1
CHEMBL75702,COc1ccc(S(=O)(=O)C(C)(Cc2ccc(OCCN(C(C)C)C(C)C)cc2)C(=O)NO)cc1,7.72,1
CHEMBL445894,CNC(=O)[C@@H](NC(=O)C(CCc1cccc(F)c1)CP(=O)(O)Cc1ccc(Cc2ccccc2)cc1)C(C)(C)C,7.72,1
CHEMBL115877,O=C(NO)C1(NS(=O)(=O)c2ccc(OCc3ccccc3F)cc2)CCOCC1,7.72,1
CHEMBL320383,CCN(CC)CC#CCN(c1c(C)cccc1C(=O)NO)S(=O)(=O)c1ccc(OC)cc1,7.72,1
CHEMBL183697,CCOCCC1(Oc2ccc(Oc3cccc(C)c3)cc2)C(=O)NC(=O)C(N)C1=O,7.72,1
CHEMBL182534,CCOCCC1(Oc2ccc(Oc3ccc(C(N)=O)cc3)cc2)C(=O)NC(=O)C(N)C1=O,7.72,1
CHEMBL365892,CC#CCOc1ccc(S(=O)(=O)N2Cc3ccccc3N(C(=O)c3cccnc3)CC2C(=O)NO)cc1,7.72,1
CHEMBL190686,CC1(C)C[C@@H](O)CN(S(=O)(=O)c2ccc(OCc3ccncc3Cl)cc2)[C@H]1C(=O)NO,7.72,1
CHEMBL561625,CC(C)CN(CC(=O)NO)S(=O)(=O)c1ccc(-c2ccccc2)cc1,7.72,2
CHEMBL550350,CC(C)ON(CC(=O)NO)S(=O)(=O)c1ccc(-c2ccc(OCc3ccc(Cl)cc3)cc2)cc1,7.72,1
CHEMBL538453,Cc1c(C(=O)Nc2ccc(-c3ccc(S(=O)(=O)N[C@H](C(=O)O)C(C)C)cc3)cc2)oc2cccc(Oc3ccccc3)c12,7.72,1
CHEMBL2337691,O=C(CNS(=O)(=O)c1ccc(OCc2ccccc2)cc1)NO,7.72,1
CHEMBL45162,COc1ccc(S(=O)(=O)N(CC(C)C)[C@@H](CCSCc2ccc(OCc3ccccc3)cc2)C(=O)NO)cc1,7.7,1
CHEMBL111862,CC(=O)N1CCN(S(=O)(=O)c2ccc(OCc3cc(F)cc(F)c3)cc2)[C@@H](C(=O)NO)[C@@H]1C,7.7,1
CHEMBL92927,CC#CCOc1ccc(S(=O)(=O)N(CC(=O)NO)Cc2cccnc2)cc1,7.7,1
CHEMBL71725,COc1ccc(S(=O)(=O)N(Cc2cccnc2)c2c(C)cc(Br)cc2C(=O)NO)cc1,7.7,1
CHEMBL33980,COc1ccc(S(=O)(=O)N(Cc2cccnc2)c2c(C(=O)NO)cnc3c2cnn3-c2ccccc2)cc1,7.7,1
CHEMBL104722,COc1ccc(S(=O)(=O)N(CC(C)C)C(CCSCc2ccc(OCc3ccccc3)cc2)C(=O)NO)cc1,7.7,1
CHEMBL329298,COc1ccc(S(=O)(=O)N(C)C[C@H](C(=O)NO)[C@@H](CC2CCCC2)C(=O)N2CCOCC2)cc1,7.7,2
CHEMBL328162,COc1ccc(S(=O)(=O)N(C)C[C@H](C(=O)NO)[C@@H](CC2CCCC2)C(=O)N2CCCCC2)cc1,7.7,2
CHEMBL318922,COc1ccc(S(=O)(=O)N(Cc2ccc(N3CCN(C)CC3)cc2)c2c(C)cccc2C(=O)NO)cc1,7.7,1
CHEMBL178732,CC#CCOc1ccc(S(=O)(=O)N2CCN(C(=O)CC)CCC2C(=O)NO)cc1,7.7,2
CHEMBL185375,CC#CCOc1ccc(S(=O)(=O)N2Cc3ccccc3N(C(=O)c3cnccn3)CC2C(=O)NO)cc1,7.7,1
CHEMBL183924,CC#CCOc1ccc(S(=O)(=O)N2Cc3ccc(CO)cc3N(C(C)=O)CC2C(=O)NO)cc1,7.7,2
CHEMBL373261,O=C(O)C1Cc2ccccc2CN1S(=O)(=O)CCc1ccc(-c2ccc(Cl)cc2)cc1,7.7,1
CHEMBL1084207,O=C(NO)C1(S(=O)(=O)c2ccc(N3CCN(c4cccc(C(F)(F)F)c4)CC3)cc2)CCOCC1,7.7,1
CHEMBL1083337,CN(Cc1ccccc1)C(=O)C1CCN(c2ccc(S(=O)(=O)C3(C(=O)NO)CCN(C4CC4)CC3)cc2)CC1,7.7,1
CHEMBL1940279,O=C(NCc1ccnc2ccccc12)c1ccc(Oc2ccc(C#C[C@]3(O)CN4CCC3CC4)cc2)cc1,7.7,1
CHEMBL3954431,Cc1ccccc1COc1ccc(S(=O)(=O)N2CCN(C(=O)CN)[C@@H](C)[C@@H]2C(=O)NO)cc1,7.7,1
CHEMBL3895305,CCc1ccccc1COc1ccc(S(=O)(=O)N2CCN(C(=O)NC)[C@@H](C)[C@@H]2C(=O)NO)cc1,7.7,1
CHEMBL3968787,Cc1ccc(Cl)cc1COc1ccc(S(=O)(=O)N2C[C@H](O)CC(C)(C)[C@@H]2C(=O)NO)cc1,7.7,1
CHEMBL4162629,CC(C)[C@@H](NC(=O)c1ccc(-c2ccc(CSc3nc4c(c(=O)[nH]3)CCC4)c(F)c2)o1)C(=O)NC1CNC1,7.7,1
CHEMBL513645,CCCCS(=O)(=O)N1CCC([C@@H](NS(=O)(=O)c2ccc(-c3ccc(OCC)cc3)s2)C(=O)O)CC1,7.69,2
CHEMBL18614,COc1ccc(S(=O)(=O)N(C)c2c(C)cc(Br)cc2C(=O)NO)cc1,7.68,3
CHEMBL10454,COc1ccc(-c2ccc(S(=O)(=O)NC(CC#Cc3ccccc3)C(=O)O)cc2)cc1,7.68,3
CHEMBL43276,O=C(O)[C@H](Cc1ccccc1)NS(=O)(=O)c1ccc(-c2ccc(Br)cc2)cc1,7.68,1
CHEMBL61354,COc1ccc(-c2ccc(S(=O)(=O)N[C@@H](C(=O)O)C3CCC(NCc4ccccc4)CC3)cc2)cc1,7.68,1
CHEMBL294405,CO/N=C1/CCCC(C(NS(=O)(=O)c2ccc(-c3ccc(OC)cc3)cc2)C(=O)O)C1,7.68,1
CHEMBL293854,COc1ccc(-c2ccc(S(=O)(=O)N[C@@H](C(=O)O)[C@H]3CC[C@H](N(C)C(=O)N4CCOCC4)CC3)cc2)cc1,7.68,1
CHEMBL124681,COc1ccc(S(=O)(=O)N2CCN(C)CC2C(=O)NO)cc1,7.68,1
CHEMBL338453,COc1ccc(S(=O)(=O)N2CCN(C(=O)c3snnc3C)CC2C(=O)NO)cc1,7.68,1
CHEMBL180130,CC#CCOc1ccc(S(=O)(=O)N2CCN(C)CCC2C(=O)NO)cc1,7.68,2
CHEMBL183735,CC#CCOc1ccc(S(=O)(=O)N2Cc3cc(N4CCN(C)CC4)ccc3N(C(C)=O)CC2C(=O)NO)cc1,7.68,1
CHEMBL183935,Cc1ccccc1COc1ccc(S(=O)(=O)[C@@H]2CCOC[C@]2(O)C(=O)NO)cc1,7.68,1
CHEMBL252463,COc1ccc(S(=O)(=O)N2CCN(C(=O)c3nnsc3C)CC2C(=O)NO)cc1,7.68,1
CHEMBL1946276,CN(Cc1cn(CCOCCOCCOCCN2CCN(C3(c4ccc(Oc5ccccc5)cc4)C(=O)NC(=O)NC3=O)CC2)nn1)S(=O)(=O)c1ccc(F)cc1,7.68,1
CHEMBL2409710,C[C@]1(CS(=O)(=O)N2CCC(Oc3ccc(C(F)(F)F)cc3)CC2)NC(=O)NC1=O,7.68,1
CHEMBL5198135,CC(C)C[C@H](NC(=O)[C@H](C)NC(=O)[C@H](CC(=O)O)NC(=O)[C@H](CC(N)=O)NC(=O)CCCNS(=O)(=O)c1ccc(Oc2ccccc2)cc1)C(=O)N(C)[C@H](C(=O)N1CCC[C@H]1C(N)=O)C(C)C,7.68,1
CHEMBL5182207,CC[C@H](C)[C@@H](C(=O)N1CCC[C@H]1CC(N)=O)N(C)C(=O)[C@H](CC(C)C)NC(=O)[C@H](C)NC(=O)[C@H](CC(=O)O)NC(=O)[C@H](CC(N)=O)NC(=O)CCCNS(=O)(=O)c1ccc(Oc2ccccc2)cc1,7.68,1
CHEMBL6133481,C[C@H](NC(=O)[C@H](CO)NC(=O)[C@@H]1COCc2cn(nn2)CCCC[C@H](N)C(=O)N[C@@H](Cc2ccc(-c3ccc(OC(F)(F)F)cc3)cc2)C(=O)N1)C(=O)O,7.68,1
CHEMBL377317,CC#CCOc1ccc(S(=O)(=O)CC2(C(=O)NO)CCN(C(=O)c3ccncc3)CC2)cc1,7.67,2
CHEMBL408646,O=C(O)c1ccc(Cn2cnc3ccc(C#CCn4ccnc4)cc3c2=O)cc1,7.67,2
CHEMBL5831615,CC(CC1(CCNC(=O)OC(C)(C)C)NC(=O)NC1=O)C(=O)N1CCN(c2ccc(F)c(F)c2)CC1,7.67,1
CHEMBL263501,CCCCC(CC(=O)NO)S(=O)(=O)c1ccccc1,7.66,1
CHEMBL310608,COc1ccc(S(=O)(=O)C(C)(Cc2cccnc2)C(=O)NO)cc1,7.66,1
CHEMBL10953,COc1ccc(-c2ccc(S(=O)(=O)NC(CC#CCc3ccccc3)C(=O)O)cc2)cc1,7.66,2
CHEMBL295066,COc1ccc(S(=O)(=O)C2CCCC(S)C2)cc1,7.66,1
CHEMBL60567,COCCOC(=O)N(C)C1CCC([C@@H](NS(=O)(=O)c2ccc(-c3ccc(OC)cc3)cc2)C(=O)O)CC1,7.66,1
CHEMBL195948,CC#CCOc1ccc(S(=O)(=O)N2CCN(C(C)=O)CC2C(=O)NO)cc1,7.66,2
CHEMBL2326363,O=C(O)Cc1ccccc1S(=O)(=O)c1ccc(-c2ccc(OCCF)cc2)cc1,7.66,1
CHEMBL323575,COc1ccc(CSCC2[C@H](C(=O)NO)N(S(=O)(=O)c3ccc(OC)cc3)CC2(C)C)cc1,7.65,1
CHEMBL513655,CCOc1ccc(-c2ccc(S(=O)(=O)N[C@@H](C(=O)O)C3CCN(Cc4ccccc4)CC3)s2)cc1,7.65,2
CHEMBL47254,CC(C)[C@H](NS(=O)(=O)c1ccc(-c2ccc(C(F)(F)F)cc2)cc1)C(=O)O,7.64,1
CHEMBL105422,COc1ccc(S(=O)(=O)N(CC(=O)N2CCOCC2)C(CCSCc2ccccc2)C(=O)NO)cc1,7.64,1
CHEMBL381554,CC#CCOc1ccc(S(=O)(=O)N2C[C@H](CCO)SC(C)(C)[C@@H]2C(=O)NO)cc1,7.64,1
CHEMBL234776,CC#CCOc1ccc(S(=O)(=O)CC2(C(=O)NO)CCN(S(=O)(=O)c3cc(Cl)sc3Cl)CC2)cc1,7.64,1
CHEMBL429596,CSc1ccc(CNC(=O)c2cc3c(=O)n(Cc4ccc(C(=O)O)cc4)cnc3cn2)cc1,7.64,2
CHEMBL466045,CN(C)c1ccc(-c2ccc(S(=O)(=O)N[C@@H](C(=O)O)C3CCNCC3)s2)cc1,7.64,2
CHEMBL563407,C#CCCOC(=O)Nc1ccc2c(c1)sc1cc(S(=O)(=O)N[C@H](C(=O)O)C(C)C)ccc12,7.64,1
CHEMBL1946275,O=C1NC(=O)C(c2ccc(Oc3ccccc3)cc2)(N2CCN(CCOCCOCCOCCn3cc(CNS(=O)(=O)c4ccc(F)cc4)nn3)CC2)C(=O)N1,7.64,1
CHEMBL2311771,O=C1NC(=O)C(c2ccc(Oc3ccccc3)cc2)(N2CCCN(C(=O)c3ccc(C(=O)N4CCCN(C5(c6ccc(Oc7ccccc7)cc6)C(=O)NC(=O)NC5=O)CC4)cc3)CC2)C(=O)N1,7.64,1
CHEMBL2311776,O=C1NC(=O)C(c2ccc(Oc3ccccc3)cc2)(N2CCCN(C(=O)CCCCC(=O)N3CCCN(C4(c5ccc(Oc6ccccc6)cc5)C(=O)NC(=O)NC4=O)CC3)CC2)C(=O)N1,7.64,1
CHEMBL3359066,COc1cccc(CNC(=O)c2nc3ccc(S(C)(=O)=O)cc3c(=O)[nH]2)c1,7.64,1
CHEMBL4098213,COc1cc(CNC(=O)C#Cc2cn(Cc3ccc(S(=O)(=O)NC(C)(C)C)cc3)c(=O)[nH]c2=O)ccc1F,7.63,2
CHEMBL80361,COc1ccc(S(=O)(=O)C(C)(CC2CCCCC2)C(=O)NO)cc1,7.62,1
CHEMBL10655,COc1ccc(-c2ccc(S(=O)(=O)NC(CC#Cc3cccc(N4CCOCC4)c3)C(=O)O)cc2)cc1,7.62,2
CHEMBL70957,CCOc1ccc(S(=O)(=O)N(Cc2ccccc2)c2c(C)cc(C)cc2C(=O)NO)cc1,7.62,1
CHEMBL328346,CN(C)C(C)(CS(=O)(=O)c1ccc(Oc2ccccc2)cc1)C(=O)NO,7.62,1
CHEMBL324578,O=C(NO)C1(NS(=O)(=O)c2ccc(OCc3cccc(F)c3)cc2)CCOCC1,7.62,1
CHEMBL78031,CNC(=O)[C@@H](NC(=O)C(CCc1ccccc1)CP(=O)(O)Cc1ccc(Cc2ccccc2C)cc1)C(C)(C)C,7.62,1
CHEMBL204100,CC#CCOc1ccc(S(=O)(=O)N2C[C@H](CN)SC(C)(C)[C@@H]2C(=O)NO)cc1,7.62,1
CHEMBL211487,CC#CCOc1ccc(S(=O)(=O)CC2(C(=O)NO)CCN(C(=O)CCC)CC2)cc1,7.62,1
CHEMBL228188,CC(C)[C@H](NS(=O)(=O)c1ccc(-c2cccc(Cl)c2)cc1)P(=O)(O)O,7.62,1
CHEMBL398405,COc1ccc(S(=O)(=O)N(Cc2ccc(Br)nc2)[C@@H](C(=O)NO)C(C)C)cc1,7.62,1
CHEMBL492383,CCOc1ccc(-c2ccc(S(=O)(=O)N[C@@H](C(=O)O)C3CCN(C(=O)CC(C)(C)C)CC3)s2)cc1,7.62,2
CHEMBL1223135,CNC(=O)[C@H](NC(=O)c1ccc(-c2cccc(CNC(=O)c3ccn(C)n3)c2)o1)C1CCCCC1,7.62,1
CHEMBL1916647,CC(C)[C@H](C(=O)NO)N(CCCc1ccccc1)S(=O)(=O)c1ccc2ccccc2c1,7.62,1
CHEMBL3337881,COc1cccc(CNC(=O)c2nc3sccc3c(=O)[nH]2)c1,7.62,1
CHEMBL5426756,COc1ccc(CCOc2c(F)ccc3nc(C(=O)NCc4ccc(F)c(C)c4)[nH]c(=O)c23)cc1,7.62,1
CHEMBL234352,CC#CCOc1ccc(S(=O)(=O)CC2(C(=O)NO)CCN(S(=O)(=O)C3CCCCC3)CC2)cc1,7.61,1
CHEMBL493177,CCN(CC)C(=O)N1CCC([C@@H](NS(=O)(=O)c2ccc(-c3ccc(OC)cc3)s2)C(=O)O)CC1,7.61,2
CHEMBL1083336,C#CCN(C)C(=O)C1CCN(c2ccc(S(=O)(=O)C3(C(=O)NO)CCOCC3)cc2)CC1,7.61,1
CHEMBL115223,O=C(NO)C1(NS(=O)(=O)c2ccc(Oc3cccnc3)cc2)CCOCC1,7.6,1
CHEMBL561630,COc1ccc(-c2ccc(S(=O)(=O)N(CC(=O)NO)OC(C)C)s2)cc1,7.6,1
CHEMBL541447,COC(=O)C(C)(C)Oc1cccc2oc(C(=O)Nc3ccc(-c4ccc(S(=O)(=O)N[C@H](C(=O)O)C(C)C)cc4)cc3)c(C)c12,7.6,1
CHEMBL559250,CC(=O)Nc1cccc2oc(C(=O)Nc3ccc(-c4ccc(S(=O)(=O)N[C@H](C(=O)O)C(C)C)cc4)cc3)c(C)c12,7.6,1
CHEMBL584365,COc1ccc(-c2ccc(S(=O)(=O)c3ccccc3CC(=O)NO)cc2)cc1,7.6,1
CHEMBL565561,CNC(=O)[C@@H](NC(=O)c1ccc(-c2ccc(OCc3ccn(C)n3)cn2)o1)C1CCCCC1,7.6,1
CHEMBL1082314,O=C(C1CCN(c2ccc(S(=O)(=O)C3(C(=O)NO)CCOCC3)cc2)CC1)N1CCN(CCc2ccccc2)CC1,7.6,1
CHEMBL1223491,CNC(=O)[C@@H](NC(=O)c1ccc(-c2cccc(CNC(=O)c3cccc(C(F)(F)F)n3)c2)o1)C(C)(C)O,7.6,1
CHEMBL1940311,O=C(NC1CCN(C(=O)C2CC2)CC1)c1ccc(Oc2ccc(C#C[C@]3(O)CN4CCC3CC4)cc2)cc1,7.6,1
CHEMBL1940293,O=C(NC1CCCCC1)c1ccc(Oc2ccc(C#C[C@]3(O)CN4CCC3CC4)cc2)cc1,7.6,1
CHEMBL3359072,COc1cccc(CNC(=O)c2nc3cccc(OC)c3c(=O)[nH]2)c1,7.6,1
CHEMBL5203315,CC(C)C[C@H](NC(=O)[C@H](C)NC(=O)[C@H](CC(=O)O)NC(=O)[C@H](CC(N)=O)NC(=O)CCCNS(=O)(=O)c1ccc(Oc2ccccc2)cc1)C(=O)N(C)[C@H](C(=O)N1CCC[C@H]1CC(N)=O)C(C)C,7.6,1
CHEMBL310655,COc1ccc(S(=O)(=O)N2CCCN(C(=O)OC(C)(C)C)CC2C(=O)NO)cc1,7.58,3
CHEMBL44898,O=C(O)CNS(=O)(=O)c1ccc(-c2ccc(Br)cc2)cc1,7.58,1
CHEMBL69048,Cc1cccc(C(=O)NO)c1N(Cc1cccnc1)S(=O)(=O)c1ccc(-c2ccc3c(c2)OCO3)cc1,7.58,1
CHEMBL289411,COc1ccc(S(=O)(=O)N(Cc2ccccc2)c2c(C(=O)NO)cnc3c(C)cccc23)cc1,7.58,1
CHEMBL100146,COc1ccc(S(=O)(=O)N2Cc3ccccc3N(C(=O)CCc3ccccc3)CC2C(=O)NO)cc1,7.58,1
CHEMBL418639,COc1ccc(-c2ccc(S(=O)(=O)N[C@@H](C(=O)O)C3CCC(Nc4ccccc4)CC3)cc2)cc1,7.58,1
CHEMBL196092,CC#CCOc1ccc(S(=O)(=O)N2CCOCC2C(=O)NO)cc1,7.58,2
CHEMBL494823,COc1ccc(-c2ccc(S(=O)(=O)N[C@@H](C(=O)O)C3CCN(S(=O)(=O)c4ccccc4)CC3)s2)cc1,7.58,2
CHEMBL1916656,CC(C)CCN([C@H](CCc1ccccc1)C(=O)NO)S(=O)(=O)c1ccc2ccccc2c1,7.58,1
CHEMBL3337871,COc1cccc(CNC(=O)c2nc3ccc(C)cc3c(=O)[nH]2)c1,7.58,2
CHEMBL338877,O=C(O)[C@H]1[C@H](Cn2c(=O)nc3ccccn3c2=O)CC[C@@H]1Sc1ccc(-c2ccc(Cl)cc2)cc1,7.57,1
CHEMBL98061,CC#CCOc1ccc(S(=O)(=O)N(C)[C@@H](C(=O)NO)c2ccc(OCCNC)cc2)cc1,7.57,1
CHEMBL35989,CC#CCOc1ccc(S(=O)(=O)N(C)c2c(C(=O)NO)cnc3c(Br)cccc23)cc1,7.57,1
CHEMBL357904,CNC(=O)N[C@H]1C[C@H](C(=O)NO)N(S(=O)(=O)c2ccc(OC)cc2)C1,7.57,1
CHEMBL419607,COc1ccc(S(=O)(=O)N2CCN(C(=O)c3c(-c4ccccc4)noc3C)CC2C(=O)NO)cc1,7.57,2
CHEMBL370333,CCc1ccc2oc(C(=O)Nc3ccc(-c4ccc(S(=O)(=O)N[C@H](C(=O)O)C(C)C)cc4)cc3)c(C)c2c1OC(C)C,7.57,1
CHEMBL202899,CC1(C)SCCN(S(=O)(=O)c2ccc(OCC#CCCN)cc2)[C@H]1C(=O)NO,7.57,1
CHEMBL1082645,O=C(C1CCN(c2ccc(S(=O)(=O)C3(C(=O)NO)CCOCC3)cc2)CC1)N1CCN(c2cnccn2)CC1,7.57,1
CHEMBL1223354,CNC(=O)[C@H](NC(=O)c1ccc(-c2cccc(CNC(=O)c3ccnc(Cl)c3)c2)o1)C1CCCCC1,7.57,1
CHEMBL3359063,COc1cccc(CNC(=O)c2nc3ccc(OC(F)(F)F)cc3c(=O)[nH]2)c1,7.57,1
CHEMBL272008,O=C(O)c1ccc(Cn2cnc3cnc(C(=O)NCc4cccc(F)c4)cc3c2=O)cc1,7.56,2
CHEMBL1082318,Cc1cccc(N2CCN(C(=O)C3CCN(c4ccc(S(=O)(=O)C5(C(=O)NO)CCN(C6CC6)CC5)cc4)CC3)CC2)c1C,7.56,1
CHEMBL126380,O=C(O)[C@H]1[C@H](Cn2nnc3ccccc3c2=O)CC[C@@H]1Sc1ccc(-c2ccc(Cl)cc2)cc1,7.55,3
CHEMBL83209,O=C(NO)c1ccccc1S(=O)(=O)N1CCC(Oc2ccc(C(F)(F)F)cc2)CC1,7.55,2
CHEMBL96396,CC#CCOc1ccc(S(=O)(=O)NC(CSCc2cccnc2)C(=O)NO)cc1,7.55,1
CHEMBL94643,CC#CCOc1ccc(S(=O)(=O)N(C)[C@H](C)C(=O)NO)cc1,7.55,1
CHEMBL182841,CCOCCC1(Oc2ccc(Oc3ccc(OC)cc3)cc2)C(=O)NC(=O)C(N)C1=O,7.55,1
CHEMBL184119,CC#CCOc1ccc(S(=O)(=O)N2Cc3cc(OCCc4ccccc4)ccc3N(C(C)=O)CC2C(=O)NO)cc1,7.55,1
CHEMBL182273,O=C(NO)[C@@]1(O)COCC[C@H]1S(=O)(=O)c1ccc(OCc2ccccc2C(F)(F)F)cc1,7.55,1
CHEMBL1082658,CC(C)N1CCN(C(=O)C2CCN(c3ccc(S(=O)(=O)C4(C(=O)NO)CCOCC4)cc3)CC2)CC1,7.55,1
CHEMBL1223423,CNC(=O)[C@@H](NC(=O)c1ccc(-c2cccc(CNC(=O)c3cccc(C(F)(F)F)n3)c2)o1)C1CC1,7.55,1
CHEMBL1916645,CC(C)[C@H](C(=O)NO)N(Cc1ccccc1)S(=O)(=O)c1ccc2ccccc2c1,7.55,1
CHEMBL1916657,CC(C)CCN([C@H](Cc1ccc(O)cc1)C(=O)NO)S(=O)(=O)c1ccc2ccccc2c1,7.55,1
CHEMBL81763,COc1ccc(S(=O)(=O)C2(C(=O)NO)CCN(C3CCCCCCC3)CC2)cc1,7.54,1
CHEMBL78066,CNC(=O)[C@@H](NC(=O)C(CCc1ccccc1)CP(=O)(O)Cc1ccc(Cc2ccc(C)cc2)cc1)C(C)(C)C,7.54,1
CHEMBL305160,COc1ccc(-c2ccc(S(=O)(=O)NC(C(=O)O)C3CCCC(N(C)S(C)(=O)=O)C3)cc2)cc1,7.54,1
CHEMBL95460,CC#CCOc1ccc(S(=O)(=O)N2Cc3ccccc3N(C(=O)C3CC3)CC2C(=O)NO)cc1,7.54,1
CHEMBL206739,CC#CCOc1ccc(S(=O)(=O)N2C[C@H](CC(N)=O)SC(C)(C)[C@@H]2C(=O)NO)cc1,7.54,1
CHEMBL513823,CCOc1ccc(-c2ccc(S(=O)(=O)N[C@@H](C(=O)O)C3CCN(C(=O)OC)CC3)s2)cc1,7.54,2
CHEMBL1084217,Cc1ccc(N2CCN(c3ccc(S(=O)(=O)C4(C(=O)NO)CCOCC4)cc3)CC2)c(C)c1,7.54,1
CHEMBL1083007,O=C(NO)C1(S(=O)(=O)c2ccc(N3CCC(c4ccccc4C(F)(F)F)CC3)cc2)CCOCC1,7.54,1
CHEMBL1223353,CCc1cncc(C(=O)NCc2cccc(-c3ccc(C(=O)N[C@@H](C(=O)NC)C4CCCCC4)o3)c2)c1,7.54,1
CHEMBL2409698,C[C@]1(CS(=O)(=O)N2CCC(Oc3ccc(F)cc3)CC2)NC(=O)NC1=O,7.54,1
CHEMBL3337870,COc1cccc(CNC(=O)c2nc3cccc(C)c3c(=O)[nH]2)c1,7.54,2
CHEMBL3337882,COc1cccc(CNC(=O)c2nc3ccsc3c(=O)[nH]2)c1,7.54,1
CHEMBL4100406,CCOC(=O)CCCOc1cccc(CNC(=O)c2nc3ccccc3c(=O)[nH]2)c1,7.54,1
CHEMBL311097,COC(=O)N1CCC(C(NS(=O)(=O)c2ccc(-c3ccc(OC)cc3)cc2)C(=O)O)CC1,7.53,2
CHEMBL4079271,COc1cc(CNC(=O)C#Cc2cn(Cc3ccc(S(=O)(=O)NC(C)C)cc3)c(=O)[nH]c2=O)ccc1F,7.53,2
CHEMBL5219063,O=c1[nH]c(SCc2ccc(-c3ccc(S(=O)(=O)NCC(O)C(F)(F)F)cc3)cc2)nc2c1CCC2,7.53,1
CHEMBL3084965,COc1ccc(-c2ccc(S(=O)(=O)N[C@@H](C(=O)O)C3CCC(O)CC3)cc2)cc1,7.52,1
CHEMBL282466,CNC(=O)[C@H](NC(=O)C(CCCCOc1ccccc1)CP(=O)(O)Cc1ccc(Cc2ccccc2)cc1)C(C)(C)C,7.52,1
CHEMBL307168,CNC(=O)[C@@H](NC(=O)C(CCCCOc1ccccc1)CP(=O)(O)Cc1ccc(Cc2ccccc2)cc1)C(C)(C)C,7.52,1
CHEMBL238081,CC#CCNc1ccc(S(=O)(=O)N2CCSC(C)(C)[C@@H]2C(=O)NO)cc1,7.52,1
CHEMBL409536,O=C(OCc1ccccc1)c1cn2c(=O)n(Cc3ccccc3)c(=O)cc2s1,7.52,6
CHEMBL1082789,O=C(C1CCN(c2ccc(S(=O)(=O)C3(C(=O)NO)CCOCC3)cc2)CC1)N1CCN(c2ccncc2)CC1,7.52,1
CHEMBL127168,N#Cc1ccc(-c2ccc(S[C@H]3CC[C@@H](Cn4c(=O)nc5ccccn5c4=O)[C@@H]3C(=O)O)cc2)cc1,7.51,1
CHEMBL77125,COc1ccc(S(=O)(=O)C(C)(Cc2ccc(OCCN3CCOCC3)cc2)C(=O)NO)cc1,7.51,1
CHEMBL77666,CNC(=O)[C@@H](NC(=O)C(CCc1ccccc1)CP(=O)(O)Cc1ccc(Cc2ccccc2C(F)(F)F)cc1)C(C)(C)C,7.51,1
CHEMBL178929,CC#CCOc1ccc(S(=O)(=O)N2CCN(C(=O)COC)CCC2C(=O)NO)cc1,7.51,2
CHEMBL567810,CNC(=O)[C@@H](NC(=O)c1ccc(-c2ccc(NC(=O)c3ccn(C)n3)cc2)o1)C1CCCCC1,7.51,1
CHEMBL1223283,CNC(=O)[C@H](NC(=O)c1ccc(-c2cccc(CNC(=O)c3ccncc3)c2)o1)C1CCCCC1,7.51,1
CHEMBL127867,O=C(O)[C@H]1[C@H](Cn2nc3ccccn3c2=O)CC[C@@H]1Sc1ccc(-c2ccc(Cl)cc2)cc1,7.5,1
CHEMBL76878,C#CCC(Cc1cccnc1)(C(=O)NO)S(=O)(=O)c1ccc(OC)cc1,7.5,1
CHEMBL61577,COc1ccc(-c2ccc(S(=O)(=O)NC(C(=O)O)C3CCCC(N(Cc4ccccc4)C(C)=O)C3)cc2)cc1,7.5,1
CHEMBL172912,COc1ccc(S(=O)(=O)CCC(C)S)cc1,7.5,1
CHEMBL360257,CC#CCOc1ccc(S(=O)(=O)N2CCNCCC2C(=O)NO)cc1,7.5,2
CHEMBL184168,CC#CCOc1ccc(S(=O)(=O)N2Cc3ccc(CNC)cc3N(C(C)=O)CC2C(=O)NO)cc1,7.5,1
CHEMBL466445,CCCS(=O)(=O)N1CCC([C@@H](NS(=O)(=O)c2ccc(-c3ccc(OCC)cc3)s2)C(=O)O)CC1,7.5,2
CHEMBL468739,CC(C)OC(=O)N1CCC([C@@H](NS(=O)(=O)c2ccc(-c3ccc(O)cc3)s2)C(=O)O)CC1,7.5,2
CHEMBL540723,Cc1c(C(=O)Nc2ccc(-c3ccc(S(=O)(=O)N[C@H](C(=O)O)C(C)C)cc3)cc2)oc2cccc(N3CCOCC3)c12,7.5,1
CHEMBL578352,CCOc1ccc(-c2ccc(C(=O)N[C@H](C(=O)NC)C3CCCCC3)o2)nc1,7.5,1
CHEMBL1916651,CC(C)[C@H](C(=O)NO)N(CCN(C)C)S(=O)(=O)c1ccc2ccccc2c1,7.5,1
CHEMBL1940286,COc1ccc(CNC(=O)c2ccc(Oc3ccc(C#C[C@]4(O)CN5CCC4CC5)cc3)cc2)nc1,7.5,1
CHEMBL1940282,CS(=O)(=O)c1cccc(CNC(=O)c2ccc(Oc3ccc(C#C[C@]4(O)CN5CCC4CC5)cc3)cc2)c1,7.5,1
CHEMBL2409673,C[C@]1(CS(=O)(=O)N2CCN(c3ncc(OCc4cncs4)cn3)CC2)NC(=O)NC1=O,7.5,1
CHEMBL1083626,Cc1ccccc1C1CCN(c2ccc(S(=O)(=O)C3(C(=O)NO)CCOCC3)cc2)CC1,7.49,1
CHEMBL310342,CCN1CCC(C(=O)NO)(S(=O)(=O)c2ccc(OC)cc2)CC1,7.48,1
CHEMBL310008,O=C(NO)c1ccccc1S(=O)(=O)N1CCC(Oc2ccc(OC(F)(F)F)cc2)CC1,7.48,2
CHEMBL10674,CO[C@H](C#Cc1ccccc1)C(NS(=O)(=O)c1ccc(-c2ccc(SC)cc2)cc1)C(=O)O,7.48,2
CHEMBL10672,COc1ccc(-c2ccc(S(=O)(=O)NC(CC#Cc3ccccc3)C(=O)O)s2)cc1,7.48,2
CHEMBL363758,CC#CCOc1ccc(S(=O)(=O)N2Cc3cc(N4CCOCC4)ccc3N(C(C)=O)CC2C(=O)NO)cc1,7.48,1
CHEMBL271148,NS(=O)(=O)c1ccc(Cn2cnc3ccc(C#CCc4ccccc4)cc3c2=O)cc1,7.48,2
CHEMBL1914481,CC(C)[C@@H](NS(=O)(=O)c1ccc2ccccc2c1)C(=O)NO,7.48,1
CHEMBL4059777,COC(=O)CNS(=O)(=O)c1ccc(Cn2cc(C#CC(=O)NCc3ccc(F)c(OC)c3)c(=O)[nH]c2=O)cc1,7.48,2
CHEMBL5220533,NCCCNS(=O)(=O)c1ccc(-c2ccc(CSc3nc4c(c(=O)[nH]3)CCC4)cc2)cc1,7.48,1
CHEMBL78709,COc1ccc(S(=O)(=O)C2(C(=O)NO)CCN(C(C)C)CC2)cc1,7.47,1
CHEMBL417144,CC#CCOc1ccc(S(=O)(=O)N(C)c2c(C(=O)NO)cnc3snc(C)c23)cc1,7.47,1
CHEMBL181244,CC(C)ON(CC(=O)NO)S(=O)(=O)c1ccc(-c2ccccc2)cc1,7.47,2
CHEMBL1085988,O=C(NO)C1(S(=O)(=O)c2ccc(N3CCC(c4ccccc4-c4ccc(F)cc4)CC3)cc2)CCOCC1,7.47,1
CHEMBL1916659,CC(C)CCN([C@@H](C(=O)NO)C(C)(C)C)S(=O)(=O)c1ccc2ccccc2c1,7.47,1
CHEMBL3359087,COc1cccc(CNC(=O)c2nc3cccc(OCCN4CCCCC4)c3c(=O)[nH]2)c1,7.47,1
CHEMBL10257,COc1ccc(C#Cc2ccc(S(=O)(=O)NC(CC#Cc3ccccc3)C(=O)O)cc2)cc1,7.46,2
CHEMBL95262,CC#CCOc1ccc(S(=O)(=O)N2Cc3ccccc3N(S(C)(=O)=O)CC2C(=O)NO)cc1,7.46,1
CHEMBL562338,CC(O)[C@H](NS(=O)(=O)c1ccc(-c2ccc(NC(=O)c3cc4c(NS(C)(=O)=O)cccc4o3)cn2)cc1)C(=O)O,7.46,1
CHEMBL1083321,CCOc1ccccc1C1CCN(c2ccc(S(=O)(=O)C3(C(=O)NO)CCOCC3)cc2)CC1,7.46,1
CHEMBL1083030,C=CCN(C)C(=O)C1CCN(c2ccc(S(=O)(=O)C3(C(=O)NO)CCOCC3)cc2)CC1,7.46,1
CHEMBL5566293,O=C(O)CCCCOc1ccc(CC(=O)Nc2ccc3c(c2)C(=O)N(Cc2ccccc2)C3=O)cc1,7.46,1
CHEMBL467482,CCOc1ccc(-c2ccc(S(=O)(=O)N[C@@H](C(=O)O)C3CCN(S(=O)(=O)CC(C)C)CC3)s2)cc1,7.45,2
CHEMBL295871,O=C(O)C(CCSCc1ccccc1)NS(=O)(=O)c1ccc(-c2ccc(Br)cc2)cc1,7.44,1
CHEMBL58553,COc1ccc(-c2ccc(S(=O)(=O)N[C@@H](C(=O)O)C3CCC4(CC3)OCCCO4)cc2)cc1,7.44,1
CHEMBL362797,CC#CCOc1ccc(S(=O)(=O)N2CCCSCC2C(=O)NO)cc1,7.44,1
CHEMBL189156,CCc1ccccc1COc1ccc(S(=O)(=O)N2C[C@H](O)CC(C)(C)[C@@H]2C(=O)NO)cc1,7.44,1
CHEMBL512243,CCOc1ccc(-c2ccc(S(=O)(=O)N[C@@H](C(=O)O)C3CCN(S(=O)(=O)C(C)C)CC3)s2)cc1,7.44,2
CHEMBL1223493,CNC(=O)[C@@H](NC(=O)c1ccc(-c2cccc(CNC(=O)c3ccnc(C(F)(F)F)n3)c2)o1)C1CC1,7.44,1
CHEMBL486649,COc1ccc(/C=C2/S/C(=N\c3nsc4ccccc34)NC2=O)cc1,7.44,1
CHEMBL5428131,CC(C)[C@@H](NS(=O)(=O)c1ccc(-c2nc(-c3ccc(Cn4cc(CCCCCF)nn4)s3)no2)cc1)C(=O)O,7.44,1
CHEMBL97762,CC#CCOc1ccc(S(=O)(=O)NCCC(=O)NO)cc1,7.43,1
CHEMBL309599,CC(Cc1ccccc1)(C(=O)NO)S(=O)(=O)c1cccs1,7.43,1
CHEMBL45040,CC(C)[C@H](NS(=O)(=O)c1ccc(-c2ccc(C#N)cc2)cc1)C(=O)O,7.43,1
CHEMBL308523,CNC(=O)[C@@H](NC(=O)C(CCc1ccccc1)CP(=O)(O)Cc1ccc(Cc2cccc(C)c2)cc1)C(C)(C)C,7.43,1
CHEMBL62021,COc1ccc(-c2ccc(S(=O)(=O)N[C@@H](C(=O)O)[C@H]3CC[C@H](N4CCCC4=O)CC3)cc2)cc1,7.43,1
CHEMBL1940315,O=C(NC1CCCS(=O)(=O)C1)c1ccc(Oc2ccc(C#C[C@]3(O)CN4CCC3CC4)cc2)cc1,7.43,3
CHEMBL310324,CCCCN1CCC(C(=O)NO)(S(=O)(=O)c2ccc(OC)cc2)CC1,7.42,1
CHEMBL94357,CC#CCOc1ccc(S(=O)(=O)N(C)[C@@H](C(=O)NO)C(C)C)cc1,7.42,1
CHEMBL309105,CN(c1ccccc1C(=O)NO)S(=O)(=O)c1ccc(Oc2ccncc2)cc1,7.42,1
CHEMBL183936,CO[C@]1(C(=O)NO)COCC[C@H]1S(=O)(=O)c1ccc(OCc2ccccc2Cl)cc1,7.42,1
CHEMBL391676,CC#CCOc1ccc(S(=O)(=O)CC2(C(=O)NO)CCN(S(=O)(=O)c3nc(C)sc3C)CC2)cc1,7.42,1
CHEMBL467459,Cc1ccc(-c2ccc(S(=O)(=O)N[C@@H](C(=O)O)C3CCN(C(=O)OC(C)C)CC3)s2)cc1,7.42,2
CHEMBL4068434,CNS(=O)(=O)c1ccc(Cn2cc(C#CC(=O)NCc3ccc(F)c(OC)c3)c(=O)[nH]c2=O)cc1,7.42,2
CHEMBL4175116,CNC(=O)[C@@H](NC(=O)c1ccc(-c2ccc(CSc3nc4c(c(=O)[nH]3)CCC4)nc2)o1)C(C)C,7.42,1
CHEMBL76970,C=CCC(CC=C)(C(=O)NO)S(=O)(=O)c1ccc(OC)cc1,7.41,1
CHEMBL419995,COc1ccc(S(=O)(=O)N(Cc2cccnc2)c2c(C)cc(N(C)C)cc2C(=O)NO)cc1,7.41,1
CHEMBL212411,CC#CCOc1ccc(S(=O)(=O)CC2(C(=O)NO)CCN(C(=O)c3ccccc3N)CC2)cc1,7.41,1
CHEMBL466208,CC(C)OC(=O)N1CCC([C@@H](NS(=O)(=O)c2ccc(-c3ccc(OC(C)C)cc3)s2)C(=O)O)CC1,7.41,2
CHEMBL466657,CCOc1ccc(-c2ccc(S(=O)(=O)N[C@@H](C(=O)O)C3CCN(S(C)(=O)=O)CC3)s2)cc1,7.41,2
CHEMBL3337895,COc1cccc(CNC(=O)c2nc3scc(CN(C)Cc4ccccc4)c3c(=O)[nH]2)c1,7.41,3
CHEMBL4536692,O=C(NO)[C@@H]1[C@H](O)[C@H](O)CN1C(=O)c1ccc(C#Cc2ccc(CN3CCOCC3)cc2)cc1,7.41,1
CHEMBL5278767,COc1ccc(S(=O)(=O)N(c2c(C)cc(-c3cccc(C(F)(F)F)c3)cc2C(=O)NO)N(C)C)cc1,7.41,1
CHEMBL109775,CCc1ccccc1COc1ccc(S(=O)(=O)N2CCN(C(C)=O)[C@@H](C)[C@@H]2C(=O)NO)cc1,7.4,1
CHEMBL99148,CCS(=O)(=O)N(C)C[C@H](C(=O)NO)[C@@H](CC1CCCC1)C(=O)N1CCCCC1,7.4,2
CHEMBL99981,CC(C)S(=O)(=O)N(C)C[C@H](C(=O)NO)[C@@H](CC1CCCC1)C(=O)N1CCCCC1,7.4,2
CHEMBL99189,CN(C)S(=O)(=O)N(C)C[C@H](C(=O)NO)[C@@H](CC1CCCC1)C(=O)N1CCCCC1,7.4,2
CHEMBL318716,CN(C[C@H](C(=O)NO)[C@@H](CC1CCCC1)C(=O)N1CCCCC1)S(=O)(=O)C(F)(F)F,7.4,2
CHEMBL222714,CC#CCOc1ccc(S(=O)(=O)C2(C(=O)NO)CCN(Cc3ccc(OC)cc3)CC2)cc1,7.4,1
CHEMBL552175,CC(C)[C@H](NS(=O)(=O)c1ccc2c(c1)sc1cc(NC(=O)OCCS(C)(=O)=O)ccc12)C(=O)O,7.4,1
CHEMBL562607,CC(C)[C@H](NS(=O)(=O)c1ccc(-c2ccc(NC(=O)c3cc4c(NS(C)(=O)=O)cccc4o3)cn2)cc1)C(=O)O,7.4,1
CHEMBL568642,CNC(=O)[C@@H](NC(=O)c1ccc(-c2ccc(OCc3cccc(C)n3)cn2)o1)C1CCCCC1,7.4,1
CHEMBL1083607,O=C(C1CCN(c2ccc(S(=O)(=O)C3(C(=O)NO)CCOCC3)cc2)CC1)N1CCN(CCO)CC1,7.4,1
CHEMBL1940310,CC(=O)N1CCC(NC(=O)c2ccc(Oc3ccc(C#C[C@]4(O)CN5CCC4CC5)cc3)cc2)CC1,7.4,1
CHEMBL1940289,COc1ccc(CNC(=O)c2ccc(Oc3ccc(C#C[C@]4(O)CN5CCC4CC5)cc3)cc2)c(OC)c1,7.4,1
CHEMBL1946277,O=C1NC(=O)C(c2ccc(Oc3ccccc3)cc2)(N2CCN(CCOCCOCCOCCn3cc(CCCCOc4cccnc4F)nn3)CC2)C(=O)N1,7.4,1
CHEMBL5220881,CNCCCNS(=O)(=O)c1ccc(-c2ccc(CSc3nc4c(c(=O)[nH]3)CCC4)cc2)cc1,7.4,1
CHEMBL317624,CC#CCOc1ccc(S(=O)(=O)N[C@@H](C(=O)NO)C(C)(C)C)cc1,7.39,1
CHEMBL429247,COc1cccc(CNC(=O)c2cc3c(=O)n(Cc4ccc(C(=O)O)cc4)cnc3cn2)c1,7.39,2
CHEMBL563679,CC(C)ON(CC(=O)NO)S(=O)(=O)c1ccc(/C=C/c2ccc(-c3ccccc3)cc2)cc1,7.39,1
CHEMBL311368,COc1ccc(S(=O)(=O)N(Cc2ccccc2)c2c(C(=O)NO)cccc2[N+](=O)[O-])cc1,7.38,2
CHEMBL103442,O=C(NO)C(CCN1C(=O)c2ccccc2S1(=O)=O)COc1ccc(-c2ccccc2)cc1,7.38,1
CHEMBL92327,CC(=O)NC(C)(CS(=O)(=O)c1ccc(Oc2ccccc2)cc1)C(=O)NO,7.38,1
CHEMBL184943,CC#CCOc1ccc(S(=O)(=O)N2Cc3ccc(C(=O)NC)cc3N(C(C)=O)CC2C(=O)NO)cc1,7.38,1
CHEMBL1223282,CNC(=O)[C@H](NC(=O)c1ccc(-c2cccc(CNC(=O)c3cccnc3)c2)o1)C1CCCCC1,7.38,1
CHEMBL5220323,O=c1[nH]c(SCc2ccc(-c3ccc(S(=O)(=O)NC4COC4)c(F)c3)cc2F)nc2c1CCC2,7.38,1
CHEMBL3085155,CCCCCCCC[C@@](Cc1cccnc1)(C(=O)NO)S(=O)(=O)c1ccc(OC)cc1,7.37,1
CHEMBL418442,CC(C)[C@H](NS(=O)(=O)c1ccc(-c2ccc(F)cc2)cc1)C(=O)O,7.37,2
CHEMBL78102,CNC(=O)[C@@H](NC(=O)C(CCc1ccccc1)CP(=O)(O)Cc1ccc(Cc2cccc(OC)c2)cc1)C(C)(C)C,7.37,1
CHEMBL293019,COc1ccc(-c2ccc(S(=O)(=O)N[C@@H](C(=O)O)C3CCCCC3)cc2)cc1,7.37,1
CHEMBL101413,COc1ccc(S(=O)(=O)N(C)c2c(Cn3ccnc3)cccc2C(=O)NO)cc1,7.37,1
CHEMBL234144,CC#CCOc1ccc(S(=O)(=O)CC2(C(=O)NO)CCN(S(=O)(=O)CCN3CCOCC3)CC2)cc1,7.37,1
CHEMBL1083625,O=C(NO)C1(S(=O)(=O)c2ccc(N3CCC(c4ccccc4Cl)CC3)cc2)CCOCC1,7.37,1
CHEMBL4168336,CNC(=O)C1(NC(=O)c2ccc(-c3ccc(CSc4nc5c(c(=O)[nH]4)CCC5)c(F)c3)o2)CCCCC1,7.37,1
CHEMBL5220661,CC(N)CNS(=O)(=O)c1ccc(-c2ccc(CSc3nc4c(c(=O)[nH]3)CCC4)cc2)cc1,7.37,1
CHEMBL312585,COc1ccc(S(=O)(=O)C2(C(=O)NO)CCN(C)CC2)cc1,7.36,1
CHEMBL69145,Cc1cc(Br)cc(C(=O)NO)c1N(C)S(=O)(=O)c1ccc(Oc2ccc(C(C)(C)C)cc2)cc1,7.36,1
CHEMBL322412,COc1ccc(S(=O)(=O)N2CC(C)(C)C(COCc3ccccc3)[C@@H]2C(=O)NO)cc1,7.36,1
CHEMBL74954,CNC(=O)[C@@H](NC(=O)C(CCc1ccccc1)CP(=O)(O)Cc1ccc(Cc2ccc(F)cc2)cc1)C(C)(C)C,7.36,1
CHEMBL272246,NC(=O)c1ccc(Cn2cnc3ccc(C#CCc4ccccc4)cc3c2=O)cc1,7.36,2
CHEMBL2311765,O=C1NC(=O)C(c2ccc(Oc3ccccc3)cc2)(N2CCCN(C(=O)CCCCCCCC(=O)N3CCCN(C4(c5ccc(Oc6ccccc6)cc5)C(=O)NC(=O)NC4=O)CC3)CC2)C(=O)N1,7.36,1
CHEMBL176319,CCCCC(S)CCS(=O)(=O)c1ccc(OC)cc1,7.35,1
CHEMBL493179,CCOc1ccc(-c2ccc(S(=O)(=O)N[C@@H](C(=O)O)C3CCN(C(=O)C(C)(C)C)CC3)s2)cc1,7.35,2
CHEMBL1083606,COCCN1CCN(C(=O)C2CCN(c3ccc(S(=O)(=O)C4(C(=O)NO)CCOCC4)cc3)CC2)CC1,7.35,1
CHEMBL538028,COc1ccc(S(=O)(=O)N2CCCN(C(=O)CN)CC2C(=O)NO)cc1.Cl,7.34,1
CHEMBL183273,CO[C@]1(C(=O)NO)COCC[C@H]1S(=O)(=O)c1ccc(OCc2ccc(Cl)cc2Cl)cc1,7.34,1
CHEMBL252266,COc1ccc(S(=O)(=O)N2CCCN(C(=O)CN)CC2C(=O)NO)cc1,7.34,1
CHEMBL19278,CC#CCOc1ccc(S(=O)(=O)N(C)c2c(C(=O)NO)cc(-c3ccccc3)cc2C2CCN(C)CC2)cc1,7.33,1
CHEMBL421699,COc1ccc(S(=O)(=O)N(Cc2ccccc2)c2c(C(=O)NO)cc(OC)nc2OC)cc1,7.33,2
CHEMBL184745,CC#CCOc1ccc(S(=O)(=O)N2Cc3cc(NCCc4ccccn4)ccc3N(C(C)=O)CC2C(=O)NO)cc1,7.33,1
CHEMBL385312,CC#CCOc1ccc(S(=O)(=O)C2(C(=O)NO)CCN(Cc3ccccc3)CC2)cc1,7.33,1
CHEMBL2409672,Cc1cc(COc2cnc(N3CCN(S(=O)(=O)C[C@@]4(C)NC(=O)NC4=O)CC3)nc2)n(C)n1,7.33,1
CHEMBL296196,CC(C)[C@H](NS(=O)(=O)c1ccc(-c2ccc(Cl)cc2)cc1)C(=O)O,7.32,2
CHEMBL205998,CC#CCOc1ccc(S(=O)(=O)N2C[C@H](CCN(CC)CC)SC(C)(C)[C@@H]2C(=O)NO)cc1,7.32,1
CHEMBL1946142,O=C1NC(=O)C(c2ccc(Oc3ccccc3)cc2)(N2CCN(c3cccc(F)n3)CC2)C(=O)N1,7.32,1
CHEMBL5413816,COc1ccc(CNC(=O)c2nc3ccc(F)c(OCCc4ccc(O)cc4)c3c(=O)[nH]2)cc1,7.32,1
CHEMBL116904,COc1ccc(S(=O)(=O)NC2(C(=O)NO)CCCCC2)cc1,7.31,1
CHEMBL194627,CC#CCOc1ccc(S(=O)(=O)N2CCN(Cc3cccnc3)CC2C(=O)NO)cc1,7.31,2
CHEMBL406919,O=C(O)c1ccc(Cn2cnc3cnc(C(=O)NCc4ccccc4)cc3c2=O)cc1,7.31,2
CHEMBL4088055,COc1cc(CNC(=O)C#Cc2cn(Cc3ccc(S(=O)(=O)N4CCOCC4)cc3)c(=O)[nH]c2=O)ccc1F,7.31,2
CHEMBL76606,COc1ccc(S(=O)(=O)N(Cc2ccccc2)c2c(C)cccc2C(=O)NO)cc1,7.3,2
CHEMBL275130,COCCOc1ccc(-c2ccc(S(=O)(=O)NC(CC#Cc3ccccc3)C(=O)O)cc2)cc1,7.3,2
CHEMBL289604,O=C(NO)c1cnc2cc(C(F)(F)F)ccc2c1N(Cc1cccnc1)S(=O)(=O)c1ccc(-c2ccccc2)cc1,7.3,1
CHEMBL51638,COc1ccc(S(=O)(=O)CCCS)cc1,7.3,2
CHEMBL116348,COc1ccc(S(=O)(=O)NC2(C(=O)NO)CCCC2)cc1,7.3,1
CHEMBL236770,COc1ccc(S(=O)(=O)N(Cc2cccnc2F)[C@@H](C(=O)NO)C(C)C)cc1,7.3,1
CHEMBL1083290,COCCN1CCC(C(=O)NO)(S(=O)(=O)c2ccc(N3CCC(C(=O)N4CC(C)NC(C)C4)CC3)cc2)CC1,7.3,1
CHEMBL1082657,CC(=O)N1CCN(C(=O)C2CCN(c3ccc(S(=O)(=O)C4(C(=O)NO)CCOCC4)cc3)CC2)CC1,7.3,1
CHEMBL1940312,CNC(=O)N1CCC(NC(=O)c2ccc(Oc3ccc(C#C[C@]4(O)CN5CCC4CC5)cc3)cc2)CC1,7.3,1
CHEMBL1940309,CS(=O)(=O)N1CCC(NC(=O)c2ccc(Oc3ccc(C#C[C@]4(O)CN5CCC4CC5)cc3)cc2)CC1,7.3,1
CHEMBL1940295,CC[C@@H](C)NC(=O)c1ccc(Oc2ccc(C#C[C@]3(O)CN4CCC3CC4)cc2)cc1,7.3,1
CHEMBL1940288,COc1cc(CNC(=O)c2ccc(Oc3ccc(C#C[C@]4(O)CN5CCC4CC5)cc3)cc2)cc(OC)c1,7.3,1
CHEMBL5398498,CC(C)C[C@H](NC(=O)[C@@H]1CCCN1C(=O)CC[C@@H](NS(=O)(=O)c1ccc(NC(=O)c2ccc(C(N)=O)cc2)cc1)C(=O)O)C(=O)N(C)[C@@H](CCC(=O)O)C(=O)NCCCCC(N)=O,7.3,1
CHEMBL1946146,O=C1NC(=O)C(c2ccc(Oc3ccccc3)cc2)(N2CCN(CCOCCOCCOCCOCc3cn(CCF)nn3)CC2)C(=O)N1,7.29,1
CHEMBL4207732,CC(C)[C@H](NS(=O)(=O)c1ccc2c(c1)oc1ccc(NC(=O)Oc3ccc(Br)cc3)cc12)C(=O)O,7.29,1
CHEMBL278060,C#CCOc1ccc(S(=O)(=O)N(C)c2c(C)cc(Br)cc2C(=O)NO)cc1,7.28,3
CHEMBL42938,CC(C)[C@@H](NS(=O)(=O)c1ccc(-c2ccc(C#N)cc2)cc1)C(=O)O,7.28,1
CHEMBL180333,CC#CCOc1ccc(S(=O)(=O)N2CCCN(Cc3ccccc3)CC2C(=O)NO)cc1,7.28,1
CHEMBL182344,CCOCCC1(Oc2ccc(Oc3cccc(Cl)c3)cc2)C(=O)NC(=O)C(N)C1=O,7.28,1
CHEMBL363938,CC#CCOc1ccc(S(=O)(=O)N2Cc3cc(N(C)CCc4ccccn4)ccc3N(C(C)=O)CC2C(=O)NO)cc1,7.28,1
CHEMBL189975,CC1(C)C[C@@H](O)CN(S(=O)(=O)c2ccc(OCc3nccc4ccccc34)cc2)[C@H]1C(=O)NO,7.28,1
CHEMBL1939845,CC(C)[C@@H]1C(=O)N(O)C(=O)CN1S(=O)(=O)c1ccc(-c2ccccc2)cc1,7.28,1
CHEMBL5407407,Cc1cc(CNC(=O)c2cc(C(=O)NCc3ccc(OCCF)cc3)ncn2)ccc1F,7.28,1
CHEMBL420758,CNC(=O)[C@@H](NC(=O)C(CCc1ccccc1)CP(=O)(O)Cc1ccc(Cc2ccc(OC)cc2)cc1)C(C)(C)C,7.27,1
CHEMBL59684,COc1ccc(-c2ccc(S(=O)(=O)NC(C(=O)O)C3CCCC(O)C3)cc2)cc1,7.27,1
CHEMBL125384,COc1ccc(S(=O)(=O)N2CCN(C(=O)N3CCOCC3)CC2C(=O)NO)cc1,7.27,1
CHEMBL211274,CC#CCOc1ccc(S(=O)(=O)CC2(C(=O)NO)CCN(C(=O)C(C)(CO)CO)CC2)cc1,7.27,1
CHEMBL2409701,C[C@]1(CS(=O)(=O)N2CCC(Oc3ccc(OS(C)(=O)=O)cc3)CC2)NC(=O)NC1=O,7.27,1
CHEMBL76356,CCCCCCCCS(=O)(=O)C(C)(Cc1ccc(OCCN2CCCCC2)cc1)C(=O)NO,7.26,1
CHEMBL313340,COCCOC(=O)N1CCC(C(NS(=O)(=O)c2ccc(-c3ccccc3)cc2)C(=O)O)CC1,7.26,2
CHEMBL370667,CCc1c(C(=O)Nc2ccc(-c3ccc(S(=O)(=O)N[C@H](C(=O)O)C(C)C)cc3)cc2)oc2ccccc12,7.26,1
CHEMBL5186594,CSCC[C@H](NC(=O)[C@H](CC(C)C)NC(=O)[C@H](C)NC(=O)[C@H](CC(=O)O)NC(=O)[C@H](CC(N)=O)NC(=O)CCCNS(=O)(=O)c1ccc(Oc2ccccc2)cc1)C(=O)N1CCC[C@H]1C(N)=O,7.26,1
CHEMBL100081,COc1ccc(S(=O)(=O)N(Cc2ccc(OCCN3CCCCC3)cc2)c2c(C)cccc2C(=O)NO)cc1,7.25,1
CHEMBL369773,CCOCCC1(Oc2ccc(Oc3ccc(C(=O)N(C)C)cc3)cc2)C(=O)NC(=O)C(N)C1=O,7.25,1
CHEMBL393550,CC#CCOc1ccc(S(=O)(=O)CC2(C(=O)NO)CCN(c3nc4ccccc4o3)CC2)cc1,7.25,1
CHEMBL561715,CCOC(=O)Nc1ccc2c(c1)sc1cc(S(=O)(=O)N[C@H](C(=O)O)C(C)C)ccc12,7.25,1
CHEMBL96419,CC#CCOc1ccc(S(=O)(=O)N(C)CCC(=O)NO)cc1,7.24,1
CHEMBL78111,CNC(=O)[C@@H](NC(=O)C(CCc1ccccc1)CP(=O)(O)Cc1ccc(Cc2cccc(F)c2)cc1)C(C)(C)C,7.24,1
CHEMBL125281,COc1ccc(S(=O)(=O)N2CCN(C(=O)c3cccnc3)CC2C(=O)NO)cc1,7.24,1
CHEMBL499854,CCN(CC)C(=O)N1CCC(C(=O)NO)(S(=O)(=O)c2ccc(OCc3cc(C)nc4ccccc34)cc2)CC1,7.24,1
CHEMBL577705,CNC(=O)[C@@H](NC(=O)c1ccc(-c2ccc(NC(=O)c3ccc(C)o3)cc2)o1)C1CCCCC1,7.24,1
CHEMBL4441587,O=C(NO)[C@@H]1C[C@H](O)CN1C(=O)c1ccc(C#Cc2ccc(CN3CCOCC3)cc2)cc1,7.24,1
CHEMBL5170274,CSCC[C@H](NC(=O)[C@H](CC(C)C)NC(=O)[C@H](C)NC(=O)[C@H](CC(=O)O)NC(=O)[C@H](CC(N)=O)NC(=O)CCCCS(=O)(=O)c1ccc(Oc2ccccc2)cc1)C(=O)N1CCC[C@H]1C(N)=O,7.24,1
CHEMBL5207094,CC(C)C[C@H](NC(=O)[C@H](CCN)NC(=O)[C@H](CC(=O)O)NC(=O)[C@H](CC(N)=O)NC(=O)CCCCNC(=O)c1ccc(Oc2ccc(C(N)=O)cc2)cc1)C(=O)N(C)[C@@H](CCC(=O)O)C(=O)N1CCC[C@H]1CC(N)=O,7.24,1
CHEMBL5283286,COc1ccc(S(=O)(=O)N2CCN(c3cccnc3)CC2C(=O)NO)cc1,7.24,1
CHEMBL5436337,Cc1ccc(-c2noc(-c3ccc(S(=O)(=O)N[C@@H](C(=O)O)C(C)C)cc3)n2)s1,7.24,1
CHEMBL11188,O=C(O)C(CC#Cc1ccccc1)NS(=O)(=O)c1ccc(-c2ccc(-c3ccccc3)cc2)cc1,7.23,2
CHEMBL392572,COc1ccc(S(=O)(=O)N(Cc2cccnc2Br)[C@@H](C(=O)NO)C(C)C)cc1,7.23,1
CHEMBL523001,CC(C)[C@H](NS(=O)(=O)c1ccc2c(c1)oc1ccc(NC(N)=O)cc12)C(=O)O,7.23,1
CHEMBL2409700,C[C@]1(CS(=O)(=O)N2CCC(Oc3ccc(OC(F)(F)F)cc3)CC2)NC(=O)NC1=O,7.23,1
CHEMBL5219437,CN(C)CCNS(=O)(=O)c1ccc(-c2ccc(CSc3nc4c(c(=O)[nH]3)CCC4)cc2)cc1,7.23,1
CHEMBL43147,CC(C)[C@H](NS(=O)(=O)c1ccc(-c2ccccc2)cc1)C(=O)O,7.21,1
CHEMBL513148,CC(C)OC(=O)N1CCC([C@@H](NS(=O)(=O)c2ccc(-c3ccc(OC(F)(F)F)cc3)s2)C(=O)O)CC1,7.21,2
CHEMBL493178,COc1ccc(-c2ccc(S(=O)(=O)N[C@@H](C(=O)O)C3CCN(C(=O)C(C)C)CC3)s2)cc1,7.21,2
CHEMBL468102,CC(C)(C)OC(=O)N1CCC([C@@H](NS(=O)(=O)c2ccc(-c3ccc(C(F)(F)F)cc3)o2)C(=O)O)CC1,7.21,1
CHEMBL574370,O=C(Cc1ccccc1S(=O)(=O)c1ccc(-c2ccccc2)cc1)NO,7.21,1
CHEMBL2337698,O=C(CNS(=O)(=O)c1ccc(OCc2ccc(F)cc2Cl)cc1)NO,7.21,1
CHEMBL212481,CC#CCOc1ccc(S(=O)(=O)CC2(C(=O)NO)CCN(C(=O)c3ccccc3)CC2)cc1,7.2,2
CHEMBL228187,CC(C)[C@H](NS(=O)(=O)c1ccc(-c2cccc(F)c2)cc1)P(=O)(O)O,7.2,1
CHEMBL561038,CC(C)ON(CC(=O)NO)S(=O)(=O)c1ccc(Oc2ccccc2)cc1,7.2,1
CHEMBL577022,CNC(=O)[C@@H](NC(=O)c1ccc(-c2ccc(NC(=O)c3cc(C)c(C)o3)cc2)o1)C1CCCCC1,7.2,1
CHEMBL1796295,O=C(NCc1ccncc1)c1ccc(Oc2ccc(/C=C/C3=CN4CCC3CC4)cc2)cc1,7.2,1
CHEMBL1940285,N#Cc1cccc(CNC(=O)c2ccc(Oc3ccc(C#C[C@]4(O)CN5CCC4CC5)cc3)cc2)c1,7.2,1
CHEMBL1940284,CS(=O)(=O)Oc1cccc(CNC(=O)c2ccc(Oc3ccc(C#C[C@]4(O)CN5CCC4CC5)cc3)cc2)c1,7.2,1
CHEMBL1940281,O=C(NCc1ccccc1)c1ccc(Oc2ccc(C#C[C@]3(O)CN4CCC3CC4)cc2)cc1,7.2,1
CHEMBL419868,COc1ccc(S(=O)(=O)N2CCCN(Cc3ccccc3)CC2C(=O)NO)cc1,7.19,2
CHEMBL100805,O=C(NO)C(CCn1c(=O)[nH]c2ccccc2c1=O)COc1ccc(-c2ccccc2)cc1,7.19,1
CHEMBL38851,N#Cc1ccc(-c2ccc(OCCC(=O)NO)cc2)cc1,7.19,1
CHEMBL80412,CCCCC(C(=O)NO)S(=O)(=O)c1ccc(OC)cc1,7.19,1
CHEMBL176467,CC1(c2ccc(Oc3ccccc3)cc2)C(=O)NC(=O)NC1=O,7.19,1
CHEMBL62089,COc1ccc(-c2ccc(S(=O)(=O)N[C@@H](C(=O)O)C3CCC(N4C(=O)CNC4=O)CC3)cc2)cc1,7.19,1
CHEMBL180484,CC#CCOc1ccc(S(=O)(=O)N2CCCN(C(=O)c3ccccc3)CC2C(=O)NO)cc1,7.19,1
CHEMBL561312,COC(=O)Nc1ccc2sc3cc(S(=O)(=O)N[C@H](C(=O)O)C(C)C)ccc3c2c1,7.19,1
CHEMBL3337883,COc1cccc(CNC(=O)c2nc3c(c(C)nn3C)c(=O)[nH]2)c1,7.19,1
CHEMBL4105625,COc1cc(CNC(=O)C#Cc2cn(Cc3ccc(C(=O)NCCO)cc3)c(=O)[nH]c2=O)ccc1F,7.19,2
CHEMBL4643048,COc1ccc(CC2(CCCCCCCC(F)CF)C(=O)NC(=O)NC2=O)cc1,7.19,1
CHEMBL126977,O=C(O)[C@H]1[C@H](CN2C(=O)c3ccccc3C2=O)CC[C@@H]1Sc1ccc(-c2ccccc2)cc1,7.18,1
CHEMBL407090,N#Cc1ccc(Cn2cnc3ccc(C#CCc4ccccc4)cc3c2=O)cc1,7.18,2
CHEMBL100584,O=C(NO)C(CCn1nnc2ccccc2c1=O)COCCc1ccc(-c2ccc(Cl)cc2)cc1,7.17,2
CHEMBL273764,CCCCOc1ccc(S(=O)(=O)N(C)c2c(C)cc(Br)cc2C(=O)NO)cc1,7.17,2
CHEMBL303286,COc1ccc(-c2ccc(S(=O)(=O)NC(C(=O)O)C3CCCC(NCc4ccccc4)C3)cc2)cc1,7.17,1
CHEMBL183228,CC#CCOc1ccc(S(=O)(=O)N2Cc3ccc(CN(C)C)cc3N(C(C)=O)CC2C(=O)NO)cc1,7.17,1
CHEMBL370631,CCc1ccc2oc(C(=O)Nc3ccc(-c4ccc(S(=O)(=O)N[C@H](C(=O)O)C(C)C)cc4)cc3)c(C)c2c1OCc1ccccc1,7.17,1
CHEMBL222309,CC#CCOc1ccc(S(=O)(=O)C(C(=O)NO)c2ccccc2)cc1,7.17,1
CHEMBL271535,O=C(O)c1ccc(Cn2cnc3cnc(C(=O)NCc4cccc(C(F)(F)F)c4)cc3c2=O)cc1,7.17,2
CHEMBL4585243,O=C(O)[C@H]1[C@H](Cn2nnc3ccccc3c2=O)CC[C@@H]1C(=O)c1ccc(OCCC2CCOCC2)cc1,7.17,1
CHEMBL431570,CNC(=O)[C@H](Cc1ccc(OC)cc1)NC(=O)C(CCCCOc1ccccc1)CP(=O)(O)Cc1ccc(Cc2ccccc2)cc1,7.16,1
CHEMBL208841,CC#CCOc1ccc(S(=O)(=O)CC2(C(=O)NO)CCN(C(=O)CN3CCOCC3)CC2)cc1,7.16,1
CHEMBL1085748,COc1ccc(C(C)C)cc1C1CCN(c2ccc(S(=O)(=O)C3(C(=O)NO)CCOCC3)cc2)CC1,7.16,1
CHEMBL1082319,COCCN1CCC(C(=O)NO)(S(=O)(=O)c2ccc(N3CCC(C(=O)N4CCN(c5cccc(C)c5C)CC4)CC3)cc2)CC1,7.16,1
CHEMBL2311768,O=C1NC(=O)C(c2ccc(Oc3ccccc3)cc2)(N2CCCN(C(=O)CCCCCCCCCCCCC(=O)N3CCCN(C4(c5ccc(Oc6ccccc6)cc5)C(=O)NC(=O)NC4=O)CC3)CC2)C(=O)N1,7.16,1
CHEMBL4217377,CC(C)[C@H](NS(=O)(=O)c1ccc2c(c1)oc1ccc(NC(=O)Oc3ccc(I)cc3)cc12)C(=O)O,7.16,1
CHEMBL2409678,CCCOc1ccc(OC2CCN(S(=O)(=O)C[C@@]3(C)NC(=O)NC3=O)CC2)cc1,7.15,1
CHEMBL6036614,CC(CC1(C2CC2)NC(=O)NC1=O)C(=O)N1CCN(c2cccc(Cl)c2)CC1,7.15,1
CHEMBL117225,Cc1cc(CCC[C@H](CC(=O)NO)C(=O)N[C@H](C(=O)N[C@H](C)c2ccccc2)C(C)(C)C)ccc1-c1ccccc1,7.14,3
CHEMBL2096738,CCCCCC[C@@H](C(=O)NO)[S@+]([O-])c1ccc(OC)cc1,7.14,1
CHEMBL234143,CC#CCOc1ccc(S(=O)(=O)CC2(C(=O)NO)CCN(S(=O)(=O)CC3CCCCC3)CC2)cc1,7.14,1
CHEMBL511942,Cc1cccc(CNC(=O)c2cc(C(=O)NCc3cccc(C)c3)ncn2)c1,7.14,1
CHEMBL466460,CCOc1ccc(-c2ccc(S(=O)(=O)N[C@@H](C(=O)O)C3CCN(CC(C)C)CC3)s2)cc1,7.14,2
CHEMBL496618,CC#CCOc1ccc(S(=O)(=O)C2(C(=O)NO)CCN(Cc3ccc(Cl)c(Cl)c3)CC2)cc1,7.14,1
CHEMBL1223199,CNC(=O)[C@H](NC(=O)c1ccc(-c2cccc(CNC(=O)c3cc(C)n(C)n3)c2)o1)C1CCCCC1,7.14,1
CHEMBL3754302,CC(C)C(N(Cc1ccccc1)S(=O)(=O)c1ccc(-c2ccc(OCCF)cc2)cc1)P(=O)(O)O,7.14,1
CHEMBL379287,CC#CCOc1ccc(S(=O)(=O)CC2(C(=O)NO)CCN(C(=O)N(CC)CC)CC2)cc1,7.13,1
CHEMBL574605,CC(C(=O)NO)c1ccccc1S(=O)(=O)c1ccc(-c2ccccc2)cc1,7.13,1
CHEMBL274881,COCC#CCC(NS(=O)(=O)c1ccc(-c2ccc(OC)cc2)cc1)C(=O)O,7.12,2
CHEMBL71007,Cc1cc(C)c(N(Cc2ccccc2)S(=O)(=O)c2ccc(OCCc3ccccc3)cc2)c(C(=O)NO)c1,7.12,1
CHEMBL1223058,CNC(=O)[C@H](NC(=O)c1ccc(-c2cccc(CNC(=O)c3ccco3)c2)o1)C1CCCCC1,7.12,1
CHEMBL1940308,CN1CCC(NC(=O)c2ccc(Oc3ccc(C#C[C@]4(O)CN5CCC4CC5)cc3)cc2)CC1,7.12,2
CHEMBL176832,CCCCCCC1(c2ccc(Oc3ccccc3)cc2)C(=O)NC(=O)NC1=O,7.11,1
CHEMBL97790,CC#CCOc1ccc(S(=O)(=O)N2Cc3ccccc3N(C(C)=O)CC2C(=O)NO)cc1,7.11,2
CHEMBL573936,COc1ccc(-c2ccc(S(=O)(=O)c3ccccc3CC(=O)O)cc2)cc1,7.11,1
CHEMBL126711,O=C(O)[C@H]1[C@H](CN2C(=O)c3ccccc3S2(=O)=O)CC[C@@H]1Sc1ccc(-c2ccc(Cl)cc2)cc1,7.1,1
CHEMBL1788203,CCCC[C@H](CC(=O)NO)S(=O)(=O)c1ccccc1,7.1,1
CHEMBL98017,CN(C[C@H](C(=O)NO)[C@@H](CC1CCCC1)C(=O)N1CCOCC1)S(C)(=O)=O,7.1,2
CHEMBL377862,CC#CCOc1ccc(S(=O)(=O)CC2(C(=O)NO)CCN(C(=O)c3ccc(C)cc3)CC2)cc1,7.1,1
CHEMBL447275,Cc1cc(COc2ccc(S(=O)(=O)C3(C(=O)NO)CCN(Cc4ccc(Cl)c(Cl)c4)CC3)cc2)c2ccccc2n1,7.1,1
CHEMBL1738748,O=C(NCc1ccncc1)c1ccc(Oc2ccc(C#C[C@]3(O)CN4CCC3CC4)cc2)cc1,7.1,2
CHEMBL1940316,O=C(NC1CCS(=O)(=O)C1)c1ccc(Oc2ccc(C#C[C@]3(O)CN4CCC3CC4)cc2)cc1,7.1,1
CHEMBL1940313,O=C(NC1CCN(C2CC2)CC1)c1ccc(Oc2ccc(C#C[C@]3(O)CN4CCC3CC4)cc2)cc1,7.1,1
CHEMBL1940283,COc1cccc(CNC(=O)c2ccc(Oc3ccc(C#C[C@]4(O)CN5CCC4CC5)cc3)cc2)c1,7.1,1
CHEMBL1940291,Cc1cc(CN(C)C(=O)c2ccc(Oc3ccc(C#C[C@]4(O)CN5CCC4CC5)cc3)cc2)on1,7.1,1
CHEMBL10935,COc1ccc(-c2ccc(S(=O)(=O)NC(C(=O)O)[C@@H](C#Cc3ccccc3)OC)cc2)cc1,7.09,2
CHEMBL410737,COc1ccc(-c2ccc(S(=O)(=O)N[C@@H](C(=O)O)[C@H]3CC[C@@H](N(C)C(=O)N4CCOCC4)CC3)cc2)cc1,7.09,1
CHEMBL323148,CN1C(=O)N(CCC(COc2ccc(-c3ccccc3)cc2)C(=O)NO)C(=O)C1(C)C,7.08,1
CHEMBL94518,CC#CCSc1ccc(S(=O)(=O)N(C)CC(=O)NO)cc1,7.08,1
CHEMBL18943,Cc1cc(Br)cc(C(=O)NO)c1N(C)S(=O)(=O)c1ccc(OCC#CCO)cc1,7.08,1
CHEMBL101981,CCN(CC)Cc1cccc(C(=O)NO)c1N(C)S(=O)(=O)c1ccc(OC)cc1,7.08,1
CHEMBL198100,CC#CCOc1ccc(S(=O)(=O)N2CCN(C(=O)CCCC)CC2C(=O)NO)cc1,7.08,2
CHEMBL573714,COc1ccc(S(=O)(=O)c2ccccc2CC(=O)NO)cc1,7.08,1
CHEMBL2203639,CCCCCCCCCC1(Cc2ccc(OC)cc2)C(=O)NC(=O)NC1=O,7.08,1
CHEMBL75925,CC(Cc1ccc(OCCN2CCCCC2)cc1)(C(=O)NO)S(=O)(=O)c1cccs1,7.07,1
CHEMBL76038,CCCCCCCCS(=O)(=O)C(C)(Cc1ccccc1)C(=O)NO,7.07,1
CHEMBL96417,CC#CCOc1ccc(S(=O)(=O)N[C@@H](C(=O)NO)C(C)O)cc1,7.07,1
CHEMBL206144,CC1(C)SCCN(S(=O)(=O)c2ccc(OCC#CCCCO)cc2)[C@H]1C(=O)NO,7.07,1
CHEMBL91254,COCCOCCC#CCC(NS(=O)(=O)c1ccc(-c2ccc(OC)cc2)cc1)C(=O)O,7.06,1
CHEMBL10266,COCCOCOCC#CCC(NS(=O)(=O)c1ccc(-c2ccc(OC)cc2)cc1)C(=O)O,7.06,1
CHEMBL180197,CC#CCOc1ccc(S(=O)(=O)N2CCCN(S(=O)(=O)c3ccccc3)CC2C(=O)NO)cc1,7.06,1
CHEMBL578139,CNC(=O)[C@@H](NC(=O)c1ccc(-c2ccc(NC(=O)c3cc(C)[nH]n3)cc2)o1)C1CCCCC1,7.06,1
CHEMBL603623,COc1ccc(Cn2nnc(-c3cccc(C(=O)NCc4ccc(C(=O)O)cc4)c3)n2)cc1,7.06,2
CHEMBL1946144,O=C1NC(=O)C(NCc2cn(CCOCCOCCOCCF)nn2)(c2ccc(Oc3ccccc3)cc2)C(=O)N1,7.06,1
CHEMBL4160072,CNC(=O)[C@@H](NC(=O)c1ccc(-c2ccc(CSc3nc(C)cc(=O)[nH]3)c(F)c2)o1)C(C)C,7.06,1
CHEMBL80378,COc1ccc(S(=O)(=O)C(CCC(C)C)(Cc2cccnc2)C(=O)NO)cc1,7.05,1
CHEMBL91639,O=C(O)C(CC#Cc1ccccc1)NS(=O)(=O)c1ccc(C#Cc2ccccc2)cc1,7.05,1
CHEMBL10180,Cc1ccc(C#Cc2ccc(S(=O)(=O)NC(CC#Cc3ccccc3)C(=O)O)cc2)cc1,7.05,1
CHEMBL1085562,CN(C)CCN1CCN(C(=O)C2CCN(c3ccc(S(=O)(=O)C4(C(=O)NO)CCOCC4)cc3)CC2)CC1,7.05,1
CHEMBL561039,CCc1ccc(-c2ccc(S(=O)(=O)N(CC(=O)NO)OC(C)C)s2)cc1,7.04,1
CHEMBL429250,O=C(O)c1ccc(Cn2cnc3cnc(C(=O)NCc4ccncc4)cc3c2=O)cc1,7.03,2
CHEMBL473611,CC(C)[C@H](NS(=O)(=O)c1ccc2c(c1)oc1ccc(NS(C)(=O)=O)cc12)C(=O)O,7.03,1
CHEMBL1946147,O=C1NC(=O)C(c2ccc(Oc3ccccc3)cc2)(N2CCN(CCOCCOCCOCCOCCOCCOCCOCCOCc3cn(CCF)nn3)CC2)C(=O)N1,7.03,1
CHEMBL3752419,COc1ccc(-c2ccc(S(=O)(=O)N[C@H](CCCCCF)P(=O)(O)O)cc2)cc1,7.03,1
CHEMBL2203638,CCCCCCCCC1(Cc2ccc(OC)cc2)C(=O)NC(=O)NC1=O,7.03,1
CHEMBL5430097,Cc1ccc(-c2noc(-c3ccc(S(=O)(=O)N(CCOCOCCCOCCN=[N+]=[N-])[C@@H](C(=O)O)C(C)C)cc3)n2)s1,7.03,1
CHEMBL45357,CC[C@@H](C(=O)NO)N(CC(C)C)S(=O)(=O)c1ccc(OC)cc1,7.02,1
CHEMBL105142,CCC(C(=O)NO)N(CC(C)C)S(=O)(=O)c1ccc(OC)cc1,7.02,1
CHEMBL484261,CC#CCOc1ccc(S(=O)(=O)N[C@@H](C(=O)NO)[C@H](C)O)cc1,7.02,1
CHEMBL5406867,Cc1ccc(-c2noc(-c3ccc(S(=O)(=O)N(CCCCF)[C@@H](C(=O)O)C(C)C)cc3)n2)s1,7.02,1
CHEMBL111475,CC(=O)N1CCN(S(=O)(=O)c2ccc(OCc3cncc4ccccc34)cc2)[C@@H](C(=O)NO)[C@@H]1C,7.01,1
CHEMBL183404,CC#CCOc1ccc(S(=O)(=O)N2Cc3ccccc3N(C(=O)COC)CC2C(=O)NO)cc1,7.01,1
CHEMBL370825,CC#CCOc1ccc(S(=O)(=O)N2CCN(C(=O)N(CC)CC)CC2C(=O)NO)cc1,7.01,2
CHEMBL492904,CC(C)[C@H](NS(=O)(=O)c1ccc2c(c1)oc1cc(NC(=O)OCCF)ccc12)C(=O)O,7.01,1
CHEMBL3359060,COc1cccc(CNC(=O)c2nc3ccc(C(F)(F)F)cc3c(=O)[nH]2)c1,7.01,1
CHEMBL4063194,CNC(=O)c1ccc(Cn2cc(C#CC(=O)NCc3ccc(F)c(OC)c3)c(=O)[nH]c2=O)cc1,7.01,2
CHEMBL77258,CCCCC(CC(=O)NO)S(=O)(=O)C1CCCCC1,7.0,1
CHEMBL102459,O=C(NO)C(CCn1ncc2ccccc2c1=O)COc1ccc(-c2ccccc2)cc1,7.0,1
CHEMBL80248,COc1ccc(S(=O)(=O)C(Cc2ccccc2)C(=O)NO)cc1,7.0,1
CHEMBL321556,CC#CCOc1ccc(S(=O)(=O)N(C)CC(=O)NO)cc1,7.0,1
CHEMBL289222,CC#CCOc1ccc(S(=O)(=O)N(C)c2c(C(=O)NO)cnc3c2c(C)nn3C)cc1,7.0,1
CHEMBL95614,CS(=O)(=O)N(C[C@H](C(=O)NO)[C@@H](CC1CCCC1)C(=O)N1CCCCC1)C1CC1,7.0,2
CHEMBL328381,CC(C)C[C@@H](C(=O)N1CCOCC1)[C@H](CN1C(=O)c2ccccc2C1=O)C(=O)NO,7.0,1
CHEMBL318190,COc1ccc(S(=O)(=O)N(C)C[C@H](C(=O)NO)[C@@H](CC(C)C)C(=O)N2CCCCC2)cc1,7.0,1
CHEMBL418461,COc1ccc(-c2ccc(S(=O)(=O)N[C@@H](C(=O)O)[C@H]3CC[C@@H](N4CCCC4=O)CC3)cc2)cc1,7.0,1
CHEMBL523035,CCOC(=O)Nc1ccc2oc3cc(S(=O)(=O)N[C@H](C(=O)O)C(C)C)ccc3c2c1,7.0,2
CHEMBL523670,Cc1ccc(OC(=O)Nc2ccc3oc4cc(S(=O)(=O)N[C@H](C(=O)O)C(C)C)ccc4c3c2)cc1,7.0,1
CHEMBL1223352,CNC(=O)[C@H](NC(=O)c1ccc(-c2cccc(CNC(=O)c3ncccc3C)c2)o1)C1CCCCC1,7.0,1
CHEMBL1222988,CNC(=O)[C@H](NC(=O)c1ccc(-c2cccc(CNC(=O)c3cn4ccccc4n3)c2)o1)C1CCCCC1,7.0,1
CHEMBL1796298,O=C(NCc1ccncn1)c1ccc(Oc2ccc(C#C[C@]3(O)CN4CCC3CC4)cc2)cc1,7.0,2
CHEMBL1916835,CC(C)CCN([C@@H](C(=O)NO)C(C)C)S(=O)(=O)c1ccc2ccccc2n1,7.0,1
CHEMBL1940314,O=C(NC1CCS(=O)(=O)CC1)c1ccc(Oc2ccc(C#C[C@]3(O)CN4CCC3CC4)cc2)cc1,7.0,1
CHEMBL1940307,CNS(=O)(=O)c1ccc(Oc2ccc(C#C[C@]3(O)CN4CCC3CC4)cc2)cc1,7.0,1
CHEMBL1940294,CC(C)NC(=O)c1ccc(Oc2ccc(C#C[C@]3(O)CN4CCC3CC4)cc2)cc1,7.0,1
CHEMBL1940292,O=C(NCC1CCCCC1)c1ccc(Oc2ccc(C#C[C@]3(O)CN4CCC3CC4)cc2)cc1,7.0,1
CHEMBL1940290,O=C(NCc1ccc(F)cc1)c1ccc(Oc2ccc(C#C[C@]3(O)CN4CCC3CC4)cc2)cc1,7.0,1
CHEMBL4097812,COc1cc(CNC(=O)C#Cc2cn(Cc3ccc(C(=O)N(C)C)cc3)c(=O)[nH]c2=O)ccc1F,7.0,2
CHEMBL10335,CSc1ccc(-c2ccc(S(=O)(=O)NC(CC#CCN3CCOCC3)C(=O)O)cc2)cc1,6.99,2
CHEMBL44455,CC(C)[C@H](NS(=O)(=O)c1ccc(-c2ccc([N+](=O)[O-])cc2)cc1)C(=O)O,6.99,1
CHEMBL10881,O=C(O)C(CC#Cc1ccccc1)NS(=O)(=O)c1ccc(-c2ccc3c(c2)OCO3)cc1,6.98,2
CHEMBL42114,CC(C)[C@H](NS(=O)(=O)c1ccc(-c2ccc(N)cc2)cc1)C(=O)O,6.98,1
CHEMBL231877,CC#CCOc1ccc(S(=O)(=O)CC2(C(=O)NO)CCN(S(=O)(=O)N3CCN(C(C)=O)CC3)CC2)cc1,6.98,1
CHEMBL526646,CC#CCOc1ccc(S(=O)(=O)C2(C(=O)NO)CCN(C(=O)c3ccccc3)CC2)cc1,6.98,1
CHEMBL2311767,O=C1NC(=O)C(c2ccc(Oc3ccccc3)cc2)(N2CCCN(C(=O)CCCCCCCCCCC(=O)N3CCCN(C4(c5ccc(Oc6ccccc6)cc5)C(=O)NC(=O)NC4=O)CC3)CC2)C(=O)N1,6.98,1
CHEMBL5406674,CCCCCN([C@@H](C(=O)O)C(C)C)S(=O)(=O)c1ccc(-c2nc(-c3ccc(C)s3)no2)cc1,6.98,1
CHEMBL222594,CC#CCOc1ccc(S(=O)(=O)C(C(=O)NO)C(C)C)cc1,6.97,1
CHEMBL550038,CC(C)[C@H](NS(=O)(=O)c1ccc2c(c1)oc1ccc(N3CCOC3=O)cc12)C(=O)O,6.97,1
CHEMBL2311766,O=C1NC(=O)C(c2ccc(Oc3ccccc3)cc2)(N2CCCN(C(=O)CCCCCCCCC(=O)N3CCCN(C4(c5ccc(Oc6ccccc6)cc5)C(=O)NC(=O)NC4=O)CC3)CC2)C(=O)N1,6.97,1
CHEMBL5400805,Cc1cc(CNC(=O)c2nc3ccc(F)c(F)c3c(=O)[nH]2)ccc1F,6.97,1
CHEMBL27439,CNC(=O)[C@H](NC(=O)C(CC1CCC1)CP(=O)(O)Cc1ccc(Cc2ccccc2)cc1)C(C)(C)C,6.96,1
CHEMBL474457,CCCOC(=O)Nc1ccc2c(c1)oc1ccc(S(=O)(=O)N[C@@H](C(=O)O)C(C)C)cc12,6.96,1
CHEMBL1223057,CNC(=O)[C@H](NC(=O)c1ccc(-c2cccc(CNC(=O)c3cn4cccc(C)c4n3)c2)o1)C1CCCCC1,6.96,1
CHEMBL3359064,COc1cccc(CNC(=O)c2nc3ccc(OCc4ccccc4)cc3c(=O)[nH]2)c1,6.96,1
CHEMBL71309,CCN(CC)Cc1cc(C)c(N(Cc2ccccc2)S(=O)(=O)c2ccc(OC)cc2)c(C(=O)NO)c1,6.95,1
CHEMBL492531,CC(C)[C@H](NS(=O)(=O)c1ccc2c(c1)oc1ccc(NC(=O)Oc3ccc(F)cc3)cc12)C(=O)O,6.95,2
CHEMBL4788683,O=C(Nc1ccc([N+](=O)[O-])cc1)C(c1ccc([N+](=O)[O-])cc1)N(C(=O)c1ccc(C(F)(F)F)cc1)c1ccccc1,6.95,1
CHEMBL5416182,COc1ccc(CCOc2c(F)ccc3nc(C(=O)NCc4ccc(OC)cc4)[nH]c(=O)c23)cc1,6.95,1
CHEMBL10431,COc1ccc(C#Cc2ccc(S(=O)(=O)NC(CC#CCN3CCOCC3)C(=O)O)cc2)cc1,6.94,2
CHEMBL387079,CC#CCOc1ccc(S(=O)(=O)CC2(C(=O)NO)CCN(Cc3ccncc3)CC2)cc1,6.94,2
CHEMBL5202634,CSCC[C@H](NC(=O)[C@H](CC(C)C)NC(=O)[C@H](C)NC(=O)[C@H](CC(=O)O)NC(=O)[C@H](CC(N)=O)NC(=O)CCNS(=O)(=O)c1ccc(Oc2ccccc2)cc1)C(=O)N1CCC[C@H]1C(N)=O,6.94,1
CHEMBL391880,CC#CCOc1ccc(S(=O)(=O)CC2(C(=O)NO)CCN(S(=O)(=O)N3CCCC3)CC2)cc1,6.93,1
CHEMBL5411757,COc1cccc(CNC(=O)c2nc3ccc(F)c(F)c3c(=O)[nH]2)c1,6.93,1
CHEMBL381224,CC#CCOc1ccc(S(=O)(=O)N2CCN(C(=O)c3cccs3)CC2C(=O)NO)cc1,6.92,2
CHEMBL474397,CC(C)[C@@H](NS(=O)(=O)c1ccc2oc3cc(NS(=O)(=O)C(C)C)ccc3c2c1)C(=O)O,6.92,1
CHEMBL523034,COC(=O)Nc1ccc2oc3cc(S(=O)(=O)N[C@H](C(=O)O)C(C)C)ccc3c2c1,6.92,2
CHEMBL19583,O=C(NO)[C@H]1CN(Cc2ccc(OCc3ccccc3)cc2)C(=O)N1,6.91,1
CHEMBL236446,CCCCCC/C=C(\CC(=O)NO)C(=O)N[C@@H](Cc1c[nH]c2ccccc12)C(=O)NC,6.91,1
CHEMBL272866,COC(=O)c1ccc(Cn2cnc3ccc(C#CCc4ccccc4)cc3c2=O)cc1,6.91,2
CHEMBL5612602,O=C(O)CNc1nc(NCC(=O)O)nc(NNC(=O)c2ccc(Nc3nc(Nc4ccc(C(=O)NNc5nc(NCC(=O)O)nc(NCC(=O)O)n5)cc4)nc(Nc4ccc(C(=O)NNc5nc(NCC(=O)O)nc(NCC(=O)O)n5)cc4)n3)cc2)n1,6.91,1
CHEMBL322476,CC(=O)N1CCN(S(=O)(=O)c2ccc(OCc3ccccc3C(F)(F)F)cc2)[C@@H](C(=O)NO)[C@@H]1C,6.9,1
CHEMBL10673,O=C(Nc1ccc(S(=O)(=O)NC(CC#Cc2ccccc2)C(=O)O)cc1)c1ccc(Cl)cc1,6.9,2
CHEMBL3085156,CCCC[C@@](Cc1cccnc1)(C(=O)NO)S(=O)(=O)c1ccc(OC)cc1,6.9,1
CHEMBL466461,CCOc1ccc(-c2ccc(S(=O)(=O)N[C@@H](C(=O)O)C3CCN(CC(C)(C)C)CC3)s2)cc1,6.9,2
CHEMBL1796296,O=C(NCc1ccncc1)c1ccc(Oc2ccc(C#CC3(O)CN4CCC3CC4)cc2)cc1,6.9,1
CHEMBL4648603,O=C1NC(=O)C(CCCCCCC(F)CF)(Cc2ccccc2)C(=O)N1,6.9,1
CHEMBL5434802,COc1ccc(CNC(=O)c2nc3ccc(F)c(OCCF)c3c(=O)[nH]2)cc1,6.9,1
CHEMBL340455,O=C(O)[C@H]1[C@H](CN2C(=O)c3ccccc3C2=O)CC[C@@H]1SCCc1ccc(-c2ccc(Cl)cc2)cc1,6.89,1
CHEMBL181317,CC#CCOc1ccc(S(=O)(=O)N2CCCN(S(C)(=O)=O)CC2C(=O)NO)cc1,6.89,1
CHEMBL234145,CC#CCOc1ccc(S(=O)(=O)CC2(C(=O)NO)CCN(S(=O)(=O)C(C)CN3CCOCC3)CC2)cc1,6.89,1
CHEMBL406160,O=c1c2cc(C#CCc3ccccc3)ccc2ncn1Cc1ccc(F)cc1,6.89,1
CHEMBL1083908,COc1ccccc1N1CCN(c2ccc(S(=O)(=O)C3(C(=O)NO)CCOCC3)cc2)CC1,6.89,1
CHEMBL5276809,O=C(O)[C@H]1[C@H](CN2C(=O)c3ccccc3C2=O)CC[C@@H]1SCc1ccc(-c2ccc(Cl)cc2)cc1,6.89,1
CHEMBL127035,O=C(O)[C@H]1[C@H](CN2NNc3ccsc3C2=O)CC[C@@H]1Sc1ccc(-c2ccc(Cl)cc2)cc1,6.88,1
CHEMBL158265,COc1ccc(-c2ccc(S(=O)(=O)N[C@@H](C(=O)O)C3CC[C@H](O)C=C3Br)cc2)cc1,6.88,1
CHEMBL467460,CC(C)OC(=O)N1CCC([C@@H](NS(=O)(=O)c2ccc(-c3ccc(C(F)(F)F)cc3)s2)C(=O)O)CC1,6.88,2
CHEMBL4091076,COc1cc(CNC(=O)C#Cc2cn(Cc3ccc(C(N)=O)cc3)c(=O)[nH]c2=O)ccc1F,6.88,2
CHEMBL308084,COc1ccc(S(=O)(=O)N(Cc2ccccc2)c2c(C(=O)NO)cccc2C(F)(F)F)cc1,6.87,2
CHEMBL392295,CC#CCOc1ccc(S(=O)(=O)CC2(C(=O)NO)CCN(S(=O)(=O)C(CC)CC)CC2)cc1,6.87,1
CHEMBL236572,CC#CCOc1ccc(S(=O)(=O)CC2(C(=O)NO)CCN(C(=O)OC(C)(C)C)CC2)cc1,6.87,2
CHEMBL524281,CC#CCOc1ccc(S(=O)(=O)C2(C(=O)NO)CCN(C(C)=O)CC2)cc1,6.87,1
CHEMBL2311769,O=C1NC(=O)C(c2ccc(Oc3ccccc3)cc2)(N2CCCN(C(=O)CCCCCCCCCCCCCCC(=O)N3CCCN(C4(c5ccc(Oc6ccccc6)cc5)C(=O)NC(=O)NC4=O)CC3)CC2)C(=O)N1,6.87,1
CHEMBL5209121,CC[C@H](C)[C@@H](C(=O)N1CCC[C@H]1CC(N)=O)N(C)C(=O)[C@H](CC(C)C)NC(=O)[C@H](CCCN)NC(=O)[C@H](CC(=O)O)NC(=O)[C@H](CC(N)=O)NC(=O)CCCNS(=O)(=O)c1ccc(Oc2ccccc2)cc1,6.87,1
CHEMBL311509,COc1ccc(S(=O)(=O)N(Cc2ccccc2)c2c(OC)cccc2C(=O)NO)cc1,6.86,3
CHEMBL307990,CCCCOc1ccc(S(=O)(=O)N(Cc2ccccc2)c2c(C)cc(C)cc2C(=O)NO)cc1,6.86,1
CHEMBL2111965,COc1ccc(S(=O)(=O)N2[C@@H](C(=O)NO)C(C)(C)SCC[C@H]2c2ccccc2)cc1,6.86,1
CHEMBL250189,O=C1NC(=O)C2(CCS(=O)(=O)N2c2ccc(Oc3ccc(F)cc3)nc2)C(=O)N1,6.86,1
CHEMBL80565,CCCC(CCC)(C(=O)NO)S(=O)(=O)c1ccc(OC)cc1,6.85,1
CHEMBL71436,Cc1cc(Br)cc(C(=O)NO)c1N(C)S(=O)(=O)c1ccc(-c2ccc(OCc3ccsc3)cc2)cc1,6.85,1
CHEMBL82113,COCCOC(=O)N1CCC(C(NS(=O)(=O)c2ccc(Oc3ccccc3)cc2)C(=O)O)CC1,6.85,2
CHEMBL361809,CC#CCOc1ccc(S(=O)(=O)N2CCCN(C(=O)c3cccs3)CC2C(=O)NO)cc1,6.85,1
CHEMBL181365,CC#CCOc1ccc(S(=O)(=O)N2CCCN(S(=O)(=O)CCC)CC2C(=O)NO)cc1,6.85,1
CHEMBL361326,CCOCCC1(Oc2ccc(Oc3ccc(S(C)(=O)=O)cc3)cc2)C(=O)NC(=O)C(N)C1=O,6.85,1
CHEMBL364574,Cc1ccccc1-c1ccc(S(=O)(=O)[C@@H]2CCOC[C@]2(O)C(=O)NO)cc1,6.85,1
CHEMBL552313,CC(C)[C@H](NS(=O)(=O)c1ccc2c(c1)sc1cc(N3CCOC3=O)ccc12)C(=O)O,6.85,1
CHEMBL593983,COc1cccc(Cn2nnc(-c3cccc(C(=O)NCc4ccc(C(=O)O)cc4)c3)n2)c1,6.85,2
CHEMBL1223200,CNC(=O)[C@H](NC(=O)c1ccc(-c2cccc(CNC(=O)c3cnn(C)c3)c2)o1)C1CCCCC1,6.85,1
CHEMBL1221428,CNC(=O)[C@H](NC(=O)c1ccc(-c2cccc(CNC(=O)c3cn4ccc(C)cc4n3)c2)o1)C1CCCCC1,6.85,1
CHEMBL10590,COc1ccc(C#Cc2ccc(S(=O)(=O)NC(CC#Cc3ccccc3)C(=O)O)s2)cc1,6.84,2
CHEMBL96636,CC#CCOc1ccc(S(=O)(=O)N[C@@H](C(=O)NO)c2ccc(OCCNC)cc2)cc1,6.84,1
CHEMBL231667,CC#CCOc1ccc(S(=O)(=O)CC2(C(=O)NO)CCN(S(=O)(=O)N3CCCCC3)CC2)cc1,6.84,1
CHEMBL469125,CC(C)(C)OC(=O)N1CCC([C@@H](NS(=O)(=O)c2cc3ccccc3s2)C(=O)O)CC1,6.84,1
CHEMBL4101280,COC(=O)c1ccc(Cn2cc(C#CC(=O)NCc3ccc(F)c(OC)c3)c(=O)[nH]c2=O)cc1,6.84,2
CHEMBL5177058,CC(C)C[C@H](NC(=O)[C@H](CCN)NC(=O)[C@H](CC(=O)O)NC(=O)[C@H](CC(N)=O)NC(=O)CCNC(=O)c1ccc(Oc2ccc(C(N)=O)cc2)cc1)C(=O)N(C)[C@@H](CCC(=O)O)C(=O)N1CCC[C@H]1CC(N)=O,6.84,1
CHEMBL77505,COc1ccc(S(=O)(=O)C2(C(=O)NO)CCN(C(C)(C)C)CC2)cc1,6.83,1
CHEMBL10809,COCC#CCC(NS(=O)(=O)c1ccc(-c2ccc(Br)cc2)cc1)C(=O)O,6.83,2
CHEMBL234774,CC#CCOc1ccc(S(=O)(=O)CC2(C(=O)NO)CCN(S(=O)(=O)c3cn(C)c(C)n3)CC2)cc1,6.83,1
CHEMBL559583,CC(C)OC(=O)Nc1ccc2c(c1)sc1cc(S(=O)(=O)N[C@H](C(=O)O)C(C)C)ccc12,6.83,1
CHEMBL4164482,CNC(=O)[C@@H](NC(=O)c1csc(-c2ccc(CSc3nc4c(c(=O)[nH]3)CCC4)nc2)n1)C(C)C,6.83,1
CHEMBL5418737,O=C(NCc1cccc(O)c1)c1nc2ccc(F)c(F)c2c(=O)[nH]1,6.83,1
CHEMBL539683,CC(C)[C@H](NS(=O)(=O)c1ccc(-c2cccc(F)c2)cc1)C(=O)O,6.82,1
CHEMBL36309,CC#CCOc1ccc(S(=O)(=O)N(C)c2c(C(=O)NO)cnc3onc(C)c23)cc1,6.82,1
CHEMBL360925,CCOCCC1(Oc2ccc(Oc3ccccc3Cl)cc2)C(=O)NC(=O)C(N)C1=O,6.82,1
CHEMBL3350246,CC#CCOc1ccc([S@+]([O-])[C@H](CCCCCC)C(=O)NO)cc1,6.82,1
CHEMBL4162305,CNC(=O)[C@@H](NC(=O)c1ccc(-c2ccc(CSc3nccc(=O)[nH]3)c(F)c2)o1)C(C)C,6.82,1
CHEMBL6030162,COCC1(CC(C)C(=O)N2CCN(c3ccc(F)c(F)c3)CC2)NC(=O)NC1=O,6.82,2
CHEMBL19005,CC#CCOc1ccc(S(=O)(=O)N(C)c2c(C)cc(Br)cc2C(=O)NO)cc1,6.81,2
CHEMBL10908,O=C(Nc1ccc(S(=O)(=O)NC(CC#CCOc2ccccc2)C(=O)O)cc1)c1ccc(Br)cc1,6.81,2
CHEMBL380049,CC#CCOc1ccc(S(=O)(=O)CC2(C(=O)NO)CCN(C(C)=O)CC2)cc1,6.81,2
CHEMBL222854,CC#CCOc1ccc(S(=O)(=O)C2(C(=O)NO)CCN(Cc3ccc(Br)cc3)CC2)cc1,6.81,1
CHEMBL234351,CC#CCOc1ccc(S(=O)(=O)CC2(C(=O)NO)CCN(S(=O)(=O)C3CCCC3)CC2)cc1,6.81,1
CHEMBL1784368,CC(CS(=O)(=O)N1CCN(c2ccc(F)cc2)CC1)N(O)C=O,6.81,1
CHEMBL2311778,O=C1NC(=O)C(c2ccc(Oc3ccccc3)cc2)(N2CCCN(C(=O)CCCCCCC(=O)N3CCCN(C4(c5ccc(Oc6ccccc6)cc5)C(=O)NC(=O)NC4=O)CC3)CC2)C(=O)N1,6.81,1
CHEMBL90487,CC(CS(=O)(=O)c1ccc(Oc2ccccc2)cc1)(NC(=O)CN1CCCC1)C(=O)NO,6.8,1
CHEMBL260125,O=C1N/C(=N/c2nsc3ccccc23)S/C1=C\c1ccc(O)cc1,6.8,1
CHEMBL4060150,CNC(=O)[C@H](NC(=O)c1ccc(-c2ccc(CSc3nc4c(c(=O)[nH]3)CCC4)c(F)c2)o1)C1CCCCC1,6.8,2
CHEMBL5415277,CC[C@H](C)[C@@H](C(=O)N1CCC[C@H]1CC(N)=O)N(C)C(=O)[C@H](CC(C)C)NC(=O)[C@H](CCN)NC(=O)CC[C@@H](NS(=O)(=O)c1ccc(NC(=O)c2ccc(Cl)cc2)cc1)C(=O)O,6.8,1
CHEMBL126923,O=C(O)[C@H]1[C@H](CN2C(=O)c3ccccc3C2=O)CC[C@@H]1SCCc1ccc(-c2ccccc2)cc1,6.79,1
CHEMBL67590,Cc1cc(Br)cc(C(=O)NO)c1N(C)S(=O)(=O)c1ccc(-c2ccc(OCc3ccccc3)cc2)cc1,6.79,1
CHEMBL419315,O=C(NC(CS(=O)(=O)c1ccc(Oc2ccccc2)cc1)(C(=O)NO)c1ccccc1)c1ccccc1,6.79,1
CHEMBL2311775,O=C1NC(=O)C(c2ccc(Oc3ccccc3)cc2)(N2CCCN(C(=O)CCCC(=O)N3CCCN(C4(c5ccc(Oc6ccccc6)cc5)C(=O)NC(=O)NC4=O)CC3)CC2)C(=O)N1,6.79,1
CHEMBL4637645,O=C1NC(=O)C(CCCCCCCC(F)CF)(Cc2ccccc2)C(=O)N1,6.79,1
CHEMBL234566,CC#CCOc1ccc(S(=O)(=O)CC2(C(=O)NO)CCN(c3nc4ccccc4n3C)CC2)cc1,6.78,1
CHEMBL1916833,CC(C)CCN([C@@H](C(=O)NO)C(C)C)S(=O)(=O)c1ccc2cc(OCc3ccccc3)ccc2c1,6.78,1
CHEMBL35059,Cc1nn(C)c2ncc(C(=O)NO)c(N(C)S(=O)(=O)c3ccc(F)cc3)c12,6.77,1
CHEMBL4100290,COC(=O)[C@H](C)NC(=O)c1ccc(Cn2cc(C#CC(=O)NCc3ccc(F)c(OC)c3)c(=O)[nH]c2=O)cc1,6.77,2
CHEMBL5169565,CC(C)C[C@H](NC(=O)[C@H](CCN)NC(=O)[C@H](CC(=O)O)NC(=O)[C@H](CCC(=O)O)NC(=O)CCCCNC(=O)c1ccc(Oc2ccc(C(N)=O)cc2)cc1)C(=O)N(C)[C@@H](CCC(=O)O)C(=O)N1CCC[C@H]1CC(N)=O,6.76,2
CHEMBL155862,COc1ccc(-c2ccc(S(=O)(=O)N[C@@H](C(=O)O)C3C=C[C@@H](O)CC3)cc2)cc1,6.75,1
CHEMBL28170,CNC(=O)[C@H](NC(=O)C(CC(C)C)CP(=O)(O)Cc1ccc(Cc2ccccc2)cc1)C(C)(C)C,6.75,1
CHEMBL181094,CC#CCOc1ccc(S(=O)(=O)N2CCCN(C)CC2C(=O)NO)cc1,6.75,1
CHEMBL425783,CC#CCOc1ccc(S(=O)(=O)CC2(C(=O)NO)CCN(C(=O)CCCN(C)C)CC2)cc1,6.75,1
CHEMBL493750,CC(C)[C@H](NS(=O)(=O)c1ccc2c(c1)oc1ccc(NC(=O)Oc3ccccc3Cl)cc12)C(=O)O,6.75,1
CHEMBL565751,CNC(=O)[C@@H](NC(=O)c1ccc(-c2ccc(NC(=O)c3cnn(C)c3)cc2)o1)C1CCCCC1,6.75,1
CHEMBL1223132,CNC(=O)[C@H](NC(=O)c1ccc(-c2cccc(CNC(=O)c3occc3C)c2)o1)C1CCCCC1,6.75,1
CHEMBL1683444,C[C@@H](C[C@@H](CS(=O)(=O)N1CCC(OCc2ccc(Cl)cc2Cl)CC1)N(O)C=O)c1ncc(F)cn1,6.75,1
CHEMBL1916641,O=C(CNS(=O)(=O)c1ccc2ccccc2c1)NO,6.75,1
CHEMBL1916832,CC(C)CCOc1ccc2cc(S(=O)(=O)N(CCC(C)C)[C@@H](C(=O)NO)C(C)C)ccc2c1,6.75,1
CHEMBL1939874,CCOC(=O)c1cc2cc(-c3cc(C(=O)NCc4ccncc4)nn3C)ccc2[nH]1,6.75,2
CHEMBL2409679,COCc1ccc(OC2CCN(S(=O)(=O)C[C@@]3(C)NC(=O)NC3=O)CC2)cc1,6.75,1
CHEMBL2203635,CCCCCCCCCC1(Cc2ccccc2)C(=O)NC(=O)NC1=O,6.75,1
CHEMBL2203641,COc1ccc(CC2(CCCCCCCC(F)(F)F)C(=O)NC(=O)NC2=O)cc1,6.75,1
CHEMBL20160,O=C1N[C@@H](C(=O)NO)C[C@H]1c1ccc(-c2ccc(F)cc2)cc1,6.74,2
CHEMBL513822,CC(C)(C)OC(=O)N1CCC([C@@H](NS(=O)(=O)c2ccc(-c3ccccn3)s2)C(=O)O)CC1,6.74,2
CHEMBL94715,CC#CCOc1ccc(S(=O)(=O)NCC(=O)NO)cc1,6.73,1
CHEMBL80413,COc1ccc(S(=O)(=O)C(C(=O)NO)C(C)C)cc1,6.73,1
CHEMBL190441,CC(C)c1ccccc1COc1ccc(S(=O)(=O)N2C[C@H](O)CC(C)(C)[C@@H]2C(=O)NO)cc1,6.73,1
CHEMBL552362,CC(C)[C@H](NS(=O)(=O)c1ccc2c(c1)oc1cc(NC(=O)NCCc3cccs3)ccc12)C(=O)O,6.73,1
CHEMBL1939875,CCOC(=O)c1cc2cc(-c3cc(C(=O)NCc4ccc(=O)[nH]c4)nn3C)ccc2[nH]1,6.73,2
CHEMBL179984,CCOCCC1(Oc2ccc(Oc3ccc(C(C)(C)C)cc3)cc2)C(=O)NC(=O)C(N)C1=O,6.72,1
CHEMBL231878,CC#CCOc1ccc(S(=O)(=O)CC2(C(=O)NO)CCN(S(=O)(=O)N3CCC[C@H]3COC)CC2)cc1,6.72,1
CHEMBL584147,COc1ccc(-c2ccc(S(=O)(=O)c3ccccc3C(C)C(=O)O)cc2)cc1,6.72,1
CHEMBL5206743,CC(C)C[C@H](NC(=O)[C@H](CCN)NC(=O)[C@H](CC(=O)O)NC(=O)[C@H](CC(N)=O)NC(=O)CCCCCNC(=O)c1ccc(Oc2ccc(C(N)=O)cc2)cc1)C(=O)N(C)[C@@H](CCC(=O)O)C(=O)N1CCC[C@H]1CC(N)=O,6.72,1
CHEMBL339610,CSc1ccc(-c2ccc(S[C@H]3CC[C@@H](Cn4c(=O)nc5ccccn5c4=O)[C@@H]3C(=O)O)cc2)cc1,6.71,1
CHEMBL94948,CC#CCOc1ccc(S(=O)(=O)N[C@H](C)C(=O)NO)cc1,6.71,1
CHEMBL231666,CC#CCOc1ccc(S(=O)(=O)CC2(C(=O)NO)CCN(S(=O)(=O)N3CCOCC3)CC2)cc1,6.71,1
CHEMBL406831,O=c1c2cc(C#CCc3ccccc3)ccc2ncn1Cc1cccc(Cl)c1,6.71,2
CHEMBL467682,CC(C)(C)OC(=O)N1CCC([C@@H](NS(=O)(=O)c2ccc(-c3ccc4c(c3)OCO4)o2)C(=O)O)CC1,6.71,1
CHEMBL4062094,COC(=O)[C@H]1CCCN1C(=O)c1ccc(Cn2cc(C#CC(=O)NCc3ccc(F)c(OC)c3)c(=O)[nH]c2=O)cc1,6.71,2
CHEMBL92847,CC(=O)N(C)[C@H](CS(=O)(=O)c1ccc(Oc2ccccc2)cc1)C(=O)NO,6.7,1
CHEMBL93725,CN(Cc1ccccc1)[C@H](CS(=O)(=O)c1ccc(Oc2ccccc2)cc1)C(=O)NO,6.7,1
CHEMBL318023,CS(=O)(=O)N(C[C@H](C(=O)NO)[C@@H](CC1CCCC1)C(=O)N1CCCCC1)C1CCCC1,6.7,2
CHEMBL329287,CCCN(C[C@H](C(=O)NO)[C@@H](CC1CCCC1)C(=O)N1CCCCC1)S(C)(=O)=O,6.7,2
CHEMBL59337,COc1ccc(-c2ccc(S(=O)(=O)N[C@@H](C(=O)O)C3CCC(=O)CC3)cc2)cc1,6.7,1
CHEMBL563343,CC(C)[C@H](NS(=O)(=O)c1ccc2c(c1)sc1cc(NC(=O)NCc3ccccc3)ccc12)C(=O)O,6.7,1
CHEMBL1940296,CNC(=O)c1ccc(Oc2ccc(C#C[C@]3(O)CN4CCC3CC4)cc2)cc1,6.7,1
CHEMBL3337884,COc1cccc(CNC(=O)c2nc3cnccc3c(=O)[nH]2)c1,6.7,1
CHEMBL5219938,O=c1[nH]c(SCc2ccc(-c3ccc(S(=O)(=O)NC4CNC4)cc3)cc2F)nc2c1CCC2,6.7,1
CHEMBL234353,CC#CCOc1ccc(S(=O)(=O)CC2(C(=O)NO)CCN(c3ccccn3)CC2)cc1,6.69,1
CHEMBL502796,Cc1cc(COc2ccc(S(=O)(=O)C3(C(=O)NO)CCN(C(=O)c4ccccc4)CC3)cc2)c2ccccc2n1,6.69,1
CHEMBL431057,CN(CC(=O)NO)S(=O)(=O)c1ccc(CCC#N)cc1,6.68,1
CHEMBL78233,CNC(=O)[C@@H](NC(=O)C(CCc1ccccc1)CP(=O)(O)Cc1ccccc1)C(C)(C)C,6.68,1
CHEMBL324555,O=C(NO)C1(NS(=O)(=O)c2ccc(Oc3cccc4ccccc34)cc2)CCOCC1,6.68,1
CHEMBL19876,O=C(NO)[C@H]1CN(Cc2cccc(Oc3ccc(F)cc3)c2)C(=O)N1,6.67,1
CHEMBL3085322,CC#CCOc1ccc([S@@+]([O-])[C@H](C(=O)NO)C(C)C)cc1,6.67,1
CHEMBL515083,COc1ccc(S(=O)(=O)N(CC(=O)O)CC(=O)NO)cc1,6.67,1
CHEMBL550562,COC(=O)Nc1ccc2c(c1)oc1cc(S(=O)(=O)N[C@@H](C(=O)O)C(C)C)ccc12,6.67,1
CHEMBL2203634,CCCCCCCCC1(Cc2ccccc2)C(=O)NC(=O)NC1=O,6.67,1
CHEMBL5396285,CCCCN([C@@H](C(=O)O)C(C)C)S(=O)(=O)c1ccc(-c2nc(-c3ccc(C)s3)no2)cc1,6.67,1
CHEMBL322888,COc1ccc(S(=O)(=O)N2CC(C)(C)C(CO)[C@@H]2C(=O)NO)cc1,6.66,1
CHEMBL197809,CC(C)[C@H](NS(=O)(=O)c1ccc(-c2ccc(NC(=O)c3oc4ccccc4c3-c3ccccc3)cc2)cc1)C(=O)O,6.66,1
CHEMBL523357,CC(C)[C@H](NS(=O)(=O)c1ccc2c(c1)oc1ccc(NC(=O)Oc3ccccc3)cc12)C(=O)O,6.66,1
CHEMBL562114,CC(C)[C@H](NS(=O)(=O)c1ccc2c(c1)sc1cc(NC(=O)Oc3ccc(F)cc3)ccc12)C(=O)O,6.66,1
CHEMBL584687,CNC(=O)[C@@H](NC(=O)c1ccc(-c2ccc(OC)cc2)o1)C1CCCCC1,6.66,1
CHEMBL2326365,O=C(O)Cc1ccccc1S(=O)(=O)c1ccc(-c2ccc(NC(=O)CF)cc2)cc1,6.66,1
CHEMBL3337460,COc1cccc(CCC(=O)c2nc3ccc(C)cc3c(=O)[nH]2)c1,6.66,1
CHEMBL275700,COc1ccc(C(=O)Nc2ccc(S(=O)(=O)NC(CC#CCOc3ccccc3)C(=O)O)cc2)cc1,6.65,2
CHEMBL359920,CC#CCOc1ccc(S(=O)(=O)N2CCCNCC2C(=O)NO)cc1,6.65,1
CHEMBL511729,CC(C)(C)OC(=O)N1CCC([C@@H](NS(=O)(=O)c2ccc(-c3ccccc3)s2)C(=O)O)CC1,6.65,2
CHEMBL550984,CC(C)[C@H](NS(=O)(=O)c1ccc2c(c1)sc1cc(NC(=O)Oc3ccccc3)ccc12)C(=O)O,6.65,1
CHEMBL2311770,O=C1NC(=O)C(c2ccc(Oc3ccccc3)cc2)(N2CCCN(C(=O)CCCCCCCCCCCCCCCCCCCCC(=O)N3CCCN(C4(c5ccc(Oc6ccccc6)cc5)C(=O)NC(=O)NC4=O)CC3)CC2)C(=O)N1,6.65,1
CHEMBL2203640,COc1ccc(CC2(CCCCCCCC(C)C)C(=O)NC(=O)NC2=O)cc1,6.65,1
CHEMBL10469,O=C(O)C(CC#Cc1ccccc1)NS(=O)(=O)c1ccc(-c2ccc(F)cc2)cc1,6.64,2
CHEMBL209970,CC#CCOc1ccc(S(=O)(=O)CC2(C(=O)NO)CCN(S(=O)(=O)C(C)C)CC2)cc1,6.64,4
CHEMBL231665,CC#CCOc1ccc(S(=O)(=O)CC2(C(=O)NO)CCN(S(=O)(=O)N(C)C)CC2)cc1,6.64,1
CHEMBL272261,COc1cccc(CNC(=O)c2cc3c(=O)n(Cc4ccc(C(=O)O)cc4)cnc3cc2F)c1,6.64,2
CHEMBL5430533,CC[C@H](C)[C@@H](C(=O)N1CCC[C@H]1CC(N)=O)N(C)C(=O)[C@H](CC(C)C)NC(=O)[C@H](CCN)NC(=O)CC[C@@H](NS(=O)(=O)c1ccc(-c2ccccc2)cc1)C(=O)O,6.64,1
CHEMBL18895,COCC#CCOc1ccc(S(=O)(=O)N(C)c2c(C)cc(Br)cc2C(=O)NO)cc1,6.63,1
CHEMBL81113,COc1ccc(S(=O)(=O)N(Cc2ccccc2)C2CCCC[C@H]2C(=O)NO)cc1,6.63,2
CHEMBL549756,Cc1ccc(OC(=O)Nc2ccc3c(c2)sc2cc(S(=O)(=O)N[C@H](C(=O)O)C(C)C)ccc23)cc1,6.63,1
CHEMBL5218856,O=c1[nH]c(SCc2ccc(-c3ccc(S(=O)(=O)NC4COC4)cc3)cc2F)nc2c1CCC2,6.63,1
CHEMBL233932,CC#CCOc1ccc(S(=O)(=O)CC2(C(=O)NO)CCN(S(=O)(=O)C(C)(C)C)CC2)cc1,6.62,1
CHEMBL1916662,CC(C)CCN([C@@H](C(=O)NO)C(C)C)S(=O)(=O)c1ccc2ccc(O)cc2c1,6.62,1
CHEMBL5219025,O=c1[nH]c(SCc2ccc(-c3ccc(S(=O)(=O)NC4CC4)c(F)c3)cc2F)nc2c1CCC2,6.62,1
CHEMBL5412341,CC(C)C[C@H](NC(=O)[C@@H]1C[C@H](N)CN1C(=O)CC[C@@H](NS(=O)(=O)c1ccc(NC(=O)c2ccc(C(N)=O)cc2)cc1)C(=O)O)C(=O)N(C)[C@@H](CCC(=O)O)C(=O)NCCCCC(N)=O,6.62,1
CHEMBL123503,O=C(O)[C@H]1[C@H](CN2C(=O)c3ccccc3C2=O)CC[C@@H]1SCCc1ccc(-c2ccc(F)cc2)cc1,6.61,1
CHEMBL565958,CNC(=O)[C@@H](NC(=O)c1ccc(-c2ccc(Cl)cn2)o1)C1CCCCC1,6.61,1
CHEMBL6060037,O=C1NC(=O)C(CCC(=O)N2CCN(c3ccc(Cl)cc3)CC2)(c2ccccc2)N1,6.61,2
CHEMBL18667,CC#CCOc1ccc(S(=O)(=O)N(C)c2c(C(=O)NO)cc(Br)cc2C2CCN(C)CC2)cc1,6.6,1
CHEMBL176612,COc1ccc(S(=O)(=O)C[C@@H](C)CS)cc1,6.6,1
CHEMBL1796301,O=C(NCc1ccncn1)c1ccc(Oc2ccc(/C=C/C3(O)CN4CCC3CC4)cc2)cc1,6.6,1
CHEMBL1940277,CN(Cc1ccncc1)C(=O)c1ccc(Oc2ccc(C#C[C@]3(O)CN4CCC3CC4)cc2)cc1,6.6,1
CHEMBL5204643,COc1cc(C2Oc3ccc([C@H]4Oc5cc(O)cc(O)c5C(=O)[C@@H]4O)cc3OC2CO)ccc1O,6.6,1
CHEMBL5418885,CC[C@H](C)[C@@H](C(=O)NCCCCC(N)=O)N(C)C(=O)[C@H](CC(C)C)NC(=O)[C@@H]1C[C@H](N)CN1C(=O)CC[C@@H](NS(=O)(=O)c1ccc(NC(=O)c2ccc(C(N)=O)cc2)cc1)C(=O)O,6.6,1
CHEMBL5267731,CCN([C@@H](C(=O)O)C(C)C)S(=O)(=O)c1ccc(-c2nc(-c3ccc(C)s3)no2)cc1,6.6,1
CHEMBL10952,O=C(O)C(CC#CCOc1ccccc1)NS(=O)(=O)c1ccc(-c2ccc(Br)cc2)cc1,6.59,2
CHEMBL19269,CNCC#CCOc1ccc(S(=O)(=O)N(C)c2c(C)cc(Br)cc2C(=O)NO)cc1,6.59,1
CHEMBL232086,CC#CCOc1ccc(S(=O)(=O)CC2(C(=O)NO)CCN(Cc3c(Cl)cncc3Cl)CC2)cc1,6.59,1
CHEMBL4098541,CNC(=O)[C@H](NC(=O)c1ccc(-c2ccc(CSc3nc4c(c(=O)[nH]3)CCC4)c(F)c2)o1)C(C)C,6.59,2
CHEMBL79906,COc1ccc(-c2ccc(S(=O)(=O)NC(C(=O)O)C3CCNCC3)cc2)cc1,6.58,1
CHEMBL524533,Cc1cc(COc2ccc(S(=O)(=O)C3(C(=O)NO)CCN(Cc4ccncc4)CC3)cc2)c2ccccc2n1,6.58,1
CHEMBL550628,CCCCc1ccc(C#Cc2ccc(S(=O)(=O)N(CC(=O)NO)OC(C)C)s2)cc1,6.58,1
CHEMBL573934,COc1ccc(-c2ccc(S(=O)(=O)c3ccccc3C(=O)NO)cc2)cc1,6.58,1
CHEMBL573935,O=C(O)Cc1ccccc1S(=O)(=O)c1ccc(-c2ccccc2)cc1,6.58,1
CHEMBL1683449,C[C@@H](C[C@@](C)(CS(=O)(=O)N1CCC(CCc2ccc(C(F)(F)F)cc2Cl)CC1)N(O)C=O)c1ncc(F)cn1,6.58,1
CHEMBL1784362,O=CN(O)C1(CS(=O)(=O)N2CCC(CCc3ccccc3)CC2)CCOCC1,6.58,1
CHEMBL10761,COCC#CCC(NS(=O)(=O)c1ccc(NC(=O)c2ccc(Br)cc2)cc1)C(=O)O,6.57,2
CHEMBL179285,O=C(N[C@@H](C(=O)O)c1ccccc1)c1cc(-c2ccc(-c3ccncc3)cc2)cs1,6.57,1
CHEMBL508461,O=C(O)C[C@@H](NC(=O)c1cc(-c2ccc(-c3ccncc3)cc2)cs1)c1ccccc1,6.57,1
CHEMBL564510,CC(C)[C@H](NS(=O)(=O)c1ccc2c(c1)sc1cc(NC(=O)Nc3ccccc3)ccc12)C(=O)O,6.57,1
CHEMBL125901,O=C(O)[C@H]1[C@H](Cn2nnc3ccccc3c2=O)CC[C@@H]1Sc1ccc(-c2ccncc2)cc1,6.56,1
CHEMBL562850,CC(C)[C@@H](NS(=O)(=O)c1ccc2c(c1)sc1ccc(NS(C)(=O)=O)cc12)C(=O)O,6.56,1
CHEMBL4176358,CNC(=O)[C@@H](NC(=O)c1ccc(-c2ccc(CSc3nc4[nH]ncc4c(=O)[nH]3)c(F)c2)o1)C(C)C,6.56,1
CHEMBL5206852,CC[C@H](C)[C@@H](C(=O)N1CCC[C@H]1CC(N)=O)N(C)C(=O)[C@H](CC(C)C)NC(=O)[C@H](CN)NC(=O)[C@H](CC(=O)O)NC(=O)[C@H](CC(N)=O)NC(=O)CCCNS(=O)(=O)c1ccc(Oc2ccccc2)cc1,6.56,1
CHEMBL19870,COc1ccc(CN2C[C@H](C(=O)NO)NC2=O)cc1,6.55,1
CHEMBL497413,CC#CCOc1ccc(S(=O)(=O)C2(C(=O)NO)CCN(C(=O)OC(C)(C)C)CC2)cc1,6.55,1
CHEMBL4592738,O=C(NO)[C@@H]1CCCN1C(=O)c1ccc(C#Cc2ccc(CN3CCOCC3)cc2)cc1,6.55,1
CHEMBL4792262,O=C(Nc1ccc([N+](=O)[O-])cc1)C(c1ccccc1)N(C(=O)c1ccccc1I)c1ccccc1,6.55,1
CHEMBL5432078,CC[C@H](C)[C@@H](C(=O)N1CCC[C@H]1CC(N)=O)N(C)C(=O)[C@H](CC(C)C)NC(=O)[C@H](CCN)NC(=O)CC[C@@H](NS(=O)(=O)c1ccc(NC(=O)c2ccc(C(N)=O)cc2)cc1)C(=O)O,6.55,1
CHEMBL5404909,CC[C@H](C)[C@@H](C(=O)NCCC(N)=O)N(C)C(=O)[C@H](CC(C)C)NC(=O)[C@H](CCN)NC(=O)CC[C@@H](NS(=O)(=O)c1ccc(NC(=O)c2ccc(Cl)cc2)cc1)C(=O)O,6.55,1
CHEMBL5416701,CC[C@H](C)[C@@H](C(=O)NCCCC(N)=O)N(C)C(=O)[C@H](CC(C)C)NC(=O)[C@H](CCN)NC(=O)CC[C@@H](NS(=O)(=O)c1ccc(NC(=O)c2ccc(Cl)cc2)cc1)C(=O)O,6.55,1
CHEMBL5413121,CC[C@H](C)[C@@H](C(=O)NCCCCCC(N)=O)N(C)C(=O)[C@H](CC(C)C)NC(=O)[C@H](CCN)NC(=O)CC[C@@H](NS(=O)(=O)c1ccc(NC(=O)c2ccc(Cl)cc2)cc1)C(=O)O,6.55,1
CHEMBL5931896,O=C(O)c1c[nH]c(CN(Cc2ccc(F)cc2)Cc2ccc(OC(c3ccccc3)c3ccccc3)cc2)n1,6.55,1
CHEMBL19371,CCC#CCOc1ccc(S(=O)(=O)N(C)c2c(C)cc(Br)cc2C(=O)NO)cc1,6.54,1
CHEMBL1169492,COc1ccc(S(=O)(=O)N(Cc2ccccc2)[C@H]2CCCC[C@H]2C(=O)NO)cc1,6.54,1
CHEMBL82487,COc1ccc(S(=O)(=O)N(Cc2cccnc2)c2c(C(=O)NO)csc2Br)cc1,6.54,1
CHEMBL41924,C=CC(CCc1ccccc1)CC(=O)C(F)(F)c1ccc(Cc2ccccc2)cc1,6.54,1
CHEMBL583238,CNC(=O)[C@@H](NC(=O)c1ccc(-c2ccc(C)cc2)o1)C1CCCCC1,6.54,1
CHEMBL4095780,COc1cc(CNC(=O)C#Cc2cn(Cc3ccc(S(N)(=O)=O)cc3)c(=O)[nH]c2=O)ccc1F,6.54,2
CHEMBL4162222,CNC(=O)[C@H](NC(=O)c1ccc(-c2ccc(CSc3nc4c(c(=O)[nH]3)CCC4)c(F)c2)o1)C(C)(C)C,6.54,1
CHEMBL5992754,O=C1NC(=O)C(CCC(=O)N2CCN(c3ccc(Cl)c(F)c3)CC2)(c2ccccc2)N1,6.54,1
CHEMBL337986,O=C(O)[C@H]1[C@H](CN2C(=O)c3ccccc3C2=O)CC[C@@H]1S(=O)(=O)CCc1ccc(-c2ccc(F)cc2)cc1,6.53,1
CHEMBL392294,CC#CCOc1ccc(S(=O)(=O)CC2(C(=O)NO)CCN(S(=O)(=O)Cc3ccncc3)CC2)cc1,6.53,1
CHEMBL4780030,O=C(Nc1ccc([N+](=O)[O-])cc1)C(c1ccccc1)N(Cc1ccccc1)C(=O)Cc1ccccc1,6.53,1
CHEMBL27647,CNC(=O)[C@H](NC(=O)C(CCc1ccccc1)CP(=O)(O)Cc1ccccc1)C(C)(C)C,6.52,1
CHEMBL329104,CC(C)(C)OC(=O)N[C@H](CS(=O)(=O)c1ccc(Oc2ccccc2)cc1)C(=O)NO,6.52,1
CHEMBL328792,CN(C(=O)OC(C)(C)C)[C@H](CS(=O)(=O)c1ccc(Oc2ccccc2)cc1)C(=O)NO,6.52,1
CHEMBL10792,COc1ccc(-c2ccc(S(=O)(=O)NC(CC#Cc3ccc(N4CCOCC4)cc3)C(=O)O)cc2)cc1,6.52,2
CHEMBL180891,CC#CCOc1ccc(S(=O)(=O)N2CCCN(C(C)=O)CC2C(=O)NO)cc1,6.52,1
CHEMBL182880,Cc1ccc(C)c(COc2ccc(S(=O)(=O)[C@@H]3CCOC[C@]3(O)C(=O)NO)cc2)c1,6.52,1
CHEMBL1939844,COc1ccc(S(=O)(=O)N2CC(=O)N(O)C(=O)[C@H]2C(C)C)cc1,6.52,1
CHEMBL180047,CC#CCOc1ccc(S(=O)(=O)N2CCCS(=O)(=O)CC2C(=O)NO)cc1,6.51,1
CHEMBL180627,C#C/C=C/C#CNC(=O)N1CCCN(S(=O)(=O)c2ccc(OCC#CC)cc2)C(C(=O)NO)C1,6.51,1
CHEMBL1223134,CNC(=O)[C@H](NC(=O)c1ccc(-c2cccc(CNC(=O)c3nccn3C)c2)o1)C1CCCCC1,6.51,1
CHEMBL1939878,CCOC(=O)c1cc2cc(-c3cc(C(=O)NCc4ccncc4)ncc3C)ccc2[nH]1,6.51,2
CHEMBL5396642,CC[C@H](C)[C@@H](C(=O)NCCCCC(N)=O)N(C)C(=O)[C@H](CC(C)C)NC(=O)[C@H](CCN)NC(=O)CC[C@@H](NS(=O)(=O)c1ccc(NC(=O)c2ccc(Cl)cc2)cc1)C(=O)O,6.51,1
CHEMBL77207,CCCCCCCCCCCCC(C(=O)NO)S(=O)(=O)c1ccc(OC)cc1,6.5,1
CHEMBL319808,COc1ccc(S(=O)(=O)N2Cc3ccccc3N(C(=O)CN3CCN(C)CC3)CC2C(=O)NO)cc1,6.5,2
CHEMBL1796297,O=C(NCc1ccncc1)c1ccc(Oc2ccc(C#C[C@@]3(O)CN4CCC3CC4)cc2)cc1,6.5,1
CHEMBL1940306,CS(=O)(=O)c1ccc(Oc2ccc(C#C[C@]3(O)CN4CCC3CC4)cc2)cc1,6.5,1
CHEMBL1940280,O=C(Nc1ccccn1)c1ccc(Oc2ccc(C#C[C@]3(O)CN4CCC3CC4)cc2)cc1,6.5,1
CHEMBL4102193,O=C(CCc1ccc(C(F)(F)F)cc1)NC[C@@]1(C2CC2)NC(=O)NC1=O,6.5,1
CHEMBL5408518,COc1ccc(CNC(=O)c2nc3ccc(F)c(F)c3c(=O)[nH]2)cc1,6.5,1
CHEMBL418737,Cc1cc(Br)cc(C(=O)NO)c1N(C)S(=O)(=O)c1ccc(OCC#Cc2ccccc2)cc1,6.49,1
CHEMBL209490,CC#CCOc1ccc(S(=O)(=O)CC2(C(=O)NO)CCN(CC#CC)CC2)cc1,6.49,1
CHEMBL279176,O=C(NO)[C@H]1CN(Cc2ccc(-c3ccc(F)cc3)cc2)C(=O)N1,6.48,1
CHEMBL550907,CC(C)COC(=O)Nc1ccc2c(c1)sc1cc(S(=O)(=O)N[C@H](C(=O)O)C(C)C)ccc12,6.48,1
CHEMBL1223133,CNC(=O)[C@H](NC(=O)c1ccc(-c2cccc(CNC(=O)c3ccoc3C)c2)o1)C1CCCCC1,6.48,1
CHEMBL5420372,CCCCCCN([C@@H](C(=O)O)C(C)C)S(=O)(=O)c1ccc(-c2nc(-c3ccc(C)s3)no2)cc1,6.48,1
CHEMBL3084966,COc1ccc(-c2ccc(S(=O)(=O)N[C@@](C)(C(=O)O)C3CCC(O)CC3)cc2)cc1,6.47,1
CHEMBL4094455,C[C@@H](Cc1ccc(C(F)(F)F)cc1)C(=O)NC[C@@]1(C2CC2)NC(=O)NC1=O,6.47,1
CHEMBL10296,O=C(Nc1ccc(S(=O)(=O)NC(CC#CCN2CCOCC2)C(=O)O)cc1)c1ccc(Br)cc1,6.46,1
CHEMBL503067,Cc1cc(COc2ccc(S(=O)(=O)C3(C(=O)NO)CCN(C(=O)c4ccncc4)CC3)cc2)c2ccccc2n1,6.46,1
CHEMBL1683464,C[C@@H](C[C@@](C)(CS(=O)(=O)N1CCC(CCc2ccc(S(C)(=O)=O)cc2Cl)CC1)N(O)C=O)c1ncc(F)cn1,6.46,1
CHEMBL5434496,CCCN([C@@H](C(=O)O)C(C)C)S(=O)(=O)c1ccc(-c2nc(-c3ccc(C)s3)no2)cc1,6.46,1
CHEMBL18649,CCCC#CCOc1ccc(S(=O)(=O)N(C)c2c(C)cc(Br)cc2C(=O)NO)cc1,6.45,1
CHEMBL231879,CC#CCOc1ccc(S(=O)(=O)CC2(C(=O)NO)CCN(S(=O)(=O)N3CCC[C@@H]3CO)CC2)cc1,6.45,1
CHEMBL466625,COc1ccc(-c2ccc(S(=O)(=O)N[C@@H](C(=O)O)C3CCN(C(=O)OC(C)(C)C)CC3)s2)cn1,6.45,2
CHEMBL4090820,CNC(=O)[C@H](NC(=O)c1ccc(-c2ccc(CSc3nc4c(c(=O)[nH]3)CCC4)cc2)o1)C(C)C,6.45,1
CHEMBL5562384,COc1ccc(/C=N/Nc2nc(C)cc(=O)[nH]2)cc1,6.45,1
CHEMBL180245,CC#CCOc1ccc(S(=O)(=O)N2CCCN(C(=O)OC(C)(C)C)CC2C(=O)NO)cc1,6.44,1
CHEMBL492905,CC(C)[C@H](NS(=O)(=O)c1ccc2c(c1)oc1cc(NC(=O)Oc3ccc(F)cc3)ccc12)C(=O)O,6.44,1
CHEMBL468738,CC(C)OC(=O)N1CCC([C@@H](NS(=O)(=O)c2ccc(-c3ccccc3)s2)C(=O)O)CC1,6.44,2
CHEMBL596494,COc1cccc(CNC(=O)c2cccc(C(=O)NCc3ccc(C(=O)O)cc3)c2)c1,6.44,2
CHEMBL1916836,CC(C)CCN([C@@H](C(=O)NO)C(C)C)S(=O)(=O)c1cnc2ccccc2c1,6.44,1
CHEMBL5185612,CC(C)C[C@H](NC(=O)[C@H](CCN)NC(=O)[C@H](CC(=O)O)NC(=O)[C@H](CC(N)=O)NC(=O)CCCNS(=O)(=O)c1ccc(Oc2ccccc2)cc1)C(=O)N(C)[C@@H](CCC(=O)O)C(=O)N1CCC[C@H]1CC(N)=O,6.44,1
CHEMBL5884896,O=C1NC(=O)C(CCC(=O)N2CCN(c3ccc4cnccc4c3)CC2)(c2ccccc2)N1,6.44,1
CHEMBL563177,CC(C)[C@H](NS(=O)(=O)c1ccc2c(c1)oc1cc(N3CCOC3=O)ccc12)C(=O)O,6.43,1
CHEMBL1683450,Cc1cc(Cl)ccc1CCC1CCN(S(=O)(=O)C[C@](C)(C[C@H](C)c2ncc(F)cn2)N(O)C=O)CC1,6.43,1
CHEMBL5399181,CC[C@H](C)[C@@H](C(=O)NCCCCC(N)=O)N(C)C(=O)[C@H](CC(C)C)NC(=O)[C@@H]1CNCCN1C(=O)CC[C@@H](NS(=O)(=O)c1ccc(NC(=O)c2ccc(Cl)cc2)cc1)C(=O)O,6.43,1
CHEMBL5401833,Cc1ccc(-c2noc(-c3ccc(S(=O)(=O)N(C)[C@@H](C(=O)O)C(C)C)cc3)n2)s1,6.43,1
CHEMBL393750,CC#CCOc1ccc(S(=O)(=O)CC2(C(=O)NO)CCN(S(=O)(=O)c3c(C)nn(C)c3C)CC2)cc1,6.42,1
CHEMBL393828,CC(C)[C@H](C(=O)NO)N(Cc1ccccc1)S(=O)(=O)c1ccc(F)cc1,6.42,1
CHEMBL5816915,CC(CC1(C)NC(=O)NC1=O)C(=O)N1CCN(c2ccc(F)c(F)c2)CC1,6.42,1
CHEMBL339137,O=C(O)[C@H]1[C@H](Cn2nnc3ccccc3c2=O)CC[C@@H]1SCCc1ccc(-c2ccc(Cl)cc2)cc1,6.41,1
CHEMBL180925,CC1(Oc2ccc(Cl)cc2)C(=O)NC(=O)NC1=O,6.41,1
CHEMBL496619,Cc1cc(COc2ccc(S(=O)(=O)C3(C(=O)NO)CCN(S(C)(=O)=O)CC3)cc2)c2ccccc2n1,6.41,1
CHEMBL2326364,O=C(O)Cc1ccccc1S(=O)(=O)c1ccc(-c2ccc(F)cc2)cc1,6.41,1
CHEMBL5419103,Cc1ccc(-c2noc(-c3ccc(S(=O)(=O)N(CCCC(F)(F)F)[C@@H](C(=O)O)C(C)C)cc3)n2)s1,6.41,1
CHEMBL316293,COc1cccc(OC)c1C(=O)N[C@H](CS(=O)(=O)c1ccc(Oc2ccccc2)cc1)C(=O)NO,6.4,1
CHEMBL90604,O=C(N[C@H](CS(=O)(=O)c1ccc(Sc2ccccc2)cc1)C(=O)NO)OCc1ccccc1,6.4,1
CHEMBL93993,CN[C@H](CS(=O)(=O)c1ccc(Oc2ccccc2)cc1)C(=O)NO,6.4,1
CHEMBL94185,Cc1ccc(S(=O)(=O)NC(CS(=O)(=O)c2ccc(Sc3ccccc3)cc2)C(=O)NO)cc1,6.4,1
CHEMBL94363,CC#CCOc1ccc(S(=O)(=O)NC(C)(C)C(=O)NO)cc1,6.4,1
CHEMBL98044,CN(C[C@H](C(=O)NO)[C@@H](CC1CCCC1)C(=O)N1CCCCC1)S(C)(=O)=O,6.4,3
CHEMBL181110,CC#CCOc1ccc(S(=O)(=O)N2CCCN(C(=O)CCCN(C)C)CC2C(=O)NO)cc1,6.4,1
CHEMBL468901,O=C(NCc1ccccc1)c1cc(C(=O)NCc2ccccc2)ncn1,6.4,1
CHEMBL1796299,O=C(NCc1ccncn1)c1ccc(Oc2ccc(C#C[C@@]3(O)CN4CCC3CC4)cc2)cc1,6.4,1
CHEMBL1940305,C[S+]([O-])c1ccc(Oc2ccc(C#C[C@]3(O)CN4CCC3CC4)cc2)cc1,6.4,1
CHEMBL102441,COc1ccc(S(=O)(=O)N(CC(C)C)C(CCSCc2c(F)c(F)c(F)c(F)c2F)C(=O)NO)cc1,6.39,1
CHEMBL4218681,CC(C)[C@H](NS(=O)(=O)c1ccc2c(c1)oc1ccc(NS(=O)(=O)c3ccc(I)cc3)cc12)C(=O)O,6.39,1
CHEMBL125138,O=C(O)[C@H]1[C@H](Cn2nnc3ccccc3c2=O)CC[C@@H]1Sc1ccc(-c2nc3ccccc3s2)cc1,6.38,1
CHEMBL18742,CC#CCOc1ccc(S(=O)(=O)N(C)c2c(C)cccc2C(=O)NO)cc1,6.38,1
CHEMBL497838,Cc1cc(COc2ccc(S(=O)(=O)C3(C(=O)NO)CCN(C(=O)C(C)C)CC3)cc2)c2ccccc2n1,6.38,1
CHEMBL468708,CC(C)(C)OC(=O)N1CCC([C@@H](NS(=O)(=O)c2ccc(-c3ccncc3)s2)C(=O)O)CC1,6.38,2
CHEMBL78826,COc1ccc(S(=O)(=O)N(Cc2ccccc2)c2c(C(=O)NO)csc2Br)cc1,6.37,2
CHEMBL410322,O=C(O)c1ccc(Cn2cnc3cnc(C(=O)NCc4ccc(C(F)(F)F)cc4)cc3c2=O)cc1,6.37,2
CHEMBL577910,CNC(=O)[C@@H](NC(=O)c1ccc(-c2ccc(Cl)cc2)o1)C1CCCCC1,6.37,1
CHEMBL1615186,C[C@@H](C[C@@](C)(CS(=O)(=O)N1CCC(OCc2ccc(Cl)cc2Cl)CC1)N(O)C=O)c1ncc(F)cn1,6.37,1
CHEMBL19279,C#CC(C)Oc1ccc(S(=O)(=O)N(C)c2c(C)cc(Br)cc2C(=O)NO)cc1,6.36,1
CHEMBL495831,Cc1cc(COc2ccc(S(=O)(=O)C3(C(=O)NO)CCN(C=O)CC3)cc2)c2ccccc2n1,6.36,1
CHEMBL5806226,CC(CC1(C2CC2)NC(=O)NC1=O)C(=O)N1CCN(c2ccc(Cl)cc2)[C@@H](C)C1,6.36,2
CHEMBL369574,CC#CCOc1ccc(S(=O)(=O)N2CCCN(C(=O)CNC(=O)OC(C)(C)C)CC2C(=O)NO)cc1,6.35,1
CHEMBL391881,CC#CCOc1ccc(S(=O)(=O)CC2(C(=O)NO)CCN(C(=O)c3c(Cl)cncc3Cl)CC2)cc1,6.35,1
CHEMBL1910449,CC(=O)NCc1ccc(-c2ccc(S(=O)(=O)N[C@@H](C(=O)O)C(C)C)cc2)cc1,6.35,1
CHEMBL5203492,CC[C@H](C)[C@@H](C(=O)N1CCC[C@H]1CC(N)=O)N(C)C(=O)[C@H](CC(C)C)NC(=O)[C@H](CCN)NC(=O)[C@H](CC(=O)O)NC(=O)[C@H](CC(N)=O)NC(=O)CCCNS(=O)(=O)c1ccc(Oc2ccccc2)cc1,6.35,1
CHEMBL298647,O=C(CN1Cc2c(Cl)cccc2NC1=O)NO,6.34,1
CHEMBL551187,CC(C)[C@H](NS(=O)(=O)c1ccc2c(c1)sc1cc(NC(=O)NCCc3cccs3)ccc12)C(=O)O,6.34,1
CHEMBL568677,CNC(=O)[C@@H](NC(=O)c1ccc(-c2ccc(NS(C)(=O)=O)cc2)o1)C1CCCCC1,6.34,1
CHEMBL489100,Cc1cc(COc2ccc([C@]3(N)CCN([C@H](CC(C)C)C(=O)NO)C3=O)cc2)c2ccccc2n1,6.34,1
CHEMBL5278446,CC(=O)N1c2nc(C)cc(=O)n2[C@H](c2ccc(Br)cc2)N1C(C)=O,6.34,1
CHEMBL5424250,Cc1ccc(-c2noc(-c3ccc(S(=O)(=O)N(CCF)[C@@H](C(=O)O)C(C)C)cc3)n2)s1,6.34,1
CHEMBL5556387,CC(=O)N1C2NC(C)=CC(=O)N2C(c2ccc(Br)cc2)N1C(C)=O,6.34,1
CHEMBL250504,CC#CCOc1ccc(S(=O)(=O)CC2(C(=O)NO)CCCN(C(=O)c3ccc(COCC)cc3)C2)cc1,6.33,1
CHEMBL10806,COc1ccc(-c2ccc(S(=O)(=O)NC(CC#CCN3CCOCC3)C(=O)O)cc2)cc1,6.32,2
CHEMBL368079,COc1ccc(S(=O)(=O)C[C@H](C)CS)cc1,6.32,1
CHEMBL228141,COc1ccc(CCc2ccc(S(=O)(=O)N[C@@H](C(C)C)P(=O)(O)O)cc2)cc1,6.32,1
CHEMBL579198,CNC(=O)[C@@H](NC(=O)c1ccc(-c2ccc(S(=O)(=O)NC)cc2)o1)C1CCCCC1,6.32,1
CHEMBL1916664,COc1ccc2ccc(S(=O)(=O)N(CCC(C)C)[C@@H](C(=O)NO)C(C)C)cc2c1,6.32,1
CHEMBL318795,O=C(NO)C(CCCN1C(=O)c2ccccc2C1=O)COc1ccc(-c2ccccc2)cc1,6.31,1
CHEMBL10848,COCC#CCC(NS(=O)(=O)c1ccc(NC(=O)c2ccc(OC)cc2)cc1)C(=O)O,6.31,2
CHEMBL274174,O=C(O)C(CC#Cc1ccccc1)NS(=O)(=O)c1ccc(/N=N/c2ccccc2)cc1,6.3,2
CHEMBL51013,COc1ccc(S(=O)(=O)C2CCC(S)C2)cc1,6.3,1
CHEMBL299946,O=C(CN1Cc2c(Cl)cccc2NS1(=O)=O)NO,6.3,1
CHEMBL376314,CC#CCOc1ccc(S(=O)(=O)C(CCCCCC)C(=O)NO)cc1,6.3,1
CHEMBL474456,COC(=O)Nc1ccc2c(c1)oc1ccc(S(=O)(=O)N[C@@H](C(=O)O)C(C)C)cc12,6.3,1
CHEMBL474622,CC(C)OC(=O)Nc1ccc2c(c1)oc1ccc(S(=O)(=O)N[C@@H](C(=O)O)C(C)C)cc12,6.3,1
CHEMBL493958,COC(=O)Nc1ccc2c(c1)oc1cc(S(=O)(=O)N[C@H](C(=O)O)C(C)C)ccc12,6.3,1
CHEMBL1796303,O=C(NCc1ccncn1)c1ccc(Oc2ccc(/C=C/C3=CN4CCC3CC4)cc2)cc1,6.3,1
CHEMBL104446,C=CC1[C@H](C(=O)NO)N(S(=O)(=O)c2ccc(OC)cc2)CC1(C)C,6.29,1
CHEMBL80894,COc1ccc(S(=O)(=O)N(Cc2ccccc2)c2c(C(=O)NO)cccc2N(C)C)cc1,6.28,2
CHEMBL94872,O=C(NO)c1ccccc1S(=O)(=O)N1CCC(c2ccccc2)CC1,6.28,1
CHEMBL237384,CC(C)[C@H](C(=O)NO)N(Cc1cccnc1)S(=O)(=O)c1ccc(F)cc1,6.28,1
CHEMBL1683454,Cc1cc(F)ccc1CCC1CCN(S(=O)(=O)C[C@](C)(C[C@H](C)c2ncc(F)cn2)N(O)C=O)CC1,6.28,1
CHEMBL5190160,CC(C)C[C@H](NC(=O)[C@H](CCN)NC(=O)[C@H](CC(=O)O)NC(=O)[C@H](CC(N)=O)NC(=O)CCCNC(=O)c1ccc(Oc2ccc(C(N)=O)cc2)cc1)C(=O)N(C)[C@@H](CCC(=O)O)C(=O)N1CCC[C@H]1CC(N)=O,6.27,1
CHEMBL308305,COc1ccc(S(=O)(=O)N(Cc2ccccc2)c2ccccc2C(=O)NO)cc1,6.26,3
CHEMBL2409669,C[C@]1(CS(=O)(=O)N2CCC(Oc3ccc(OCc4ncccn4)cc3)CC2)NC(=O)NC1=O,6.26,1
CHEMBL42067,CC(C)[C@H](NS(=O)(=O)c1ccc(-c2ccc(C#N)cc2)cc1)C(=O)NO,6.24,1
CHEMBL329659,CC(=O)NC(C)(CS(=O)(=O)c1ccc(Sc2ccccc2)cc1)C(=O)NO,6.24,1
CHEMBL466664,COc1ccc(-c2ccc(S(=O)(=O)N[C@@H](C(=O)O)C3CCN(C(=O)OC(C)(C)C)CC3)s2)cc1OC,6.24,1
CHEMBL1683452,C[C@@H](C[C@@](C)(CS(=O)(=O)N1CCC(CCc2cc(F)ccc2Cl)CC1)N(O)C=O)c1ncc(F)cn1,6.24,1
CHEMBL1784356,CN1CCC(CS(=O)(=O)N2CCN(c3ccc(F)cc3)CC2)(N(O)C=O)CC1,6.24,1
CHEMBL5220923,O=c1[nH]c(SCc2ccc(-c3ccc(S(=O)(=O)NC4CNC4)c(F)c3)cc2F)nc2c1CCC2,6.24,1
CHEMBL236400,CC#CCNc1ccc(S(=O)(=O)CC2(C(=O)NO)CCN(C(=O)c3ccccc3C)CC2)cc1,6.23,1
CHEMBL90764,Cc1ccc(S(=O)(=O)NC(CS(=O)(=O)c2ccc(Oc3ccccc3)cc2)C(=O)NO)cc1,6.22,1
CHEMBL318455,CC(C)N(C[C@H](C(=O)NO)[C@@H](CC1CCCC1)C(=O)N1CCCCC1)S(C)(=O)=O,6.22,2
CHEMBL492314,CC(C)[C@@H](NS(=O)(=O)c1ccc2oc3cc(NC(=O)Oc4ccccc4)ccc3c2c1)C(=O)O,6.22,1
CHEMBL563026,CC(C)ON(CC(=O)NO)S(=O)(=O)c1ccc(-c2ccc(F)cc2)s1,6.22,1
CHEMBL1916666,CCOc1ccc2ccc(S(=O)(=O)N(CCC(C)C)[C@@H](C(=O)NO)C(C)C)cc2c1,6.22,1
CHEMBL1946148,O=C1NC(=O)C(c2ccc(Oc3ccccc3)cc2)(N2CCN(CCOCCOCCOCCOCc3cn(CCOCCOCCOCCOc4cccnc4F)nn3)CC2)C(=O)N1,6.22,1
CHEMBL576431,CNC(=O)[C@@H](NC(=O)c1ccc(-c2ccc(NC(=O)c3cc4ccccc4o3)cc2)o1)C1CCCCC1,6.21,1
CHEMBL5219911,O=C(O)C1CCN(S(=O)(=O)c2ccc(-c3ccc(CSc4nc5c(c(=O)[nH]4)CCC5)c(F)c3)cc2)CC1,6.21,1
CHEMBL562373,COC(=O)Nc1ccc2c(c1)sc1cc(S(=O)(=O)N[C@H](C(=O)O)C(C)C)ccc12,6.2,1
CHEMBL1940300,NC(=O)c1ccc(Oc2ccc(C#C[C@]3(O)CN4CCC3CC4)cc2)cc1,6.2,1
CHEMBL4452902,O=C(NO)[C@H]1CCCN1C(=O)c1ccc(C#Cc2ccc(CN3CCOCC3)cc2)cc1,6.2,1
CHEMBL5435794,CC[C@H](C)[C@@H](C(=O)N1CCC[C@H]1CC(N)=O)N(C)C(=O)[C@H](CC(C)C)NC(=O)[C@H](CCN)NC(=O)CC[C@@H](NS(=O)(=O)c1ccc(NC(=O)c2ccccc2)cc1)C(=O)O,6.2,1
CHEMBL43644,CC(C)[C@H](NS(=O)(=O)c1ccc(-c2ccc(Br)cc2)cc1)C(=O)NO,6.19,1
CHEMBL1946141,O=C1NC(=O)C(c2ccc(Oc3ccccc3)cc2)(N2CCN(CC[18F])CC2)C(=O)N1,6.19,1
CHEMBL2311777,O=C1NC(=O)C(c2ccc(Oc3ccccc3)cc2)(N2CCCN(C(=O)CCCCCC(=O)N3CCCN(C4(c5ccc(Oc6ccccc6)cc5)C(=O)NC(=O)NC4=O)CC3)CC2)C(=O)N1,6.19,1
CHEMBL1645391,O=C1NC(=S)S/C1=C\c1ccc(OCc2ccccc2)cc1,6.19,1
CHEMBL71227,Cc1cc(Br)cc(C(=O)NO)c1N(C)S(=O)(=O)c1ccc(-c2ccc(OCc3nccs3)cc2)cc1,6.18,1
CHEMBL6004844,CC(CC1(C)NC(=O)NC1=O)C(=O)N1CCN(c2ccc(Cl)c(Cl)c2)[C@@H](C)C1,6.18,1
CHEMBL340345,O=C(O)[C@H]1[C@H](CN2NNc3[nH]cnc3C2=O)CC[C@@H]1Sc1ccc(-c2ccc(Cl)cc2)cc1,6.17,1
CHEMBL475619,CC(C)[C@H](NS(=O)(=O)c1ccc2c(c1)oc1ccc(NS(=O)(=O)CC(F)(F)F)cc12)C(=O)O,6.17,1
CHEMBL4092752,COc1ccc2c(c1)C(=O)N(C[C@@]1(c3cc4cnccc4o3)NC(=O)NC1=O)C2,6.17,1
CHEMBL175165,COc1ccc(S(=O)(=O)CC(C)(C)CS)cc1,6.16,1
CHEMBL1939881,CCOCc1cc2cc(-c3cc(C(=O)NCc4ccc(C(=O)O)cc4)nn3C)ccc2[nH]1,6.16,2
CHEMBL4175967,CNC(=O)[C@@H](NC(=O)c1ccc(-c2ccc(COc3nc4c(c(=O)[nH]3)CCC4)c(F)c2)o1)C(C)C,6.16,1
CHEMBL5418691,CC[C@H](C)[C@@H](C(=O)NCCCCC(N)=O)N(C)C(=O)[C@H](CC(C)C)NC(=O)[C@H](CCN)NC(=O)CC[C@@H](NS(=O)(=O)c1ccc(NC(=O)c2ccc(C(N)=O)cc2)cc1)C(=O)O,6.16,1
CHEMBL416173,CCCCC#CCOc1ccc(S(=O)(=O)N(C)c2c(C)cc(Br)cc2C(=O)NO)cc1,6.15,2
CHEMBL43206,CC(C)[C@H](NS(=O)(=O)c1ccc(-c2cccc(Br)c2)cc1)C(=O)O,6.15,1
CHEMBL222282,CC#CCOc1ccc(S(=O)(=O)C(C(=O)NO)C2CCCCC2)cc1,6.15,1
CHEMBL77237,COc1ccc(S(=O)(=O)N(Cc2ccccc2)c2cccc(C)c2C(=O)NO)cc1,6.14,1
CHEMBL80322,COc1ccc(S(=O)(=O)N(Cc2ccccc2)c2ccc(C)cc2C(=O)NO)cc1,6.14,1
CHEMBL3358153,O=C1NC(=O)[C@](CNC(=O)c2cc3cc(Cl)ccc3o2)(c2ccccc2)N1,6.14,1
CHEMBL94386,C#CCNc1ccc(S(=O)(=O)N(C)CC(=O)NO)cc1,6.12,1
CHEMBL10851,COc1ccc(-c2ccc(S(=O)(=O)NC(CC#CCN3CCN(c4ccccc4)CC3)C(=O)O)cc2)cc1,6.12,2
CHEMBL3337885,COc1cccc(CNC(=O)c2nc3onc(C)c3c(=O)[nH]2)c1,6.12,1
CHEMBL2203637,O=C1NC(=O)C(CCCCCCCC(F)(F)F)(Cc2ccccc2)C(=O)N1,6.12,1
CHEMBL5962512,CC(CC1(c2ccccn2)NC(=O)NC1=O)C(=O)N1CCN(c2cc(Cl)cc(Cl)c2)CC1,6.12,2
CHEMBL399401,CC#CCNc1ccc(S(=O)(=O)CC2(C(=O)NO)CCN(C(=O)N(CC)CC)CC2)cc1,6.11,1
CHEMBL1784358,Cc1cc(Cl)ccc1CCC1CCN(S(=O)(=O)CC2(N(O)C=O)CCOCC2)CC1,6.11,1
CHEMBL329599,O=C(N[C@H](CS(=O)(=O)c1ccc(Oc2ccccc2)cc1)C(=O)NO)c1ccncc1,6.1,1
CHEMBL328121,O=C(CNC(=O)OCc1ccccc1)NC(CS(=O)(=O)c1ccc(Sc2ccccc2)cc1)C(=O)NO,6.1,1
CHEMBL85026,CCCCOc1ccc(S(=O)(=O)NC(C(=O)O)C2CCN(C(=O)OCCOC)CC2)cc1,6.1,2
CHEMBL127559,O=C(O)[C@H]1[C@H](CN2C(=O)c3ccccc3C2=O)CC[C@@H]1S(=O)(=O)CCc1ccc(-c2ccc(Cl)cc2)cc1,6.09,1
CHEMBL227553,CC(C)[C@H](NS(=O)(=O)c1ccc(CCc2ccccc2)cc1)P(=O)(O)O,6.09,1
CHEMBL551110,CCNC(=O)Nc1ccc2c(c1)sc1cc(S(=O)(=O)N[C@H](C(=O)O)C(C)C)ccc12,6.09,1
CHEMBL5219954,O=c1[nH]c(SCc2ccc(-c3ccc(S(=O)(=O)N4CCNCC4)c(F)c3)cc2F)nc2c1CCC2,6.09,1
CHEMBL282004,O=C(NO)[C@H]1CN(Cc2ccc(Oc3cccc4ccccc34)cc2)C(=O)N1,6.08,1
CHEMBL399097,CC#CCOc1ccc(S(=O)(=O)CC2(C(=O)NO)CCCN(C(=O)c3ccccc3)C2)cc1,6.08,1
CHEMBL497012,CCNC(=O)N1CCC(C(=O)NO)(S(=O)(=O)c2ccc(OCc3cc(C)nc4ccccc34)cc2)CC1,6.08,1
CHEMBL236573,CC#CCNc1ccc(S(=O)(=O)CC2(C(=O)NO)CCN(C(=O)OC(C)(C)C)CC2)cc1,6.07,1
CHEMBL270481,COc1cccc(CNC(=O)c2ccc3ncn(Cc4ccc(F)cc4)c(=O)c3c2)c1,6.07,2
CHEMBL5219868,O=c1[nH]c(SCc2ccc(-c3ccc(S(=O)(=O)N4CCNCC4)cc3)cc2F)nc2c1CCC2,6.07,1
CHEMBL11005,O=C(O)C(CC#CCN1CCOCC1)NS(=O)(=O)c1ccc(-c2ccccc2)cc1,6.06,2
CHEMBL5769726,CC(CC1(C2CC2)NC(=O)NC1=O)C(=O)N1CCN(c2ccc(F)c(Cl)c2)[C@@H](C)C1,6.06,2
CHEMBL94467,O=C(NO)c1ccccc1S(=O)(=O)N1CCC(OCc2ccc(C(F)(F)F)cc2)CC1,6.05,1
CHEMBL3350685,CC#CCOc1ccc([S@@+]([O-])[C@@H](CCCCCC)C(=O)NO)cc1,6.05,1
CHEMBL473107,Cc1nn(-c2ccccc2)c2sc(-c3nnc(S)o3)cc12,6.05,1
CHEMBL276275,Cc1cc(Br)cc(C(=O)NO)c1N(C)S(=O)(=O)c1ccc(OCC#CCNCCCN(C)C)cc1,6.04,1
CHEMBL5782650,COc1cccc(C2(CCC(=O)N3CCN(c4cccc(Cl)c4)CC3)NC(=O)NC2=O)c1,6.04,1
CHEMBL496423,Cc1cc(COc2ccc(S(=O)(=O)C3(C(=O)NO)CCN(S(=O)(=O)C(C)C)CC3)cc2)c2ccccc2n1,6.03,1
CHEMBL579067,COc1ccc(Oc2ccc(S(=O)(=O)c3ccccc3CC(=O)O)cc2)cc1,6.03,1
CHEMBL1784339,Cc1cc(F)ccc1CCC1CCN(S(=O)(=O)CC2(N(O)C=O)CCOCC2)CC1,6.03,1
CHEMBL3358155,O=C1NC(=O)[C@](CNC(=O)c2cc3cc(Cl)ccc3o2)(c2nccs2)N1,6.03,2
CHEMBL4465363,O=C(NO)[C@@H]1CCCN1Cc1ccc(C#Cc2ccc(CN3CCOCC3)cc2)cc1,6.03,1
CHEMBL19179,O=C1N[C@@H](C(=O)NO)C[C@H]1c1ccc(OCc2ccccc2)cc1,6.02,2
CHEMBL70207,Cc1cc(C)c(N(Cc2ccccc2)S(=O)(=O)c2ccc(OCc3ccccc3)cc2)c(C(=O)NO)c1,6.02,1
CHEMBL250710,CC#CCOc1ccc(S(=O)(=O)CC2(C(=O)NO)CCCN(S(=O)(=O)Cc3ccncc3)C2)cc1,6.02,1
CHEMBL5851590,CC(CC1(C2CC2)NC(=O)NC1=O)C(=O)N1CCN(c2cc(F)cc(Cl)c2)[C@@H](C)C1,6.02,2
CHEMBL311768,COc1ccc(S(=O)(=O)N(Cc2ccccc2)c2cc(C)ccc2C(=O)NO)cc1,6.01,1
CHEMBL584559,CC(=O)c1ccc(-c2ccc(CCC(O)CC(=O)O)cc2)cc1,6.01,1
CHEMBL5395662,Cc1ccc(-c2noc(-c3ccc(S(=O)(=O)N(Cc4ccccc4)[C@@H](C(=O)O)C(C)C)cc3)n2)s1,6.01,1
CHEMBL319055,O=C(NO)c1ccccc1S(=O)(=O)N1CCC(Cc2ccccc2)CC1,6.0,1
CHEMBL250503,CC#CCOc1ccc(S(=O)(=O)CC2(C(=O)NO)CCCN(C(=O)c3cccc(C)c3)C2)cc1,6.0,1
CHEMBL1940299,CCOC(=O)c1ccc(Oc2ccc(C#C[C@]3(O)CN4CCC3CC4)cc2)cc1,6.0,1
CHEMBL4556395,O=C(NO)[C@@H]1C[C@@H](O)CN1C(=O)c1ccc(C#Cc2ccc(CN3CCOCC3)cc2)cc1,6.0,1
CHEMBL5218956,O=C(O)C1CCN(S(=O)(=O)c2ccc(-c3ccc(CSc4nc5c(c(=O)[nH]4)CCC5)c(F)c3)cc2F)CC1,6.0,1
CHEMBL3752747,CC(C)C(NS(=O)(=O)c1ccc(-c2ccc(F)nc2)cc1)P(=O)(O)O,5.99,1
CHEMBL399400,CC(C)(C)OC(=O)N1CCC(CS(=O)(=O)c2ccc(NCC#CCO)cc2)(C(=O)NO)CC1,5.98,1
CHEMBL2409680,C[C@]1(CS(=O)(=O)N2CCC(Oc3ccc(CS(C)(=O)=O)cc3)CC2)NC(=O)NC1=O,5.98,1
CHEMBL4874034,C[C@@H](C[C@@]1(C2CC2)NC(=O)NC1=O)C(=O)N1CCN(c2ccc(F)c(F)c2)[C@@H](C)C1,5.98,1
CHEMBL180410,CC#CCOc1ccc(S(=O)(=O)N2CCCN(C(=O)CN)CC2C(=O)NO)cc1,5.97,1
CHEMBL2409670,Cc1cc(COc2cnc(N3CCN(S(=O)(=O)C[C@@]4(C)NC(=O)NC4=O)CC3)nc2)nn1C,5.97,1
CHEMBL4862188,O=C1NC(=O)C(CCC(=O)N2CCN(c3ccc(F)c(Cl)c3)CC2)(c2ccccn2)N1,5.97,1
CHEMBL419875,O=C(NC(CS(=O)(=O)c1ccc(Oc2ccccc2)cc1)C(=O)NO)OCc1ccccc1,5.96,1
CHEMBL26824,CNC(=O)[C@H](NC(=O)C(CC1CC1)CP(=O)(O)Cc1ccc(Cc2ccccc2)cc1)C(C)(C)C,5.96,1
CHEMBL91668,CC(=O)NC(CS(=O)(=O)c1ccc(Oc2ccccc2)cc1)C(=O)NO,5.96,1
CHEMBL250299,CC#CCOc1ccc(S(=O)(=O)CC2(C(=O)NO)CCCN(C(=O)C(C)CC)C2)cc1,5.96,1
CHEMBL250094,CC#CCOc1ccc(S(=O)(=O)CC2(C(=O)NO)CCCN(C(=O)OCC)C2)cc1,5.96,1
CHEMBL475230,CC(C)[C@@H](NS(=O)(=O)c1ccc2oc3cc(NS(C)(=O)=O)ccc3c2c1)C(=O)O,5.96,1
CHEMBL499313,Cc1cc(COc2ccc(S(=O)(=O)C3(C(=O)NO)CCN(C(=O)OC(C)(C)C)CC3)cc2)c2ccccc2n1,5.96,1
CHEMBL553918,CC(C)[C@H](NS(=O)(=O)c1ccc2c(c1)oc1cc(N)ccc12)C(=O)O,5.96,1
CHEMBL1784364,Cc1cccnc1CCC1CCN(S(=O)(=O)CC2(N(O)C=O)CCOCC2)CC1,5.96,1
CHEMBL3337905,COc1cccc(CNC(=O)c2nc3[nH]c(C)cc3c(=O)[nH]2)c1,5.96,1
CHEMBL4066965,C[C@H](Cc1ccc(C(F)(F)F)cc1)C(=O)NC[C@@]1(C2CC2)NC(=O)NC1=O,5.96,2
CHEMBL5219625,O=c1[nH]c(SCc2ccc(-c3ccc(S(=O)(=O)N4CCS(=O)(=O)CC4)cc3)cc2F)nc2c1CCC2,5.96,1
CHEMBL551655,CC(C)[C@H](NS(=O)(=O)c1ccc2c(c1)sc1ccc(NS(C)(=O)=O)cc12)C(=O)O,5.95,1
CHEMBL575320,CSc1ccc(-c2ccc(CCC(O)CC(=O)O)cc2)cc1,5.95,1
CHEMBL3221864,COCCc1cc(COc2ccc([C@]3(N)CCN([C@H](CC(C)C)C(=O)NO)C3=O)cc2)c2ccccc2n1,5.95,1
CHEMBL5185388,CSCC[C@H](NC(=O)[C@H](CC(C)C)NC(=O)[C@H](C)NC(=O)[C@H](CC(=O)O)NC(=O)[C@H](CC(N)=O)NC(=O)CCCNS(=O)(=O)c1ccc(-c2ccccc2)cc1)C(=O)N1CCC[C@H]1C(N)=O,5.95,1
CHEMBL392505,CC#CCOc1ccc(S(=O)(=O)CC2(C(=O)NO)CCN(S(=O)(=O)C3CC3)CC2)cc1,5.94,1
CHEMBL399096,CC#CCOc1ccc(S(=O)(=O)CC2(C(=O)NO)CCCN(C(=O)OCC(C)C)C2)cc1,5.93,2
CHEMBL250093,CC#CCOc1ccc(S(=O)(=O)CC2(C(=O)NO)CCCN(C(=O)OC)C2)cc1,5.92,1
CHEMBL250708,CC#CCOc1ccc(S(=O)(=O)CC2(C(=O)NO)CCCN(S(=O)(=O)C(C)C)C2)cc1,5.92,1
CHEMBL250298,CC#CCOc1ccc(S(=O)(=O)CC2(C(=O)NO)CCCN(C(=O)C(C)C)C2)cc1,5.92,1
CHEMBL4171334,CNC(=O)[C@@H](NC(=O)c1ccc(-c2ccc(CSc3nc(C(F)(F)F)cc(=O)[nH]3)c(F)c2)o1)C(C)C,5.92,1
CHEMBL4208519,Cc1cc(COc2ccc(S(=O)(=O)N(C)C3(C(=O)NO)CN(C(=O)CC(C)C)C3)cc2)c2ccccc2n1,5.92,1
CHEMBL5990654,O=C1NC(=O)C(CCC(=O)N2CCN(c3ccc(F)c(F)c3)CC2)(c2cccnc2)N1,5.92,1
CHEMBL3221863,COCc1cc(COc2ccc([C@]3(N)CCN([C@H](CC(C)C)C(=O)NO)C3=O)cc2)c2ccccc2n1,5.91,1
CHEMBL5909648,O=C(O)c1csc(CN(Cc2ccc(F)cc2)Cc2ccc(OCc3ccncc3)cc2)n1,5.91,1
CHEMBL5760423,CCC(CC1(C)NC(=O)NC1=O)C(=O)N1CCN(c2cc(Cl)cc(Cl)c2)CC1,5.91,2
CHEMBL550786,CC(C)[C@@H](NS(=O)(=O)c1ccc2c(c1)sc1cc(NC(=O)Nc3ccccc3)ccc12)C(=O)O,5.89,1
CHEMBL4167998,CNC(=O)[C@@H](NC(=O)c1ccc(-c2ccc(CSc3ncc(C)c(=O)[nH]3)c(F)c2)o1)C(C)C,5.89,1
CHEMBL4215407,Cc1cc(COc2ccc(S(=O)(=O)N(C)C3(C(=O)NO)CN(C(=O)C(C)C)C3)cc2)c2ccccc2n1,5.89,1
CHEMBL5178802,CC(C)C[C@H](NC(=O)[C@H](CCN)NC(=O)[C@H](CC(=O)O)NC(=O)[C@H](CC(N)=O)NC(=O)CCCNC(=O)c1ccc(Oc2ccc(F)cc2)cc1)C(=O)N(C)[C@@H](CCC(=O)O)C(=O)N1CCC[C@H]1CC(N)=O,5.89,1
CHEMBL5904713,CS(=O)(=O)c1ccc(C2(CCC(=O)N3CCN(c4cccc(Cl)c4)CC3)NC(=O)NC2=O)cc1,5.89,1
CHEMBL5945575,CC(CC1(COCc2ccccc2)NC(=O)NC1=O)C(=O)N1CCN(c2cc(Cl)cc(Cl)c2)CC1,5.89,1
CHEMBL512468,CC(C)(C)OC(=O)N1CCC([C@@H](NS(=O)(=O)c2cc3ccccc3o2)C(=O)O)CC1,5.88,1
CHEMBL392088,CC(C)[C@H](C(=O)NO)N(Cc1cccnc1)S(=O)(=O)c1ccc(N(C)C)cc1,5.87,1
CHEMBL498032,CC(=O)N1CCC(C(=O)NO)(S(=O)(=O)c2ccc(OCc3cc(C)nc4ccccc34)cc2)CC1,5.87,1
CHEMBL559585,COC(=O)Nc1ccc2c(c1)sc1cc(S(=O)(=O)N[C@@H](C(=O)O)C(C)C)ccc12,5.87,1
CHEMBL605201,COc1cccc(CNC(=O)c2cccc(C(=O)NCc3cccc(OC)c3)c2)c1,5.87,1
CHEMBL399098,CC#CCOc1ccc(S(=O)(=O)CC2(C(=O)NO)CCCN(C(=O)c3ccc(C)cc3)C2)cc1,5.86,1
CHEMBL148169,Cc1cc(COc2ccc([C@]3(C)CCN([C@H](C)C(=O)NO)C3=O)cc2)c2ccccc2n1,5.85,1
CHEMBL574589,O=C(NO)c1ccccc1S(=O)(=O)c1ccc(-c2ccccc2)cc1,5.85,1
CHEMBL1784354,CC(C)(CS(=O)(=O)N1CCN(c2ccc(F)cc2)CC1)N(O)C=O,5.85,1
CHEMBL495795,Cc1cc(COc2ccc(S(=O)(=O)C3(C(=O)NO)CCN(C)CC3)cc2)c2ccccc2n1,5.84,1
CHEMBL20159,COc1ccc([C@@H]2C[C@H](C(=O)NO)NC2=O)cc1,5.83,2
CHEMBL270480,COc1ccc(CNC(=O)c2ccc3ncn(Cc4ccc(OC)cc4)c(=O)c3c2)cc1,5.83,2
CHEMBL6003550,O=C1NC(=O)C(CCC(=O)N2CCN(c3ccc4ccccc4c3)CC2)(c2ccccc2)N1,5.83,1
CHEMBL176911,COc1ccc(S(=O)(=O)C(CCS)c2ccccc2)cc1,5.82,1
CHEMBL5966204,O=C(O)c1csc(CN(Cc2ccc(OCc3cccnc3)cc2)Cc2cccnc2)n1,5.82,1
CHEMBL5772889,O=C(O)c1csc(CN(Cc2ccncc2)Cc2ccc(OCc3ccccc3)cc2)n1,5.82,1
CHEMBL565959,CNC(=O)[C@@H](NC(=O)c1ccc(-c2ccc(NC(C)=O)cc2)o1)C1CCCCC1,5.81,1
CHEMBL283912,CNC(=O)[C@H](NC(=O)C(CC1CCCCC1)CP(=O)(O)Cc1ccc(Cc2ccccc2)cc1)C(C)(C)C,5.8,1
CHEMBL24573,CNC(=O)[C@H](NC(=O)C(CCC(F)(F)F)CP(=O)(O)Cc1ccc(Cc2ccccc2)cc1)C(C)(C)C,5.8,1
CHEMBL278366,O=C(NO)[C@H]1CN(Cc2ccc3ccccc3c2)C(=O)N1,5.8,1
CHEMBL83616,O=C(CC(CSc1ccccc1)C(=O)O)c1ccc(-c2ccc(Cl)cc2)cc1,5.8,1
CHEMBL236574,CC#CCN(C)c1ccc(S(=O)(=O)CC2(C(=O)NO)CCN(C(=O)OC(C)(C)C)CC2)cc1,5.8,1
CHEMBL1910651,CC(C)[C@@H](NS(=O)(=O)c1ccc(-c2ccc(OCc3cccc(Br)c3)cc2)cc1)C(=O)O,5.8,1
CHEMBL1940301,CN(C)C(=O)c1ccc(Oc2ccc(C#C[C@]3(O)CN4CCC3CC4)cc2)cc1,5.8,1
CHEMBL184768,O=C(O)CN1C(=O)/C(=C/c2cccc(OCc3ccccc3)c2)SC1=S,5.8,1
CHEMBL2409703,C[C@]1(CS(=O)(=O)N2CCC(Oc3cccc(OCC(F)(F)F)c3)CC2)NC(=O)NC1=O,5.79,1
CHEMBL10646,COc1ccc(-c2ccc(S(=O)(=O)NC(CC#CCN3CCCC3)C(=O)O)cc2)cc1,5.78,2
CHEMBL5804564,O=C1NC(=O)C(CCC(=O)N2CCN(c3ccc(F)c(Cl)c3)CC2)(c2cccnc2)N1,5.78,1
CHEMBL10492,COc1ccc(-c2ccc(S(=O)(=O)NC(CC#CCN3CCN(C(=O)OC(C)(C)C)CC3)C(=O)O)cc2)cc1,5.77,2
CHEMBL504791,Oc1ccc(/N=C/c2ccc(-c3cccs3)s2)cc1,5.77,1
CHEMBL1784360,Cc1cc(S(C)(=O)=O)ccc1CCC1CCN(S(=O)(=O)CC2(N(O)C=O)CCOCC2)CC1,5.77,1
CHEMBL5185823,CSCC[C@H](NC(=O)[C@H](CC(C)C)NC(=O)[C@H](C)NC(=O)[C@H](CC(=O)O)NC(=O)[C@H](CC(N)=O)NC(=O)CCCCNS(=O)(=O)c1ccc(-c2ccccc2)cc1)C(=O)N1CCC[C@H]1C(N)=O,5.77,1
CHEMBL5913296,COCC1(CC(C)C(=O)N2CCN(c3cccc(Cl)c3)[C@@H](C)C2)NC(=O)NC1=O,5.77,1
CHEMBL69569,Cc1cc(Br)cc(C(=O)NO)c1N(Cc1ccccc1)S(=O)(=O)c1ccc(-c2ccc(OCc3ccccc3)cc2)cc1,5.76,1
CHEMBL399929,CC#CCOc1ccc(S(=O)(=O)CC2(C(=O)NO)CCCN(C(=O)N(CC)CC)C2)cc1,5.76,1
CHEMBL5209314,CSCC[C@H](NC(=O)[C@H](CC(C)C)NC(=O)[C@H](C)NC(=O)[C@H](CC(=O)O)NC(=O)[C@H](CC(N)=O)NC(=O)CCNS(=O)(=O)c1ccc(-c2ccccc2)cc1)C(=O)N1CCC[C@H]1C(N)=O,5.76,1
CHEMBL579068,CC(C(=O)O)c1ccccc1S(=O)(=O)c1ccc(-c2ccccc2)cc1,5.75,1
CHEMBL3617406,CC(=O)NCC[C@H](C(=O)NO)N(OC(C)C)S(=O)(=O)c1ccccc1,5.75,1
CHEMBL4647123,Cc1ccc2nc(-c3ccc(NC(=O)c4ccc([N+](=O)[O-])cc4)cc3)[nH]c2c1,5.75,1
CHEMBL5980393,O=C(O)c1csc(CN(Cc2ccc(OCc3ccccc3)cc2)CC(c2ccccc2)c2ccccc2)n1,5.75,1
CHEMBL6078417,O=C(Cc1ccc(C(=O)O)cc1)N/N=C/c1ccc(CNC(=O)c2ccc(Br)o2)cc1,5.75,1
CHEMBL527018,CC#CCOc1ccc(S(=O)(=O)N[C@H](Cc2c[nH]c3ccc(C)cc23)C(=O)O)cc1,5.74,1
CHEMBL5818101,O=C1NC(=O)C(CCC(=O)N2CCN(c3cccc(F)c3)CC2)(c2cccnc2)N1,5.73,1
CHEMBL6012959,CC(CC1(C2CC2)NC(=O)NC1=O)C(=O)N1CCN(c2ccc(F)c(F)c2)[C@@H](C)C1,5.73,1
CHEMBL4877662,CC(C)C(CC1(C)NC(=O)NC1=O)C(=O)N1CCN(c2cc(Cl)cc(Cl)c2)CC1,5.73,1
CHEMBL385821,CC#CCOc1ccc(S(=O)(=O)CC2(C(=O)NO)CCNCC2)cc1,5.72,1
CHEMBL1511860,c1ccc(Nc2nc(CSc3nc[nH]n3)cs2)cc1,5.72,2
CHEMBL5909928,CC(CC1(CC2CCN(C(=O)OC(C)(C)C)CC2)NC(=O)NC1=O)C(=O)N1CCN(c2cc(Cl)cc(Cl)c2)CC1,5.71,1
CHEMBL6120708,COc1ccc(NC(=S)NNC(=O)c2nc3ccccc3c(=O)[nH]2)cc1,5.71,1
CHEMBL27213,CNC(=O)[C@H](NC(=O)C(CCC1CCCCC1)CP(=O)(O)Cc1ccc(Cc2ccccc2)cc1)C(C)(C)C,5.7,1
CHEMBL327202,CN(C(=O)Cc1ccncc1)[C@H](CS(=O)(=O)c1ccc(Oc2ccccc2)cc1)C(=O)NO,5.7,1
CHEMBL330078,O=C(NO)c1ccccc1S(=O)(=O)N1CCC(Oc2ccc(C(F)(F)F)cc2)C1,5.7,1
CHEMBL100273,CC(C)C[C@@H](C(=O)N(C)C)[C@H](CN(C)S(C)(=O)=O)C(=O)NO,5.7,2
CHEMBL222992,CC#CCOc1ccc(SC(C(=O)NO)C2CCCCC2)cc1,5.7,1
CHEMBL223888,CC#CCOc1ccc(SC(CCCCCC)C(=O)NO)cc1,5.7,1
CHEMBL1784349,Cc1ncccc1CCC1CCN(S(=O)(=O)CC2(N(O)C=O)CCOCC2)CC1,5.7,1
CHEMBL1935291,CC(C)[C@H](NS(=O)(=O)c1ccc2c(c1)oc1ccc(-c3nccs3)cc12)C(=O)O,5.7,1
CHEMBL4165744,CNC(=O)[C@@H](NC(=O)c1ccc(-c2ccc(CSc3nc4[nH]ccc4c(=O)[nH]3)c(F)c2)o1)C(C)C,5.7,1
CHEMBL5207603,CC(C)C[C@H](NC(=O)[C@H](CCN)NC(=O)[C@H](CC(=O)O)NC(=O)[C@H](CC(N)=O)NC(=O)CCCNC(=O)c1ccc(Oc2ccccc2)cc1)C(=O)N(C)[C@@H](CCC(=O)O)C(=O)N1CCC[C@H]1CC(N)=O,5.7,1
CHEMBL5413782,Cc1ccc(-c2noc(-c3ccc(S(=O)(=O)N(CCCCCCCCCCCCN=[N+]=[N-])[C@@H](C(=O)O)C(C)C)cc3)n2)s1,5.7,1
CHEMBL5949991,O=C1NC(=O)C(CCC(=O)N2CCN(c3cccc(F)c3)CC2)(c2ccccn2)N1,5.7,1
CHEMBL407640,CCCCOc1ccc(S(=O)(=O)NC(CC#Cc2ccccc2)C(=O)O)cc1,5.69,2
CHEMBL234565,CC#CCOc1ccc(S(=O)(=O)CC2(C(=O)NO)CCN(c3ccncc3)CC2)cc1,5.69,1
CHEMBL5851474,Cc1ccc(C2(CCC(=O)N3CCN(c4cccc(Cl)c4)CC3)NC(=O)NC2=O)cc1,5.69,1
CHEMBL5742640,COCC1(CC(C)C(=O)N2CCN(c3ccc(F)c(Cl)c3)[C@@H](C)C2)NC(=O)NC1=O,5.69,2
CHEMBL237467,CC#CCNc1ccc(S(=O)(=O)CC2(C(=O)NO)CCN(S(=O)(=O)C(C)C)CC2)cc1,5.68,1
CHEMBL475540,O=C(O)CCC(NS(=O)(=O)c1ccc(-c2ccccc2)cc1)C(=O)O,5.68,3
CHEMBL5836388,COc1ccc(C2(CCC(=O)N3CCN(c4cccc(Cl)c4)CC3)NC(=O)NC2=O)cc1,5.68,1
CHEMBL10760,O=C(O)C(CC#Cc1ccccc1)NS(=O)(=O)c1ccc(-c2ccc(Oc3ccccc3)cc2)cc1,5.67,2
CHEMBL10822,O=C(O)C(CC#Cc1ccccc1)NS(=O)(=O)c1ccc(Oc2ccccc2)cc1,5.67,2
CHEMBL5878646,N#Cc1ccc(C2(CCC(=O)N3CCN(c4cccc(Cl)c4)CC3)NC(=O)NC2=O)cc1,5.67,1
CHEMBL4846698,O=C1NC(=O)C(CCC(=O)N2CCN(c3cccc(Cl)c3)CC2)(c2ccccc2)N1,5.67,1
CHEMBL97478,COc1ccc(C(=O)NC2CCN(S(=O)(=O)c3ccccc3C(=O)NO)C2)cc1,5.66,1
CHEMBL178652,O=C(N[C@@H](C(=O)O)c1ccccc1)c1cc(-c2ccc(OC(F)(F)F)cc2)cs1,5.66,1
CHEMBL3359069,COc1cccc(CNC(=O)c2nc3cc(OC)ccc3c(=O)[nH]2)c1,5.66,1
CHEMBL4639311,Cc1ccc2nc(-c3ccc(NC(=O)c4cccc([N+](=O)[O-])c4)cc3)[nH]c2c1,5.66,1
CHEMBL5891470,O=C1NC(=O)C(CCC(=O)N2CCN(c3ccc(F)c(F)c3)CC2)(c2ccccn2)N1,5.66,1
CHEMBL6091787,CNC(=O)c1ccc(-c2ccc3c(c2)C(=O)C(=O)N3)cc1,5.66,1
CHEMBL6016907,CC(CC1(CCS(C)(=O)=O)NC(=O)NC1=O)C(=O)N1CCN(c2cc(Cl)cc(Cl)c2)CC1,5.65,1
CHEMBL115460,CO[C@@H](NC(=O)[C@@H](NC(=O)[C@H](CCCc1ccc(-c2ccccc2)c(C)c1)CC(=O)O)C(C)(C)C)c1ccccc1,5.64,1
CHEMBL234567,CC#CCOc1ccc(S(=O)(=O)CC2(C(=O)NO)CCN(S(=O)(=O)c3c(C)noc3C)CC2)cc1,5.64,1
CHEMBL250266,COC[C@@H](NC(=O)[C@@H](NC(=O)[C@H](CCCc1ccc(-c2ccccc2)c(C)c1)CC(=O)O)C(C)(C)C)c1ccccc1,5.64,2
CHEMBL484262,CC#CCOc1ccc(S(=O)(=O)CC2(C(=O)NO)CCN(c3c(C)noc3C)CC2)cc1,5.64,1
CHEMBL1683451,C[C@@H](C[C@@](C)(CS(=O)(=O)N1CCC(CCc2ccc(F)cc2Br)CC1)N(O)C=O)c1ncc(F)cn1,5.64,1
CHEMBL1683455,Cc1cc(C(F)(F)F)ccc1CCC1CCN(S(=O)(=O)C[C@](C)(C[C@H](C)c2ncc(F)cn2)N(O)C=O)CC1,5.64,1
CHEMBL4589438,CCn1ccnc1[C@]1(CNC(=O)c2cc3cc(Cl)ccc3o2)NC(=O)NC1=O,5.64,1
CHEMBL1234370,COc1ccc(S(=O)(=O)N2CCCSC(C)(C)[C@H]2C(=O)NO)cc1,5.63,1
CHEMBL6053977,CC(CC1(C)NC(=O)NC1=O)C(=O)N1CCN(c2ccc(F)c(Cl)c2)[C@@H](C)C1,5.63,2
CHEMBL277206,CCN(CC)CC#CCOc1ccc(S(=O)(=O)N(C)c2c(C)cc(Br)cc2C(=O)NO)cc1,5.62,1
CHEMBL1371684,Cc1ccc(CSc2nc(O)c3c(n2)CCC3)cc1,5.62,5
CHEMBL1939873,CCOC(=O)c1cc2cc(-c3cc(C(=O)OC)nn3C)ccc2[nH]1,5.62,1
CHEMBL5219537,O=c1[nH]c(SCc2ccc(-c3ccc(S(=O)(=O)NC4CC4)cc3)cc2F)nc2c1CCC2,5.62,1
CHEMBL5963948,O=C(O)c1c[nH]c(CN(Cc2ccc(F)cc2)Cc2ccc(OCc3ccccc3)cc2)n1,5.62,2
CHEMBL5818147,CC1(CCC(=O)N2CCN(c3ccc(Br)cc3)CC2)NC(=O)NC1=O,5.62,1
CHEMBL5972028,CC1(CCC(=O)N2CCN(c3ccc(Cl)cc3)CC2)NC(=O)NC1=O,5.62,1
CHEMBL400430,CC#CCNc1ccc(S(=O)(=O)CC2(C(=O)NO)CCN(C(=O)C(C)CC)CC2)cc1,5.61,1
CHEMBL583588,N#Cc1ccc(-c2ccc(CCC(O)CC(=O)O)cc2)cc1,5.61,1
CHEMBL180762,Cc1ccc(COC(=O)NC(=O)c2cc(-c3ccc(-c4ccccc4O)cc3)cs2)cc1,5.6,1
CHEMBL449228,CC(C)[C@@H](NS(=O)(=O)c1ccc2oc3ccccc3c2c1)C(=O)O,5.6,2
CHEMBL475742,O=C1NC(=O)C(CCc2ccncc2)(C2CCCCC2)C(=O)N1,5.6,1
CHEMBL1796300,O=C(NCc1ccncn1)c1ccc(Oc2ccc(CCC3(O)CN4CCC3CC4)cc2)cc1,5.6,1
CHEMBL1939872,CCOC(=O)c1cc2cc(-c3cncn3C)ccc2[nH]1,5.6,1
CHEMBL1940304,CS(=O)(=O)Nc1ccc(Oc2ccc(C#C[C@]3(O)CN4CCC3CC4)cc2)cc1,5.6,1
CHEMBL1940302,CONC(=O)c1ccc(Oc2ccc(C#C[C@]3(O)CN4CCC3CC4)cc2)cc1,5.6,1
CHEMBL5798113,O=C(O)c1csc(CN(Cc2ccc(F)cc2)Cc2ccc(OCc3cccnc3)cc2)n1,5.6,1
CHEMBL6043112,O=C1NC(=O)C(CCC(=O)N2CCN(c3ccccc3)CC2)(c2ccccc2)N1,5.6,1
CHEMBL5989286,O=C1NC(=O)C(CCC(=O)N2CCN(c3ccc(F)c(Cl)c3)CC2)(C2CC2)N1,5.59,1
CHEMBL1927207,O=C(O)c1cccc(-n2cc(-c3cc4cc(Cl)ccc4oc3=O)[nH]c2=S)c1,5.58,1
CHEMBL4172976,CNC(=O)[C@@H](NC(=O)c1ccc(-c2ccc(CSc3ncc(F)c(=O)[nH]3)c(F)c2)o1)C(C)C,5.58,1
CHEMBL5924156,O=C1NC(=O)C(CCC(=O)N2CCN(c3cccc(Cl)c3)CC2)(c2ccc(Cl)cc2)N1,5.58,1
CHEMBL6064027,COCCNC(=O)CC1(CCC(=O)N2CCN(c3cc(Cl)cc(Cl)c3)CC2)NC(=O)NC1=O,5.58,1
CHEMBL409223,COc1cc(CNC(=O)c2ccc3ncn(Cc4ccc(F)cc4)c(=O)c3c2)ccn1,5.57,2
CHEMBL575896,O=C(NO)c1ccccc1S(=O)(=O)c1ccc(Oc2ccccc2)cc1,5.57,1
CHEMBL584122,COc1ccc(Oc2ccc(S(=O)(=O)c3ccccc3C(=O)NO)cc2)cc1,5.57,1
CHEMBL6032427,CC(C)(C)OC(=O)CC1(CCC(=O)N2CCN(c3cc(Cl)cc(Cl)c3)CC2)NC(=O)NC1=O,5.57,1
CHEMBL275345,COc1ccc(-c2ccc(S(=O)(=O)NC(CC#CCN3CCN(S(C)(=O)=O)CC3)C(=O)O)cc2)cc1,5.56,2
CHEMBL6040418,CC(CC1(C2CC2)NC(=O)NC1=O)C(=O)N1CCN(c2cc(Cl)cc(Cl)c2)CC1,5.56,2
CHEMBL1515648,COC(=O)c1ccc(CSc2nc3c(c(=O)[nH]2)CCC3)cc1,5.55,3
CHEMBL93058,CC(=O)N[C@H](CS(=O)(=O)c1ccc(Sc2ccccc2)cc1)C(=O)NO,5.54,1
CHEMBL236806,CC#CC(C)Oc1ccc(S(=O)(=O)CC2(C(=O)NO)CCN(S(=O)(=O)C(C)C)CC2)cc1,5.54,1
CHEMBL250297,CC#CCOc1ccc(S(=O)(=O)CC2(C(=O)NO)CCCN(C(=O)OC(C)(C)C)C2)cc1,5.54,1
CHEMBL1287851,COc1ccc2c(c1)C(=O)N(C[C@@]1(C#Cc3cccnc3)NC(=O)NC1=O)C2,5.54,1
CHEMBL6023444,C[C@H]1CN(C(=O)CC[C@@]2(C3CC3)NC(=O)NC2=O)CCN1c1ccc(Cl)c(Cl)c1,5.54,2
CHEMBL275754,O=C(O)C(CC#CCN1CCCC1)NS(=O)(=O)c1ccc(-c2ccccc2)cc1,5.52,2
CHEMBL5860213,O=C(O)c1csc(CN(Cc2ccc(F)cc2)Cc2ccc(-c3ccccc3)cc2)n1,5.52,1
CHEMBL3358154,Cc1cccnc1[C@]1(CNC(=O)c2cc3cc(Cl)ccc3o2)NC(=O)NC1=O,5.51,1
CHEMBL5996710,CC(CC1(C2CC2)NC(=O)NC1=O)C(=O)N1CCN(c2cccc(F)c2)[C@@H](C)C1,5.51,1
CHEMBL235559,CC#CCNc1ccc(S(=O)(=O)CC2(C(=O)NO)CCN(C(=O)C(C)C)CC2)cc1,5.5,1
CHEMBL1796302,COC1(C#Cc2ccc(Oc3ccc(C(=O)NCc4ccncn4)cc3)cc2)CN2CCC1CC2,5.5,1
CHEMBL1927205,COc1ccc2oc(=O)c(-c3cn(-c4cccc(C(=O)O)c4)c(=S)[nH]3)cc2c1,5.5,1
CHEMBL3337886,COc1cccc(CNC(=O)c2nc3ncccc3c(=O)[nH]2)c1,5.5,1
CHEMBL5797936,O=C(O)c1csc(CN(Cc2ccccc2)Cc2ccccc2)n1,5.5,1
CHEMBL5750841,CC(CC1(CO)NC(=O)NC1=O)C(=O)N1CCN(c2cc(Cl)cc(Cl)c2)CC1,5.5,1
CHEMBL398602,COc1ccc(S(=O)(=O)N(Cc2ccc(Br)nc2)[C@@H](C(=O)O)C(C)C)cc1,5.49,1
CHEMBL3358156,Cn1ccnc1[C@]1(CNC(=O)c2cc3cc(Cl)ccc3o2)NC(=O)NC1=O,5.49,2
CHEMBL4877087,O=C1NC(=O)C(CCC(=O)N2CCN(c3cccc(Cl)c3)CC2)(C2CC2)N1,5.49,1
CHEMBL5831090,COCC1(CC(C)C(=O)N2CCN(c3ccc(F)c(F)c3)[C@@H](C)C2)NC(=O)NC1=O,5.49,1
CHEMBL431226,Cc1cc(COc2ccc(S(=O)(=O)CC(C3CCC4(CC3)OCCO4)N(O)C=O)cc2)c2ccccc2n1,5.48,1
CHEMBL99365,Cc1cc(COc2ccc(S(=O)(=O)CC(CC3CCC(=O)CC3)N(O)C=O)cc2)c2ccccc2n1,5.48,1
CHEMBL1222989,CNC(=O)[C@H](NC(=O)c1ccc(-c2cccc(CNC(C)=O)c2)o1)C1CCCCC1,5.48,1
CHEMBL6036531,COc1ccc(Cl)cc1C1(CCC(=O)N2CCN(c3cccc(Cl)c3)CC2)NC(=O)NC1=O,5.48,1
CHEMBL6054615,COCC1(CC(C)C(=O)N2CCN(c3cc(F)cc(Cl)c3)[C@@H](C)C2)NC(=O)NC1=O,5.48,1
CHEMBL75046,O=C(NO)[C@H]1C[C@H](c2ccc(Oc3ccc(F)cc3)cc2)C(=O)N1,5.47,1
CHEMBL462629,CCOC(=O)/C(C#N)=C1/C=Nc2ccccc2N1,5.47,1
CHEMBL473326,Oc1nc(SCc2ccc(Cl)cc2)nc2c1CCC2,5.47,6
CHEMBL4587825,Cc1cnc([C@]2(CNC(=O)c3cc4cc(Cl)ccc4o3)NC(=O)NC2=O)n1C,5.47,1
CHEMBL20287,O=C1N[C@@H](C(=O)NO)C[C@H]1c1ccc2ccccc2c1,5.46,2
CHEMBL473314,COc1cc(OC)cc(-c2nnc(Nc3nc4c(F)cccc4s3)o2)c1,5.46,1
CHEMBL462628,O=C1NC(=O)C(CCc2ccncc2)(c2ccccc2)C(=O)N1,5.44,1
CHEMBL6012586,O=C1NC(=O)C(CCC(=O)N2CCN(c3ccc(F)c(F)c3)CC2)(C2CC2)N1,5.44,1
CHEMBL91608,O=C(NC(CS(=O)(=O)c1ccc(Sc2ccccc2)cc1)C(=O)NO)OCc1ccccc1,5.43,1
CHEMBL222936,CC#CCOc1ccc(S(=O)(=O)C(C(=O)NO)c2ccc(OC)cc2)cc1,5.43,1
CHEMBL5763115,CCOC(=O)c1csc(CN(Cc2ccc(F)cc2)Cc2ccc(OCc3cccnc3)cc2)n1,5.43,1
CHEMBL575534,O=C(O)CC(O)CCc1ccc(-c2ccncc2)cc1,5.42,1
CHEMBL1645387,O=C(O)CN1C(=O)/C(=C/c2ccc(Oc3ccccc3)cc2)SC1=S,5.42,1
CHEMBL5968561,CN(C)CCOc1ccc(C2(CCC(=O)N3CCN(c4cccc(Cl)c4)CC3)NC(=O)NC2=O)cc1,5.42,1
CHEMBL5880676,COCC1(CC(C)C(=O)N2CCN(c3cccc(F)c3)[C@@H](C)C2)NC(=O)NC1=O,5.42,1
CHEMBL466663,CCOc1cccc(-c2ccc(S(=O)(=O)N[C@@H](C(=O)O)C3CCN(C(=O)OC(C)(C)C)CC3)s2)c1,5.41,2
CHEMBL1916840,COc1ccc(S(=O)(=O)N(CCC(C)C)[C@@H](C(=O)NO)C(C)C)cc1OC,5.41,1
CHEMBL4634914,O=C(Nc1ccc(-c2nc3ccc(Br)cc3[nH]2)cc1)c1ccc([N+](=O)[O-])cc1,5.41,1
CHEMBL4640667,O=C(Nc1ccc(-c2nc3ccc(Br)cc3[nH]2)cc1)c1ccccc1,5.41,1
CHEMBL5869485,COc1ccccc1C1(CCC(=O)N2CCN(c3cccc(Cl)c3)CC2)NC(=O)NC1=O,5.41,1
CHEMBL5921530,COCC1(CC(C)C(=O)N2CCN(c3cc(F)cc(F)c3)[C@@H](C)C2)NC(=O)NC1=O,5.41,1
CHEMBL90456,CC(C)(C)OC(=O)N[C@H](CS(=O)(=O)c1ccc(Sc2ccccc2)cc1)C(=O)NO,5.4,1
CHEMBL329967,Cc1cc(COc2ccc(S(=O)(=O)CC(CC3CCC(=NO)CC3)N(O)C=O)cc2)c2ccccc2n1,5.4,1
CHEMBL98390,Cc1cc(COc2ccc(S(=O)(=O)CC(CC3CCN(CC(C)C)CC3)N(O)C=O)cc2)c2ccccc2n1,5.4,1
CHEMBL400206,Cc1cc(COc2ccc(S(=O)(=O)CC(CC3CCN(C(C)(C)C)CC3)N(O)C=O)cc2)c2ccccc2n1,5.4,1
CHEMBL473315,COc1ccc(-c2ccc(-c3noc(-c4ccccc4C)n3)c(OC)n2)cc1,5.4,1
CHEMBL495629,CC#CCOc1ccc(S(=O)(=O)C2(C(=O)NO)CCNCC2)cc1,5.4,1
CHEMBL1910652,CC(C)[C@@H](NS(=O)(=O)c1ccc(-c2ccc(OCc3cccc(O)c3)cc2)cc1)C(=O)O,5.4,1
CHEMBL1645389,O=C1NC(=S)S/C1=C\c1ccc(Oc2ccccc2)cc1,5.4,1
CHEMBL415879,c1cnc2c(c1)ccc1cccnc12,5.4,3
CHEMBL2435340,O=C(NCc1ccc(-c2ccccc2)cc1)c1cccc(=O)n1O,5.4,1
CHEMBL5274715,O=C(NCc1ccc(-c2ccccc2)cc1)c1occc(=O)c1O,5.4,1
CHEMBL255374,Cc1cc(=O)c(O)c(C(=O)NCc2ccc(-c3ccccc3)cc2)o1,5.4,1
CHEMBL5272043,Cn1ccc(=O)c(O)c1C(=O)NCc1ccc(-c2ccccc2)cc1,5.4,1
CHEMBL5275186,Cc1cc(=O)c(O)c(C(=O)NCc2ccc(-c3ccccc3)cc2)n1C,5.4,1
CHEMBL4072836,CC[C@H](Cc1ccc(C(F)(F)F)cc1)C(=O)NC[C@@]1(C2CC2)NC(=O)NC1=O,5.38,2
CHEMBL500351,COc1ccc(CSc2nc(C)cc(O)n2)cc1,5.37,3
CHEMBL1910468,CC(C)[C@@H](NS(=O)(=O)c1ccc(-c2ccc(OCc3cccc(C(F)(F)F)n3)cc2)cc1)C(=O)O,5.37,1
CHEMBL4463640,O=C(NO)[C@H]1[C@H](O)[C@H](O)CN1C(=O)c1ccc(C#Cc2ccc(CN3CCOCC3)cc2)cc1,5.37,1
CHEMBL272188,O=C(O)c1ccc(Cn2cnc3ccc(C=C=Cc4ccccc4)cc3c2=O)cc1,5.36,2
CHEMBL463395,CC#CCOc1ccc(S(=O)(=O)NC(Cc2c[nH]c3ccc(OCc4ccccc4)cc23)C(=O)O)cc1,5.35,1
CHEMBL2333287,COc1ccc(C[C@@H](OC(=O)/C=C/c2ccc(OCc3ccccc3)c(OCc3ccccc3)c2)C(=O)O)cc1OC,5.35,1
CHEMBL499905,CC#CCOc1ccc(S(=O)(=O)N[C@H](Cc2cn(Cc3ccc(OC)cc3)c3ccccc23)C(=O)O)cc1,5.34,1
CHEMBL1683460,Cc1nsc(C)c1CCC1CCN(S(=O)(=O)C[C@](C)(C[C@H](C)c2ncc(F)cn2)N(O)C=O)CC1,5.34,1
CHEMBL1784342,Cc1noc(C)c1CCC1CCN(S(=O)(=O)CC2(N(O)C=O)CCN(S(C)(=O)=O)CC2)CC1,5.34,1
CHEMBL460516,O=C(Cn1nnc(-c2ccncc2)n1)Nc1ccc2c(c1)CCC2,5.33,1
CHEMBL3358157,Cn1nccc1[C@]1(CNC(=O)c2cc3cc(Cl)ccc3o2)NC(=O)NC1=O,5.33,1
CHEMBL1172417,O=C(O)CN1C(=O)/C(=C/c2cccc(Oc3ccccc3)c2)SC1=S,5.33,1
CHEMBL5972823,O=C(O)c1csc(CN(Cc2ccc(OCc3ccccc3)cc2)Cc2cccc(F)c2)n1,5.33,1
CHEMBL278368,O=C1N[C@@H](C(=O)NO)C[C@H]1c1cccc(Oc2ccc(F)cc2)c1,5.32,2
CHEMBL448246,CCCCCCOc1ccc(C(CC(=O)O)C(N)=O)cc1,5.32,3
CHEMBL3972836,CC(C)(Cc1ccc(C(F)(F)F)cc1)C(=O)NC[C@@]1(C2CC2)NC(=O)NC1=O,5.32,2
CHEMBL242074,C[C@H]1c2cccc(O)c2C(=O)C2=C(O)[C@]3(O)C(=O)C(C(N)=O)=C(O)[C@@H]([N+](C)(C)C)C3[C@H](O)C21.[I-],5.31,1
CHEMBL1927208,COc1cc(Cl)cc2cc(-c3cn(-c4cccc(C(=O)O)c4)c(=S)[nH]3)c(=O)oc12,5.31,1
CHEMBL1927209,C=CCc1cc(OC)c2oc(=O)c(-c3cn(-c4cccc(C(=O)O)c4)c(=S)[nH]3)cc2c1,5.31,1
CHEMBL419896,Cc1cc(COc2ccc(S(=O)(=O)CC(CC3CCC4(CC3)OCCO4)N(O)C=O)cc2)c2ccccc2n1,5.3,1
CHEMBL567893,COC(=O)[C@@H]1CCCN1C(=O)[C@@H](Cc1ccccc1)N(C)C(=O)[C@H](C)NC(=O)[C@@H](NC(=O)C[C@H](O)[C@H](CC(C)C)NC(=O)[C@H](CC(N)=O)NC(=O)[C@H](CC(C)C)NC(=O)[C@H](OC(=O)[C@@H](OC(=O)[C@H](C(C)C)N(C)C)C(C)C)C(C)C)[C@@H](C)O,5.3,1
CHEMBL1796294,CNC(=O)c1ccc(Oc2ccc(C(=O)NCc3ccncc3)cc2)cc1,5.3,1
CHEMBL1940297,O=C(O)c1ccc(Oc2ccc(C#C[C@]3(O)CN4CCC3CC4)cc2)cc1,5.3,1
CHEMBL4449693,O=C(NO)[C@H]1[C@H](O)[C@H](O)CN1C(=O)c1ccc(C#Cc2ccc(CN3CCSCC3)cc2)cc1,5.3,1
CHEMBL6023074,CCOC(=O)c1csc(CN(Cc2ccc(OCc3ccccc3)cc2)Cc2cccnc2)n1,5.3,1
CHEMBL287885,CNC(=O)C(NC(=O)C(CCc1ccccc1)CC(=O)C(F)(F)c1ccc(Cc2ccccc2)cc1)C(C)(C)C,5.29,1
CHEMBL1927204,COc1cccc2cc(-c3cn(-c4cccc(C(=O)O)c4)c(=S)[nH]3)c(=O)oc12,5.28,1
CHEMBL2333288,COc1ccc(C[C@H](OC(=O)/C=C/c2ccc(OCc3ccccc3)c(OCc3ccccc3)c2)C(=O)O)cc1OC,5.27,1
CHEMBL4741456,COc1ccc(Nc2cc(-c3cccs3)cc3c2c(=O)[nH]c2ccccc23)cc1,5.27,1
CHEMBL1927206,O=C(O)c1cccc(-n2cc(-c3cc4cccc(O)c4oc3=O)[nH]c2=S)c1,5.26,1
CHEMBL93074,CC(=O)NC(CS(=O)(=O)c1ccc(Sc2ccccc2)cc1)C(=O)NO,5.23,1
CHEMBL1784361,Cc1ccncc1CCC1CCN(S(=O)(=O)CC2(N(O)C=O)CCOCC2)CC1,5.23,1
CHEMBL1645390,O=C1NC(=S)S/C1=C\c1cccc(OCc2ccccc2)c1,5.23,1
CHEMBL473610,CC(C)[C@@H](NS(=O)(=O)c1ccc2oc3cc(NS(=O)(=O)c4ccccc4)ccc3c2c1)C(=O)O,5.22,1
CHEMBL568430,CNC(=O)c1ccc(-c2ccc(C(=O)N[C@H](C(=O)NC)C3CCCCC3)o2)cc1,5.22,1
CHEMBL38853,O=C(C(CCc1ccccc1)CC(=O)C(F)(F)c1ccc(Cc2ccccc2)cc1)N1CCCCC1,5.21,1
CHEMBL1683463,Cc1cc(C(F)(F)F)cnc1CCC1CCN(S(=O)(=O)C[C@](C)(C[C@H](C)c2ncc(F)cn2)N(O)C=O)CC1,5.21,1
CHEMBL4642399,Cc1ccc2nc(-c3ccc([N+](=O)[O-])cc3)[nH]c2c1,5.21,1
CHEMBL4636483,Cc1ccc2nc(-c3ccc(NC(=O)c4ccccc4)cc3)[nH]c2c1,5.19,1
CHEMBL4637824,O=C(CCc1ccccc1)Nc1ccc(-c2nc3ccc(Br)cc3[nH]2)cc1,5.19,1
CHEMBL5170510,CSCC[C@H](NC(=O)[C@H](CC(C)C)NC(=O)[C@H](C)NC(=O)[C@H](CC(=O)O)NC(=O)[C@H](CC(N)=O)NC(=O)CNS(=O)(=O)c1ccc(Oc2ccccc2)cc1)C(=O)N1CCC[C@H]1C(N)=O,5.19,1
CHEMBL468900,O=C(NCc1cccnc1)c1cc(C(=O)NCc2cccnc2)ncn1,5.18,2
CHEMBL433415,O=C(NO)c1ccccc1S(=O)(=O)N1CCN(C(=O)c2ccccc2)CC1,5.17,1
CHEMBL607299,[O-][N+]1=CC(c2ccc(Oc3ccccc3)cc2)=[N+]([O-])C2CCCCC21,5.17,1
CHEMBL1683465,Cc1cc(CCC2CCN(S(=O)(=O)C[C@](C)(C[C@H](C)c3ncc(F)cn3)N(O)C=O)CC2)n(C)n1,5.17,1
CHEMBL328645,Cc1cc(COc2ccc(S(=O)(=O)CC(C3CCC(=NO)CC3)N(O)C=O)cc2)c2ccccc2n1,5.16,1
CHEMBL319782,Cc1cc(COc2ccc(S(=O)(=O)CC(C3CCC(=O)CC3)N(O)C=O)cc2)c2ccccc2n1,5.16,1
CHEMBL95414,Cc1cc(COc2ccc(S(=O)(=O)CC(C=C3CCN(OC(=O)C(C)(C)C)CC3)N(O)C=O)cc2)c2ccccc2n1,5.16,1
CHEMBL237468,CC#CCNc1ccc(S(=O)(=O)CC2(C(=O)NO)CCN(Cc3ccncc3)CC2)cc1,5.16,1
CHEMBL2409709,C[C@]1(CS(=O)(=O)N2CCC(Oc3ccc(Cl)cc3Cl)CC2)NC(=O)NC1=O,5.16,1
CHEMBL3358151,C[C@]1(CNC(=O)COc2ccc(Cl)cc2)NC(=O)NC1=O,5.16,1
CHEMBL185623,O=C(O)CN1C(=O)/C(=C/c2ccc(OCc3ccccc3)cc2)SC1=S,5.16,1
CHEMBL328199,C=C1CCC(C(CS(=O)(=O)c2ccc(OCc3cc(C)nc4ccccc34)cc2)N(O)C=O)CC1,5.14,1
CHEMBL1965818,O=[N+]([O-])c1ccc(-c2nc3ccccc3o2)cc1,5.14,1
CHEMBL2409671,Cn1ccnc1COc1cnc(N2CCN(S(=O)(=O)C[C@@]3(C)NC(=O)NC3=O)CC2)nc1,5.13,1
CHEMBL2048502,COC(=O)C1(O)CC(OC(=O)/C=C/c2ccc(O)c(O)c2)C(O)C(OC(=O)/C=C/c2ccc(O)c(O)c2)C1,5.12,1
CHEMBL4285334,O=C(Nc1ccc(-c2nc3ccccc3[nH]2)cc1)c1ccccc1,5.12,1
CHEMBL477841,O=[N+]([O-])c1ccc(-c2nc3ccccc3s2)cc1,5.12,1
CHEMBL5880044,CCOC(=O)c1csc(CN(Cc2ccncc2)Cc2ccc(OCc3ccccc3)cc2)n1,5.12,1
CHEMBL516952,O=C(NCc1ccc2c(c1)OCO2)c1cccc(C(=O)NCc2ccc3c(c2)OCO3)c1,5.11,1
CHEMBL5568159,CC(=O)N1c2nc(=O)cc(C)n2C(c2ccc(Br)cc2)N1C(C)=O,5.11,1
CHEMBL575881,CC(C)ON([C@@H](C(=O)O)C(C)C)S(=O)(=O)c1ccc(-c2ccccc2)cc1,5.1,1
CHEMBL2164113,CCCc1ccc(S(=O)(=O)NC[C@H]2CCCN2c2nc(NCCC#N)nc(NCc3csc(-c4ccccc4)n3)n2)cc1,5.1,1
CHEMBL2164111,CCCc1ccc(S(=O)(=O)NC[C@H]2CCCN2c2nc(NCc3csc(-c4ccccc4)n3)nc(NC3CC3)n2)cc1,5.1,1
CHEMBL3922961,COC(=O)C(C(=O)/C=C/c1ccc(O)cc1)C(=O)/C=C/c1ccc(O)cc1,5.1,2
CHEMBL5969955,O=C(O)c1csc(CN(Cc2ccc(OCc3ccccc3)cc2)Cc2cccnc2)n1,5.1,1
CHEMBL5928788,O=C(/C=C/c1ccc(O)cc1)C(C(=O)/C=C/c1ccc(O)cc1)C(=O)CO,5.1,1
CHEMBL473106,CCN1C(=S)SC(=O)C1=C1C=C(C)N(Cc2ccco2)C(C)=C1,5.09,1
CHEMBL503470,COC(=O)c1ccc(CSc2nc(O)c3c(-c4cccs4)csc3n2)o1,5.08,1
CHEMBL1784367,Cc1cnc(C)c(CCC2CCN(S(=O)(=O)CC3(N(O)C=O)CCOCC3)CC2)c1,5.08,1
CHEMBL50,O=c1c(O)c(-c2ccc(O)c(O)c2)oc2cc(O)cc(O)c12,5.07,1
CHEMBL2409681,C[C@]1(CS(=O)(=O)N2CCC(Oc3ccc(Cc4ccncc4)cc3)CC2)NC(=O)NC1=O,5.07,1
CHEMBL6034305,O=C(O)c1csc(CN(Cc2ccc(OCc3ccncc3)cc2)Cc2cccnc2)n1,5.07,1
CHEMBL495621,Cc1cc(COc2ccc(S(=O)(=O)C3(C(=O)NO)CCNCC3)cc2)c2ccccc2n1,5.06,1
CHEMBL522613,Cc1ccc2oc(-c3ccc([N+](=O)[O-])cc3)nc2c1,5.06,1
CHEMBL94324,O=C(NO)c1ccccc1S(=O)(=O)Nc1ccc(Oc2ccccc2)cc1,5.05,1
CHEMBL468103,CC(C)(C)OC(=O)N1CCC([C@@H](NS(=O)(=O)c2ccc(-c3ccc(F)c(F)c3)o2)C(=O)O)CC1,5.05,1
CHEMBL393829,CC(C)[C@H](C(=O)O)N(Cc1ccccc1)S(=O)(=O)c1ccc(F)cc1,5.04,1
CHEMBL515767,O=C(Cn1nnc(-c2ccccc2F)n1)Nc1ccc2c(c1)OCO2,5.03,1
CHEMBL2048508,O=C1c2c(O)cc(O)cc2O[C@H](c2cc(O)c(O)c(O)c2)[C@@H]1O,5.03,1
CHEMBL4648156,Cc1ccc2nc(-c3ccc([N+](=O)[O-])cc3)oc2c1,5.03,1
CHEMBL1939871,CCOC(=O)c1cc2cc(-c3ccncc3C)ccc2[nH]1,5.02,1
CHEMBL5560809,O=C(Cc1ccccc1)Nc1ccc2c(c1)C(=O)N(Cc1ccccc1)C2=O,5.01,1
CHEMBL116757,O=C(NCCCCN1CCOCC1)c1cc2ccccc2o1,5.0,1
CHEMBL475541,CS(=O)(=O)N1CCc2cc(C(=O)OCC(=O)c3ccccc3)ccc21,5.0,1
CHEMBL1427458,Cc1ccc(Oc2ccc(C(=O)NCc3ccncc3)cc2)cc1,5.0,1
CHEMBL5961937,O=C(O)c1c[nH]c(CNCc2ccc(OCc3cccnc3)cc2)n1,5.0,1
CHEMBL140,COc1cc(/C=C/C(=O)CC(=O)/C=C/c2ccc(O)c(OC)c2)ccc1O,4.99,1
CHEMBL4635076,O=[N+]([O-])c1ccc(-c2nc3ccc(Br)cc3[nH]2)cc1,4.98,1
CHEMBL514495,C=CCN1C(=O)/C(=C2/Sc3ccccc3N2CCCS(=O)(=O)O)SC1=S,4.96,1
CHEMBL504873,C[C@@H]1O[C@@H](O[C@@H]2[C@@H](O)[C@H](OCCc3ccc(O)c(O)c3)O[C@H](COC(=O)/C=C/c3ccc(O)c(O)c3)[C@H]2O)[C@H](O)[C@H](O)[C@H]1O,4.96,1
CHEMBL4643922,O=C(Nc1ccc(-c2nc3ccccc3[nH]2)cc1)c1ccc(Br)cc1,4.96,1
CHEMBL4640215,Cc1ccc2oc(-c3ccc(NC(=O)c4ccc([N+](=O)[O-])cc4)cc3)nc2c1,4.96,1
CHEMBL566511,O=C(O)CS(=O)(=O)CCc1ccc(-c2ccccc2)cc1,4.95,1
CHEMBL39371,CNC(=O)C(NC(=O)CCC(=O)C(F)(F)c1ccc(Cc2ccccc2)cc1)C(C)(C)C,4.92,1
CHEMBL394003,CC#CC(C)(C)Oc1ccc(S(=O)(=O)CC2(C(=O)NO)CCN(S(=O)(=O)C(C)C)CC2)cc1,4.92,1
CHEMBL473327,CCN1C(=O)/C(=C2/Sc3ccccc3N2CCCS(=O)(=O)O)SC1=S,4.92,1
CHEMBL572982,O=C(O)CC(O)CCc1ccc(-c2ccccc2)cc1,4.92,3
CHEMBL1483847,O=[N+]([O-])c1ccc(-c2nc3cc([N+](=O)[O-])ccc3[nH]2)cc1,4.92,1
CHEMBL473313,CCN1C(=O)/C(=C2/C=CC=CN2C)SC1=S,4.9,1
CHEMBL5918148,CCOC(=O)c1csc(CN(Cc2ccc(F)cc2)Cc2ccc(OCc3ccncc3)cc2)n1,4.89,1
CHEMBL460515,CN(c1ccc(O)cc1)c1nc(-c2ccccc2)cs1,4.88,1
CHEMBL516029,CCOC(=O)C1CCCN(c2nc3ccccc3nc2C(C#N)C(=O)OCC)C1,4.88,1
CHEMBL2048507,O=C1c2c(O)cc(O)cc2O[C@]2(c3ccc(O)cc3)Oc3cc(O)c4c(c3[C@@]12O)O[C@H](c1ccc(O)cc1)CC4,4.88,1
CHEMBL497908,CC#CCOc1ccc(S(=O)(=O)NC(Cc2c[nH]c3ccc(OC)cc23)C(=O)O)cc1,4.87,1
CHEMBL151,O=c1cc(-c2ccc(O)c(O)c2)oc2cc(O)cc(O)c12,4.87,2
CHEMBL570310,CC(C)[C@@H](NS(=O)(=O)c1ccc2sc3ccccc3c2c1)C(=O)O,4.86,1
CHEMBL236130,CC(C)[C@H](C(=O)O)N(Cc1ccccc1)S(=O)(=O)c1ccc(N(C)C)cc1,4.85,1
CHEMBL1683458,Cc1cc(CCC2CCN(S(=O)(=O)C[C@](C)(C[C@H](C)c3ncc(F)cn3)N(O)C=O)CC2)c(C)cn1,4.85,1
CHEMBL1927183,O=C(O)c1cccc(-n2cc(-c3cc4ccccc4oc3=O)[nH]c2=S)c1,4.85,1
CHEMBL329686,COc1ccc(S(=O)(=O)CC(NC(C)=O)C(=O)NO)cc1,4.82,1
CHEMBL327901,COc1ccc(S(=O)(=O)CC(NC(=O)OC(C)(C)C)C(=O)NO)cc1,4.82,1
CHEMBL90057,COc1ccc(S(=O)(=O)CC(N)C(=O)NO)cc1,4.82,1
CHEMBL99995,Cc1cc(COc2ccc(S(=O)(=O)CC(C=C3CCC(=NO)CC3)N(O)C=O)cc2)c2ccccc2n1,4.82,1
CHEMBL502936,COCc1nnc(NC(=O)c2ccc(NC(=O)C(C)C)cc2)s1,4.82,1
CHEMBL1939869,CCOC(=O)c1cc2cc(-c3cccnc3)ccc2[nH]1,4.82,1
CHEMBL3915135,COC(=O)C(C(=O)/C=C/c1ccc(O)c(OC)c1)C(=O)/C=C/c1ccc(O)c(OC)c1,4.82,1
CHEMBL4647266,O=C(CCc1ccccc1)Nc1ccc(-c2nc3ccccc3[nH]2)cc1,4.82,1
CHEMBL4777608,COc1ccc(Nc2cc(-c3ccco3)cc3c2c(=O)[nH]c2ccccc23)cc1,4.82,1
CHEMBL5815281,COc1cc(/C=C/C(=O)C(C(=O)/C=C/c2ccc(O)c(CO)c2)C(=O)CO)ccc1O,4.82,2
CHEMBL4645291,Cc1ccc2nc(-c3cccc([N+](=O)[O-])c3)[nH]c2c1,4.81,1
CHEMBL4758787,O=c1[nH]c2ccccc2c2cc(-c3cccs3)cc(Nc3ccccc3)c12,4.81,1
CHEMBL1683453,C[C@@H](C[C@@](C)(CS(=O)(=O)N1CCC(CCc2ccc(F)cc2C(F)(F)F)CC1)N(O)C=O)c1ncc(F)cn1,4.8,1
CHEMBL4097165,O=C1NC(=O)[C@](CNC(=O)c2cc3cc(C(F)(F)F)ccc3o2)(C2CC2)N1,4.8,1
CHEMBL4781893,O=c1[nH]c2ccccc2c2cc(-c3cccs3)cc(Nc3ccc(F)cc3)c12,4.8,1
CHEMBL4756447,COc1ccc(Nc2cc(-c3ccccc3)cc3c2c(=O)[nH]c2ccccc23)cc1,4.79,1
CHEMBL462627,O=C(CSCc1nc(O)n[nH]1)NCCOc1cccc(Oc2ccccc2)c1,4.78,1
CHEMBL268050,COCC#CCC(NS(=O)(=O)c1ccc(NC(=O)N2CCCC2)cc1)C(=O)O,4.77,2
CHEMBL1683456,C[C@@H](C[C@@](C)(CS(=O)(=O)N1CCC(CCc2ccc(C(F)(F)F)cc2C2CC2)CC1)N(O)C=O)c1ncc(F)cn1,4.77,1
CHEMBL4450729,CCn1ccnc1[C@]1(CNC(=O)c2cc3cc(C(F)(F)F)ccc3o2)NC(=O)NC1=O,4.75,1
CHEMBL4640970,Cc1ccc2nc(-c3ccc(NC(=O)CCc4ccccc4)cc3)[nH]c2c1,4.75,1
CHEMBL2048505,COC(=O)[C@@H](Cc1ccc(O)c(O)c1)OC(=O)/C=C/c1ccc(O)c2c1[C@H](C(=O)OC)[C@@H](c1ccc(O)c(O)c1)O2,4.73,1
CHEMBL4635438,COC(=O)c1ccc(-c2nc3ccc(Br)cc3[nH]2)cc1,4.72,1
CHEMBL5813076,CCOC(=O)c1csc(CN(Cc2ccc(OCc3cccnc3)cc2)Cc2cccnc2)n1,4.72,1
CHEMBL5886831,CCOC(=O)c1csc(CN(Cc2ccc(OCc3ccncc3)cc2)Cc2cccnc2)n1,4.72,1
CHEMBL1200596,Oc1c(Cl)cc(Cl)c2cccnc12,4.71,1
CHEMBL576762,C[S+]([O-])c1ccc(Oc2ccc(S(=O)(=O)c3ccccc3C(=O)NO)cc2)cc1,4.7,1
CHEMBL1796291,O=C(NCc1ccncc1)c1ccc(Oc2ccc([N+](=O)[O-])cc2)cc1,4.7,1
CHEMBL4636536,O=C(Nc1nc2ccc(Cl)cc2s1)c1ccc([N+](=O)[O-])cc1,4.7,1
CHEMBL4646265,Nc1ccc(-c2nc3ccc(Br)cc3[nH]2)cc1,4.68,1
CHEMBL421666,O=C(Nc1ccc(-c2nc3ccccc3s2)cc1)c1ccccc1,4.68,1
CHEMBL98852,Cc1cc(COc2ccc(S(=O)(=O)CC(C=C3CCC(=O)CC3)N(O)C=O)cc2)c2ccccc2n1,4.66,1
CHEMBL1927184,O=C(O)CCCN1C(=O)S/C(=C\C=C\c2ccccc2)C1=O,4.66,1
CHEMBL4639945,O=C(CCCc1ccccc1)Nc1ccc(-c2nc3ccc(Br)cc3[nH]2)cc1,4.65,1
CHEMBL1683457,Cc1ccc(C)c(CCC2CCN(S(=O)(=O)C[C@](C)(C[C@H](C)c3ncc(F)cn3)N(O)C=O)CC2)c1,4.64,1
CHEMBL4436740,Cc1cnc([C@]2(CNC(=O)c3cc4cc(C(F)(F)F)ccc4o3)NC(=O)NC2=O)n1C,4.64,1
CHEMBL473736,Cc1ccc(Cn2nnc3c(=O)n(Cc4cccc(C)c4)cnc32)cc1,4.63,1
CHEMBL316122,NC(CS(=O)(=O)c1ccc(Sc2ccccc2)cc1)C(=O)NO,4.62,1
CHEMBL181682,COc1ccc(-c2csc(C(=O)NCCN3CCOCC3)c2)cc1,4.62,1
CHEMBL474933,CCN(CC)CC.CN1C(=O)/C(=C2/C=Cc3ccccc3N2CCCS(=O)(=O)O)SC1=S,4.61,1
CHEMBL1910469,CC(C)[C@@H](NS(=O)(=O)c1ccc(-c2ccc(OCc3ccccc3C(F)(F)F)cc2)cc1)C(=O)O,4.61,1
CHEMBL2048506,CCCCOC(=O)[C@H]1c2c(/C=C/C(=O)O[C@H](Cc3ccc(O)c(O)c3)C(=O)O)ccc(O)c2O[C@@H]1c1ccc(O)c(O)c1,4.61,1
CHEMBL99045,Cc1cc(COc2ccc(S(=O)(=O)CC(C=C3CCOCC3)N(O)C=O)cc2)c2ccccc2n1,4.6,1
CHEMBL98202,Cc1cc(COc2ccc(S(=O)(=O)CC(C=C3CCSCC3)N(O)C=O)cc2)c2ccccc2n1,4.6,1
CHEMBL515439,CC(C)[C@H](NS(=O)(=O)c1ccc2oc3ccccc3c2c1)C(=O)O,4.6,2
CHEMBL475231,CC(C)[C@H](NS(=O)(=O)c1ccc2oc3cc(NS(C)(=O)=O)ccc3c2c1)C(=O)O,4.6,1
CHEMBL1607077,O=C(NCc1ccncc1)c1ccc(Oc2ccccc2)cc1,4.6,1
CHEMBL1796287,CNC(=O)c1ccc(Oc2ccc(C)cc2)cc1,4.6,1
CHEMBL1796281,COc1cccc(CNC(=O)c2ccc(Oc3ccc(C)cc3)cc2)c1,4.6,1
CHEMBL1796279,Cc1ccc(Oc2ccc(C(=O)NCc3cccnc3)cc2)cc1,4.6,1
CHEMBL2164094,CCCNc1nc(NCc2cn(C)cn2)nc(N2CCC[C@@H]2CNS(=O)(=O)c2ccc(CCC)cc2)n1,4.6,1
CHEMBL263909,O=C1N/C(=N/c2nsc3ccccc23)S/C1=C\c1ccc(Cl)cc1,4.6,1
CHEMBL450549,COC(=O)Nc1cc2oc3ccc(S(=O)(=O)N[C@@H](C(=O)O)C(C)C)cc3c2cc1Br,4.59,1
CHEMBL566512,O=C(O)CC(O)CCc1ccc(-c2ccc3c(c2)Cc2ccccc2-3)cc1,4.58,1
CHEMBL41318,C=CC(CCc1ccccc1)CC(O)C(F)(F)c1ccc(Cc2ccccc2)cc1,4.57,1
CHEMBL1683459,Cc1cnc(C)c(CCC2CCN(S(=O)(=O)C[C@](C)(C[C@H](C)c3ncc(F)cn3)N(O)C=O)CC2)c1,4.57,1
CHEMBL3398611,O=C1N/C(=N/c2nsc3ccccc23)S/C1=C/c1cccc(O)c1,4.57,1
CHEMBL5925453,CCOC(=O)c1csc(CN(Cc2ccc(F)cc2)Cc2ccc(OCc3ccccc3)cc2)n1,4.57,1
CHEMBL1200699,C[C@H]1c2cccc(O)c2C(=O)C2=C(O)[C@]3(O)C(=O)C(C(N)=O)=C(O)[C@@H](N(C)C)[C@@H]3[C@@H](O)[C@@H]21.O,4.55,2
CHEMBL575895,COc1ccc(S(=O)(=O)c2ccccc2C(=O)NO)cc1,4.55,1
CHEMBL241405,COC(=O)[C@@H](Cc1ccc(O)c(O)c1)OC(=O)/C=C/c1ccc(O)c(O)c1,4.54,1
CHEMBL235318,COc1ccc(S(=O)(=O)N(Cc2ccc(F)nc2)[C@@H](C(=O)O)C(C)C)cc1,4.52,1
CHEMBL3358158,Cn1ccnc1[C@]1(CNC(=O)c2cc3cc(C(F)(F)F)ccc3o2)NC(=O)NC1=O,4.52,2
CHEMBL1939865,CCOC(=O)c1cc2cc(NC(C)=O)ccc2[nH]1,4.51,1
CHEMBL5912425,CCOC(=O)c1csc(CN(Cc2ccc(F)cc2)Cc2ccc(-c3ccccc3)cc2)n1,4.51,1
CHEMBL1796285,Cc1ccc(Oc2ccc(C(=O)NCCO)cc2)cc1,4.5,1
CHEMBL409502,O=C1N/C(=N/c2nsc3ccccc23)S/C1=C\c1ccccc1,4.5,1
CHEMBL4646530,O=[N+]([O-])c1ccc(-c2nc3ccccc3[nH]2)o1,4.48,1
CHEMBL392974,COc1ccc(S(=O)(=O)N(Cc2cccnc2Br)[C@@H](C(=O)O)C(C)C)cc1,4.47,1
CHEMBL474398,Cc1noc(C)c1S(=O)(=O)Nc1ccc2c(c1)oc1ccc(S(=O)(=O)N[C@@H](C(=O)O)C(C)C)cc12,4.47,1
CHEMBL575946,O=C(O)CC(O)CCc1ccc(-c2ccc3c(c2)oc2ccccc23)cc1,4.47,1
CHEMBL5846560,Cn1cc(C(F)(F)F)nc1CN(Cc1ccc(F)cc1)Cc1ccc(OCc2ccccc2)cc1,4.47,1
CHEMBL66,O=C1c2c(O)cc(O)cc2O[C@H](c2ccc(O)c(O)c2)[C@H]1O,4.46,1
CHEMBL204153,O=C(Nc1cccc(-c2nc3ccccc3[nH]2)c1)c1ccccc1,4.46,1
CHEMBL4753504,COc1ccc(Nc2cc(-c3ccccc3)cc3c2c(=O)[nH]c2c(OC)c(OC)ccc23)cc1,4.43,1
CHEMBL1939879,Cn1nc(C(=O)NCc2ccc(C(=O)O)cc2)cc1-c1ccc2[nH]c(C(=O)O)cc2c1,4.42,2
CHEMBL1939862,CCOC(=O)c1cc2cc(C(N)=O)ccc2[nH]1,4.41,1
CHEMBL318252,Cc1cc(COc2ccc(S(=O)(=O)CC(C=C3CCN(CC(C)C)CC3)N(O)C=O)cc2)c2ccccc2n1,4.4,2
CHEMBL1796289,O=C(NCc1ccncc1)c1ccc(-c2ccccc2)cc1,4.4,1
CHEMBL4780502,CN(C)c1ccc(Nc2cc(-c3ccccc3)cc3c2c(=O)[nH]c2ccccc23)cc1,4.4,1
CHEMBL4757741,COc1ccc(-c2cc(Nc3ccccc3)c3c(=O)[nH]c4ccccc4c3c2)cc1,4.4,1
CHEMBL428554,COc1ccc(S(=O)(=O)N(Cc2cccnc2F)[C@@H](C(=O)O)C(C)C)cc1,4.39,1
CHEMBL4747482,Cc1ccc(-c2cc(Nc3ccccc3)c3c(=O)[nH]c4ccccc4c3c2)cc1,4.39,1
CHEMBL575947,O=C(O)CC(O)CCc1ccc(-c2ccc(Oc3ccccc3)cc2)cc1,4.38,1
CHEMBL4741270,O=c1[nH]c2ccccc2c2cc(-c3ccccc3)cc(Nc3ccccc3)c12,4.38,1
CHEMBL4742183,O=c1[nH]c2ccccc2c2cc(-c3ccco3)cc(Nc3ccccc3)c12,4.38,1
CHEMBL2048511,CC(C)CC(=O)OC(C(=O)O)C(C)C,4.37,1
CHEMBL4647857,O=C(O)c1ccc(-c2nc3ccc(Br)cc3[nH]2)cc1,4.37,1
CHEMBL1532097,O=C(c1c(O)cc(O)cc1O)C1c2c(cc(O)c3c2O[C@H](c2ccc(O)cc2)[C@@H](O)C3)OC1c1ccc(O)cc1,4.36,1
CHEMBL3921145,CN(C)Cc1ccc(/C=C/C(=O)C(C(=O)/C=C/c2ccc(N(C)C)cc2)C(=O)Nc2ccccc2)cc1,4.35,1
CHEMBL5797946,Cc1cccn(CC2(c3ccncc3)NC(=O)NC2=O)c1=O,4.35,1
CHEMBL5944310,CNCc1ccc(/C=C/C(=O)C(C(=O)/C=C/c2ccc(N(C)C)cc2)C(=O)Nc2ccccc2)cc1,4.35,1
CHEMBL6014174,CN(C)c1ccc(/C=C/C(=O)C(C(=O)/C=C/c2ccc(N(C)C)cc2)C(=O)Nc2ccccc2)cc1,4.35,1
CHEMBL1784338,Cc1cc(CCC2CCN(S(=O)(=O)CC3(N(O)C=O)CCOCC3)CC2)c(C)cn1,4.34,1
CHEMBL4751596,Cc1cc(C)cc(Nc2cc(-c3ccco3)cc3c2c(=O)[nH]c2ccccc23)c1,4.34,1
CHEMBL3980860,O=C1NC(=O)[C@](CNC(=O)[C@@H](Cc2ccc(C(F)(F)F)cc2)C2CC2)(C2CC2)N1,4.33,2
CHEMBL4646018,O=[N+]([O-])c1cccc(-c2nc3ccc(Br)cc3[nH]2)c1,4.33,1
CHEMBL226852,O=C(C[C@@H](CCCC1CCCCC1)c1nc(-c2c[nH]c(=O)[nH]c2=O)no1)NO,4.3,1
CHEMBL574444,O=C(O)CC(O)CCc1ccc(-c2cc3ccccc3o2)cc1,4.3,1
CHEMBL1796284,Cc1ccc(Oc2ccc(C(=O)NCC3CCCCC3)cc2)cc1,4.3,1
CHEMBL1796282,Cc1ccc(Oc2ccc(C(=O)N(C)Cc3ccncc3)cc2)cc1,4.3,1
CHEMBL4634529,O=C(CCCc1ccccc1)Nc1ccc(-c2nc3ccccc3[nH]2)cc1,4.3,1
CHEMBL574666,N#Cc1cccc(-c2ccc(CCC(O)CC(=O)O)cc2)c1,4.28,1
CHEMBL4638078,COc1ccc(/C=C/C(=O)Nc2cccc(-c3nc4ccccc4[nH]3)c2)cc1,4.28,1
CHEMBL5988172,O=C(c1cnc(CCc2ccccc2)[nH]1)N1CCCC1,4.27,1
CHEMBL270296,N[C@@H]1CCCC[C@H]1NC(=O)P(=O)(O)O,4.26,1
CHEMBL585376,COc1ccc(S(=O)(=O)c2ccccc2CC(=O)O)cc1,4.26,1
CHEMBL161669,O=C1NC(=S)S/C1=C\c1cccc(Oc2ccccc2)c1,4.26,1
CHEMBL261267,O=C1N/C(=N/c2nsc3ccccc23)S/C1=C\c1cccc([N+](=O)[O-])c1,4.25,1
CHEMBL410649,O=C1N/C(=N/c2nsc3ccccc23)S/C1=C\c1ccc([N+](=O)[O-])cc1,4.25,1
CHEMBL551190,CC(C)[C@H](NS(=O)(=O)c1ccc2sc3ccccc3c2c1)C(=O)O,4.22,1
CHEMBL4794200,CCCCNc1cc(-c2ccccc2)cc2c1c(=O)[nH]c1ccccc12,4.22,1
CHEMBL407151,O=C1N/C(=N/c2nsc3ccccc23)S/C1=C\c1ccccc1[N+](=O)[O-],4.19,1
CHEMBL1927185,O=C(O)COc1ccccc1/C=C1/NC(=S)NC1=O,4.17,1
CHEMBL4633399,O=C(CCc1ccccc1)Nc1cccc(-c2nc3ccc(Br)cc3[nH]2)c1,4.14,1
CHEMBL4800543,Nc1ccc(-c2cc(Nc3ccccc3)c3c(=O)[nH]c4ccccc4c3c2)cc1,4.14,1
CHEMBL273114,O=C(O)c1ccc(Cn2cnc3ccc(C#CCN4CCOCC4)cc3c2=O)cc1,4.1,2
CHEMBL1939870,CCOC(=O)c1cc2cc(-c3ccncc3)ccc2[nH]1,4.09,1
CHEMBL4640244,O=C(CCCc1ccccc1)Nc1cccc(-c2nc3ccccc3[nH]2)c1,4.09,1
CHEMBL271616,O=C(O)c1ccc(Cn2cnc3ccc(C#CCN4CCCCC4)cc3c2=O)cc1,4.06,2
CHEMBL264164,O=C1N/C(=N/c2nsc3ccccc23)S/C1=C\c1ccccc1Cl,4.05,1
CHEMBL4644146,Cc1cccc2nc(-c3cccc(NC(=O)CCCc4ccccc4)c3)[nH]c12,4.04,1
CHEMBL4641067,Cc1ccc2nc(-c3cccc(NC(=O)CN(C)Cc4ccccn4)c3)[nH]c2c1,4.03,1
CHEMBL1277658,O=S(=O)(Nc1cccc(-c2nc3ccccc3[nH]2)c1)c1ccccc1,4.03,1
CHEMBL572980,O=C(O)CSCCc1ccc(-c2ccccc2)cc1,4.02,1
CHEMBL572947,O=C(O)C[S+]([O-])CCc1ccc(-c2ccccc2)cc1,4.02,1
CHEMBL1939861,CCOC(=O)c1cc2cc(NS(C)(=O)=O)ccc2[nH]1,4.01,1
CHEMBL4641864,O=C(Nc1nc2ccccc2s1)c1ccc([N+](=O)[O-])cc1,4.0,1
CHEMBL4777311,O=c1[nH]c2ccccc2c2cc(-c3ccccc3)cc(Nc3ccc(F)cc3)c12,4.0,1
CHEMBL1939866,CC(=O)Nc1ccc2[nH]c(C3=NCCO3)cc2c1,3.66,1
