molecule_chembl_id,canonical_smiles,pIC50_median,n_measurements
CHEMBL321180,CC(C)C[C@@H](C(=O)N[C@H](C(=O)c1c[nH]c2ccccc12)C(C)(C)C)[C@H](O)C(=O)NO,9.59,1
CHEMBL279078,CNC(=O)[C@H](Cc1cccc2c1CCCC2)NC(=O)[C@H](CC(C)C)[C@H](C)C(=O)NO,9.52,1
CHEMBL141080,COc1ccc(S(=O)(=O)N2CCSC(C)(C)[C@@H]2C(=O)NO)cc1,9.4,1
CHEMBL4088630,COc1ccc(S(=O)(=O)N2CCSC(C)(C)C2C(=O)NO)cc1,9.4,1
CHEMBL139886,Cc1cc(Br)ccc1S(=O)(=O)N1CCCSC(C)(C)[C@@H]1C(=O)NO,9.3,1
CHEMBL140511,CC1(C)SCCCN(S(=O)(=O)c2ccc(Br)cc2)[C@H]1C(=O)NO,9.15,1
CHEMBL140970,COc1ccc(S(=O)(=O)N2CCCSC(C)(C)[C@@H]2C(=O)NO)cc1,9.1,2
CHEMBL144611,CNC(=O)[C@@H](NC(=O)[C@H](CC(C)C)[C@H](OCc1ccc2c(ccc(=O)n2C)c1)C(=O)NO)C(C)(C)C,9.06,1
CHEMBL344633,CC1(C)SCCCN(S(=O)(=O)c2ccc(-c3ccccn3)s2)[C@H]1C(=O)NO,9.0,1
CHEMBL337594,COCOC1CSC(C)(C)[C@H](C(=O)NO)N(S(=O)(=O)c2ccc(OC)cc2)C1,9.0,1
CHEMBL207776,C#CCOc1ccc(S(=O)(=O)N2CCSC(C)(C)[C@@H]2C(=O)NO)cc1,9.0,1
CHEMBL432991,C=CC[C@H](C(=O)NO)[C@@H](CC(C)C)C(=O)N[C@@H](Cc1ccccc1)C(=O)c1c[nH]c2ccccc12,8.96,2
CHEMBL144843,CNC(=O)[C@@H](NC(=O)[C@H](CC(C)C)[C@H](NS(=O)(=O)c1cccc2cccnc12)C(=O)NO)C(C)(C)C,8.96,1
CHEMBL4785595,C=CC[C@H](C(=O)NO)[C@@H](CC(C)C)C(=O)N[C@H](C(=O)NC)C(C)(C)C,8.96,1
CHEMBL279786,CNC(=O)[C@H](Cc1ccccc1)NC(=O)[C@H](CC(C)C)[C@H](CSc1cccs1)C(=O)NO,8.92,9
CHEMBL6572,COc1ccc(S(=O)(=O)N2C[C@@H]3CCCN3C(=O)C[C@@H]2C(=O)NO)cc1,8.92,1
CHEMBL111798,C=CC[C@H](C(=O)NO)[C@@H](CC(C)C)C(=O)N[C@H](C(=O)c1c[nH]c2ccccc12)C(C)(C)C,8.92,1
CHEMBL334909,CC1(C)[C@H](C(=O)NO)N(S(=O)(=O)c2ccc(Br)cc2)CCCS1(=O)=O,8.92,1
CHEMBL344759,CNC(=O)[C@@H](NC(=O)[C@H](CC(C)C)[C@H](NS(=O)(=O)c1ccc2ncccc2c1)C(=O)NO)C(C)(C)C,8.92,1
CHEMBL32730,CNC(=O)[C@H](Cc1ccccc1)NC(=O)[C@H](CC(C)C)[C@H](C)C(=O)NO,8.89,1
CHEMBL328903,CNC(=O)C(NC(=O)C(CC(C)C)C(NS(=O)(=O)c1cccc2cccc(=O)n12)C(=O)NO)C(C)(C)C,8.89,1
CHEMBL342100,CNC(=O)[C@@H](NC(=O)[C@H](CC(C)C)[C@H](NS(=O)(=O)c1ccc2ncnc(O)c2c1)C(=O)NO)C(C)(C)C,8.89,1
CHEMBL370842,O=C1CC=C2C=CC=C(S(=O)(=O)CCC(=O)NO)N2C1,8.89,1
CHEMBL414852,O=C1CC=C2C=CC=C(C(=O)NCC(=O)NO)N2C1,8.89,1
CHEMBL198634,O=C1CC=C2C=CC=C(S(=O)(=O)NCC(=O)NO)N2C1,8.89,1
CHEMBL19611,CNC(=O)[C@H](Cc1c[nH]c2ccccc12)NC(=O)[C@@H](CC(=O)NO)CC(C)C,8.82,13
CHEMBL344060,CNC(=O)[C@@H](NC(=O)[C@H](CC(C)C)[C@@H](C(=O)NO)N(C)S(=O)(=O)c1ccccc1)C(C)(C)C,8.82,1
CHEMBL439983,CNC(=O)[C@@H](NC(=O)[C@H](CC(C)C)[C@H](NCc1cccc2cccnc12)C(=O)NO)C(C)(C)C,8.77,1
CHEMBL418292,CNC(=O)[C@@H]1Cc2ccc(cc2)OCCCC[C@H](C(=O)NO)[C@@H](CC(C)C)C(=O)N1,8.74,2
CHEMBL342210,COc1ccc(S(=O)(=O)N2CCCS(=O)(=O)C(C)(C)[C@@H]2C(=O)NO)cc1,8.72,2
CHEMBL320045,CC(C)C[C@H]1C(=O)N[C@H](C(=O)c2ccc[nH]2)Cc2ccc(cc2)OCCCC[C@@H]1C(=O)NO,8.72,1
CHEMBL341570,COc1ccc(S(=O)(=O)N2C[C@@H](O)CS(=O)(=O)C(C)(C)[C@@H]2C(=O)NO)cc1,8.72,1
CHEMBL421932,COc1ccc(S(=O)(=O)N2CCOCCS(=O)(=O)C(C)(C)[C@@H]2C(=O)NO)cc1,8.72,1
CHEMBL279785,CNC(=O)[C@@H](NC(=O)[C@H](CC(C)C)[C@H](O)C(=O)NO)C(C)(C)C,8.7,15
CHEMBL100100,CN(C)c1cccc2c(S(=O)(=O)N(C)C[C@H](C(=O)NO)[C@@H](CC3CCCC3)C(=O)N3CCCCC3)cccc12,8.7,1
CHEMBL335283,CNC(=O)[C@H](Cc1ccccc1)NC(=O)[C@H](CC(C)C)[C@@H](S)CC(=O)OC,8.7,1
CHEMBL206688,C#CCCOc1ccc(S(=O)(=O)N2CCSC(C)(C)[C@@H]2C(=O)NO)cc1,8.7,1
CHEMBL62007,CNC(=O)[C@@H]1Cc2ccc(cc2)OCCCCC[C@H](C(=O)NO)[C@@H](CC(C)C)C(=O)N1,8.68,2
CHEMBL432079,C=CC[C@H](C(=O)NO)[C@@H](CC(C)C)C(=O)N[C@@H](Cc1ccccc1)C(=O)NC,8.66,3
CHEMBL144525,CNC(=O)[C@@H](NC(=O)[C@H](CC(C)C)[C@@H](C(=O)NO)N1CCOCC1)C(C)(C)C,8.66,1
CHEMBL144568,CNC(=O)[C@@H](NC(=O)[C@H](CC(C)C)[C@H](NC(=O)c1cccc2cccnc12)C(=O)NO)C(C)(C)C,8.66,1
CHEMBL293003,CNC(=O)[C@@H]1Cc2ccc(cc2)OCCCCCC[C@H](C(=O)NO)[C@@H](CC(C)C)C(=O)N1,8.66,1
CHEMBL4791227,C=CC[C@H](C(=O)NO)[C@@H](CC(C)C)C(=O)N[C@@H](Cc1ccc2c(c1)CCC2)C(=O)NC,8.66,1
CHEMBL318860,CNC(=O)[C@@H]1Cc2ccc(cc2)OCCCC[C@H](C(=O)NO)[C@@H](CCCc2ccc(Cl)cc2)C(=O)N1,8.64,2
CHEMBL140569,CC1(C)SCCCN(S(=O)(=O)c2ccc(Oc3ccccc3)cc2)[C@H]1C(=O)NO,8.64,1
CHEMBL115653,CN1C(=O)N(C[C@H](C(=O)NO)[C@@H](CC2CCCC2)C(=O)N2CCCCC2)C(=O)C1(C)C,8.64,1
CHEMBL140152,COc1ccc(S(=O)(=O)N2CCCCC(C)(C)[C@@H]2C(=O)NO)cc1,8.62,1
CHEMBL342732,CNC(=O)[C@@H](NC(=O)[C@H](CC(C)C)[C@@H](C(=O)NO)N(C)S(=O)(=O)c1cccc2cccnc12)C(C)(C)C,8.62,1
CHEMBL5284688,COc1ccc(S(=O)(=O)N2CCCC(C)(C)CC2C(=O)NO)cc1,8.62,1
CHEMBL324664,C=CC[C@H](C(=O)NO)[C@@H](CC(C)C)C(=O)N[C@@H](Cc1ccccc1)C(=O)c1ccc[nH]1,8.59,1
CHEMBL144293,CNC(=O)[C@@H](NC(=O)[C@H](CC(C)C)[C@H](NS(=O)(=O)c1cccc2cnccc12)C(=O)NO)C(C)(C)C,8.59,1
CHEMBL33306,C=CC[C@](C)(C(=O)NO)[C@@H](CC(C)C)C(=O)N[C@H](C(=O)NC)C(C)(C)C,8.57,1
CHEMBL430524,C=CC[C@H](C(=O)NO)[C@@H](CC(C)C)C(=O)N[C@@H](Cc1ccccc1)C(=O)c1ncco1,8.57,2
CHEMBL66134,CSCCNC(=O)[C@@H]1Cc2ccc(cc2)OCCCC[C@H](C(=O)NO)[C@@H](CC(C)C)C(=O)N1,8.57,1
CHEMBL147051,CNC(=O)[C@@H](NC(=O)[C@H](CC(C)C)[C@H](SCc1cccc2cccnc12)C(=O)NO)C(C)(C)C,8.55,1
CHEMBL19932,CNC(=O)[C@@H](NC(=O)[C@H](CC(C)C)[C@H](C)C(=O)NO)C1CCCCC1,8.54,1
CHEMBL344634,CC1(C)SCCCN(S(=O)(=O)c2ccc(-c3ccc(F)cc3)cc2)[C@H]1C(=O)NO,8.54,1
CHEMBL76757,CSc1ccc(-c2ccc(S(=O)(=O)CC(CN3C(=O)NC(C)(C)C3=O)N(O)C=O)cc2)cc1,8.54,1
CHEMBL150242,CO/N=C1/C[C@H](C(=O)NO)N(S(=O)(=O)c2ccc(Oc3ccccc3)cc2)C1,8.52,1
CHEMBL421966,CO/N=C1/C[C@H](C(=O)NO)N(S(=O)(=O)c2ccc(Oc3ccc(F)cc3)cc2)C1,8.52,1
CHEMBL45483,CNC(=O)[C@H](Cc1ccc(OC)cc1)NC(=O)[C@@H](CC(=O)NO)CC(C)C,8.52,3
CHEMBL19843,CNC(=O)[C@@H](NC(=O)[C@H](CC(C)C)[C@H](C)C(=O)NO)c1ccccc1,8.52,1
CHEMBL441662,COc1ccc(S(=O)(=O)N2CCCCCSC(C)(C)[C@@H]2C(=O)NO)cc1,8.52,1
CHEMBL40351,COC(=O)c1ccc2[nH]c([C@H](CC(C)C)NC(=O)[C@@H](CC(=O)NO)CC(C)C)nc2c1,8.52,1
CHEMBL45631,CNC(=O)[C@@H]1Cc2ccc(cc2)OCCC[C@H](C(=O)NO)[C@@H](CC(C)C)C(=O)N1,8.52,1
CHEMBL66532,CC(C)C[C@H]1C(=O)N[C@H](C(=O)NCCc2ccc(S(N)(=O)=O)cc2)Cc2ccc(cc2)OCCCC[C@@H]1C(=O)NO,8.52,1
CHEMBL198227,O=C1CC=C2C=CC=C(C(=O)CCC(=O)NO)N2C1,8.52,1
CHEMBL293503,O=C(CN(Cc1ccc([N+](=O)[O-])cc1)S(=O)(=O)c1c(F)c(F)c(F)c(F)c1F)NO,8.52,1
CHEMBL5205063,CNC(=O)[C@@H](CC(=O)[C@H](CC(C)C)[C@H](CSc1cccs1)C(=O)NO)Cc1ccccc1,8.52,1
CHEMBL35348,C=CC[C@](C)(C(=O)NO)[C@@H](CC(C)C)C(=O)N[C@@H](Cc1ccccc1)C(=O)NC,8.51,1
CHEMBL339704,CNC(=O)[C@H](Cc1ccc(OC)cc1)NC(=O)[C@H](CC(C)C)[C@@H](S)CC(=O)OC,8.51,1
CHEMBL433816,CNC(=O)[C@@H](NC(=O)[C@H](CC(C)C)[C@H](CN1CCOCC1)C(=O)NO)c1ccccc1,8.46,1
CHEMBL308264,CC1(C)NC(=O)N(CC(CS(=O)(=O)c2ccc(-c3ccc(C#N)cc3)cc2)N(O)C=O)C1=O,8.44,1
CHEMBL29976,CNC(=O)[C@@H](NC(=O)[C@H](CC(C)C)[C@@H](C(=O)NO)C1CCCC1)C(C)(C)C,8.4,1
CHEMBL123775,CC(C(=O)NO)N(Cc1ccc([N+](=O)[O-])cc1)S(=O)(=O)c1c(F)c(F)c(F)c(F)c1F,8.4,1
CHEMBL1092104,O=C(NO)[C@@H](CCN1C(=O)c2ccccc2C1=O)NS(=O)(=O)c1ccc(Br)cc1,8.4,1
CHEMBL2048512,CNC(=O)C(CCc1ccccc1)NC(=O)C(CC(=O)NO)CC(C)C,8.39,1
CHEMBL65159,CC(C)C[C@H]1C(=O)N[C@H](C(=O)Nc2ccccn2)Cc2ccc(cc2)OCCCC[C@@H]1C(=O)NO,8.34,1
CHEMBL110696,C=CC[C@H](C(=O)NO)[C@@H](CC(C)C)C(=O)N[C@@H](Cc1ccccc1)C(=O)c1cn(C)c2ccccc12,8.33,1
CHEMBL324874,CC(C)C[C@H]1C(=O)N[C@H](C(=O)c2c[nH]c3ccccc23)Cc2ccc(cc2)OCCCCC[C@@H]1C(=O)NO,8.32,1
CHEMBL16520,CNC(=O)[C@@H](NC(=O)[C@@H](CC(=O)NO)CC(C)C)C(C)(C)C,8.3,4
CHEMBL16519,CCCCCCC[C@H](C[C@H](O)CS)C(=O)N[C@H](C(=O)NC)C(C)(C)C,8.3,1
CHEMBL115189,CNC(=O)C(NC(=O)[C@H](CC(C)C)[C@H](O)C(=O)NO)C(C)(C)C,8.3,1
CHEMBL325940,CC(C)C[C@H]1C(=O)N[C@H](C(=O)c2ccc(CO)cc2)Cc2ccc(cc2)OCCCC[C@@H]1C(=O)NO,8.3,1
CHEMBL432397,CC(C)C[C@@H](C(=O)N[C@@H](Cc1ccccc1)C(=O)c1c[nH]c2ccccc12)[C@H](O)C(=O)NO,8.3,1
CHEMBL98017,CN(C[C@H](C(=O)NO)[C@@H](CC1CCCC1)C(=O)N1CCOCC1)S(C)(=O)=O,8.3,1
CHEMBL99981,CC(C)S(=O)(=O)N(C)C[C@H](C(=O)NO)[C@@H](CC1CCCC1)C(=O)N1CCCCC1,8.3,1
CHEMBL320782,CC(C)C[C@H](CC(=O)NO)C(=O)N[C@@H](Cc1ccccc1)C(=O)c1c[nH]c2ccccc12,8.29,1
CHEMBL102798,COc1ccc(S(=O)(=O)N(CC(=O)NCc2ccccc2)C(CCSCc2ccccc2)C(=O)NO)cc1,8.29,1
CHEMBL281371,CNC(=O)[C@@H](NC(=O)[C@@H](CC(=O)NO)CC(C)C)C1CCCCC1,8.27,1
CHEMBL318484,CC1(C)SCCN(S(=O)(=O)c2ccc(Oc3cccnc3)cc2)[C@H]1C(=O)NO,8.24,1
CHEMBL140004,CC1(C)SCCCN(S(=O)(=O)c2ccc(Oc3ccncc3)cc2)[C@H]1C(=O)NO,8.24,1
CHEMBL50209,CNC(=O)C(Cc1c[nH]c2ccccc12)NC(=O)[C@@H](CC(=O)O)CC(C)C,8.22,1
CHEMBL288649,COc1ccc2[nH]c([C@H](CC(C)C)NC(=O)[C@@H](CC(=O)NO)CC(C)C)nc2c1,8.22,1
CHEMBL99148,CCS(=O)(=O)N(C)C[C@H](C(=O)NO)[C@@H](CC1CCCC1)C(=O)N1CCCCC1,8.22,1
CHEMBL97936,CN(C[C@H](C(=O)NO)[C@@H](CC1CCCC1)C(=O)N1CCCCC1)S(=O)(=O)c1cccc2ccccc12,8.22,1
CHEMBL316954,CC(C)C[C@@H](C(=O)N1CCCCC1)[C@H](CN(C)S(=O)(=O)c1cccc2c(N(C)C)cccc12)C(=O)NO,8.22,1
CHEMBL99189,CN(C)S(=O)(=O)N(C)C[C@H](C(=O)NO)[C@@H](CC1CCCC1)C(=O)N1CCCCC1,8.22,1
CHEMBL98044,CN(C[C@H](C(=O)NO)[C@@H](CC1CCCC1)C(=O)N1CCCCC1)S(C)(=O)=O,8.22,2
CHEMBL440945,C#CC#CCOc1ccc(S(=O)(=O)N2CCSC(C)(C)[C@@H]2C(=O)NO)cc1,8.22,1
CHEMBL122711,O=C(CN(Cc1ccccc1[N+](=O)[O-])S(=O)(=O)c1c(F)c(F)c(F)c(F)c1F)NO,8.22,1
CHEMBL340461,CC(C)CC(C(=O)NO)N(Cc1ccccc1)S(=O)(=O)c1c(F)c(F)c(F)c(F)c1F,8.22,1
CHEMBL516206,CNC(=O)[C@H](Cc1ccc(NC(=N)N)cc1)NC(=O)[C@H](CC(C)C)[C@H](CCCc1ccccc1)C(=O)NO,8.22,1
CHEMBL411851,C=CC[C@H](C(=O)NO)[C@@H](CC(C)C)C(=O)N[C@@H](Cc1ccccc1)C(=O)c1cc[nH]c1,8.21,1
CHEMBL64013,CNC(=O)[C@@H]1Cc2ccc(cc2)OCCCC[C@H](C(=O)NO)[C@@H](CCCc2ccc(C)cc2)C(=O)N1,8.21,1
CHEMBL422970,CNC(=O)[C@@H](NC(=O)C(CC(C)C)C(S)CC(=O)OC)C(C)OCc1ccccc1,8.205,2
CHEMBL303298,CC(C)C[C@H]1C(=O)N[C@H](C(=O)NCCN(C)C)Cc2ccc(cc2)OCCCC[C@@H]1C(=O)NO,8.18,1
CHEMBL98770,CCOc1ccc(CCC[C@H]2C(=O)N[C@H](C(=O)NC)Cc3ccc(cc3)OCCCC[C@@H]2C(=O)NO)cc1,8.17,2
CHEMBL207729,CC#CCOc1ccc(S(=O)(=O)N2CCSC(C)(C)[C@@H]2C(=O)NO)cc1,8.165,2
CHEMBL286788,C=CC[C@](C)(C(=O)NO)[C@@H](CC(C)C)C(=O)N[C@@H](CC1CCCCC1)C(=O)NCCc1ccc(S(N)(=O)=O)cc1,8.16,1
CHEMBL288896,COC(=O)c1ccc(NC(=O)[C@H](CC(C)C)NC(=O)[C@@H](CC(=O)NO)CC(C)C)cc1,8.16,1
CHEMBL306726,CC(C(=O)NO)N(Cc1ccccc1[N+](=O)[O-])S(=O)(=O)c1c(F)c(F)c(F)c(F)c1F,8.16,1
CHEMBL289513,CC(C)C[C@H](CC(=O)NO)C(=O)N[C@@H](CC(C)C)c1nc2cc(C(F)(F)F)ccc2[nH]1,8.15,1
CHEMBL382975,CC#CCOc1ccc(S(=O)(=O)N2CCSC(C)(C)C2C(=O)NO)cc1,8.15,3
CHEMBL380439,CCCCOc1ccc(S(=O)(=O)N2CCSC(C)(C)[C@@H]2C(=O)NO)cc1,8.15,1
CHEMBL383079,C/C=C/COc1ccc(S(=O)(=O)N2CCSC(C)(C)[C@@H]2C(=O)NO)cc1,8.15,1
CHEMBL332755,CC(C)C(C(=O)NO)N(Cc1ccccc1)S(=O)(=O)c1c(F)c(F)c(F)c(F)c1F,8.15,1
CHEMBL123463,CC(C(=O)NO)N(Cc1ccccc1)S(=O)(=O)c1c(F)c(F)c(F)c(F)c1F,8.15,1
CHEMBL262676,O=C(CN(Cc1ccccc1)S(=O)(=O)c1c(F)c(F)c(F)c(F)c1F)NO,8.15,1
CHEMBL128372,CNC(=O)[C@H](Cc1c[nH]c2ccccc12)NC(=O)[C@H](CC(C)C)[C@@H](S)CC(=O)OC,8.14,2
CHEMBL471537,CC(C)[C@H](C(=O)NO)N(CC(=O)NCCc1ccc(S(N)(=O)=O)cc1)S(=O)(=O)c1ccc(Oc2ccccc2)cc1,8.11,1
CHEMBL56289,NC(=O)[C@H](Cc1ccccc1)NC(=O)[C@H](CS)NC(=O)c1ccc2[nH]nnc2c1,8.1,1
CHEMBL114657,CNC(=O)[C@H](Cc1ccccc1)NC(=O)[C@H](CC(C)C)[C@H](CSc1ccc(O)cc1)C(=O)NO,8.1,1
CHEMBL123967,COc1ccc(S(=O)(=O)N2CCN(S(C)(=O)=O)CC2C(=O)NO)cc1,8.1,1
CHEMBL75094,CC1(C)SCCN(S(=O)(=O)c2ccc(Oc3ccncc3)cc2)[C@H]1C(=O)NO,8.09,7
CHEMBL135034,CC(C)C[C@@H](C(=O)N[C@H](C(=O)Nc1nccs1)[C@H](C)CC/N=C(/N)NS(C)(=O)=O)[C@H](C(C)C)N(O)C=O,8.09,1
CHEMBL473539,CC1(C)SCCN(S(=O)(=O)c2ccc(Oc3ccccc3)cc2)[C@H]1C(=O)NO,8.08,1
CHEMBL286772,COC(=O)[C@@H]1CCN(S(=O)(=O)c2ccc(Oc3ccc(F)cc3)cc2)[C@@H](C(=O)NO)C1,8.07,1
CHEMBL11306,CNC(=O)[C@H](Cc1ccccc1)NC(=O)[C@@H](CC(=O)NO)CC(C)C,8.06,4
CHEMBL96637,CC#CCOc1ccc(S(=O)(=O)N(C)C(C(=O)NO)C(C)(C)SCc2cccnc2)cc1,8.05,2
CHEMBL97762,CC#CCOc1ccc(S(=O)(=O)NCCC(=O)NO)cc1,8.05,1
CHEMBL298033,CC(C)C[C@H](CC(=O)NO)C(=O)N[C@@H](CC(C)C)c1ncc[nH]1,8.05,1
CHEMBL329313,CN(C[C@H](C(=O)NO)[C@@H](CC1CCCC1)C(=O)N1CCCCC1)S(=O)(=O)c1ccc(Cl)cc1,8.05,1
CHEMBL318716,CN(C[C@H](C(=O)NO)[C@@H](CC1CCCC1)C(=O)N1CCCCC1)S(=O)(=O)C(F)(F)F,8.05,1
CHEMBL111736,CC(C)C[C@H]1C(=O)N[C@H](C(=O)c2ccccc2)Cc2ccc(cc2)OCCCCC[C@@H]1C(=O)NO,8.04,1
CHEMBL32839,CNC(=O)[C@H](Cc1ccccc1)NC(=O)[C@H](CC(C)C)C(C)(C)C(=O)NO,8.03,1
CHEMBL356471,CO/N=C1/C[C@H](C(=O)NO)N(S(=O)(=O)c2ccc(OC)cc2)C1,8.0,1
CHEMBL76356,CCCCCCCCS(=O)(=O)C(C)(Cc1ccc(OCCN2CCCCC2)cc1)C(=O)NO,8.0,1
CHEMBL80496,COc1ccc(CS(=O)(=O)C(C)(Cc2ccccc2)C(=O)NO)cc1,8.0,1
CHEMBL94363,CC#CCOc1ccc(S(=O)(=O)NC(C)(C)C(=O)NO)cc1,8.0,1
CHEMBL16554,CCCCCCC[C@H](CC(=O)CS)C(=O)N[C@H](C(=O)NC)C(C)(C)C,8.0,1
CHEMBL111104,C=CC[C@H](C(=O)NO)[C@@H](CC(C)C)C(=O)N[C@@H](Cc1ccccc1)C(=O)c1ccccc1,8.0,1
CHEMBL329298,COc1ccc(S(=O)(=O)N(C)C[C@H](C(=O)NO)[C@@H](CC2CCCC2)C(=O)N2CCOCC2)cc1,8.0,1
CHEMBL95614,CS(=O)(=O)N(C[C@H](C(=O)NO)[C@@H](CC1CCCC1)C(=O)N1CCCCC1)C1CC1,8.0,1
CHEMBL328162,COc1ccc(S(=O)(=O)N(C)C[C@H](C(=O)NO)[C@@H](CC2CCCC2)C(=O)N2CCCCC2)cc1,8.0,1
CHEMBL339574,CNC(=O)[C@H](Cc1ccc(OC)cc1)NC(=O)[C@H](CC(C)C)[C@@H](S)CC(=O)OC(C)(C)C,8.0,1
CHEMBL96771,Cc1ccc(COc2ccc(S(=O)(=O)N3CCCC(C)(O)C3C(=O)NO)cc2)c(C)c1,8.0,1
CHEMBL199120,Cc1cc(F)ccc1COc1ccc(C(=O)CCC(=O)NO)cc1,8.0,1
CHEMBL199149,Cc1cc(F)ccc1COc1ccc(S(=O)(=O)CCC(=O)NO)cc1,8.0,1
CHEMBL197931,Cc1cc(F)ccc1COc1ccc(C(=O)NCC(=O)NO)cc1,8.0,1
CHEMBL371101,Cc1cc(F)ccc1COc1ccc(S(=O)(=O)NCC(=O)NO)cc1,8.0,1
CHEMBL432223,CC(C(=O)NO)N(Cc1ccccc1Cl)S(=O)(=O)c1c(F)c(F)c(F)c(F)c1F,8.0,1
CHEMBL5187653,C=CC[C@H](C(=O)NO)C(CC(C)C)C(=O)N[C@@H](Cc1ccccc1)C(=O)NC,8.0,1
CHEMBL2107228,CO[C@H](C(=O)NO)[C@@H](CC(C)C)C(=O)N[C@H](C(=O)Nc1ccccn1)C(C)(C)C,8.0,1
CHEMBL292545,CCCCCCCC[C@H](CC(=O)NO)C(=O)N[C@H]1CCCCN(CC(=O)OC)C1=O,7.96,1
CHEMBL16630,CNC(=O)[C@@H](NC(=O)[C@H](CC(C)C)C[C@H](O)CS)C(C)(C)C,7.96,1
CHEMBL16933,CNC(=O)[C@@H](NC(=O)[C@@H](CC(=O)CS)CC(C)C)C(C)(C)C,7.96,1
CHEMBL441177,C#CCCCOc1ccc(S(=O)(=O)N2CCSC(C)(C)[C@@H]2C(=O)NO)cc1,7.96,1
CHEMBL3932562,CC(C)[C@H](NS(=O)(=O)c1ccc(-c2cccc(CNC(=O)c3nc4ccccc4c(=O)[nH]3)c2)cc1)C(=O)NO,7.96,1
CHEMBL335719,CNC(=O)[C@H](Cc1ccc(OC)cc1)NC(=O)[C@H](CC(C)C)[C@@H](S)CC(=O)OCc1ccccc1,7.955,2
CHEMBL294618,NC(=O)[C@H](Cc1cccnc1)NC(=O)[C@H](CS)NC(=O)c1ccc2[nH]nnc2c1,7.92,1
CHEMBL158823,CNC(=O)[C@H](Cc1ccccc1)NC(=O)[C@H](CC(C)C)N[C@H](CCN1C(=O)c2cc3c(cc2C1=O)OCO3)C(=O)O,7.92,1
CHEMBL129561,CNC(=O)[C@H](Cc1c[nH]c2ccccc12)NC(=O)[C@@H](CC(C)C)[C@H](S)CC(=O)OC,7.92,1
CHEMBL123571,CC(C)C[C@H](CC(=O)NO)C(=O)N[C@@H](Cc1ccccc1)C(=O)NCC=O,7.92,1
CHEMBL151539,CCCOc1ccc(S(=O)(=O)N2C/C(=N\OC)C[C@@H]2C(=O)NO)cc1,7.89,1
CHEMBL325552,CC(C)C[C@H]1C(=O)N[C@H](C(=O)c2ccccc2)Cc2ccc(cc2)OCCCC[C@@H]1C(=O)NO,7.89,1
CHEMBL342248,COc1ccc(S(=O)(=O)N2CCS(=O)(=O)C(C)(C)[C@@H]2C(=O)NO)cc1,7.89,1
CHEMBL3900422,CC(C)[C@H](C(=O)NO)N(CCNC(=O)c1ccccc1)S(=O)(=O)c1ccc(-c2ccccc2)cc1,7.89,1
CHEMBL415482,COc1ccc(S(=O)(=O)N2CCN(Cc3ccccc3)C(=O)C[C@@H]2C(=O)NO)cc1,7.87,1
CHEMBL310472,CCN(CC)COc1ccc(CC(C)(C(=O)NO)S(=O)(=O)c2ccc(-c3ccco3)cc2)cc1,7.85,1
CHEMBL109596,C=CC[C@H](C(=O)NO)[C@@H](CC(C)C)C(=O)N[C@@H](Cc1ccccc1)C(=O)c1cccnc1,7.85,1
CHEMBL418725,CNC(=O)[C@@H](NC(=O)C(CC(C)C)C(=O)CS)C(C)(C)C,7.85,1
CHEMBL398271,CC(N)P(=O)(O)CC(CSCc1ccccc1)C(=O)NC(Cc1c[nH]c2ccccc12)C(N)=O,7.85,1
CHEMBL76222,CNC(=O)[C@@H](NC(=O)[C@H](CC(C)C)NC(=O)[C@@H](S)CCN1C(=O)N(C)C(C)(C)C1=O)C(C)(C)C,7.825,2
CHEMBL356011,C=C1C[C@H](C(=O)NO)N(S(=O)(=O)c2ccc(Oc3ccccc3)cc2)C1,7.82,1
CHEMBL279964,CNC(=O)[C@@H](NC(=O)[C@@H](CC(=O)NO)CC(C)C)c1ccccc1,7.82,1
CHEMBL352232,CCCOc1ccc2c(c1)C(=O)N(CC[C@@H](N[C@@H](CC(C)C)C(=O)N[C@@H](Cc1ccccc1)C(=O)NC)C(=O)O)C2=O,7.82,1
CHEMBL16118,CCCCCCCC(C(=O)CS)C(=O)N[C@H](C(=O)NC)C(C)(C)C,7.82,1
CHEMBL102785,COc1ccc(S(=O)(=O)N(CC(=O)NC2CCCCC2)C(CCSCc2ccccc2)C(=O)NO)cc1,7.8,1
CHEMBL96049,COc1ccc(S(=O)(=O)N2Cc3ccccc3N(C(=O)c3ccccc3)CC2C(=O)NO)cc1,7.8,1
CHEMBL331311,CC(C)CC(C(=O)NO)N(Cc1ccccc1)S(=O)(=O)C(F)(F)C(F)(F)C(F)(F)C(F)(F)F,7.8,1
CHEMBL129795,O=C(/C=C/c1ccc(O)cc1)c1ccc(O)cc1O,7.8,1
CHEMBL150655,COc1ccc(S(=O)(=O)N2C/C(=N\O)C[C@@H]2C(=O)NO)cc1,7.77,1
CHEMBL103737,CNC(=O)[C@H](Cc1ccc(OC)cc1)NC(=O)[C@H](CC(C)C)[C@H](C)S,7.77,1
CHEMBL338502,CNC(=O)[C@H](Cc1ccc(OC)cc1)NC(=O)C(CC(C)C)C(C)S,7.77,1
CHEMBL343653,O=C(NO)[C@H]1C[C@H](N2CCCCC2)CN1S(=O)(=O)c1ccc(Oc2ccccc2)cc1,7.77,1
CHEMBL381163,CC#CCOc1ccc(S(=O)(=O)N2C[C@H](CC(=O)O)SC(C)(C)[C@@H]2C(=O)NO)cc1,7.77,1
CHEMBL69268,COc1ccc(S(=O)(=O)N(Cc2cccnc2)c2c(C(=O)NO)cc(C)cc2-c2ccco2)cc1,7.75,1
CHEMBL135783,CC(C)C[C@@H](C(=O)N[C@H](C(=O)Nc1nccs1)[C@H](C)CC/N=C(/N)NS(C)(=O)=O)[C@H](C)N(O)C=O,7.75,1
CHEMBL43403,CC(C)C[C@H](CC(=O)NO)C(=O)N[C@@H](Cc1c[nH]c2ccccc12)c1ncc[nH]1,7.75,1
CHEMBL139884,CCCCOc1ccc(S(=O)(=O)N2CCCSC(C)(C)[C@@H]2C(=O)NO)cc1,7.75,1
CHEMBL99072,COc1ccc(S(=O)(=O)N2Cc3ccccc3N(C(C)=O)CC2C(=O)NO)cc1,7.75,1
CHEMBL338007,COc1ccc(S(=O)(=O)N2CCN(C(=O)OCc3cccnc3)CC2C(=O)NO)cc1,7.75,1
CHEMBL95237,CNC(=O)[C@H](Cc1c[nH]c2ccccc12)NC(=O)/C(=C/C(C)C)CC(=O)NO,7.75,1
CHEMBL3889936,CC(C)C(CS(=O)(=O)c1ccc(-c2cccc(CNC(=O)c3nc4ccccc4c(=O)[nH]3)c2)cc1)N(O)C=O,7.75,1
CHEMBL31928,COC(=O)[C@@H]1CCN(S(=O)(=O)c2ccc(OC)cc2)[C@@H](C(=O)NO)C1,7.72,1
CHEMBL111262,CC[C@H](C)[C@H](NC(=O)C(CC(C)C)[C@H](C(C)C)N(O)C=O)C(=O)Nc1ccccn1,7.72,1
CHEMBL436205,CCCCOc1ccc(S(=O)(=O)N2CCCS(=O)(=O)C(C)(C)[C@@H]2C(=O)NO)cc1,7.72,1
CHEMBL102438,COc1ccc(CNC(=O)CN(C(CCSCc2ccccc2)C(=O)NO)S(=O)(=O)c2ccc(OC)cc2)cc1,7.72,1
CHEMBL352068,CNC(=O)[C@H](Cc1ccccc1)NC(=O)[C@H](CC(C)C)N[C@H](CCN1C(=O)c2ccc(-c3ccccc3)cc2C1=O)C(=O)O,7.72,1
CHEMBL351888,CNC(=O)C(NC(=O)[C@H](CC(C)C)N[C@H](CCN1C(=O)c2cc3ccccc3cc2C1=O)C(=O)O)c1ccccc1,7.72,1
CHEMBL436569,CNC(=O)[C@H](Cc1c[nH]c2ccccc12)NC(=O)[C@H](CC(C)C)[C@H](CC(=O)OC)SC(C)=O,7.72,1
CHEMBL342548,COc1ccc(S(=O)(=O)N2C[C@@H](N(C)S(C)(=O)=O)C[C@@H]2C(=O)NO)cc1,7.72,1
CHEMBL422848,O=C(NO)[C@H]1C[C@H](N2CCCC2)CN1S(=O)(=O)c1ccc(Oc2ccccc2)cc1,7.72,1
CHEMBL421766,O=C(NO)[C@H]1C[C@H](N2CCOCC2)CN1S(=O)(=O)c1ccc(Oc2ccccc2)cc1,7.72,1
CHEMBL206481,CC#CCOc1ccc(S(=O)(=O)N2C[C@H](CNS(C)(=O)=O)SC(C)(C)[C@@H]2C(=O)NO)cc1,7.72,1
CHEMBL151718,COc1ccc(S(=O)(=O)N2C/C(=N\OC(C)(C)C)C[C@@H]2C(=O)NO)cc1,7.7,1
CHEMBL420077,O=C(C[C@@H](CC1CCCC1)C(=O)N[C@@H](Cc1ccccc1)C(=O)NCc1ccccc1)NO,7.7,1
CHEMBL58945,CCCCCC[C@H](CC(=O)NO)C(=O)N[C@@H](Cc1ccccc1)C(=O)NC,7.7,1
CHEMBL60546,CCCCCCCCCC[C@H](CC(=O)NO)C(=O)N[C@@H](Cc1ccccc1)C(=O)NC,7.7,1
CHEMBL95807,COc1ccc(S(=O)(=O)N2Cc3ccccc3N(C(=O)c3cccs3)CC2C(=O)NO)cc1,7.7,2
CHEMBL328917,CNC(=O)[C@H](Cc1ccccc1)NC(=O)[C@H](CC(C)C)N[C@@H](CCN1C(=O)c2cccc3c(Br)ccc(c23)C1=O)P(=O)(O)O,7.7,1
CHEMBL106016,COc1ccc(S(=O)(=O)N(CC(=O)NCc2cccnc2)C(CCSCc2ccccc2)C(=O)NO)cc1,7.7,1
CHEMBL114427,CNC(=O)[C@H](Cc1ccccc1)NC(=O)[C@H](CC(C)C)[C@H](CSc1ccccc1)C(=O)NO,7.7,1
CHEMBL318023,CS(=O)(=O)N(C[C@H](C(=O)NO)[C@@H](CC1CCCC1)C(=O)N1CCCCC1)C1CCCC1,7.7,1
CHEMBL328381,CC(C)C[C@@H](C(=O)N1CCOCC1)[C@H](CN1C(=O)c2ccccc2C1=O)C(=O)NO,7.7,1
CHEMBL144313,O=C(NO)[C@H]1C[C@H](N2CCCC2)CN1S(=O)(=O)c1ccc(Oc2ccc(F)cc2)cc1,7.7,1
CHEMBL3979213,Cc1cc(Cl)ccc1COc1ccc(S(=O)(=O)N2CCC[C@@](C)(O)[C@@H]2C(=O)NO)cc1,7.7,1
CHEMBL3921667,CC1(C)C[C@@H](O)CN(S(=O)(=O)c2ccc(OCc3ccc(F)cc3)cc2)[C@H]1C(=O)NO,7.7,1
CHEMBL176602,CC(C)C[C@H](C(=O)NO)N(Cc1ccccc1)[P@](C)(=O)c1ccccc1,7.69,1
CHEMBL20154,CNC(=O)[C@@H](NC(=O)[C@H](CCCc1ccccc1)CC(=O)NO)C(C)(C)C,7.68,1
CHEMBL135886,CC(C)C[C@@H](C(=O)N[C@@H](CCC/N=C(/N)NS(C)(=O)=O)C(=O)Nc1nccs1)[C@H](C(C)C)N(O)C=O,7.68,1
CHEMBL27408,COc1ccc(C(C(=O)NC(C)(C)C)N2C(=O)[C@H](CS)NC(=O)[C@@H]2Cc2ccc([N+](=O)[O-])cc2)cc1,7.68,2
CHEMBL320798,CNC(=O)[C@H](Cc1ccccc1)NC(=O)[C@H](CC(C)C)[C@H](CSc1ccccc1C(=O)OC)C(=O)NO,7.68,1
CHEMBL343855,CN1CC(=O)N([C@H]2C[C@H](C(=O)NO)N(S(=O)(=O)c3ccc(Oc4ccccc4)cc3)C2)C1=O,7.68,1
CHEMBL381554,CC#CCOc1ccc(S(=O)(=O)N2C[C@H](CCO)SC(C)(C)[C@@H]2C(=O)NO)cc1,7.68,1
CHEMBL204100,CC#CCOc1ccc(S(=O)(=O)N2C[C@H](CN)SC(C)(C)[C@@H]2C(=O)NO)cc1,7.68,1
CHEMBL330857,CC(C)C(C(=O)NO)N(Cc1ccccc1)S(=O)(=O)C(F)(F)C(F)(F)C(F)(F)C(F)(F)F,7.68,1
CHEMBL346624,CCOc1ccc(S(=O)(=O)N2C/C(=N\OC)C[C@@H]2C(=O)NO)cc1,7.66,1
CHEMBL90978,O=C(NO)C1CN(C(=O)c2ccccc2)CCCN1S(=O)(=O)c1ccc(Oc2ccccc2)cc1,7.66,2
CHEMBL7756,COc1ccc(S(=O)(=O)N2CCN(C(C)C)C(=O)C[C@@H]2C(=O)NO)cc1,7.66,1
CHEMBL140720,CCCc1ccc(S(=O)(=O)N2CCCSC(C)(C)[C@@H]2C(=O)NO)cc1,7.66,1
CHEMBL40589,CC(C)C[C@H](CC(=O)NO)C(=O)N[C@@H](Cc1c[nH]c2ccccc12)c1nc2ccccc2[nH]1,7.66,1
CHEMBL159141,CNC(=O)[C@H](Cc1ccccc1)NC(=O)[C@H](CC(C)C)N[C@H](CCN1C(=O)c2cc3ccccc3nc2C1=O)C(=O)O,7.66,1
CHEMBL333586,CCOCCCOC(=O)N1CCN(S(=O)(=O)c2ccc(OC)cc2)C(C(=O)NO)C1,7.66,2
CHEMBL198055,O=C(CCC(=O)c1ccc(Oc2ccccc2)cc1)NO,7.66,1
CHEMBL196460,O=C(CCS(=O)(=O)c1ccc(Oc2ccccc2)cc1)NO,7.66,1
CHEMBL198543,O=C(CNC(=O)c1ccc(Oc2ccccc2)cc1)NO,7.66,1
CHEMBL7390,COc1ccc(S(=O)(=O)N2CN(Cc3ccccc3)C(=O)C[C@@H]2C(=O)NO)cc1,7.65,1
CHEMBL437017,COc1ccc(S(=O)(=O)N2CN(Cc3ccccc3)C(=O)CC2C(=O)NO)cc1,7.65,1
CHEMBL298747,CNC(=O)[C@H](Cc1ccc(OC)cc1)NC(=O)[C@H](CC(C)C)C[C@@H](CCN1C(=O)c2cc3ccccc3cc2C1=O)C(=O)O,7.64,1
CHEMBL49107,CNC(=O)[C@H](Cc1ccc(OC)cc1)NC(=O)[C@H](CC(C)C)N[C@H](CCN1C(=O)c2cc3ccccc3cc2C1=O)C(=O)O,7.64,1
CHEMBL140575,COc1ccc(S(=O)(=O)N2CCCCC2C(=O)NO)cc1,7.64,1
CHEMBL128375,CNC(=O)[C@H](Cc1ccc(OC)cc1)NC(=O)[C@H](CC(C)C)[C@@H](S)CC(N)=O,7.64,1
CHEMBL346442,CC(C)(C)O/N=C1/C[C@H](C(=O)NO)N(S(=O)(=O)c2ccc(Oc3ccc(F)cc3)cc2)C1,7.62,1
CHEMBL80272,COc1ccc(S(=O)(=O)N(Cc2ccccc2)c2c(OCC(=O)NO)cccc2C(=O)NO)cc1,7.62,1
CHEMBL334403,CCC[C@@H]([C@@H](CC(C)C)C(=O)N[C@H](C(=O)Nc1nccs1)[C@H](C)CC/N=C(/N)N[N+](=O)[O-])N(O)C=O,7.62,1
CHEMBL287632,CC(C)CC(C(=O)NC(C)(C)C)N1C(=O)[C@H](CS)NC(=O)[C@@H]1Cc1ccc([N+](=O)[O-])cc1,7.62,2
CHEMBL95708,CCOc1ccc(C(=O)N2CC(C(=O)NO)N(S(=O)(=O)c3ccc(OC)cc3)Cc3ccccc32)cc1,7.62,1
CHEMBL115727,COc1ccc(S(=O)(=O)N2CC(C)(C)CN(S(=O)(=O)c3ccc(OC)cc3)C2C(=O)NO)cc1,7.62,2
CHEMBL332134,COc1ccc(S(=O)(=O)N2CCN(C(=O)OCc3ccccc3)CC2C(=O)NO)cc1,7.62,1
CHEMBL434187,CC#CCOc1ccc(S(=O)(=O)N2CCSC3(CCCC3)C2C(=O)NO)cc1,7.62,2
CHEMBL304281,CC(C(=O)NO)N(Cc1ccccc1[N+](=O)[O-])S(=O)(=O)C(F)(F)C(F)(F)C(F)(F)C(F)(F)F,7.62,1
CHEMBL310688,COc1ccc(S(=O)(=O)C(CC=C(C)C)(CC=C(C)C)C(=O)NO)cc1,7.6,1
CHEMBL282581,CC(C)(C)NC(=O)C(c1ccccc1)N1C(=O)[C@H](CS)NC(=O)[C@@H]1Cc1ccc([N+](=O)[O-])cc1,7.6,2
CHEMBL115211,CNC(=O)[C@H](Cc1ccccc1)NC(=O)[C@H](CC(C)C)[C@H](CSCc1ccccc1)C(=O)NO,7.6,1
CHEMBL126122,CC(C)C[C@H](CC(=O)NO)C(=O)N[C@@H](Cc1ccccc1)C(=O)N[C@@H](C)C=O,7.6,3
CHEMBL127161,CNC(=O)[C@H](Cc1ccc(OC)cc1)NC(=O)[C@H](CC(C)C)[C@@H](S)CC(=O)O,7.6,1
CHEMBL123627,COc1ccc(S(=O)(=O)N2CCN(C(=O)c3ccco3)CC2C(=O)NO)cc1,7.6,1
CHEMBL332120,COc1ccc(S(=O)(=O)N(Cc2ccc([N+](=O)[O-])cc2)C(C)C(=O)NO)cc1,7.6,1
CHEMBL122719,O=C(CN(Cc1ccccc1[N+](=O)[O-])S(=O)(=O)C(F)(F)C(F)(F)C(F)(F)C(F)(F)F)NO,7.6,1
CHEMBL5175662,CNC(=O)[C@@H](NC(=O)[C@H](CC(C)C)NC(=O)[C@H](S)CCN1C(=O)N(C)C(C)(C)C1=O)C(C)(C)C,7.6,1
CHEMBL123041,CC(C(=O)NO)N(Cc1ccccc1)S(=O)(=O)C(F)(F)C(F)(F)C(F)(F)C(F)(F)F,7.59,1
CHEMBL295798,CNC(=O)[C@H](Cc1ccccc1)NC(=O)[C@H](CC(C)C)N[C@H](CCN1C(=O)c2cc3ccccc3cc2C1=O)C(=O)O,7.585,2
CHEMBL357728,CC(C)(C)O/N=C1/C[C@H](C(=O)NO)N(S(=O)(=O)c2ccc(Oc3ccncc3)cc2)C1,7.58,1
CHEMBL149977,CCCCOc1ccc(S(=O)(=O)N2C/C(=N\OC)C[C@@H]2C(=O)NO)cc1,7.58,1
CHEMBL59023,CNC(=O)[C@H](Cc1ccccc1)NC(=O)[C@H](CCCCCOc1ccccc1)CC(=O)NO,7.58,1
CHEMBL95305,COc1cc(Oc2ccc(S(=O)(=O)N3CCSC(C)(C)[C@@H]3C(=O)NO)cc2)cc(OC)c1OC,7.58,1
CHEMBL301221,NC(=O)[C@H](Cc1ccccc1)NC(=O)[C@H](CS)NC(=O)c1cn[nH]c1,7.58,1
CHEMBL56821,NC(=O)[C@H](Cc1cccnc1)NC(=O)[C@H](CS)NC(=O)c1cn[nH]c1,7.58,1
CHEMBL337512,CC(C)C[C@@H](C(=O)N[C@@H](CCC/N=C(/N)N[N+](=O)[O-])C(=O)Nc1nccs1)[C@H](Cc1ccccc1)N(O)C=O,7.58,1
CHEMBL315898,CC(C)CC(CC(=O)NO)C(=O)NC1CCCCCCCCCCNC1=O,7.58,1
CHEMBL437499,CC(C)(C)OC(=O)NCC#CCOc1ccc(S(=O)(=O)N2CCSC(C)(C)[C@@H]2C(=O)NO)cc1,7.58,1
CHEMBL130164,CNC(=O)[C@H](Cc1ccc(OC)cc1)NC(=O)[C@H](CC(C)C)[C@@H](S)CC(=O)NCC(=O)O,7.57,1
CHEMBL99103,CNC(=O)[C@@H]1Cc2ccc(cc2)OCCCC[C@H](C(=O)NO)[C@@H](CCCc2cccc3ccccc23)C(=O)N1,7.55,2
CHEMBL293774,COc1ccc(S(=O)(=O)N(CC(=O)NO)Cc2ccc([N+](=O)[O-])cc2)cc1,7.55,1
CHEMBL427616,COc1ccc(S(=O)(=O)N2CC[C@H](C(=O)NO)N(S(=O)(=O)c3ccc(OC)cc3)CC2)cc1,7.54,2
CHEMBL296874,CC(C)C[C@H](CC(=O)NO)C(=O)N[C@@H](CC(C)C)c1nc2ccccc2[nH]1,7.54,1
CHEMBL351968,CNC(=O)[C@H](Cc1ccc(O)cc1)NC(=O)[C@H](CC(C)C)N[C@H](CCN1C(=O)c2cc3ccccc3cc2C1=O)C(=O)O,7.54,1
CHEMBL338231,CCOC(OCC)[C@H](C)NC(=O)[C@H](Cc1ccccc1)NC(=O)[C@@H](CC(=O)NO)CC(C)C,7.54,1
CHEMBL206298,CCCCC#CCOc1ccc(S(=O)(=O)N2CCSC(C)(C)[C@@H]2C(=O)NO)cc1,7.54,1
CHEMBL96654,CC(C)C[C@H](CC(=O)NO)C(=O)N[C@@H](Cc1ccccc1)C(=O)NCc1ccccc1,7.52,2
CHEMBL29897,COc1ccc(CN2C(=O)[C@H](CS)NC(=O)[C@@H]2CC2CCCCC2)cc1,7.52,2
CHEMBL98233,CNC(=O)[C@H](Cc1ccccc1)NC(=O)[C@H](CC(C)C)N[C@@H](CCN1C(=O)c2cccc3cccc(c23)C1=O)P(=O)(O)O,7.52,1
CHEMBL103957,CNC(=O)[C@H](Cc1ccccc1)NC(=O)[C@H](Cc1ccccc1S)CC(C)C,7.52,1
CHEMBL318455,CC(C)N(C[C@H](C(=O)NO)[C@@H](CC1CCCC1)C(=O)N1CCCCC1)S(C)(=O)=O,7.52,1
CHEMBL329287,CCCN(C[C@H](C(=O)NO)[C@@H](CC1CCCC1)C(=O)N1CCCCC1)S(C)(=O)=O,7.52,1
CHEMBL124100,CCCCCCNC(=O)N1CCN(S(=O)(=O)c2ccc(OC)cc2)C(C(=O)NO)C1,7.52,1
CHEMBL200274,CC(C)CC(C(=O)N[C@H]1CCCCCCCCCCNC1=O)[C@H](O)C(=O)NO,7.52,1
CHEMBL441084,O=C(CN(Cc1ccccc1)S(=O)(=O)C(F)(F)C(F)(F)C(F)(F)C(F)(F)F)NO,7.52,1
CHEMBL508335,CNC(=O)[C@H](Cc1c[nH]c2ccccc12)NC(=O)[C@@H](CC(=O)NNS(=O)(=O)c1ccc(-c2ccc(Br)cc2)cc1)CC(C)C,7.52,1
CHEMBL323371,O=C(NO)C(CCn1nnc2ccccc2c1=O)COc1ccc(-c2ccccc2)cc1,7.51,1
CHEMBL324205,CNC(=O)[C@H](Cc1ccccc1)NC(=O)[C@H](CC(C)C)[C@H](CSc1ccc([N+](=O)[O-])cc1)C(=O)NO,7.51,1
CHEMBL126044,COc1ccc(S(=O)(=O)N2CCN(S(=O)(=O)c3sc(N)nc3C)CC2C(=O)NO)cc1,7.51,1
CHEMBL251253,CC(N)P(=O)(O)CC(CCCc1ccccc1)C(=O)NC(Cc1c[nH]c2ccccc12)C(N)=O,7.51,1
CHEMBL2115216,CC(C)CC(CC(=O)NO)C(=O)N[C@H]1CCCCNCCCCCNC1=O,7.505,2
CHEMBL150027,O=C(NO)[C@H]1C/C(=N/Oc2ccccc2)CN1S(=O)(=O)c1ccc(Oc2ccncc2)cc1,7.5,1
CHEMBL132443,CNC(=O)[C@H](Cc1ccc(OC)cc1)NC(=O)[C@H](CC(C)C)[C@@H](S)CC(=O)NCC(N)=O,7.5,1
CHEMBL96419,CC#CCOc1ccc(S(=O)(=O)N(C)CCC(=O)NO)cc1,7.48,1
CHEMBL147629,CCCN([C@H]1C[C@H](C(=O)NO)N(S(=O)(=O)c2ccc(OC)cc2)C1)S(C)(=O)=O,7.48,1
CHEMBL205998,CC#CCOc1ccc(S(=O)(=O)N2C[C@H](CCN(CC)CC)SC(C)(C)[C@@H]2C(=O)NO)cc1,7.48,1
CHEMBL1766899,COc1cnn(-c2ccc(S(=O)(=O)N[C@@]3(C(=O)O)[C@H](C)[C@@H]3c3ccccc3)s2)c1,7.48,1
CHEMBL85030,COc1ccc(S(=O)(=O)N(Cc2ccccc2)[C@@H](C(=O)NO)C(C)C)cc1,7.48,1
CHEMBL336425,CCC[C@@H]([C@@H](CC(C)C)C(=O)N[C@@H](CCC/N=C(/N)N[N+](=O)[O-])C(=O)Nc1nccs1)N(O)C=O,7.47,1
CHEMBL59423,NC(=O)[C@H](Cc1cccs1)NC(=O)[C@H](CS)NC(=O)c1ccc2[nH]nnc2c1,7.47,1
CHEMBL326148,CC(C)C[C@@H](C(=O)N[C@@H](Cc1ccccc1)C(N)=O)[C@H](CSC/C(=N/O)c1ccc(Cl)cc1)C(=O)NO,7.47,1
CHEMBL132452,CNC(=O)[C@H](Cc1ccc(OC)cc1)NC(=O)[C@@H](CC(C)C)[C@H](S)CC(=O)OCc1ccccc1,7.47,1
CHEMBL97898,COCC(=O)N1CC(C(=O)NO)N(S(=O)(=O)c2ccc(OC)cc2)Cc2ccccc21,7.47,1
CHEMBL69323,O=C1N[C@@H](CS)C(=O)N(Cc2ccc3ccccc3n2)[C@H]1CC1CCCCC1,7.46,1
CHEMBL35602,C=CC[C@@H](C(=O)NO)[C@@H](CC(C)C)C(=O)N[C@@H](Cc1ccccc1)C(=O)NC,7.46,1
CHEMBL97788,O=C(NO)C1CN(C(=O)c2cccs2)c2ccccc2CN1S(=O)(=O)c1ccc(Oc2ccc(Cl)cc2)cc1,7.46,1
CHEMBL99745,COc1ccc(S(=O)(=O)N(Cc2ccc(OCCN3CCCCC3)cc2)c2c(C)cc(Br)cc2C(=O)NO)cc1,7.46,1
CHEMBL206739,CC#CCOc1ccc(S(=O)(=O)N2C[C@H](CC(N)=O)SC(C)(C)[C@@H]2C(=O)NO)cc1,7.46,1
CHEMBL202806,CC1(C)SCCN(S(=O)(=O)c2ccc(OCC#CCCO)cc2)[C@H]1C(=O)NO,7.46,1
CHEMBL284422,CCCCCCCC(C(=O)NC(C)(C)C)N1C(=O)[C@H](CS)NC(=O)[C@@H]1Cc1ccc([N+](=O)[O-])cc1,7.44,2
CHEMBL407443,COc1ccc(S(=O)(=O)N(CC(=O)NCc2cc(OC)cc(OC)c2)C(CCSCc2ccccc2)C(=O)NO)cc1,7.44,1
CHEMBL161838,CNC(=O)[C@H](Cc1ccccc1)NC(=O)[C@H](CC(C)C)N[C@H](CCN1C(=O)c2cc3ccc(OC)cc3cc2C1=O)C(=O)O,7.44,1
CHEMBL436623,CNC(=O)[C@H](Cc1ccccc1)NC(=O)[C@H](CC(C)C)N[C@H](CCN1C(=O)c2cc3cccc(OC)c3cc2C1=O)C(=O)O,7.44,1
CHEMBL286295,CNC(=O)[C@H](Cc1ccccc1)NC(=O)[C@H](CC(C)C)C1(C(=O)NO)CCCC1,7.43,1
CHEMBL25788,CC(C)(C)NC(=O)C(C1CC1)N1C(=O)[C@H](CS)NC(=O)[C@@H]1Cc1ccc([N+](=O)[O-])cc1,7.43,2
CHEMBL251687,CC(C)(C)NC(=O)C(Cc1ccccc1)N1C(=O)[C@H](CS)NC(=O)[C@@H]1Cc1ccc([N+](=O)[O-])cc1,7.43,2
CHEMBL162072,CC(C)C[C@H](N[C@H](CCN1C(=O)c2cc3ccccc3cc2C1=O)C(=O)O)C(=O)N(C)Cc1ccccc1,7.43,1
CHEMBL122831,CC(C(=O)NO)N(Cc1ccccc1Cl)S(=O)(=O)C(F)(F)C(F)(F)C(F)(F)C(F)(F)F,7.43,1
CHEMBL514138,COc1ccc(S(=O)(=O)N(Cc2cccnc2)[C@@H](C(=O)NO)C(C)C)cc1.Cl,7.42,22
CHEMBL135590,CC(C)C[C@@H](C(=O)N[C@H](C(=O)Nc1nccs1)[C@H](C)CC/N=C(/N)N[N+](=O)[O-])[C@H](C)N(O)C=O,7.42,1
CHEMBL350140,CNC(=O)[C@H](Cc1ccccc1)NC(=O)[C@H](CC(C)C)N[C@H](CCn1c(=O)c2cc3c(=O)[nH]c(=O)c3cc2c1=O)C(=O)O,7.42,1
CHEMBL440355,CCCCOc1ccc(S(=O)(=O)N2C/C(=N\OCC)C[C@@H]2C(=O)NO)cc1,7.41,1
CHEMBL288670,COc1ccc(S(=O)(=O)N(Cc2cccnc2)c2c(C(=O)NO)cnc3c2c(C)nn3C)cc1,7.41,1
CHEMBL105311,COc1ccc(S(=O)(=O)N(CC(=O)NC(c2ccccn2)c2ccccn2)C(CCSCc2ccccc2)C(=O)NO)cc1,7.41,1
CHEMBL450327,COc1ccc(S(=O)(=O)N(Cc2ccccc2[N+](=O)[O-])C(C)C(=O)NO)cc1,7.41,1
CHEMBL78369,O=C(NO)C1(S(=O)(=O)c2ccc(OCc3ccccc3)cc2)CCN(Cc2ccccc2)CC1,7.4,1
CHEMBL311436,O=C(NO)C1(S(=O)(=O)c2ccc(-c3ccco3)cc2)CCN(Cc2ccccc2)CC1,7.4,1
CHEMBL48226,CNC(=O)[C@H](Cc1ccc(OC)cc1)NC(=O)C(CC(=O)NO)c1ccccc1,7.4,1
CHEMBL298846,NC(=O)[C@H](Cc1ccccc1)NC(=O)[C@H](CS)NC(=O)Nc1ccccc1,7.4,1
CHEMBL291714,NC(=O)[C@H](Cc1ccccc1)NC(=O)[C@H](CS)NC(=O)C(F)(F)F,7.4,1
CHEMBL109706,C=CC[C@H](C(=O)NO)[C@@H](CC(C)C)C(=O)N[C@@H](Cc1ccccc1)C(=O)CC,7.4,1
CHEMBL42311,CC(C)C[C@H](CC(=O)NO)C(=O)N[C@@H](CC(C)C)c1nc2cc(Cl)c(Cl)cc2[nH]1,7.4,1
CHEMBL92608,CCOC(=O)[C@H](C)NC(=O)[C@H](CC(C)C)NC(=O)[C@@H](CC(=O)NO)CC(C)C,7.4,1
CHEMBL3359656,CC#CCOc1ccc(Oc2ccc(S(=O)(=O)NC(C(=O)NO)C(C)C)cc2)cc1,7.4,1
CHEMBL147489,O=C(NO)C1c2ccc(O)cc2CCN1S(=O)(=O)c1ccc([N+](=O)[O-])cc1,7.39,1
CHEMBL29801,CCc1ccc(C(C(=O)NC(C)(C)C)N2C(=O)[C@H](CS)NC(=O)[C@@H]2Cc2ccc([N+](=O)[O-])cc2)cc1,7.39,2
CHEMBL348826,CC(C)C[C@H](N[C@H](CCN1C(=O)c2cc3ccccc3cc2C1=O)C(=O)O)C(=O)NCc1cccc(F)c1,7.39,1
CHEMBL4788683,O=C(Nc1ccc([N+](=O)[O-])cc1)C(c1ccc([N+](=O)[O-])cc1)N(C(=O)c1ccc(C(F)(F)F)cc1)c1ccccc1,7.39,1
CHEMBL344828,COCCOc1ccc(S(=O)(=O)N2CCCSC(C)(C)[C@@H]2C(=O)NO)cc1,7.38,1
CHEMBL424251,CC(C)C[C@@H](C(=O)N[C@@H](Cc1ccccc1)C(N)=O)[C@H](CSc1cccs1)C(=O)NO,7.38,1
CHEMBL344545,COc1ccc(S(=O)(=O)N2C[C@@H](N3CCCS3(=O)=O)C[C@@H]2C(=O)NO)cc1,7.38,1
CHEMBL206155,CC(C)(C)OC(=O)NCCCC#CCOc1ccc(S(=O)(=O)N2CCSC(C)(C)[C@@H]2C(=O)NO)cc1,7.38,1
CHEMBL125598,COc1ccc(S(=O)(=O)N2CCN(C(=O)c3ccc(-c4ccccc4)cc3)CC2C(=O)NO)cc1,7.37,1
CHEMBL311336,COc1ccc(S(=O)(=O)N(Cc2ccccc2)C(C(=O)NO)C(C)C)cc1,7.37,1
CHEMBL267178,COc1ccc(S(=O)(=O)N(Cc2cccnc2)[C@@H](C(=O)NO)C(C)C)cc1,7.365,2
CHEMBL545716,CC(C)CC(C(=O)NC1CCCCNCCCCCNC1=O)[C@@H](S)CC(=O)OC(C)C.Cl,7.36,1
CHEMBL161572,CC(C)C[C@H](NC(=O)[C@H](CC(C)C)N[C@H](CCN1C(=O)c2cc3ccccc3cc2C1=O)C(=O)O)C(=O)NCCN1CCOCC1,7.36,1
CHEMBL131291,CNC(=O)[C@H](Cc1ccc(OC)cc1)NC(=O)[C@H](CC(C)C)[C@H](CC(=O)OC)SC(C)=O,7.36,1
CHEMBL75154,CC1(C)NC(=O)N(CC(CS(=O)(=O)c2ccc(-c3ccc(C(F)(F)F)cc3)cc2)N(O)C=O)C1=O,7.36,1
CHEMBL331342,COc1ccc(S(=O)(=O)N(Cc2ccccc2)C(CC(C)C)C(=O)NO)cc1,7.36,1
CHEMBL327621,COc1ccc(S(=O)(=O)N2CCCN(C(=O)c3ccccc3)CC2C(=O)NO)cc1,7.35,1
CHEMBL24573,CNC(=O)[C@H](NC(=O)C(CCC(F)(F)F)CP(=O)(O)Cc1ccc(Cc2ccccc2)cc1)C(C)(C)C,7.35,1
CHEMBL254401,CNC(=O)[C@@H](NC(=O)C(CCC(F)(F)F)CP(=O)(O)Cc1ccc(Cc2ccccc2)cc1)C(C)(C)C,7.35,1
CHEMBL4584813,COc1ccc(-c2ccc(S(=O)(=O)N(CCNC(=O)CCCNC(=O)c3cccc(C(=O)NCCCC(=O)NCCN([C@H](CCN4C(=O)c5ccccc5C4=O)C(=O)NO)S(=O)(=O)c4ccc(-c5ccc(OC)cc5)cc4)c3)[C@H](CCN3C(=O)c4ccccc4C3=O)C(=O)NO)cc2)cc1,7.35,1
CHEMBL16505,CNC(=O)[C@@H](NC(=O)[C@H](CC(C)C)C[C@@H](O)CS)C(C)(C)C,7.34,1
CHEMBL34808,COc1ccc(S(=O)(=O)N(Cc2cccnc2)c2c(C(=O)NO)cnc3c(OC)cccc23)cc1,7.34,2
CHEMBL306674,O=C1N[C@@H](CS)C(=O)N(CC2CCCCC2)[C@H]1CC1CCCCC1,7.33,2
CHEMBL30134,COc1ccc(CN2C(=O)[C@H](CS)NC(=O)[C@@H]2Cc2ccc([N+](=O)[O-])cc2)cc1,7.33,1
CHEMBL125553,CC(C)C[C@H](CC(=O)NO)C(=O)N[C@@H](CC(C)C)C(=O)N[C@@H](C)C=O,7.33,1
CHEMBL4780030,O=C(Nc1ccc([N+](=O)[O-])cc1)C(c1ccccc1)N(Cc1ccccc1)C(=O)Cc1ccccc1,7.33,1
CHEMBL417574,COC(=O)CN1CCCC[C@H](NC(=O)[C@H](CC(C)C)[C@@H](C)C(=O)NO)C1=O,7.31,1
CHEMBL309599,CC(Cc1ccccc1)(C(=O)NO)S(=O)(=O)c1cccs1,7.31,1
CHEMBL140788,COc1ccc(S(=O)(=O)N2CCCCCC2C(=O)NO)cc1,7.31,1
CHEMBL421029,COc1ccc(S(=O)(=O)N(CC(=O)NCc2c(OC)cc(OC)cc2OC)C(CCSCc2ccccc2)C(=O)NO)cc1,7.31,1
CHEMBL161536,CNC(=O)[C@H](CC(C)C)NC(=O)[C@H](CC(C)C)N[C@H](CCN1C(=O)c2cc3ccccc3cc2C1=O)C(=O)O,7.31,1
CHEMBL125601,COCCN(CCOC)C(=O)N1CCN(S(=O)(=O)c2ccc(Br)cc2)C(C(=O)NO)C1,7.31,1
CHEMBL32285,C=CC[C@](C)(C(=O)NO)[C@@H](CC(C)C)C(=O)N[C@H](C(=O)Nc1ccccc1)C(C)(C)C,7.3,1
CHEMBL432882,CC(C)[C@@H](NS(=O)(=O)c1ccc(Oc2ccccc2)cc1)C(=O)NO,7.3,1
CHEMBL110312,CC(C)C[C@H](NP(=O)(O)CCCCN1C(=O)c2ccccc2C1=O)C(=O)N[C@@H](Cc1c[nH]c2ccccc12)C(=O)NCc1ccccc1,7.3,1
CHEMBL51996,CNC(=O)C(Cc1c[nH]c2ccccc12)NC(=O)[C@@H](CC(=O)NN)CC(C)C,7.3,1
CHEMBL47842,CC[C@H](N[C@@H](CC(C)C)C(=O)N[C@@H](Cc1c[nH]c2ccccc12)C(=O)NC)P(=O)(O)O,7.3,2
CHEMBL357233,COc1ccc(S(=O)(=O)N2CCOCC2C(=O)NO)cc1,7.3,1
CHEMBL97382,CCS(=O)(=O)N(C)C[C@H](C(=O)NO)[C@@H](CC(C)C)C(=O)N1CCCCC1,7.3,1
CHEMBL66589,COCCN1CCCC[C@H](NC(=O)[C@H](CC(C)C)[C@@H](CCCO)C(=O)NO)C1=O,7.29,1
CHEMBL80146,CCN(CC)COc1ccc(CC(C)(C(=O)NO)S(=O)(=O)c2ccc(Br)cc2)cc1,7.29,1
CHEMBL431988,CC(C)C[C@@H](C(=O)NC1CCCCCCCCCCNC1=O)[C@@H](S)CC(=O)OC(C)C,7.29,1
CHEMBL345244,CC(C)C[C@H](N[C@H](CCN1C(=O)c2cc3ccccc3cc2C1=O)C(=O)O)C(=O)NC(C)c1ccccc1,7.29,1
CHEMBL118744,COc1ccc(S(=O)(=O)N2CC(O)CN(S(=O)(=O)c3ccc(OC)cc3)C2C(=O)NO)cc1,7.29,1
CHEMBL289003,C=CC[C@@](C)(C(=O)NO)[C@@H](CC(C)C)C(=O)N[C@@H](Cc1ccccc1)C(=O)NC,7.28,1
CHEMBL334567,CC(C)C[C@@H](C(=O)N[C@H](C(=O)Nc1nccs1)[C@H](C)CC/N=C(/N)NS(C)(=O)=O)[C@H](CCC(F)(F)F)N(O)C=O,7.28,1
CHEMBL430664,COc1ccc(S(=O)(=O)N2Cc3ccccc3N(C(=O)c3ccc(-c4ccccc4)cc3)CC2C(=O)NO)cc1,7.28,1
CHEMBL440714,COc1ccc(S(=O)(=O)N(Cc2ccccc2Cl)C(C)C(=O)NO)cc1,7.28,1
CHEMBL77258,CCCCC(CC(=O)NO)S(=O)(=O)C1CCCCC1,7.27,1
CHEMBL352231,CNC(=O)[C@H](Cc1ccccc1)NC(=O)[C@H](CC(C)C)N[C@H](CCN1C(=O)c2cc3ccccc3c(OC)c2C1=O)C(=O)O,7.27,1
CHEMBL345640,CC(C)C[C@H](N[C@H](CCN1C(=O)c2cc3ccccc3cc2C1=O)C(=O)O)C(=O)N1CCN(C)CC1,7.27,1
CHEMBL418291,CCCc1ccc(CC[C@H]2C(=O)N[C@H](C(=O)NC)Cc3ccc(cc3)OCCCC[C@@H]2C(=O)NO)cc1,7.27,1
CHEMBL123563,COc1ccc(S(=O)(=O)N2CCN(S(=O)(=O)c3c(C)noc3C)CC2C(=O)NO)cc1,7.27,1
CHEMBL122651,COc1ccc(S(=O)(=O)N(CC(=O)NO)Cc2ccccc2[N+](=O)[O-])cc1,7.27,1
CHEMBL102305,CNC(=O)[C@H](Cc1ccc(OC)cc1)NC(=O)[C@H](Cc1ccccc1S)CC(C)C,7.26,1
CHEMBL131333,COC(=O)C[C@H](S)[C@@H](CC(C)C)C(=O)N[C@@H](Cc1ccccc1)C(N)=O,7.26,2
CHEMBL97962,COc1ccc(S(=O)(=O)N2Cc3ccccc3N(C(=O)c3cc(F)ccc3C)CC2C(=O)NO)cc1,7.26,1
CHEMBL161224,CC(C)C[C@H](N[C@H](CCN1C(=O)c2cc3ccccc3cc2C1=O)C(=O)O)C(=O)NCc1ccc(C(=O)O)cc1,7.25,1
CHEMBL1090284,COc1ccc(S(=O)(=O)N(CC(C)C)[C@@H](C(=O)NO)C(C)C)cc1,7.25,1
CHEMBL416857,CCCCCCCC[C@@H](C(=O)N[C@H]1CCCCN(CC(=O)OC)C1=O)[C@@H](C)C(=O)NO,7.24,1
CHEMBL337045,CCC[C@@H]([C@@H](CC(C)C)C(=O)N[C@H](C(=O)Nc1nccs1)[C@H](C)CC/N=C(/N)NS(C)(=O)=O)N(O)C=O,7.24,1
CHEMBL316169,COc1ccc(S(=O)(=O)N(Cc2ccccc2)C(C)C(=O)NO)cc1,7.24,1
CHEMBL330588,O=C(NO)C1CN(C(=O)c2ccccc2)c2ccccc2CN1S(=O)(=O)c1ccc(Oc2ccc(Cl)cc2)cc1,7.23,1
CHEMBL515980,CC(C)[C@H](C(=O)NO)N(CC(=O)O)S(=O)(=O)c1ccc(Oc2ccccc2)cc1,7.23,1
CHEMBL182306,C[C@@]1(O)CCCN(S(=O)(=O)c2ccc(OCc3ccccc3F)cc2)[C@H]1C(=O)NO,7.225,2
CHEMBL28170,CNC(=O)[C@H](NC(=O)C(CC(C)C)CP(=O)(O)Cc1ccc(Cc2ccccc2)cc1)C(C)(C)C,7.22,1
CHEMBL300902,CNC(=O)C(Cc1c[nH]c2ccccc12)NC(=O)[C@@H](CC(=O)Nc1ccccn1)CC(C)C,7.22,1
CHEMBL109239,CC(C)C[C@H]1C(=O)N[C@H](C(=O)c2ccc(S(C)(=O)=O)cc2)Cc2ccc(cc2)OCCCC[C@@H]1C(=O)NO,7.22,1
CHEMBL98917,CC(C)C[C@@H](C(=O)N1CCCCC1)[C@H](CN(C)S(C)(=O)=O)C(=O)NO,7.22,1
CHEMBL172588,COc1ccc(S(=O)(=O)C(CCS)Cc2ccccc2)cc1,7.22,1
CHEMBL124558,COc1ccc(S(=O)(=O)N2CCN(S(=O)(=O)c3ccc(OC)cc3)C(C(=O)NO)C2)cc1,7.22,1
CHEMBL254400,CNC(=O)[C@@H](NC(=O)C(CC(C)C)CP(=O)(O)Cc1ccc(Cc2ccccc2)cc1)C(C)(C)C,7.22,1
CHEMBL122836,CC(C(=O)NO)N(Cc1ccc([N+](=O)[O-])cc1)S(=O)(=O)C(F)(F)C(F)(F)C(F)(F)C(F)(F)F,7.22,1
CHEMBL82868,COc1ccc(S(=O)(=O)N(CC(=O)NO)Cc2ccccc2)cc1,7.22,1
CHEMBL316298,CC#CCOc1ccc(S(=O)(=O)N(C)C(CSCc2cccnc2)C(=O)NO)cc1,7.21,2
CHEMBL422266,CC(C)C[C@H](NC(=O)[C@H](CCc1ccccc1)NC(=O)[C@@H](C)N)C(=O)Nc1ccccc1,7.21,1
CHEMBL345054,COc1ccc(S(=O)(=O)N2CCSCC2C(=O)NO)cc1,7.21,2
CHEMBL343082,CCCCCc1ccc(S(=O)(=O)N2CCCSC(C)(C)[C@@H]2C(=O)NO)cc1,7.21,1
CHEMBL316822,COCC(=O)N1CC(C(=O)NO)N(S(=O)(=O)c2ccc(Oc3ccc(Cl)cc3)cc2)Cc2ccccc21,7.21,1
CHEMBL436580,COc1ccc(S(=O)(=O)N2CCN(C(=O)c3ccno3)CC2C(=O)NO)cc1,7.21,1
CHEMBL55110,O=C(CN(Cc1ccc([N+](=O)[O-])cc1)S(=O)(=O)C(F)(F)C(F)(F)C(F)(F)C(F)(F)F)NO,7.21,1
CHEMBL58546,COC(=O)[C@H](Cc1ccccc1)NC(=O)[C@H](CS)NC(=O)C(F)(F)F,7.2,1
CHEMBL38352,COc1ccc(S(=O)(=O)N(Cc2cccnc2)c2c(C(=O)NO)cnc3c(Br)cccc23)cc1,7.19,2
CHEMBL26913,CCCN1C(=O)[C@H](CS)NC(=O)[C@@H]1Cc1ccc([N+](=O)[O-])cc1,7.19,2
CHEMBL140568,COc1ccc(S(=O)(=O)N2CCCSCC2C(=O)NO)cc1,7.19,1
CHEMBL114815,O=C(NO)C1(NS(=O)(=O)c2ccc(Oc3ccc(F)cc3)cc2)CCCC1,7.19,1
CHEMBL210133,CC#CCOc1ccc(S(=O)(=O)CC2(C(=O)NO)CCN(S(=O)(=O)Cc3ccccc3)CC2)cc1,7.19,1
CHEMBL4067375,COc1ccc(S(=O)(=O)N2CCCSC[C@@H]2C(=O)NO)cc1,7.19,1
CHEMBL126388,COc1ccc(S(=O)(=O)N2CCN(/C(S)=N/Cc3ccccc3)CC2C(=O)NO)cc1,7.17,1
CHEMBL331095,COc1ccc(S(=O)(=O)N2CCN(C(=O)c3cccs3)CC2C(=O)NO)cc1,7.17,1
CHEMBL78001,CCCCC(CC(=O)NO)S(=O)(=O)c1ccc2ccccc2c1,7.16,1
CHEMBL350789,CC(C)C[C@H](N[C@H](CCN1C(=O)c2cc3ccccc3cc2C1=O)C(=O)O)C(=O)NCc1ccc(S(N)(=O)=O)cc1,7.16,1
CHEMBL16087,CC(C)CC(C(=O)CS)C(=O)N[C@H](C(=O)Nc1ccccn1)C(C)(C)C,7.16,1
CHEMBL125755,COc1ccc(S(=O)(=O)N2CCN(C(=O)NCCc3ccccc3)CC2C(=O)NO)cc1,7.16,1
CHEMBL123499,CCCCCCN(C)C(=O)N1CCN(S(=O)(=O)c2ccc(OC)cc2)C(C(=O)NO)C1,7.15,1
CHEMBL30055,CCCCOc1ccc(C(C(=O)NC(C)(C)C)N2C(=O)[C@H](CS)NC(=O)[C@@H]2Cc2ccc([N+](=O)[O-])cc2)cc1,7.14,2
CHEMBL332302,COc1ccc(S(=O)(=O)N2CCN(C(C)=O)CC2C(=O)NO)cc1,7.14,1
CHEMBL50555,CNC(=O)[C@H](Cc1ccc(OC)cc1)NC(=O)C1(CC(CCN2C(=O)c3cc4ccccc4cc3C2=O)C(=O)O)CCCCC1,7.135,2
CHEMBL151133,CCCCOc1ccc(S(=O)(=O)N2C/C(=N\OC(C)(C)C)C[C@@H]2C(=O)NO)cc1,7.13,1
CHEMBL317132,O=C(NO)C(CCn1nnc2ccccc2c1=O)COc1ccc(-c2ccc(Cl)cc2)cc1,7.13,1
CHEMBL419995,COc1ccc(S(=O)(=O)N(Cc2cccnc2)c2c(C)cc(N(C)C)cc2C(=O)NO)cc1,7.13,1
CHEMBL286254,O=C1N[C@@H](CS)C(=O)N(Cc2ccc3ccccc3n2)[C@H]1Cc1ccc([N+](=O)[O-])cc1,7.13,1
CHEMBL158571,CC(C)C[C@@H](N[C@H](CCN1C(=O)c2cc3ccccc3cc2C1=O)C(=O)O)C(=O)NC(C)c1ccccc1,7.13,1
CHEMBL148136,COc1ccc(S(=O)(=O)N2C[C@@H](N(Cc3cccnc3)S(C)(=O)=O)C[C@@H]2C(=O)NO)cc1,7.13,1
CHEMBL5278767,COc1ccc(S(=O)(=O)N(c2c(C)cc(-c3cccc(C(F)(F)F)c3)cc2C(=O)NO)N(C)C)cc1,7.13,1
CHEMBL357934,CCCCOc1ccc(S(=O)(=O)N2C/C(=N\OCC(C)C)C[C@@H]2C(=O)NO)cc1,7.12,1
CHEMBL133369,CCC[C@@H]([C@@H](CC(C)C)C(=O)N[C@@H](CCC/N=C(/N)NS(=O)(=O)c1ccccn1)C(=O)Nc1nccs1)N(O)C=O,7.12,1
CHEMBL285546,COc1ccc(S(=O)(=O)N(Cc2cccnc2)c2c(C(=O)NO)cnc3c(I)cccc23)cc1,7.12,2
CHEMBL76038,CCCCCCCCS(=O)(=O)C(C)(Cc1ccccc1)C(=O)NO,7.11,1
CHEMBL287820,COc1ccc(S(=O)(=O)N(Cc2cccnc2)c2c(C(=O)NO)cnc3cc(C(F)(F)F)ccc23)cc1,7.11,2
CHEMBL75487,CC1(C)NC(=O)N(CC(CS(=O)(=O)c2ccc(-c3cccc(CC#N)c3)cc2)N(O)C=O)C1=O,7.11,1
CHEMBL376557,CC(C)[C@H](NS(=O)(=O)c1ccc(-c2ccc(Cl)cc2)cc1)P(=O)(O)O,7.11,1
CHEMBL318190,COc1ccc(S(=O)(=O)N(C)C[C@H](C(=O)NO)[C@@H](CC(C)C)C(=O)N2CCCCC2)cc1,7.1,1
CHEMBL333729,COc1ccc(S(=O)(=O)N2CCCN(S(=O)(=O)c3ccc(OC)cc3)C2C(=O)NO)cc1,7.1,2
CHEMBL118848,COc1ccc(S(=O)(=O)N2CC3(CN(S(=O)(=O)c4ccc(OC)cc4)C2C(=O)NO)SCCCS3)cc1,7.1,1
CHEMBL419430,COc1ccc(S(=O)(=O)N2CCN(C(=O)Nc3cccc(OC)c3)CC2C(=O)NO)cc1,7.1,1
CHEMBL438692,CC(N)P(=O)(O)CC(CCc1ccccc1)C(=O)NC(Cc1c[nH]c2ccccc12)C(N)=O,7.1,1
CHEMBL150483,CO/N=C1/C[C@H](C(=O)NO)N(S(=O)(=O)c2ccc(Oc3ccncc3)cc2)C1,7.09,1
CHEMBL331834,COc1ccc(S(=O)(=O)N(Cc2ccccc2)c2c(C)cc(C)cc2C(=O)NO)cc1,7.09,1
CHEMBL351887,CNC(=O)[C@H](Cc1ccccc1)NC(=O)[C@H](CC(C)C)N[C@H](CCN1C(=O)c2ccccc2C1=O)C(=O)O,7.09,1
CHEMBL76043,CC1(C)C(=O)NC(=O)N1CC(CS(=O)(=O)c1ccc(-c2ccc(OC(F)(F)F)cc2)cc1)N(O)C=O,7.09,1
CHEMBL101612,CN1CCN(Cc2cc(Br)cc(C(=O)NO)c2N(C)S(=O)(=O)c2ccc(Oc3ccc(Cl)cc3)cc2)CC1,7.09,1
CHEMBL421644,COc1ccc(S(=O)(=O)N2CCN(C(=O)c3ccccc3)CC2C(=O)NO)cc1,7.09,1
CHEMBL339903,COc1ccc(S(=O)(=O)N2CCN(C(=O)OC(C)(C)C)CC2C(=O)NO)cc1,7.09,1
CHEMBL5278145,CC1(C)NC(=O)N(C[C@H](CS(=O)(=O)c2ccc(-c3ccc(OC(F)(F)F)cc3)cc2)N(O)C(=O)O)C1=O,7.09,1
CHEMBL302489,CCC[C@@H](C(=O)NO)[C@@H](CC(C)C)C(=O)N[C@H]1CCCCN(CCOC)C1=O,7.08,1
CHEMBL55931,NC(=O)[C@H](Cc1ccccc1)NC(=O)[C@H](CS)NC(=O)c1ccc(O)nc1,7.08,1
CHEMBL347249,CC(C)C[C@H](N[C@H](CCN1C(=O)c2cc3ccccc3cc2C1=O)C(=O)O)C(=O)N1CCc2ccccc2C1,7.08,1
CHEMBL30034,COc1ccc(CN2C(=O)[C@H](CS)NC(=O)[C@@H]2Cc2ccccc2)cc1,7.075,2
CHEMBL158622,CC(C)C[C@H](N[C@H](CCN1C(=O)c2cc3ccccc3cc2C1=O)C(=O)O)C(=O)N1CCCC1c1cccnc1,7.075,2
CHEMBL151235,CONC1C[C@H](C(=O)NO)N(S(=O)(=O)c2ccc(Oc3ccccc3)cc2)C1,7.07,1
CHEMBL135251,CC1CCC(C[C@@H](C(=O)N[C@@H](CCC/N=C(/N)N[N+](=O)[O-])C(=O)Nc2nccs2)[C@H](C(C)C)N(O)C=O)CC1,7.07,1
CHEMBL352066,CC(C)C[C@H](N[C@H](CCN1C(=O)c2cc3ccccc3cc2C1=O)C(=O)O)C(=O)N(C)C,7.07,1
CHEMBL351344,CNC(=O)[C@H](C)NC(=O)[C@H](CC(C)C)N[C@H](CCN1C(=O)c2cc3ccccc3cc2C1=O)C(=O)O,7.07,1
CHEMBL358539,COc1ccc(S(=O)(=O)N2CCc3cc(OCc4ccccc4)ccc3C2C(=O)NO)cc1,7.06,1
CHEMBL433902,CC(C)C[C@H](N[C@H](CCN1C(=O)c2cc3ccccc3cc2C1=O)C(=O)O)C(=O)NCc1ccccc1,7.06,1
CHEMBL147804,CCCN(C(=O)[C@H](C)O)[C@H]1C[C@H](C(=O)NO)N(S(=O)(=O)c2ccc(OC)cc2)C1,7.06,1
CHEMBL124514,CCCCCCN(C)C(=O)N1CCN(S(=O)(=O)c2ccc(Br)cc2)C(C(=O)NO)C1,7.06,1
CHEMBL381505,CC(C)(C)OC(=O)NCCCCC#CCOc1ccc(S(=O)(=O)N2CCSC(C)(C)[C@@H]2C(=O)NO)cc1,7.06,1
CHEMBL440498,O=C(NO)C1(CS(=O)(=O)c2ccc(Oc3ccc(Cl)cc3)cc2)CCOCC1,7.05,6
CHEMBL151399,C=C1C[C@H](C(=O)NO)N(S(=O)(=O)c2ccc(OC)cc2)C1,7.05,1
CHEMBL432842,CNC(=O)[C@@H](NC(=O)[C@H](CCCc1ccccc1)CC(=O)NO)c1ccccc1,7.05,1
CHEMBL433426,CCCCCCCCC[C@H](CC(=O)NO)C(=O)N[C@H](C(=O)NC)c1ccccc1,7.05,1
CHEMBL450875,O=C(O)CCN(C1(C(=O)NO)CCC1)S(=O)(=O)c1ccc(Oc2ccc(F)cc2)cc1,7.05,1
CHEMBL75302,CC1(C)NC(=O)N(CC(CS(=O)(=O)c2ccc(Oc3ccc(Cl)cc3)cc2)N(O)C=O)C1=O,7.05,1
CHEMBL539787,COc1ccc(S(=O)(=O)N2CCCNCC2C(=O)NO)cc1.Cl,7.04,1
CHEMBL19623,CNC(=O)[C@@H](NC(=O)[C@H](CCc1ccccc1)CC(=O)NO)c1ccccc1,7.04,1
CHEMBL338077,COc1ccc(S(=O)(=O)N2CCN(C(=O)COc3ccccc3)CC2C(=O)NO)cc1,7.04,1
CHEMBL359502,CC#CCOc1ccc(S(=O)(=O)N2CCN(C(=O)OC(C)(C)C)CCC2C(=O)NO)cc1,7.04,1
CHEMBL203886,CC1(C)SCCN(S(=O)(=O)c2ccc(OCC#CCCCCN)cc2)[C@H]1C(=O)NO,7.04,1
CHEMBL498915,CNC(=O)[C@H](Cc1c[nH]c2ccccc12)NC(=O)[C@@H](CC(=O)NNS(=O)(=O)c1ccc(N2C(=O)CCC2=O)cc1)CC(C)C,7.04,1
CHEMBL126977,O=C(O)[C@H]1[C@H](CN2C(=O)c3ccccc3C2=O)CC[C@@H]1Sc1ccc(-c2ccccc2)cc1,7.03,1
CHEMBL75433,CCCCC(CC(=O)NO)[S+]([O-])c1ccccc1,7.03,1
CHEMBL20043,CNC(=O)[C@@H](NC(=O)[C@H](CCCc1ccccc1)CC(=O)NO)C(C)C,7.03,1
CHEMBL293130,NC(=O)[C@H](Cc1ccccc1)NC(=O)[C@H](CS)NC(=O)c1ccncc1,7.03,1
CHEMBL522422,CNC(=O)[C@H](Cc1c[nH]c2ccccc12)NC(=O)[C@@H](CC(=O)NNS(=O)(=O)c1ccccc1N)CC(C)C,7.03,1
CHEMBL62436,CCC[C@@H](C(=O)NO)[C@@H](CC(C)C)C(=O)N[C@H]1CCCCN(CC(=O)OC)C1=O,7.02,1
CHEMBL135983,CC1CCC(C[C@@H](C(=O)N[C@@H](CCC/N=C(/N)NS(=O)(=O)c2ccccn2)C(=O)Nc2nccs2)[C@H](C(C)C)N(O)C=O)CC1,7.02,1
CHEMBL194237,CC#CCOc1ccc(S(=O)(=O)N2CCN(S(C)(=O)=O)CC2C(=O)NO)cc1,7.02,2
CHEMBL373831,C#CCOc1ccc(S(=O)(=O)C2(C(=O)NO)CCN(Cc3ccccc3)CC2)cc1,7.02,1
CHEMBL311932,COc1ccc(S(=O)(=O)N(CC(=O)NO)CC(C)C)cc1,7.015,2
CHEMBL267939,COc1ccc(S(=O)(=O)N2CCN(C(=O)OCc3ccccc3)CC[C@@H]2C(=O)NO)cc1,7.01,1
CHEMBL202839,CC1(C)SCCN(S(=O)(=O)c2ccc(OCC#CCN)cc2)[C@H]1C(=O)NO,7.01,1
CHEMBL227484,Cc1ccc(-c2ccc(S(=O)(=O)N[C@@H](C(C)C)P(=O)(O)O)cc2)cc1,7.01,2
CHEMBL292313,CCCCCCCC[C@H](CC(=O)NO)C(=O)N[C@H](C(=O)NC)C(C)(C)C,7.0,2
CHEMBL75925,CC(Cc1ccc(OCCN2CCCCC2)cc1)(C(=O)NO)S(=O)(=O)c1cccs1,7.0,1
CHEMBL76673,COc1ccc(S(=O)(=O)C(C)(Cc2ccccc2)C(=O)NO)cc1,7.0,1
CHEMBL35433,COc1ccc(S(=O)(=O)N(Cc2cccnc2)c2c(C(=O)NO)cnc3c(Cc4ccccc4)cccc23)cc1,7.0,2
CHEMBL263459,CCC[C@@H]([C@@H](CC(C)C)C(=O)N[C@@H](CCC/N=C(/N)NS(C)(=O)=O)C(=O)Nc1nccs1)N(O)C=O,7.0,1
CHEMBL329784,O=C(NC1CCCCC1)P(=O)(O)O,7.0,1
CHEMBL114378,COc1ccc(S(=O)(=O)NC(C)(C)C(=O)NO)cc1,7.0,1
CHEMBL148213,CCCOc1ccc(S(=O)(=O)N2C[C@@H](N3CCCS3(=O)=O)C[C@@H]2C(=O)NO)cc1,7.0,1
CHEMBL127093,COc1ccc(S(=O)(=O)N2CCN(C(=O)NCc3ccccc3)CC2C(=O)NO)cc1,7.0,1
CHEMBL370312,CC1(C)C[C@@H](O)CN(S(=O)(=O)c2ccc(OCc3ccc(Br)cc3)cc2)[C@H]1C(=O)NO,7.0,1
CHEMBL382585,CC1(C)SCCN(S(=O)(=O)c2ccc(OCC#CCCCCO)cc2)[C@H]1C(=O)NO,7.0,1
CHEMBL68271,COc1ccc(S(=O)(=O)N(Cc2cccnc2)c2c(C(=O)NO)cc(C)cc2-c2ccccc2)cc1,6.99,1
CHEMBL280824,CC(C)(C)NC(=O)C(c1ccc(-c2ccccc2)cc1)N1C(=O)[C@H](CS)NC(=O)[C@@H]1Cc1ccc([N+](=O)[O-])cc1,6.99,2
CHEMBL348784,CNC(=O)[C@H](Cc1ccccc1)NC(=O)[C@H](CC(C)C)N[C@H](CCNC(=O)OCc1ccccc1)C(=O)O,6.99,1
CHEMBL296911,COc1ccc(S(=O)(=O)N(CC(C)C)[C@@H](CCSCc2ccccc2)C(=O)NO)cc1,6.98,1
CHEMBL320402,COc1ccc(S(=O)(=O)N(CC(C)C)[C@H](CCSCc2ccccc2)C(=O)NO)cc1,6.98,1
CHEMBL301413,NC(=O)[C@H](Cc1ccccc1)NC(=O)[C@H](CS)NC(=O)c1cccs1,6.98,1
CHEMBL104022,COc1ccc(S(=O)(=O)N(CC(C)C)C(CCSCc2ccccc2)C(=O)NO)cc1,6.98,2
CHEMBL4792262,O=C(Nc1ccc([N+](=O)[O-])cc1)C(c1ccccc1)N(C(=O)c1ccccc1I)c1ccccc1,6.98,1
CHEMBL337042,CCC[C@@H]([C@@H](CC1CCCCC1)C(=O)N[C@@H](CCC/N=C(/N)N[N+](=O)[O-])C(=O)Nc1nccs1)N(O)C=O,6.97,1
CHEMBL36191,COc1ccc(S(=O)(=O)N(Cc2ccccc2)c2c(C(=O)NO)cnc3ccc(Br)cc23)cc1,6.97,2
CHEMBL29505,CC(C)(C)NC(=O)C(c1ccc(Oc2ccccc2)cc1)N1C(=O)[C@H](CS)NC(=O)[C@@H]1Cc1ccc([N+](=O)[O-])cc1,6.97,2
CHEMBL324295,CC(C)C[C@@H](C(=O)N[C@@H](Cc1ccccc1)C(N)=O)[C@H](CSCC#N)C(=O)NO,6.97,1
CHEMBL159159,CC(C)C[C@H](N[C@H](CCN1C(=O)c2cc3ccccc3cc2C1=O)C(=O)O)C(=O)NC1CCCc2ccccc21,6.97,1
CHEMBL357050,COCCOc1ccc(S(=O)(=O)N2C/C(=N\OC)C[C@@H]2C(=O)NO)cc1,6.96,1
CHEMBL263501,CCCCC(CC(=O)NO)S(=O)(=O)c1ccccc1,6.96,1
CHEMBL294088,CNC(=O)[C@H](Cc1ccccc1)NC(=O)[C@]1(CS)CC[C@H](OC)CC1,6.96,1
CHEMBL286698,C=CC[C@](C)(C(=O)NO)[C@@H](CC(C)C)C(=O)N[C@@H](CC1CCCCC1)C(=O)NCCc1ccccc1,6.96,1
CHEMBL433262,CC(C)[C@@H](NS(=O)(=O)c1ccc(-c2ccc(Br)cc2)cc1)C(=O)NO,6.96,1
CHEMBL34418,COc1ccc(S(=O)(=O)N(Cc2cccnc2)c2c(C(=O)NO)cnc3onc(C)c23)cc1,6.96,1
CHEMBL134849,N/C(=N/CCC[C@H](NC(=O)[C@H](CC1CCCCC1)[C@H](CCC(F)(F)F)N(O)C=O)C(=O)Nc1nccs1)N[N+](=O)[O-],6.96,1
CHEMBL432834,O=C(NO)C1(NS(=O)(=O)c2ccc(Oc3cccc(F)c3)cc2)CCOCC1,6.96,1
CHEMBL302227,CNC(=O)[C@@H]1Cc2ccc(cc2)OCCCC[C@@H](C(=O)NO)[C@@H](CC(C)C)C(=O)N1,6.96,1
CHEMBL452947,CNC(=O)[C@H](Cc1c[nH]c2ccccc12)NC(=O)[C@@H](CC(=O)NNS(=O)(=O)c1ccc(Oc2ccccc2)cc1)CC(C)C,6.96,1
CHEMBL278060,C#CCOc1ccc(S(=O)(=O)N(C)c2c(C)cc(Br)cc2C(=O)NO)cc1,6.95,3
CHEMBL65578,CCCCCCCC[C@@H](C(=O)N[C@H]1CCCCN(CCOC)C1=O)[C@@H](C)C(=O)NO,6.95,1
CHEMBL369302,CC#CCOc1ccc(S(=O)(=O)N2CCN(C(=O)c3ccccc3)CCC2C(=O)NO)cc1,6.95,1
CHEMBL76606,COc1ccc(S(=O)(=O)N(Cc2ccccc2)c2c(C)cccc2C(=O)NO)cc1,6.94,1
CHEMBL327442,COc1ccc(S(=O)(=O)N2CCCN(C(=O)c3ccccc3-c3ccccc3)CC2C(=O)NO)cc1,6.94,1
CHEMBL317508,N#Cc1ccc(-c2ccc(OCC(CCn3nnc4ccccc4c3=O)C(=O)NO)cc2)cc1,6.94,1
CHEMBL18614,COc1ccc(S(=O)(=O)N(C)c2c(C)cc(Br)cc2C(=O)NO)cc1,6.94,3
CHEMBL429336,COc1ccc(S(=O)(=O)N(Cc2cccnc2)c2c(C(=O)NO)cnc3c2c(C)nn3-c2ccccc2)cc1,6.94,1
CHEMBL286848,Cc1nn(C)c2ncc(C(=O)NO)c(N(C)S(=O)(=O)c3ccc(Oc4ccc(Cl)cc4)cc3)c12,6.94,1
CHEMBL123615,CCCCCC(=O)N1CCN(S(=O)(=O)c2ccc(OC)cc2)C(C(=O)NO)C1,6.94,1
CHEMBL125068,COc1ccc(S(=O)(=O)N2CCN(C(N)=O)CC2C(=O)NO)cc1,6.94,1
CHEMBL181328,CC#CCOc1ccc(S(=O)(=O)N2CCS(=O)(=O)CCC2C(=O)NO)cc1,6.94,1
CHEMBL64912,CC(C)C[C@H](CC(=O)NO)C(=O)N[C@H]1CCCCN(CCOc2ccccc2)C1=O,6.93,1
CHEMBL420657,COc1ccc(S(=O)(=O)N2CC(C)(C)C([C@H](O)CSc3ccccc3)[C@@H]2C(=O)NO)cc1,6.93,1
CHEMBL150077,CCCCOc1ccc(S(=O)(=O)N2C/C(=N\O)C[C@@H]2C(=O)NO)cc1,6.92,1
CHEMBL33418,C=CC[C@](C)(C(=O)NO)[C@@H](CC(C)C)C(=O)N[C@@H](Cc1ccccc1)C(=O)Nc1ccccc1,6.92,1
CHEMBL355752,C[C@H](C(=O)NO)N(Cc1ccccc1)[P@](C)(=O)c1ccccc1,6.92,1
CHEMBL311840,CNC(=O)[C@@H](NC(=O)C(CCc1cccc(C)c1)CP(=O)(O)Cc1ccc(Cc2ccccc2)cc1)C(C)(C)C,6.92,1
CHEMBL128108,CNC(=O)[C@H](Cc1ccc(OC)cc1)NC(=O)[C@H](CC(C)C)[C@@H](S)CC(=O)N1CCN(C)CC1,6.92,1
CHEMBL330067,CC#CCOc1ccc(S(=O)(=O)N2CCc3ccccc3C2C(=O)NO)cc1,6.92,1
CHEMBL184501,Cc1ccc(Oc2ccc(S(=O)(=O)[C@@H]3CCOC[C@]3(O)C(=O)NO)cc2)cc1,6.92,1
CHEMBL446697,C[C@@]1(O)CCCN(S(=O)(=O)c2ccc(OCc3cccc4cccnc34)cc2)[C@H]1C(=O)NO,6.92,1
CHEMBL360854,C[C@@]1(O)CCCN(S(=O)(=O)c2ccc(OCc3ccc(Cl)cc3F)cc2)[C@H]1C(=O)NO,6.92,1
CHEMBL194243,CC#COc1ccc(C(=O)CCC(=O)NO)cc1,6.92,1
CHEMBL197729,CC#COc1ccc(S(=O)(=O)CCC(=O)NO)cc1,6.92,1
CHEMBL371643,CC#COc1ccc(C(=O)NCC(=O)NO)cc1,6.92,1
CHEMBL383801,CC#COc1ccc(S(=O)(=O)NCC(=O)NO)cc1,6.92,1
CHEMBL253332,C[C@@]1(O)CCCN(S(=O)(=O)c2ccc(OCc3ccnc4ccccc34)cc2)C1C(=O)NO,6.92,1
CHEMBL251902,C[C@@]1(O)CCCN(S(=O)(=O)c2ccc(OCc3ccc(Cl)cc3F)cc2)C1C(=O)NO,6.92,1
CHEMBL148214,COc1ccc(S(=O)(=O)N2CCc3cc(O)c(OC)cc3C2C(=O)NO)cc1,6.91,1
CHEMBL71725,COc1ccc(S(=O)(=O)N(Cc2cccnc2)c2c(C)cc(Br)cc2C(=O)NO)cc1,6.91,1
CHEMBL339381,CC1CCC(C[C@@H](C(=O)N[C@@H](CCC/N=C(/N)NS(C)(=O)=O)C(=O)Nc2nccs2)[C@H](C(C)C)N(O)C=O)CC1,6.91,1
CHEMBL440178,CCCCOc1ccc(S(=O)(=O)N2C/C(=N\OCc3ccccc3)C[C@@H]2C(=O)NO)cc1,6.9,1
CHEMBL105535,COc1ccc(S(=O)(=O)N(CC(C)C)C(CCSCc2cccnc2)C(=O)NO)cc1,6.9,1
CHEMBL366257,CC#CCOc1ccc(S(=O)(=O)N2Cc3ccccc3N(C(=O)c3ccco3)CC2C(=O)NO)cc1,6.9,1
CHEMBL198778,O=C(CNS(=O)(=O)c1ccc(Oc2ccccc2)cc1)NO,6.9,2
CHEMBL1229516,CNC(=O)[C@@H](NC(=O)[C@H](CCCc1ccccc1)[C@H](C)N(O)C=O)C(C)(C)C,6.9,1
CHEMBL329558,COc1ccc(S(=O)(=O)N2CCCN(C(=O)c3ccc(OC(F)(F)F)cc3)CC2C(=O)NO)cc1,6.89,1
CHEMBL61679,CCCCC[C@H](CC(=O)NO)C(=O)N[C@H]1CCCCN(CC(=O)OC)C1=O,6.89,1
CHEMBL93231,NC(CS(=O)(=O)c1ccc(Oc2ccccc2)cc1)(C(=O)NO)c1ccccc1,6.89,1
CHEMBL54176,NC(=O)[C@H](Cc1ccccc1)NC(=O)[C@H](CS)NC(=O)c1ccsc1,6.89,1
CHEMBL319887,COc1ccc(S(=O)(=O)N(CC#CCN2CCN(C)CC2)c2c(C)cc(Br)cc2C(=O)NO)cc1,6.89,1
CHEMBL307079,COc1ccc(S(=O)(=O)N(Cc2cccnc2)c2c(C)cc(C)cc2C(=O)NO)cc1,6.88,1
CHEMBL336786,CCC[C@@H]([C@@H](CC1CCC(C)CC1)C(=O)N[C@@H](CCC/N=C(/N)NS(=O)(=O)c1ccccn1)C(=O)Nc1nccs1)N(O)C=O,6.88,1
CHEMBL293018,CCO[C@H]1CC[C@@](CS)(C(=O)N[C@@H](Cc2ccccc2)C(=O)Nc2cccnc2)CC1,6.87,1
CHEMBL37788,COc1ccc(S(=O)(=O)N(Cc2cccnc2)c2c(C(=O)NO)cnc3c(-c4cccs4)cccc23)cc1,6.87,2
CHEMBL305722,COc1ccc(S(=O)(=O)C(C)(Cc2ccc3ccccc3c2)C(=O)NO)cc1,6.86,1
CHEMBL161562,CC(C)C[C@H](N[C@H](CCN1C(=O)c2cc3ccccc3cc2C1=O)C(=O)O)C(=O)NCc1cccnc1,6.86,1
CHEMBL329689,C=C=CCOc1ccc(S(=O)(=O)N(C)C(C(=O)NO)C(C)C)cc1,6.86,1
CHEMBL332406,CC(C)C(NS(=O)(=O)c1c(F)c(F)c(F)c(F)c1F)C(=O)NO,6.86,1
CHEMBL48415,CCCOc1ccc2c(c1)C(=O)N(CCC(CC1(C(=O)N[C@@H](Cc3ccc(OC)cc3)C(=O)NC)CCCCC1)C(=O)O)C2=O,6.85,1
CHEMBL65493,CC(C)C[C@H](CC(=O)NO)C(=O)N[C@H]1CCCCN(CCCOc2ccccc2)C1=O,6.85,1
CHEMBL99120,CNC(=O)[C@@H]1Cc2ccc(cc2)OCCCC[C@H](C(=O)NO)[C@@H](CCCc2cc(OC)ccc2OC)C(=O)N1,6.85,2
CHEMBL16650,CCCCCCC[C@H](C[C@@H](O)CS)C(=O)N[C@H](C(=O)NC)C(C)(C)C,6.85,1
CHEMBL101177,CNC(=O)[C@H](Cc1ccc(OC)cc1)NC(=O)C(Cc1ccc(OC)cc1S)CC(C)C,6.85,1
CHEMBL322050,NC(=O)[C@H](Cc1ccccc1)NC(=O)[C@H](Cc1cc2ccccc2s1)[C@H](O)C(=O)NO,6.85,1
CHEMBL147561,CCCOc1ccc(S(=O)(=O)N2C[C@@H](NC(=O)[C@H](C)O)C[C@@H]2C(=O)NO)cc1,6.85,1
CHEMBL149431,COc1ccc(S(=O)(=O)N2C[C@@H](NC(=O)[C@H](C)OCc3ccccc3)C[C@@H]2C(=O)NO)cc1,6.85,1
CHEMBL318922,COc1ccc(S(=O)(=O)N(Cc2ccc(N3CCN(C)CC3)cc2)c2c(C)cccc2C(=O)NO)cc1,6.85,1
CHEMBL361959,CC#CCOc1ccc(S(=O)(=O)N2CCN(C(=O)C(C)C)CCC2C(=O)NO)cc1,6.85,1
CHEMBL2111753,O=C(NO)[C@@]1(NS(=O)(=O)c2ccc(Oc3ccc(Cl)cc3)cc2)CCCOC1,6.845,2
CHEMBL70176,COc1ccc(S(=O)(=O)N(Cc2cccnc2)c2c(C)cccc2C(=O)NO)cc1,6.84,6
CHEMBL135931,N/C(=N/CCC[C@H](NC(=O)[C@H](CC1CCCCC1)[C@H](C1CC1)N(O)C=O)C(=O)Nc1nccs1)N[N+](=O)[O-],6.84,1
CHEMBL311266,COCCOC(=O)N1CCC(C(NS(=O)(=O)c2ccc(-c3ccc(OC)cc3)cc2)C(=O)O)CC1,6.84,2
CHEMBL337196,CNC(=O)C[C@H](S)[C@@H](CC(C)C)C(=O)N[C@@H](Cc1ccc(OC)cc1)C(=O)NC,6.84,1
CHEMBL206815,CC1(C)SCCN(S(=O)(=O)c2ccc(OCC#CCO)cc2)[C@H]1C(=O)NO,6.84,3
CHEMBL221717,C#CCOc1ccc(S(=O)(=O)C2(C(=O)NO)CCN(Cc3ccc(Br)cc3)CC2)cc1,6.84,1
CHEMBL123167,O=C(CNS(=O)(=O)c1c(F)c(F)c(F)c(F)c1F)NO,6.84,1
CHEMBL234530,NS(=O)(=O)c1ccc(CCNC(=O)CN(CC(=O)NO)S(=O)(=O)c2ccc(Oc3ccccc3)cc2)cc1,6.84,1
CHEMBL3392650,CC1(C)SCCN(S(=O)(=O)c2ccc(OCC#CCO)cc2)C1C(=O)NO,6.84,1
CHEMBL57551,CN(C)c1ccc(C(=O)N[C@@H](CS)C(=O)N[C@@H](Cc2ccccc2)C(N)=O)cc1,6.83,1
CHEMBL370129,CC#CCOc1ccc(S(=O)(=O)N2CCSCC2C(=O)NO)cc1,6.83,2
CHEMBL1788203,CCCC[C@H](CC(=O)NO)S(=O)(=O)c1ccccc1,6.82,1
CHEMBL294066,CCCCCCCC[C@H](CC(=O)NO)C(=O)N[C@@H](Cc1ccccc1)C(=O)NC,6.82,1
CHEMBL295392,CNC(=O)[C@H](Cc1ccc(OC)cc1)NC(=O)C1(CC(=O)NO)CCCCC1,6.82,1
CHEMBL147882,Cc1ccc(S(=O)(=O)N2CCc3cc(O)ccc3C2C(=O)NO)cc1,6.82,1
CHEMBL289411,COc1ccc(S(=O)(=O)N(Cc2ccccc2)c2c(C(=O)NO)cnc3c(C)cccc23)cc1,6.82,2
CHEMBL290952,COc1ccc(S(=O)(=O)N(Cc2cccnc2)c2c(C(=O)NO)cnc3c(-c4ccccc4)cccc23)cc1,6.82,2
CHEMBL45133,CC[C@H](N[C@@H](CC(C)C)C(=O)N[C@@H](Cc1nc2ccccc2[nH]1)C(=O)NC)P(=O)(O)O,6.82,1
CHEMBL330729,CNC(=O)[C@H](Cc1ccccc1)NC(=O)[C@H](CC(C)C)N[C@H](CCN1C(=O)c2cccc3cccc(c23)C1=O)P(=O)(O)O,6.82,1
CHEMBL158625,CNC(=O)[C@H](CCCN=C(N)N)NC(=O)[C@H](CC(C)C)N[C@H](CCN1C(=O)c2cc3ccccc3cc2C1=O)C(=O)O,6.82,1
CHEMBL4524116,O=C(NO)[C@@]1(NS(=O)(=O)c2ccc(Oc3ccc(F)cc3)cc2)C[C@H]2CC[C@@H](C1)O2,6.82,1
CHEMBL100134,CCN(CC)CC#CCN(c1c(C)cc(Br)cc1C(=O)NO)S(=O)(=O)c1ccc(OC)cc1,6.82,1
CHEMBL424311,CCCN[C@H]1C[C@H](C(=O)NO)N(S(=O)(=O)c2ccc(OC)cc2)C1,6.82,1
CHEMBL202932,COc1ccc(-c2ccc(S(=O)(=O)N[C@@H](C(C)C)P(=O)(O)O)cc2)cc1,6.82,1
CHEMBL331669,CC(NS(=O)(=O)c1c(F)c(F)c(F)c(F)c1F)C(=O)NO,6.82,1
CHEMBL488617,CNC(=O)[C@H](Cc1c[nH]c2ccccc12)NC(=O)[C@@H](CC(=O)NNS(=O)(=O)c1ccc2ccccc2c1)CC(C)C,6.82,1
CHEMBL4518217,COc1ccc(-c2ccc(S(=O)(=O)N(CCNC(=O)c3cccc(C(=O)NCCN([C@H](CCN4C(=O)c5ccccc5C4=O)C(=O)NO)S(=O)(=O)c4ccc(-c5ccc(OC)cc5)cc4)c3)[C@H](CCN3C(=O)c4ccccc4C3=O)C(=O)NO)cc2)cc1,6.82,1
CHEMBL150745,C=C1C[C@H](C(=O)NO)N(S(=O)(=O)c2ccc(OCCC)cc2)C1,6.81,1
CHEMBL47728,CSCC[C@@H](C(=O)NO)N(CC(C)C)S(=O)(=O)c1ccc(-c2ccccc2)cc1,6.81,1
CHEMBL76888,COc1ccc(S(=O)(=O)C(CC=C(C)C)(Cc2cccnc2)C(=O)NO)cc1,6.81,1
CHEMBL319341,CN1CCN(Cc2cccc(C(=O)NO)c2N(C)S(=O)(=O)c2ccc(Oc3ccc(Cl)cc3)cc2)CC1,6.81,1
CHEMBL120049,CC(C)CC(NS(=O)(=O)c1c(F)c(F)c(F)c(F)c1F)C(=O)NO,6.81,1
CHEMBL4466038,O=C(CCCNC(=O)c1cccc(C(=O)NCCCC(=O)NCC[C@@H](NS(=O)(=O)c2ccc(-c3ccccc3)cc2)C(=O)NO)c1)NCC[C@@H](NS(=O)(=O)c1ccc(-c2ccccc2)cc1)C(=O)NO,6.81,1
CHEMBL311966,COc1ccc(S(=O)(=O)C(C)(Cc2ccc(-c3ccccc3)cc2)C(=O)NO)cc1,6.8,1
CHEMBL318299,CNC(=O)[C@H](Cc1ccc(OC)cc1)NC(=O)[C@H](Cc1cccc(OC)c1S)CC(C)C,6.8,1
CHEMBL159033,CC(C)C[C@H](N[C@H](CCN1C(=O)c2cc3ccccc3cc2C1=O)C(=O)O)C(=O)NCCc1ccccc1,6.8,1
CHEMBL95486,COc1ccc(S(=O)(=O)N2Cc3ccccc3N(S(C)(=O)=O)CC2C(=O)NO)cc1,6.8,1
CHEMBL339219,COc1ccc(S(=O)(=O)N2CCN(C(=O)N3CCCCCC3)CC2C(=O)NO)cc1,6.8,1
CHEMBL206144,CC1(C)SCCN(S(=O)(=O)c2ccc(OCC#CCCCO)cc2)[C@H]1C(=O)NO,6.8,1
CHEMBL374377,CC(C)[C@H](NS(=O)(=O)c1ccc(-c2ccc(F)cc2)cc1)P(=O)(O)O,6.8,1
CHEMBL316978,CC(C)CN(C(CCSCc1ccccc1)C(=O)NO)S(=O)(=O)c1ccc(Br)cc1,6.79,1
CHEMBL196092,CC#CCOc1ccc(S(=O)(=O)N2CCOCC2C(=O)NO)cc1,6.79,2
CHEMBL95693,CC#CCOc1ccc(S(=O)(=O)N2Cc3ccccc3N(C(=O)c3ccccc3)CC2C(=O)NO)cc1,6.78,1
CHEMBL43479,CC(C)[C@@H](NS(=O)(=O)c1ccc(-c2ccc(C#N)cc2)cc1)C(=O)NO,6.77,1
CHEMBL91434,CC(N)(CS(=O)(=O)c1ccc(Oc2ccccc2)cc1)C(=O)NO,6.77,1
CHEMBL300153,NC(=O)[C@H](Cc1ccccc1)NC(=O)[C@H](CS)NC(=O)c1ccoc1,6.77,1
CHEMBL40237,CC(C)C[C@H](CC(=O)NO)C(=O)N[C@@H](CC(C)C)c1nc(-c2ccccc2)c[nH]1,6.77,1
CHEMBL114272,COc1ccc(S(=O)(=O)N[C@@H](C(=O)NO)C(C)C)cc1,6.77,1
CHEMBL412910,COc1ccc(S(=O)(=O)N2Cc3ccccc3N(C(=O)C3CC3)CC2C(=O)NO)cc1,6.77,1
CHEMBL180181,CC#CCOc1ccc(S(=O)(=O)N2CCSCCC2C(=O)NO)cc1,6.77,1
CHEMBL190506,CC1(C)C[C@@H](O)CN(S(=O)(=O)c2ccc(OCc3ccnc4ccccc34)cc2)[C@H]1C(=O)NO,6.77,1
CHEMBL418053,COc1ccc(S(=O)(=O)N(Cc2ccccc2)c2c(C(=O)NO)cnc3cc(Br)ccc23)cc1,6.76,2
CHEMBL36021,COc1ccc(S(=O)(=O)N(Cc2ccccc2)c2c(C(=O)NO)cnc3ccc(C(F)(F)F)cc23)cc1,6.76,2
CHEMBL287823,COc1ccc(S(=O)(=O)N(Cc2ccccc2)c2c(C(=O)NO)cnc3cc(C(F)(F)F)ccc23)cc1,6.76,2
CHEMBL81113,COc1ccc(S(=O)(=O)N(Cc2ccccc2)C2CCCC[C@H]2C(=O)NO)cc1,6.76,2
CHEMBL124680,COc1ccc(S(=O)(=O)N2CCNCC2C(=O)NO)cc1,6.76,2
CHEMBL339294,CNC(=O)[C@H](Cc1c[nH]c2ccccc12)NC(=O)[C@H](CC(C)C)[C@H](CC(=O)OC)SS[C@@H](CC(=O)OC)[C@@H](CC(C)C)C(=O)N[C@@H](Cc1c[nH]c2ccccc12)C(=O)NC,6.755,2
CHEMBL27439,CNC(=O)[C@H](NC(=O)C(CC1CCC1)CP(=O)(O)Cc1ccc(Cc2ccccc2)cc1)C(C)(C)C,6.75,1
CHEMBL35059,Cc1nn(C)c2ncc(C(=O)NO)c(N(C)S(=O)(=O)c3ccc(F)cc3)c12,6.75,1
CHEMBL109246,C=CC[C@H](C(=O)NO)[C@@H](CC(C)C)C(=O)N[C@@H](Cc1ccccc1)C(=O)c1nc2ccccc2[nH]1,6.75,1
CHEMBL325678,O=C(NO)C1(NS(=O)(=O)c2ccc(Oc3ccccc3F)cc2)CCOCC1,6.75,1
CHEMBL4524115,O=C(NO)[C@@]1(NS(=O)(=O)c2ccc(Oc3ccc(Cl)cc3)cc2)C[C@H]2CC[C@@H](C1)O2,6.75,1
CHEMBL100081,COc1ccc(S(=O)(=O)N(Cc2ccc(OCCN3CCCCC3)cc2)c2c(C)cccc2C(=O)NO)cc1,6.75,1
CHEMBL254608,CNC(=O)[C@@H](NC(=O)C(CC1CCC1)CP(=O)(O)Cc1ccc(Cc2ccccc2)cc1)C(C)(C)C,6.75,1
CHEMBL1078281,C[C@@H]1[C@H](c2ccccc2)[C@]1(NS(=O)(=O)c1ccc(-n2cc(Cl)cn2)s1)C(=O)O,6.75,2
CHEMBL151331,CCCCOc1ccc(S(=O)(=O)N2C/C(=N\N3CCNCC3)C[C@@H]2C(=O)NO)cc1,6.74,1
CHEMBL87377,CCC(N[C@@H](CC(C)C)C(=O)NC1CCCCCCCCCCNC1=O)P(=O)(O)O,6.74,1
CHEMBL250455,C[C@@]1(O)CCCN(S(=O)(=O)c2ccc(OCc3ccccc3F)cc2)C1C(=O)NO,6.74,1
CHEMBL3617407,COc1ccc(-c2ccc(S(=O)(=O)N(OC(C)C)[C@H](CCN3C(=O)c4ccccc4C3=O)C(=O)NO)cc2)cc1,6.735,2
CHEMBL335009,CCC[C@@H]([C@@H](CC1CCC(C)CC1)C(=O)N[C@@H](CCC/N=C(/N)N[N+](=O)[O-])C(=O)Nc1nccs1)N(O)C=O,6.73,1
CHEMBL320442,COc1ccc(S(=O)(=O)N(CC(C)C)C(CCSCc2ccsc2)C(=O)NO)cc1,6.73,1
CHEMBL290948,CCc1cccc2c(N(Cc3ccccc3)S(=O)(=O)c3ccc(OC)cc3)c(C(=O)NO)cnc12,6.72,2
CHEMBL96018,CNC(=O)[C@H](Cc1ccccc1)NC(=O)[C@H](CC(C)C)N[C@@H](CCN1C(=O)c2ccccc2C1=O)P(=O)(O)O,6.72,1
CHEMBL158739,CNC(=O)[C@H](Cc1ccccc1)NC(=O)[C@H](CC(C)C)N[C@H](CCN1C(=O)c2cccc3c(Br)ccc(c23)C1=O)C(=O)O,6.72,1
CHEMBL365247,C[C@@]1(O)CCCN(S(=O)(=O)c2ccc(OCc3ccncc3)cc2)[C@H]1C(=O)NO,6.72,1
CHEMBL399952,C[C@@]1(O)CCCN(S(=O)(=O)c2ccc(OCc3ccncc3)cc2)C1C(=O)NO,6.72,1
CHEMBL278872,COc1ccc(S(=O)(=O)N(C)c2c(C(=O)NO)cc(Br)cc2C2CCN(C)CC2)cc1,6.71,1
CHEMBL303666,COc1ccc(S(=O)(=O)N(Cc2cccnc2)c2c(C)cc(-c3ccccc3)cc2C(=O)NO)cc1,6.71,1
CHEMBL101864,COc1ccc(S(=O)(=O)N(C)c2c(CN3CCN(C)CC3)cc(Br)cc2C(=O)NO)cc1,6.71,1
CHEMBL1090647,CC(=O)NCC[C@@H](NS(=O)(=O)c1ccc(-c2ccccc2)cc1)C(=O)NO,6.71,2
CHEMBL311368,COc1ccc(S(=O)(=O)N(Cc2ccccc2)c2c(C(=O)NO)cccc2[N+](=O)[O-])cc1,6.7,1
CHEMBL26824,CNC(=O)[C@H](NC(=O)C(CC1CC1)CP(=O)(O)Cc1ccc(Cc2ccccc2)cc1)C(C)(C)C,6.7,1
CHEMBL102415,COc1ccc(S(=O)(=O)N2CC(C)(C)C(CSCc3ccccc3)[C@@H]2C(=O)NO)cc1,6.7,1
CHEMBL38106,C=Cc1cccc2c(N(C)S(=O)(=O)c3ccc(OC)cc3)c(C(=O)NO)cnc12,6.7,2
CHEMBL113778,O=C(NO)C1(NS(=O)(=O)c2ccc(-c3ccc(F)cc3)cc2)CCOCC1,6.7,1
CHEMBL276588,CCCCCCCC(C(=O)CS)C(=O)N[C@H](C(=O)NCCc1ccc(S(N)(=O)=O)cc1)C(C)(C)C,6.7,1
CHEMBL358812,COc1ccc(S(=O)(=O)N2C[C@@H](N3C(=O)CN(C)C3=O)C[C@@H]2C(=O)NO)cc1,6.7,1
CHEMBL191359,Cc1ccc(COc2ccc(S(=O)(=O)N3C[C@H](O)CC(C)(C)[C@@H]3C(=O)NO)cc2)cc1,6.7,1
CHEMBL372908,CC#CCOc1ccc(S(=O)(=O)N2CCN(C(=O)OC)CC2C(=O)NO)cc1,6.7,2
CHEMBL254402,CNC(=O)[C@@H](NC(=O)C(CC1CC1)CP(=O)(O)Cc1ccc(Cc2ccccc2)cc1)C(C)(C)C,6.7,1
CHEMBL3902100,C[C@@]1(O)CCCN(S(=O)(=O)c2ccc(OCc3ccc(Cl)cc3Cl)cc2)[C@H]1C(=O)NO,6.7,1
CHEMBL3899940,Cc1ccccc1COc1ccc(S(=O)(=O)N2CCC[C@](C)(O)[C@@H]2C(=O)NO)cc1,6.7,1
CHEMBL3909799,CC1(C)C[C@@H](O)CN(S(=O)(=O)c2ccc(OCc3cc(Cl)ccc3F)cc2)[C@H]1C(=O)NO,6.7,1
CHEMBL3910163,C[C@@]1(O)CCCN(S(=O)(=O)c2ccc(OCc3ccc(F)cc3F)cc2)[C@H]1C(=O)NO,6.7,1
CHEMBL3905996,CNC(=O)N1CCN(S(=O)(=O)c2ccc(OCc3ccc(F)cc3F)cc2)[C@@H](C(=O)NO)[C@@H]1C,6.7,1
CHEMBL5289570,COc1ccc(S(=O)(=O)N2CC(C)(C)C(CCSCc3ccccc3)C2C(=O)NO)cc1,6.7,1
CHEMBL76974,COC(=O)c1cccc(C(=O)NO)c1N(Cc1cccnc1)S(=O)(=O)c1ccc(OC)cc1,6.68,1
CHEMBL76970,C=CCC(CC=C)(C(=O)NO)S(=O)(=O)c1ccc(OC)cc1,6.68,1
CHEMBL158696,CNC(=O)[C@H](Cc1ccccc1)NC(=O)[C@H](CC(C)C)N[C@H](CCN1Cc2cc3ccccc3cc2C1=O)C(=O)O,6.68,1
CHEMBL358061,CCCOc1ccc(S(=O)(=O)N2C[C@@H](N3CCCCC3)C[C@@H]2C(=O)NO)cc1,6.68,1
CHEMBL304243,CNC(=O)[C@@H]1Cc2ccc(cc2)OCCCC[C@H](C(=O)NO)[C@@H](CCCCOCc2ccccc2)C(=O)N1,6.68,1
CHEMBL178732,CC#CCOc1ccc(S(=O)(=O)N2CCN(C(=O)CC)CCC2C(=O)NO)cc1,6.68,1
CHEMBL365283,Cc1cc(F)ccc1COc1ccc(S(=O)(=O)N2CCC[C@@](C)(O)[C@@H]2C(=O)NO)cc1,6.68,2
CHEMBL151591,CONC1C[C@H](C(=O)NO)N(S(=O)(=O)c2ccc(OC)cc2)C1,6.67,1
CHEMBL291490,NC(=O)[C@H](Cc1ccccc1)NC(=O)[C@H](CS)NC(=O)c1ccc2c(c1)OCO2,6.67,1
CHEMBL100950,COc1ccc(S(=O)(=O)N(Cc2ccc(CN(C)C)cc2)c2c(C)cccc2C(=O)NO)cc1,6.67,1
CHEMBL180333,CC#CCOc1ccc(S(=O)(=O)N2CCCN(Cc3ccccc3)CC2C(=O)NO)cc1,6.67,1
CHEMBL5272175,COc1ccc(S(=O)(=O)N(C)c2c(C)cc(Cc3ccc(CN(C)C)cc3)cc2C(=O)NO)cc1,6.67,1
CHEMBL305024,CCCC[C@H]1C(=O)N[C@@H](CS)C(=O)N1CC1CCCCC1,6.66,1
CHEMBL102499,CNC(=O)[C@H](Cc1ccc(OC)cc1)NC(=O)[C@@H](Cc1cccc(OC)c1S)CC(C)C,6.66,1
CHEMBL141451,COc1ccc(S(=O)(=O)N2CCCSC[C@@]2(C)C(=O)NO)cc1,6.66,1
CHEMBL145999,COc1ccc(S(=O)(=O)N2C[C@@H](N3CCOCC3)C[C@@H]2C(=O)NO)cc1,6.66,1
CHEMBL340923,COc1ccc(S(=O)(=O)N2CCN(C(=O)C3CCCCC3)CC2C(=O)NO)cc1,6.66,1
CHEMBL251685,Cc1cc(F)ccc1COc1ccc(S(=O)(=O)N2CCC[C@@](C)(O)C2C(=O)NO)cc1,6.66,1
CHEMBL62709,COC(=O)CN1CCCC[C@H](NC(=O)[C@@H](CC(=O)NO)CC(C)C)C1=O,6.65,1
CHEMBL37837,COc1ccc(S(=O)(=O)N(C)c2c(C(=O)NO)cnc3c(Br)cccc23)cc1,6.65,2
CHEMBL383028,CC1(C)SCCN(S(=O)(=O)c2ccc(OCC#CCCCN)cc2)[C@H]1C(=O)NO,6.65,1
CHEMBL190415,Cc1cc(F)ccc1COc1ccc(S(=O)(=O)N2C[C@H](O)CC(C)(C)[C@@H]2C(=O)NO)cc1,6.645,2
CHEMBL318005,CNC(=O)[C@@H]1Cc2ccc(cc2)OCCCC[C@H](C(=O)NO)[C@@H](CCCc2ccc(OC)c(OC)c2)C(=O)N1,6.64,2
CHEMBL3142558,CC[C@H](N[C@@H](CC(C)C)C(=O)NC1CCCNCCCCCCNC1=O)P(=O)(O)O,6.64,1
CHEMBL47907,CC[C@H](N[C@@H](CC(C)C)C(=O)N[C@@H](Cc1ccccc1)C(=O)NC)P(=O)(O)O,6.64,2
CHEMBL103755,CNC(=O)[C@H](Cc1ccc(OC)cc1)NC(=O)C(Cc1ccc(Cl)cc1S)CC(C)C,6.64,1
CHEMBL145641,CCCCOc1ccc(S(=O)(=O)N2C[C@@H](N3CCCS3(=O)=O)C[C@@H]2C(=O)NO)cc1,6.64,1
CHEMBL125384,COc1ccc(S(=O)(=O)N2CCN(C(=O)N3CCOCC3)CC2C(=O)NO)cc1,6.64,1
CHEMBL123320,COc1ccc(S(=O)(=O)N2CCN(C(=O)[C@@H](O)C(C)C)CC2C(=O)NO)cc1,6.64,1
CHEMBL1766904,C[C@@H]1[C@H](c2ccccc2)[C@]1(NS(=O)(=O)c1cc2[nH]c3cc(F)ccc3c2s1)C(=O)O,6.64,1
CHEMBL183474,C[C@@]1(O)CCCN(S(=O)(=O)c2ccc(OCc3ccccc3Cl)cc2)[C@H]1C(=O)NO,6.635,2
CHEMBL2111965,COc1ccc(S(=O)(=O)N2[C@@H](C(=O)NO)C(C)(C)SCC[C@H]2c2ccccc2)cc1,6.63,1
CHEMBL450721,COc1ccc(S(=O)(=O)N(CC(=O)O)[C@@H](C(=O)NO)C(C)C)cc1,6.63,1
CHEMBL456774,CC(C)[C@H](C(=O)NO)N(CC(=O)O)S(=O)(=O)c1ccc(-c2ccccc2)cc1,6.63,1
CHEMBL78299,COc1ccc(S(=O)(=O)C(C)(Cc2ccc(OCCN3CCCCC3)cc2)C(=O)NO)cc1,6.62,2
CHEMBL311304,COc1ccc(S(=O)(=O)C(C)(CC=C(C)C)C(=O)NO)cc1,6.62,1
CHEMBL416095,CC[C@@H](N[C@@H](CC(C)C)C(=O)N[C@@H](Cc1ccccc1)C(=O)NC)P(=O)(O)O,6.62,2
CHEMBL75618,CCCCOc1ccc(-c2ccc(S(=O)(=O)CC(CN3C(=O)NC(C)(C)C3=O)N(O)C=O)cc2)cc1,6.62,1
CHEMBL343911,COc1ccc(S(=O)(=O)N2C[C@@H](NC(=O)[C@H](Cc3ccccc3)OCc3ccccc3)C[C@@H]2C(=O)NO)cc1,6.62,1
CHEMBL180130,CC#CCOc1ccc(S(=O)(=O)N2CCN(C)CCC2C(=O)NO)cc1,6.62,1
CHEMBL365892,CC#CCOc1ccc(S(=O)(=O)N2Cc3ccccc3N(C(=O)c3cccnc3)CC2C(=O)NO)cc1,6.62,1
CHEMBL145,O=C(O)/C=C/c1ccc(O)c(O)c1,6.62,1
CHEMBL186663,Cc1ccccc1COc1ccc(S(=O)(=O)N2CCC[C@@](C)(O)[C@@H]2C(=O)NO)cc1,6.605,2
CHEMBL328255,COc1ccc(S(=O)(=O)N2CCCN(C(=O)C(C)(C)C)CC2C(=O)NO)cc1,6.6,1
CHEMBL57056,NC(=O)[C@H](Cc1ccccc1)NC(=O)[C@H](CS)NC(=O)c1ccc(-n2cccc2)nc1,6.6,1
CHEMBL147844,COc1ccc(S(=O)(=O)N2C[C@@H](N)C[C@@H]2C(=O)NO)cc1,6.6,1
CHEMBL428233,CC(N)P(=O)(O)CC(COCc1ccccc1)C(=O)NC(Cc1c[nH]c2ccccc12)C(N)=O,6.6,1
CHEMBL400346,CC(N)P(=O)(O)CC(Cc1ccccc1)C(=O)NC(Cc1c[nH]c2ccccc12)C(N)=O,6.6,1
CHEMBL474523,CNC(=O)[C@H](Cc1c[nH]c2ccccc12)NC(=O)[C@@H](CC(=O)NNS(=O)(=O)c1ccc(C)cc1)CC(C)C,6.6,1
CHEMBL348210,COc1ccc(S(=O)(=O)N2CC(NOC(C)(C)C)C[C@@H]2C(=O)NO)cc1,6.59,1
CHEMBL310608,COc1ccc(S(=O)(=O)C(C)(Cc2cccnc2)C(=O)NO)cc1,6.59,1
CHEMBL94357,CC#CCOc1ccc(S(=O)(=O)N(C)[C@@H](C(=O)NO)C(C)C)cc1,6.59,2
CHEMBL251820,O=C(O[C@H]1CCOC1)N1CCC(CS(=O)(=O)N2CC=C(c3ccccc3)CC2)(C(=O)NO)CC1,6.59,1
CHEMBL76619,CC(C)=CCC(CC=C(C)C)(C(=O)NO)S(=O)(=O)c1ccc(C)cc1,6.58,1
CHEMBL295700,CNC(=O)[C@H](Cc1ccc(OC)cc1)NC(=O)[C@H](CC(C)C)N[C@H](C)P(=O)(O)O,6.58,1
CHEMBL326369,O=C(NO)[C@@]1(NS(=O)(=O)c2ccc(Oc3ccc(Cl)cc3)cc2)CCOC1,6.58,1
CHEMBL95262,CC#CCOc1ccc(S(=O)(=O)N2Cc3ccccc3N(S(C)(=O)=O)CC2C(=O)NO)cc1,6.58,1
CHEMBL145930,COc1ccc(S(=O)(=O)N2C[C@@H](NS(C)(=O)=O)C[C@@H]2C(=O)NO)cc1,6.58,1
CHEMBL344714,CCCOc1ccc(S(=O)(=O)N2C[C@@H](N3C(=O)CN(C)C3=O)C[C@@H]2C(=O)NO)cc1,6.58,1
CHEMBL148120,CCCN(C(=O)[C@@H](O)CCc1ccccc1)[C@H]1C[C@H](C(=O)NO)N(S(=O)(=O)c2ccc(OC)cc2)C1,6.58,1
CHEMBL25227,CNC(=O)[C@@H](Cc1ccc(O)cc1)NC(=O)C(CC(C)C)CP(=O)(O)Cc1ccc(Cc2ccccc2)cc1,6.57,1
CHEMBL321602,CC(C)C[C@H]1C(=O)N[C@H](C(=O)c2ccc(C(C)(C)C)cc2)Cc2ccc(cc2)OCCCC[C@@H]1C(=O)NO,6.57,1
CHEMBL321120,CNC(=O)[C@H](Cc1ccc(OC)cc1)NC(=O)[C@H](CC(C)C)[C@@H](S)c1ccccc1,6.57,1
CHEMBL2112796,COc1ccc(S(=O)(=O)N2[C@@H](c3ccccc3)CCSC(C)(C)[C@@H]2C(=O)NO)cc1,6.57,1
CHEMBL349800,CC(C)C[C@H](N[C@H](CCN1C(=O)c2cc3ccccc3cc2C1=O)C(=O)O)C(=O)NCc1nnn(C)n1,6.57,1
CHEMBL342570,COc1ccc(S(=O)(=O)N2C[C@@H](N(Cc3cccnc3)C(=O)C(C)C)C[C@@H]2C(=O)NO)cc1,6.57,1
CHEMBL343220,CCCCOc1ccc(S(=O)(=O)N2C[C@@H](NC(=O)[C@@H](O)C(C)C)C[C@@H]2C(=O)NO)cc1,6.57,1
CHEMBL179288,CC(C)ON([C@@H](C(=O)NO)C(C)C)S(=O)(=O)c1ccc(-c2ccccc2)cc1,6.57,2
CHEMBL362535,Cc1cccc(Oc2ccc(S(=O)(=O)[C@@H]3CCOC[C@]3(O)C(=O)NO)cc2)c1,6.57,1
CHEMBL250891,C[C@@]1(O)CCCN(S(=O)(=O)c2ccc(OCc3ccccc3Cl)cc2)C1C(=O)NO,6.57,1
CHEMBL249049,CNC(=O)[C@@H](Cc1ccc(OC)cc1)NC(=O)C(CC(C)C)CP(=O)(O)Cc1ccc(Cc2ccccc2)cc1,6.57,1
CHEMBL1090283,O=C(CNS(=O)(=O)c1ccc(Br)cc1)NO,6.57,1
CHEMBL1801044,O=C(NO)C1(S(=O)(=O)c2ccc(Oc3ccccc3)cc2)CCOCC1,6.57,1
CHEMBL178929,CC#CCOc1ccc(S(=O)(=O)N2CCN(C(=O)COC)CCC2C(=O)NO)cc1,6.56,1
CHEMBL360257,CC#CCOc1ccc(S(=O)(=O)N2CCNCCC2C(=O)NO)cc1,6.56,1
CHEMBL115283,O=C(NO)C1(NS(=O)(=O)c2ccc(Oc3ccc(F)cc3)cc2)CCC1,6.55,1
CHEMBL128406,CNC(=O)[C@H](Cc1ccc(OC)cc1)NC(=O)[C@H](CC(C)C)[C@@H](S)CC(=O)NCC(=O)OC(C)(C)C,6.55,1
CHEMBL77946,CNC(=O)[C@@H](NC(=O)C(CCc1ccccc1F)CP(=O)(O)Cc1ccc(Cc2ccccc2)cc1)C(C)(C)C,6.55,1
CHEMBL300771,COc1ccc(-c2ccc(S(=O)(=O)N[C@@H](C(=O)O)C3CCC(N(Cc4ccccc4)C(C)=O)CC3)cc2)cc1,6.55,1
CHEMBL75139,CN1C(=O)N(CC(CS(=O)(=O)c2ccc(Oc3ccc(Cl)cc3)cc2)N(O)C=O)C(=O)C1(C)C,6.55,1
CHEMBL145175,COc1ccc(S(=O)(=O)N2C[C@@H](N3CCCCC3)C[C@@H]2C(=O)NO)cc1,6.55,1
CHEMBL3617402,CC(=O)NCC[C@H](C(=O)NO)N(OC(C)C)S(=O)(=O)c1ccc(-c2ccccc2)cc1,6.55,1
CHEMBL3891386,CC(C)[C@H](C(=O)NO)N(CCNC(=O)c1cccc(C(=O)NCCN([C@@H](C(=O)NO)C(C)C)S(=O)(=O)c2ccc(-c3ccccc3)cc2)c1)S(=O)(=O)c1ccc(-c2ccccc2)cc1,6.55,1
CHEMBL70957,CCOc1ccc(S(=O)(=O)N(Cc2ccccc2)c2c(C)cc(C)cc2C(=O)NO)cc1,6.54,1
CHEMBL295260,CC[C@H](N[C@@H](CC(C)C)C(=O)N[C@@H](CCCN=C(N)N)C(=O)NC)P(=O)(O)O,6.54,1
CHEMBL317649,CNC(=O)[C@H](Cc1ccc(OC)cc1)NC(=O)C(Cc1cccc(C(F)(F)F)c1S)CC(C)C,6.54,1
CHEMBL2111754,O=C(NO)[C@@]1(NS(=O)(=O)c2ccc(Oc3ccc(F)cc3)cc2)CCCOC1,6.54,1
CHEMBL183132,CC#CCOc1ccc(S(=O)(=O)N2CCN(Cc3ccccc3)CCC2C(=O)NO)cc1,6.54,1
CHEMBL181208,CC#CCOc1ccc(S(=O)(=O)N2CCN(CC)CCC2C(=O)NO)cc1,6.54,1
CHEMBL189975,CC1(C)C[C@@H](O)CN(S(=O)(=O)c2ccc(OCc3nccc4ccccc34)cc2)[C@H]1C(=O)NO,6.54,1
CHEMBL474723,CNC(=O)[C@H](Cc1c[nH]c2ccccc12)NC(=O)[C@@H](CC(=O)NNS(=O)(=O)c1ccc(Cl)cc1)CC(C)C,6.54,1
CHEMBL179552,CC1(C)C[C@@H](O)CN(S(=O)(=O)c2ccc(OCc3ccc(Cl)cc3Cl)cc2)[C@H]1C(=O)NO,6.535,2
CHEMBL150342,CCCCOc1ccc(S(=O)(=O)N2C/C(=N\N3CCOCC3)C[C@@H]2C(=O)NO)cc1,6.53,1
CHEMBL301600,CNC(=O)[C@H](Cc1ccc(OC)cc1)NC(=O)C1(NC(CCN2C(=O)c3cc4ccccc4cc3C2=O)C(=O)O)CCCCC1,6.53,2
CHEMBL105279,COc1ccc(S(=O)(=O)N(CC(C)C)C(CCSCc2cccc(OC)c2)C(=O)NO)cc1,6.53,1
CHEMBL139609,COc1ccc(S(=O)(=O)N2CCCC2C(=O)NO)cc1,6.53,1
CHEMBL2092878,CCCC[C@@H](CC(=O)NO)S(=O)(=O)c1ccccc1,6.52,1
CHEMBL291994,CNC(=O)[C@@H](NC(=O)[C@H](CCCCCCCCCCCCCCO)CC(=O)NO)C(C)(C)C,6.52,2
CHEMBL76488,COc1ccc(S(=O)(=O)C(C)(C/C=C/c2ccccc2)C(=O)NO)cc1,6.52,1
CHEMBL306158,C#CCC(CC#C)(C(=O)NO)S(=O)(=O)c1ccc(OC)cc1,6.52,1
CHEMBL105962,COc1ccc(S(=O)(=O)N2CC(C)(C)C([C@@H](O)CSc3ccccc3)[C@@H]2C(=O)NO)cc1,6.52,1
CHEMBL45010,CC[C@@H](N[C@@H](CC(C)C)C(=O)N[C@@H](Cc1ccc(OC)cc1)C(=O)NC)P(=O)(O)O,6.52,1
CHEMBL147903,CC(C)COc1ccc(S(=O)(=O)N2C[C@@H](N3C(=O)CN(C)C3=O)C[C@@H]2C(=O)NO)cc1,6.52,1
CHEMBL356079,COc1ccc(S(=O)(=O)N2C[C@@H](N3CCS(=O)(=O)CC3)C[C@@H]2C(=O)NO)cc1,6.52,1
CHEMBL380343,CC(C)(C)OC(=O)NCCC#CCOc1ccc(S(=O)(=O)N2CCSC(C)(C)[C@@H]2C(=O)NO)cc1,6.52,1
CHEMBL1801049,CC(C)Oc1ccc(Oc2ccc(S(=O)(=O)C3(C(=O)NO)CCOCC3)cc2)cc1,6.52,1
CHEMBL310649,COc1ccc(S(=O)(=O)N2CCCN(C(=O)N[C@@H](C)c3ccccc3)CC2C(=O)NO)cc1,6.51,1
CHEMBL313168,COc1ccc(S(=O)(=O)N2CCCN(C(=O)Nc3ccccc3)CC2C(=O)NO)cc1,6.51,1
CHEMBL424407,COc1ccc(CSC[C@H]2C(=O)N[C@@H](CS)C(=O)N2Cc2ccc(OC)cc2)cc1,6.51,1
CHEMBL3142560,CC[C@H](N[C@@H](CC(C)C)C(=O)NC1CCCCNCCCCCCNC1=O)P(=O)(O)O,6.51,1
CHEMBL147107,CCCOc1ccc(S(=O)(=O)N2C[C@@H](N3CCCC3)C[C@@H]2C(=O)NO)cc1,6.51,1
CHEMBL100512,COc1ccc(S(=O)(=O)N(C)c2c(CN3CCN(C)CC3)cccc2C(=O)NO)cc1,6.51,1
CHEMBL187092,C[C@@]1(O)CCCN(S(=O)(=O)c2ccc(OCc3ccc(F)cc3Cl)cc2)[C@H]1C(=O)NO,6.51,3
CHEMBL251686,C[C@@]1(O)CCCN(S(=O)(=O)c2ccc(OCc3ccc(F)cc3Cl)cc2)C1C(=O)NO,6.51,1
CHEMBL250893,Cc1ccccc1COc1ccc(S(=O)(=O)N2CCC[C@@](C)(O)C2C(=O)NO)cc1,6.51,1
CHEMBL76674,CCN(CC)CCOc1ccc(CC(C)(C(=O)NO)S(=O)(=O)c2ccc(OC)cc2)cc1,6.5,1
CHEMBL80248,COc1ccc(S(=O)(=O)C(Cc2ccccc2)C(=O)NO)cc1,6.5,1
CHEMBL69194,CCCCN1C(=O)[C@H](CS)NC(=O)[C@@H]1Cc1ccccc1,6.5,1
CHEMBL7108,COc1ccc(S(=O)(=O)N2CN(C(C)(C)C)C(=O)C[C@@H]2C(=O)NO)cc1,6.5,1
CHEMBL103279,CNC(=O)[C@H](Cc1ccc(OC)cc1)NC(=O)C(Cc1c(S)cccc1Cl)CC(C)C,6.5,1
CHEMBL321257,O=C(NO)C1(NS(=O)(=O)c2ccc(Oc3ccc(Cl)cc3)cc2)CCOCC1,6.5,1
CHEMBL227501,Cc1cccc(-c2ccc(S(=O)(=O)N[C@@H](C(C)C)P(=O)(O)O)cc2)c1,6.5,1
CHEMBL228188,CC(C)[C@H](NS(=O)(=O)c1ccc(-c2cccc(Cl)c2)cc1)P(=O)(O)O,6.5,1
CHEMBL3617401,CC(C)ON([C@H](CCNS(C)(=O)=O)C(=O)NO)S(=O)(=O)c1ccc(-c2ccccc2)cc1,6.5,1
CHEMBL99547,Cc1ccc(CCC[C@H]2C(=O)N[C@H](C(=O)c3ccccc3)Cc3ccc(cc3)OCCCC[C@@H]2C(=O)NO)cc1,6.495,2
CHEMBL80361,COc1ccc(S(=O)(=O)C(C)(CC2CCCCC2)C(=O)NO)cc1,6.49,1
CHEMBL124026,COc1ccc(S(=O)(=O)N2CCN(Cc3ccccc3)CC2C(=O)NO)cc1,6.49,1
CHEMBL435206,COc1ccc(S(=O)(=O)N2CCN(c3nc(-c4ccccc4)cs3)CC2C(=O)NO)cc1,6.49,1
CHEMBL126004,COc1ccc(S(=O)(=O)N2CCN(C(=O)N(C)Cc3ccccc3)CC2C(=O)NO)cc1,6.49,1
CHEMBL151024,C=C1C[C@H](C(=O)NO)N(S(=O)(=O)c2ccc(OCCCC)cc2)C1,6.48,1
CHEMBL94643,CC#CCOc1ccc(S(=O)(=O)N(C)[C@H](C)C(=O)NO)cc1,6.48,2
CHEMBL433354,CNC(=O)[C@H](Cc1ccc(OC)cc1)NC(=O)C(Cc1cccc(Cl)c1S)CC(C)C,6.48,1
CHEMBL116287,O=C(NO)C1(NS(=O)(=O)c2ccc(Oc3ccc(F)cc3)cc2)CCCCC1,6.48,1
CHEMBL358962,CNC(=O)[C@@H](NC(=O)[C@H](CCCOCc1ccccc1)[C@H](OCc1ccc2nc(C)nc(O)c2c1)C(=O)NO)C(C)(C)C,6.48,1
CHEMBL180047,CC#CCOc1ccc(S(=O)(=O)N2CCCS(=O)(=O)CC2C(=O)NO)cc1,6.48,1
CHEMBL474924,CNC(=O)[C@H](Cc1c[nH]c2ccccc12)NC(=O)[C@@H](CC(=O)NNc1ccc(OC)cc1)CC(C)C,6.48,1
CHEMBL2051974,COC(=O)Nc1nc2ccc(Sc3ccc(NC(=O)Nc4cc(C(F)(F)F)ccc4F)cc3)cc2[nH]1.Cl.O,6.47,1
CHEMBL432778,CNC(=O)[C@H](Cc1ccc(OC)cc1)NC(=O)[C@@H](Cc1ccccc1S)CC(C)C,6.47,1
CHEMBL369115,C[C@@]1(O)CCCN(S(=O)(=O)c2ccc(OCc3cccc(F)c3)cc2)[C@H]1C(=O)NO,6.47,1
CHEMBL400967,CCCC(CP(=O)(O)Cc1ccc(Cc2ccccc2)cc1)C(=O)N[C@H](C(=O)NC)C(C)(C)C,6.47,1
CHEMBL250456,C[C@@]1(O)CCCN(S(=O)(=O)c2ccc(OCc3cccc(F)c3)cc2)C1C(=O)NO,6.47,1
CHEMBL372878,CC1(C)C[C@@H](O)CN(S(=O)(=O)c2ccc(OCc3ccc(F)cc3Cl)cc2)[C@H]1C(=O)NO,6.465,2
CHEMBL92899,C#CCN1CCCC1(CS(=O)(=O)c1ccc(Oc2ccccc2)cc1)C(=O)NO,6.46,2
CHEMBL36999,COc1ccc(S(=O)(=O)N(Cc2ccccc2)c2c(C(=O)NO)cnc3c(C(C)C)cccc23)cc1,6.46,2
CHEMBL268114,COc1ccc(S(=O)(=O)N2CCN(S(=O)(=O)c3cn(C)cn3)CC[C@@H]2C(=O)NO)cc1,6.46,1
CHEMBL298443,CNC(=O)[C@H](Cc1ccc(OC)cc1)NC(=O)[C@H](CC(C)C)N[C@@H](CCNC(=O)OCc1ccccc1)C(=O)O,6.46,1
CHEMBL77128,CCc1ccccc1Cc1ccc(CP(=O)(O)CC(CCc2ccccc2)C(=O)N[C@H](C(=O)NC)C(C)(C)C)cc1,6.46,1
CHEMBL147910,COc1ccc(S(=O)(=O)N[C@H]2C[C@H](C(=O)NO)N(S(=O)(=O)c3ccc(OC)cc3)C2)cc1,6.46,1
CHEMBL148081,C=CCN1CC(=O)N([C@H]2C[C@H](C(=O)NO)N(S(=O)(=O)c3ccc(OCCC)cc3)C2)C1=O,6.46,1
CHEMBL100777,COc1ccc(S(=O)(=O)N(C)c2c(CN3CCN(C)CC3)cc(-c3ccc4ccccc4c3)cc2C(=O)NO)cc1,6.46,1
CHEMBL186500,Cc1ccc(F)cc1COc1ccc(S(=O)(=O)N2CCC[C@@](C)(O)[C@@H]2C(=O)NO)cc1,6.46,2
CHEMBL502674,CNC(=O)[C@H](Cc1c(-c2ccccc2)[nH]c2ccccc12)NC(=O)[C@@H](CC(=O)NNS(=O)(=O)c1ccc(-c2ccc(Br)cc2)cc1)CC(C)C,6.46,1
CHEMBL1089843,CC#CCOc1ccc(S(=O)(=O)N[C@H](CCN2C(=O)c3ccccc3C2=O)C(=O)NO)cc1,6.46,1
CHEMBL338223,COc1ccc(S(=O)(=O)N2CCN(C(=O)N3CCN(C)CC3)CC2C(=O)NO)cc1,6.45,1
CHEMBL185375,CC#CCOc1ccc(S(=O)(=O)N2Cc3ccccc3N(C(=O)c3cnccn3)CC2C(=O)NO)cc1,6.45,1
CHEMBL195948,CC#CCOc1ccc(S(=O)(=O)N2CCN(C(C)=O)CC2C(=O)NO)cc1,6.45,2
CHEMBL1169492,COc1ccc(S(=O)(=O)N(Cc2ccccc2)[C@H]2CCCC[C@H]2C(=O)NO)cc1,6.44,1
CHEMBL319942,CNC(=O)[C@H](Cc1ccccc1)NC(=O)[C@H](CC(C)C)NC(CCN1C(=O)c2ccccc2C1=O)P(=O)(O)O,6.44,1
CHEMBL92077,CC(C)C(NS(=O)(=O)N1CCC(Oc2ccc(Cl)cn2)CC1)C(=O)NO,6.44,1
CHEMBL180484,CC#CCOc1ccc(S(=O)(=O)N2CCCN(C(=O)c3ccccc3)CC2C(=O)NO)cc1,6.44,1
CHEMBL189216,Cc1c(F)cccc1COc1ccc(S(=O)(=O)N2C[C@H](O)CC(C)(C)[C@@H]2C(=O)NO)cc1,6.435,2
CHEMBL312429,COc1ccc(S(=O)(=O)C2(C(=O)NO)CCN(Cc3ccc4ccccc4c3)CC2)cc1,6.43,1
CHEMBL59338,CCCCCCCCC[C@H](CC(=O)NO)C(=O)N[C@H](C(=O)NC)C(C)(C)C,6.43,1
CHEMBL158366,CNC(=O)CNC(=O)[C@H](CC(C)C)N[C@H](CCN1C(=O)c2cc3ccccc3cc2C1=O)C(=O)O,6.43,1
CHEMBL372261,CC1(C)C[C@@H](O)CN(S(=O)(=O)c2ccc(OCc3ccccc3Br)cc2)[C@H]1C(=O)NO,6.425,2
CHEMBL45357,CC[C@@H](C(=O)NO)N(CC(C)C)S(=O)(=O)c1ccc(OC)cc1,6.42,1
CHEMBL68196,Cc1cc(C)c(N(Cc2ccccc2)S(=O)(=O)c2ccc(Oc3ccccc3)cc2)c(C(=O)NO)c1,6.42,1
CHEMBL105142,CCC(C(=O)NO)N(CC(C)C)S(=O)(=O)c1ccc(OC)cc1,6.42,1
CHEMBL274700,CNC(=O)[C@@H](NC(=O)C(CC(C)C)C(O)CS)C(C)(C)C,6.42,1
CHEMBL357871,CCCCOc1ccc(S(=O)(=O)N2C[C@@H](N)C[C@@H]2C(=O)NO)cc1,6.42,1
CHEMBL76836,COc1ccc(S(=O)(=O)C2(C(=O)NO)CCN(Cc3ccc(OCCN4CCCCC4)cc3)CC2)cc1,6.41,1
CHEMBL19870,COc1ccc(CN2C[C@H](C(=O)NO)NC2=O)cc1,6.41,1
CHEMBL307182,COc1ccc(S(=O)(=O)N(Cc2ccccc2)c2c(Cl)cccc2C(=O)NO)cc1,6.4,1
CHEMBL62245,CCCCCCC[C@H](CC(=O)NO)C(=O)N[C@@H](Cc1ccccc1)C(=O)NC,6.4,1
CHEMBL45577,CNC(=O)[C@H](Cc1ccccc1)NC(=O)[C@H](CC(C)C)N[C@@H](CCc1ccccc1)P(=O)(O)O,6.4,2
CHEMBL104021,COc1ccc(S(=O)(=O)N(CC(C)C)C(CCS(=O)(=O)Cc2ccccc2)C(=O)NO)cc1,6.4,1
CHEMBL1088878,CC#CCOc1ccc(S(=O)(=O)N(CC(C)C)[C@H](CCN2C(=O)c3ccccc3C2=O)C(=O)NO)cc1,6.4,1
CHEMBL1801048,O=C(NO)C1(S(=O)(=O)c2ccc(Oc3ccc(O)cc3)cc2)CCOCC1,6.4,1
CHEMBL2333287,COc1ccc(C[C@@H](OC(=O)/C=C/c2ccc(OCc3ccccc3)c(OCc3ccccc3)c2)C(=O)O)cc1OC,6.4,1
CHEMBL362797,CC#CCOc1ccc(S(=O)(=O)N2CCCSCC2C(=O)NO)cc1,6.39,1
CHEMBL80798,COc1ccc(S(=O)(=O)C2(C(=O)NO)CCN(Cc3ccc(-c4ccccn4)cc3)CC2)cc1,6.38,1
CHEMBL77125,COc1ccc(S(=O)(=O)C(C)(Cc2ccc(OCCN3CCOCC3)cc2)C(=O)NO)cc1,6.38,1
CHEMBL111856,O=C(NO)C1(NS(=O)(=O)c2ccc(Oc3ccc(F)cc3)cc2)CCOCC1,6.38,1
CHEMBL183995,C[C@@]1(O)CCCN(S(=O)(=O)c2ccc(OCc3ccc(F)cc3)cc2)[C@H]1C(=O)NO,6.38,2
CHEMBL250457,C[C@@]1(O)CCCN(S(=O)(=O)c2ccc(OCc3ccc(F)cc3)cc2)C1C(=O)NO,6.38,1
CHEMBL75702,COc1ccc(S(=O)(=O)C(C)(Cc2ccc(OCCN(C(C)C)C(C)C)cc2)C(=O)NO)cc1,6.37,1
CHEMBL53840,NC(=O)[C@H](Cc1ccccc1)NC(=O)[C@H](CS)NC(=O)c1ccc(-c2ccccc2)cc1,6.37,1
CHEMBL307494,CNC(=O)[C@@H](NC(=O)C(CCc1ccccc1)CP(=O)(O)Cc1ccc(Cc2ccccc2Cl)cc1)C(C)(C)C,6.37,1
CHEMBL15964,CCCCCCCC(C(=O)CS)C(=O)N[C@@H](CC1CCCCC1)C(=O)NCCc1ccc(S(N)(=O)=O)cc1,6.37,1
CHEMBL489100,Cc1cc(COc2ccc([C@]3(N)CCN([C@H](CC(C)C)C(=O)NO)C3=O)cc2)c2ccccc2n1,6.37,1
CHEMBL41408,COc1ccc(-c2ccc(OCC(CN3C(=O)N(C)C(C)(C)C3=O)N(O)C=O)cc2)cc1,6.36,1
CHEMBL147738,CCCCOc1ccc(S(=O)(=O)N2C[C@@H](NC(=O)[C@@H](O)CC(C)C)C[C@@H]2C(=O)NO)cc1,6.36,1
CHEMBL502079,CCCCCCCCCCCCCCCCS(=O)(=O)NNC(=O)C[C@@H](CC(C)C)C(=O)N[C@@H](Cc1c[nH]c2ccccc12)C(=O)NC,6.36,1
CHEMBL1801046,O=C(NO)C1(S(=O)(=O)c2ccc(Oc3ccc(Cl)cc3)cc2)CCOCC1,6.36,1
CHEMBL78962,COc1ccc(S(=O)(=O)C2(C(=O)NO)CCN(Cc3ccc(Cl)c(Cl)c3)CC2)cc1,6.35,1
CHEMBL419868,COc1ccc(S(=O)(=O)N2CCCN(Cc3ccccc3)CC2C(=O)NO)cc1,6.35,1
CHEMBL148178,CS(=O)(=O)N[C@H]1C[C@H](C(=O)NO)N(S(=O)(=O)c2ccc(Oc3ccncc3)cc2)C1,6.35,1
CHEMBL319902,COc1ccc(S(=O)(=O)N(C)c2c(CN3CCN(c4ccccc4)CC3)cc(Br)cc2C(=O)NO)cc1,6.35,1
CHEMBL227824,CCOc1ccc(-c2ccc(S(=O)(=O)N[C@@H](C(C)C)P(=O)(O)O)cc2)cc1,6.35,1
CHEMBL296142,CNC(=O)[C@H](Cc1ccc(OC)cc1)NC(=O)C(C)(CC(=O)NO)CC(C)C,6.34,1
CHEMBL147881,O=C(NO)C1c2ccc(OCc3ccccc3)cc2CCN1S(=O)(=O)c1ccccc1,6.34,1
CHEMBL323575,COc1ccc(CSCC2[C@H](C(=O)NO)N(S(=O)(=O)c3ccc(OC)cc3)CC2(C)C)cc1,6.34,1
CHEMBL292465,NC(=O)[C@H](Cc1cccnc1)NC(=O)[C@H](CC(=O)O)NC(=O)c1ccc2[nH]nnc2c1,6.34,1
CHEMBL3142557,CC[C@H](N[C@@H](CC(C)C)C(=O)NC1CCCCNCCCCCNC1=O)P(=O)(O)O,6.34,1
CHEMBL184168,CC#CCOc1ccc(S(=O)(=O)N2Cc3ccc(CNC)cc3N(C(C)=O)CC2C(=O)NO)cc1,6.34,1
CHEMBL146718,Cc1ccc(S(=O)(=O)N2CCc3cc(OCc4ccccc4)ccc3C2C(=O)NO)cc1,6.33,1
CHEMBL269019,COc1ccc(S(=O)(=O)N2CN(C3CCCCC3)C(=O)C[C@@H]2C(=O)NO)cc1,6.33,1
CHEMBL45882,CC[C@H](N[C@@H](CC(C)C)C(=O)N[C@@H](Cc1ccc(OC)cc1)C(=O)NC)P(=O)(O)O,6.33,1
CHEMBL97908,COc1ccc(S(=O)(=O)N2Cc3ccccc3N(C(=O)C3CCCCC3)CC2C(=O)NO)cc1,6.33,1
CHEMBL320383,CCN(CC)CC#CCN(c1c(C)cccc1C(=O)NO)S(=O)(=O)c1ccc(OC)cc1,6.33,1
CHEMBL316928,CC#CCOc1ccc(S(=O)(=O)NC(C(=O)NO)C(C)(C)SCc2cccnc2)cc1,6.32,2
CHEMBL41497,CC(C)C[C@H](NC(=O)[C@@H](CC(=O)NO)C1CCCCC1)c1nc(-c2ccccc2)c[nH]1,6.32,1
CHEMBL434505,C=CCN1CC(=O)N([C@H]2C[C@H](C(=O)NO)N(S(=O)(=O)c3ccc(OCCCC)cc3)C2)C1=O,6.32,1
CHEMBL359969,CC#CCOc1ccc(S(=O)(=O)N2Cc3ccc(CN4CCNCC4)cc3N(C(C)=O)CC2C(=O)NO)cc1,6.32,1
CHEMBL80969,COc1ccc(S(=O)(=O)C2(C(=O)NO)CCN(Cc3ccccc3)CC2)cc1,6.31,1
CHEMBL78909,COc1ccc(CN2CCC(C(=O)NO)(S(=O)(=O)c3ccc(Oc4ccc(Cl)cc4)cc3)CC2)cc1,6.31,1
CHEMBL77176,COc1ccc(S(=O)(=O)C2(C(=O)NO)CCN(Cc3ccc(C)cc3)CC2)cc1,6.31,1
CHEMBL47627,CC[C@H](N[C@@H](CC(C)C)C(=O)N[C@@H](CCCN(C)C)C(=O)NC)P(=O)(O)O,6.31,1
CHEMBL162128,CNC(=O)[C@H](Cc1ccccc1)NC(=O)[C@H](CC(C)C)N[C@H](CCNC(=O)c1ccc2ccccc2c1)C(=O)O,6.31,1
CHEMBL159645,CNC(=O)[C@H](CC(C)C)N[C@H](CCN1C(=O)c2cc3ccccc3cc2C1=O)C(=O)O,6.31,1
CHEMBL114148,O=C(NO)C1(NS(=O)(=O)c2ccc(Oc3ccccc3)cc2)CCOCC1,6.31,1
CHEMBL147004,CCCOc1ccc(S(=O)(=O)N2C[C@@H](N3CCOCC3)C[C@@H]2C(=O)NO)cc1,6.31,1
CHEMBL125672,CCCN(CC1CC1)C(=O)N1CCN(S(=O)(=O)c2ccc(OC)cc2)C(C(=O)NO)C1,6.31,1
CHEMBL523999,CNC(=O)[C@H](Cc1c[nH]c2ccccc12)NC(=O)[C@@H](CC(=O)NNS(=O)(=O)c1ccc([N+](=O)[O-])cc1)CC(C)C,6.31,1
CHEMBL49095,CNC(=O)[C@H](Cc1ccc(OC)cc1)NC(=O)C1(CC(CCN2C(=O)c3cc4ccccc4cc3C2=O)C(=O)O)CCCC1,6.305,2
CHEMBL62056,CCCCCCCCC[C@H](CC(=O)NO)C(=O)N[C@@H](Cc1ccccc1)C(=O)NC,6.3,1
CHEMBL133303,CC(C)C[C@@H](N)C(=O)N[C@@H](CC(C)C)C(=O)N[C@@H](Cc1ccccc1)C(=O)NCc1ccccc1,6.3,1
CHEMBL316997,O=C(NC1CCCC1)P(=O)(O)O,6.3,2
CHEMBL110667,NC(=O)[C@H](Cc1ccccc1)NC(=O)[C@H](Cc1nc2ccccc2s1)[C@H](O)C(=O)NO,6.3,1
CHEMBL114884,O=C(NO)C1(NS(=O)(=O)c2ccc(Oc3ccc(F)cc3)cc2)CC1,6.3,1
CHEMBL148212,CCCOc1ccc(S(=O)(=O)N2C[C@@H](NC(=O)COC)C[C@@H]2C(=O)NO)cc1,6.3,1
CHEMBL183924,CC#CCOc1ccc(S(=O)(=O)N2Cc3ccc(CO)cc3N(C(C)=O)CC2C(=O)NO)cc1,6.3,1
CHEMBL365658,CC[C@@]1(O)CCCN(S(=O)(=O)c2ccc(OCc3ccc(F)cc3)cc2)[C@H]1C(=O)NO,6.3,1
CHEMBL381224,CC#CCOc1ccc(S(=O)(=O)N2CCN(C(=O)c3cccs3)CC2C(=O)NO)cc1,6.3,2
CHEMBL276119,COc1ccc(S(=O)(=O)C2(C(=O)NO)CCN(Cc3cccc(OC)c3)CC2)cc1,6.29,1
CHEMBL367420,CC(C)C[C@H](C(=O)NO)N(Cc1ccccc1)P(C)(C)=O,6.29,1
CHEMBL3142563,CC[C@H](N[C@@H](CC(C)C)C(=O)NC1CCCCN(C)CCCCCNC1=O)P(=O)(O)O,6.29,1
CHEMBL100564,COC(=O)C1CCCN1Cc1cccc(C(=O)NO)c1N(C)S(=O)(=O)c1ccc(OC)cc1,6.29,1
CHEMBL80183,COc1ccc(S(=O)(=O)C2(C(=O)NO)CCN(Cc3ccc(-c4cccs4)cc3)CC2)cc1,6.28,1
CHEMBL311509,COc1ccc(S(=O)(=O)N(Cc2ccccc2)c2c(OC)cccc2C(=O)NO)cc1,6.28,2
CHEMBL3085155,CCCCCCCC[C@@](Cc1cccnc1)(C(=O)NO)S(=O)(=O)c1ccc(OC)cc1,6.28,1
CHEMBL353479,C[P@@](=O)(c1ccccc1)N(CCc1ccccc1)CC(=O)NO,6.28,1
CHEMBL441432,CNC(=O)[C@H](Cc1ccc(OC)cc1)NC(=O)[C@H](CC(C)C)N[C@@H](C)P(=O)(O)O,6.28,1
CHEMBL77567,CNC(=O)[C@@H](NC(=O)C(CCc1ccc(F)cc1)CP(=O)(O)Cc1ccc(Cc2ccccc2)cc1)C(C)(C)C,6.28,1
CHEMBL100146,COc1ccc(S(=O)(=O)N2Cc3ccccc3N(C(=O)CCc3ccccc3)CC2C(=O)NO)cc1,6.28,1
CHEMBL187474,C[C@@]1(O)CCCN(S(=O)(=O)c2ccc(OCc3ccnc(Cl)c3)cc2)[C@H]1C(=O)NO,6.28,1
CHEMBL252514,C[C@@]1(O)CCCN(S(=O)(=O)c2ccc(OCc3ccnc(Cl)c3)cc2)C1C(=O)NO,6.28,1
CHEMBL306635,COc1ccc(S(=O)(=O)C(C)(Cc2ccc(OCCN3CCCCCC3)cc2)C(=O)NO)cc1,6.27,1
CHEMBL304730,COc1ccc(S(=O)(=O)N(Cc2cccnc2)c2c(C)cc(-c3cccc(C(F)(F)F)c3)cc2C(=O)NO)cc1,6.27,1
CHEMBL105422,COc1ccc(S(=O)(=O)N(CC(=O)N2CCOCC2)C(CCSCc2ccccc2)C(=O)NO)cc1,6.27,1
CHEMBL77667,CCOc1ccccc1Cc1ccc(CP(=O)(O)CC(CCc2ccccc2)C(=O)N[C@H](C(=O)NC)C(C)(C)C)cc1,6.27,1
CHEMBL234529,COc1ccc(S(=O)(=O)N(CC(=O)NO)CC(=O)NCCc2ccc(S(N)(=O)=O)cc2)cc1,6.27,1
CHEMBL234735,NS(=O)(=O)c1ccc(CCNC(=O)CN(CC(=O)NO)S(=O)(=O)c2ccc(-c3ccccc3)cc2)cc1,6.27,1
CHEMBL5269115,COc1ccc(S(=O)(=O)N(Cc2ccccn2)c2c(C)cc(-c3cccc(C(F)(F)F)c3)cc2C(=O)NO)cc1,6.27,1
CHEMBL80322,COc1ccc(S(=O)(=O)N(Cc2ccccc2)c2ccc(C)cc2C(=O)NO)cc1,6.26,1
CHEMBL284465,C=CCC(CC=C)(C(=O)NO)[C@@H](CC(C)C)C(=O)N[C@@H](Cc1ccccc1)C(=O)NC,6.26,1
CHEMBL35707,COc1ccc(S(=O)(=O)N(Cc2cccnc2)c2c(C(=O)NO)cnc3snc(C)c23)cc1,6.26,1
CHEMBL112609,O=C(NO)C1(NS(=O)(=O)c2ccc(Oc3ccc(F)cc3)cc2)CCS(=O)(=O)CC1,6.26,1
CHEMBL115223,O=C(NO)C1(NS(=O)(=O)c2ccc(Oc3cccnc3)cc2)CCOCC1,6.26,1
CHEMBL116904,COc1ccc(S(=O)(=O)NC2(C(=O)NO)CCCCC2)cc1,6.26,1
CHEMBL60163,CCO[C@H]1CC[C@@](CS)(C(=O)N[C@@H](Cc2cccnc2)C(=O)Nc2ccccc2)CC1,6.25,1
CHEMBL64390,CCO[C@H]1CC[C@@](CS)(C(=O)N[C@@H](Cc2ccccc2)C(=O)NC2CCCC2)CC1,6.25,1
CHEMBL144430,COc1ccc(S(=O)(=O)N2C[C@@H](NCCc3ccccc3)C[C@@H]2C(=O)NO)cc1,6.25,1
CHEMBL49163,CNC(=O)[C@H](Cc1ccc(OC)cc1)NC(=O)C1(CC(CCN2C(=O)c3ccc(OC)cc3C2=O)C(=O)O)CCCCC1,6.24,1
CHEMBL433479,CNC(=O)[C@H](Cc1ccc(OC)cc1)NC(=O)C1(CC(=O)NO)Cc2ccccc2C1,6.24,1
CHEMBL80378,COc1ccc(S(=O)(=O)C(CCC(C)C)(Cc2cccnc2)C(=O)NO)cc1,6.24,1
CHEMBL147005,CCCCOc1ccc(S(=O)(=O)N2C[C@@H](N3C(=O)CN(CCC)C3=O)C[C@@H]2C(=O)NO)cc1,6.24,1
CHEMBL343860,CCOc1ccc(S(=O)(=O)N2C[C@@H](N3C(=O)CN(C)C3=O)C[C@@H]2C(=O)NO)cc1,6.24,1
CHEMBL359920,CC#CCOc1ccc(S(=O)(=O)N2CCCNCC2C(=O)NO)cc1,6.24,1
CHEMBL183732,CC#CCOc1ccc(S(=O)(=O)N2Cc3ccc(CNC(C)=O)cc3N(C(C)=O)CC2C(=O)NO)cc1,6.24,1
CHEMBL307252,COc1ccc(S(=O)(=O)C(Cc2ccc3ccccc3c2)C(=O)NO)cc1,6.23,1
CHEMBL306577,COc1ccc(S(=O)(=O)C(C)(Cc2ccc(OCCCN3CCN(c4cccc(Cl)c4)CC3)cc2)C(=O)NO)cc1,6.23,1
CHEMBL228187,CC(C)[C@H](NS(=O)(=O)c1ccc(-c2cccc(F)c2)cc1)P(=O)(O)O,6.23,1
CHEMBL78255,COc1ccc(S(=O)(=O)C2(C(=O)NO)CCN(Cc3ccc(Br)cc3)CC2)cc1,6.22,2
CHEMBL80300,COc1ccc(S(=O)(=O)N(Cc2ccccc2)c2c(OC(C)(C)C(=O)NO)cccc2C(=O)NO)cc1,6.22,1
CHEMBL148171,COc1cc2c(cc1O)CCN(S(=O)(=O)c1ccccc1)C2C(=O)NO,6.22,1
CHEMBL172857,CCP(=O)(c1ccccc1)N(Cc1ccccc1)[C@H](C)C(=O)NO,6.22,1
CHEMBL300875,NC(=O)[C@H](Cc1ccccc1)NC(=O)[C@H](CS)NC(=O)COc1ccccc1,6.22,1
CHEMBL100280,COc1ccc(S(=O)(=O)N(C)c2c(CN3CCOCC3)cccc2C(=O)NO)cc1,6.22,1
CHEMBL343414,CN1CC(=O)N([C@H]2C[C@H](C(=O)NO)N(S(=O)(=O)c3ccc(Oc4ccncc4)cc3)C2)C1=O,6.22,1
CHEMBL368972,CCC(CCS)S(=O)(=O)c1ccc(OC)cc1,6.22,1
CHEMBL227598,CC(C)Oc1ccc(-c2ccc(S(=O)(=O)N[C@@H](C(C)C)P(=O)(O)O)cc2)cc1,6.22,1
CHEMBL400992,Cc1ccc(F)cc1COc1ccc(S(=O)(=O)N2CCC[C@@](C)(O)C2C(=O)NO)cc1,6.22,1
CHEMBL5278204,COc1ccc(S(=O)(=O)N(C)c2c(CN3CCOCC3)cc(C)cc2C(=O)NO)cc1,6.22,1
CHEMBL310655,COc1ccc(S(=O)(=O)N2CCCN(C(=O)OC(C)(C)C)CC2C(=O)NO)cc1,6.21,2
CHEMBL550148,O=C(CNS(=O)(=O)c1ccc(-c2ccccc2)cc1)NO,6.21,3
CHEMBL2114153,COc1ccc(S(=O)(=O)[C@](C)(Cc2ccc(OCCN3CCCCC3)cc2)C(=O)NO)cc1,6.205,2
CHEMBL76847,COc1ccc(S(=O)(=O)C2(C(=O)NO)CCN(CCOc3ccccc3)CC2)cc1,6.2,1
CHEMBL310338,CCOc1ccc(S(=O)(=O)C(C)(Cc2ccc(OCCN(CC)CC)cc2)C(=O)NO)cc1,6.2,1
CHEMBL10671,CSc1ccc(-c2ccc(S(=O)(=O)NC(CC#Cc3ccccc3)C(=O)O)cc2)cc1,6.2,1
CHEMBL343718,COc1ccc(S(=O)(=O)N2CSCC2C(=O)NO)cc1,6.2,1
CHEMBL77923,CNC(=O)[C@@H](NC(=O)C(CCc1ccc(C)cc1)CP(=O)(O)Cc1ccc(Cc2ccccc2)cc1)C(C)(C)C,6.2,1
CHEMBL76856,COc1ccc(CN2CCC(C(=O)NO)(S(=O)(=O)c3ccc(OC)cc3)CC2)cc1,6.19,1
CHEMBL308305,COc1ccc(S(=O)(=O)N(Cc2ccccc2)c2ccccc2C(=O)NO)cc1,6.19,1
CHEMBL80413,COc1ccc(S(=O)(=O)C(C(=O)NO)C(C)C)cc1,6.19,1
CHEMBL78826,COc1ccc(S(=O)(=O)N(Cc2ccccc2)c2c(C(=O)NO)csc2Br)cc1,6.19,2
CHEMBL268377,COc1ccc(S(=O)(=O)N2CN(C(C)C)C(=O)C[C@@H]2C(=O)NO)cc1,6.19,1
CHEMBL77666,CNC(=O)[C@@H](NC(=O)C(CCc1ccccc1)CP(=O)(O)Cc1ccc(Cc2ccccc2C(F)(F)F)cc1)C(C)(C)C,6.19,1
CHEMBL361809,CC#CCOc1ccc(S(=O)(=O)N2CCCN(C(=O)c3cccs3)CC2C(=O)NO)cc1,6.19,1
CHEMBL452083,CNC(=O)[C@H](Cc1ccccc1)NC(=O)[C@H](CC(=O)NO)CC(C)C,6.19,1
CHEMBL494823,COc1ccc(-c2ccc(S(=O)(=O)N[C@@H](C(=O)O)C3CCN(S(=O)(=O)c4ccccc4)CC3)s2)cc1,6.19,1
CHEMBL80814,COc1ccc(CCN2CCC(C(=O)NO)(S(=O)(=O)c3ccc(OC)cc3)CC2)cc1,6.18,1
CHEMBL309416,COc1ccc(S(=O)(=O)C2(C(=O)NO)CCN(Cc3ccc(F)cc3)CC2)cc1,6.18,1
CHEMBL102698,COc1ccc(S(=O)(=O)N2CC(C)(C)C(CSCCc3ccccc3)[C@@H]2C(=O)NO)cc1,6.18,1
CHEMBL3617404,COc1ccc(-c2ccc(S(=O)(=O)N(OC(C)C)[C@H](CCNC(C)=O)C(=O)NO)cc2)cc1,6.18,1
CHEMBL418312,CCO[C@H]1CC[C@@](CS)(C(=O)N[C@@H](Cc2ccccc2)C(=O)NC(C)C)CC1,6.17,1
CHEMBL293017,CNC(=O)[C@H](Cc1ccccc1)NC(=O)[C@]1(CS)CC[C@H](C(F)(F)F)CC1,6.17,1
CHEMBL76878,C#CCC(Cc1cccnc1)(C(=O)NO)S(=O)(=O)c1ccc(OC)cc1,6.17,1
CHEMBL101210,COc1ccc(S(=O)(=O)N(C)c2c(CN3CCN(C(=O)OC(C)(C)C)CC3)cc(Br)cc2C(=O)NO)cc1,6.17,1
CHEMBL184007,CC#CCOc1ccc(S(=O)(=O)N2Cc3cc(N(C)C)ccc3N(C(C)=O)CC2C(=O)NO)cc1,6.17,1
CHEMBL436324,CC#CCOc1ccc(S(=O)(=O)N2CCNCC2C(=O)NO)cc1,6.17,2
CHEMBL468739,CC(C)OC(=O)N1CCC([C@@H](NS(=O)(=O)c2ccc(-c3ccc(O)cc3)s2)C(=O)O)CC1,6.17,1
CHEMBL3648902,Cc1cc(COc2ccc(S(=O)(=O)NC[C@@H](C(=O)NO)N3CCN(Cc4ccc(F)cc4)CC3)cc2)c2ccccc2n1,6.17,1
CHEMBL88559,COc1ccc(S(=O)(=O)N2CCCN(C(=O)CNC(=O)OC(C)(C)C)CC2C(=O)NO)cc1,6.16,1
CHEMBL28389,CNC(=O)[C@H](NC(=O)C(CCc1ccccc1)CP(=O)(O)Cc1ccc(Cc2ccccc2)cc1)C(C)(C)C,6.16,1
CHEMBL61610,CCO[C@H]1CC[C@@](CS)(C(=O)N[C@@H](Cc2ccccc2)C(=O)NC)CC1,6.16,1
CHEMBL94248,C#CCNC(C)(CS(=O)(=O)c1ccc(Oc2ccccc2)cc1)C(=O)NO,6.16,1
CHEMBL266292,COCCN1CN(S(=O)(=O)c2ccc(OC)cc2)[C@@H](C(=O)NO)CC1=O,6.16,1
CHEMBL344453,COc1ccc(S(=O)(=O)N2CCS(=O)(=O)CC2C(=O)NO)cc1,6.16,1
CHEMBL310270,CNC(=O)[C@@H](NC(=O)C(CCc1ccccc1)CP(=O)(O)Cc1ccc(Cc2ccccc2F)cc1)C(C)(C)C,6.16,1
CHEMBL423572,CCCCOc1ccc(S(=O)(=O)N2C[C@@H](NS(=O)(=O)c3cn(C)cn3)C[C@@H]2C(=O)NO)cc1,6.16,1
CHEMBL190563,Cc1ccccc1COc1ccc(S(=O)(=O)N2C[C@H](O)CC(C)(C)[C@@H]2C(=O)NO)cc1,6.16,1
CHEMBL234350,O=C(NO)C1(CS(=O)(=O)c2ccc(Oc3ccccc3)cc2)CCN(CCc2ccccc2)CC1,6.16,1
CHEMBL538028,COc1ccc(S(=O)(=O)N2CCCN(C(=O)CN)CC2C(=O)NO)cc1.Cl,6.15,1
CHEMBL52116,CNC(=O)[C@H](Cc1c[nH]c2ccccc12)NC(=O)[C@@H](CC(=O)c1ccccn1)CC(C)C,6.14,1
CHEMBL330728,CNC(=O)[C@H](Cc1ccccc1)NC(=O)[C@H](CC(C)C)NC(CCCN1C(=O)c2cccc3cccc(c23)C1=O)P(=O)(O)O,6.14,1
CHEMBL148331,CNC(=O)[C@@H](NC(=O)[C@H](CCCCOCc1ccccc1)[C@H](OCc1ccc2c(cnc(=O)n2C)c1)C(=O)NO)C(C)(C)C,6.14,1
CHEMBL290377,CNC(=O)[C@@H](NC(=O)C(CCc1ccccc1)CP(=O)(O)Cc1ccc(Cc2ccccc2)cc1)C(C)(C)C,6.135,2
CHEMBL291799,CCO[C@H]1CC[C@@](CS)(C(=O)N[C@@H](Cc2ccc(O)cc2)C(=O)Nc2ccccc2)CC1,6.13,1
CHEMBL71007,Cc1cc(C)c(N(Cc2ccccc2)S(=O)(=O)c2ccc(OCCc3ccccc3)cc2)c(C(=O)NO)c1,6.13,1
CHEMBL68542,COc1ccc(S(=O)(=O)N(Cc2cccnc2)c2c(C)cc(-c3ccc4ccccc4c3)cc2C(=O)NO)cc1,6.13,1
CHEMBL46083,CC[C@@H](N[C@@H](CC(C)C)C(=O)N[C@@H](CCCCN)C(=O)NC)P(=O)(O)O,6.13,1
CHEMBL116219,O=C(NO)[C@@]1(NS(=O)(=O)c2ccc(Oc3ccc(F)cc3)cc2)CCOC1,6.13,1
CHEMBL102057,COc1ccc(S(=O)(=O)N(C)c2c(CN3CCN(C)CC3)cc(-c3ccc(OC(F)(F)F)cc3)cc2C(=O)NO)cc1,6.13,1
CHEMBL101981,CCN(CC)Cc1cccc(C(=O)NO)c1N(C)S(=O)(=O)c1ccc(OC)cc1,6.13,1
CHEMBL101121,O=C(NO)C(CCN1C(=O)c2ccccc2C1=O)COc1ccc(-c2ccccc2)cc1,6.12,1
CHEMBL24741,CNC(=O)[C@H](NC(=O)C(CC(C)C)CP(=O)(O)Cc1ccc(C(=O)c2ccccc2)cc1)C(C)(C)C,6.12,1
CHEMBL306723,CCCCOc1ccc(S(=O)(=O)C(C)(Cc2ccc(OCCN3CCCCC3)cc2)C(=O)NO)cc1,6.12,1
CHEMBL296894,CC[C@H](N[C@@H](CC(C)C)C(=O)N[C@@H](Cn1cccn1)C(=O)NC)P(=O)(O)O,6.12,1
CHEMBL112470,O=C(NO)C1(NS(=O)(=O)c2ccc(Oc3ccc(F)cc3)cc2)CCSCC1,6.12,1
CHEMBL316489,COCC(=O)N1CC(C(=O)NO)N(S(=O)(=O)c2ccc(Oc3ccncc3)cc2)Cc2ccccc21,6.12,1
CHEMBL146951,CCCCOc1ccc(S(=O)(=O)N2C[C@@H](N3C(=O)NC(SC)C3=O)C[C@@H]2C(=O)NO)cc1,6.12,1
CHEMBL404409,O=C(O[C@H]1CCOC1)N1CCC(CS(=O)(=O)N2CCC(c3ccccc3)CC2)(C(=O)NO)CC1,6.12,1
CHEMBL334837,CNC(=O)[C@H](Cc1c[nH]c2ccccc12)NC(=O)C(CC(C)C)C(S)CC(=O)OC,6.115,2
CHEMBL49833,CNC(=O)[C@H](Cc1ccc(OC)cc1)NC(=O)C1(CC(=O)NO)CCCc2ccccc21,6.11,1
CHEMBL77995,CNC(=O)[C@@H](NC(=O)C(CCc1ccccc1)CP(=O)(O)Cc1ccc(Cc2ccccc2OC)cc1)C(C)(C)C,6.11,1
CHEMBL114906,COc1ccc(Oc2ccc(S(=O)(=O)NC3(C(=O)NO)CCOCC3)cc2)cc1,6.11,1
CHEMBL101413,COc1ccc(S(=O)(=O)N(C)c2c(Cn3ccnc3)cccc2C(=O)NO)cc1,6.11,1
CHEMBL423015,CCCCOc1ccc(S(=O)(=O)N2C[C@@H](N3C(=O)NC(C)(C)C3=O)C[C@@H]2C(=O)NO)cc1,6.11,1
CHEMBL192773,Cc1cccc(COc2ccc(S(=O)(=O)N3C[C@H](O)CC(C)(C)[C@@H]3C(=O)NO)cc2)c1,6.11,1
CHEMBL399351,O=C(O[C@H]1CCOC1)N1CCC(CS(=O)(=O)N2CCN(c3ccccc3)CC2)(C(=O)NO)CC1,6.11,1
CHEMBL466052,COc1ccc(-c2ccc(S(=O)(=O)N[C@@H](C(=O)O)C3CCN(C(=O)NC(C)C)CC3)s2)cc1,6.11,1
CHEMBL1801417,CC(C)Oc1ccc(Oc2ccc(S(=O)(=O)C3(C(=O)NO)CCN(C4CC4)CC3)cc2)cc1,6.11,1
CHEMBL3617400,CC(C)ON([C@H](CCNC(=O)c1ccccc1)C(=O)NO)S(=O)(=O)c1ccc(-c2ccccc2)cc1,6.11,1
CHEMBL79433,O=C(NO)C1(S(=O)(=O)c2ccc(Oc3ccc(Cl)cc3)cc2)CCN(Cc2ccccc2)CC1,6.1,1
CHEMBL358182,CCCCOc1ccc(S(=O)(=O)N2CC(NOC)C[C@@H]2C(=O)NO)cc1,6.1,1
CHEMBL2112477,CC(C)(C)[C@H](NC(=O)C(C[C@H]1CCc2ccccc2C1)[C@H](O)C(=O)NO)C(N)=O,6.1,1
CHEMBL95483,CC(C)C[C@@H](C(=O)N1CCCCC1)[C@H](O)C(=O)NO,6.1,1
CHEMBL189052,Cc1ccc(F)cc1COc1ccc(S(=O)(=O)N2C[C@H](O)CC(C)(C)[C@@H]2C(=O)NO)cc1,6.1,1
CHEMBL2333288,COc1ccc(C[C@H](OC(=O)/C=C/c2ccc(OCc3ccccc3)c(OCc3ccccc3)c2)C(=O)O)cc1OC,6.1,1
CHEMBL309053,CC1(C)NC(=O)N(CC(CS(=O)(=O)c2ccc(Oc3ccc(OC(F)(F)F)cc3)cc2)N(O)C=O)C1=O,6.09,1
CHEMBL184943,CC#CCOc1ccc(S(=O)(=O)N2Cc3ccc(C(=O)NC)cc3N(C(C)=O)CC2C(=O)NO)cc1,6.09,1
CHEMBL109326,CC(=O)N1CCN(S(=O)(=O)c2ccc(OCc3ccnc4ccccc34)cc2)[C@@H](C(=O)NO)[C@@H]1C,6.08,1
CHEMBL62156,CCO[C@H]1CC[C@@](CS)(C(=O)N[C@@H](Cc2ccccc2)C(=O)NCc2ccccc2)CC1,6.08,1
CHEMBL39566,CC1(C)NC(=O)N(CC(COc2ccc(-c3ccc(C(F)(F)F)cc3)cc2)N(O)C=O)C1=O,6.08,1
CHEMBL337071,CNC(=O)[C@H](Cc1ccc(OC)cc1)NC(=O)[C@H](CC(C)C)[C@@H](S)CC(=O)NC(CC(C)C)C(=O)O,6.08,1
CHEMBL120305,COc1ccc(S(=O)(=O)N2CCCCN(S(=O)(=O)c3ccc(OC)cc3)C2C(=O)NO)cc1,6.08,1
CHEMBL95460,CC#CCOc1ccc(S(=O)(=O)N2Cc3ccccc3N(C(=O)C3CC3)CC2C(=O)NO)cc1,6.08,1
CHEMBL97790,CC#CCOc1ccc(S(=O)(=O)N2Cc3ccccc3N(C(C)=O)CC2C(=O)NO)cc1,6.08,2
CHEMBL295950,CNC(=O)[C@H](Cc1c[nH]c2ccccc12)NC(=O)[C@@H](CC(=O)c1ccc[nH]1)CC(C)C,6.07,1
CHEMBL173208,O=C(CN(CCc1ccccc1)P(=O)(c1ccccc1)c1ccccc1)NO,6.07,1
CHEMBL445894,CNC(=O)[C@@H](NC(=O)C(CCc1cccc(F)c1)CP(=O)(O)Cc1ccc(Cc2ccccc2)cc1)C(C)(C)C,6.07,1
CHEMBL183404,CC#CCOc1ccc(S(=O)(=O)N2Cc3ccccc3N(C(=O)COC)CC2C(=O)NO)cc1,6.07,1
CHEMBL183735,CC#CCOc1ccc(S(=O)(=O)N2Cc3cc(N4CCN(C)CC4)ccc3N(C(C)=O)CC2C(=O)NO)cc1,6.07,1
CHEMBL187245,C[C@@]1(O)CCCN(S(=O)(=O)c2ccc(OCc3cccc(Cl)c3)cc2)[C@H]1C(=O)NO,6.07,1
CHEMBL400002,C[C@@]1(O)CCCN(S(=O)(=O)c2ccc(OCc3cccc(Cl)c3)cc2)C1C(=O)NO,6.07,1
CHEMBL492599,CNC(=O)[C@H](Cc1c[nH]c2ccccc12)NC(=O)[C@@H](CC(=O)NNS(=O)(=O)c1ccccc1[N+](=O)[O-])CC(C)C,6.07,1
CHEMBL288671,CC#CCOc1ccc(S(=O)(=O)N(C)c2c(C(=O)NO)cnc3c(OC)cccc23)cc1,6.065,2
CHEMBL317624,CC#CCOc1ccc(S(=O)(=O)N[C@@H](C(=O)NO)C(C)(C)C)cc1,6.06,2
CHEMBL324806,O=C(NO)[C@]1(NS(=O)(=O)c2ccc(Oc3ccc(Cl)cc3)cc2)CCOC1,6.06,1
CHEMBL4442617,O=C(NCC[C@@H](NS(=O)(=O)c1ccc(-c2ccccc2)cc1)C(=O)NO)c1cccc(C(=O)NCC[C@@H](NS(=O)(=O)c2ccc(-c3ccccc3)cc2)C(=O)NO)c1,6.06,1
CHEMBL311768,COc1ccc(S(=O)(=O)N(Cc2ccccc2)c2cc(C)ccc2C(=O)NO)cc1,6.05,1
CHEMBL116348,COc1ccc(S(=O)(=O)NC2(C(=O)NO)CCCC2)cc1,6.05,1
CHEMBL16099,CC(C)CC(C(=O)N[C@H](C(=O)Nc1ccccn1)C(C)(C)C)C(O)CS,6.05,1
CHEMBL4072836,CC[C@H](Cc1ccc(C(F)(F)F)cc1)C(=O)NC[C@@]1(C2CC2)NC(=O)NC1=O,6.05,1
CHEMBL33980,COc1ccc(S(=O)(=O)N(Cc2cccnc2)c2c(C(=O)NO)cnc3c2cnn3-c2ccccc2)cc1,6.04,1
CHEMBL316676,CCCCOc1ccc(S(=O)(=O)N2CC(N3CCOCC3)CC2C(=O)NO)cc1,6.04,1
CHEMBL342102,CCCCOc1ccc(S(=O)(=O)N2C[C@@H](N3C(=O)CN(C)C3=O)C[C@@H]2C(=O)NO)cc1,6.04,1
CHEMBL344999,CCCCOc1ccc(S(=O)(=O)N2C[C@@H](N3CCOCC3)C[C@@H]2C(=O)NO)cc1,6.04,1
CHEMBL183228,CC#CCOc1ccc(S(=O)(=O)N2Cc3ccc(CN(C)C)cc3N(C(C)=O)CC2C(=O)NO)cc1,6.04,1
CHEMBL366111,O=C(NO)[C@@]1(O)COCC[C@H]1S(=O)(=O)c1ccc(OCc2ccc(Cl)cc2Cl)cc1,6.04,1
CHEMBL197632,CCCCOc1ccc(C(=O)CCC(=O)NO)cc1,6.04,1
CHEMBL381631,CCCCOc1ccc(S(=O)(=O)CCC(=O)NO)cc1,6.04,1
CHEMBL371715,CCCCOc1ccc(C(=O)NCC(=O)NO)cc1,6.04,1
CHEMBL98061,CC#CCOc1ccc(S(=O)(=O)N(C)[C@@H](C(=O)NO)c2ccc(OCCNC)cc2)cc1,6.03,2
CHEMBL34411,COc1ccc(S(=O)(=O)N(Cc2ccccc2)c2c(C(=O)NO)cnc3c(C(F)(F)F)cccc23)cc1,6.03,2
CHEMBL113764,NC(=O)[C@H](Cc1ccccc1)NC(=O)[C@H](Cc1ccccc1)[C@H](CSc1cccs1)C(=O)NO,6.03,1
CHEMBL5283286,COc1ccc(S(=O)(=O)N2CCN(c3cccnc3)CC2C(=O)NO)cc1,6.03,1
CHEMBL60183,CCO[C@H]1CC[C@@](CS)(C(=O)N[C@@H](Cc2cccs2)C(=O)Nc2ccccc2)CC1,6.02,1
CHEMBL35989,CC#CCOc1ccc(S(=O)(=O)N(C)c2c(C(=O)NO)cnc3c(Br)cccc23)cc1,6.02,2
CHEMBL499159,COc1ccc(-c2ccc(S(=O)(=O)N[C@@H](C(=O)O)C3CCN(C(=O)OC(C)C)CC3)s2)cc1,6.02,1
CHEMBL74954,CNC(=O)[C@@H](NC(=O)C(CCc1ccccc1)CP(=O)(O)Cc1ccc(Cc2ccc(F)cc2)cc1)C(C)(C)C,6.01,1
CHEMBL132053,CNC(=O)[C@H](Cc1ccc(OC)cc1)NC(=O)[C@H](CC(C)C)[C@@H](S)CC(=O)NC(CC(C)C)C(=O)OC(C)(C)C,6.01,1
CHEMBL237078,C/C=C/C=C(\CC(=O)NO)C(=O)N[C@@H](Cc1c[nH]c2ccccc12)C(=O)NC,6.01,1
CHEMBL450479,CCCCCCCCCCCCS(=O)(=O)NNC(=O)C[C@@H](CC(C)C)C(=O)N[C@@H](Cc1c[nH]c2ccccc12)C(=O)NC,6.01,1
CHEMBL1683445,C[C@@H](C[C@@](C)(CS(=O)(=O)N1CCN(c2ccc(F)cc2)CC1)N(O)C=O)c1ncc(F)cn1,6.01,1
CHEMBL3648907,Cc1cc(COc2ccc(S(=O)(=O)NC[C@@H](C(=O)NO)N3CCN(S(=O)(=O)C(C)C)CC3)cc2)c2ccccc2n1,6.01,1
CHEMBL293382,CNC(=O)[C@H](Cc1ccccc1)NC(=O)[C@H](CCCc1ccccc1)CC(=O)NO,6.0,1
CHEMBL75641,COc1ccc(S(=O)(=O)C(Cc2cccnc2)(CC(C)C)C(=O)NO)cc1,6.0,1
CHEMBL289222,CC#CCOc1ccc(S(=O)(=O)N(C)c2c(C(=O)NO)cnc3c2c(C)nn3C)cc1,6.0,1
CHEMBL295066,COc1ccc(S(=O)(=O)C2CCCC(S)C2)cc1,6.0,1
CHEMBL40151,CCOc1ccc(-c2ccc(OCC(CN3C(=O)NC(C)(C)C3=O)N(O)C=O)cc2)cc1,6.0,1
CHEMBL100273,CC(C)C[C@@H](C(=O)N(C)C)[C@H](CN(C)S(C)(=O)=O)C(=O)NO,6.0,1
CHEMBL311618,CC1(C)NC(=O)N(CC(CS(=O)(=O)c2ccc(Oc3ccc(C#N)cc3)cc2)N(O)C=O)C1=O,6.0,1
CHEMBL124265,CCCCCCN1CCN(S(=O)(=O)c2ccc(OC)cc2)C(C(=O)NO)C1,6.0,1
CHEMBL125281,COc1ccc(S(=O)(=O)N2CCN(C(=O)c3cccnc3)CC2C(=O)NO)cc1,6.0,1
CHEMBL1766903,C[C@@H]1[C@H](c2ccccc2)[C@]1(NS(=O)(=O)c1cc2[nH]c3cc(Cl)ccc3c2s1)C(=O)O,6.0,1
CHEMBL1801422,O=C(NO)C1(S(=O)(=O)c2ccc(Oc3ccc4c(c3)OCO4)cc2)CCN(C2CC2)CC1,6.0,1
CHEMBL1801412,CCOc1ccc(Oc2ccc(S(=O)(=O)C3(C(=O)NO)CCN(C4CC4)CC3)cc2)cc1,6.0,1
CHEMBL1957602,O=C(NO)[C@@H]1CSCN1S(=O)(=O)c1ccc(Oc2ccc(Cl)cc2)cc1,6.0,1
CHEMBL287871,CN(c1c(C(=O)NO)cnc2ccccc12)S(=O)(=O)c1ccc(Oc2ccncc2)cc1,5.995,2
CHEMBL510694,CNC(=O)[C@H](Cc1c[nH]c2ccccc12)NC(=O)/C(=C/CCc1ccccc1)CC(=O)NNS(=O)(=O)c1ccc(-c2ccc(Br)cc2)cc1,5.99,1
CHEMBL71309,CCN(CC)Cc1cc(C)c(N(Cc2ccccc2)S(=O)(=O)c2ccc(OC)cc2)c(C(=O)NO)c1,5.98,1
CHEMBL202899,CC1(C)SCCN(S(=O)(=O)c2ccc(OCC#CCCN)cc2)[C@H]1C(=O)NO,5.98,1
CHEMBL311357,CCCCN1CCC(C(=O)NO)(S(=O)(=O)c2ccc(Oc3ccc(Cl)cc3)cc2)CC1,5.97,1
CHEMBL291542,CCO[C@H]1CC[C@@](CS)(C(=O)N[C@@H](Cc2ccc(OC)cc2)C(=O)Nc2ccccc2)CC1,5.97,1
CHEMBL311004,COCCOC(=O)N1CCC(C(NS(=O)(=O)c2ccc(-c3ccc(SC)cc3)cc2)C(=O)O)CC1,5.97,1
CHEMBL338453,COc1ccc(S(=O)(=O)N2CCN(C(=O)c3snnc3C)CC2C(=O)NO)cc1,5.97,1
CHEMBL509346,CNC(=O)[C@H](Cc1c(-c2ccccc2)[nH]c2ccccc12)NC(=O)/C(=C/CCc1ccccc1)CC(=O)NNS(=O)(=O)c1ccc(-c2ccc(Br)cc2)cc1,5.97,1
CHEMBL3221864,COCCc1cc(COc2ccc([C@]3(N)CCN([C@H](CC(C)C)C(=O)NO)C3=O)cc2)c2ccccc2n1,5.97,1
CHEMBL308333,CCCCC[C@H](CC(=O)NO)C(=O)N[C@H](C(=O)N1CCC[C@H]1CO)C(C)C,5.96,1
CHEMBL367748,CNC(=O)[C@H](Cc1ccccc1)NC(=O)[C@@H](Cc1ccccc1S)CC(C)C,5.96,1
CHEMBL288385,CN1C(=O)N(CC(COc2ccc(-c3ccccc3)cc2)N(O)C=O)C(=O)C1(C)C,5.96,1
CHEMBL77163,CNC(=O)[C@@H](NC(=O)C(CCc1ccc(Cl)cc1)CP(=O)(O)Cc1ccc(Cc2ccccc2)cc1)C(C)(C)C,5.96,1
CHEMBL78031,CNC(=O)[C@@H](NC(=O)C(CCc1ccccc1)CP(=O)(O)Cc1ccc(Cc2ccccc2C)cc1)C(C)(C)C,5.96,1
CHEMBL185168,C[C@]1(O)CCCN(S(=O)(=O)c2ccc(OCc3ccc(F)cc3)cc2)[C@H]1C(=O)NO,5.96,1
CHEMBL435102,CC[C@]1(O)CCCN(S(=O)(=O)c2ccc(OCc3ccc(F)cc3)cc2)[C@H]1C(=O)NO,5.96,1
CHEMBL190686,CC1(C)C[C@@H](O)CN(S(=O)(=O)c2ccc(OCc3ccncc3Cl)cc2)[C@H]1C(=O)NO,5.96,1
CHEMBL1090035,COc1ccc(S(=O)(=O)N(OC(C)C)[C@@H](C(=O)NO)C(C)C)cc1,5.96,1
CHEMBL1089842,CC#CCOc1ccc(S(=O)(=O)N[C@H](CCNC(=O)OCc2ccccc2)C(=O)NO)cc1,5.96,1
CHEMBL181365,CC#CCOc1ccc(S(=O)(=O)N2CCCN(S(=O)(=O)CCC)CC2C(=O)NO)cc1,5.95,1
CHEMBL3221863,COCc1cc(COc2ccc([C@]3(N)CCN([C@H](CC(C)C)C(=O)NO)C3=O)cc2)c2ccccc2n1,5.95,1
CHEMBL92927,CC#CCOc1ccc(S(=O)(=O)N(CC(=O)NO)Cc2cccnc2)cc1,5.94,2
CHEMBL3085156,CCCC[C@@](Cc1cccnc1)(C(=O)NO)S(=O)(=O)c1ccc(OC)cc1,5.94,1
CHEMBL2096738,CCCCCC[C@@H](C(=O)NO)[S@+]([O-])c1ccc(OC)cc1,5.94,1
CHEMBL1801052,O=C(NO)C1(S(=O)(=O)c2ccc(Oc3ccc(OC(F)(F)F)cc3)cc2)CCOCC1,5.94,1
CHEMBL348755,CC(C)C[C@H](N[C@H](CCN1C(=O)c2cc3ccccc3cc2C1=O)C(=O)O)C(=O)Nc1ccccc1,5.93,1
CHEMBL3648904,Cc1ccc(CN2CCN([C@@H](CNS(=O)(=O)c3ccc(OCc4cc(C)nc5ccccc45)cc3)C(=O)NO)CC2)cc1,5.93,1
CHEMBL80453,COc1ccc(S(=O)(=O)C2(C(=O)NO)CCN(CCCOc3ccccc3)CC2)cc1,5.92,1
CHEMBL91124,CC(CS(=O)(=O)c1ccc(Oc2ccccc2)cc1)(NCc1ccccc1)C(=O)NO,5.92,1
CHEMBL323612,CC(C)(NS(=O)(=O)c1ccc(Oc2ccc(F)cc2)cc1)C(=O)NO,5.92,1
CHEMBL114831,O=C(NO)[C@]1(NS(=O)(=O)c2ccc(Oc3ccc(F)cc3)cc2)CCOC1,5.92,1
CHEMBL308277,CNC(=O)[C@@H](NC(=O)C(CCc1ccc(Cl)cc1)CP(=O)(O)Cc1ccc(Cc2ccccc2OC)cc1)C(C)(C)C,5.92,1
CHEMBL356520,CCCCOc1ccc(S(=O)(=O)N2C[C@@H](NC(=O)[C@H](C)O)C[C@@H]2C(=O)NO)cc1,5.92,1
CHEMBL149983,CCCCOc1ccc(S(=O)(=O)N2C[C@@H](NC(=O)COC)C[C@@H]2C(=O)NO)cc1,5.92,1
CHEMBL59496,CCO[C@H]1CC[C@@](CS)(C(=O)N[C@@H](Cc2ccccc2)C(=O)Nc2ccccc2)CC1,5.91,1
CHEMBL19371,CCC#CCOc1ccc(S(=O)(=O)N(C)c2c(C)cc(Br)cc2C(=O)NO)cc1,5.91,1
CHEMBL421699,COc1ccc(S(=O)(=O)N(Cc2ccccc2)c2c(C(=O)NO)cc(OC)nc2OC)cc1,5.91,2
CHEMBL315114,COCCOC(=O)N1CCC(C(C(=O)O)N(CCOC)S(=O)(=O)c2ccc(-c3ccc(OC)cc3)cc2)CC1,5.91,1
CHEMBL391509,CNC(=O)[C@H](Cc1c[nH]c2ccccc12)NC(=O)/C(=C/C=C/c1ccccc1)CC(=O)NO,5.91,1
CHEMBL80732,O=C(NO)C1(S(=O)(=O)c2ccc(Oc3ccc(Cl)cc3)cc2)CCNCC1,5.9,1
CHEMBL115674,CNC(=O)[C@H](Cc1ccccc1)NC(=O)[C@@H](CC(=O)NO)Cc1ccccc1,5.9,1
CHEMBL124681,COc1ccc(S(=O)(=O)N2CCN(C)CC2C(=O)NO)cc1,5.9,1
CHEMBL363758,CC#CCOc1ccc(S(=O)(=O)N2Cc3cc(N4CCOCC4)ccc3N(C(C)=O)CC2C(=O)NO)cc1,5.9,1
CHEMBL198100,CC#CCOc1ccc(S(=O)(=O)N2CCN(C(=O)CCCC)CC2C(=O)NO)cc1,5.9,2
CHEMBL110901,Cc1ccccc1COc1ccc(S(=O)(=O)N2CCN(S(C)(=O)=O)[C@@H](C)[C@@H]2C(=O)NO)cc1,5.89,1
CHEMBL291695,CCO[C@H]1CC[C@@](CS)(C(=O)N[C@@H](Cc2ccccc2)C(=O)Nc2ccc(OC)cc2)CC1,5.89,1
CHEMBL174037,CCCCCCN([C@H](C)C(=O)NO)[P@](C)(=O)c1ccccc1,5.89,1
CHEMBL16487,CCCCCCCC(C(=O)CS)C(=O)N[C@@H](CC(C)C)C(=O)NCCN1CCOCC1,5.89,1
CHEMBL358064,CCCCOc1ccc(S(=O)(=O)N2C[C@@H](NS(C)(=O)=O)C[C@@H]2C(=O)NO)cc1,5.89,1
CHEMBL363126,Cc1c(F)cccc1COc1ccc(S(=O)(=O)N2CCC[C@@](C)(O)[C@@H]2C(=O)NO)cc1,5.89,1
CHEMBL249839,Cc1c(F)cccc1COc1ccc(S(=O)(=O)N2CCC[C@@](C)(O)C2C(=O)NO)cc1,5.89,1
CHEMBL512237,COc1ccc(-c2ccc(S(=O)(=O)N[C@@H](C(=O)O)C3CCN(C(=O)NC(C)(C)C)CC3)s2)cc1,5.89,1
CHEMBL1766902,C[C@@H]1[C@H](c2ccccc2)[C@]1(NS(=O)(=O)c1cc2nn3cc(Cl)ccc3c2s1)C(=O)O,5.89,1
CHEMBL1766905,C[C@@H]1[C@H](c2ccccc2)[C@]1(NS(=O)(=O)c1cc2[nH]c3ccc(F)cc3c2s1)C(=O)O,5.89,1
CHEMBL1939845,CC(C)[C@@H]1C(=O)N(O)C(=O)CN1S(=O)(=O)c1ccc(-c2ccccc2)cc1,5.89,1
CHEMBL3617403,CC(C)ON([C@H](CCNC(=O)Cc1ccccc1)C(=O)NO)S(=O)(=O)c1ccc(-c2ccccc2)cc1,5.89,1
CHEMBL76137,COc1ccc(S(=O)(=O)C2(C(=O)NO)CCN(Cc3ccc(-c4ccccc4)cc3)CC2)cc1,5.88,1
CHEMBL310057,COc1ccc(S(=O)(=O)C2(C(=O)NO)CCN(CCc3ccccc3)CC2)cc1,5.88,1
CHEMBL295257,CNC(=O)[C@H](Cc1ccc(OC)cc1)NC(=O)C1(CC(=O)NO)Cc2ccccc21,5.88,2
CHEMBL299265,CCO[C@H]1CC[C@@](CS)(C(=O)N[C@@H](Cc2ccccc2)C(=O)Nc2ccc(N(C)C)cc2)CC1,5.88,1
CHEMBL71686,Cc1cc(C)c(N(C)S(=O)(=O)c2ccc(Sc3ccccc3)cc2)c(C(=O)NO)c1,5.88,1
CHEMBL419607,COc1ccc(S(=O)(=O)N2CCN(C(=O)c3c(-c4ccccc4)noc3C)CC2C(=O)NO)cc1,5.88,1
CHEMBL375319,CCCCCCC(C(=O)NO)S(=O)(=O)c1ccc(OC)cc1,5.88,1
CHEMBL46787,CC[C@H](N[C@@H](CC(C)C)C(=O)N[C@@H](CC(=O)NCCN1CCCC1)C(=O)NC)P(=O)(O)O,5.87,1
CHEMBL310340,CCCCOc1ccc(S(=O)(=O)C2(C(=O)NO)CCOCC2)cc1,5.86,1
CHEMBL310684,COc1ccc(S(=O)(=O)C2(C(=O)NO)CCN(CC=C(C)C)CC2)cc1,5.86,1
CHEMBL253680,COc1ccc(-c2ccc(S(=O)(=O)N[C@@H](C(=O)O)C3CCN(C(=O)OC(C)(C)C)CC3)cc2)cc1,5.86,1
CHEMBL78337,CN1CCC(C(=O)NO)(S(=O)(=O)c2ccc(Oc3ccc(Cl)cc3)cc2)CC1,5.85,1
CHEMBL111068,Cc1ccccc1COc1ccc(S(=O)(=O)N2CCN(C(=O)NC(C)C)[C@@H](C)[C@@H]2C(=O)NO)cc1,5.85,1
CHEMBL83368,COc1ccc(-c2ccc(S(=O)(=O)NC(C(=O)O)C3CCN(C(=O)OC(C)C)CC3)cc2)cc1,5.85,1
CHEMBL82169,COc1ccc(-c2ccc(S(=O)(=O)NC(C(=O)O)C3CCN(C(=O)OC(C)(C)C)CC3)cc2)cc1,5.85,1
CHEMBL77972,CNC(=O)[C@@H](NC(=O)C(CCc1ccc(Br)cc1)CP(=O)(O)Cc1ccc(Cc2ccccc2)cc1)C(C)(C)C,5.85,1
CHEMBL116237,O=C(NO)C1(NS(=O)(=O)c2ccc(Oc3cc(Cl)ccn3)cc2)CCOCC1,5.85,1
CHEMBL124623,CC(C)C[C@H](CC(=O)NO)C(=O)N[C@@H](Cc1ccccc1)C(=O)N[C@H](C=O)CC(C)C,5.85,1
CHEMBL304221,CNC(=O)[C@@H]1Cc2ccc(cc2)OCCCCC[C@H](C(=O)O)[C@@H](CC(C)C)C(=O)N1,5.85,1
CHEMBL183783,O=C(NO)[C@@]1(O)COCC[C@H]1S(=O)(=O)c1ccc(OCc2ccc(Cl)cc2)cc1,5.85,1
CHEMBL1801050,O=C(NO)C1(S(=O)(=O)c2ccc(Oc3ccc(-c4ccccc4)cc3)cc2)CCOCC1,5.85,1
CHEMBL3617405,COc1ccc(-c2ccc(S(=O)(=O)N(OC(C)C)[C@H](CCNC(=O)Cc3ccccc3)C(=O)NO)cc2)cc1,5.85,1
CHEMBL104599,CC(C)CN(C(CCSCc1ccccc1)C(=O)NO)S(=O)(=O)c1ccc(Oc2ccccc2)cc1,5.84,1
CHEMBL262397,CC(C)ON([C@H](CCNC(=O)CCCNC(=O)c1cccc(C(=O)NCCCC(=O)NCC[C@H](C(=O)NO)N(OC(C)C)S(=O)(=O)c2ccc(-c3ccccc3)cc2)c1)C(=O)NO)S(=O)(=O)c1ccc(-c2ccccc2)cc1,5.84,2
CHEMBL309311,CCCCOc1ccc(S(=O)(=O)C2(C(=O)NO)CCN(Cc3cccc(OC)c3)CC2)cc1,5.82,1
CHEMBL330625,O=C(C[C@H](C(=O)N[C@@H](Cc1ccccc1)C(=O)NCc1ccccc1)C1CCCCC1)NO,5.82,1
CHEMBL109267,CCOC(=O)N1CCN(S(=O)(=O)c2ccc(OCc3ccccc3C)cc2)[C@@H](C(=O)NO)[C@@H]1C,5.82,1
CHEMBL326221,COC(=O)N1CCN(S(=O)(=O)c2ccc(OCc3ccccc3C)cc2)[C@@H](C(=O)NO)[C@@H]1C,5.82,1
CHEMBL44383,COc1ccc(-c2ccc(S(=O)(=O)N[C@H](C(=O)O)C(C)C)cc2)cc1,5.82,3
CHEMBL1627009,CCOP(=O)([O-])C(=O)NC1CCCCC1.[Li+],5.82,1
CHEMBL301565,O=S(=O)(CCCS)c1ccc(Oc2ccccc2)cc1,5.82,2
CHEMBL4524117,O=C(NO)[C@]1(NS(=O)(=O)c2ccc(Oc3ccc(F)cc3)cc2)C[C@H]2CC[C@@H](C1)O2,5.82,1
CHEMBL278050,CCCCCCCC(C(=O)CS)C(=O)N[C@@H](CC1CCCCC1)C(=O)NCCc1ccccc1,5.82,1
CHEMBL15763,CCCCCCCC(C(=O)CS)C(=O)N[C@@H](CC(C)C)C(=O)Nc1ccccc1,5.82,1
CHEMBL175113,CCCC(CCS)S(=O)(=O)c1ccc(OC)cc1,5.82,1
CHEMBL189156,CCc1ccccc1COc1ccc(S(=O)(=O)N2C[C@H](O)CC(C)(C)[C@@H]2C(=O)NO)cc1,5.82,1
CHEMBL2096852,CCCCCC[C@@H](C(=O)NO)[S@@+]([O-])c1ccc(OC)cc1,5.82,1
CHEMBL472899,O=C(O)CN(CC(=O)NO)S(=O)(=O)c1ccc(Oc2ccccc2)cc1,5.82,1
CHEMBL1093690,CC(=O)NCC[C@@H](NS(=O)(=O)c1ccc(Br)cc1)C(=O)NO,5.82,1
CHEMBL1766901,C[C@@H]1[C@H](c2ccccc2)[C@]1(NS(=O)(=O)c1cc2nc3cc(Cl)ccn3c2s1)C(=O)O,5.82,1
CHEMBL358405,C=C1C[C@H](C(=O)NO)N(S(=O)(=O)c2ccc(OCCOC)cc2)C1,5.81,1
CHEMBL279482,O=C1N[C@@H](C(=O)NO)C[C@H]1c1ccc(Oc2ccc(F)cc2)cc1,5.81,2
CHEMBL19279,C#CC(C)Oc1ccc(S(=O)(=O)N(C)c2c(C)cc(Br)cc2C(=O)NO)cc1,5.81,1
CHEMBL48043,CNC(=O)[C@H](Cc1ccccc1)NC(=O)[C@H](CC(C)C)N[C@@H](CC(C)C)P(=O)(O)O,5.81,1
CHEMBL77237,COc1ccc(S(=O)(=O)N(Cc2ccccc2)c2cccc(C)c2C(=O)NO)cc1,5.8,1
CHEMBL283026,COC(=O)[C@@H]1CCN(S(=O)(=O)c2ccc(OCc3ccc(F)cc3)cc2)[C@@H](C(=O)NO)C1,5.8,1
CHEMBL110576,CC(=O)N1CCN(S(=O)(=O)c2ccc(OCc3ccccc3C)cc2)[C@@H](C(=O)NO)[C@@H]1C,5.8,1
CHEMBL71573,O=C1N[C@@H](CS)C(=O)N(CC2CCCCC2)[C@@H]1CC1CCCCC1,5.8,1
CHEMBL90211,CCNC(C)(CS(=O)(=O)c1ccc(Oc2ccccc2)cc1)C(=O)NO,5.8,1
CHEMBL41324,Cc1ccc(-c2ccc(OCC(CN3C(=O)N(C)C(C)(C)C3=O)N(O)C=O)cc2)cc1,5.8,1
CHEMBL40613,CN1C(=O)N(CC(COc2ccc(-c3ccco3)cc2)N(O)C=O)C(=O)C1(C)C,5.8,1
CHEMBL77630,CNC(=O)[C@@H](NC(=O)C(CCc1ccc(OC)cc1)CP(=O)(O)Cc1ccc(Cc2ccccc2)cc1)C(C)(C)C,5.8,1
CHEMBL78111,CNC(=O)[C@@H](NC(=O)C(CCc1ccccc1)CP(=O)(O)Cc1ccc(Cc2cccc(F)c2)cc1)C(C)(C)C,5.8,1
CHEMBL78066,CNC(=O)[C@@H](NC(=O)C(CCc1ccccc1)CP(=O)(O)Cc1ccc(Cc2ccc(C)cc2)cc1)C(C)(C)C,5.8,1
CHEMBL186743,Cc1ncccc1COc1ccc(S(=O)(=O)N2CCC[C@@](C)(O)[C@@H]2C(=O)NO)cc1,5.8,1
CHEMBL187141,C[C@@]1(O)CCCN(S(=O)(=O)c2ccc(OCc3cnccn3)cc2)[C@H]1C(=O)NO,5.8,1
CHEMBL252718,Cc1ncccc1COc1ccc(S(=O)(=O)N2CCC[C@@](C)(O)C2C(=O)NO)cc1,5.8,1
CHEMBL608523,C[C@@]1(O)CCCN(S(=O)(=O)c2ccc(OC[n+]3ccncc3)cc2)C1C(=O)NO,5.8,1
CHEMBL491287,C=CCONC(=O)[C@@H]1[C@@H](C)N(C(C)=O)CCN1S(=O)(=O)c1ccc(OCc2ccc(C)cc2)cc1,5.8,1
CHEMBL1939846,CC(C)[C@@H]1C(=O)N(O)C(=O)CN1S(=O)(=O)c1ccc(Oc2ccccc2)cc1,5.8,1
CHEMBL3944931,CC(C)[C@H](C(=O)NO)N(CCNC(=O)c1cccc(C(=O)NCCN([C@@H](C(=O)N(C)C)C(C)C)S(=O)(=O)c2ccc(-c3ccccc3)cc2)c1)S(=O)(=O)c1ccc(-c2ccccc2)cc1,5.8,1
CHEMBL19005,CC#CCOc1ccc(S(=O)(=O)N(C)c2c(C)cc(Br)cc2C(=O)NO)cc1,5.79,2
CHEMBL322412,COc1ccc(S(=O)(=O)N2CC(C)(C)C(COCc3ccccc3)[C@@H]2C(=O)NO)cc1,5.79,1
CHEMBL96277,CNC(=O)[C@H](Cc1ccccc1)NC(=O)[C@H](CC(C)C)N[C@H](CCN1C(=O)c2cccc3c(Br)ccc(c23)C1=O)P(=O)(O)O,5.79,1
CHEMBL18667,CC#CCOc1ccc(S(=O)(=O)N(C)c2c(C(=O)NO)cc(Br)cc2C2CCN(C)CC2)cc1,5.78,1
CHEMBL27282,CNC(=O)[C@@H](Cc1ccc(O)cc1)NC(=O)C(CC(C)C)CP(=O)(O)Cc1ccc(S(=O)(=O)c2ccccc2)cc1,5.77,1
CHEMBL110591,CC(=O)N1CCN(S(=O)(=O)c2ccc(OCc3ccc(F)cc3)cc2)[C@@H](C(=O)NO)[C@@H]1C,5.77,1
CHEMBL48474,O=S(=O)(c1ccc(Oc2ccccc2)cc1)C1CCCC(S)C1,5.77,1
CHEMBL115168,O=C(NO)C1(NS(=O)(=O)c2ccc(Oc3ccccc3Cl)cc2)CCOCC1,5.77,1
CHEMBL16213,CCCCCCCC(C(=O)N[C@@H](CC1CCCCC1)C(=O)NCCc1ccc(S(N)(=O)=O)cc1)C(O)CS,5.77,1
CHEMBL248737,CNC(=O)[C@@H](Cc1ccc(OC)cc1)NC(=O)C(CC(C)C)CP(=O)(O)Cc1ccc(S(=O)(=O)c2ccccc2)cc1,5.77,1
CHEMBL78549,CCN1CCC(C(=O)NO)(S(=O)(=O)c2ccc(Oc3ccc(Cl)cc3)cc2)CC1,5.76,1
CHEMBL370825,CC#CCOc1ccc(S(=O)(=O)N2CCN(C(=O)N(CC)CC)CC2C(=O)NO)cc1,5.76,2
CHEMBL466237,CCOc1ccc(-c2ccc(S(=O)(=O)N[C@@H](C(=O)O)C3CCN(C(=O)OC4CCOCC4)CC3)s2)cc1,5.76,1
CHEMBL283912,CNC(=O)[C@H](NC(=O)C(CC1CCCCC1)CP(=O)(O)Cc1ccc(Cc2ccccc2)cc1)C(C)(C)C,5.75,1
CHEMBL83282,COc1ccc(-c2ccc(S(=O)(=O)NC(C(=O)O)C3CCN(C(=O)N4CCOCC4)CC3)cc2)cc1,5.75,1
CHEMBL2111687,CC(C)(C)[C@H](NC(=O)C(C[C@@H]1CCc2ccccc2C1)[C@H](O)C(=O)NO)C(N)=O,5.75,1
CHEMBL147261,COCCOc1ccc(S(=O)(=O)N2C[C@@H](N3C(=O)CN(C)C3=O)C[C@@H]2C(=O)NO)cc1,5.75,1
CHEMBL1801045,O=C(NO)C1(S(=O)(=O)c2ccc(Oc3cccc(Cl)c3)cc2)CCOCC1,5.75,1
CHEMBL5172839,O=C(CS(=O)(=O)c1ccc(-c2ccccc2)cc1)NO,5.75,1
CHEMBL38180,Cc1nn(C)c2ncc(C(=O)NO)c(N(C)S(=O)(=O)c3ccc(Oc4ccncc4)cc3)c12,5.74,1
CHEMBL443261,CNC(=O)[C@H](Cc1ccccc1)NC(=O)[C@H](CC(C)C)N[C@H](CCc1ccccc1)P(=O)(O)O,5.74,2
CHEMBL254819,CNC(=O)[C@@H](NC(=O)C(CC1CCCCC1)CP(=O)(O)Cc1ccc(Cc2ccccc2)cc1)C(C)(C)C,5.74,1
CHEMBL312100,COCCOC(=O)N1CCC(C(C(=O)O)N(C)S(=O)(=O)c2ccc(-c3ccc(OC)cc3)cc2)CC1,5.73,1
CHEMBL211726,CC#CCOc1ccc(S(=O)(=O)CC2(C(=O)NO)CCN(C(=O)c3ccccc3C)CC2)cc1,5.73,1
CHEMBL328496,CC(C)S[C@H](CC(=O)NO)C(=O)N[C@@H](Cc1ccccc1)C(=O)NCc1ccccc1,5.72,1
CHEMBL263054,CC(=O)N1CCN(S(=O)(=O)c2ccc(OCc3cc(F)ccc3C)cc2)[C@@H](C(=O)NO)[C@@H]1C,5.72,1
CHEMBL422574,CNC(=O)[C@@H](Cc1ccc(O)cc1)NC(=O)C(CC(C)C)CP(=O)(O)Cc1ccc(CC2CCCCC2)cc1,5.72,1
CHEMBL65439,CCCCCCCC[C@H](CC(=O)NO)C(=O)N[C@H]1CCCCN(CCOC)C1=O,5.72,1
CHEMBL96396,CC#CCOc1ccc(S(=O)(=O)NC(CSCc2cccnc2)C(=O)NO)cc1,5.72,2
CHEMBL19278,CC#CCOc1ccc(S(=O)(=O)N(C)c2c(C(=O)NO)cc(-c3ccccc3)cc2C2CCN(C)CC2)cc1,5.72,1
CHEMBL321556,CC#CCOc1ccc(S(=O)(=O)N(C)CC(=O)NO)cc1,5.72,2
CHEMBL36309,CC#CCOc1ccc(S(=O)(=O)N(C)c2c(C(=O)NO)cnc3onc(C)c23)cc1,5.72,1
CHEMBL35606,CCCCOc1ccc(S(=O)(=O)N(C)c2c(C(=O)NO)cnc3c2c(C)nn3C)cc1,5.72,1
CHEMBL115046,CO/N=C(\CSC[C@H](C(=O)NO)[C@@H](Cc1ccccc1)C(=O)N[C@@H](Cc1ccccc1)C(N)=O)c1ccccc1,5.72,1
CHEMBL399319,CNC(=O)[C@@H](Cc1ccc(OC)cc1)NC(=O)C(CC(C)C)CP(=O)(O)Cc1ccc(CC2CCCCC2)cc1,5.72,1
CHEMBL251884,Cc1cccc(C2=CCN(C(=O)[C@H]3NCC4(CC4)C[C@@H]3C(=O)NO)CC2)c1,5.72,1
CHEMBL78798,CCCCOc1ccc(S(=O)(=O)C2(C(=O)NO)CCN(Cc3ccc(OCCN4CCCCC4)cc3)CC2)cc1,5.71,1
CHEMBL312770,COc1ccc(S(=O)(=O)C2(C(=O)NO)CCN(CCCc3ccccc3)CC2)cc1,5.71,1
CHEMBL64069,CCO[C@H]1CC[C@@](CS)(C(=O)N[C@@H](Cc2ccc(Cl)cc2)C(=O)Nc2ccccc2)CC1,5.71,1
CHEMBL10454,COc1ccc(-c2ccc(S(=O)(=O)NC(CC#Cc3ccccc3)C(=O)O)cc2)cc1,5.705,2
CHEMBL421481,CCCCCCN1C(=O)[C@H](Cc2cccnc2)NC(=O)[C@H]1CS,5.7,1
CHEMBL431210,CCCC[C@H](CN(O)C=O)C(=O)N[C@H](C(=O)N(C)C)C(C)(C)C,5.7,1
CHEMBL132762,CC(C)C[C@H](NC(=O)[C@H](N)C(C)C)C(=O)N[C@@H](Cc1ccccc1)C(=O)NCc1ccccc1,5.7,1
CHEMBL275654,CN(CC(CS(=O)(=O)c1ccc(Oc2ccc(OC(F)(F)F)cc2)cc1)N(O)C=O)S(C)(=O)=O,5.7,1
CHEMBL146256,CCCCCc1ccc(S(=O)(=O)N2C[C@@H](N3CCOCC3)C[C@@H]2C(=O)NO)cc1,5.7,1
CHEMBL344778,CCCCCc1ccc(S(=O)(=O)N2C[C@@H](N3CCCCC3)C[C@@H]2C(=O)NO)cc1,5.7,1
CHEMBL467459,Cc1ccc(-c2ccc(S(=O)(=O)N[C@@H](C(=O)O)C3CCN(C(=O)OC(C)C)CC3)s2)cc1,5.7,1
CHEMBL1801420,C#CCN1CCC(C(=O)NO)(S(=O)(=O)c2ccc(Oc3ccc4c(c3)OCO4)cc2)CC1,5.7,1
CHEMBL1801416,COCCN1CCC(C(=O)NO)(S(=O)(=O)c2ccc(Oc3ccc(OC(C)C)cc3)cc2)CC1,5.7,1
CHEMBL34206,O=C(c1ccccc1)c1ccc(S(=O)(=O)CC(CCCc2ccccc2)C(=O)NO)cc1,5.7,1
CHEMBL509270,CCCCCC/C=C(\CC(=O)NNS(=O)(=O)c1ccc(-c2ccc(Br)cc2)cc1)C(=O)N[C@@H](Cc1c(-c2ccccc2)[nH]c2ccccc12)C(=O)NC,5.69,1
CHEMBL3951740,CC(C)[C@H](C(=O)O)N(CCNC(=O)c1cccc(C(=O)NCCN([C@@H](C(=O)N(C)C)C(C)C)S(=O)(=O)c2ccc(-c3ccccc3)cc2)c1)S(=O)(=O)c1ccc(-c2ccccc2)cc1,5.69,1
CHEMBL3648906,Cc1cc(COc2ccc(S(=O)(=O)NC[C@@H](C(=O)NO)N3CCN(S(=O)(=O)CC(C)C)CC3)cc2)c2ccccc2n1,5.69,1
CHEMBL126711,O=C(O)[C@H]1[C@H](CN2C(=O)c3ccccc3S2(=O)=O)CC[C@@H]1Sc1ccc(-c2ccc(Cl)cc2)cc1,5.68,1
CHEMBL280919,CNC(=O)[C@@H](Cc1ccc(OC)cc1)NC(=O)C(CC(C)C)CP(=O)(O)Cc1ccc(C(=O)NCc2ccccc2)cc1,5.68,1
CHEMBL41102,CC1(C)NC(=O)N(CC(COc2ccc(-c3ccc(C#N)cc3)cc2)N(O)C=O)C1=O,5.68,1
CHEMBL131654,CNC(=O)[C@H](Cc1ccc(OC)cc1)NC(=O)C(CC(C)C)C(S)CC(=O)OCc1ccccc1,5.68,2
CHEMBL417383,CCO[C@H]1CC[C@@](CS)(C(=O)N[C@@H](Cc2ccccc2)C(=O)Nc2ccc(F)cc2)CC1,5.67,1
CHEMBL328996,CNC(=O)[C@H](Cc1ccccc1)NC(=O)[C@H](CC(C)C)NC(CN1C(=O)c2cccc3cccc(c23)C1=O)P(=O)(O)O,5.67,1
CHEMBL180891,CC#CCOc1ccc(S(=O)(=O)N2CCCN(C(C)=O)CC2C(=O)NO)cc1,5.67,1
CHEMBL80911,CCCCOc1ccc(S(=O)(=O)C2(C(=O)NO)CCN(Cc3cccc(OCCN4CCOCC4)c3)CC2)cc1,5.66,1
CHEMBL280931,CNC(=O)[C@@H](Cc1ccc(O)cc1)NC(=O)C(CC(C)C)CP(=O)(O)Cc1ccc(-c2ccccc2)cc1,5.66,1
CHEMBL28360,COc1ccccc1COc1ccc(S(=O)(=O)N2CC[C@H](O)C[C@@H]2C(=O)NO)cc1,5.66,1
CHEMBL110994,Cc1ccccc1COc1ccc(S(=O)(=O)N2CCN(C(=O)Nc3ccccc3)[C@@H](C)[C@@H]2C(=O)NO)cc1,5.66,1
CHEMBL43113,Cc1ccc(-c2ccc(S(=O)(=O)N[C@H](C(=O)O)C(C)C)cc2)cc1,5.66,1
CHEMBL6973,COc1ccc(S(=O)(=O)N2CN(C)C(=O)C[C@@H]2C(=O)NO)cc1,5.66,1
CHEMBL433063,COc1ccc(-c2ccc(S(=O)(=O)NC(C(=O)O)C3CCCC(Nc4ccccc4)C3)cc2)cc1,5.66,1
CHEMBL204593,Cc1cc(S(=O)(=O)N[C@@H](C(=O)NO)C2CCOCC2)ccc1F,5.66,1
CHEMBL249245,CNC(=O)[C@@H](Cc1ccc(OC)cc1)NC(=O)C(CC(C)C)CP(=O)(O)Cc1ccc(-c2ccccc2)cc1,5.66,1
CHEMBL3142562,CC[C@H](N[C@@H](CC(C)C)C(=O)NC1CCCCNCCCNC1=O)P(=O)(O)O,5.65,1
CHEMBL3648905,Cc1cc(COc2ccc(S(=O)(=O)NC[C@@H](C(=O)NO)N3CCN(C(=O)C(C)C)CC3)cc2)c2ccccc2n1,5.65,1
CHEMBL27325,CNC(=O)[C@@H](C)NC(=O)C(CC(C)C)CP(=O)(O)Cc1ccc(Cc2ccccc2)cc1,5.64,1
CHEMBL95718,CNC(=O)[C@@H]1Cc2ccc(cc2)OCCCC[C@H](C(=O)NO)[C@@H](CCCc2cc(OC)c(OC)c(OC)c2)C(=O)N1,5.64,2
CHEMBL71645,COc1ccc(-c2ccc(S(=O)(=O)N(Cc3cccnc3)c3c(C)cccc3C(=O)NO)cc2)cc1,5.64,2
CHEMBL308523,CNC(=O)[C@@H](NC(=O)C(CCc1ccccc1)CP(=O)(O)Cc1ccc(Cc2cccc(C)c2)cc1)C(C)(C)C,5.64,1
CHEMBL190441,CC(C)c1ccccc1COc1ccc(S(=O)(=O)N2C[C@H](O)CC(C)(C)[C@@H]2C(=O)NO)cc1,5.64,1
CHEMBL493177,CCN(CC)C(=O)N1CCC([C@@H](NS(=O)(=O)c2ccc(-c3ccc(OC)cc3)s2)C(=O)O)CC1,5.64,1
CHEMBL1767012,C[C@@H]1[C@H](c2ccccc2)[C@]1(NS(=O)(=O)N1CCc2c([nH]c3cc(F)ccc23)C1)C(=O)O,5.64,1
CHEMBL1795859,CCCCc1ccc(C#Cc2ccc(S(=O)(=O)N[C@H](Cc3c[nH]c4ccccc34)C(=O)NO)s2)cc1,5.64,1
CHEMBL3648903,CCN1CCN([C@@H](CNS(=O)(=O)c2ccc(OCc3cc(C)nc4ccccc34)cc2)C(=O)NO)CC1,5.64,1
CHEMBL18649,CCCC#CCOc1ccc(S(=O)(=O)N(C)c2c(C)cc(Br)cc2C(=O)NO)cc1,5.63,1
CHEMBL92923,CC(CS(=O)(=O)c1ccc(Oc2ccccc2)cc1)(NCc1ccc2c(c1)OCO2)C(=O)NO,5.63,1
CHEMBL417144,CC#CCOc1ccc(S(=O)(=O)N(C)c2c(C(=O)NO)cnc3snc(C)c23)cc1,5.63,1
CHEMBL334107,CCCCOc1ccc(S(=O)(=O)N2CC(C)(C)CN(S(=O)(=O)c3ccc(OCCCC)cc3)C2C(=O)NO)cc1,5.63,1
CHEMBL309492,CCCCOc1ccc(S(=O)(=O)C2(C(=O)NO)CCN(Cc3ccccc3)CC2)cc1,5.62,1
CHEMBL433171,CC(CS(=O)(=O)c1ccc(Oc2ccccc2)cc1)(NCCc1ccccc1)C(=O)NO,5.62,1
CHEMBL1801421,COCCN1CCC(C(=O)NO)(S(=O)(=O)c2ccc(Oc3ccc4c(c3)OCO4)cc2)CC1,5.62,1
CHEMBL96417,CC#CCOc1ccc(S(=O)(=O)N[C@@H](C(=O)NO)C(C)O)cc1,5.61,2
CHEMBL484261,CC#CCOc1ccc(S(=O)(=O)N[C@@H](C(=O)NO)[C@H](C)O)cc1,5.61,1
CHEMBL3643914,Cc1cc(COc2ccc(S(=O)(=O)NC[C@@H](C(=O)NO)N3CCCCC3)cc2)c2ccccc2n1,5.61,2
CHEMBL273764,CCCCOc1ccc(S(=O)(=O)N(C)c2c(C)cc(Br)cc2C(=O)NO)cc1,5.6,2
CHEMBL367675,CC(C)C[C@@H](N[P@](C)(=O)c1ccccc1)C(=O)NO,5.6,1
CHEMBL75529,O=CN(O)C(CS(=O)(=O)c1ccc(Oc2ccc(OC(F)(F)F)cc2)cc1)CS(=O)(=O)N1CCOCC1,5.6,1
CHEMBL73652,CN1C(=O)N(CC(CS(=O)(=O)c2ccc(Oc3ccc(C#N)cc3)cc2)N(O)C=O)C(=O)C1(C)C,5.6,1
CHEMBL147494,CCCN1CC(=O)N([C@H]2C[C@H](C(=O)NO)N(S(=O)(=O)c3ccc(OCCOC)cc3)C2)C1=O,5.6,1
CHEMBL375418,O=C(NO)[C@H]1CC2(CC2)CN[C@@H]1C(=O)N1CC=C(c2ccccc2)C1,5.6,2
CHEMBL586042,O=C(NO)[C@H]1CC(OC(=O)N2CCCC2)CN[C@@H]1C(=O)N1Cc2ccccc2C1,5.6,1
CHEMBL1801053,CSc1ccc(Oc2ccc(S(=O)(=O)C3(C(=O)NO)CCOCC3)cc2)cc1,5.6,1
CHEMBL1957605,O=C(NO)[C@@H]1CS(=O)(=O)CN1S(=O)(=O)c1ccc(-c2ccccc2)cc1,5.6,1
CHEMBL2333273,COc1ccc(CC(OC(=O)/C=C/c2ccc(OCc3ccccc3)c(OCc3ccccc3)c2)C(=O)O)cc1OC,5.6,1
CHEMBL78508,CC(C)CCOc1ccc(S(=O)(=O)C2(C(=O)NO)CCN(Cc3ccccc3)CC2)cc1,5.59,1
CHEMBL222714,CC#CCOc1ccc(S(=O)(=O)C2(C(=O)NO)CCN(Cc3ccc(OC)cc3)CC2)cc1,5.59,1
CHEMBL439408,COc1ccccc1COc1ccc(S(=O)(=O)N2CCC[C@@](C)(O)C2C(=O)NO)cc1,5.59,1
CHEMBL81763,COc1ccc(S(=O)(=O)C2(C(=O)NO)CCN(C3CCCCCCC3)CC2)cc1,5.58,1
CHEMBL78478,CCCCOc1ccc(S(=O)(=O)C2(C(=O)NO)CCN(Cc3ccc(OC)cc3)CC2)cc1,5.58,1
CHEMBL69726,O=C1N[C@H](CS)C(=O)N(CC2CCCCC2)[C@H]1CC1CCCCC1,5.58,1
CHEMBL187852,COc1ccccc1COc1ccc(S(=O)(=O)N2CCC[C@@](C)(O)[C@@H]2C(=O)NO)cc1,5.58,1
CHEMBL385312,CC#CCOc1ccc(S(=O)(=O)C2(C(=O)NO)CCN(Cc3ccccc3)CC2)cc1,5.58,1
CHEMBL1766917,C[C@@H]1CN(S(=O)(=O)N[C@@]2(C(=O)O)[C@H](C)[C@@H]2c2ccccc2)CCN1c1cc(C(C)(F)F)on1,5.58,1
CHEMBL1801397,C#CCN1CCC(C(=O)NO)(S(=O)(=O)c2ccc(Oc3ccc(OC(F)(F)F)cc3)cc2)CC1,5.58,1
CHEMBL3704910,Cc1cc(COc2ccc(C(=O)NC[C@@H](C(=O)NO)N3CCN(S(C)(=O)=O)CC3)cc2)c2ccccc2n1,5.58,1
CHEMBL426975,C[C@@]1(O)CCCN(S(=O)(=O)c2ccc(OCc3ccccc3C#N)cc2)[C@H]1C(=O)NO,5.57,1
CHEMBL211770,CC#CCOc1ccc(S(=O)(=O)CC2(C(=O)NO)CCN(C(=O)c3cccs3)CC2)cc1,5.57,1
CHEMBL232086,CC#CCOc1ccc(S(=O)(=O)CC2(C(=O)NO)CCN(Cc3c(Cl)cncc3Cl)CC2)cc1,5.57,1
CHEMBL249838,C[C@@]1(O)CCCN(S(=O)(=O)c2ccc(OCc3ccccc3C#N)cc2)C1C(=O)NO,5.57,1
CHEMBL83955,CCOC(=O)N1CCC(C(NS(=O)(=O)c2ccc(-c3ccc(OC)cc3)cc2)C(=O)O)CC1,5.56,1
CHEMBL25347,CNC(=O)[C@@H](Cc1ccc(O)cc1)NC(=O)C(CC(C)C)CP(=O)(O)Cc1ccc(Oc2ccccc2)cc1,5.55,1
CHEMBL299812,CNC(=O)[C@H](Cc1ccc(OC)cc1)NC(=O)C1(CC(=O)NO)CCCC1,5.55,1
CHEMBL184064,O=C(NO)[C@@]1(O)COCC[C@H]1S(=O)(=O)c1ccc(OCc2ccccc2Cl)cc1,5.55,1
CHEMBL412567,CNC(=O)[C@@H](Cc1ccc(OC)cc1)NC(=O)C(CC(C)C)CP(=O)(O)Cc1ccc(Oc2ccccc2)cc1,5.55,1
CHEMBL306617,CCCCOc1ccc(S(=O)(=O)C2(C(=O)NO)CCN(CCOc3ccccc3)CC2)cc1,5.54,1
CHEMBL100805,O=C(NO)C(CCn1c(=O)[nH]c2ccccc2c1=O)COc1ccc(-c2ccccc2)cc1,5.54,1
CHEMBL47054,CNC(=O)[C@H](Cc1ccc(OC)cc1)NC(=O)C(CC(C)C)NC(C(C)C)P(=O)(O)O,5.54,1
CHEMBL296002,CNC(=O)[C@H](Cc1ccc(OC)cc1)NC(=O)C(CC(C)C)NC(CC(C)C)P(=O)(O)O,5.54,1
CHEMBL356504,C=CCN1CC(=O)N([C@H]2C[C@H](C(=O)NO)N(S(=O)(=O)c3ccc(OCCOC)cc3)C2)C1=O,5.54,1
CHEMBL364643,CCCC[C@]1(O)CCCN(S(=O)(=O)c2ccc(OCc3ccc(F)cc3)cc2)[C@H]1C(=O)NO,5.54,1
CHEMBL2337697,O=C(CNS(=O)(=O)c1ccc(Oc2ccccc2)nc1)NO,5.54,1
CHEMBL60250,CCO[C@H]1CC[C@@](CS)(C(=O)N[C@@H](Cc2ccccc2)C(=O)NC2CCCCC2)CC1,5.53,1
CHEMBL328751,CC#CCOc1ccc(S(=O)(=O)N[C@@H](C(=O)NO)C(C)C)cc1,5.53,2
CHEMBL49705,O=C(O)C(CCN1C(=O)c2cc3ccccc3cc2C1=O)CC1(C(=O)NCc2ccccc2)CCCCC1,5.52,1
CHEMBL303756,CCCCCCCCCCCCC[C@H](CC(=O)NO)C(=O)N[C@H](C(=O)NC)C(C)(C)C,5.52,2
CHEMBL61873,CCCCCCCCCCCCCC[C@H](CC(=O)NO)C(=O)N[C@H](C(=O)NC)C(C)(C)C,5.52,2
CHEMBL31294,Cc1ccccc1COc1ccc(S(=O)(=O)N2C[C@H](O)CC[C@@H]2C(=O)NO)cc1,5.52,1
CHEMBL326985,CC(C)C[C@H](CC(=O)NO)C(=O)N[C@@H](Cc1ccccc1)C(N)=O,5.52,1
CHEMBL78102,CNC(=O)[C@@H](NC(=O)C(CCc1ccccc1)CP(=O)(O)Cc1ccc(Cc2cccc(OC)c2)cc1)C(C)(C)C,5.52,1
CHEMBL362651,CC(C)ON([C@H](CCNC(=O)OCc1ccccc1)C(=O)NO)S(=O)(=O)c1ccc(-c2ccccc2)cc1,5.52,1
CHEMBL180410,CC#CCOc1ccc(S(=O)(=O)N2CCCN(C(=O)CN)CC2C(=O)NO)cc1,5.52,1
CHEMBL377317,CC#CCOc1ccc(S(=O)(=O)CC2(C(=O)NO)CCN(C(=O)c3ccncc3)CC2)cc1,5.52,2
CHEMBL212481,CC#CCOc1ccc(S(=O)(=O)CC2(C(=O)NO)CCN(C(=O)c3ccccc3)CC2)cc1,5.52,1
CHEMBL3350685,CC#CCOc1ccc([S@@+]([O-])[C@@H](CCCCCC)C(=O)NO)cc1,5.52,1
CHEMBL83508,COc1ccc(S(=O)(=O)NCC(=O)NO)cc1,5.52,1
CHEMBL34660,COc1ccc(S(=O)(=O)N(Cc2ccccc2)c2c(C(=O)NO)cnc3c(C(C)(C)C)cccc23)cc1,5.51,2
CHEMBL357904,CNC(=O)N[C@H]1C[C@H](C(=O)NO)N(S(=O)(=O)c2ccc(OC)cc2)C1,5.51,1
CHEMBL1830129,O=C(/C=C/c1ccccc1)Nc1ccccc1,5.51,1
CHEMBL5281827,COc1ccc(S(=O)(=O)N(Cc2ccccc2)c2c(C(=O)NO)ccc3c(C(C)(C)C)cccc23)cc1,5.51,1
CHEMBL80321,CCC(CC)Oc1ccc(S(=O)(=O)C2(C(=O)NO)CCN(Cc3ccccc3)CC2)cc1,5.5,1
CHEMBL49446,CNC(=O)[C@H](Cc1ccc(OC)cc1)NC(=O)C1(CC(CCN2C(=O)c3ccccc3C2=O)C(=O)O)CCCCC1,5.5,1
CHEMBL46830,CC(C)[C@H](NS(=O)(=O)c1ccc(-c2ccc(C=O)cc2)cc1)C(=O)O,5.5,1
CHEMBL197842,CCCCOc1ccc(S(=O)(=O)NCC(=O)NO)cc1,5.5,2
CHEMBL194627,CC#CCOc1ccc(S(=O)(=O)N2CCN(Cc3cccnc3)CC2C(=O)NO)cc1,5.5,2
CHEMBL3350246,CC#CCOc1ccc([S@+]([O-])[C@H](CCCCCC)C(=O)NO)cc1,5.5,1
CHEMBL1981977,O=C(/C=C/c1ccccc1)Nc1ccccc1Cl,5.5,1
CHEMBL2336337,O=C(/C=C/c1ccc(O)cc1)NCc1ccccc1,5.5,1
CHEMBL59886,CCOc1ccc(C[C@H](NC(=O)[C@]2(CS)CC[C@H](OCC)CC2)C(=O)Nc2ccccc2)cc1,5.49,1
CHEMBL18943,Cc1cc(Br)cc(C(=O)NO)c1N(C)S(=O)(=O)c1ccc(OCC#CCO)cc1,5.49,1
CHEMBL10672,COc1ccc(-c2ccc(S(=O)(=O)NC(CC#Cc3ccccc3)C(=O)O)s2)cc1,5.49,1
CHEMBL68212,Cc1cccc(C(=O)NO)c1N(C)S(=O)(=O)c1ccc(Oc2ccncc2)cc1,5.49,1
CHEMBL398641,Cc1cc(C2CCN(S(=O)(=O)C(C)(C)C(=O)NO)CC2)ccc1-c1cccc(OCCO)c1,5.49,1
CHEMBL468738,CC(C)OC(=O)N1CCC([C@@H](NS(=O)(=O)c2ccc(-c3ccccc3)s2)C(=O)O)CC1,5.49,1
CHEMBL2048506,CCCCOC(=O)[C@H]1c2c(/C=C/C(=O)O[C@H](Cc3ccc(O)c(O)c3)C(=O)O)ccc(O)c2O[C@@H]1c1ccc(O)c(O)c1,5.49,1
CHEMBL1305393,O=C(/C=C/c1ccccc1)NCCc1ccccc1,5.49,1
CHEMBL325749,O=C(/C=C/c1ccc(O)cc1)NCCc1ccccc1,5.49,1
CHEMBL2336789,O=C(/C=C/c1cccc(O)c1)Nc1ccccc1Cl,5.49,1
CHEMBL67291,O=C(/C=C/c1ccc(O)c(O)c1)NCc1ccccc1,5.49,1
CHEMBL275362,O=C(/C=C/c1ccc(O)c(O)c1)Nc1ccccc1,5.49,1
CHEMBL10953,COc1ccc(-c2ccc(S(=O)(=O)NC(CC#CCc3ccccc3)C(=O)O)cc2)cc1,5.48,1
CHEMBL85374,COCCOC(=O)N1CCC(C(C(=O)O)N(Cc2ccccn2)S(=O)(=O)c2ccc(-c3ccc(OC)cc3)cc2)CC1,5.48,1
CHEMBL38851,N#Cc1ccc(-c2ccc(OCCC(=O)NO)cc2)cc1,5.48,1
CHEMBL211274,CC#CCOc1ccc(S(=O)(=O)CC2(C(=O)NO)CCN(C(=O)C(C)(CO)CO)CC2)cc1,5.48,1
CHEMBL550081,CSc1ccc(-c2ccc(S(=O)(=O)N(CC(=O)NO)OC(C)C)cc2)cc1,5.48,1
CHEMBL2336352,O=C(/C=C/c1ccccc1)NCc1ccccc1,5.48,1
CHEMBL67498,O=C(/C=C/c1ccc(O)c(O)c1)NCCc1ccccc1,5.48,1
CHEMBL419648,CCCCOc1ccc(S(=O)(=O)C2(C(=O)NO)CCN(C)CC2)cc1,5.47,1
CHEMBL110211,CC(=O)N1CCN(S(=O)(=O)c2ccc(OCc3cccnc3C)cc2)[C@@H](C(=O)NO)[C@@H]1C,5.47,1
CHEMBL10674,CO[C@H](C#Cc1ccccc1)C(NS(=O)(=O)c1ccc(-c2ccc(SC)cc2)cc1)C(=O)O,5.47,1
CHEMBL222854,CC#CCOc1ccc(S(=O)(=O)C2(C(=O)NO)CCN(Cc3ccc(Br)cc3)CC2)cc1,5.47,1
CHEMBL512061,CN(C)c1ccc(-c2ccc(S(=O)(=O)N[C@@H](C(=O)O)C3CCN(C(=O)OC(C)(C)C)CC3)s2)cc1,5.47,1
CHEMBL1164826,O=C(/C=C/c1ccc(O)cc1)Nc1ccccc1,5.47,1
CHEMBL1830141,O=C(/C=C/c1cccc(O)c1)Nc1cccc(Cl)c1,5.47,1
CHEMBL2336362,O=C(/C=C/c1cccc(O)c1)Nc1ccccc1,5.47,1
CHEMBL3971135,CC(C)[C@H](NS(=O)(=O)c1ccc(-c2cccc(CNC(=O)c3nc4ccccc4c(=O)[nH]3)c2)cc1)C(=O)O,5.47,1
CHEMBL283064,CNC(=O)[C@H](NC(=O)C(CCC(C)C)CP(=O)(O)Cc1ccc(Cc2ccccc2)cc1)C(C)(C)C,5.46,1
CHEMBL417210,CCO[C@H]1CC[C@@](CS)(C(=O)N[C@@H](Cc2ccccc2)C(=O)Nc2ccccn2)CC1,5.46,1
CHEMBL298585,NC(=O)[C@H](Cc1ccccc1)NC(=O)[C@H](CS)NC(=O)CCc1ccccc1,5.46,1
CHEMBL402745,COc1ccc(-c2ccc(S(=O)(=O)N[C@H](C(=O)O)C3CCN(C(=O)OC(C)(C)C)CC3)cc2)cc1,5.46,1
CHEMBL44103,CNC(=O)[C@H](Cc1ccc(OC)cc1)NC(=O)[C@H](CC(C)C)N[C@@H](C)C(=O)O,5.46,1
CHEMBL289842,COC(=O)c1[nH]c([C@H](CC(C)C)NC(=O)[C@@H](CC(=O)NO)CC(C)C)nc1-c1ccccc1,5.46,1
CHEMBL401146,CNC(=O)[C@@H](NC(=O)C(CCC(C)C)CP(=O)(O)Cc1ccc(Cc2ccccc2)cc1)C(C)(C)C,5.46,1
CHEMBL573715,COc1ccc(Oc2ccc(S(=O)(=O)c3ccccc3CC(=O)NO)cc2)cc1,5.46,1
CHEMBL2336335,O=C(/C=C/c1ccccc1)Nc1ccc(Cl)cc1,5.46,1
CHEMBL1830131,O=C(/C=C/c1ccccc1)Nc1cccc(Cl)c1,5.46,1
CHEMBL2336350,O=C(/C=C/c1ccc(O)cc1)Nc1ccccc1Cl,5.46,1
CHEMBL2336336,O=C(/C=C/c1cccc(O)c1)Nc1ccc(Cl)cc1,5.46,1
CHEMBL2336351,O=C(/C=C/c1ccc(O)cc1)Nc1ccc(Cl)cc1,5.45,1
CHEMBL1830143,O=C(/C=C/c1ccc(O)cc1)Nc1cccc(Cl)c1,5.45,1
CHEMBL46818,CC(C)[C@H](NS(=O)(=O)c1ccc(-c2ccc(Br)cc2F)cc1)C(=O)O,5.44,1
CHEMBL10655,COc1ccc(-c2ccc(S(=O)(=O)NC(CC#Cc3cccc(N4CCOCC4)c3)C(=O)O)cc2)cc1,5.44,1
CHEMBL40335,CN1C(=O)N(CC(COc2ccc(-c3cccs3)cc2)N(O)C=O)C(=O)C1(C)C,5.44,1
CHEMBL511729,CC(C)(C)OC(=O)N1CCC([C@@H](NS(=O)(=O)c2ccc(-c3ccccc3)s2)C(=O)O)CC1,5.44,1
CHEMBL1801396,CC(=O)N1CCC(C(=O)NO)(S(=O)(=O)c2ccc(Oc3ccc(OC(F)(F)F)cc3)cc2)CC1,5.44,1
CHEMBL1801056,C#CCN1CCC(C(=O)NO)(S(=O)(=O)c2ccc(Oc3ccc(OC)cc3)cc2)CC1,5.44,1
CHEMBL1801047,O=C(NO)C1(S(=O)(=O)c2ccc(Oc3ccc(Cl)c(Cl)c3)cc2)CCOCC1,5.44,1
CHEMBL2333278,COc1ccc(CC(OC(=O)/C=C/c2ccc(OCc3ccccc3)cc2)C(=O)NO)cc1OC,5.44,1
CHEMBL2336364,O=C(/C=C/c1cccc(O)c1)NCCc1ccccc1,5.44,1
CHEMBL2336363,O=C(/C=C/c1cccc(O)c1)NCc1ccccc1,5.44,1
CHEMBL78934,CCCCOc1ccc(S(=O)(=O)C2(C(=O)NO)CCN(Cc3ccc(Cl)c(Cl)c3)CC2)cc1,5.43,1
CHEMBL310342,CCN1CCC(C(=O)NO)(S(=O)(=O)c2ccc(OC)cc2)CC1,5.43,1
CHEMBL282584,O=C(NO)[C@H]1CC[C@@H](O)CN1S(=O)(=O)c1ccc(OCc2ccc(C(F)(F)F)cc2)cc1,5.43,1
CHEMBL1767003,C[C@@H]1[C@H](c2ccccc2)[C@]1(NS(=O)(=O)N1Cc2nc3cc(Cl)ccn3c2C1)C(=O)O,5.43,1
CHEMBL1163867,O=C(/C=C/c1ccc(O)c(O)c1)Nc1ccccc1Cl,5.43,1
CHEMBL78611,CCCCOc1ccc(S(=O)(=O)C2(C(=O)NO)CCN(CCCOc3ccccc3)CC2)cc1,5.42,1
CHEMBL46030,CNC(=O)[C@H](Cc1ccc(OC)cc1)NC(=O)C(C)(CC(=O)NO)c1ccccc1,5.42,1
CHEMBL111862,CC(=O)N1CCN(S(=O)(=O)c2ccc(OCc3cc(F)cc(F)c3)cc2)[C@@H](C(=O)NO)[C@@H]1C,5.42,1
CHEMBL418737,Cc1cc(Br)cc(C(=O)NO)c1N(C)S(=O)(=O)c1ccc(OCC#Cc2ccccc2)cc1,5.42,1
CHEMBL113705,O=C(NO)C1(NS(=O)(=O)c2ccc(Oc3cc(F)ccn3)cc2)CCOCC1,5.42,1
CHEMBL61017,COc1ccc(-c2ccc(S(=O)(=O)NC(C(=O)O)C3CCCC4(C3)OCCO4)cc2)cc1,5.42,1
CHEMBL1164630,O=C(/C=C/c1ccc(O)c(O)c1)Nc1cccc(Cl)c1,5.42,1
CHEMBL64981,CC(C)C[C@H](CC(=O)NO)C(=O)N[C@H]1CCCCNC1=O,5.41,1
CHEMBL79906,COc1ccc(-c2ccc(S(=O)(=O)NC(C(=O)O)C3CCNCC3)cc2)cc1,5.41,1
CHEMBL116067,O=C(NO)C1(NS(=O)(=O)c2ccc(Oc3cccc(Cl)c3)cc2)CCOCC1,5.41,1
CHEMBL325903,O=C(NO)C1(NS(=O)(=O)c2ccc(Oc3ccc4ccccc4c3)cc2)CCOCC1,5.41,1
CHEMBL373532,O=C(NO)[C@H]1CC2(CC2)CN[C@@H]1C(=O)N1CC=C(c2ccccc2)CC1,5.41,2
CHEMBL3959985,Cc1cc(COc2ccc(S(=O)(=O)NC[C@@H](C(=O)NO)N3CCN(Cc4ccc(C(F)(F)F)cc4)CC3)cc2)c2ccccc2n1,5.41,1
CHEMBL56753,CC(=O)N[C@@H](CS)C(=O)N[C@@H](Cc1cccs1)C(N)=O,5.4,1
CHEMBL293481,CC(=O)N[C@@H](CS)C(=O)N[C@@H](Cc1cccnc1)C(N)=O,5.4,1
CHEMBL173539,COC(=O)C(S)CCS(=O)(=O)c1ccc(OC)cc1,5.4,1
CHEMBL222934,CCCCOc1ccc(S(=O)(=O)C2(C(=O)NO)CCN(Cc3ccc(Br)cc3)CC2)cc1,5.4,1
CHEMBL499426,CNC(=O)[C@H](Cc1c[nH]c2ccccc12)NC(=O)[C@@H](CC(=O)NNS(=O)(=O)c1c(C(C)C)cc(C(C)C)cc1C(C)C)CC(C)C,5.4,1
CHEMBL1078279,C[C@@H]1[C@H](c2ccccc2)[C@]1(NS(=O)(=O)c1ccc(-c2ccc(Cl)cc2)s1)C(=O)O,5.4,1
CHEMBL1801430,O=C(NO)C1(S(=O)(=O)c2ccc(Oc3ccc(OC(F)(F)F)cc3)cc2)CCN(C2CC2)CC1,5.4,1
CHEMBL1957604,O=C(NO)[C@@H]1C[S+]([O-])CN1S(=O)(=O)c1ccc(-c2ccccc2)cc1,5.4,1
CHEMBL1165150,O=C(/C=C/c1ccc(O)c(O)c1)Nc1ccc(Cl)cc1,5.4,1
CHEMBL4100008,O=c1[nH]c(SCc2ccc(-c3ccc(S(=O)(=O)NCCO)cc3)cc2)nc2c1CCC2,5.4,2
CHEMBL96310,O=C(C[C@@H](CCc1ccccc1)C(=O)N[C@@H](Cc1ccccc1)C(=O)NCc1ccccc1)NO,5.39,1
CHEMBL94948,CC#CCOc1ccc(S(=O)(=O)N[C@H](C)C(=O)NO)cc1,5.39,2
CHEMBL324006,CC(C)C[C@H](NC(=O)[C@H](Cc1ccccc1)CP(=O)(O)CCCCN1C(=O)c2ccccc2C1=O)C(=O)NCc1ccccc1,5.39,1
CHEMBL59472,COc1ccc(-c2ccc(S(=O)(=O)NC(C(=O)O)C3CCC/C(=N/OC(C)(C)C)C3)cc2)cc1,5.39,1
CHEMBL573714,COc1ccc(S(=O)(=O)c2ccccc2CC(=O)NO)cc1,5.39,1
CHEMBL2,COc1cc2nc(N3CCN(C(=O)c4ccco4)CC3)nc(N)c2cc1OC,5.39,1
CHEMBL418442,CC(C)[C@H](NS(=O)(=O)c1ccc(-c2ccc(F)cc2)cc1)C(=O)O,5.38,2
CHEMBL47254,CC(C)[C@H](NS(=O)(=O)c1ccc(-c2ccc(C(F)(F)F)cc2)cc1)C(=O)O,5.38,1
CHEMBL10935,COc1ccc(-c2ccc(S(=O)(=O)NC(C(=O)O)[C@@H](C#Cc3ccccc3)OC)cc2)cc1,5.38,1
CHEMBL289604,O=C(NO)c1cnc2cc(C(F)(F)F)ccc2c1N(Cc1cccnc1)S(=O)(=O)c1ccc(-c2ccccc2)cc1,5.38,2
CHEMBL294405,CO/N=C1/CCCC(C(NS(=O)(=O)c2ccc(-c3ccc(OC)cc3)cc2)C(=O)O)C1,5.38,1
CHEMBL59104,COCCOC(=O)NC1CCC([C@@H](NS(=O)(=O)c2ccc(-c3ccc(OC)cc3)cc2)C(=O)O)CC1,5.38,1
CHEMBL211487,CC#CCOc1ccc(S(=O)(=O)CC2(C(=O)NO)CCN(C(=O)CCC)CC2)cc1,5.38,1
CHEMBL493178,COc1ccc(-c2ccc(S(=O)(=O)N[C@@H](C(=O)O)C3CCN(C(=O)C(C)C)CC3)s2)cc1,5.38,1
CHEMBL1767011,C[C@@H]1[C@H](c2ccccc2)[C@]1(NS(=O)(=O)N1CCc2c(nn3cc(F)ccc23)C1)C(=O)O,5.38,1
CHEMBL2333279,COc1ccc(CC(OC(=O)/C=C/c2ccc(OCc3ccccc3)c(OCc3ccccc3)c2)C(=O)NO)cc1OC,5.38,1
CHEMBL2336360,O=C(/C=C/c1ccccc1)Nc1cccc(F)c1,5.38,1
CHEMBL1998736,O=C(/C=C/c1ccccc1)Nc1ccccc1F,5.38,1
CHEMBL2336787,O=C(/C=C/c1cccc(O)c1)Nc1cccc(F)c1,5.38,1
CHEMBL2336786,O=C(/C=C/c1cccc(O)c1)Nc1ccccc1F,5.38,1
CHEMBL357796,COCCOc1ccc(S(=O)(=O)N2CC(NOC)C[C@@H]2C(=O)NO)cc1,5.37,1
CHEMBL294997,CC[C@H](N[C@@H](CC(C)C)C(=O)N[C@@H](CCCCN)C(=O)NC)P(=O)(O)O,5.37,1
CHEMBL493989,COc1ccc(-c2ccc(S(=O)(=O)N[C@@H](C(=O)O)C3CCN(S(=O)(=O)c4ccc(C)cc4)CC3)s2)cc1,5.37,1
CHEMBL2336361,O=C(/C=C/c1ccccc1)Nc1ccc(F)cc1,5.37,1
CHEMBL2336347,O=C(/C=C/c1ccc(O)cc1)Nc1ccccc1F,5.37,1
CHEMBL1163869,O=C(/C=C/c1ccc(O)c(O)c1)Nc1cccc(F)c1,5.37,1
CHEMBL1165574,O=C(/C=C/c1ccc(O)c(O)c1)Nc1ccccc1F,5.37,1
CHEMBL127035,O=C(O)[C@H]1[C@H](CN2NNc3ccsc3C2=O)CC[C@@H]1Sc1ccc(-c2ccc(Cl)cc2)cc1,5.36,1
CHEMBL65579,CCCCCCCC[C@@H](C(=O)N[C@H]1CCCCN(CCOC)C1=O)[C@H](C)C(=O)NO,5.36,1
CHEMBL90762,CC(N)(CS(=O)(=O)c1ccc(Sc2ccccc2)cc1)C(=O)NO,5.36,1
CHEMBL293019,COc1ccc(-c2ccc(S(=O)(=O)N[C@@H](C(=O)O)C3CCCCC3)cc2)cc1,5.36,1
CHEMBL573936,COc1ccc(-c2ccc(S(=O)(=O)c3ccccc3CC(=O)O)cc2)cc1,5.36,1
CHEMBL1801419,O=C(NO)C1(S(=O)(=O)c2ccc(Oc3ccc4c(c3)OCO4)cc2)CCNCC1,5.36,1
CHEMBL2336788,O=C(/C=C/c1cccc(O)c1)Nc1ccc(F)cc1,5.36,1
CHEMBL1163444,O=C(/C=C/c1ccc(O)c(O)c1)Nc1ccc(F)cc1,5.36,1
CHEMBL78709,COc1ccc(S(=O)(=O)C2(C(=O)NO)CCN(C(C)C)CC2)cc1,5.35,1
CHEMBL284876,CNC(=O)[C@@H](Cc1ccc(O)cc1)NC(=O)C(CC(C)C)CP(=O)(O)Cc1ccc(CC(C)C)cc1,5.35,1
CHEMBL307413,O=CN(O)C(CO)CS(=O)(=O)c1ccc(Oc2ccc(OC(F)(F)F)cc2)cc1,5.35,1
CHEMBL249246,CNC(=O)[C@@H](Cc1ccc(OC)cc1)NC(=O)C(CC(C)C)CP(=O)(O)Cc1ccc(CC(C)C)cc1,5.35,1
CHEMBL1801395,O=C(NO)C1(S(=O)(=O)c2ccc(Oc3ccc(OC(F)(F)F)cc3)cc2)CCN(CCO)CC1,5.35,1
CHEMBL1801057,COc1ccc(Oc2ccc(S(=O)(=O)C3(C(=O)NO)CCN(Cc4ccccn4)CC3)cc2)cc1,5.35,1
CHEMBL2336348,O=C(/C=C/c1ccc(O)cc1)Nc1cccc(F)c1,5.35,1
CHEMBL4215407,Cc1cc(COc2ccc(S(=O)(=O)N(C)C3(C(=O)NO)CN(C(=O)C(C)C)C3)cc2)c2ccccc2n1,5.35,2
CHEMBL95165,O=C(C[C@@H](CC1CCCCC1)C(=O)N[C@@H](Cc1ccccc1)C(=O)NCc1ccccc1)NO,5.34,1
CHEMBL40143,CC1(C)NC(=O)N(C[C@@H](COc2ccc(-c3ccc(OC(F)(F)F)cc3)cc2)N(O)C=O)C1=O,5.34,3
CHEMBL75437,CC1(C)C(=O)NC(=O)N1CC(COc1ccc(-c2ccc(OC(F)(F)F)cc2)cc1)N(O)C=O,5.34,1
CHEMBL369574,CC#CCOc1ccc(S(=O)(=O)N2CCCN(C(=O)CNC(=O)OC(C)(C)C)CC2C(=O)NO)cc1,5.34,1
CHEMBL222309,CC#CCOc1ccc(S(=O)(=O)C(C(=O)NO)c2ccccc2)cc1,5.34,1
CHEMBL466059,CCOc1ccc(-c2ccc(S(=O)(=O)N[C@@H](C(=O)O)C3CCN(C(=O)OC(C)C)CC3)s2)cc1,5.34,1
CHEMBL1801393,O=C(NO)C1(S(=O)(=O)c2ccc(Oc3ccc(OC(F)(F)F)cc3)cc2)CCN(Cc2cccnc2)CC1,5.34,1
CHEMBL1830130,Cc1cccc(NC(=O)/C=C/c2ccccc2)c1,5.34,1
CHEMBL2336358,Cc1ccccc1NC(=O)/C=C/c1ccccc1,5.34,1
CHEMBL2336349,O=C(/C=C/c1ccc(O)cc1)Nc1ccc(F)cc1,5.34,1
CHEMBL3972836,CC(C)(Cc1ccc(C(F)(F)F)cc1)C(=O)NC[C@@]1(C2CC2)NC(=O)NC1=O,5.34,1
CHEMBL4208519,Cc1cc(COc2ccc(S(=O)(=O)N(C)C3(C(=O)NO)CN(C(=O)CC(C)C)C3)cc2)c2ccccc2n1,5.335,2
CHEMBL80401,CCCCOc1ccc(S(=O)(=O)C2(C(=O)NO)CCN(Cc3ccc(F)cc3)CC2)cc1,5.33,1
CHEMBL71436,Cc1cc(Br)cc(C(=O)NO)c1N(C)S(=O)(=O)c1ccc(-c2ccc(OCc3ccsc3)cc2)cc1,5.33,1
CHEMBL305160,COc1ccc(-c2ccc(S(=O)(=O)NC(C(=O)O)C3CCCC(N(C)S(C)(=O)=O)C3)cc2)cc1,5.33,1
CHEMBL58834,COCCOC(=O)N(C)C1CCCC(C(NS(=O)(=O)c2ccc(-c3ccc(OC)cc3)cc2)C(=O)O)C1,5.33,1
CHEMBL333567,COc1ccc(S(=O)(=O)N2CCN(S(=O)(=O)c3ccc(OC)cc3)C2C(=O)NO)cc1,5.33,1
CHEMBL446694,Cc1ccccc1Oc1ccc(S(=O)(=O)[C@@H]2CCOC[C@]2(O)C(=O)NO)cc1,5.33,1
CHEMBL377272,CC#CCOc1ccc(S(=O)(=O)CC2(C(=O)NO)CCN(C(=O)CCOC)CC2)cc1,5.33,1
CHEMBL380049,CC#CCOc1ccc(S(=O)(=O)CC2(C(=O)NO)CCN(C(C)=O)CC2)cc1,5.33,1
CHEMBL2336359,Cc1ccc(NC(=O)/C=C/c2ccccc2)cc1,5.33,1
CHEMBL1165152,Cc1ccccc1NC(=O)/C=C/c1ccc(O)c(O)c1,5.33,1
CHEMBL4092752,COc1ccc2c(c1)C(=O)N(C[C@@]1(c3cc4cnccc4o3)NC(=O)NC1=O)C2,5.33,1
CHEMBL312432,Cc1ccc(CN2CCC(C(=O)NO)(S(=O)(=O)c3ccc(OCc4ccc(Cl)cc4)cc3)CC2)cc1,5.32,1
CHEMBL117375,N#Cc1ccc(Oc2ccc(S(=O)(=O)NC3(C(=O)NO)CCOCC3)cc2)cc1,5.32,1
CHEMBL293411,COc1ccc(-c2ccc(S(=O)(=O)N[C@@H](C(=O)O)C3CCC(N4CCNC4=O)CC3)cc2)cc1,5.32,1
CHEMBL561625,CC(C)CN(CC(=O)NO)S(=O)(=O)c1ccc(-c2ccccc2)cc1,5.32,3
CHEMBL1795857,CCCCc1ccc(C#Cc2ccc(S(=O)(=O)N[C@H](Cc3ccc(OCc4ccccc4)cc3)C(=O)NO)s2)cc1,5.32,1
CHEMBL2336346,Cc1ccc(NC(=O)/C=C/c2ccc(O)cc2)cc1,5.32,1
CHEMBL2336344,Cc1ccccc1NC(=O)/C=C/c1ccc(O)cc1,5.32,1
CHEMBL2336784,Cc1cccc(NC(=O)/C=C/c2cccc(O)c2)c1,5.32,1
CHEMBL2336783,Cc1ccccc1NC(=O)/C=C/c1cccc(O)c1,5.32,1
CHEMBL1165106,Cc1ccc(NC(=O)/C=C/c2ccc(O)c(O)c2)cc1,5.32,1
CHEMBL1165241,Cc1cccc(NC(=O)/C=C/c2ccc(O)c(O)c2)c1,5.32,1
CHEMBL94518,CC#CCSc1ccc(S(=O)(=O)N(C)CC(=O)NO)cc1,5.31,1
CHEMBL79267,COc1ccc(-c2ccc(S(=O)(=O)NC(C(=O)O)C3CCN(C(=O)CC(C)C)CC3)cc2)cc1,5.31,1
CHEMBL285296,CC1(C)NC(=O)N(CC(COc2ccc(-c3ccc(S(C)(=O)=O)cc3)cc2)N(O)C=O)C1=O,5.31,1
CHEMBL324555,O=C(NO)C1(NS(=O)(=O)c2ccc(Oc3cccc4ccccc34)cc2)CCOCC1,5.31,1
CHEMBL1939844,COc1ccc(S(=O)(=O)N2CC(=O)N(O)C(=O)[C@H]2C(C)C)cc1,5.31,1
CHEMBL2336345,Cc1cccc(NC(=O)/C=C/c2ccc(O)cc2)c1,5.31,1
CHEMBL2336785,Cc1ccc(NC(=O)/C=C/c2cccc(O)c2)cc1,5.31,1
CHEMBL28358,Cc1ccccc1COc1ccc(S(=O)(=O)N2CC[C@H](O)C[C@@H]2C(=O)NO)cc1,5.3,1
CHEMBL59248,CCCCCCCCCCCCCCCC[C@H](CC(=O)NO)C(=O)N[C@H](C(=O)NC)C(C)(C)C,5.3,2
CHEMBL58997,CCCCCCCCCCCCC[C@H](CC(=O)O)C(=O)N[C@H](C(=O)NC)C(C)(C)C,5.3,2
CHEMBL59861,CNC(=O)[C@H](Cc1ccccc1)NC(=O)C1(CS)CCCCC1,5.3,1
CHEMBL418103,CC(=O)N[C@@H](CS)C(=O)N[C@@H](Cc1c[nH]c2ccccc12)C(N)=O,5.3,1
CHEMBL323228,CC(C)(C)[C@H](NC(=O)[C@H](Cc1cnc2ccccc2c1)[C@H](O)C(=O)NO)C(N)=O,5.3,1
CHEMBL319808,COc1ccc(S(=O)(=O)N2Cc3ccccc3N(C(=O)CN3CCN(C)CC3)CC2C(=O)NO)cc1,5.3,2
CHEMBL58553,COc1ccc(-c2ccc(S(=O)(=O)N[C@@H](C(=O)O)C3CCC4(CC3)OCCCO4)cc2)cc1,5.3,1
CHEMBL176612,COc1ccc(S(=O)(=O)C[C@@H](C)CS)cc1,5.3,1
CHEMBL442432,Cc1ccccc1C1CCN(S(=O)(=O)CC2(C(=O)NO)CCN(C(=O)OC3CCCC3O)CC2)CC1,5.3,1
CHEMBL567893,COC(=O)[C@@H]1CCCN1C(=O)[C@@H](Cc1ccccc1)N(C)C(=O)[C@H](C)NC(=O)[C@@H](NC(=O)C[C@H](O)[C@H](CC(C)C)NC(=O)[C@H](CC(N)=O)NC(=O)[C@H](CC(C)C)NC(=O)[C@H](OC(=O)[C@@H](OC(=O)[C@H](C(C)C)N(C)C)C(C)C)C(C)C)[C@@H](C)O,5.3,1
CHEMBL1093689,O=C(NO)[C@@H](CCN1C(=O)c2ccccc2C1=O)NS(=O)(=O)c1ccc(-c2ccccc2C(F)(F)F)cc1,5.3,1
CHEMBL1801055,O=C(NO)C1(S(=O)(=O)c2ccc(Oc3ccncc3)cc2)CCOCC1,5.3,1
CHEMBL1801054,O=C(NO)C1(S(=O)(=O)c2ccc(Oc3ccc(SC(F)(F)F)cc3)cc2)CCOCC1,5.3,1
CHEMBL2336338,O=C(/C=C/c1ccc(O)cc1)Nc1ccccc1O,5.3,1
CHEMBL312585,COc1ccc(S(=O)(=O)C2(C(=O)NO)CCN(C)CC2)cc1,5.29,1
CHEMBL28039,CNC(=O)[C@@H](Cc1ccc(O)cc1)NC(=O)C(CC(C)C)CP(=O)(O)Cc1cccc(-c2ccccc2)c1,5.29,1
CHEMBL191030,Cc1ccc(F)cc1COc1ccc(S(=O)(=O)N2C[C@H](O)CC[C@@H]2C(=O)NO)cc1,5.29,1
CHEMBL222594,CC#CCOc1ccc(S(=O)(=O)C(C(=O)NO)C(C)C)cc1,5.29,1
CHEMBL251458,CNC(=O)[C@@H](Cc1ccc(OC)cc1)NC(=O)C(CC(C)C)CP(=O)(O)Cc1cccc(-c2ccccc2)c1,5.29,1
CHEMBL2336355,COc1ccccc1NC(=O)/C=C/c1ccccc1,5.29,1
CHEMBL2336341,COc1ccccc1NC(=O)/C=C/c1ccc(O)cc1,5.29,1
CHEMBL2336781,COc1cccc(NC(=O)/C=C/c2cccc(O)c2)c1,5.29,1
CHEMBL2336780,COc1ccccc1NC(=O)/C=C/c1cccc(O)c1,5.29,1
CHEMBL3648893,Cc1cc(COc2ccc(S(=O)(=O)NC[C@@H](C(=O)NO)N3CCN(S(C)(=O)=O)CC3)cc2)c2ccccc2n1,5.29,1
CHEMBL311097,COC(=O)N1CCC(C(NS(=O)(=O)c2ccc(-c3ccc(OC)cc3)cc2)C(=O)O)CC1,5.28,1
CHEMBL420758,CNC(=O)[C@@H](NC(=O)C(CCc1ccccc1)CP(=O)(O)Cc1ccc(Cc2ccc(OC)cc2)cc1)C(C)(C)C,5.28,1
CHEMBL75567,CN(C)CC(CS(=O)(=O)c1ccc(Oc2ccc(OC(F)(F)F)cc2)cc1)N(O)C=O,5.28,1
CHEMBL1287851,COc1ccc2c(c1)C(=O)N(C[C@@]1(C#Cc3cccnc3)NC(=O)NC1=O)C2,5.28,1
CHEMBL2336357,COc1ccc(NC(=O)/C=C/c2ccccc2)cc1,5.28,1
CHEMBL2336356,COc1cccc(NC(=O)/C=C/c2ccccc2)c1,5.28,1
CHEMBL2336353,O=C(/C=C/c1ccccc1)Nc1ccccc1O,5.28,1
CHEMBL2336343,COc1ccc(NC(=O)/C=C/c2ccc(O)cc2)cc1,5.28,1
CHEMBL2336342,COc1cccc(NC(=O)/C=C/c2ccc(O)cc2)c1,5.28,1
CHEMBL2336782,COc1ccc(NC(=O)/C=C/c2cccc(O)c2)cc1,5.28,1
CHEMBL2336779,O=C(/C=C/c1cccc(O)c1)Nc1ccc(O)cc1,5.28,1
CHEMBL2336366,O=C(/C=C/c1cccc(O)c1)Nc1cccc(O)c1,5.28,1
CHEMBL2336365,O=C(/C=C/c1cccc(O)c1)Nc1ccccc1O,5.28,1
CHEMBL1163454,COc1cccc(NC(=O)/C=C/c2ccc(O)c(O)c2)c1,5.28,1
CHEMBL1165627,COc1ccccc1NC(=O)/C=C/c1ccc(O)c(O)c1,5.28,1
CHEMBL127559,O=C(O)[C@H]1[C@H](CN2C(=O)c3ccccc3C2=O)CC[C@@H]1S(=O)(=O)CCc1ccc(-c2ccc(Cl)cc2)cc1,5.27,1
CHEMBL43147,CC(C)[C@H](NS(=O)(=O)c1ccc(-c2ccccc2)cc1)C(=O)O,5.27,1
CHEMBL324615,O=C(NO)C1(NS(=O)(=O)c2ccc(OCc3ccccc3)cc2)CCOCC1,5.27,1
CHEMBL59684,COc1ccc(-c2ccc(S(=O)(=O)NC(C(=O)O)C3CCCC(O)C3)cc2)cc1,5.27,1
CHEMBL300375,COCCOC(=O)N(Cc1ccccc1)C1CCCC(C(NS(=O)(=O)c2ccc(-c3ccc(OC)cc3)cc2)C(=O)O)C1,5.27,1
CHEMBL360628,Cc1ccc(COc2ccc(S(=O)(=O)[C@@H]3CCOC[C@]3(O)C(=O)NO)cc2)cc1,5.27,1
CHEMBL229844,O=C(/C=C/c1ccccc1)Nc1ccc(O)cc1,5.27,1
CHEMBL2336354,O=C(/C=C/c1ccccc1)Nc1cccc(O)c1,5.27,1
CHEMBL2336339,O=C(/C=C/c1ccc(O)cc1)Nc1cccc(O)c1,5.27,1
CHEMBL1163455,COc1ccc(NC(=O)/C=C/c2ccc(O)c(O)c2)cc1,5.27,1
CHEMBL283580,O=C(NO)[C@H]1CN(Cc2ccc(Oc3ccc(F)cc3)cc2)C(=O)N1,5.26,1
CHEMBL212205,CC#CCOc1ccc(S(=O)(=O)CC2(C(=O)NO)CCN(C(=O)CCCCC)CC2)cc1,5.26,1
CHEMBL550038,CC(C)[C@H](NS(=O)(=O)c1ccc2c(c1)oc1ccc(N3CCOC3=O)cc12)C(=O)O,5.26,1
CHEMBL2333277,COc1ccc(CC(OC(=O)/C=C/c2ccc(-c3ccccc3)cc2)C(=O)NO)cc1OC,5.26,1
CHEMBL2336340,O=C(/C=C/c1ccc(O)cc1)Nc1ccc(O)cc1,5.26,1
CHEMBL10469,O=C(O)C(CC#Cc1ccccc1)NS(=O)(=O)c1ccc(-c2ccc(F)cc2)cc1,5.25,1
CHEMBL474925,CNC(=O)[C@H](Cc1c[nH]c2ccccc12)NC(=O)[C@@H](CC(=O)NNc1ccc(Cl)c(Cl)c1)CC(C)C,5.25,1
CHEMBL514336,CNC(=O)[C@H](Cc1c[nH]c2ccccc12)NC(=O)[C@@H](CC(=O)NNS(C)(=O)=O)CC(C)C,5.25,1
CHEMBL563679,CC(C)ON(CC(=O)NO)S(=O)(=O)c1ccc(/C=C/c2ccc(-c3ccccc3)cc2)cc1,5.25,1
CHEMBL324842,O=C(/C=C/c1ccc(O)c(O)c1)O[C@H](Cc1ccc(O)c(O)c1)C(=O)O,5.25,1
CHEMBL421295,O=C(/C=C/c1ccc(O)c(O)c1)Nc1ccccc1O,5.25,1
CHEMBL28351,O=C(NO)[C@H]1CC[C@@H](O)CN1S(=O)(=O)c1ccc(OCc2cccc(C(F)(F)F)c2)cc1,5.24,1
CHEMBL707,COc1cc2nc(N3CCN(C(=O)C4COc5ccccc5O4)CC3)nc(N)c2cc1OC,5.24,1
CHEMBL68427,O=C(/C=C/c1ccc(O)c(O)c1)Nc1cccc(O)c1,5.24,1
CHEMBL337986,O=C(O)[C@H]1[C@H](CN2C(=O)c3ccccc3C2=O)CC[C@@H]1S(=O)(=O)CCc1ccc(-c2ccc(F)cc2)cc1,5.23,1
CHEMBL60195,CCO[C@H]1CC[C@@](CS)(C(=O)N[C@@H](Cc2ccccc2)C(=O)Nc2ccc(Cl)cc2)CC1,5.23,1
CHEMBL2370820,CC(C)C[C@H](NC(=O)[C@@H](NC(=O)[C@@H](C)N)c1ccccc1)C(=O)Nc1ccccc1,5.23,1
CHEMBL112374,O=C(NO)C1(NS(=O)(=O)c2ccc(Sc3ccc(F)cc3)cc2)CCOCC1,5.23,1
CHEMBL326489,CO[C@@H](NC(=O)[C@@H](NC(=O)[C@H](CCCc1ccc(-c2ccccc2)c(C)c1)CC(=O)NO)C(C)(C)C)c1ccccc1,5.23,1
CHEMBL503231,COC[C@@H](NC(=O)[C@@H](NC(=O)[C@H](CCCc1ccc(-c2ccccc2)c(C)c1)CC(=O)NO)C(C)(C)C)c1ccccc1,5.23,1
CHEMBL1801394,CCOCCN1CCC(C(=O)NO)(S(=O)(=O)c2ccc(Oc3ccc(OC(F)(F)F)cc3)cc2)CC1,5.23,1
CHEMBL69803,O=C(/C=C/c1ccc(O)c(O)c1)Nc1ccc(O)cc1,5.23,1
CHEMBL123503,O=C(O)[C@H]1[C@H](CN2C(=O)c3ccccc3C2=O)CC[C@@H]1SCCc1ccc(-c2ccc(F)cc2)cc1,5.22,1
CHEMBL292115,CCCO[C@H]1CC[C@@](CS)(C(=O)N[C@@H](Cc2ccccc2)C(=O)NC)CC1,5.22,1
CHEMBL43152,CC(C)[C@H](NS(=O)(=O)c1ccc(-c2ccc(Br)cc2)cc1)C(=O)O,5.22,1
CHEMBL313340,COCCOC(=O)N1CCC(C(NS(=O)(=O)c2ccc(-c3ccccc3)cc2)C(=O)O)CC1,5.22,1
CHEMBL60179,COc1ccc(-c2ccc(S(=O)(=O)NC(C(=O)O)C3CCCC(N4CCOC4=O)C3)cc2)cc1,5.22,1
CHEMBL1801431,O=C(NO)C1(S(=O)(=O)c2ccc(Oc3ccc(OC(F)(F)F)cc3)cc2)CCN(Cc2ccccn2)CC1,5.22,1
CHEMBL1801423,O=C(NO)C1(S(=O)(=O)c2ccc(Oc3ccc4c(c3)OCCO4)cc2)CCN(C2CC2)CC1,5.22,1
CHEMBL481,CCc1c2c(nc3ccc(OC(=O)N4CCC(N5CCCCC5)CC4)cc13)-c1cc3c(c(=O)n1C2)COC(=O)[C@]3(O)CC,5.22,1
CHEMBL5972823,O=C(O)c1csc(CN(Cc2ccc(OCc3ccccc3)cc2)Cc2cccc(F)c2)n1,5.22,1
CHEMBL126380,O=C(O)[C@H]1[C@H](Cn2nnc3ccccc3c2=O)CC[C@@H]1Sc1ccc(-c2ccc(Cl)cc2)cc1,5.215,2
CHEMBL42420,CC(C)[C@@H](NS(=O)(=O)c1ccc(-c2ccc(Br)cc2)cc1)C(=O)O,5.21,1
CHEMBL274881,COCC#CCC(NS(=O)(=O)c1ccc(-c2ccc(OC)cc2)cc1)C(=O)O,5.21,1
CHEMBL2326365,O=C(O)Cc1ccccc1S(=O)(=O)c1ccc(-c2ccc(NC(=O)CF)cc2)cc1,5.21,1
CHEMBL5894425,CC(=O)N1CCC[C@H]1C(=O)N[C@@H](CCC(N)=O)C(=O)N[C@@H](Cc1c[nH]c2ccccc12)C(=O)NO,5.21,1
CHEMBL31776,O=C(NO)[C@H]1C[C@@H](O)CCN1S(=O)(=O)c1ccc(OCc2ccc(Cl)cc2)cc1,5.2,1
CHEMBL60951,CCO[C@H]1CC[C@@](CS)(C(=O)N[C@@H](Cc2ccc(F)cc2)C(=O)Nc2ccccc2)CC1,5.2,1
CHEMBL146289,O=C(NO)C1c2ccc(O)cc2CCN1S(=O)(=O)c1ccccc1,5.2,1
CHEMBL208841,CC#CCOc1ccc(S(=O)(=O)CC2(C(=O)NO)CCN(C(=O)CN3CCOCC3)CC2)cc1,5.2,1
CHEMBL467460,CC(C)OC(=O)N1CCC([C@@H](NS(=O)(=O)c2ccc(-c3ccc(C(F)(F)F)cc3)s2)C(=O)O)CC1,5.2,1
CHEMBL28942,O=C(NO)[C@H]1C[C@@H](O)CCN1S(=O)(=O)c1ccc(OCc2cccc(Cl)c2)cc1,5.19,1
CHEMBL111475,CC(=O)N1CCN(S(=O)(=O)c2ccc(OCc3cncc4ccccc34)cc2)[C@@H](C(=O)NO)[C@@H]1C,5.19,1
CHEMBL20160,O=C1N[C@@H](C(=O)NO)C[C@H]1c1ccc(-c2ccc(F)cc2)cc1,5.19,2
CHEMBL296196,CC(C)[C@H](NS(=O)(=O)c1ccc(-c2ccc(Cl)cc2)cc1)C(=O)O,5.19,2
CHEMBL10266,COCCOCOCC#CCC(NS(=O)(=O)c1ccc(-c2ccc(OC)cc2)cc1)C(=O)O,5.19,1
CHEMBL114528,O=C(NO)C1(NS(=O)(=O)c2ccc(OCc3ccc(F)cc3)cc2)CCOCC1,5.19,1
CHEMBL3085322,CC#CCOc1ccc([S@@+]([O-])[C@H](C(=O)NO)C(C)C)cc1,5.19,1
CHEMBL340345,O=C(O)[C@H]1[C@H](CN2NNc3[nH]cnc3C2=O)CC[C@@H]1Sc1ccc(-c2ccc(Cl)cc2)cc1,5.18,1
CHEMBL311141,CN(C)S(=O)(=O)CC(CS(=O)(=O)c1ccc(Oc2ccc(OC(F)(F)F)cc2)cc1)N(O)C=O,5.18,1
CHEMBL379287,CC#CCOc1ccc(S(=O)(=O)CC2(C(=O)NO)CCN(C(=O)N(CC)CC)CC2)cc1,5.18,1
CHEMBL466249,CCOc1ccc(-c2ccc(S(=O)(=O)N[C@@H](C(=O)O)C3CCN(C(=O)NC(C)C)CC3)s2)cc1,5.18,1
CHEMBL109775,CCc1ccccc1COc1ccc(S(=O)(=O)N2CCN(C(C)=O)[C@@H](C)[C@@H]2C(=O)NO)cc1,5.17,1
CHEMBL173207,C[C@H](C(=O)NO)N(Cc1ccccc1)P(=O)(c1ccccc1)c1ccccc1,5.17,1
CHEMBL61354,COc1ccc(-c2ccc(S(=O)(=O)N[C@@H](C(=O)O)C3CCC(NCc4ccccc4)CC3)cc2)cc1,5.17,1
CHEMBL74151,O=CN(O)C(CSc1cccs1)CS(=O)(=O)c1ccc(Oc2ccc(OC(F)(F)F)cc2)cc1,5.17,1
CHEMBL515083,COc1ccc(S(=O)(=O)N(CC(=O)O)CC(=O)NO)cc1,5.17,1
CHEMBL1795862,CCCCc1ccc(C#Cc2ccc(S(=O)(=O)N3Cc4ccccc4C[C@@H]3C(=O)NO)s2)cc1,5.17,1
CHEMBL2333280,COc1ccc(CC(OC(=O)/C=C/c2ccc3ccccc3c2)C(=O)NO)cc1OC,5.17,1
CHEMBL94155,O=C(C[C@@H](Cc1ccccc1)C(=O)N[C@@H](Cc1ccccc1)C(=O)NCc1ccccc1)NO,5.16,2
CHEMBL416510,CCCCCCCCC[C@H](CC(=O)O)C(=O)N[C@@H](Cc1ccccc1)C(=O)NC,5.16,1
CHEMBL59185,CCCCCCC[C@H](CC(=O)O)C(=O)N[C@@H](Cc1ccccc1)C(=O)NC,5.16,1
CHEMBL44062,CC(C)C[C@H](NS(=O)(=O)c1ccc(-c2ccc(Br)cc2)cc1)C(=O)O,5.16,1
CHEMBL33977,COC(=O)COc1c(C)cc(-c2nn(C)c(=O)c3ccccc23)cc1C,5.16,1
CHEMBL56192,CC(=O)N[C@@H](CS)C(=O)N[C@H](C(N)=O)C(C)C,5.16,1
CHEMBL377862,CC#CCOc1ccc(S(=O)(=O)CC2(C(=O)NO)CCN(C(=O)c3ccc(C)cc3)CC2)cc1,5.16,1
CHEMBL79111,CCCCOc1ccc(S(=O)(=O)C2(C(=O)NO)CCN(CC)CC2)cc1,5.15,1
CHEMBL368946,CC(C)C[C@H](C(=O)NO)N(Cc1ccccc1)[P@@](C)(=O)c1ccccc1,5.15,1
CHEMBL468731,CCOc1ccc(-c2ccc(S(=O)(=O)N[C@@H](C(=O)O)C3CCN(C(=O)OC4CCCC4)CC3)s2)cc1,5.15,1
CHEMBL387079,CC#CCOc1ccc(S(=O)(=O)CC2(C(=O)NO)CCN(Cc3ccncc3)CC2)cc1,5.14,2
CHEMBL24290,CNC(=O)[C@@H](Cc1ccc(O)cc1)NC(=O)C(CC(C)C)CP(=O)(O)Cc1cccc(CCc2ccccc2)c1,5.13,1
CHEMBL399101,CNC(=O)[C@@H](Cc1ccc(OC)cc1)NC(=O)C(CC(C)C)CP(=O)(O)Cc1cccc(CCc2ccccc2)c1,5.13,1
CHEMBL336419,CC(C)C[C@H](NC(=O)[C@H](Cc1c[nH]c2ccccc12)NC(=O)[C@@H](C)N)C(=O)N[C@@H](C)c1ccccc1,5.12,1
CHEMBL2333276,COc1ccc(CC(OC(=O)/C=C/c2ccc(Br)cc2)C(=O)NO)cc1OC,5.12,1
CHEMBL18895,COCC#CCOc1ccc(S(=O)(=O)N(C)c2c(C)cc(Br)cc2C(=O)NO)cc1,5.11,1
CHEMBL1234370,COc1ccc(S(=O)(=O)N2CCCSC(C)(C)[C@H]2C(=O)NO)cc1,5.11,1
CHEMBL436277,C[C@@]1(O)CCCN(S(=O)(=O)c2ccc(OCc3cccc4ccncc34)cc2)[C@H]1C(=O)NO,5.11,1
CHEMBL399102,C[C@@]1(O)CCCN(S(=O)(=O)c2ccc(OCc3cncc4ccccc34)cc2)C1C(=O)NO,5.11,1
CHEMBL292160,CCCCCCCCCCCCCCC[C@H](CC(=O)O)C(=O)N[C@H](C(=O)NC)C(C)(C)C,5.1,2
CHEMBL281920,O=C(NO)[C@H]1C[C@@H](O)CCN1S(=O)(=O)c1ccc(OCc2ccccc2)cc1,5.1,2
CHEMBL282004,O=C(NO)[C@H]1CN(Cc2ccc(Oc3cccc4ccccc34)cc2)C(=O)N1,5.1,1
CHEMBL303286,COc1ccc(-c2ccc(S(=O)(=O)NC(C(=O)O)C3CCCC(NCc4ccccc4)C3)cc2)cc1,5.1,1
CHEMBL61577,COc1ccc(-c2ccc(S(=O)(=O)NC(C(=O)O)C3CCCC(N(Cc4ccccc4)C(C)=O)C3)cc2)cc1,5.1,1
CHEMBL3037894,CS(=O)(=O)N1CCC[C@H]1[C@@H](CS(=O)(=O)c1ccc(Oc2ccc(OC(F)(F)F)cc2)cc1)N(O)C=O,5.1,1
CHEMBL172912,COc1ccc(S(=O)(=O)CCC(C)S)cc1,5.1,1
CHEMBL184065,O=C(NO)[C@@]1(O)COCC[C@H]1S(=O)(=O)c1ccc(OCc2cccc(Cl)c2)cc1,5.1,1
CHEMBL425783,CC#CCOc1ccc(S(=O)(=O)CC2(C(=O)NO)CCN(C(=O)CCCN(C)C)CC2)cc1,5.1,1
CHEMBL1229868,O=C(NO)C1(S(=O)(=O)c2ccc(Oc3ccc(C(F)(F)F)cc3)cc2)CCOCC1,5.1,1
CHEMBL297453,O=C(O[C@@H]1Cc2c(O)cc(O)cc2O[C@@H]1c1cc(O)c(O)c(O)c1)c1cc(O)c(O)c(O)c1,5.1,1
CHEMBL20159,COc1ccc([C@@H]2C[C@H](C(=O)NO)NC2=O)cc1,5.09,2
CHEMBL418639,COc1ccc(-c2ccc(S(=O)(=O)N[C@@H](C(=O)O)C3CCC(Nc4ccccc4)CC3)cc2)cc1,5.08,1
CHEMBL75464,CCC1(CC)OCC([C@@H](CS(=O)(=O)c2ccc(Oc3ccc(OC(F)(F)F)cc3)cc2)N(O)C=O)O1,5.08,1
CHEMBL584365,COc1ccc(-c2ccc(S(=O)(=O)c3ccccc3CC(=O)NO)cc2)cc1,5.08,2
CHEMBL2048505,COC(=O)[C@@H](Cc1ccc(O)c(O)c1)OC(=O)/C=C/c1ccc(O)c2c1[C@H](C(=O)OC)[C@@H](c1ccc(O)c(O)c1)O2,5.08,1
CHEMBL539683,CC(C)[C@H](NS(=O)(=O)c1ccc(-c2cccc(F)c2)cc1)C(=O)O,5.07,1
CHEMBL43411,CC1(C)NC(=O)N(CC(COc2ccc(-c3ccc(OC(F)(F)F)cc3)cc2)N(O)C=O)C1=O,5.07,1
CHEMBL2333268,COc1ccc(CC(OC(=O)/C=C/c2ccc(-c3ccccc3)cc2)C(=O)O)cc1OC,5.07,1
CHEMBL322888,COc1ccc(S(=O)(=O)N2CC(C)(C)C(CO)[C@@H]2C(=O)NO)cc1,5.06,1
CHEMBL324578,O=C(NO)C1(NS(=O)(=O)c2ccc(OCc3cccc(F)c3)cc2)CCOCC1,5.06,1
CHEMBL209970,CC#CCOc1ccc(S(=O)(=O)CC2(C(=O)NO)CCN(S(=O)(=O)C(C)C)CC2)cc1,5.06,3
CHEMBL256157,C#CCN1CCC(CS(=O)(=O)c2ccc(Oc3ccccc3)cc2)(C(=O)NO)CC1,5.06,1
CHEMBL1082381,C#CCN1CCC(C(=O)NO)(S(=O)(=O)c2ccc(Sc3ccccc3)cc2)CC1,5.06,2
CHEMBL5598430,Cn1c(=O)c2c(nc(S(C)(=O)=O)n2C)n(CC#Cc2cccc(NC(=O)CN3CCN(c4ccc5c(c4)C(=O)N(C4CCC(=O)NC4=O)C5=O)CC3)c2)c1=O,5.06,1
CHEMBL28350,Cc1cccc(COc2ccc(S(=O)(=O)N3CC[C@H](O)C[C@@H]3C(=O)NO)cc2)c1,5.05,1
CHEMBL59337,COc1ccc(-c2ccc(S(=O)(=O)N[C@@H](C(=O)O)C3CCC(=O)CC3)cc2)cc1,5.05,1
CHEMBL2115165,CC1(C)OC[C@H]([C@@H](CS(=O)(=O)c2ccc(Oc3ccc(OC(F)(F)F)cc3)cc2)N(O)C=O)O1,5.05,3
CHEMBL2333269,COc1ccc(CC(OC(=O)/C=C/c2ccc(OCc3ccccc3)cc2)C(=O)O)cc1OC,5.05,1
CHEMBL98304,O=C(c1ccccc1)[C@@H]1Cc2ccc(cc2)OCCCC[C@H](C(=O)NO)[C@@H](CCCc2cc(Br)cc(Br)c2)C(=O)N1,5.04,2
CHEMBL401445,CNC(=O)[C@H](Cc1c[nH]c2ccccc12)NC(=O)/C(=C/CCc1ccccc1)CC(=O)NO,5.04,1
CHEMBL512275,CCCOC(=O)N1CCC([C@@H](NS(=O)(=O)c2ccc(-c3ccc(OCC)cc3)s2)C(=O)O)CC1,5.03,1
CHEMBL100584,O=C(NO)C(CCn1nnc2ccccc2c1=O)COCCc1ccc(-c2ccc(Cl)cc2)cc1,5.02,2
CHEMBL115877,O=C(NO)C1(NS(=O)(=O)c2ccc(OCc3ccccc3F)cc2)CCOCC1,5.02,1
CHEMBL60567,COCCOC(=O)N(C)C1CCC([C@@H](NS(=O)(=O)c2ccc(-c3ccc(OC)cc3)cc2)C(=O)O)CC1,5.01,1
CHEMBL1683444,C[C@@H](C[C@@H](CS(=O)(=O)N1CCC(OCc2ccc(Cl)cc2Cl)CC1)N(O)C=O)c1ncc(F)cn1,5.01,1
CHEMBL1683453,C[C@@H](C[C@@](C)(CS(=O)(=O)N1CCC(CCc2ccc(F)cc2C(F)(F)F)CC1)N(O)C=O)c1ncc(F)cn1,5.01,1
CHEMBL5565553,O=C1OC[C@H]2OC(O)[C@@H]3OC(=O)c4cc(O)c(O)c(O)c4-c4c(cc(O)c(O)c4O)C(=O)O[C@@H]3[C@@H]2OC(=O)c2cc(O)c(O)c(O)c2-c2c1cc(O)c(O)c2O,5.01,1
CHEMBL127867,O=C(O)[C@H]1[C@H](Cn2nc3ccccn3c2=O)CC[C@@H]1Sc1ccc(-c2ccc(Cl)cc2)cc1,5.0,1
CHEMBL322476,CC(=O)N1CCN(S(=O)(=O)c2ccc(OCc3ccccc3C(F)(F)F)cc2)[C@@H](C(=O)NO)[C@@H]1C,5.0,1
CHEMBL96636,CC#CCOc1ccc(S(=O)(=O)N[C@@H](C(=O)NO)c2ccc(OCCNC)cc2)cc1,5.0,2
CHEMBL307320,CCCCCCCCN1C(=O)[C@H](Cc2cccnc2)NC(=O)[C@H]1CS,5.0,1
CHEMBL542088,Cl.O=C(c1ccncc1)c1ccc(S(=O)(=O)CC(CCCc2ccccc2)C(=O)NO)cc1,5.0,1
CHEMBL307372,Cn1ccc(=O)n(CC(CS(=O)(=O)c2ccc(Oc3ccc(OC(F)(F)F)cc3)cc2)N(O)C=O)c1=O,5.0,1
CHEMBL364574,Cc1ccccc1-c1ccc(S(=O)(=O)[C@@H]2CCOC[C@]2(O)C(=O)NO)cc1,5.0,1
CHEMBL196647,CC(C)ON([C@H](CCNC(=O)c1cccc(C(=O)NCC[C@H](C(=O)NO)N(OC(C)C)S(=O)(=O)c2ccc(-c3ccccc3)cc2)c1)C(=O)NO)S(=O)(=O)c1ccc(-c2ccccc2)cc1,5.0,1
CHEMBL1085257,COCCN1CCC(C(=O)NO)(S(=O)(=O)c2ccc(N3CCC(C(=O)Nc4ccccc4)CC3)cc2)CC1,5.0,1
CHEMBL1801429,O=C(NO)C1(S(=O)(=O)c2ccc(Oc3ccc(OC(F)(F)F)cc3)cc2)CCNCC1,5.0,1
CHEMBL1801414,COCCN1CCC(C(=O)NO)(S(=O)(=O)c2ccc(Oc3ccc(C(C)C)cc3)cc2)CC1,5.0,1
CHEMBL3897740,Cc1cc(COc2ccc(C(=O)NC[C@@H](C(=O)NO)N3CCCCC3)cc2)c2ccccc2n1,5.0,1
CHEMBL10881,O=C(O)C(CC#Cc1ccccc1)NS(=O)(=O)c1ccc(-c2ccc3c(c2)OCO3)cc1,4.99,1
CHEMBL2048511,CC(C)CC(=O)OC(C(=O)O)C(C)C,4.98,1
CHEMBL440527,CC(C)C[C@H](NC(=O)[C@H](Cc1c[nH]c2ccccc12)NC(=O)[C@@H](C)N)C(=O)Nc1ccccc1,4.97,1
CHEMBL2333281,COc1ccc(CC(OC(=O)/C=C/c2ccc3c(c2)OCC3)C(=O)NO)cc1OC,4.97,1
CHEMBL2333265,COc1ccc(CC(OC(=O)/C=C/c2ccc(Br)cc2)C(=O)O)cc1OC,4.97,1
CHEMBL24681,CNC(=O)[C@@H](Cc1ccc(O)cc1)NC(=O)C(CC(C)C)CP(=O)(O)Cc1ccccc1-c1ccccc1,4.96,1
CHEMBL249050,CNC(=O)[C@@H](Cc1ccc(OC)cc1)NC(=O)C(CC(C)C)CP(=O)(O)Cc1ccccc1-c1ccccc1,4.96,1
CHEMBL561036,CCCCOc1ccc(-c2ccc(S(=O)(=O)N(CC(=O)NO)OC(C)C)cc2)cc1,4.96,1
CHEMBL3358155,O=C1NC(=O)[C@](CNC(=O)c2cc3cc(Cl)ccc3o2)(c2nccs2)N1,4.96,1
CHEMBL5797936,O=C(O)c1csc(CN(Cc2ccccc2)Cc2ccccc2)n1,4.96,1
CHEMBL187265,O=c1c2cc(O)c(O)cc2oc2cc(O)cc(O)c12,4.95,1
CHEMBL5963948,O=C(O)c1c[nH]c(CN(Cc2ccc(F)cc2)Cc2ccc(OCc3ccccc3)cc2)n1,4.945,2
CHEMBL10335,CSc1ccc(-c2ccc(S(=O)(=O)NC(CC#CCN3CCOCC3)C(=O)O)cc2)cc1,4.94,1
CHEMBL2326364,O=C(O)Cc1ccccc1S(=O)(=O)c1ccc(-c2ccc(F)cc2)cc1,4.94,1
CHEMBL3960452,CC(C)[C@H](C(=O)O)N(CCNC(=O)c1cccc(C(=O)NCCN([C@@H](C(=O)O)C(C)C)S(=O)(=O)c2ccc(-c3ccccc3)cc2)c1)S(=O)(=O)c1ccc(-c2ccccc2)cc1,4.93,1
CHEMBL418631,O=C(O)C(CCN1C(=O)c2cc3ccccc3cc2C1=O)CC1(C(=O)NCCN2CCOCC2)CCCCC1,4.92,1
CHEMBL112232,Cc1ccccc1COc1ccc(S(=O)(=O)N2CCN[C@@H](C)[C@@H]2C(=O)NO)cc1,4.92,1
CHEMBL109833,C[C@@H]1NCCN(S(=O)(=O)c2ccc(OCc3ccccc3)cc2)[C@H]1C(=O)NO,4.92,1
CHEMBL28141,O=C(NO)[C@H]1C[C@@H](O)CCN1S(=O)(=O)c1ccc(OCc2ccccc2F)cc1,4.92,1
CHEMBL44455,CC(C)[C@H](NS(=O)(=O)c1ccc(-c2ccc([N+](=O)[O-])cc2)cc1)C(=O)O,4.92,1
CHEMBL114158,O=C(NO)C1(NS(=O)(=O)c2ccc(Oc3ccncc3)cc2)CCOCC1,4.92,1
CHEMBL115666,O=C(NO)C1(NS(=O)(=O)c2ccc(Oc3ccccn3)cc2)CCOCC1,4.92,1
CHEMBL78027,CNC(=O)[C@@H](NC(=O)C(CCc1ccccc1C)CP(=O)(O)Cc1ccc(Cc2ccccc2)cc1)C(C)(C)C,4.92,1
CHEMBL183935,Cc1ccccc1COc1ccc(S(=O)(=O)[C@@H]2CCOC[C@]2(O)C(=O)NO)cc1,4.92,1
CHEMBL181244,CC(C)ON(CC(=O)NO)S(=O)(=O)c1ccc(-c2ccccc2)cc1,4.92,3
CHEMBL574605,CC(C(=O)NO)c1ccccc1S(=O)(=O)c1ccc(-c2ccccc2)cc1,4.92,1
CHEMBL19855,O=C(NO)[C@H]1CN(Cc2ccc(Oc3ccc4ccccc4c3)cc2)C(=O)N1,4.9,1
CHEMBL432307,C[C@H](NS(=O)(=O)c1ccc(-c2ccc(Br)cc2)cc1)C(=O)O,4.89,1
CHEMBL183410,CCOCCC1(Oc2ccc(Oc3ccc(-c4nnco4)cc3)cc2)C(=O)NC(=O)C(N)C1=O,4.89,1
CHEMBL183886,O=C(NO)[C@@]1(O)COCC[C@H]1S(=O)(=O)c1ccc(OCc2cccc(Cl)c2Cl)cc1,4.89,1
CHEMBL494824,CCOc1ccc(-c2ccc(S(=O)(=O)N[C@@H](C(=O)O)C3CCN(S(=O)(=O)c4ccccc4)CC3)s2)cc1,4.89,1
CHEMBL560837,COc1ccc(-c2ccc(S(=O)(=O)N(CC(=O)NO)OC(C)C)cc2)cc1,4.89,1
CHEMBL550350,CC(C)ON(CC(=O)NO)S(=O)(=O)c1ccc(-c2ccc(OCc3ccc(Cl)cc3)cc2)cc1,4.89,1
CHEMBL550628,CCCCc1ccc(C#Cc2ccc(S(=O)(=O)N(CC(=O)NO)OC(C)C)s2)cc1,4.89,1
CHEMBL1795351,CCCCc1ccc(C#Cc2ccc(S(=O)(=O)NCC(=O)NO)s2)cc1,4.89,1
CHEMBL148406,Nc1ccc(S(=O)(=O)N2CCc3cc(O)ccc3C2C(=O)NO)cc1,4.88,1
CHEMBL10806,COc1ccc(-c2ccc(S(=O)(=O)NC(CC#CCN3CCOCC3)C(=O)O)cc2)cc1,4.86,1
CHEMBL2333271,COc1ccc(CC(OC(=O)/C=C/c2ccc(O)c(O)c2)C(=O)O)cc1OC,4.86,1
CHEMBL71120,O=C1N[C@H](CS)C(=O)N(CC2CCCCC2)[C@@H]1CC1CCCCC1,4.85,1
CHEMBL42938,CC(C)[C@@H](NS(=O)(=O)c1ccc(-c2ccc(C#N)cc2)cc1)C(=O)O,4.85,1
CHEMBL251917,Cc1cc(C2CCN(S(=O)(=O)C(C)(C)C(=O)NO)CC2)ccc1-c1cccc(OCCO)n1,4.85,2
CHEMBL241405,COC(=O)[C@@H](Cc1ccc(O)c(O)c1)OC(=O)/C=C/c1ccc(O)c(O)c1,4.83,2
CHEMBL281310,CNC(=O)[C@@H](Cc1ccc(O)cc1)NC(=O)C(CC(C)C)CP(=O)(O)Cc1ccccc1,4.82,1
CHEMBL27965,O=C(NO)[C@H]1CC[C@@H](O)CN1S(=O)(=O)c1ccc(OCc2ccccc2C(F)(F)F)cc1,4.82,1
CHEMBL28139,N#Cc1ccccc1COc1ccc(S(=O)(=O)N2C[C@H](O)CC[C@@H]2C(=O)NO)cc1,4.82,1
CHEMBL356124,COc1ccc(S(=O)(=O)N2CCc3cc(O)ccc3C2C(=O)NO)cc1,4.82,1
CHEMBL43063,O=C(CCc1ccccc1)NCCCC[C@H](NS(=O)(=O)c1ccc(-c2ccc(Br)cc2)cc1)C(=O)O,4.82,1
CHEMBL400292,CNC(=O)[C@@H](Cc1ccc(OC)cc1)NC(=O)C(CC(C)C)CP(=O)(O)Cc1ccccc1,4.82,1
CHEMBL5220101,CC[C@H](C)[C@H](Nc1c(N(C)O)c(=S)c1=O)C(=O)N[C@@H](Cc1ccccc1)C(=O)NC,4.82,1
CHEMBL297670,CC[C@H](N[C@H](CC(C)C)C(=O)N[C@@H](Cc1ccc(OC)cc1)C(=O)NC)P(=O)(O)O,4.81,1
CHEMBL28299,O=C(NO)[C@H]1C[C@@H](O)CCN1S(=O)(=O)c1ccc(OCc2cccc(F)c2)cc1,4.8,1
CHEMBL43879,CCCC(NC(CC(C)C)C(=O)N[C@@H](Cc1ccc(OC)cc1)C(=O)NC)P(=O)(O)O,4.8,1
CHEMBL253605,O=C(OCc1c(F)cc(F)cc1F)c1cccc(=O)[nH]1,4.8,1
CHEMBL3971551,CC(C)[C@H](C(=O)O)N(CCNC(=O)c1ccccc1)S(=O)(=O)c1ccc(-c2ccccc2)cc1,4.8,1
CHEMBL5931896,O=C(O)c1c[nH]c(CN(Cc2ccc(F)cc2)Cc2ccc(OC(c3ccccc3)c3ccccc3)cc2)n1,4.8,1
CHEMBL2048502,COC(=O)C1(O)CC(OC(=O)/C=C/c2ccc(O)c(O)c2)C(O)C(OC(=O)/C=C/c2ccc(O)c(O)c2)C1,4.79,1
CHEMBL94368,O=C(C[C@H](C(=O)N[C@@H](Cc1ccccc1)C(=O)NCc1ccccc1)c1ccccc1)NO,4.77,1
CHEMBL325150,Cc1ccccc1COc1ccc(S(=O)(=O)N2CCN(Cc3ccccc3)[C@@H](C)[C@@H]2C(=O)NO)cc1,4.77,1
CHEMBL5860213,O=C(O)c1csc(CN(Cc2ccc(F)cc2)Cc2ccc(-c3ccccc3)cc2)n1,4.77,1
CHEMBL45676,CNC(=O)[C@H](Cc1ccc(OC)cc1)NC(=O)[C@]1(CC(=O)NO)CCc2ccccc21,4.76,1
CHEMBL24628,CC(C)CC(CP(=O)(O)Cc1ccc(Cc2ccccc2)cc1)C(=O)NC(CO)C(C)(C)C,4.75,1
CHEMBL45040,CC(C)[C@H](NS(=O)(=O)c1ccc(-c2ccc(C#N)cc2)cc1)C(=O)O,4.75,1
CHEMBL342005,CC(C)C[C@H](NC(=O)[C@H](Cc1c[nH]c2ccccc12)NC(=O)[C@@H](C)N)C(=O)NCCc1ccccc1,4.75,1
CHEMBL2326363,O=C(O)Cc1ccccc1S(=O)(=O)c1ccc(-c2ccc(OCCF)cc2)cc1,4.73,1
CHEMBL27213,CNC(=O)[C@H](NC(=O)C(CCC1CCCCC1)CP(=O)(O)Cc1ccc(Cc2ccccc2)cc1)C(C)(C)C,4.72,1
CHEMBL184522,Cc1ccc(COc2ccc(S(=O)(=O)[C@@H]3CCOC[C@]3(O)C(=O)NO)cc2)c(C)c1,4.72,1
CHEMBL249242,CNC(=O)[C@@H](NC(=O)C(CCC1CCCCC1)CP(=O)(O)Cc1ccc(Cc2ccccc2)cc1)C(C)(C)C,4.72,1
CHEMBL254239,O=C(OCc1ccccc1Br)c1cccc(=O)[nH]1,4.72,1
CHEMBL253820,O=C(OCc1c(F)c(F)c(F)c(F)c1F)c1cccc(=O)[nH]1,4.72,1
CHEMBL3358156,Cn1ccnc1[C@]1(CNC(=O)c2cc3cc(Cl)ccc3o2)NC(=O)NC1=O,4.72,1
CHEMBL102441,COc1ccc(S(=O)(=O)N(CC(C)C)C(CCSCc2c(F)c(F)c(F)c(F)c2F)C(=O)NO)cc1,4.71,1
CHEMBL62186,CCCCCC[C@H](CC(=O)O)C(=O)N[C@@H](Cc1ccccc1)C(=O)NC,4.7,1
CHEMBL418472,CCCCCCCC[C@H](CC(=O)O)C(=O)N[C@H](C(=O)NC)C(C)(C)C,4.7,2
CHEMBL28159,CC(C)CC(CP(=O)(O)Cc1ccc(Cc2ccccc2)cc1)C(=O)NCC(C)(C)C,4.7,1
CHEMBL288099,O=C(c1ccc(S(=O)(=O)CC(CCCc2ccccc2)C(=O)NO)cc1)c1cc[n+]([O-])cc1,4.7,1
CHEMBL35476,O=C(c1ccccc1)c1ccc(S(=O)(=O)CC(CCCc2ccccc2)C(=O)O)cc1,4.7,1
CHEMBL94346,CCCNC(=O)P(=O)(O)O,4.7,1
CHEMBL563026,CC(C)ON(CC(=O)NO)S(=O)(=O)c1ccc(-c2ccc(F)cc2)s1,4.7,1
CHEMBL1795861,CCCCc1ccc(C#Cc2ccc(S(=O)(=O)N3CSC[C@H]3C(=O)NO)s2)cc1,4.68,1
CHEMBL27647,CNC(=O)[C@H](NC(=O)C(CCc1ccccc1)CP(=O)(O)Cc1ccccc1)C(C)(C)C,4.66,1
CHEMBL431570,CNC(=O)[C@H](Cc1ccc(OC)cc1)NC(=O)C(CCCCOc1ccccc1)CP(=O)(O)Cc1ccc(Cc2ccccc2)cc1,4.66,1
CHEMBL185158,Cc1cccc(COc2ccc(S(=O)(=O)[C@@H]3CCOC[C@]3(O)C(=O)NO)cc2)c1,4.66,1
CHEMBL254240,O=C(OCc1cccc(Br)c1)c1cccc(=O)[nH]1,4.66,1
CHEMBL29217,N#Cc1cccc(COc2ccc(S(=O)(=O)N3CC[C@H](O)C[C@@H]3C(=O)NO)cc2)c1,4.64,1
CHEMBL62089,COc1ccc(-c2ccc(S(=O)(=O)N[C@@H](C(=O)O)C3CCC(N4C(=O)CNC4=O)CC3)cc2)cc1,4.64,1
CHEMBL253374,O=C(OCc1ccc(F)cc1)c1cccc(=O)[nH]1,4.64,1
CHEMBL573935,O=C(O)Cc1ccccc1S(=O)(=O)c1ccc(-c2ccccc2)cc1,4.64,1
CHEMBL427366,CCc1ccc2oc(C(=O)Nc3ccc(-c4ccc(S(=O)(=O)N[C@H](C(=O)O)C(C)C)cc4)cc3)c(C)c2c1O,4.63,1
CHEMBL56367,CS(=O)(=O)Nc1ccc([N+](=O)[O-])cc1Oc1ccccc1,4.63,1
CHEMBL421,O=C(O)c1cc(/N=N/c2ccc(S(=O)(=O)Nc3ccccn3)cc2)ccc1O,4.63,1
CHEMBL29211,COc1cccc(COc2ccc(S(=O)(=O)N3CC[C@H](O)C[C@@H]3C(=O)NO)cc2)c1,4.62,1
CHEMBL43644,CC(C)[C@H](NS(=O)(=O)c1ccc(-c2ccc(Br)cc2)cc1)C(=O)NO,4.62,1
CHEMBL135216,CC(C)C[C@H](NC(=O)[C@H](Cc1c[nH]c2ccccc12)NC(=O)[C@@H](C)N)C(=O)NCc1ccccc1,4.62,1
CHEMBL1162966,O=C(OCc1ccc(C(F)(F)F)cc1)c1cccc(=O)[nH]1,4.62,1
CHEMBL10809,COCC#CCC(NS(=O)(=O)c1ccc(-c2ccc(Br)cc2)cc1)C(=O)O,4.61,1
CHEMBL33915,O=C(NO)C(CCCc1ccccc1)CS(=O)(=O)c1ccc(C(O)c2ccccc2)cc1,4.6,1
CHEMBL104446,C=CC1[C@H](C(=O)NO)N(S(=O)(=O)c2ccc(OC)cc2)CC1(C)C,4.6,1
CHEMBL97389,CCCCNC(=O)P(=O)([O-])O.[Na+],4.6,1
CHEMBL253823,O=C(OCc1cccc(Cl)c1)c1cccc(=O)[nH]1,4.6,1
CHEMBL251937,O=C(OC1CCC1)c1cccc(=O)[nH]1,4.6,1
CHEMBL2435340,O=C(NCc1ccc(-c2ccccc2)cc1)c1cccc(=O)n1O,4.6,1
CHEMBL5274715,O=C(NCc1ccc(-c2ccccc2)cc1)c1occc(=O)c1O,4.6,1
CHEMBL255374,Cc1cc(=O)c(O)c(C(=O)NCc2ccc(-c3ccccc3)cc2)o1,4.6,1
CHEMBL5272043,Cn1ccc(=O)c(O)c1C(=O)NCc1ccc(-c2ccccc2)cc1,4.6,1
CHEMBL5275186,Cc1cc(=O)c(O)c(C(=O)NCc2ccc(-c3ccccc3)cc2)n1C,4.6,1
CHEMBL279176,O=C(NO)[C@H]1CN(Cc2ccc(-c3ccc(F)cc3)cc2)C(=O)N1,4.59,1
CHEMBL42114,CC(C)[C@H](NS(=O)(=O)c1ccc(-c2ccc(N)cc2)cc1)C(=O)O,4.58,1
CHEMBL254238,O=C(OCc1ccc(Cl)cc1)c1cccc(=O)[nH]1,4.58,1
CHEMBL3617406,CC(=O)NCC[C@H](C(=O)NO)N(OC(C)C)S(=O)(=O)c1ccccc1,4.58,1
CHEMBL5980393,O=C(O)c1csc(CN(Cc2ccc(OCc3ccccc3)cc2)CC(c2ccccc2)c2ccccc2)n1,4.58,1
CHEMBL47076,O=C(O)C(CCS(=O)(=O)Cc1ccccc1)NS(=O)(=O)c1ccc(-c2ccc(Br)cc2)cc1,4.57,1
CHEMBL360704,O=C(NO)[C@@]1(O)COCC[C@H]1S(=O)(=O)c1ccc(OCc2cc(Cl)ccc2Cl)cc1,4.57,1
CHEMBL550548,CC(C)ON([C@@H](C(=O)NO)C(C)C)S(=O)(=O)c1ccc(-c2ccc(OCc3ccc(Cl)cc3)cc2)cc1,4.57,2
CHEMBL2337691,O=C(CNS(=O)(=O)c1ccc(OCc2ccccc2)cc1)NO,4.57,2
CHEMBL194377,CCc1ccc2oc(C(=O)Nc3ccc(-c4ccc(S(=O)(=O)N[C@H](C(=O)O)C(C)C)cc4)cc3)c(C)c2c1OC,4.55,1
CHEMBL398892,O=C(OCc1cccc(F)c1)c1cccc(=O)[nH]1,4.55,1
CHEMBL254006,O=C(OCc1cccc(C(F)(F)F)c1)c1cccc(=O)[nH]1,4.55,1
CHEMBL573934,COc1ccc(-c2ccc(S(=O)(=O)c3ccccc3C(=O)NO)cc2)cc1,4.55,1
CHEMBL94715,CC#CCOc1ccc(S(=O)(=O)NCC(=O)NO)cc1,4.55,1
CHEMBL28646,O=C(NO)[C@H]1C[C@@H](O)CCN1S(=O)(=O)c1ccc(OCc2ccccc2Cl)cc1,4.54,2
CHEMBL42067,CC(C)[C@H](NS(=O)(=O)c1ccc(-c2ccc(C#N)cc2)cc1)C(=O)NO,4.54,1
CHEMBL574370,O=C(Cc1ccccc1S(=O)(=O)c1ccc(-c2ccccc2)cc1)NO,4.54,1
CHEMBL61538,CCCCCCCCCCCCCCCC[C@H](CC(=O)O)C(=O)N[C@@H](Cc1ccccc1)C(=O)NC,4.52,1
CHEMBL29007,O=C(NO)[C@H]1CC[C@@H](O)CN1S(=O)(=O)c1ccc(OCc2ccccc2)cc1,4.52,1
CHEMBL414597,N#Cc1ccc(COc2ccc(S(=O)(=O)N3CC[C@H](O)C[C@@H]3C(=O)NO)cc2)cc1,4.52,1
CHEMBL28815,Cc1ccc(COc2ccc(S(=O)(=O)N3CC[C@H](O)C[C@@H]3C(=O)NO)cc2)cc1,4.52,1
CHEMBL419395,CC(C)C[C@H](NC(=O)[C@H](Cc1ccccc1)NP(=O)(O)CCCCN1C(=O)c2ccccc2C1=O)C(=O)NCc1ccccc1,4.52,1
CHEMBL97057,CCN(CC)C(=O)P(=O)(O)O,4.52,2
CHEMBL97951,O=C(NCC1CCCCC1)P(=O)(O)O,4.52,1
CHEMBL198262,COc1c(Br)ccc2oc(C(=O)Nc3ccc(-c4ccc(S(=O)(=O)N[C@H](C(=O)O)C(C)C)cc4)cc3)c(C)c12,4.52,1
CHEMBL148169,Cc1cc(COc2ccc([C@]3(C)CCN([C@H](C)C(=O)NO)C3=O)cc2)c2ccccc2n1,4.52,1
CHEMBL398450,O=C(OCc1cc(F)c(F)cc1F)c1cccc(=O)[nH]1,4.52,1
CHEMBL399070,O=C(OCc1ccccc1)c1cccc(=O)[nH]1,4.52,1
CHEMBL470830,COc1ccc(CNC(=O)c2oc(C)cc(=S)c2O)cc1,4.52,1
CHEMBL4850150,Cc1ccccc1N1CCN(C(=O)CC[C@@]2(c3ccccc3)NC(=O)NC2=O)CC1,4.52,1
CHEMBL4854306,Cc1ccc(Cl)cc1N1CCN(C(=O)CCC2(C3CC3)NC(=O)NC2=O)CC1,4.52,1
CHEMBL445939,CC(C)OC(=O)c1cccc(=O)[nH]1,4.51,1
CHEMBL87223,Cc1cc(N)c2cc(NC(=O)Nc3ccc4nc(C)cc(N)c4c3)ccc2n1,4.51,1
CHEMBL236446,CCCCCC/C=C(\CC(=O)NO)C(=O)N[C@@H](Cc1c[nH]c2ccccc12)C(=O)NC,4.5,1
CHEMBL254838,O=C(OC1CCCCC1)c1cccc(=O)[nH]1,4.5,1
CHEMBL2431030,O=C(CNS(=O)(=O)c1ccc(OCc2ccc(F)cc2)cc1)NO,4.5,1
CHEMBL366759,CC[P@@](=O)(c1ccccc1)N(Cc1ccccc1)[C@H](C)C(=O)NO,4.48,1
CHEMBL198039,COc1c(Cl)ccc2oc(C(=O)Nc3ccc(-c4ccc(S(=O)(=O)N[C@H](C(=O)O)C(C)C)cc4)cc3)c(C)c12,4.47,1
CHEMBL253375,O=C(OCc1c(F)cccc1F)c1cccc(=O)[nH]1,4.46,1
CHEMBL2333266,COc1ccc(CC(OC(=O)/C=C/c2ccccc2F)C(=O)O)cc1OC,4.46,1
CHEMBL328243,CNC(=O)[C@H](CC(C)C)NC(=O)[C@H](CC(C)C)CP(=O)(O)CNC(C)=O,4.43,1
CHEMBL44903,CNC(=O)CP(=O)(O)C[C@@H](CC(C)C)C(=O)N[C@@H](Cc1ccc(OC)cc1)C(=O)NC,4.43,1
CHEMBL425020,COc1c(C)ccc2oc(C(=O)Nc3ccc(-c4ccc(S(=O)(=O)N[C@H](C(=O)O)C(C)C)cc4)cc3)c(C)c12,4.43,1
CHEMBL194430,Cc1c(C(=O)Nc2ccc(-c3ccc(S(=O)(=O)N[C@H](C(=O)O)C(C)C)cc3)cc2)oc2ccc(Cl)c(OC(C)C)c12,4.43,1
CHEMBL254627,CC(C)=CCOC(=O)c1cccc(=O)[nH]1,4.43,1
CHEMBL484262,CC#CCOc1ccc(S(=O)(=O)CC2(C(=O)NO)CCN(c3c(C)noc3C)CC2)cc1,4.43,1
CHEMBL1795858,CCCCc1ccc(C#Cc2ccc(S(=O)(=O)N[C@H](Cc3ccc(C(=O)c4ccccc4)cc3)C(=O)NO)s2)cc1,4.43,1
CHEMBL2333267,COc1ccc(CC(OC(=O)/C=C/c2ccc([N+](=O)[O-])cc2)C(=O)O)cc1OC,4.42,1
CHEMBL48121,CC[C@@H](N[C@H](CC(C)C)C(=O)N[C@@H](Cc1ccc(OC)cc1)C(=O)NC)P(=O)(O)O,4.41,1
CHEMBL398838,O=C(Oc1ccsc1)c1cccc(=O)[nH]1,4.41,1
CHEMBL2331574,COc1ccc(CC(OC(=O)/C=C/c2ccc(C(F)(F)F)cc2)C(=O)O)cc1OC,4.41,1
CHEMBL3980860,O=C1NC(=O)[C@](CNC(=O)[C@@H](Cc2ccc(C(F)(F)F)cc2)C2CC2)(C2CC2)N1,4.41,1
CHEMBL93742,COc1ccc(S(=O)(=O)CC(NC(=O)CNC(=O)OCc2ccccc2)C(=O)NO)cc1,4.4,1
CHEMBL291133,O=C(NCCCC[C@H](NS(=O)(=O)c1ccc(-c2ccc(Br)cc2)cc1)C(=O)O)OCc1ccccc1,4.4,1
CHEMBL1160685,CC(C)CNC(=O)P(=O)(O)O.NC1CCCCC1,4.4,1
CHEMBL97510,CCC(C)NC(=O)P(=O)(O)O,4.4,1
CHEMBL1199579,CC(C)CNC(=O)P(=O)(O)O,4.4,1
CHEMBL297749,O=C(CCc1ccccc1)NCCC[C@H](NS(=O)(=O)c1ccc(-c2ccc(Br)cc2)cc1)C(=O)O,4.39,1
CHEMBL399684,O=C(OCc1cc(F)cc(F)c1)c1cccc(=O)[nH]1,4.39,1
CHEMBL44691,CCCCC(NC(CC(C)C)C(=O)N[C@@H](Cc1ccc(OC)cc1)C(=O)NC)P(=O)(O)O,4.38,1
CHEMBL253835,O=C(OCc1cccc(-c2ccccc2)c1)c1cccc(=O)[nH]1,4.38,1
CHEMBL2333263,COc1ccc(CC(OC(=O)/C=C/c2ccc(F)cc2)C(=O)O)cc1OC,4.38,1
CHEMBL2333264,COc1ccc(CC(OC(=O)/C=C/c2ccc(Cl)cc2)C(=O)O)cc1OC,4.37,1
CHEMBL523915,O=C(NCc1ccc(-c2ccccc2)cc1)c1cc(=S)c(O)co1,4.36,1
CHEMBL126923,O=C(O)[C@H]1[C@H](CN2C(=O)c3ccccc3C2=O)CC[C@@H]1SCCc1ccc(-c2ccccc2)cc1,4.35,1
CHEMBL254821,O=C(Oc1ccco1)c1cccc(=O)[nH]1,4.34,1
CHEMBL255051,O=C(OCCc1ccccc1)c1cccc(=O)[nH]1,4.33,1
CHEMBL5909648,O=C(O)c1csc(CN(Cc2ccc(F)cc2)Cc2ccc(OCc3ccncc3)cc2)n1,4.33,1
CHEMBL340455,O=C(O)[C@H]1[C@H](CN2C(=O)c3ccccc3C2=O)CC[C@@H]1SCCc1ccc(-c2ccc(Cl)cc2)cc1,4.3,1
CHEMBL59722,CCCCCCCCCCCC[C@H](CC(=O)NO)C(=O)N[C@@H](Cc1ccccc1)C(=O)NC,4.3,1
CHEMBL44898,O=C(O)CNS(=O)(=O)c1ccc(-c2ccc(Br)cc2)cc1,4.3,1
CHEMBL97034,CC(C)NC(=O)P(=O)(O)O,4.3,1
CHEMBL97838,O=C(N1CCOCC1)P(=O)(O)O,4.3,1
CHEMBL94348,CCNC(=O)P(=O)(O)O,4.3,1
CHEMBL306276,O=CN(O)C(CS(=O)(=O)c1ccc(Oc2ccc(OC(F)(F)F)cc2)cc1)C1CCC2(CC1)OCCO2,4.3,1
CHEMBL2114138,CC1(C)OC[C@@H]([C@@H](CS(=O)(=O)c2ccc(Oc3ccc(OC(F)(F)F)cc3)cc2)N(O)C=O)O1,4.3,2
CHEMBL75114,O=CN(O)C(CS(=O)(=O)c1ccc(Oc2ccc(OC(F)(F)F)cc2)cc1)C1CCCO1,4.3,1
CHEMBL306585,O=CN(O)C(CCC(=O)N1CCOCC1)CS(=O)(=O)c1ccc(Oc2ccc(OC(F)(F)F)cc2)cc1,4.3,1
CHEMBL78052,CS(=O)(=O)N1CCN(CCC(CS(=O)(=O)c2ccc(Oc3ccc(OC(F)(F)F)cc3)cc2)N(O)C=O)CC1,4.3,1
CHEMBL252326,CCCCCOC(=O)c1cccc(=O)[nH]1,4.3,1
CHEMBL254837,CC#CCOC(=O)c1cccc(=O)[nH]1,4.3,1
CHEMBL368347,COc1cc(C[C@@H](CO)[C@H](CO)Cc2ccc(O)c(OC)c2)ccc1O,4.3,1
CHEMBL3098997,Cc1cc(N)c2cc(NC(=O)c3cccc(-c4cncc5ccccc45)c3)ccc2n1,4.3,1
CHEMBL4097165,O=C1NC(=O)[C@](CNC(=O)c2cc3cc(C(F)(F)F)ccc3o2)(C2CC2)N1,4.3,1
CHEMBL1200448,O=P([O-])(O)C(Sc1ccc(Cl)cc1)P(=O)([O-])O.[Na+].[Na+],4.3,1
CHEMBL424130,O=C(NO)C1c2ccc(O)cc2CCN1S(=O)(=O)c1cc(Cl)ccc1Cl,4.3,1
CHEMBL5276809,O=C(O)[C@H]1[C@H](CN2C(=O)c3ccccc3C2=O)CC[C@@H]1SCc1ccc(-c2ccc(Cl)cc2)cc1,4.3,1
CHEMBL117225,Cc1cc(CCC[C@H](CC(=O)NO)C(=O)N[C@H](C(=O)N[C@H](C)c2ccccc2)C(C)(C)C)ccc1-c1ccccc1,4.29,3
CHEMBL399685,O=C(OCc1ccccc1Cl)c1cccc(=O)[nH]1,4.29,1
CHEMBL579068,CC(C(=O)O)c1ccccc1S(=O)(=O)c1ccc(-c2ccccc2)cc1,4.29,1
CHEMBL5798113,O=C(O)c1csc(CN(Cc2ccc(F)cc2)Cc2ccc(OCc3cccnc3)cc2)n1,4.29,1
CHEMBL434624,CC(C)C[C@H](NC(=O)[C@H](Cc1ccccc1)NC(=O)[C@@H](C)N)C(=O)Nc1ccccc1,4.28,1
CHEMBL5177477,O=P(O)(O)c1nc2cc(Cl)c(Cl)cc2nc1P(=O)(O)O,4.28,1
CHEMBL2333261,COc1ccc(CC(OC(=O)/C=C/c2ccccc2)C(=O)O)cc1OC,4.27,1
CHEMBL97612,N#Cc1ccc(C(=O)Nc2ccccc2N2CCCCC2)cc1,4.26,1
CHEMBL1683459,Cc1cnc(C)c(CCC2CCN(S(=O)(=O)C[C@](C)(C[C@H](C)c3ncc(F)cn3)N(O)C=O)CC2)c1,4.26,1
CHEMBL43276,O=C(O)[C@H](Cc1ccccc1)NS(=O)(=O)c1ccc(-c2ccc(Br)cc2)cc1,4.25,1
CHEMBL295871,O=C(O)C(CCSCc1ccccc1)NS(=O)(=O)c1ccc(-c2ccc(Br)cc2)cc1,4.25,1
CHEMBL254039,O=C(Oc1cccs1)c1cccc(=O)[nH]1,4.25,1
CHEMBL1795860,CCCCc1ccc(C#Cc2ccc(S(=O)(=O)N[C@H](Cc3csc4ccccc34)C(=O)NO)s2)cc1,4.25,1
CHEMBL3955404,CC(C)[C@H](Cc1ccc(C(F)(F)F)cc1)C(=O)NC[C@@]1(C2CC2)NC(=O)NC1=O,4.25,1
CHEMBL265769,CC(C)C(NC(=O)c1ccc(S(=O)(=O)NC(=O)c2ccc(Cl)c(S(=O)(=O)NC(=O)CSc3cc(C(C)(C)C)c(O)c(C(C)(C)C)c3)c2)cc1)C(=O)N1[C@@H](C(=O)NC(C(=O)C(F)(F)F)C(C)C)C[C@H]2CCCC[C@H]21,4.24,1
CHEMBL438519,O=C(OCCOc1ccccc1)c1cccc(=O)[nH]1,4.23,1
CHEMBL561038,CC(C)ON(CC(=O)NO)S(=O)(=O)c1ccc(Oc2ccccc2)cc1,4.23,1
CHEMBL199241,COc1c(I)ccc2oc(C(=O)Nc3ccc(-c4ccc(S(=O)(=O)N[C@H](C(=O)O)C(C)C)cc4)cc3)c(C)c12,4.22,1
CHEMBL2431016,O=C(CNS(=O)(=O)c1ccc(OCc2cccc(F)c2)cc1)NO,4.21,1
CHEMBL339610,CSc1ccc(-c2ccc(S[C@H]3CC[C@@H](Cn4c(=O)nc5ccccn5c4=O)[C@@H]3C(=O)O)cc2)cc1,4.2,1
CHEMBL253373,O=C(OCc1ccccc1F)c1cccc(=O)[nH]1,4.19,1
CHEMBL253801,Cc1ccc(COC(=O)c2cccc(=O)[nH]2)cc1,4.19,1
CHEMBL3098998,Cc1cc(N)c2cc(NC(=O)c3cccc(-c4cccc5ncccc45)c3)ccc2n1,4.19,1
CHEMBL339588,O=C(O)[C@@H]1[C@@H](Cn2nnc3ccccc3c2=O)CC[C@H]1Sc1ccc(-c2ccc(Cl)cc2)cc1,4.17,1
CHEMBL254038,O=C(OCc1cccc(Oc2ccccc2)c1)c1cccc(=O)[nH]1,4.17,1
CHEMBL253372,O=C(OCCCCOc1ccccc1)c1cccc(=O)[nH]1,4.17,1
CHEMBL126712,CC1(C)NC(=O)N(C[C@@H]2CC[C@H](Sc3ccc(-c4ccc(Cl)cc4)cc3)[C@H]2C(=O)O)C1=O,4.16,1
CHEMBL95068,O=C(N1CCCCC1)P(=O)(O)O,4.16,1
CHEMBL96438,CCCCN(CCCC)C(=O)P(=O)(O)O,4.16,1
CHEMBL399304,O=C(OCc1cc(F)ccc1F)c1cccc(=O)[nH]1,4.16,1
CHEMBL252965,COc1cccc(COC(=O)c2cccc(=O)[nH]2)c1,4.16,1
CHEMBL574589,O=C(NO)c1ccccc1S(=O)(=O)c1ccc(-c2ccccc2)cc1,4.14,1
CHEMBL2431031,O=C(CNS(=O)(=O)c1ccc(OCc2ccc(OC(F)(F)F)cc2)cc1)NO,4.13,1
CHEMBL251426,O=C(OCc1cccc(-c2ccccc2)c1)c1cccc(S)n1,4.12,1
CHEMBL253188,O=C(Oc1ccc2ccccc2c1)c1cccc(=O)[nH]1,4.12,1
CHEMBL250069,O=C(OCc1cccc(Oc2ccccc2)c1)c1cccc(S)n1,4.11,1
CHEMBL3098991,Cc1cc(N)c2cc(NC(=O)c3ccc(-c4cnc5ccccc5c4)cc3)ccc2n1,4.11,1
CHEMBL318664,CCC(CC)NC(=O)P(=O)(O)O,4.1,1
CHEMBL24447,O=C(NCCc1ccccc1)P(=O)(O)O,4.1,1
CHEMBL254448,O=C(OCc1ccc(Br)cc1)c1cccc(=O)[nH]1,4.09,1
CHEMBL254406,COc1cccc(COC(=O)c2cccc(S)n2)c1,4.07,1
CHEMBL254657,O=C(OC/C=C/c1ccccc1)c1cccc(=O)[nH]1,4.07,1
CHEMBL92847,CC(=O)N(C)[C@H](CS(=O)(=O)c1ccc(Oc2ccccc2)cc1)C(=O)NO,4.05,1
CHEMBL270296,N[C@@H]1CCCC[C@H]1NC(=O)P(=O)(O)O,4.05,1
CHEMBL5912425,CCOC(=O)c1csc(CN(Cc2ccc(F)cc2)Cc2ccc(-c3ccccc3)cc2)n1,4.05,1
CHEMBL250058,O=C(OCc1c(F)cccc1F)c1cccc(S)n1,4.04,1
CHEMBL5402198,CC(C)C[C@H](NC(=O)CNC(=O)CC[C@H](NS(=O)(=O)c1ccc(Cl)c(C(F)(F)F)c1)C(=O)O)C(=O)N[C@H](C(=O)N1CCC[C@H]1CC(N)=O)C(C)(C)C,4.04,1
CHEMBL1927184,O=C(O)CCCN1C(=O)S/C(=C\C=C\c2ccccc2)C1=O,4.03,1
CHEMBL5771219,Cc1cccn(CC2(c3ccc(Cc4ccc(F)cc4)cc3)NC(=O)NC2=O)c1=O,4.03,1
CHEMBL252523,O=C(OCCCc1ccccc1)c1cccc(S)n1,4.02,1
CHEMBL43206,CC(C)[C@H](NS(=O)(=O)c1ccc(-c2cccc(Br)c2)cc1)C(=O)O,4.0,1
CHEMBL251424,O=C(Oc1ccc2ccccc2c1)c1cccc(S)n1,4.0,1
CHEMBL253172,COc1ccc(COC(=O)c2cccc(=O)[nH]2)cc1,4.0,1
CHEMBL2431018,O=C(CNS(=O)(=O)c1ccc(OCc2cccc(-c3ccccc3)c2)cc1)NO,4.0,1
CHEMBL3358158,Cn1ccnc1[C@]1(CNC(=O)c2cc3cc(C(F)(F)F)ccc3o2)NC(=O)NC1=O,4.0,1
CHEMBL4450729,CCn1ccnc1[C@]1(CNC(=O)c2cc3cc(C(F)(F)F)ccc3o2)NC(=O)NC1=O,4.0,1
CHEMBL4436740,Cc1cnc([C@]2(CNC(=O)c3cc4cc(C(F)(F)F)ccc4o3)NC(=O)NC2=O)n1C,4.0,1
