molecule_chembl_id,canonical_smiles,pIC50_median,n_measurements
CHEMBL330028,CC(C)C(NS(=O)(=O)c1ccc(-c2ccccc2)cc1)C(=O)O,10.42,1
CHEMBL1801056,C#CCN1CCC(C(=O)NO)(S(=O)(=O)c2ccc(Oc3ccc(OC)cc3)cc2)CC1,9.7,1
CHEMBL400083,CNCCOc1cccc(-c2ccc(C3CCN(S(=O)(=O)C(C)(C)C(=O)NO)CC3)cc2C)c1,9.52,1
CHEMBL440498,O=C(NO)C1(CS(=O)(=O)c2ccc(Oc3ccc(Cl)cc3)cc2)CCOCC1,9.52,4
CHEMBL473539,CC1(C)SCCN(S(=O)(=O)c2ccc(Oc3ccccc3)cc2)[C@H]1C(=O)NO,9.52,1
CHEMBL251918,Cc1cc(C2CCN(S(=O)(=O)C(C)(C)C(=O)NO)CC2)ccc1-c1cccc(OCCN)c1,9.4,1
CHEMBL154044,CNC(=O)[C@@H](NC(=O)[C@H](CCCc1ccc(-c2ccccc2)c(C)c1)CC(=O)NO)C(C)(C)C,9.3,2
CHEMBL279078,CNC(=O)[C@H](Cc1cccc2c1CCCC2)NC(=O)[C@H](CC(C)C)[C@H](C)C(=O)NO,9.22,1
CHEMBL296911,COc1ccc(S(=O)(=O)N(CC(C)C)[C@@H](CCSCc2ccccc2)C(=O)NO)cc1,9.15,1
CHEMBL320402,COc1ccc(S(=O)(=O)N(CC(C)C)[C@H](CCSCc2ccccc2)C(=O)NO)cc1,9.15,1
CHEMBL342172,COc1ccc(S(=O)(=O)N2CCOCCSC(C)(C)[C@@H]2C(=O)NO)cc1,9.15,1
CHEMBL104022,COc1ccc(S(=O)(=O)N(CC(C)C)C(CCSCc2ccccc2)C(=O)NO)cc1,9.15,2
CHEMBL140970,COc1ccc(S(=O)(=O)N2CCCSC(C)(C)[C@@H]2C(=O)NO)cc1,9.15,3
CHEMBL141080,COc1ccc(S(=O)(=O)N2CCSC(C)(C)[C@@H]2C(=O)NO)cc1,9.15,1
CHEMBL4088630,COc1ccc(S(=O)(=O)N2CCSC(C)(C)C2C(=O)NO)cc1,9.15,1
CHEMBL279786,CNC(=O)[C@H](Cc1ccccc1)NC(=O)[C@H](CC(C)C)[C@H](CSc1cccs1)C(=O)NO,9.14,7
CHEMBL288896,COC(=O)c1ccc(NC(=O)[C@H](CC(C)C)NC(=O)[C@@H](CC(=O)NO)CC(C)C)cc1,9.1,1
CHEMBL102438,COc1ccc(CNC(=O)CN(C(CCSCc2ccccc2)C(=O)NO)S(=O)(=O)c2ccc(OC)cc2)cc1,9.05,1
CHEMBL149977,CCCCOc1ccc(S(=O)(=O)N2C/C(=N\OC)C[C@@H]2C(=O)NO)cc1,9.0,1
CHEMBL337594,COCOC1CSC(C)(C)[C@H](C(=O)NO)N(S(=O)(=O)c2ccc(OC)cc2)C1,9.0,1
CHEMBL252117,Cc1cc(C2CCN(S(=O)(=O)C(C)(C)C(=O)NO)CC2)ccc1-c1cccc(OCCN(C)C)c1,9.0,1
CHEMBL251917,Cc1cc(C2CCN(S(=O)(=O)C(C)(C)C(=O)NO)CC2)ccc1-c1cccc(OCCO)n1,9.0,2
CHEMBL398641,Cc1cc(C2CCN(S(=O)(=O)C(C)(C)C(=O)NO)CC2)ccc1-c1cccc(OCCO)c1,9.0,1
CHEMBL75094,CC1(C)SCCN(S(=O)(=O)c2ccc(Oc3ccncc3)cc2)[C@H]1C(=O)NO,8.96,5
CHEMBL317508,N#Cc1ccc(-c2ccc(OCC(CCn3nnc4ccccc4c3=O)C(=O)NO)cc2)cc1,8.96,1
CHEMBL344633,CC1(C)SCCCN(S(=O)(=O)c2ccc(-c3ccccn3)s2)[C@H]1C(=O)NO,8.96,1
CHEMBL105311,COc1ccc(S(=O)(=O)N(CC(=O)NC(c2ccccn2)c2ccccn2)C(CCSCc2ccccc2)C(=O)NO)cc1,8.96,1
CHEMBL125901,O=C(O)[C@H]1[C@H](Cn2nnc3ccccc3c2=O)CC[C@@H]1Sc1ccc(-c2ccncc2)cc1,8.92,1
CHEMBL321180,CC(C)C[C@@H](C(=O)N[C@H](C(=O)c1c[nH]c2ccccc12)C(C)(C)C)[C@H](O)C(=O)NO,8.92,1
CHEMBL111798,C=CC[C@H](C(=O)NO)[C@@H](CC(C)C)C(=O)N[C@H](C(=O)c1c[nH]c2ccccc12)C(C)(C)C,8.92,1
CHEMBL7108,COc1ccc(S(=O)(=O)N2CN(C(C)(C)C)C(=O)C[C@@H]2C(=O)NO)cc1,8.89,1
CHEMBL418291,CCCc1ccc(CC[C@H]2C(=O)N[C@H](C(=O)NC)Cc3ccc(cc3)OCCCC[C@@H]2C(=O)NO)cc1,8.82,1
CHEMBL3932562,CC(C)[C@H](NS(=O)(=O)c1ccc(-c2cccc(CNC(=O)c3nc4ccccc4c(=O)[nH]3)c2)cc1)C(=O)NO,8.82,1
CHEMBL102785,COc1ccc(S(=O)(=O)N(CC(=O)NC2CCCCC2)C(CCSCc2ccccc2)C(=O)NO)cc1,8.8,1
CHEMBL102798,COc1ccc(S(=O)(=O)N(CC(=O)NCc2ccccc2)C(CCSCc2ccccc2)C(=O)NO)cc1,8.8,1
CHEMBL324664,C=CC[C@H](C(=O)NO)[C@@H](CC(C)C)C(=O)N[C@@H](Cc1ccccc1)C(=O)c1ccc[nH]1,8.77,1
CHEMBL430524,C=CC[C@H](C(=O)NO)[C@@H](CC(C)C)C(=O)N[C@@H](Cc1ccccc1)C(=O)c1ncco1,8.74,2
CHEMBL304243,CNC(=O)[C@@H]1Cc2ccc(cc2)OCCCC[C@H](C(=O)NO)[C@@H](CCCCOCc2ccccc2)C(=O)N1,8.74,1
CHEMBL19843,CNC(=O)[C@@H](NC(=O)[C@H](CC(C)C)[C@H](C)C(=O)NO)c1ccccc1,8.72,1
CHEMBL151539,CCCOc1ccc(S(=O)(=O)N2C/C(=N\OC)C[C@@H]2C(=O)NO)cc1,8.7,1
CHEMBL440355,CCCCOc1ccc(S(=O)(=O)N2C/C(=N\OCC)C[C@@H]2C(=O)NO)cc1,8.7,1
CHEMBL150242,CO/N=C1/C[C@H](C(=O)NO)N(S(=O)(=O)c2ccc(Oc3ccccc3)cc2)C1,8.7,1
CHEMBL150342,CCCCOc1ccc(S(=O)(=O)N2C/C(=N\N3CCOCC3)C[C@@H]2C(=O)NO)cc1,8.7,1
CHEMBL147804,CCCN(C(=O)[C@H](C)O)[C@H]1C[C@H](C(=O)NO)N(S(=O)(=O)c2ccc(OC)cc2)C1,8.7,1
CHEMBL342102,CCCCOc1ccc(S(=O)(=O)N2C[C@@H](N3C(=O)CN(C)C3=O)C[C@@H]2C(=O)NO)cc1,8.7,1
CHEMBL442445,CCOc1cccc(-c2ccc(C3CCN(S(=O)(=O)C(C)(C)C(=O)NO)CC3)cc2C)c1,8.7,1
CHEMBL326489,CO[C@@H](NC(=O)[C@@H](NC(=O)[C@H](CCCc1ccc(-c2ccccc2)c(C)c1)CC(=O)NO)C(C)(C)C)c1ccccc1,8.68,1
CHEMBL503231,COC[C@@H](NC(=O)[C@@H](NC(=O)[C@H](CCCc1ccc(-c2ccccc2)c(C)c1)CC(=O)NO)C(C)(C)C)c1ccccc1,8.68,1
CHEMBL106016,COc1ccc(S(=O)(=O)N(CC(=O)NCc2cccnc2)C(CCSCc2ccccc2)C(=O)NO)cc1,8.66,1
CHEMBL281371,CNC(=O)[C@@H](NC(=O)[C@@H](CC(=O)NO)CC(C)C)C1CCCCC1,8.64,1
CHEMBL432991,C=CC[C@H](C(=O)NO)[C@@H](CC(C)C)C(=O)N[C@@H](Cc1ccccc1)C(=O)c1c[nH]c2ccccc12,8.64,2
CHEMBL126044,COc1ccc(S(=O)(=O)N2CCN(S(=O)(=O)c3sc(N)nc3C)CC2C(=O)NO)cc1,8.6,2
CHEMBL421029,COc1ccc(S(=O)(=O)N(CC(=O)NCc2c(OC)cc(OC)cc2OC)C(CCSCc2ccccc2)C(=O)NO)cc1,8.6,1
CHEMBL3889936,CC(C)C(CS(=O)(=O)c1ccc(-c2cccc(CNC(=O)c3nc4ccccc4c(=O)[nH]3)c2)cc1)N(O)C=O,8.6,1
CHEMBL345447,C[C@@H](NC(=O)[C@@H](NC(=O)[C@H](CCCc1ccc(-c2ccccc2)cc1)CC(=O)NO)C(C)(C)C)c1ccccc1,8.59,2
CHEMBL65159,CC(C)C[C@H]1C(=O)N[C@H](C(=O)Nc2ccccn2)Cc2ccc(cc2)OCCCC[C@@H]1C(=O)NO,8.59,1
CHEMBL3958969,O=C(NCc1cccc(OCCCS(=O)(=O)N2CCCCC2C(=O)NO)c1)c1nc2ccccc2c(=O)[nH]1,8.59,1
CHEMBL436205,CCCCOc1ccc(S(=O)(=O)N2CCCS(=O)(=O)C(C)(C)[C@@H]2C(=O)NO)cc1,8.57,2
CHEMBL111736,CC(C)C[C@H]1C(=O)N[C@H](C(=O)c2ccccc2)Cc2ccc(cc2)OCCCCC[C@@H]1C(=O)NO,8.57,1
CHEMBL151331,CCCCOc1ccc(S(=O)(=O)N2C/C(=N\N3CCNCC3)C[C@@H]2C(=O)NO)cc1,8.52,1
CHEMBL356471,CO/N=C1/C[C@H](C(=O)NO)N(S(=O)(=O)c2ccc(OC)cc2)C1,8.52,1
CHEMBL125104,O=C(O)[C@H]1[C@H](CN2C(=O)c3ccccc3C2=O)CC[C@@H]1SCc1ccc(-c2ccccc2)cc1,8.52,1
CHEMBL43113,Cc1ccc(-c2ccc(S(=O)(=O)N[C@H](C(=O)O)C(C)C)cc2)cc1,8.52,1
CHEMBL420657,COc1ccc(S(=O)(=O)N2CC(C)(C)C([C@H](O)CSc3ccccc3)[C@@H]2C(=O)NO)cc1,8.52,1
CHEMBL147903,CC(C)COc1ccc(S(=O)(=O)N2C[C@@H](N3C(=O)CN(C)C3=O)C[C@@H]2C(=O)NO)cc1,8.52,1
CHEMBL423015,CCCCOc1ccc(S(=O)(=O)N2C[C@@H](N3C(=O)NC(C)(C)C3=O)C[C@@H]2C(=O)NO)cc1,8.52,1
CHEMBL187092,C[C@@]1(O)CCCN(S(=O)(=O)c2ccc(OCc3ccc(F)cc3Cl)cc2)[C@H]1C(=O)NO,8.52,3
CHEMBL251916,COCCOc1cccc(-c2ccc(C3CCN(S(=O)(=O)C(C)(C)C(=O)NO)CC3)cc2C)c1,8.52,1
CHEMBL255030,COCc1cccc(-c2ccc(C3=CCN(S(=O)(=O)CC(=O)NO)CC3)cc2C)c1,8.52,1
CHEMBL254604,O=C(CS(=O)(=O)N1CC=C(c2ccc(-c3ccccc3)c(F)c2)CC1)NO,8.52,1
CHEMBL7390,COc1ccc(S(=O)(=O)N2CN(Cc3ccccc3)C(=O)C[C@@H]2C(=O)NO)cc1,8.51,1
CHEMBL437017,COc1ccc(S(=O)(=O)N2CN(Cc3ccccc3)C(=O)CC2C(=O)NO)cc1,8.51,1
CHEMBL123563,COc1ccc(S(=O)(=O)N2CCN(S(=O)(=O)c3c(C)noc3C)CC2C(=O)NO)cc1,8.49,2
CHEMBL317132,O=C(NO)C(CCn1nnc2ccccc2c1=O)COc1ccc(-c2ccc(Cl)cc2)cc1,8.49,1
CHEMBL419011,C=CC[C@H](C(=O)NO)[C@@H](CC(C)C)C(=O)N[C@@H](Cc1ccccc1)C(=O)c1cccs1,8.49,1
CHEMBL415482,COc1ccc(S(=O)(=O)N2CCN(Cc3ccccc3)C(=O)C[C@@H]2C(=O)NO)cc1,8.48,1
CHEMBL140152,COc1ccc(S(=O)(=O)N2CCCCC(C)(C)[C@@H]2C(=O)NO)cc1,8.48,1
CHEMBL5284688,COc1ccc(S(=O)(=O)N2CCCC(C)(C)CC2C(=O)NO)cc1,8.48,1
CHEMBL6572,COc1ccc(S(=O)(=O)N2C[C@@H]3CCCN3C(=O)C[C@@H]2C(=O)NO)cc1,8.47,1
CHEMBL325940,CC(C)C[C@H]1C(=O)N[C@H](C(=O)c2ccc(CO)cc2)Cc2ccc(cc2)OCCCC[C@@H]1C(=O)NO,8.47,1
CHEMBL123967,COc1ccc(S(=O)(=O)N2CCN(S(C)(=O)=O)CC2C(=O)NO)cc1,8.46,2
CHEMBL269019,COc1ccc(S(=O)(=O)N2CN(C3CCCCC3)C(=O)C[C@@H]2C(=O)NO)cc1,8.46,1
CHEMBL47468,COc1ccc(S(=O)(=O)N(CC(=O)NC(c2ccccc2)c2ccccc2)[C@H](CCSCc2ccccc2)C(=O)NO)cc1,8.43,1
CHEMBL420656,COc1ccc(S(=O)(=O)N(CC(=O)NC(c2ccccc2)c2ccccc2)C(CCSCc2ccccc2)C(=O)NO)cc1,8.43,1
CHEMBL156830,C[C@@H](NC(=O)[C@@H](NC(=O)[C@H](CCCc1ccc2c(c1)Cc1ccccc1-2)CC(=O)NO)C(C)(C)C)c1ccccc1,8.42,2
CHEMBL418292,CNC(=O)[C@@H]1Cc2ccc(cc2)OCCCC[C@H](C(=O)NO)[C@@H](CC(C)C)C(=O)N1,8.41,2
CHEMBL432882,CC(C)[C@@H](NS(=O)(=O)c1ccc(Oc2ccccc2)cc1)C(=O)NO,8.4,2
CHEMBL62007,CNC(=O)[C@@H]1Cc2ccc(cc2)OCCCCC[C@H](C(=O)NO)[C@@H](CC(C)C)C(=O)N1,8.4,2
CHEMBL144313,O=C(NO)[C@H]1C[C@H](N2CCCC2)CN1S(=O)(=O)c1ccc(Oc2ccc(F)cc2)cc1,8.4,1
CHEMBL255029,CCOc1cccc(-c2ccc(C3=CCN(S(=O)(=O)CC(=O)NO)CC3)cc2C)c1,8.4,1
CHEMBL428767,Cc1cccc(-c2ccc(C3=CCN(S(=O)(=O)CC(=O)NO)CC3)cc2C)c1,8.4,1
CHEMBL3417750,O=C(NO)C1(S(=O)(=O)c2ccc(Oc3ccc(OC(F)F)cc3)cc2)CCC2(CCNCC2)C1,8.4,1
CHEMBL3417745,O=C(NO)C1(S(=O)(=O)c2ccc(Oc3ccc(OC(F)(F)F)cc3)cc2)CCC2(CCNCC2)C1,8.4,2
CHEMBL104599,CC(C)CN(C(CCSCc1ccccc1)C(=O)NO)S(=O)(=O)c1ccc(Oc2ccccc2)cc1,8.38,1
CHEMBL4524116,O=C(NO)[C@@]1(NS(=O)(=O)c2ccc(Oc3ccc(F)cc3)cc2)C[C@H]2CC[C@@H](C1)O2,8.38,1
CHEMBL66134,CSCCNC(=O)[C@@H]1Cc2ccc(cc2)OCCCC[C@H](C(=O)NO)[C@@H](CC(C)C)C(=O)N1,8.38,1
CHEMBL123499,CCCCCCN(C)C(=O)N1CCN(S(=O)(=O)c2ccc(OC)cc2)C(C(=O)NO)C1,8.37,2
CHEMBL100584,O=C(NO)C(CCn1nnc2ccccc2c1=O)COCCc1ccc(-c2ccc(Cl)cc2)cc1,8.37,2
CHEMBL140568,COc1ccc(S(=O)(=O)N2CCCSCC2C(=O)NO)cc1,8.37,1
CHEMBL4067375,COc1ccc(S(=O)(=O)N2CCCSC[C@@H]2C(=O)NO)cc1,8.37,1
CHEMBL279964,CNC(=O)[C@@H](NC(=O)[C@@H](CC(=O)NO)CC(C)C)c1ccccc1,8.36,1
CHEMBL347595,CC(C)(C)[C@H](NC(=O)[C@H](CCCc1ccccc1)CC(=O)NO)C(=O)Nc1ccncc1,8.36,2
CHEMBL111104,C=CC[C@H](C(=O)NO)[C@@H](CC(C)C)C(=O)N[C@@H](Cc1ccccc1)C(=O)c1ccccc1,8.35,1
CHEMBL407443,COc1ccc(S(=O)(=O)N(CC(=O)NCc2cc(OC)cc(OC)c2)C(CCSCc2ccccc2)C(=O)NO)cc1,8.33,1
CHEMBL357728,CC(C)(C)O/N=C1/C[C@H](C(=O)NO)N(S(=O)(=O)c2ccc(Oc3ccncc3)cc2)C1,8.3,1
CHEMBL150655,COc1ccc(S(=O)(=O)N2C/C(=N\O)C[C@@H]2C(=O)NO)cc1,8.3,1
CHEMBL150483,CO/N=C1/C[C@H](C(=O)NO)N(S(=O)(=O)c2ccc(Oc3ccncc3)cc2)C1,8.3,1
CHEMBL150027,O=C(NO)[C@H]1C/C(=N/Oc2ccccc2)CN1S(=O)(=O)c1ccc(Oc2ccncc2)cc1,8.3,1
CHEMBL150077,CCCCOc1ccc(S(=O)(=O)N2C/C(=N\O)C[C@@H]2C(=O)NO)cc1,8.3,1
CHEMBL340771,N#Cc1ccc(-c2ccc(S[C@H]3CC[C@@H](Cn4nnc5ccccc5c4=O)[C@@H]3C(=O)O)cc2)cc1,8.3,1
CHEMBL323371,O=C(NO)C(CCn1nnc2ccccc2c1=O)COc1ccc(-c2ccccc2)cc1,8.3,1
CHEMBL43479,CC(C)[C@@H](NS(=O)(=O)c1ccc(-c2ccc(C#N)cc2)cc1)C(=O)NO,8.3,1
CHEMBL42938,CC(C)[C@@H](NS(=O)(=O)c1ccc(-c2ccc(C#N)cc2)cc1)C(=O)O,8.3,1
CHEMBL40351,COC(=O)c1ccc2[nH]c([C@H](CC(C)C)NC(=O)[C@@H](CC(=O)NO)CC(C)C)nc2c1,8.3,1
CHEMBL422848,O=C(NO)[C@H]1C[C@H](N2CCCC2)CN1S(=O)(=O)c1ccc(Oc2ccccc2)cc1,8.3,1
CHEMBL344999,CCCCOc1ccc(S(=O)(=O)N2C[C@@H](N3CCOCC3)C[C@@H]2C(=O)NO)cc1,8.3,1
CHEMBL389898,CC(C)[C@H](NS(=O)(=O)c1ccc(-c2ccc(N3CCCC3)cc2)cc1)P(=O)(O)O,8.3,1
CHEMBL254817,COc1cccc(-c2ccc(C3=CCN(S(=O)(=O)CC(=O)NO)CC3)cc2C)c1,8.3,1
CHEMBL3417766,COc1ccc(Oc2ccc(S(=O)(=O)C3(C(=O)NO)CCC4(CCN(C(C)=O)CC4)C3)cc2)cc1,8.3,1
CHEMBL324874,CC(C)C[C@H]1C(=O)N[C@H](C(=O)c2c[nH]c3ccccc23)Cc2ccc(cc2)OCCCCC[C@@H]1C(=O)NO,8.29,1
CHEMBL333586,CCOCCCOC(=O)N1CCN(S(=O)(=O)c2ccc(OC)cc2)C(C(=O)NO)C1,8.28,3
CHEMBL339588,O=C(O)[C@@H]1[C@@H](Cn2nnc3ccccc3c2=O)CC[C@H]1Sc1ccc(-c2ccc(Cl)cc2)cc1,8.28,1
CHEMBL268377,COc1ccc(S(=O)(=O)N2CN(C(C)C)C(=O)C[C@@H]2C(=O)NO)cc1,8.28,1
CHEMBL320442,COc1ccc(S(=O)(=O)N(CC(C)C)C(CCSCc2ccsc2)C(=O)NO)cc1,8.27,1
CHEMBL320782,CC(C)C[C@H](CC(=O)NO)C(=O)N[C@@H](Cc1ccccc1)C(=O)c1c[nH]c2ccccc12,8.25,1
CHEMBL105279,COc1ccc(S(=O)(=O)N(CC(C)C)C(CCSCc2cccc(OC)c2)C(=O)NO)cc1,8.24,1
CHEMBL357233,COc1ccc(S(=O)(=O)N2CCOCC2C(=O)NO)cc1,8.24,1
CHEMBL117225,Cc1cc(CCC[C@H](CC(=O)NO)C(=O)N[C@H](C(=O)N[C@H](C)c2ccccc2)C(C)(C)C)ccc1-c1ccccc1,8.23,4
CHEMBL151235,CONC1C[C@H](C(=O)NO)N(S(=O)(=O)c2ccc(Oc3ccccc3)cc2)C1,8.22,1
CHEMBL45040,CC(C)[C@H](NS(=O)(=O)c1ccc(-c2ccc(C#N)cc2)cc1)C(=O)O,8.22,1
CHEMBL342548,COc1ccc(S(=O)(=O)N2C[C@@H](N(C)S(C)(=O)=O)C[C@@H]2C(=O)NO)cc1,8.22,1
CHEMBL148136,COc1ccc(S(=O)(=O)N2C[C@@H](N(Cc3cccnc3)S(C)(=O)=O)C[C@@H]2C(=O)NO)cc1,8.22,1
CHEMBL423572,CCCCOc1ccc(S(=O)(=O)N2C[C@@H](NS(=O)(=O)c3cn(C)cn3)C[C@@H]2C(=O)NO)cc1,8.22,1
CHEMBL343855,CN1CC(=O)N([C@H]2C[C@H](C(=O)NO)N(S(=O)(=O)c3ccc(Oc4ccccc4)cc3)C2)C1=O,8.22,1
CHEMBL254398,O=C(CS(=O)(=O)N1CC=C(c2ccc(-c3ccccc3)cc2)CC1)NO,8.22,1
CHEMBL3417765,COc1ccc(Oc2ccc(S(=O)(=O)C3(C(=O)NO)CCC4(CCN(CCC(F)(F)F)CC4)C3)cc2)cc1,8.22,1
CHEMBL3417748,Cc1ccc(Oc2ccc(S(=O)(=O)C3(C(=O)NO)CCC4(CCNCC4)C3)cc2)cc1,8.22,1
CHEMBL105535,COc1ccc(S(=O)(=O)N(CC(C)C)C(CCSCc2cccnc2)C(=O)NO)cc1,8.21,1
CHEMBL433262,CC(C)[C@@H](NS(=O)(=O)c1ccc(-c2ccc(Br)cc2)cc1)C(=O)NO,8.2,2
CHEMBL427616,COc1ccc(S(=O)(=O)N2CC[C@H](C(=O)NO)N(S(=O)(=O)c3ccc(OC)cc3)CC2)cc1,8.2,2
CHEMBL140004,CC1(C)SCCCN(S(=O)(=O)c2ccc(Oc3ccncc3)cc2)[C@H]1C(=O)NO,8.2,1
CHEMBL102698,COc1ccc(S(=O)(=O)N2CC(C)(C)C(CSCCc3ccccc3)[C@@H]2C(=O)NO)cc1,8.19,1
CHEMBL7756,COc1ccc(S(=O)(=O)N2CCN(C(C)C)C(=O)C[C@@H]2C(=O)NO)cc1,8.19,1
CHEMBL344634,CC1(C)SCCCN(S(=O)(=O)c2ccc(-c3ccc(F)cc3)cc2)[C@H]1C(=O)NO,8.19,1
CHEMBL411851,C=CC[C@H](C(=O)NO)[C@@H](CC(C)C)C(=O)N[C@@H](Cc1ccccc1)C(=O)c1cc[nH]c1,8.18,1
CHEMBL139884,CCCCOc1ccc(S(=O)(=O)N2CCCSC(C)(C)[C@@H]2C(=O)NO)cc1,8.18,2
CHEMBL350231,CC(C)(C)[C@H](NC(=O)[C@H](CCCc1ccccc1)CC(=O)NO)C(=O)NC1CCCC1,8.17,2
CHEMBL102415,COc1ccc(S(=O)(=O)N2CC(C)(C)C(CSCc3ccccc3)[C@@H]2C(=O)NO)cc1,8.17,1
CHEMBL515980,CC(C)[C@H](C(=O)NO)N(CC(=O)O)S(=O)(=O)c1ccc(Oc2ccccc2)cc1,8.17,1
CHEMBL5289570,COc1ccc(S(=O)(=O)N2CC(C)(C)C(CCSCc3ccccc3)C2C(=O)NO)cc1,8.17,1
CHEMBL342210,COc1ccc(S(=O)(=O)N2CCCS(=O)(=O)C(C)(C)[C@@H]2C(=O)NO)cc1,8.16,3
CHEMBL66532,CC(C)C[C@H]1C(=O)N[C@H](C(=O)NCCc2ccc(S(N)(=O)=O)cc2)Cc2ccc(cc2)OCCCC[C@@H]1C(=O)NO,8.16,1
CHEMBL47076,O=C(O)C(CCS(=O)(=O)Cc1ccccc1)NS(=O)(=O)c1ccc(-c2ccc(Br)cc2)cc1,8.15,1
CHEMBL44062,CC(C)C[C@H](NS(=O)(=O)c1ccc(-c2ccc(Br)cc2)cc1)C(=O)O,8.15,1
CHEMBL140788,COc1ccc(S(=O)(=O)N2CCCCCC2C(=O)NO)cc1,8.15,1
CHEMBL100100,CN(C)c1cccc2c(S(=O)(=O)N(C)C[C@H](C(=O)NO)[C@@H](CC3CCCC3)C(=O)N3CCCCC3)cccc12,8.15,2
CHEMBL149431,COc1ccc(S(=O)(=O)N2C[C@@H](NC(=O)[C@H](C)OCc3ccccc3)C[C@@H]2C(=O)NO)cc1,8.15,1
CHEMBL434505,C=CCN1CC(=O)N([C@H]2C[C@H](C(=O)NO)N(S(=O)(=O)c3ccc(OCCCC)cc3)C2)C1=O,8.15,1
CHEMBL421766,O=C(NO)[C@H]1C[C@H](N2CCOCC2)CN1S(=O)(=O)c1ccc(Oc2ccccc2)cc1,8.15,1
CHEMBL147004,CCCOc1ccc(S(=O)(=O)N2C[C@@H](N3CCOCC3)C[C@@H]2C(=O)NO)cc1,8.15,1
CHEMBL1801044,O=C(NO)C1(S(=O)(=O)c2ccc(Oc3ccccc3)cc2)CCOCC1,8.15,1
CHEMBL3417755,COc1cccc(Oc2ccc(S(=O)(=O)C3(C(=O)NO)CCC4(CCNCC4)C3)cc2)c1,8.15,1
CHEMBL152277,C[C@@H](NC(=O)[C@@H](NC(=O)[C@H](CCCc1ccc(-c2ccccc2)c(F)c1)CC(=O)NO)C(C)(C)C)c1ccccc1,8.14,2
CHEMBL441662,COc1ccc(S(=O)(=O)N2CCCCCSC(C)(C)[C@@H]2C(=O)NO)cc1,8.14,1
CHEMBL320045,CC(C)C[C@H]1C(=O)N[C@H](C(=O)c2ccc[nH]2)Cc2ccc(cc2)OCCCC[C@@H]1C(=O)NO,8.14,1
CHEMBL341570,COc1ccc(S(=O)(=O)N2C[C@@H](O)CS(=O)(=O)C(C)(C)[C@@H]2C(=O)NO)cc1,8.14,1
CHEMBL19611,CNC(=O)[C@H](Cc1c[nH]c2ccccc12)NC(=O)[C@@H](CC(=O)NO)CC(C)C,8.13,10
CHEMBL123627,COc1ccc(S(=O)(=O)N2CCN(C(=O)c3ccco3)CC2C(=O)NO)cc1,8.12,2
CHEMBL432397,CC(C)C[C@@H](C(=O)N[C@@H](Cc1ccccc1)C(=O)c1c[nH]c2ccccc12)[C@H](O)C(=O)NO,8.11,1
CHEMBL45631,CNC(=O)[C@@H]1Cc2ccc(cc2)OCCC[C@H](C(=O)NO)[C@@H](CC(C)C)C(=O)N1,8.11,1
CHEMBL125138,O=C(O)[C@H]1[C@H](Cn2nnc3ccccc3c2=O)CC[C@@H]1Sc1ccc(-c2nc3ccccc3s2)cc1,8.1,1
CHEMBL44383,COc1ccc(-c2ccc(S(=O)(=O)N[C@H](C(=O)O)C(C)C)cc2)cc1,8.1,3
CHEMBL46830,CC(C)[C@H](NS(=O)(=O)c1ccc(-c2ccc(C=O)cc2)cc1)C(=O)O,8.1,1
CHEMBL42420,CC(C)[C@@H](NS(=O)(=O)c1ccc(-c2ccc(Br)cc2)cc1)C(=O)O,8.1,1
CHEMBL16554,CCCCCCC[C@H](CC(=O)CS)C(=O)N[C@H](C(=O)NC)C(C)(C)C,8.1,1
CHEMBL296874,CC(C)C[C@H](CC(=O)NO)C(=O)N[C@@H](CC(C)C)c1nc2ccccc2[nH]1,8.1,1
CHEMBL357871,CCCCOc1ccc(S(=O)(=O)N2C[C@@H](N)C[C@@H]2C(=O)NO)cc1,8.1,1
CHEMBL343653,O=C(NO)[C@H]1C[C@H](N2CCCCC2)CN1S(=O)(=O)c1ccc(Oc2ccccc2)cc1,8.1,1
CHEMBL147561,CCCOc1ccc(S(=O)(=O)N2C[C@@H](NC(=O)[C@H](C)O)C[C@@H]2C(=O)NO)cc1,8.1,1
CHEMBL147107,CCCOc1ccc(S(=O)(=O)N2C[C@@H](N3CCCC3)C[C@@H]2C(=O)NO)cc1,8.1,1
CHEMBL358812,COc1ccc(S(=O)(=O)N2C[C@@H](N3C(=O)CN(C)C3=O)C[C@@H]2C(=O)NO)cc1,8.1,1
CHEMBL343220,CCCCOc1ccc(S(=O)(=O)N2C[C@@H](NC(=O)[C@@H](O)C(C)C)C[C@@H]2C(=O)NO)cc1,8.1,1
CHEMBL148213,CCCOc1ccc(S(=O)(=O)N2C[C@@H](N3CCCS3(=O)=O)C[C@@H]2C(=O)NO)cc1,8.1,1
CHEMBL154440,CC(C)(C)[C@H](NC(=O)[C@H](CCCc1ccc(-c2ccccc2)cc1)CC(=O)NO)C(=O)NC(c1ccccc1)c1ccccc1,8.06,2
CHEMBL338007,COc1ccc(S(=O)(=O)N2CCN(C(=O)OCc3cccnc3)CC2C(=O)NO)cc1,8.05,2
CHEMBL151718,COc1ccc(S(=O)(=O)N2C/C(=N\OC(C)(C)C)C[C@@H]2C(=O)NO)cc1,8.05,1
CHEMBL47254,CC(C)[C@H](NS(=O)(=O)c1ccc(-c2ccc(C(F)(F)F)cc2)cc1)C(=O)O,8.05,1
CHEMBL296196,CC(C)[C@H](NS(=O)(=O)c1ccc(-c2ccc(Cl)cc2)cc1)C(=O)O,8.05,2
CHEMBL16519,CCCCCCC[C@H](C[C@H](O)CS)C(=O)N[C@H](C(=O)NC)C(C)(C)C,8.05,1
CHEMBL325552,CC(C)C[C@H]1C(=O)N[C@H](C(=O)c2ccccc2)Cc2ccc(cc2)OCCCC[C@@H]1C(=O)NO,8.05,1
CHEMBL358061,CCCOc1ccc(S(=O)(=O)N2C[C@@H](N3CCCCC3)C[C@@H]2C(=O)NO)cc1,8.05,1
CHEMBL344714,CCCOc1ccc(S(=O)(=O)N2C[C@@H](N3C(=O)CN(C)C3=O)C[C@@H]2C(=O)NO)cc1,8.05,1
CHEMBL3417742,COc1ccc(Oc2ccc(S(=O)(=O)C3(C(=O)NO)CCC4(CCNCC4)C3)cc2)cc1,8.05,1
CHEMBL43152,CC(C)[C@H](NS(=O)(=O)c1ccc(-c2ccc(Br)cc2)cc1)C(=O)O,8.04,2
CHEMBL74670,CNC(=O)[C@H](NC(=O)[C@H](CC(C)C)[C@@H](CN1C(=O)c2ccccc2C1=O)C(=O)NO)C(C)(C)C,8.04,1
CHEMBL64013,CNC(=O)[C@@H]1Cc2ccc(cc2)OCCCC[C@H](C(=O)NO)[C@@H](CCCc2ccc(C)cc2)C(=O)N1,8.04,1
CHEMBL126712,CC1(C)NC(=O)N(C[C@@H]2CC[C@H](Sc3ccc(-c4ccc(Cl)cc4)cc3)[C@H]2C(=O)O)C1=O,8.03,1
CHEMBL338077,COc1ccc(S(=O)(=O)N2CCN(C(=O)COc3ccccc3)CC2C(=O)NO)cc1,8.02,2
CHEMBL432842,CNC(=O)[C@@H](NC(=O)[C@H](CCCc1ccccc1)CC(=O)NO)c1ccccc1,8.02,1
CHEMBL5199189,COc1ccc(-c2cn(-c3ccc(S(=O)(=O)C4(C(=O)NO)CCOCC4)cc3)nn2)cc1,8.02,1
CHEMBL109239,CC(C)C[C@H]1C(=O)N[C@H](C(=O)c2ccc(S(C)(=O)=O)cc2)Cc2ccc(cc2)OCCCC[C@@H]1C(=O)NO,8.01,1
CHEMBL126461,O=C(NO)C(CCn1nnc2ccccc2c1=O)CSc1ccc(-c2ccc(Cl)cc2)cc1,8.0,1
CHEMBL443818,CC(C)(C)[C@H](NC(=O)[C@H](CCCc1ccc(-c2ccccc2)c(F)c1)CC(=O)NO)C(=O)NC(c1ccccc1)c1ccccc1,8.0,2
CHEMBL44898,O=C(O)CNS(=O)(=O)c1ccc(-c2ccc(Br)cc2)cc1,8.0,1
CHEMBL418442,CC(C)[C@H](NS(=O)(=O)c1ccc(-c2ccc(F)cc2)cc1)C(=O)O,8.0,2
CHEMBL43063,O=C(CCc1ccccc1)NCCCC[C@H](NS(=O)(=O)c1ccc(-c2ccc(Br)cc2)cc1)C(=O)O,8.0,1
CHEMBL138814,COc1ccc(S(=O)(=O)N2Cc3cc(O)ccc3CC2C(=O)NO)cc1,8.0,1
CHEMBL139542,COc1ccc(S(=O)(=O)N2Cc3cc(N)ccc3CC2C(=O)NO)cc1,8.0,1
CHEMBL349124,CC(C)(C)[C@H](NC(=O)[C@H](CCCc1ccccc1)[C@H](O)C(=O)NO)C(=O)NC(c1ccccc1)c1ccccc1,8.0,1
CHEMBL322412,COc1ccc(S(=O)(=O)N2CC(C)(C)C(COCc3ccccc3)[C@@H]2C(=O)NO)cc1,8.0,1
CHEMBL109596,C=CC[C@H](C(=O)NO)[C@@H](CC(C)C)C(=O)N[C@@H](Cc1ccccc1)C(=O)c1cccnc1,8.0,1
CHEMBL140511,CC1(C)SCCCN(S(=O)(=O)c2ccc(Br)cc2)[C@H]1C(=O)NO,8.0,2
CHEMBL356520,CCCCOc1ccc(S(=O)(=O)N2C[C@@H](NC(=O)[C@H](C)O)C[C@@H]2C(=O)NO)cc1,8.0,1
CHEMBL147629,CCCN([C@H]1C[C@H](C(=O)NO)N(S(=O)(=O)c2ccc(OC)cc2)C1)S(C)(=O)=O,8.0,1
CHEMBL147005,CCCCOc1ccc(S(=O)(=O)N2C[C@@H](N3C(=O)CN(CCC)C3=O)C[C@@H]2C(=O)NO)cc1,8.0,1
CHEMBL342570,COc1ccc(S(=O)(=O)N2C[C@@H](N(Cc3cccnc3)C(=O)C(C)C)C[C@@H]2C(=O)NO)cc1,8.0,1
CHEMBL343911,COc1ccc(S(=O)(=O)N2C[C@@H](NC(=O)[C@H](Cc3ccccc3)OCc3ccccc3)C[C@@H]2C(=O)NO)cc1,8.0,1
CHEMBL147738,CCCCOc1ccc(S(=O)(=O)N2C[C@@H](NC(=O)[C@@H](O)CC(C)C)C[C@@H]2C(=O)NO)cc1,8.0,1
CHEMBL255575,Cc1cc(=O)c(O)c(C(=O)NCc2ccc(-c3ccc(C#N)cc3)cc2)o1,8.0,1
CHEMBL3417764,COc1ccc(Oc2ccc(S(=O)(=O)C3(C(=O)NO)CCC4(CCN(C)CC4)C3)cc2)cc1,8.0,1
CHEMBL3392650,CC1(C)SCCN(S(=O)(=O)c2ccc(OCC#CCO)cc2)C1C(=O)NO,8.0,1
CHEMBL206815,CC1(C)SCCN(S(=O)(=O)c2ccc(OCC#CCO)cc2)[C@H]1C(=O)NO,8.0,2
CHEMBL4785595,C=CC[C@H](C(=O)NO)[C@@H](CC(C)C)C(=O)N[C@H](C(=O)NC)C(C)(C)C,8.0,1
CHEMBL104021,COc1ccc(S(=O)(=O)N(CC(C)C)C(CCS(=O)(=O)Cc2ccccc2)C(=O)NO)cc1,7.99,1
CHEMBL435206,COc1ccc(S(=O)(=O)N2CCN(c3nc(-c4ccccc4)cs3)CC2C(=O)NO)cc1,7.96,2
CHEMBL151133,CCCCOc1ccc(S(=O)(=O)N2C/C(=N\OC(C)(C)C)C[C@@H]2C(=O)NO)cc1,7.96,1
CHEMBL140569,CC1(C)SCCCN(S(=O)(=O)c2ccc(Oc3ccccc3)cc2)[C@H]1C(=O)NO,7.96,2
CHEMBL343414,CN1CC(=O)N([C@H]2C[C@H](C(=O)NO)N(S(=O)(=O)c3ccc(Oc4ccncc4)cc3)C2)C1=O,7.96,1
CHEMBL148081,C=CCN1CC(=O)N([C@H]2C[C@H](C(=O)NO)N(S(=O)(=O)c3ccc(OCCC)cc3)C2)C1=O,7.96,1
CHEMBL1795862,CCCCc1ccc(C#Cc2ccc(S(=O)(=O)N3Cc4ccccc4C[C@@H]3C(=O)NO)s2)cc1,7.96,1
CHEMBL357934,CCCCOc1ccc(S(=O)(=O)N2C/C(=N\OCC(C)C)C[C@@H]2C(=O)NO)cc1,7.92,1
CHEMBL432079,C=CC[C@H](C(=O)NO)[C@@H](CC(C)C)C(=O)N[C@@H](Cc1ccccc1)C(=O)NC,7.92,2
CHEMBL432307,C[C@H](NS(=O)(=O)c1ccc(-c2ccc(Br)cc2)cc1)C(=O)O,7.92,1
CHEMBL2115165,CC1(C)OC[C@H]([C@@H](CS(=O)(=O)c2ccc(Oc3ccc(OC(F)(F)F)cc3)cc2)N(O)C=O)O1,7.92,1
CHEMBL146256,CCCCCc1ccc(S(=O)(=O)N2C[C@@H](N3CCOCC3)C[C@@H]2C(=O)NO)cc1,7.92,1
CHEMBL148120,CCCN(C(=O)[C@@H](O)CCc1ccccc1)[C@H]1C[C@H](C(=O)NO)N(S(=O)(=O)c2ccc(OC)cc2)C1,7.92,1
CHEMBL344778,CCCCCc1ccc(S(=O)(=O)N2C[C@@H](N3CCCCC3)C[C@@H]2C(=O)NO)cc1,7.92,1
CHEMBL144176,CCCCOc1ccc(S(=O)(=O)N2C[C@@H](N3CCS(=O)(=O)CC3)C[C@@H]2C(=O)NO)cc1,7.92,1
CHEMBL293003,CNC(=O)[C@@H]1Cc2ccc(cc2)OCCCCCC[C@H](C(=O)NO)[C@@H](CC(C)C)C(=O)N1,7.92,1
CHEMBL303298,CC(C)C[C@H]1C(=O)N[C@H](C(=O)NCCN(C)C)Cc2ccc(cc2)OCCCC[C@@H]1C(=O)NO,7.92,1
CHEMBL227824,CCOc1ccc(-c2ccc(S(=O)(=O)N[C@@H](C(C)C)P(=O)(O)O)cc2)cc1,7.92,1
CHEMBL4791227,C=CC[C@H](C(=O)NO)[C@@H](CC(C)C)C(=O)N[C@@H](Cc1ccc2c(c1)CCC2)C(=O)NC,7.92,1
CHEMBL419430,COc1ccc(S(=O)(=O)N2CCN(C(=O)Nc3cccc(OC)c3)CC2C(=O)NO)cc1,7.89,2
CHEMBL124558,COc1ccc(S(=O)(=O)N2CCN(S(=O)(=O)c3ccc(OC)cc3)C(C(=O)NO)C2)cc1,7.89,2
CHEMBL153882,C[C@@H](NC(=O)[C@@H](NC(=O)[C@H](CCCc1ccc(-c2ccccc2)c(Cl)c1)CC(=O)NO)C(C)(C)C)c1ccccc1,7.89,2
CHEMBL154317,CC(C)(C)[C@H](NC(=O)[C@H](CCCc1ccccc1)CC(=O)NO)C(=O)Nc1ccccc1,7.89,2
CHEMBL16664,CCCCCCCC(C(=O)CS)C(=O)N[C@@H](CCCCNS(=O)(=O)c1ccc(C)cc1)C(=O)NC(=O)C(CC(C)C)NCC,7.89,1
CHEMBL145641,CCCCOc1ccc(S(=O)(=O)N2C[C@@H](N3CCCS3(=O)=O)C[C@@H]2C(=O)NO)cc1,7.89,1
CHEMBL344545,COc1ccc(S(=O)(=O)N2C[C@@H](N3CCCS3(=O)=O)C[C@@H]2C(=O)NO)cc1,7.89,1
CHEMBL1082381,C#CCN1CCC(C(=O)NO)(S(=O)(=O)c2ccc(Sc3ccccc3)cc2)CC1,7.89,2
CHEMBL85030,COc1ccc(S(=O)(=O)N(Cc2ccccc2)[C@@H](C(=O)NO)C(C)C)cc1,7.89,1
CHEMBL151399,C=C1C[C@H](C(=O)NO)N(S(=O)(=O)c2ccc(OC)cc2)C1,7.85,1
CHEMBL356011,C=C1C[C@H](C(=O)NO)N(S(=O)(=O)c2ccc(Oc3ccccc3)cc2)C1,7.85,1
CHEMBL59023,CNC(=O)[C@H](Cc1ccccc1)NC(=O)[C@H](CCCCCOc1ccccc1)CC(=O)NO,7.85,1
CHEMBL267939,COc1ccc(S(=O)(=O)N2CCN(C(=O)OCc3ccccc3)CC[C@@H]2C(=O)NO)cc1,7.85,1
CHEMBL140575,COc1ccc(S(=O)(=O)N2CCCCC2C(=O)NO)cc1,7.85,1
CHEMBL145999,COc1ccc(S(=O)(=O)N2C[C@@H](N3CCOCC3)C[C@@H]2C(=O)NO)cc1,7.85,1
CHEMBL149983,CCCCOc1ccc(S(=O)(=O)N2C[C@@H](NC(=O)COC)C[C@@H]2C(=O)NO)cc1,7.85,1
CHEMBL331095,COc1ccc(S(=O)(=O)N2CCN(C(=O)c3cccs3)CC2C(=O)NO)cc1,7.82,2
CHEMBL151024,C=C1C[C@H](C(=O)NO)N(S(=O)(=O)c2ccc(OCCCC)cc2)C1,7.82,1
CHEMBL357050,COCCOc1ccc(S(=O)(=O)N2C/C(=N\OC)C[C@@H]2C(=O)NO)cc1,7.82,1
CHEMBL116756,N#CCc1cccc(-c2ccc(OCCC(=O)NO)cc2)c1,7.82,2
CHEMBL286788,C=CC[C@](C)(C(=O)NO)[C@@H](CC(C)C)C(=O)N[C@@H](CC1CCCCC1)C(=O)NCCc1ccc(S(N)(=O)=O)cc1,7.82,1
CHEMBL44455,CC(C)[C@H](NS(=O)(=O)c1ccc(-c2ccc([N+](=O)[O-])cc2)cc1)C(=O)O,7.82,1
CHEMBL316978,CC(C)CN(C(CCSCc1ccccc1)C(=O)NO)S(=O)(=O)c1ccc(Br)cc1,7.82,1
CHEMBL345054,COc1ccc(S(=O)(=O)N2CCSCC2C(=O)NO)cc1,7.82,2
CHEMBL3417770,CNC(=O)c1ccc(Oc2ccc(S(=O)(=O)[C@]3(C(=O)NO)CCC4(CCNCC4)C3)cc2)cc1,7.82,1
CHEMBL3417767,COc1ccc(C(=O)Oc2ccc(S(=O)(=O)C3(C(=O)NO)CCC4(CCNCC4)C3)cc2)cc1,7.82,1
CHEMBL346624,CCOc1ccc(S(=O)(=O)N2C/C(=N\OC)C[C@@H]2C(=O)NO)cc1,7.8,1
CHEMBL150745,C=C1C[C@H](C(=O)NO)N(S(=O)(=O)c2ccc(OCCC)cc2)C1,7.8,1
CHEMBL101121,O=C(NO)C(CCN1C(=O)c2ccccc2C1=O)COc1ccc(-c2ccccc2)cc1,7.8,1
CHEMBL46818,CC(C)[C@H](NS(=O)(=O)c1ccc(-c2ccc(Br)cc2F)cc1)C(=O)O,7.8,1
CHEMBL110527,C=CC[C@H](C(=O)NO)[C@@H](CC(C)C)C(=O)N[C@@H](Cc1ccccc1)C(C)=O,7.8,1
CHEMBL111856,O=C(NO)C1(NS(=O)(=O)c2ccc(Oc3ccc(F)cc3)cc2)CCOCC1,7.8,1
CHEMBL16118,CCCCCCCC(C(=O)CS)C(=O)N[C@H](C(=O)NC)C(C)(C)C,7.8,1
CHEMBL358064,CCCCOc1ccc(S(=O)(=O)N2C[C@@H](NS(C)(=O)=O)C[C@@H]2C(=O)NO)cc1,7.8,1
CHEMBL254606,Cc1cc(C2=CCN(S(=O)(=O)CC(=O)NO)CC2)ccc1-c1ccccc1,7.8,1
CHEMBL3417754,COc1ccc(Oc2ccc(S(=O)(=O)C3(C(=O)NO)CCC4(CCNCC4)C3)cc2)cn1,7.8,1
CHEMBL440124,CC(C)CC(CC(=O)NO)C(=O)C(CC(C)C)NC(=O)C(N)Cc1ccccc1,7.78,2
CHEMBL323575,COc1ccc(CSCC2[C@H](C(=O)NO)N(S(=O)(=O)c3ccc(OC)cc3)CC2(C)C)cc1,7.78,1
CHEMBL127093,COc1ccc(S(=O)(=O)N2CCN(C(=O)NCc3ccccc3)CC2C(=O)NO)cc1,7.77,2
CHEMBL440178,CCCCOc1ccc(S(=O)(=O)N2C/C(=N\OCc3ccccc3)C[C@@H]2C(=O)NO)cc1,7.77,1
CHEMBL514138,COc1ccc(S(=O)(=O)N(Cc2cccnc2)[C@@H](C(=O)NO)C(C)C)cc1.Cl,7.77,10
CHEMBL539683,CC(C)[C@H](NS(=O)(=O)c1ccc(-c2cccc(F)c2)cc1)C(=O)O,7.77,1
CHEMBL19623,CNC(=O)[C@@H](NC(=O)[C@H](CCc1ccccc1)CC(=O)NO)c1ccccc1,7.77,1
CHEMBL334567,CC(C)C[C@@H](C(=O)N[C@H](C(=O)Nc1nccs1)[C@H](C)CC/N=C(/N)NS(C)(=O)=O)[C@H](CCC(F)(F)F)N(O)C=O,7.77,1
CHEMBL344828,COCCOc1ccc(S(=O)(=O)N2CCCSC(C)(C)[C@@H]2C(=O)NO)cc1,7.77,2
CHEMBL5198463,O=C(NO)C1(S(=O)(=O)c2ccc(-n3cc(-c4ccc(-c5ccccc5)cc4)nn3)cc2)CCOCC1,7.76,1
CHEMBL332134,COc1ccc(S(=O)(=O)N2CCN(C(=O)OCc3ccccc3)CC2C(=O)NO)cc1,7.75,2
CHEMBL332302,COc1ccc(S(=O)(=O)N2CCN(C(C)=O)CC2C(=O)NO)cc1,7.75,2
CHEMBL127138,O=C(O)[C@H]1[C@H](Cn2nc3n(c2=O)CCCCC3)CC[C@@H]1Sc1ccc(-c2ccc(Cl)cc2)cc1,7.75,1
CHEMBL59338,CCCCCCCCC[C@H](CC(=O)NO)C(=O)N[C@H](C(=O)NC)C(C)(C)C,7.75,1
CHEMBL466059,CCOc1ccc(-c2ccc(S(=O)(=O)N[C@@H](C(=O)O)C3CCN(C(=O)OC(C)C)CC3)s2)cc1,7.75,1
CHEMBL3417769,CNC(=O)c1ccc(Oc2ccc(S(=O)(=O)[C@@]3(C(=O)NO)CCC4(CCNCC4)C3)cc2)cc1,7.75,1
CHEMBL115727,COc1ccc(S(=O)(=O)N2CC(C)(C)CN(S(=O)(=O)c3ccc(OC)cc3)C2C(=O)NO)cc1,7.74,3
CHEMBL1801396,CC(=O)N1CCC(C(=O)NO)(S(=O)(=O)c2ccc(Oc3ccc(OC(F)(F)F)cc3)cc2)CC1,7.74,1
CHEMBL1801420,C#CCN1CCC(C(=O)NO)(S(=O)(=O)c2ccc(Oc3ccc4c(c3)OCO4)cc2)CC1,7.74,1
CHEMBL1801046,O=C(NO)C1(S(=O)(=O)c2ccc(Oc3ccc(Cl)cc3)cc2)CCOCC1,7.74,1
CHEMBL1801045,O=C(NO)C1(S(=O)(=O)c2ccc(Oc3cccc(Cl)c3)cc2)CCOCC1,7.74,1
CHEMBL153914,C[C@H](NC(=O)[C@@H](NC(=O)[C@H](CCCc1ccccc1)CC(=O)NO)C(C)(C)C)c1ccccc1,7.73,2
CHEMBL105962,COc1ccc(S(=O)(=O)N2CC(C)(C)C([C@@H](O)CSc3ccccc3)[C@@H]2C(=O)NO)cc1,7.73,1
CHEMBL342248,COc1ccc(S(=O)(=O)N2CCS(=O)(=O)C(C)(C)[C@@H]2C(=O)NO)cc1,7.73,1
CHEMBL151591,CONC1C[C@H](C(=O)NO)N(S(=O)(=O)c2ccc(OC)cc2)C1,7.72,1
CHEMBL157112,CC(C)(C)[C@H](NC(=O)[C@H](CCCc1ccccc1)CC(=O)NO)C(=O)NC1CCCCC1,7.72,2
CHEMBL489603,Cc1cc(=O)c(O)c(C(=O)NCc2ccc(-c3ccc(-c4ccccc4)cc3)cc2)o1,7.72,1
CHEMBL3417752,O=C(c1ccc(Oc2ccc(S(=O)(=O)C3(C(=O)NO)CCC4(CCNCC4)C3)cc2)cc1)N1CCCC1,7.72,1
CHEMBL118848,COc1ccc(S(=O)(=O)N2CC3(CN(S(=O)(=O)c4ccc(OC)cc4)C2C(=O)NO)SCCCS3)cc1,7.71,1
CHEMBL348210,COc1ccc(S(=O)(=O)N2CC(NOC(C)(C)C)C[C@@H]2C(=O)NO)cc1,7.7,1
CHEMBL125068,COc1ccc(S(=O)(=O)N2CCN(C(N)=O)CC2C(=O)NO)cc1,7.7,2
CHEMBL296761,COc1ccc(S(=O)(=O)N(CC(C)C)[C@@H](CCSCc2ccc(-c3ccccc3)cc2)C(=O)NO)cc1,7.7,1
CHEMBL43276,O=C(O)[C@H](Cc1ccccc1)NS(=O)(=O)c1ccc(-c2ccc(Br)cc2)cc1,7.7,1
CHEMBL337793,COc1ccc(S(=O)(=O)N2Cc3[nH]cnc3C[C@@H]2C(=O)NO)cc1,7.7,1
CHEMBL138400,CN(C)c1ccc(-c2ccc(S(=O)(=O)N3Cc4ccccc4CC3C(=O)NO)cc2)cc1,7.7,1
CHEMBL138656,O=C(NO)C1Cc2ccccc2CN1S(=O)(=O)c1ccc(OCc2ccc(F)cc2)cc1,7.7,1
CHEMBL142134,Nc1ccc2c(c1)CN(S(=O)(=O)c1ccc(-c3ccc(F)cc3)cc1)C(C(=O)NO)C2,7.7,1
CHEMBL138613,COc1ccc(S(=O)(=O)N2Cc3cc(NC(=O)[C@H](C)NC(=O)OC(C)(C)C)ccc3CC2C(=O)NO)cc1,7.7,1
CHEMBL140602,O=C(NO)C1Cc2ccccc2CN1S(=O)(=O)Cc1ccc(-c2ccccn2)s1,7.7,1
CHEMBL141534,O=C(NO)C1Cc2ccccc2CN1S(=O)(=O)c1ccc(Oc2ccccc2)cc1,7.7,1
CHEMBL141673,O=C(NO)C1Cc2ccccc2CN1S(=O)(=O)c1ccc(-c2ccc(Cl)cc2)cc1,7.7,1
CHEMBL138953,COc1ccc(S(=O)(=O)N2Cc3cc(NC(=O)OC(C)(C)C)ccc3CC2C(=O)NO)cc1,7.7,1
CHEMBL336243,CN(C)c1ccc(Oc2ccc(S(=O)(=O)N3Cc4ccccc4CC3C(=O)NO)cc2)cc1,7.7,1
CHEMBL60624,COc1ccc(S(=O)(=O)N2Cc3ccccc3C[C@@H]2C(=O)NO)cc1,7.7,1
CHEMBL291758,COc1ccc(S(=O)(=O)N2Cc3[nH]c4ccccc4c3C[C@@H]2C(=O)NO)cc1,7.7,1
CHEMBL57725,COc1ccc(S(=O)(=O)N2Cc3ncn(C)c3C[C@@H]2C(=O)NO)cc1,7.7,1
CHEMBL137835,O=C(NO)C1Cc2ccccc2CN1S(=O)(=O)c1ccc(-c2ccccc2)cc1,7.7,1
CHEMBL343392,COc1ccc(S(=O)(=O)N2Cc3cc(NC(=O)CCC(=O)[O-])ccc3CC2C(=O)NO)cc1.[Na+],7.7,1
CHEMBL341604,CCOC(=O)Oc1ccc2c(c1)CN(S(=O)(=O)c1ccc(OC)cc1)C(C(=O)NO)C2,7.7,1
CHEMBL102504,COc1ccc(S(=O)(=O)N(CC(C)C)C(CCSCc2ccc(C3C=CCCC3)cc2)C(=O)NO)cc1,7.7,1
CHEMBL289513,CC(C)C[C@H](CC(=O)NO)C(=O)N[C@@H](CC(C)C)c1nc2cc(C(F)(F)F)ccc2[nH]1,7.7,1
CHEMBL373261,O=C(O)C1Cc2ccccc2CN1S(=O)(=O)CCc1ccc(-c2ccc(Cl)cc2)cc1,7.7,1
CHEMBL1801421,COCCN1CCC(C(=O)NO)(S(=O)(=O)c2ccc(Oc3ccc4c(c3)OCO4)cc2)CC1,7.7,1
CHEMBL1801054,O=C(NO)C1(S(=O)(=O)c2ccc(Oc3ccc(SC(F)(F)F)cc3)cc2)CCOCC1,7.7,1
CHEMBL3417746,O=C(NO)C1(S(=O)(=O)c2ccc(OCc3ccc(OC(F)(F)F)cc3)cc2)CCC2(CCNCC2)C1,7.7,1
CHEMBL3617404,COc1ccc(-c2ccc(S(=O)(=O)N(OC(C)C)[C@H](CCNC(C)=O)C(=O)NO)cc2)cc1,7.7,1
CHEMBL5205063,CNC(=O)[C@@H](CC(=O)[C@H](CC(C)C)[C@H](CSc1cccs1)C(=O)NO)Cc1ccccc1,7.7,1
CHEMBL1801057,COc1ccc(Oc2ccc(S(=O)(=O)C3(C(=O)NO)CCN(Cc4ccccn4)CC3)cc2)cc1,7.69,1
CHEMBL358182,CCCCOc1ccc(S(=O)(=O)N2CC(NOC)C[C@@H]2C(=O)NO)cc1,7.68,1
CHEMBL337946,CSc1ccc(-c2ccc(S[C@H]3CC[C@@H](Cn4nnc5ccccc5c4=O)[C@@H]3C(=O)O)cc2)cc1,7.68,1
CHEMBL340345,O=C(O)[C@H]1[C@H](CN2NNc3[nH]cnc3C2=O)CC[C@@H]1Sc1ccc(-c2ccc(Cl)cc2)cc1,7.68,1
CHEMBL416857,CCCCCCCC[C@@H](C(=O)N[C@H]1CCCCN(CC(=O)OC)C1=O)[C@@H](C)C(=O)NO,7.68,1
CHEMBL297749,O=C(CCc1ccccc1)NCCC[C@H](NS(=O)(=O)c1ccc(-c2ccc(Br)cc2)cc1)C(=O)O,7.68,1
CHEMBL152592,CC(C)(C)NC(=O)[C@@H](NC(=O)[C@H](CCCc1ccccc1)CC(=O)NO)C(C)(C)C,7.68,2
CHEMBL573715,COc1ccc(Oc2ccc(S(=O)(=O)c3ccccc3CC(=O)NO)cc2)cc1,7.68,1
CHEMBL3417751,CNC(=O)c1ccc(Oc2ccc(S(=O)(=O)C3(C(=O)NO)CCC4(CCNCC4)C3)cc2)cc1,7.68,1
CHEMBL3417749,CC(C)(C)c1ccc(Oc2ccc(S(=O)(=O)C3(C(=O)NO)CCC4(CCNCC4)C3)cc2)cc1,7.68,1
CHEMBL1801429,O=C(NO)C1(S(=O)(=O)c2ccc(Oc3ccc(OC(F)(F)F)cc3)cc2)CCNCC1,7.67,1
CHEMBL1801423,O=C(NO)C1(S(=O)(=O)c2ccc(Oc3ccc4c(c3)OCCO4)cc2)CCN(C2CC2)CC1,7.67,1
CHEMBL295871,O=C(O)C(CCSCc1ccccc1)NS(=O)(=O)c1ccc(-c2ccc(Br)cc2)cc1,7.66,1
CHEMBL152531,COC[C@H](NC(=O)[C@@H](NC(=O)[C@H](CCCc1ccccc1)CC(=O)NO)C(C)(C)C)c1ccccc1,7.66,2
CHEMBL334107,CCCCOc1ccc(S(=O)(=O)N2CC(C)(C)CN(S(=O)(=O)c3ccc(OCCCC)cc3)C2C(=O)NO)cc1,7.66,1
CHEMBL276588,CCCCCCCC(C(=O)CS)C(=O)N[C@H](C(=O)NCCc1ccc(S(N)(=O)=O)cc1)C(C)(C)C,7.66,1
CHEMBL148178,CS(=O)(=O)N[C@H]1C[C@H](C(=O)NO)N(S(=O)(=O)c2ccc(Oc3ccncc3)cc2)C1,7.66,1
CHEMBL1801430,O=C(NO)C1(S(=O)(=O)c2ccc(Oc3ccc(OC(F)(F)F)cc3)cc2)CCN(C2CC2)CC1,7.66,1
CHEMBL1229868,O=C(NO)C1(S(=O)(=O)c2ccc(Oc3ccc(C(F)(F)F)cc3)cc2)CCOCC1,7.66,1
CHEMBL1801415,CC(C)c1ccc(Oc2ccc(S(=O)(=O)C3(C(=O)NO)CCN(C(C)C)CC3)cc2)cc1,7.65,1
CHEMBL125598,COc1ccc(S(=O)(=O)N2CCN(C(=O)c3ccc(-c4ccccc4)cc3)CC2C(=O)NO)cc1,7.64,2
CHEMBL103442,O=C(NO)C(CCN1C(=O)c2ccccc2S1(=O)=O)COc1ccc(-c2ccccc2)cc1,7.64,1
CHEMBL115460,CO[C@@H](NC(=O)[C@@H](NC(=O)[C@H](CCCc1ccc(-c2ccccc2)c(C)c1)CC(=O)O)C(C)(C)C)c1ccccc1,7.64,1
CHEMBL147844,COc1ccc(S(=O)(=O)N2C[C@@H](N)C[C@@H]2C(=O)NO)cc1,7.64,1
CHEMBL356079,COc1ccc(S(=O)(=O)N2C[C@@H](N3CCS(=O)(=O)CC3)C[C@@H]2C(=O)NO)cc1,7.64,1
CHEMBL250266,COC[C@@H](NC(=O)[C@@H](NC(=O)[C@H](CCCc1ccc(-c2ccccc2)c(C)c1)CC(=O)O)C(C)(C)C)c1ccccc1,7.64,2
CHEMBL3955430,O=C(NCc1cccc(N2CCN(C(=O)Cc3n[nH]c(=O)[nH]3)CC2)c1)c1nc2ccccc2c(=O)[nH]1,7.64,1
CHEMBL1801428,COCCN1CCC(C(=O)NO)(S(=O)(=O)c2ccc(Oc3ccc(SC(F)(F)F)cc3)cc2)CC1,7.62,1
CHEMBL176602,CC(C)C[C@H](C(=O)NO)N(Cc1ccccc1)[P@](C)(=O)c1ccccc1,7.61,1
CHEMBL1084510,COc1ccc(N2CCN(c3ccc(S(=O)(=O)C4(C(=O)NO)CCN(C5CC5)CC4)cc3)CC2)cc1,7.61,1
CHEMBL279785,CNC(=O)[C@@H](NC(=O)[C@H](CC(C)C)[C@H](O)C(=O)NO)C(C)(C)C,7.6,11
CHEMBL347673,CCCCCCCCC[C@H](CC(=O)NO)C(=O)N[C@H](C(=O)N[C@H](C)c1ccccc1)C(C)(C)C,7.6,2
CHEMBL35348,C=CC[C@](C)(C(=O)NO)[C@@H](CC(C)C)C(=O)N[C@@H](Cc1ccccc1)C(=O)NC,7.6,1
CHEMBL153446,COC[C@@H](NC(=O)[C@@H](NC(=O)[C@H](CCCc1ccccc1)CC(=O)NO)C(C)(C)C)c1ccccc1,7.6,2
CHEMBL343082,CCCCCc1ccc(S(=O)(=O)N2CCCSC(C)(C)[C@@H]2C(=O)NO)cc1,7.6,2
CHEMBL126923,O=C(O)[C@H]1[C@H](CN2C(=O)c3ccccc3C2=O)CC[C@@H]1SCCc1ccc(-c2ccccc2)cc1,7.58,1
CHEMBL348878,C[C@@H](NC(=O)[C@@H](NC(=O)[C@H](CCc1ccc(-c2ccc(F)cc2)cc1)CC(=O)NO)C(C)(C)C)c1ccccc1,7.58,2
CHEMBL421985,CC[C@H](NC(=O)[C@@H](NC(=O)[C@H](CCCc1ccccc1)CC(=O)NO)C(C)(C)C)c1ccccc1,7.58,2
CHEMBL2111965,COc1ccc(S(=O)(=O)N2[C@@H](C(=O)NO)C(C)(C)SCC[C@H]2c2ccccc2)cc1,7.58,1
CHEMBL16115,CCCCCCCC(C(=O)CS)C(=O)N[C@@H](CC(C)C)C(=O)NC(=O)C(CC(C)C)NCC,7.58,1
CHEMBL300771,COc1ccc(-c2ccc(S(=O)(=O)N[C@@H](C(=O)O)C3CCC(N(Cc4ccccc4)C(C)=O)CC3)cc2)cc1,7.58,1
CHEMBL147261,COCCOc1ccc(S(=O)(=O)N2C[C@@H](N3C(=O)CN(C)C3=O)C[C@@H]2C(=O)NO)cc1,7.58,1
CHEMBL254397,O=C(CS(=O)(=O)N1CCC(c2ccc(-c3ccccc3)cc2)CC1)NO,7.58,1
CHEMBL340923,COc1ccc(S(=O)(=O)N2CCN(C(=O)C3CCCCC3)CC2C(=O)NO)cc1,7.57,2
CHEMBL125755,COc1ccc(S(=O)(=O)N2CCN(C(=O)NCCc3ccccc3)CC2C(=O)NO)cc1,7.57,2
CHEMBL157163,CC[C@@H](NC(=O)[C@@H](NC(=O)[C@H](CCCc1ccccc1)CC(=O)NO)C(C)(C)C)c1ccccc1,7.57,2
CHEMBL124100,CCCCCCNC(=O)N1CCN(S(=O)(=O)c2ccc(OC)cc2)C(C(=O)NO)C1,7.55,2
CHEMBL291133,O=C(NCCCC[C@H](NS(=O)(=O)c1ccc(-c2ccc(Br)cc2)cc1)C(=O)O)OCc1ccccc1,7.55,1
CHEMBL16474,CCCCCCCC(C(=O)CS)C(=O)N[C@@H](CCCC)C(=O)NC(=O)C(CC(C)C)NCC,7.55,1
CHEMBL210517,Cc1ccc(C#Cc2ccc(S(=O)(=O)C(CCN3C(=O)c4ccccc4C3=O)C(=O)O)cc2)cc1,7.55,1
CHEMBL376557,CC(C)[C@H](NS(=O)(=O)c1ccc(-c2ccc(Cl)cc2)cc1)P(=O)(O)O,7.55,1
CHEMBL45162,COc1ccc(S(=O)(=O)N(CC(C)C)[C@@H](CCSCc2ccc(OCc3ccccc3)cc2)C(=O)NO)cc1,7.54,1
CHEMBL104722,COc1ccc(S(=O)(=O)N(CC(C)C)C(CCSCc2ccc(OCc3ccccc3)cc2)C(=O)NO)cc1,7.54,1
CHEMBL40589,CC(C)C[C@H](CC(=O)NO)C(=O)N[C@@H](Cc1c[nH]c2ccccc12)c1nc2ccccc2[nH]1,7.54,1
CHEMBL1771212,COCCN1CCC(C(=O)NO)(S(=O)(=O)c2ccc(Oc3ccc(OC(F)(F)F)cc3)cc2)CC1,7.54,2
CHEMBL297943,CNC(=O)[C@@H]1CCCNN1C(=O)[C@H](CC(C)C)[C@H](C)C(=O)NO,7.52,1
CHEMBL62056,CCCCCCCCC[C@H](CC(=O)NO)C(=O)N[C@@H](Cc1ccccc1)C(=O)NC,7.52,1
CHEMBL65578,CCCCCCCC[C@@H](C(=O)N[C@H]1CCCCN(CCOC)C1=O)[C@@H](C)C(=O)NO,7.52,1
CHEMBL422105,O=C(c1ccccc1)c1ccc(S(=O)(=O)N2Cc3ccccc3CC2C(=O)NO)cc1,7.52,1
CHEMBL140863,COc1ccc(S(=O)(=O)N2Cc3cc(NC(=O)[C@H](C)N)ccc3CC2C(=O)NO)cc1,7.52,1
CHEMBL138643,COc1ccc(S(=O)(=O)Oc2ccc3c(c2)CN(S(=O)(=O)c2ccc(OC)cc2)C(C(=O)NO)C3)cc1,7.52,1
CHEMBL434446,CCCCOc1ccc(S(=O)(=O)N2Cc3ccccc3CC2C(=O)NO)cc1,7.52,1
CHEMBL288649,COc1ccc2[nH]c([C@H](CC(C)C)NC(=O)[C@@H](CC(=O)NO)CC(C)C)nc2c1,7.52,1
CHEMBL329313,CN(C[C@H](C(=O)NO)[C@@H](CC1CCCC1)C(=O)N1CCCCC1)S(=O)(=O)c1ccc(Cl)cc1,7.52,2
CHEMBL45483,CNC(=O)[C@H](Cc1ccc(OC)cc1)NC(=O)[C@@H](CC(=O)NO)CC(C)C,7.52,1
CHEMBL147494,CCCN1CC(=O)N([C@H]2C[C@H](C(=O)NO)N(S(=O)(=O)c3ccc(OCCOC)cc3)C2)C1=O,7.52,1
CHEMBL148212,CCCOc1ccc(S(=O)(=O)N2C[C@@H](NC(=O)COC)C[C@@H]2C(=O)NO)cc1,7.52,1
CHEMBL3971135,CC(C)[C@H](NS(=O)(=O)c1ccc(-c2cccc(CNC(=O)c3nc4ccccc4c(=O)[nH]3)c2)cc1)C(=O)O,7.52,1
CHEMBL267178,COc1ccc(S(=O)(=O)N(Cc2cccnc2)[C@@H](C(=O)NO)C(C)C)cc1,7.52,3
CHEMBL5187653,C=CC[C@H](C(=O)NO)C(CC(C)C)C(=O)N[C@@H](Cc1ccccc1)C(=O)NC,7.52,1
CHEMBL2107228,CO[C@H](C(=O)NO)[C@@H](CC(C)C)C(=O)N[C@H](C(=O)Nc1ccccn1)C(C)(C)C,7.52,1
CHEMBL336425,CCC[C@@H]([C@@H](CC(C)C)C(=O)N[C@@H](CCC/N=C(/N)N[N+](=O)[O-])C(=O)Nc1nccs1)N(O)C=O,7.51,1
CHEMBL337512,CC(C)C[C@@H](C(=O)N[C@@H](CCC/N=C(/N)N[N+](=O)[O-])C(=O)Nc1nccs1)[C@H](Cc1ccccc1)N(O)C=O,7.51,1
CHEMBL141451,COc1ccc(S(=O)(=O)N2CCCSC[C@@]2(C)C(=O)NO)cc1,7.51,1
CHEMBL254818,CCc1cccc(-c2ccc(C3=CCN(S(=O)(=O)CC(=O)NO)CC3)cc2C)c1,7.51,1
CHEMBL1801413,C#CCN1CCC(C(=O)NO)(S(=O)(=O)c2ccc(Oc3ccc(C(C)C)cc3)cc2)CC1,7.49,1
CHEMBL2112796,COc1ccc(S(=O)(=O)N2[C@@H](c3ccccc3)CCSC(C)(C)[C@@H]2C(=O)NO)cc1,7.48,1
CHEMBL333729,COc1ccc(S(=O)(=O)N2CCCN(S(=O)(=O)c3ccc(OC)cc3)C2C(=O)NO)cc1,7.48,2
CHEMBL343860,CCOc1ccc(S(=O)(=O)N2C[C@@H](N3C(=O)CN(C)C3=O)C[C@@H]2C(=O)NO)cc1,7.48,1
CHEMBL253680,COc1ccc(-c2ccc(S(=O)(=O)N[C@@H](C(=O)O)C3CCN(C(=O)OC(C)(C)C)CC3)cc2)cc1,7.47,1
CHEMBL210441,O=C(O)C(CCN1C(=O)c2ccccc2C1=O)S(=O)(=O)c1ccc(-c2nc3cc(F)ccc3[nH]2)cc1,7.47,1
CHEMBL1801419,O=C(NO)C1(S(=O)(=O)c2ccc(Oc3ccc4c(c3)OCO4)cc2)CCNCC1,7.46,1
CHEMBL1801052,O=C(NO)C1(S(=O)(=O)c2ccc(Oc3ccc(OC(F)(F)F)cc3)cc2)CCOCC1,7.46,1
CHEMBL1801047,O=C(NO)C1(S(=O)(=O)c2ccc(Oc3ccc(Cl)c(Cl)c3)cc2)CCOCC1,7.46,1
CHEMBL42114,CC(C)[C@H](NS(=O)(=O)c1ccc(-c2ccc(N)cc2)cc1)C(=O)O,7.44,1
CHEMBL16595,CCCCCCC[C@H](CC(=O)CS)C(=O)N[C@@H](CC(C)C)C(=O)NC(=O)C(CC(C)C)NCC,7.44,1
CHEMBL110696,C=CC[C@H](C(=O)NO)[C@@H](CC(C)C)C(=O)N[C@@H](Cc1ccccc1)C(=O)c1cn(C)c2ccccc12,7.44,1
CHEMBL147910,COc1ccc(S(=O)(=O)N[C@H]2C[C@H](C(=O)NO)N(S(=O)(=O)c3ccc(OC)cc3)C2)cc1,7.44,1
CHEMBL227598,CC(C)Oc1ccc(-c2ccc(S(=O)(=O)N[C@@H](C(C)C)P(=O)(O)O)cc2)cc1,7.44,1
CHEMBL3617405,COc1ccc(-c2ccc(S(=O)(=O)N(OC(C)C)[C@H](CCNC(=O)Cc3ccccc3)C(=O)NO)cc2)cc1,7.44,1
CHEMBL47728,CSCC[C@@H](C(=O)NO)N(CC(C)C)S(=O)(=O)c1ccc(-c2ccccc2)cc1,7.43,1
CHEMBL1801427,CCN1CCC(C(=O)NO)(S(=O)(=O)c2ccc(Oc3ccc(C(F)(F)F)cc3)cc2)CC1,7.43,1
CHEMBL126004,COc1ccc(S(=O)(=O)N2CCN(C(=O)N(C)Cc3ccccc3)CC2C(=O)NO)cc1,7.42,2
CHEMBL43147,CC(C)[C@H](NS(=O)(=O)c1ccc(-c2ccccc2)cc1)C(=O)O,7.42,1
CHEMBL1795861,CCCCc1ccc(C#Cc2ccc(S(=O)(=O)N3CSC[C@H]3C(=O)NO)s2)cc1,7.42,1
CHEMBL123615,CCCCCC(=O)N1CCN(S(=O)(=O)c2ccc(OC)cc2)C(C(=O)NO)C1,7.41,2
CHEMBL17082,CCCCCCC[C@H](C[C@H](O)CS)C(=O)N[C@@H](CC(C)C)C(=O)NC(=O)C(CC(C)C)NCC,7.41,1
CHEMBL268114,COc1ccc(S(=O)(=O)N2CCN(S(=O)(=O)c3cn(C)cn3)CC[C@@H]2C(=O)NO)cc1,7.41,1
CHEMBL16398,CCCCCCCC(C(=O)CS)C(=O)N[C@@H](CC(C)C)C(=O)NCCc1ccccc1,7.41,1
CHEMBL1771214,COc1ccc(-c2nnn(CCCOc3ccc(S(=O)(=O)C4(C(=O)NO)CCOCC4)cc3)n2)cc1,7.41,1
CHEMBL1916054,O=C1[C@H](NS(=O)(=O)c2ccc(Oc3ccc(Cl)cc3)cc2)CC=C(CN2CCOCC2)CN1O,7.41,1
CHEMBL3417761,CNC(=O)c1ccc(COc2ccc(S(=O)(=O)C3(C(=O)NO)CCC4(CCNCC4)C3)cc2)cc1,7.41,1
CHEMBL356413,CNC(=O)[C@@H](NC(=O)[C@H](CCCc1ccc(-c2ccccc2)c(C(F)(F)F)c1)CC(=O)NO)C(C)(C)C,7.4,2
CHEMBL154551,C[C@@H](NC(=O)[C@@H](NC(=O)[C@H](CCCc1ccccc1)CC(=O)NO)C(C)(C)C)c1ccccc1,7.4,3
CHEMBL59722,CCCCCCCCCCCC[C@H](CC(=O)NO)C(=O)N[C@@H](Cc1ccccc1)C(=O)NC,7.4,1
CHEMBL62245,CCCCCCC[C@H](CC(=O)NO)C(=O)N[C@@H](Cc1ccccc1)C(=O)NC,7.4,1
CHEMBL141004,COc1ccc(S(=O)(=O)N2Cc3cc(NC(=O)[C@H](CC(=O)OC(C)(C)C)NC(=O)Cc4ccccc4)ccc3CC2C(=O)NO)cc1,7.4,1
CHEMBL1801426,CC(C)N1CCC(C(=O)NO)(S(=O)(=O)c2ccc(Oc3ccc(C(F)(F)F)cc3)cc2)CC1,7.4,1
CHEMBL126388,COc1ccc(S(=O)(=O)N2CCN(/C(S)=N/Cc3ccccc3)CC2C(=O)NO)cc1,7.39,2
CHEMBL311004,COCCOC(=O)N1CCC(C(NS(=O)(=O)c2ccc(-c3ccc(SC)cc3)cc2)C(=O)O)CC1,7.39,1
CHEMBL118744,COc1ccc(S(=O)(=O)N2CC(O)CN(S(=O)(=O)c3ccc(OC)cc3)C2C(=O)NO)cc1,7.39,1
CHEMBL83368,COc1ccc(-c2ccc(S(=O)(=O)NC(C(=O)O)C3CCN(C(=O)OC(C)C)CC3)cc2)cc1,7.38,1
CHEMBL40143,CC1(C)NC(=O)N(C[C@@H](COc2ccc(-c3ccc(OC(F)(F)F)cc3)cc2)N(O)C=O)C1=O,7.38,3
CHEMBL145930,COc1ccc(S(=O)(=O)N2C[C@@H](NS(C)(=O)=O)C[C@@H]2C(=O)NO)cc1,7.38,1
CHEMBL146951,CCCCOc1ccc(S(=O)(=O)N2C[C@@H](N3C(=O)NC(SC)C3=O)C[C@@H]2C(=O)NO)cc1,7.38,1
CHEMBL311266,COCCOC(=O)N1CCC(C(NS(=O)(=O)c2ccc(-c3ccc(OC)cc3)cc2)C(=O)O)CC1,7.37,2
CHEMBL15964,CCCCCCCC(C(=O)CS)C(=O)N[C@@H](CC1CCCCC1)C(=O)NCCc1ccc(S(N)(=O)=O)cc1,7.37,1
CHEMBL234350,O=C(NO)C1(CS(=O)(=O)c2ccc(Oc3ccccc3)cc2)CCN(CCc2ccccc2)CC1,7.37,1
CHEMBL11306,CNC(=O)[C@H](Cc1ccccc1)NC(=O)[C@@H](CC(=O)NO)CC(C)C,7.37,1
CHEMBL1801393,O=C(NO)C1(S(=O)(=O)c2ccc(Oc3ccc(OC(F)(F)F)cc3)cc2)CCN(Cc2cccnc2)CC1,7.37,1
CHEMBL45357,CC[C@@H](C(=O)NO)N(CC(C)C)S(=O)(=O)c1ccc(OC)cc1,7.35,1
CHEMBL340455,O=C(O)[C@H]1[C@H](CN2C(=O)c3ccccc3C2=O)CC[C@@H]1SCCc1ccc(-c2ccc(Cl)cc2)cc1,7.35,1
CHEMBL92512,CNC(=O)[C@H](Cc1ccccc1)NC(=O)[C@H](CSC)NC(=O)[C@@H](S)CCN1C(=O)CCC1=O,7.35,1
CHEMBL421932,COc1ccc(S(=O)(=O)N2CCOCCS(=O)(=O)C(C)(C)[C@@H]2C(=O)NO)cc1,7.35,1
CHEMBL105142,CCC(C(=O)NO)N(CC(C)C)S(=O)(=O)c1ccc(OC)cc1,7.35,1
CHEMBL227484,Cc1ccc(-c2ccc(S(=O)(=O)N[C@@H](C(C)C)P(=O)(O)O)cc2)cc1,7.35,2
CHEMBL5276809,O=C(O)[C@H]1[C@H](CN2C(=O)c3ccccc3C2=O)CC[C@@H]1SCc1ccc(-c2ccc(Cl)cc2)cc1,7.35,1
CHEMBL315114,COCCOC(=O)N1CCC(C(C(=O)O)N(CCOC)S(=O)(=O)c2ccc(-c3ccc(OC)cc3)cc2)CC1,7.34,1
CHEMBL140720,CCCc1ccc(S(=O)(=O)N2CCCSC(C)(C)[C@@H]2C(=O)NO)cc1,7.34,2
CHEMBL356504,C=CCN1CC(=O)N([C@H]2C[C@H](C(=O)NO)N(S(=O)(=O)c3ccc(OCCOC)cc3)C2)C1=O,7.34,1
CHEMBL1795351,CCCCc1ccc(C#Cc2ccc(S(=O)(=O)NCC(=O)NO)s2)cc1,7.34,1
CHEMBL3417760,O=C(NO)C1(S(=O)(=O)c2ccc(OCc3ccccc3)cc2)CCC2(CCNCC2)C1,7.34,1
CHEMBL38851,N#Cc1ccc(-c2ccc(OCCC(=O)NO)cc2)cc1,7.33,3
CHEMBL439944,CNC(=O)[C@H](NC(=O)[C@H](CC(C)C)[C@@H](C)C(=O)NO)C(C)(C)C,7.33,1
CHEMBL334403,CCC[C@@H]([C@@H](CC(C)C)C(=O)N[C@H](C(=O)Nc1nccs1)[C@H](C)CC/N=C(/N)N[N+](=O)[O-])N(O)C=O,7.33,1
CHEMBL3617402,CC(=O)NCC[C@H](C(=O)NO)N(OC(C)C)S(=O)(=O)c1ccc(-c2ccccc2)cc1,7.33,1
CHEMBL124680,COc1ccc(S(=O)(=O)N2CCNCC2C(=O)NO)cc1,7.32,3
CHEMBL436230,CC(C)(C)[C@H](NC(=O)[C@H](CCCc1ccccc1)CC(=O)NO)C(=O)NC(c1ccccc1)c1ccccc1,7.32,3
CHEMBL20154,CNC(=O)[C@@H](NC(=O)[C@H](CCCc1ccccc1)CC(=O)NO)C(C)(C)C,7.32,3
CHEMBL145175,COc1ccc(S(=O)(=O)N2C[C@@H](N3CCCCC3)C[C@@H]2C(=O)NO)cc1,7.32,1
CHEMBL135034,CC(C)C[C@@H](C(=O)N[C@H](C(=O)Nc1nccs1)[C@H](C)CC/N=C(/N)NS(C)(=O)=O)[C@H](C(C)C)N(O)C=O,7.31,1
CHEMBL291994,CNC(=O)[C@@H](NC(=O)[C@H](CCCCCCCCCCCCCCO)CC(=O)NO)C(C)(C)C,7.3,1
CHEMBL32730,CNC(=O)[C@H](Cc1ccccc1)NC(=O)[C@H](CC(C)C)[C@H](C)C(=O)NO,7.3,1
CHEMBL138338,O=C(NO)C1Cc2ccccc2CN1S(=O)(=O)c1ccc(-c2ccon2)s1,7.3,1
CHEMBL335118,O=C(O)C(=O)C1Cc2ccccc2CN1S(=O)(=O)CCc1ccc(-c2ccccc2)cc1,7.3,1
CHEMBL97936,CN(C[C@H](C(=O)NO)[C@@H](CC1CCCC1)C(=O)N1CCCCC1)S(=O)(=O)c1cccc2ccccc12,7.3,2
CHEMBL124598,Cc1ccc(S(=O)(=O)NCC[C@H](N[C@@H](CCc2ccccc2)C(=O)N[C@@H](CC(C)C)C(=O)Nc2ccccc2)C(=O)O)cc1,7.3,1
CHEMBL126307,COc1ccc(S(=O)(=O)NCC[C@H](N[C@@H](CCc2ccccc2)C(=O)N[C@@H](CC(C)C)C(=O)Nc2ccccc2)C(=O)O)cc1,7.3,1
CHEMBL179288,CC(C)ON([C@@H](C(=O)NO)C(C)C)S(=O)(=O)c1ccc(-c2ccccc2)cc1,7.3,2
CHEMBL1801050,O=C(NO)C1(S(=O)(=O)c2ccc(Oc3ccc(-c4ccccc4)cc3)cc2)CCOCC1,7.3,1
CHEMBL5176328,CN(C)c1ccc(-c2cn(-c3ccc(S(=O)(=O)C4(C(=O)NO)CCOCC4)cc3)nn2)cc1,7.3,1
CHEMBL5182668,O=C(NO)C(Cc1ccccc1)NS(=O)(=O)c1ccc(-c2cn(-c3ccc(-c4ccccc4)cc3)nn2)cc1,7.3,1
CHEMBL398640,Cc1cc(C2=CCN(S(=O)(=O)CC(=O)NO)CC2)ccc1-c1cccc(OC(F)(F)F)c1,7.29,1
CHEMBL202932,COc1ccc(-c2ccc(S(=O)(=O)N[C@@H](C(C)C)P(=O)(O)O)cc2)cc1,7.28,1
CHEMBL502674,CNC(=O)[C@H](Cc1c(-c2ccccc2)[nH]c2ccccc12)NC(=O)[C@@H](CC(=O)NNS(=O)(=O)c1ccc(-c2ccc(Br)cc2)cc1)CC(C)C,7.28,1
CHEMBL339219,COc1ccc(S(=O)(=O)N2CCN(C(=O)N3CCCCCC3)CC2C(=O)NO)cc1,7.27,2
CHEMBL109246,C=CC[C@H](C(=O)NO)[C@@H](CC(C)C)C(=O)N[C@@H](Cc1ccccc1)C(=O)c1nc2ccccc2[nH]1,7.27,1
CHEMBL79433,O=C(NO)C1(S(=O)(=O)c2ccc(Oc3ccc(Cl)cc3)cc2)CCN(Cc2ccccc2)CC1,7.26,1
CHEMBL366111,O=C(NO)[C@@]1(O)COCC[C@H]1S(=O)(=O)c1ccc(OCc2ccc(Cl)cc2Cl)cc1,7.26,1
CHEMBL254605,O=C(CS(=O)(=O)N1CC=C(c2ccc(-c3ccccc3)c(Cl)c2)CC1)NO,7.26,1
CHEMBL1801051,O=C(NO)C1(S(=O)(=O)c2ccc(Oc3cccc(C(F)(F)F)c3)cc2)CCOCC1,7.26,1
CHEMBL82169,COc1ccc(-c2ccc(S(=O)(=O)NC(C(=O)O)C3CCN(C(=O)OC(C)(C)C)CC3)cc2)cc1,7.25,1
CHEMBL257088,CN(c1cccn(O)c1=O)S(=O)(=O)c1ccc(Oc2ccc(Cl)cc2)cc1,7.25,1
CHEMBL62436,CCC[C@@H](C(=O)NO)[C@@H](CC(C)C)C(=O)N[C@H]1CCCCN(CC(=O)OC)C1=O,7.24,1
CHEMBL144430,COc1ccc(S(=O)(=O)N2C[C@@H](NCCc3ccccc3)C[C@@H]2C(=O)NO)cc1,7.24,1
CHEMBL35602,C=CC[C@@H](C(=O)NO)[C@@H](CC(C)C)C(=O)N[C@@H](Cc1ccccc1)C(=O)NC,7.23,1
CHEMBL339903,COc1ccc(S(=O)(=O)N2CCN(C(=O)OC(C)(C)C)CC2C(=O)NO)cc1,7.22,2
CHEMBL123320,COc1ccc(S(=O)(=O)N2CCN(C(=O)[C@@H](O)C(C)C)CC2C(=O)NO)cc1,7.22,2
CHEMBL123503,O=C(O)[C@H]1[C@H](CN2C(=O)c3ccccc3C2=O)CC[C@@H]1SCCc1ccc(-c2ccc(F)cc2)cc1,7.22,1
CHEMBL303756,CCCCCCCCCCCCC[C@H](CC(=O)NO)C(=O)N[C@H](C(=O)NC)C(C)(C)C,7.22,1
CHEMBL291757,O=C(NO)[C@H]1Cc2c([nH]c3ccccc23)CN1S(=O)(=O)c1ccc(Oc2ccccc2)cc1,7.22,1
CHEMBL328162,COc1ccc(S(=O)(=O)N(C)C[C@H](C(=O)NO)[C@@H](CC2CCCC2)C(=O)N2CCCCC2)cc1,7.22,2
CHEMBL316954,CC(C)C[C@@H](C(=O)N1CCCCC1)[C@H](CN(C)S(=O)(=O)c1cccc2c(N(C)C)cccc12)C(=O)NO,7.22,2
CHEMBL339137,O=C(O)[C@H]1[C@H](Cn2nnc3ccccc3c2=O)CC[C@@H]1SCCc1ccc(-c2ccc(Cl)cc2)cc1,7.21,1
CHEMBL115623,N#CCc1cccc(-c2ccc(S(=O)(=O)CCOc3ccc4ccccc4c3C(=O)NO)cc2)c1,7.21,1
CHEMBL102459,O=C(NO)C(CCn1ncc2ccccc2c1=O)COc1ccc(-c2ccccc2)cc1,7.21,1
CHEMBL433816,CNC(=O)[C@@H](NC(=O)[C@H](CC(C)C)[C@H](CN1CCOCC1)C(=O)NO)c1ccccc1,7.21,1
CHEMBL135886,CC(C)C[C@@H](C(=O)N[C@@H](CCC/N=C(/N)NS(C)(=O)=O)C(=O)Nc1nccs1)[C@H](C(C)C)N(O)C=O,7.21,1
CHEMBL152105,N#Cc1cccc(-c2ccc(S(=O)(=O)CCOc3ccc4ccccc4c3C(=O)NO)cc2)c1,7.21,1
CHEMBL36615,N#Cc1ccc(-c2ccc(OCCN(O)C=O)cc2)cc1,7.21,1
CHEMBL539930,O=c1c(N(CCN2CCOCC2)S(=O)(=O)c2ccc(Oc3ccc(Cl)cc3)cc2)cccn1O,7.2,1
CHEMBL125672,CCCN(CC1CC1)C(=O)N1CCN(S(=O)(=O)c2ccc(OC)cc2)C(C(=O)NO)C1,7.19,2
CHEMBL127559,O=C(O)[C@H]1[C@H](CN2C(=O)c3ccccc3C2=O)CC[C@@H]1S(=O)(=O)CCc1ccc(-c2ccc(Cl)cc2)cc1,7.19,1
CHEMBL1801425,O=C(NO)C1(S(=O)(=O)c2ccc(Oc3ccc(C(F)(F)F)cc3)cc2)CCNCC1,7.19,1
CHEMBL3417757,CNC(=O)c1cccc(Oc2ccc(S(=O)(=O)C3(C(=O)NO)CCC4(CCNCC4)C3)cc2)c1,7.19,1
CHEMBL421644,COc1ccc(S(=O)(=O)N2CCN(C(=O)c3ccccc3)CC2C(=O)NO)cc1,7.18,2
CHEMBL355752,C[C@H](C(=O)NO)N(Cc1ccccc1)[P@](C)(=O)c1ccccc1,7.17,1
CHEMBL42311,CC(C)C[C@H](CC(=O)NO)C(=O)N[C@@H](CC(C)C)c1nc2cc(Cl)c(Cl)cc2[nH]1,7.17,1
CHEMBL1078281,C[C@@H]1[C@H](c2ccccc2)[C@]1(NS(=O)(=O)c1ccc(-n2cc(Cl)cn2)s1)C(=O)O,7.17,1
CHEMBL358405,C=C1C[C@H](C(=O)NO)N(S(=O)(=O)c2ccc(OCCOC)cc2)C1,7.16,1
CHEMBL100805,O=C(NO)C(CCn1c(=O)[nH]c2ccccc2c1=O)COc1ccc(-c2ccccc2)cc1,7.16,1
CHEMBL61873,CCCCCCCCCCCCCC[C@H](CC(=O)NO)C(=O)N[C@H](C(=O)NC)C(C)(C)C,7.16,1
CHEMBL312100,COCCOC(=O)N1CCC(C(C(=O)O)N(C)S(=O)(=O)c2ccc(-c3ccc(OC)cc3)cc2)CC1,7.16,1
CHEMBL124265,CCCCCCN1CCN(S(=O)(=O)c2ccc(OC)cc2)C(C(=O)NO)C1,7.15,2
CHEMBL323148,CN1C(=O)N(CCC(COc2ccc(-c3ccccc3)cc2)C(=O)NO)C(=O)C1(C)C,7.15,1
CHEMBL3617401,CC(C)ON([C@H](CCNS(C)(=O)=O)C(=O)NO)S(=O)(=O)c1ccc(-c2ccccc2)cc1,7.15,1
CHEMBL152855,CC(C)(NC(=O)[C@@H](NC(=O)[C@H](CCCc1ccccc1)CC(=O)NO)C(C)(C)C)c1ccccc1,7.14,2
CHEMBL351968,CNC(=O)[C@H](Cc1ccc(O)cc1)NC(=O)[C@H](CC(C)C)N[C@H](CCN1C(=O)c2cc3ccccc3cc2C1=O)C(=O)O,7.14,1
CHEMBL124026,COc1ccc(S(=O)(=O)N2CCN(Cc3ccccc3)CC2C(=O)NO)cc1,7.12,2
CHEMBL135251,CC1CCC(C[C@@H](C(=O)N[C@@H](CCC/N=C(/N)N[N+](=O)[O-])C(=O)Nc2nccs2)[C@H](C(C)C)N(O)C=O)CC1,7.12,1
CHEMBL304221,CNC(=O)[C@@H]1Cc2ccc(cc2)OCCCCC[C@H](C(=O)O)[C@@H](CC(C)C)C(=O)N1,7.12,1
CHEMBL1801424,O=C(NO)C1(S(=O)(=O)c2ccc(Oc3ccc(C(F)(F)F)cc3)cc2)CCN(C2CC2)CC1,7.12,1
CHEMBL5274715,O=C(NCc1ccc(-c2ccccc2)cc1)c1occc(=O)c1O,7.11,1
CHEMBL58945,CCCCCC[C@H](CC(=O)NO)C(=O)N[C@@H](Cc1ccccc1)C(=O)NC,7.1,1
CHEMBL60196,CCCCCCCCCCCCCC[C@H](CC(=O)NO)C(=O)N[C@@H](Cc1ccccc1)C(=O)NC,7.1,1
CHEMBL141359,COc1ccc(S(=O)(=O)N2Cc3cc([N+](=O)[O-])ccc3CC2C(=O)NO)cc1,7.1,1
CHEMBL135075,CCC[C@@H]([C@@H](Cc1ccc(C)s1)C(=O)N[C@@H](CCC/N=C(/N)N[N+](=O)[O-])C(=O)Nc1nccs1)N(O)C=O,7.1,1
CHEMBL408366,COc1ccc(Oc2ccc(S(=O)(=O)N(C)c3cccn(O)c3=O)cc2)cc1,7.1,1
CHEMBL52555,CNC(=O)[C@H](Cc1ccc(OC)cc1)NC(=O)[C@H](CCc1ccc(-c2ccccc2)cc1)C[C@H](C)C(=O)O,7.09,1
CHEMBL316332,CNC(=O)[C@H](Cc1ccccc1)NC(=O)[C@H](CSC)NC(=O)C(S)CCN1C(=O)CCC1=O,7.09,1
CHEMBL109706,C=CC[C@H](C(=O)NO)[C@@H](CC(C)C)C(=O)N[C@@H](Cc1ccccc1)C(=O)CC,7.09,1
CHEMBL497772,COc1c(Br)ccc2oc(COc3ccc(-c4ccc(S(=O)(=O)N[C@@H](C(=O)O)C(C)C)cc4)cc3)c(C)c12,7.09,1
CHEMBL129795,O=C(/C=C/c1ccc(O)cc1)c1ccc(O)cc1O,7.09,1
CHEMBL133369,CCC[C@@H]([C@@H](CC(C)C)C(=O)N[C@@H](CCC/N=C(/N)NS(=O)(=O)c1ccccn1)C(=O)Nc1nccs1)N(O)C=O,7.08,1
CHEMBL254603,O=C(CS(=O)(=O)N1CC(Oc2ccc(-c3ccccc3)cc2)C1)NO,7.08,1
CHEMBL1795858,CCCCc1ccc(C#Cc2ccc(S(=O)(=O)N[C@H](Cc3ccc(C(=O)c4ccccc4)cc3)C(=O)NO)s2)cc1,7.08,1
CHEMBL85374,COCCOC(=O)N1CCC(C(C(=O)O)N(Cc2ccccn2)S(=O)(=O)c2ccc(-c3ccc(OC)cc3)cc2)CC1,7.07,1
CHEMBL1916050,O=C1[C@H](NS(=O)(=O)c2ccc(Oc3ccc(Cl)cc3)cc2)CC=CCN1O,7.07,1
CHEMBL139886,Cc1cc(Br)ccc1S(=O)(=O)N1CCCSC(C)(C)[C@@H]1C(=O)NO,7.06,2
CHEMBL278050,CCCCCCCC(C(=O)CS)C(=O)N[C@@H](CC1CCCCC1)C(=O)NCCc1ccccc1,7.06,1
CHEMBL15763,CCCCCCCC(C(=O)CS)C(=O)N[C@@H](CC(C)C)C(=O)Nc1ccccc1,7.06,1
CHEMBL424311,CCCN[C@H]1C[C@H](C(=O)NO)N(S(=O)(=O)c2ccc(OC)cc2)C1,7.06,1
CHEMBL47414,CC(C)CN([C@@H](CCSCc1ccccc1)C(=O)NO)S(=O)(=O)c1ccc(-c2ccccc2)cc1,7.05,1
CHEMBL59248,CCCCCCCCCCCCCCCC[C@H](CC(=O)NO)C(=O)N[C@H](C(=O)NC)C(C)(C)C,7.05,1
CHEMBL334909,CC1(C)[C@H](C(=O)NO)N(S(=O)(=O)c2ccc(Br)cc2)CCCS1(=O)=O,7.05,2
CHEMBL319040,CC(C)CN(C(CCSCc1ccccc1)C(=O)NO)S(=O)(=O)c1ccc(-c2ccccc2)cc1,7.05,1
CHEMBL1771213,COc1ccc(C(=O)N2CCN(c3ccc(S(=O)(=O)C4(C(=O)NO)CCOCC4)cc3)CC2)cc1,7.05,1
CHEMBL1916210,O=C1[C@H](N(CCN2CCOCC2)S(=O)(=O)c2ccc(Oc3ccc(Cl)cc3)cc2)CC=CCN1O,7.05,1
CHEMBL4215407,Cc1cc(COc2ccc(S(=O)(=O)N(C)C3(C(=O)NO)CN(C(=O)C(C)C)C3)cc2)c2ccccc2n1,7.05,1
CHEMBL4208519,Cc1cc(COc2ccc(S(=O)(=O)N(C)C3(C(=O)NO)CN(C(=O)CC(C)C)C3)cc2)c2ccccc2n1,7.05,1
CHEMBL33418,C=CC[C@](C)(C(=O)NO)[C@@H](CC(C)C)C(=O)N[C@@H](Cc1ccccc1)C(=O)Nc1ccccc1,7.04,1
CHEMBL295798,CNC(=O)[C@H](Cc1ccccc1)NC(=O)[C@H](CC(C)C)N[C@H](CCN1C(=O)c2cc3ccccc3cc2C1=O)C(=O)O,7.04,2
CHEMBL302489,CCC[C@@H](C(=O)NO)[C@@H](CC(C)C)C(=O)N[C@H]1CCCCN(CCOC)C1=O,7.03,1
CHEMBL1795859,CCCCc1ccc(C#Cc2ccc(S(=O)(=O)N[C@H](Cc3c[nH]c4ccccc34)C(=O)NO)s2)cc1,7.03,1
CHEMBL32285,C=CC[C@](C)(C(=O)NO)[C@@H](CC(C)C)C(=O)N[C@H](C(=O)Nc1ccccc1)C(C)(C)C,7.02,1
CHEMBL3417741,COc1ccc(S(=O)(=O)C2(C(=O)NO)CCC3(CCNCC3)C2)cc1,7.02,1
CHEMBL126380,O=C(O)[C@H]1[C@H](Cn2nnc3ccccc3c2=O)CC[C@@H]1Sc1ccc(-c2ccc(Cl)cc2)cc1,7.01,3
CHEMBL278452,CC(C)CC(C(=O)CS)C(=O)N[C@@H](CC1CCCCC1)C(=O)NCCc1ccccc1,7.01,1
CHEMBL293411,COc1ccc(-c2ccc(S(=O)(=O)N[C@@H](C(=O)O)C3CCC(N4CCNC4=O)CC3)cc2)cc1,7.01,1
CHEMBL292313,CCCCCCCC[C@H](CC(=O)NO)C(=O)N[C@H](C(=O)NC)C(C)(C)C,7.0,1
CHEMBL433426,CCCCCCCCC[C@H](CC(=O)NO)C(=O)N[C@H](C(=O)NC)c1ccccc1,7.0,1
CHEMBL138858,O=C(NO)C1Cc2ccccc2CN1S(=O)(=O)CCc1ccccc1,7.0,1
CHEMBL294167,O=C(O)C(=O)[C@H]1Cc2ccccc2CN1S(=O)(=O)c1ccc(-c2ccc(Cl)cc2)cc1,7.0,1
CHEMBL141560,CC(C)(C)OC(=O)Nc1ccc2c(c1)CN(S(=O)(=O)c1ccc(-c3ccc(F)cc3)cc1)C(C(=O)NO)C2,7.0,1
CHEMBL34206,O=C(c1ccccc1)c1ccc(S(=O)(=O)CC(CCCc2ccccc2)C(=O)NO)cc1,7.0,2
CHEMBL140543,CN(C)c1ccc(-c2ccc(S(=O)(=O)N3Cc4ccccc4CC3C(=O)C(=O)O)cc2)cc1,7.0,1
CHEMBL542088,Cl.O=C(c1ccncc1)c1ccc(S(=O)(=O)CC(CCCc2ccccc2)C(=O)NO)cc1,7.0,1
CHEMBL141475,O=C(NO)C1Cc2ccccc2CN1S(=O)(=O)c1ccc2oc3ccccc3c2c1,7.0,1
CHEMBL329298,COc1ccc(S(=O)(=O)N(C)C[C@H](C(=O)NO)[C@@H](CC2CCCC2)C(=O)N2CCOCC2)cc1,7.0,2
CHEMBL127168,N#Cc1ccc(-c2ccc(S[C@H]3CC[C@@H](Cn4c(=O)nc5ccccn5c4=O)[C@@H]3C(=O)O)cc2)cc1,6.99,1
CHEMBL66589,COCCN1CCCC[C@H](NC(=O)[C@H](CC(C)C)[C@@H](CCCO)C(=O)NO)C1=O,6.98,1
CHEMBL3617407,COc1ccc(-c2ccc(S(=O)(=O)N(OC(C)C)[C@H](CCN3C(=O)c4ccccc4C3=O)C(=O)NO)cc2)cc1,6.98,1
CHEMBL65579,CCCCCCCC[C@@H](C(=O)N[C@H]1CCCCN(CCOC)C1=O)[C@H](C)C(=O)NO,6.97,1
CHEMBL345306,COc1cc(CCC[C@H](CC(=O)NO)C(=O)N[C@H](C(=O)N[C@H](C)c2ccccc2)C(C)(C)C)ccc1-c1ccccc1,6.96,2
CHEMBL321602,CC(C)C[C@H]1C(=O)N[C@H](C(=O)c2ccc(C(C)(C)C)cc2)Cc2ccc(cc2)OCCCC[C@@H]1C(=O)NO,6.96,1
CHEMBL278927,CCCCCCCC(C(=O)N[C@@H](CCCCNS(=O)(=O)c1ccc(C)cc1)C(=O)NC(=O)C(CC(C)C)NCC)C(O)CS,6.96,1
CHEMBL40237,CC(C)C[C@H](CC(=O)NO)C(=O)N[C@@H](CC(C)C)c1nc(-c2ccccc2)c[nH]1,6.95,1
CHEMBL338223,COc1ccc(S(=O)(=O)N2CCN(C(=O)N3CCN(C)CC3)CC2C(=O)NO)cc1,6.94,2
CHEMBL135983,CC1CCC(C[C@@H](C(=O)N[C@@H](CCC/N=C(/N)NS(=O)(=O)c2ccccn2)C(=O)Nc2nccs2)[C@H](C(C)C)N(O)C=O)CC1,6.94,1
CHEMBL1801431,O=C(NO)C1(S(=O)(=O)c2ccc(Oc3ccc(OC(F)(F)F)cc3)cc2)CCN(Cc2ccccn2)CC1,6.94,1
CHEMBL3417747,O=C(NO)C1(S(=O)(=O)c2ccc(NCc3ccc(OC(F)(F)F)cc3)cc2)CCC2(CCNCC2)C1,6.94,1
CHEMBL154040,C[C@@H](NC(=O)[C@@H](NC(=O)[C@H](CCCC1CCCCC1)CC(=O)NO)C(C)(C)C)c1ccccc1,6.92,2
CHEMBL161572,CC(C)C[C@H](NC(=O)[C@H](CC(C)C)N[C@H](CCN1C(=O)c2cc3ccccc3cc2C1=O)C(=O)O)C(=O)NCCN1CCOCC1,6.92,1
CHEMBL127747,CNC(=O)[C@H](Cc1ccccc1)NC(=O)[C@H](CCc1ccccc1)N[C@@H](CCNS(=O)(=O)c1ccc(C)cc1)C(=O)O,6.92,1
CHEMBL16258,CCCCCCCC(C(=O)N[C@H](C(=O)NC)C(C)(C)C)C(O)CS,6.92,1
CHEMBL16172,CCCCCCCC(C(=O)N[C@H](C(=O)NCCc1ccc(S(N)(=O)=O)cc1)C(C)(C)C)C(O)CS,6.92,1
CHEMBL3617403,CC(C)ON([C@H](CCNC(=O)Cc1ccccc1)C(=O)NO)S(=O)(=O)c1ccc(-c2ccccc2)cc1,6.92,1
CHEMBL125384,COc1ccc(S(=O)(=O)N2CCN(C(=O)N3CCOCC3)CC2C(=O)NO)cc1,6.91,2
CHEMBL263459,CCC[C@@H]([C@@H](CC(C)C)C(=O)N[C@@H](CCC/N=C(/N)NS(C)(=O)=O)C(=O)Nc1nccs1)N(O)C=O,6.91,1
CHEMBL16487,CCCCCCCC(C(=O)CS)C(=O)N[C@@H](CC(C)C)C(=O)NCCN1CCOCC1,6.89,1
CHEMBL362651,CC(C)ON([C@H](CCNC(=O)OCc1ccccc1)C(=O)NO)S(=O)(=O)c1ccc(-c2ccccc2)cc1,6.89,1
CHEMBL1084509,O=C(NO)C1(S(=O)(=O)c2ccc(N3CCN(c4ccc(Cl)cc4)CC3)cc2)CCOCC1,6.89,1
CHEMBL5177819,CC(C)ON([C@@H](CCNC(=O)OCc1ccccc1)C(=O)NO)S(=O)(=O)c1ccc(-c2ccccc2)cc1,6.89,1
CHEMBL3417768,CNC(=O)c1ccc(C(=O)Oc2ccc(S(=O)(=O)C3(C(=O)NO)CCC4(CCNCC4)C3)cc2)cc1,6.88,1
CHEMBL338877,O=C(O)[C@H]1[C@H](Cn2c(=O)nc3ccccn3c2=O)CC[C@@H]1Sc1ccc(-c2ccc(Cl)cc2)cc1,6.87,1
CHEMBL42067,CC(C)[C@H](NS(=O)(=O)c1ccc(-c2ccc(C#N)cc2)cc1)C(=O)NO,6.87,1
CHEMBL322888,COc1ccc(S(=O)(=O)N2CC(C)(C)C(CO)[C@@H]2C(=O)NO)cc1,6.87,1
CHEMBL261932,O=C(C[C@H](CSc1ccccc1)C(=O)O)c1ccc(-c2ccc(Cl)cc2)cc1,6.87,1
CHEMBL398265,Cc1ccc(Oc2ccc(N(C[C@@H](C(=O)NO)N3CCOCC3)S(C)(=O)=O)cc2)cc1,6.86,1
CHEMBL273762,CCNC(CC(C)C)C(=O)NC(=O)[C@H](CC(C)C)NC(=O)C(CCCc1ccccc1)C(O)CS,6.85,1
CHEMBL16235,CCNC(CC(C)C)C(=O)NC(=O)[C@H](CC(C)C)NC(=O)C(CCCc1ccccc1)C(=O)CS,6.85,1
CHEMBL148169,Cc1cc(COc2ccc([C@]3(C)CCN([C@H](C)C(=O)NO)C3=O)cc2)c2ccccc2n1,6.85,1
CHEMBL198262,COc1c(Br)ccc2oc(C(=O)Nc3ccc(-c4ccc(S(=O)(=O)N[C@H](C(=O)O)C(C)C)cc4)cc3)c(C)c12,6.84,1
CHEMBL436580,COc1ccc(S(=O)(=O)N2CCN(C(=O)c3ccno3)CC2C(=O)NO)cc1,6.83,2
CHEMBL48969,O=S(=O)(CCCS)c1ccc(Sc2ccccc2)cc1,6.82,1
CHEMBL374377,CC(C)[C@H](NS(=O)(=O)c1ccc(-c2ccc(F)cc2)cc1)P(=O)(O)O,6.82,1
CHEMBL337045,CCC[C@@H]([C@@H](CC(C)C)C(=O)N[C@H](C(=O)Nc1nccs1)[C@H](C)CC/N=C(/N)NS(C)(=O)=O)N(O)C=O,6.81,1
CHEMBL339381,CC1CCC(C[C@@H](C(=O)N[C@@H](CCC/N=C(/N)NS(C)(=O)=O)C(=O)Nc2nccs2)[C@H](C(C)C)N(O)C=O)CC1,6.81,1
CHEMBL286698,C=CC[C@](C)(C(=O)NO)[C@@H](CC(C)C)C(=O)N[C@@H](CC1CCCCC1)C(=O)NCCc1ccccc1,6.8,1
CHEMBL306412,CNC(=O)[C@H](NC(=O)[C@@H](CC(=O)NO)CC(C)C)C(C)(C)C,6.8,1
CHEMBL16087,CC(C)CC(C(=O)CS)C(=O)N[C@H](C(=O)Nc1ccccn1)C(C)(C)C,6.8,1
CHEMBL76222,CNC(=O)[C@@H](NC(=O)[C@H](CC(C)C)NC(=O)[C@@H](S)CCN1C(=O)N(C)C(C)(C)C1=O)C(C)(C)C,6.8,2
CHEMBL1082317,Cc1cccc(N2CCN(C(=O)C3CCN(c4ccc(S(=O)(=O)C5(C(=O)NO)CCOCC5)cc4)CC3)CC2)c1C,6.8,1
CHEMBL1957602,O=C(NO)[C@@H]1CSCN1S(=O)(=O)c1ccc(Oc2ccc(Cl)cc2)cc1,6.8,1
CHEMBL5175662,CNC(=O)[C@@H](NC(=O)[C@H](CC(C)C)NC(=O)[C@H](S)CCN1C(=O)N(C)C(C)(C)C1=O)C(C)(C)C,6.8,1
CHEMBL83955,CCOC(=O)N1CCC(C(NS(=O)(=O)c2ccc(-c3ccc(OC)cc3)cc2)C(=O)O)CC1,6.79,1
CHEMBL254399,O=C(CS(=O)(=O)N1CC(c2ccc(-c3ccccc3)cc2)C1)NO,6.79,1
CHEMBL400258,CN(CCc1ccc(-c2ccccc2)cc1)S(=O)(=O)CC(=O)NO,6.79,1
CHEMBL32839,CNC(=O)[C@H](Cc1ccccc1)NC(=O)[C@H](CC(C)C)C(C)(C)C(=O)NO,6.77,1
CHEMBL286295,CNC(=O)[C@H](Cc1ccccc1)NC(=O)[C@H](CC(C)C)C1(C(=O)NO)CCCC1,6.77,1
CHEMBL135783,CC(C)C[C@@H](C(=O)N[C@H](C(=O)Nc1nccs1)[C@H](C)CC/N=C(/N)NS(C)(=O)=O)[C@H](C)N(O)C=O,6.77,1
CHEMBL124514,CCCCCCN(C)C(=O)N1CCN(S(=O)(=O)c2ccc(Br)cc2)C(C(=O)NO)C1,6.76,2
CHEMBL338453,COc1ccc(S(=O)(=O)N2CCN(C(=O)c3snnc3C)CC2C(=O)NO)cc1,6.76,2
CHEMBL343718,COc1ccc(S(=O)(=O)N2CSCC2C(=O)NO)cc1,6.76,1
CHEMBL254396,CN(CCCc1ccc(-c2ccccc2)cc1)S(=O)(=O)CC(=O)NO,6.76,1
CHEMBL509270,CCCCCC/C=C(\CC(=O)NNS(=O)(=O)c1ccc(-c2ccc(Br)cc2)cc1)C(=O)N[C@@H](Cc1c(-c2ccccc2)[nH]c2ccccc12)C(=O)NC,6.76,1
CHEMBL95237,CNC(=O)[C@H](Cc1c[nH]c2ccccc12)NC(=O)/C(=C/C(C)C)CC(=O)NO,6.75,2
CHEMBL266292,COCCN1CN(S(=O)(=O)c2ccc(OC)cc2)[C@@H](C(=O)NO)CC1=O,6.75,1
CHEMBL161224,CC(C)C[C@H](N[C@H](CCN1C(=O)c2cc3ccccc3cc2C1=O)C(=O)O)C(=O)NCc1ccc(C(=O)O)cc1,6.75,1
CHEMBL550548,CC(C)ON([C@@H](C(=O)NO)C(C)C)S(=O)(=O)c1ccc(-c2ccc(OCc3ccc(Cl)cc3)cc2)cc1,6.75,1
CHEMBL1795857,CCCCc1ccc(C#Cc2ccc(S(=O)(=O)N[C@H](Cc3ccc(OCc4ccccc4)cc3)C(=O)NO)s2)cc1,6.75,1
CHEMBL3417743,COc1ccc(Oc2cccc(S(=O)(=O)C3(C(=O)NO)CCC4(CCNCC4)C3)c2)cc1,6.75,1
CHEMBL125281,COc1ccc(S(=O)(=O)N2CCN(C(=O)c3cccnc3)CC2C(=O)NO)cc1,6.74,2
CHEMBL127867,O=C(O)[C@H]1[C@H](Cn2nc3ccccn3c2=O)CC[C@@H]1Sc1ccc(-c2ccc(Cl)cc2)cc1,6.74,1
CHEMBL5283286,COc1ccc(S(=O)(=O)N2CCN(c3cccnc3)CC2C(=O)NO)cc1,6.74,1
CHEMBL105422,COc1ccc(S(=O)(=O)N(CC(=O)N2CCOCC2)C(CCSCc2ccccc2)C(=O)NO)cc1,6.71,1
CHEMBL140439,Nc1ccc2c(c1)CN(S(=O)(=O)c1ccc(-c3ccc(Cl)cc3)cc1)C(C(=O)C(=O)O)C2,6.7,1
CHEMBL337585,Nc1ccc2c(c1)CC(C(=O)C(=O)O)N(S(=O)(=O)c1ccc(-c3ccc(F)cc3)cc1)C2,6.7,1
CHEMBL141283,O=C(O)C(=O)C1Cc2ccc(O)cc2CN1S(=O)(=O)c1ccc(-c2ccc(Cl)cc2)cc1,6.7,1
CHEMBL141674,O=C(O)C(=O)C1Cc2ccccc2CN1S(=O)(=O)c1ccc(Oc2ccccc2)cc1,6.7,1
CHEMBL423001,O=C(O)C(=O)C1Cc2ccccc2CN1S(=O)(=O)c1ccc(OCc2ccc(F)cc2)cc1,6.7,1
CHEMBL115189,CNC(=O)C(NC(=O)[C@H](CC(C)C)[C@H](O)C(=O)NO)C(C)(C)C,6.7,1
CHEMBL335009,CCC[C@@H]([C@@H](CC1CCC(C)CC1)C(=O)N[C@@H](CCC/N=C(/N)N[N+](=O)[O-])C(=O)Nc1nccs1)N(O)C=O,6.7,1
CHEMBL98044,CN(C[C@H](C(=O)NO)[C@@H](CC1CCCC1)C(=O)N1CCCCC1)S(C)(=O)=O,6.7,3
CHEMBL5172839,O=C(CS(=O)(=O)c1ccc(-c2ccccc2)cc1)NO,6.7,1
CHEMBL337042,CCC[C@@H]([C@@H](CC1CCCCC1)C(=O)N[C@@H](CCC/N=C(/N)N[N+](=O)[O-])C(=O)Nc1nccs1)N(O)C=O,6.69,1
CHEMBL400463,O=C(CS(=O)(=O)N1CCC(c2ccc(Oc3ccccc3)cc2)CC1)NO,6.69,1
CHEMBL271866,O=c1c(O)cccn1CS(=O)(=O)c1ccc(Oc2ccc(OC(F)(F)F)cc2)cc1,6.69,1
CHEMBL16114,CCCCCCCC(C(=O)N[C@@H](CC(C)C)C(=O)NC(=O)C(CC(C)C)NCC)C(O)CS,6.68,1
CHEMBL300375,COCCOC(=O)N(Cc1ccccc1)C1CCCC(C(NS(=O)(=O)c2ccc(-c3ccc(OC)cc3)cc2)C(=O)O)C1,6.68,1
CHEMBL15930,O=C(CS)C(CCCc1ccccc1)C(=O)N[C@@H](CC1CCCCC1)C(=O)NCCc1ccccc1,6.68,1
CHEMBL127035,O=C(O)[C@H]1[C@H](CN2NNc3ccsc3C2=O)CC[C@@H]1Sc1ccc(-c2ccc(Cl)cc2)cc1,6.67,1
CHEMBL115653,CN1C(=O)N(C[C@H](C(=O)NO)[C@@H](CC2CCCC2)C(=O)N2CCCCC2)C(=O)C1(C)C,6.67,2
CHEMBL417574,COC(=O)CN1CCCC[C@H](NC(=O)[C@H](CC(C)C)[C@@H](C)C(=O)NO)C1=O,6.67,1
CHEMBL134849,N/C(=N/CCC[C@H](NC(=O)[C@H](CC1CCCCC1)[C@H](CCC(F)(F)F)N(O)C=O)C(=O)Nc1nccs1)N[N+](=O)[O-],6.67,1
CHEMBL352068,CNC(=O)[C@H](Cc1ccccc1)NC(=O)[C@H](CC(C)C)N[C@H](CCN1C(=O)c2ccc(-c3ccccc3)cc2C1=O)C(=O)O,6.67,1
CHEMBL133314,CCC[C@@H]([C@@H](Cc1ccc(C)s1)C(=O)N[C@@H](CCC/N=C(/N)NS(=O)(=O)c1ccccn1)C(=O)Nc1nccs1)N(O)C=O,6.66,1
CHEMBL83282,COc1ccc(-c2ccc(S(=O)(=O)NC(C(=O)O)C3CCN(C(=O)N4CCOCC4)CC3)cc2)cc1,6.66,1
CHEMBL1939846,CC(C)[C@@H]1C(=O)N(O)C(=O)CN1S(=O)(=O)c1ccc(Oc2ccccc2)cc1,6.66,1
CHEMBL357796,COCCOc1ccc(S(=O)(=O)N2CC(NOC)C[C@@H]2C(=O)NO)cc1,6.65,1
CHEMBL2112477,CC(C)(C)[C@H](NC(=O)C(C[C@H]1CCc2ccccc2C1)[C@H](O)C(=O)NO)C(N)=O,6.64,1
CHEMBL58834,COCCOC(=O)N(C)C1CCCC(C(NS(=O)(=O)c2ccc(-c3ccc(OC)cc3)cc2)C(=O)O)C1,6.64,1
CHEMBL227501,Cc1cccc(-c2ccc(S(=O)(=O)N[C@@H](C(C)C)P(=O)(O)O)cc2)c1,6.64,1
CHEMBL251820,O=C(O[C@H]1CCOC1)N1CCC(CS(=O)(=O)N2CC=C(c3ccccc3)CC2)(C(=O)NO)CC1,6.62,1
CHEMBL255374,Cc1cc(=O)c(O)c(C(=O)NCc2ccc(-c3ccccc3)cc2)o1,6.62,2
CHEMBL127787,O=C(O)[C@H]1[C@H](Cn2nnc3ccccc3c2=O)CC[C@@H]1S(=O)(=O)CCc1ccc(-c2ccc(Cl)cc2)cc1,6.6,1
CHEMBL65439,CCCCCCCC[C@H](CC(=O)NO)C(=O)N[C@H]1CCCCN(CCOC)C1=O,6.6,1
CHEMBL433063,COc1ccc(-c2ccc(S(=O)(=O)NC(C(=O)O)C3CCCC(Nc4ccccc4)C3)cc2)cc1,6.6,1
CHEMBL139609,COc1ccc(S(=O)(=O)N2CCCC2C(=O)NO)cc1,6.59,1
CHEMBL110312,CC(C)C[C@H](NP(=O)(O)CCCCN1C(=O)c2ccccc2C1=O)C(=O)N[C@@H](Cc1c[nH]c2ccccc12)C(=O)NCc1ccccc1,6.58,1
CHEMBL124681,COc1ccc(S(=O)(=O)N2CCN(C)CC2C(=O)NO)cc1,6.57,2
CHEMBL92970,CNC(=O)[C@H](Cc1ccccc1)NC(=O)[C@H](CSC)NC(=O)[C@H](S)CCN1C(=O)CCC1=O,6.57,1
CHEMBL126977,O=C(O)[C@H]1[C@H](CN2C(=O)c3ccccc3C2=O)CC[C@@H]1Sc1ccc(-c2ccccc2)cc1,6.56,1
CHEMBL345445,CC(C)(C)[C@H](NC(=O)[C@H](CCCc1ccccc1)CC(=O)O)C(=O)Nc1ccncc1,6.56,2
CHEMBL135590,CC(C)C[C@@H](C(=O)N[C@H](C(=O)Nc1nccs1)[C@H](C)CC/N=C(/N)N[N+](=O)[O-])[C@H](C)N(O)C=O,6.56,1
CHEMBL336786,CCC[C@@H]([C@@H](CC1CCC(C)CC1)C(=O)N[C@@H](CCC/N=C(/N)NS(=O)(=O)c1ccccn1)C(=O)Nc1nccs1)N(O)C=O,6.55,1
CHEMBL43403,CC(C)C[C@H](CC(=O)NO)C(=O)N[C@@H](Cc1c[nH]c2ccccc12)c1ncc[nH]1,6.55,1
CHEMBL431226,Cc1cc(COc2ccc(S(=O)(=O)CC(C3CCC4(CC3)OCCO4)N(O)C=O)cc2)c2ccccc2n1,6.55,1
CHEMBL43206,CC(C)[C@H](NS(=O)(=O)c1ccc(-c2cccc(Br)c2)cc1)C(=O)O,6.54,1
CHEMBL16213,CCCCCCCC(C(=O)N[C@@H](CC1CCCCC1)C(=O)NCCc1ccc(S(N)(=O)=O)cc1)C(O)CS,6.54,1
CHEMBL489100,Cc1cc(COc2ccc([C@]3(N)CCN([C@H](CC(C)C)C(=O)NO)C3=O)cc2)c2ccccc2n1,6.54,1
CHEMBL104446,C=CC1[C@H](C(=O)NO)N(S(=O)(=O)c2ccc(OC)cc2)CC1(C)C,6.53,1
CHEMBL350789,CC(C)C[C@H](N[C@H](CCN1C(=O)c2cc3ccccc3cc2C1=O)C(=O)O)C(=O)NCc1ccc(S(N)(=O)=O)cc1,6.53,1
CHEMBL339610,CSc1ccc(-c2ccc(S[C@H]3CC[C@@H](Cn4c(=O)nc5ccccn5c4=O)[C@@H]3C(=O)O)cc2)cc1,6.52,1
CHEMBL264495,CCCCCCCCCCCCCCCC[C@H](CC(=O)NO)C(=O)N[C@@H](Cc1ccccc1)C(=O)NC,6.52,1
CHEMBL141835,CNC(=O)c1ccc(Oc2ccc(S(=O)(=O)N3Cc4ccccc4CC3C(=O)C(=O)O)cc2)cc1,6.52,1
CHEMBL141098,O=C(NO)C1Cc2ccccc2CN1S(=O)(=O)c1ccc(N2CCOCC2)cc1,6.52,1
CHEMBL141675,O=C(NO)C1Cc2ccccc2CN1S(=O)(=O)c1ccccc1,6.52,1
CHEMBL141038,O=C(O)C(=O)C1Cc2ccccc2CN1S(=O)(=O)c1ccc(-c2ccc(C(F)(F)F)cc2)cc1,6.52,1
CHEMBL294680,O=C(NO)[C@H]1Cc2c([nH]c3ccccc23)CN1S(=O)(=O)c1ccc(N2CCOCC2)cc1,6.52,1
CHEMBL102941,CCCCC[C@H](CC(=O)NO)C(=O)N1NCCC[C@H]1C(=O)N[C@@H](C(=O)CC)C(C)CC,6.52,1
CHEMBL99981,CC(C)S(=O)(=O)N(C)C[C@H](C(=O)NO)[C@@H](CC1CCCC1)C(=O)N1CCCCC1,6.52,2
CHEMBL357904,CNC(=O)N[C@H]1C[C@H](C(=O)NO)N(S(=O)(=O)c2ccc(OC)cc2)C1,6.52,1
CHEMBL550038,CC(C)[C@H](NS(=O)(=O)c1ccc2c(c1)oc1ccc(N3CCOC3=O)cc12)C(=O)O,6.52,1
CHEMBL1084238,O=C(NO)C1(S(=O)(=O)c2ccc(N3CCN(c4ccc(C(F)(F)F)cc4)CC3)cc2)CCOCC1,6.52,1
CHEMBL118740,O=C(CCOc1ccc(-c2ccccc2)cc1)NO,6.51,1
CHEMBL161562,CC(C)C[C@H](N[C@H](CCN1C(=O)c2cc3ccccc3cc2C1=O)C(=O)O)C(=O)NCc1cccnc1,6.51,1
CHEMBL271867,COc1ccc(Oc2ccc(S(=O)(=O)Cc3cccn(O)c3=O)cc2)cc1,6.51,1
CHEMBL337986,O=C(O)[C@H]1[C@H](CN2C(=O)c3ccccc3C2=O)CC[C@@H]1S(=O)(=O)CCc1ccc(-c2ccc(F)cc2)cc1,6.5,1
CHEMBL318795,O=C(NO)C(CCCN1C(=O)c2ccccc2C1=O)COc1ccc(-c2ccccc2)cc1,6.5,1
CHEMBL422266,CC(C)C[C@H](NC(=O)[C@H](CCc1ccccc1)NC(=O)[C@@H](C)N)C(=O)Nc1ccccc1,6.5,1
CHEMBL289842,COC(=O)c1[nH]c([C@H](CC(C)C)NC(=O)[C@@H](CC(=O)NO)CC(C)C)nc1-c1ccccc1,6.5,1
CHEMBL298033,CC(C)C[C@H](CC(=O)NO)C(=O)N[C@@H](CC(C)C)c1ncc[nH]1,6.5,1
CHEMBL158739,CNC(=O)[C@H](Cc1ccccc1)NC(=O)[C@H](CC(C)C)N[C@H](CCN1C(=O)c2cccc3c(Br)ccc(c23)C1=O)C(=O)O,6.5,1
CHEMBL8494,CC(C)C[C@H](NC(=O)[C@H](CCc1ccccc1)N[C@H](C)C(=O)O)C(=O)Nc1ccccc1,6.5,1
CHEMBL59472,COc1ccc(-c2ccc(S(=O)(=O)NC(C(=O)O)C3CCC/C(=N/OC(C)(C)C)C3)cc2)cc1,6.5,1
CHEMBL550148,O=C(CNS(=O)(=O)c1ccc(-c2ccccc2)cc1)NO,6.5,1
CHEMBL1795860,CCCCc1ccc(C#Cc2ccc(S(=O)(=O)N[C@H](Cc3csc4ccccc34)C(=O)NO)s2)cc1,6.5,1
CHEMBL3417759,CNC(=O)c1ccc(Oc2ccc(S(=O)(=O)C3(C(=O)NO)CCC4(CCNCC4)C3)cc2)cc1OC,6.5,1
CHEMBL466565,CC(C)C[C@H]1C[C@H]([C@@H](O)CC(=O)Cc2ccccc2)C(=O)N1,6.48,1
CHEMBL115467,CONC(=O)c1c(OCCOc2ccc(-c3ccc(C#N)cc3)cc2)ccc2ccccc12,6.47,1
CHEMBL288099,O=C(c1ccc(S(=O)(=O)CC(CCCc2ccccc2)C(=O)NO)cc1)c1cc[n+]([O-])cc1,6.46,1
CHEMBL402745,COc1ccc(-c2ccc(S(=O)(=O)N[C@H](C(=O)O)C3CCN(C(=O)OC(C)(C)C)CC3)cc2)cc1,6.46,1
CHEMBL523034,COC(=O)Nc1ccc2oc3cc(S(=O)(=O)N[C@H](C(=O)O)C(C)C)ccc3c2c1,6.46,1
CHEMBL251884,Cc1cccc(C2=CCN(C(=O)[C@H]3NCC4(CC4)C[C@@H]3C(=O)NO)CC2)c1,6.45,1
CHEMBL110153,C=CC[C@H](C(=O)NO)[C@@H](CC(C)C)C(=O)N[C@@H](Cc1ccccc1)C(=O)c1nccs1,6.44,1
CHEMBL404409,O=C(O[C@H]1CCOC1)N1CCC(CS(=O)(=O)N2CCC(c3ccccc3)CC2)(C(=O)NO)CC1,6.44,1
CHEMBL4585243,O=C(O)[C@H]1[C@H](Cn2nnc3ccccc3c2=O)CC[C@@H]1C(=O)c1ccc(OCCC2CCOCC2)cc1,6.44,1
CHEMBL1085257,COCCN1CCC(C(=O)NO)(S(=O)(=O)c2ccc(N3CCC(C(=O)Nc4ccccc4)CC3)cc2)CC1,6.43,1
CHEMBL3960062,O=C(NCc1cccc(OCCCS(=O)(=O)N2CCCCC2C(=O)O)c1)c1nc2ccccc2c(=O)[nH]1,6.43,1
CHEMBL125601,COCCN(CCOC)C(=O)N1CCN(S(=O)(=O)c2ccc(Br)cc2)C(C(=O)NO)C1,6.42,2
CHEMBL254191,CN(Cc1ccc(-c2ccccc2)cc1)S(=O)(=O)CC(=O)NO,6.42,1
CHEMBL508461,O=C(O)C[C@@H](NC(=O)c1cc(-c2ccc(-c3ccncc3)cc2)cs1)c1ccccc1,6.41,1
CHEMBL1160566,CCCCCCC(N[C@@H](CCc1ccccc1)C(=O)N[C@@H](CCCN=C(N)N)C(=O)N[C@@H](CC(C)C)C(=O)OC)C(=O)O,6.4,1
CHEMBL141471,O=C(NO)C1Cc2ccccc2CN1S(=O)(=O)c1ccc2ccccc2c1,6.4,1
CHEMBL342889,O=C(Nc1ccc(S(=O)(=O)N2Cc3ccccc3CC2C(=O)NO)cc1)OCc1ccccc1,6.4,1
CHEMBL137900,CC(C)(C)OC(=O)Nc1ccc2c(c1)CC(C(=O)C(=O)O)N(S(=O)(=O)c1ccc(-c3ccc(F)cc3)cc1)C2,6.4,1
CHEMBL301626,O=C(O)C(=O)[C@H]1Cc2ccccc2CN1S(=O)(=O)c1ccc(-c2ccc(F)cc2)cc1,6.4,1
CHEMBL343818,CN(C)c1cccc2c(S(=O)(=O)N3Cc4ccccc4CC3C(=O)NO)cccc12,6.4,1
CHEMBL153213,COc1ccc(-c2ccc(S(=O)(=O)CCCc3ccc4ccccc4c3C(=O)NO)cc2)cc1,6.4,1
CHEMBL82113,COCCOC(=O)N1CCC(C(NS(=O)(=O)c2ccc(Oc3ccccc3)cc2)C(=O)O)CC1,6.4,1
CHEMBL99148,CCS(=O)(=O)N(C)C[C@H](C(=O)NO)[C@@H](CC1CCCC1)C(=O)N1CCCCC1,6.4,2
CHEMBL99189,CN(C)S(=O)(=O)N(C)C[C@H](C(=O)NO)[C@@H](CC1CCCC1)C(=O)N1CCCCC1,6.4,2
CHEMBL318190,COc1ccc(S(=O)(=O)N(C)C[C@H](C(=O)NO)[C@@H](CC(C)C)C(=O)N2CCCCC2)cc1,6.4,2
CHEMBL146725,COc1ccc(S(=O)(=O)N2C[C@@H](NC(=O)c3ccc(-c4ccccc4)cc3)C[C@@H]2C(=O)NO)cc1,6.4,1
CHEMBL4215396,Cc1cccc(NC(=O)[C@H](Cc2ccccc2)NC(=O)[C@]2(C)CCC[C@]3(C)c4cc(S(=O)(=O)N[C@@H](Cc5ccccc5)C(=O)Nc5cccc(C)c5)c(C(C)C)cc4CC[C@@H]23)c1,6.4,1
CHEMBL419607,COc1ccc(S(=O)(=O)N2CCN(C(=O)c3c(-c4ccccc4)noc3C)CC2C(=O)NO)cc1,6.39,2
CHEMBL152805,CNC(=O)[C@@H](NC(=O)[C@H](CCCc1ccccc1)CC(=O)O)C(C)(C)C,6.39,2
CHEMBL6973,COc1ccc(S(=O)(=O)N2CN(C)C(=O)C[C@@H]2C(=O)NO)cc1,6.39,1
CHEMBL60179,COc1ccc(-c2ccc(S(=O)(=O)NC(C(=O)O)C3CCCC(N4CCOC4=O)C3)cc2)cc1,6.39,1
CHEMBL289003,C=CC[C@@](C)(C(=O)NO)[C@@H](CC(C)C)C(=O)N[C@@H](Cc1ccccc1)C(=O)NC,6.38,1
CHEMBL313340,COCCOC(=O)N1CCC(C(NS(=O)(=O)c2ccc(-c3ccccc3)cc2)C(=O)O)CC1,6.38,1
CHEMBL398639,CCc1cc(C2=CCN(S(=O)(=O)CC(=O)NO)CC2)ccc1-c1ccccc1,6.38,1
CHEMBL261713,O=C(NO)[C@@H](Cc1ccc2ccccc2c1)NS(=O)(=O)c1ccc2ccccc2c1,6.38,1
CHEMBL324006,CC(C)C[C@H](NC(=O)[C@H](Cc1ccccc1)CP(=O)(O)CCCCN1C(=O)c2ccccc2C1=O)C(=O)NCc1ccccc1,6.37,1
CHEMBL16650,CCCCCCC[C@H](C[C@@H](O)CS)C(=O)N[C@H](C(=O)NC)C(C)(C)C,6.37,1
CHEMBL352232,CCCOc1ccc2c(c1)C(=O)N(CC[C@@H](N[C@@H](CC(C)C)C(=O)N[C@@H](Cc1ccccc1)C(=O)NC)C(=O)O)C2=O,6.37,1
CHEMBL425020,COc1c(C)ccc2oc(C(=O)Nc3ccc(-c4ccc(S(=O)(=O)N[C@H](C(=O)O)C(C)C)cc4)cc3)c(C)c12,6.36,1
CHEMBL228188,CC(C)[C@H](NS(=O)(=O)c1ccc(-c2cccc(Cl)c2)cc1)P(=O)(O)O,6.36,1
CHEMBL154169,CCc1cc(CCC[C@H](CC(=O)NO)C(=O)N[C@H](C(=O)N[C@H](C)c2ccccc2)C(C)(C)C)ccc1-c1ccccc1,6.35,2
CHEMBL294066,CCCCCCCC[C@H](CC(=O)NO)C(=O)N[C@@H](Cc1ccccc1)C(=O)NC,6.35,1
CHEMBL356197,COc1ccc(-c2ccc(C(=O)CCc3ccc4ccccc4c3C(=O)NO)cc2)cc1,6.35,1
CHEMBL375418,O=C(NO)[C@H]1CC2(CC2)CN[C@@H]1C(=O)N1CC=C(c2ccccc2)C1,6.35,2
CHEMBL3617400,CC(C)ON([C@H](CCNC(=O)c1ccccc1)C(=O)NO)S(=O)(=O)c1ccc(-c2ccccc2)cc1,6.35,1
CHEMBL348688,COc1ccc(-c2ccc(S(=O)(=O)CCOc3ccc4ccccc4c3C(=O)NO)cc2)cc1,6.34,1
CHEMBL16630,CNC(=O)[C@@H](NC(=O)[C@H](CC(C)C)C[C@H](O)CS)C(C)(C)C,6.33,1
CHEMBL16520,CNC(=O)[C@@H](NC(=O)[C@@H](CC(=O)NO)CC(C)C)C(C)(C)C,6.33,1
CHEMBL509346,CNC(=O)[C@H](Cc1c(-c2ccccc2)[nH]c2ccccc12)NC(=O)/C(=C/CCc1ccccc1)CC(=O)NNS(=O)(=O)c1ccc(-c2ccc(Br)cc2)cc1,6.33,1
CHEMBL126711,O=C(O)[C@H]1[C@H](CN2C(=O)c3ccccc3S2(=O)=O)CC[C@@H]1Sc1ccc(-c2ccc(Cl)cc2)cc1,6.32,1
CHEMBL33306,C=CC[C@](C)(C(=O)NO)[C@@H](CC(C)C)C(=O)N[C@H](C(=O)NC)C(C)(C)C,6.32,1
CHEMBL16933,CNC(=O)[C@@H](NC(=O)[C@@H](CC(=O)CS)CC(C)C)C(C)(C)C,6.32,1
CHEMBL152625,CC(C)(C)[C@H](NC(=O)[C@H](CCCc1ccccc1)CC(=O)O)C(=O)Nc1ccccc1,6.32,2
CHEMBL158625,CNC(=O)[C@H](CCCN=C(N)N)NC(=O)[C@H](CC(C)C)N[C@H](CCN1C(=O)c2cc3ccccc3cc2C1=O)C(=O)O,6.32,1
CHEMBL3417762,O=C1CCCN1CCOc1ccc(S(=O)(=O)C2(C(=O)NO)CCC3(CCNCC3)C2)cc1,6.32,1
CHEMBL93320,CNC(=O)[C@H](Cc1ccccc1)NC(=O)[C@H](CC(C)C)NC(=O)C(S)CCCC(=O)OC,6.31,1
CHEMBL427366,CCc1ccc2oc(C(=O)Nc3ccc(-c4ccc(S(=O)(=O)N[C@H](C(=O)O)C(C)C)cc4)cc3)c(C)c2c1O,6.31,1
CHEMBL1916207,COc1ccc(-c2ccc(S(=O)(=O)N[C@@H]3CC=CCN(O)C3=O)s2)cc1,6.31,1
CHEMBL293382,CNC(=O)[C@H](Cc1ccccc1)NC(=O)[C@H](CCCc1ccccc1)CC(=O)NO,6.3,1
CHEMBL142095,O=C(O)C(=O)C1Cc2cc([N+](=O)[O-])ccc2CN1S(=O)(=O)c1ccc(-c2ccc(Cl)cc2)cc1,6.3,1
CHEMBL344410,O=C(O)C(=O)C1Cc2ccccc2CN1S(=O)(=O)c1ccc(-c2ccccc2)cc1,6.3,1
CHEMBL424473,O=C(O)C(=O)C1Cc2ccccc2CN1S(=O)(=O)c1ccc(Oc2ccc(Cl)cc2)cc1,6.3,1
CHEMBL424472,CCOC(=O)Nc1ccc(S(=O)(=O)N2Cc3ccccc3CC2C(=O)NO)cc1,6.3,1
CHEMBL138696,O=C(NO)C1Cc2ccccc2CN1S(=O)(=O)c1ccc(C(F)(F)F)cc1,6.3,1
CHEMBL142071,O=C(O)C(=O)C1Cc2cc([N+](=O)[O-])ccc2CN1S(=O)(=O)c1ccc(-c2ccc(F)cc2)cc1,6.3,1
CHEMBL344827,O=C(NO)C1Cc2ccccc2CN1S(=O)(=O)c1ccc2[nH]c(-c3ccccc3)nc2c1,6.3,1
CHEMBL93357,CNC(=O)[C@H](Cc1ccccc1)NC(=O)[C@H](CC(C)C)NC(=O)C(S)CCCCN1C(=O)c2ccccc2C1=O,6.3,1
CHEMBL418725,CNC(=O)[C@@H](NC(=O)C(CC(C)C)C(=O)CS)C(C)(C)C,6.3,1
CHEMBL61577,COc1ccc(-c2ccc(S(=O)(=O)NC(C(=O)O)C3CCCC(N(Cc4ccccc4)C(C)=O)C3)cc2)cc1,6.3,1
CHEMBL301565,O=S(=O)(CCCS)c1ccc(Oc2ccccc2)cc1,6.3,1
CHEMBL179936,O=C(O)[C@H]1Cc2ccccc2CC1S(=O)(=O)c1ccc(-c2ccccc2)cc1,6.3,1
CHEMBL200274,CC(C)CC(C(=O)N[C@H]1CCCCCCCCCCNC1=O)[C@H](O)C(=O)NO,6.3,1
CHEMBL64912,CC(C)C[C@H](CC(=O)NO)C(=O)N[C@H]1CCCCN(CCOc2ccccc2)C1=O,6.29,1
CHEMBL159141,CNC(=O)[C@H](Cc1ccccc1)NC(=O)[C@H](CC(C)C)N[C@H](CCN1C(=O)c2cc3ccccc3nc2C1=O)C(=O)O,6.29,1
CHEMBL127364,CNC(=O)[C@H](Cc1ccccc1)NC(=O)[C@H](CCc1ccccc1)N[C@@H](CCNS(=O)(=O)c1ccc2ccccc2c1)C(=O)O,6.29,1
CHEMBL307192,CN1C(=O)N(C[C@@H](C(=O)NO)[C@@H](CC2CCCC2)C(=O)N2CCCCC2)C(=O)C1(C)C,6.28,1
CHEMBL59104,COCCOC(=O)NC1CCC([C@@H](NS(=O)(=O)c2ccc(-c3ccc(OC)cc3)cc2)C(=O)O)CC1,6.28,1
CHEMBL93155,CNC(=O)[C@H](Cc1ccccc1)NC(=O)[C@H](CC(C)C)NC(=O)C(S)CCCN1C(=O)c2ccccc2C1=O,6.26,1
CHEMBL94256,CNC(=O)[C@H](Cc1ccccc1)NC(=O)[C@H](CC(C)C)NC(=O)C(S)CCCNS(C)(=O)=O,6.26,1
CHEMBL329967,Cc1cc(COc2ccc(S(=O)(=O)CC(CC3CCC(=NO)CC3)N(O)C=O)cc2)c2ccccc2n1,6.26,1
CHEMBL123858,COc1ccc(S(=O)(=O)NCC[C@H](N[C@@H](CCc2ccccc2)C(=O)N[C@@H](CC(C)C)C(=O)NOCc2ccccc2)C(=O)O)cc1,6.26,1
CHEMBL1082318,Cc1cccc(N2CCN(C(=O)C3CCN(c4ccc(S(=O)(=O)C5(C(=O)NO)CCN(C6CC6)CC5)cc4)CC3)CC2)c1C,6.26,1
CHEMBL154215,CC(C)(C)[C@H](NC(=O)[C@H](CCCc1ccccc1)CC(=O)O)C(=O)NC1CCCCC1,6.25,2
CHEMBL305160,COc1ccc(-c2ccc(S(=O)(=O)NC(C(=O)O)C3CCCC(N(C)S(C)(=O)=O)C3)cc2)cc1,6.25,1
CHEMBL194377,CCc1ccc2oc(C(=O)Nc3ccc(-c4ccc(S(=O)(=O)N[C@H](C(=O)O)C(C)C)cc4)cc3)c(C)c2c1OC,6.25,1
CHEMBL2435340,O=C(NCc1ccc(-c2ccccc2)cc1)c1cccc(=O)n1O,6.25,1
CHEMBL152267,CC(NC(=O)[C@@H](NC(=O)[C@H](CCCc1ccccc1)CC(=O)NO)C(C)(C)C)(c1ccccc1)c1ccccc1,6.24,2
CHEMBL302227,CNC(=O)[C@@H]1Cc2ccc(cc2)OCCCC[C@@H](C(=O)NO)[C@@H](CC(C)C)C(=O)N1,6.24,1
CHEMBL3648907,Cc1cc(COc2ccc(S(=O)(=O)NC[C@@H](C(=O)NO)N3CCN(S(=O)(=O)C(C)C)CC3)cc2)c2ccccc2n1,6.24,1
CHEMBL295767,COc1cc2c(cc1S)O[C@@H](C[C@H](c1ccc3c(c1)OCO3)C(C)O)C2,6.22,1
CHEMBL140888,O=C(O)C(=O)C1Cc2ccc([N+](=O)[O-])cc2CN1S(=O)(=O)c1ccc(-c2ccc(Cl)cc2)cc1,6.22,1
CHEMBL141470,O=C(O)C(=O)C1Cc2ccccc2CN1S(=O)(=O)c1ccc(-n2nccn2)cc1,6.22,1
CHEMBL337761,CN(C)c1ccc(Oc2ccc(S(=O)(=O)N3Cc4ccccc4CC3C(=O)C(=O)O)cc2)cc1,6.22,1
CHEMBL318584,CC(C)C[C@H](CC(=O)NO)C(=O)N1NCCC[C@H]1C(=O)O,6.22,1
CHEMBL60567,COCCOC(=O)N(C)C1CCC([C@@H](NS(=O)(=O)c2ccc(-c3ccc(OC)cc3)cc2)C(=O)O)CC1,6.22,1
CHEMBL3337894,COc1cccc(CNC(=O)c2nc3scc(COCc4ccc(C(=O)O)cc4)c3c(=O)[nH]2)c1,6.22,3
CHEMBL466747,CC(C)CC1(O)NC(=O)C2(OC(Cc3ccccc3)=CC2=O)C1O,6.21,1
CHEMBL268992,CC(C)(C)[C@H](NC(=O)[C@H](CCCc1ccccc1)CC(=O)O)C(=O)NC(c1ccccc1)c1ccccc1,6.2,2
CHEMBL351888,CNC(=O)C(NC(=O)[C@H](CC(C)C)N[C@H](CCN1C(=O)c2cc3ccccc3cc2C1=O)C(=O)O)c1ccccc1,6.2,1
CHEMBL61017,COc1ccc(-c2ccc(S(=O)(=O)NC(C(=O)O)C3CCCC4(C3)OCCO4)cc2)cc1,6.2,1
CHEMBL358397,O=C(NO)c1c(CCOc2ccc(-c3ccc(Cl)cc3)cc2)ccc2ccccc12,6.19,1
CHEMBL420259,CNC(=O)C(Cc1c(CCN(C)C)[nH]c2ccccc12)NC(=O)/C(=C/C(C)C)CC(=O)NO,6.18,1
CHEMBL311097,COC(=O)N1CCC(C(NS(=O)(=O)c2ccc(-c3ccc(OC)cc3)cc2)C(=O)O)CC1,6.18,1
CHEMBL4102193,O=C(CCc1ccc(C(F)(F)F)cc1)NC[C@@]1(C2CC2)NC(=O)NC1=O,6.18,1
CHEMBL152413,O=C(NO)c1c(OCCS(=O)(=O)c2ccc(-c3ccc(Cl)cc3)cc2)ccc2ccccc12,6.17,1
CHEMBL85026,CCCCOc1ccc(S(=O)(=O)NC(C(=O)O)C2CCN(C(=O)OCCOC)CC2)cc1,6.17,1
CHEMBL341249,O=C(O)[C@H]1[C@H](Cn2nnc3ccccc3c2=O)CC[C@@H]1S(=O)(=O)c1ccc(-c2ccc(Cl)cc2)cc1,6.16,1
CHEMBL279482,O=C1N[C@@H](C(=O)NO)C[C@H]1c1ccc(Oc2ccc(F)cc2)cc1,6.16,2
CHEMBL140305,COC(=O)c1csc(S(=O)(=O)N2Cc3ccccc3CC2C(=O)NO)c1OC,6.16,1
CHEMBL334709,CC(=O)Nc1ccc(S(=O)(=O)N2Cc3ccccc3CC2C(=O)NO)cc1,6.16,1
CHEMBL140454,O=C(O)C(=O)C1Cc2ccccc2CN1S(=O)(=O)c1ccc(/C=C/c2ccccc2)cc1,6.16,1
CHEMBL172857,CCP(=O)(c1ccccc1)N(Cc1ccccc1)[C@H](C)C(=O)NO,6.16,1
CHEMBL353479,C[P@@](=O)(c1ccccc1)N(CCc1ccccc1)CC(=O)NO,6.16,1
CHEMBL157065,O=C(NO)c1c(CNS(=O)(=O)c2ccc(-c3ccc(OC(F)(F)F)cc3)cc2)ccc2ccccc12,6.16,1
CHEMBL1957603,O=C(NO)[C@@H]1CSCN1S(=O)(=O)c1ccc(Oc2ccc(F)cc2)cc1,6.16,1
CHEMBL102441,COc1ccc(S(=O)(=O)N(CC(C)C)C(CCSCc2c(F)c(F)c(F)c(F)c2F)C(=O)NO)cc1,6.15,1
CHEMBL563679,CC(C)ON(CC(=O)NO)S(=O)(=O)c1ccc(/C=C/c2ccc(-c3ccccc3)cc2)cc1,6.15,1
CHEMBL573714,COc1ccc(S(=O)(=O)c2ccccc2CC(=O)NO)cc1,6.14,1
CHEMBL79267,COc1ccc(-c2ccc(S(=O)(=O)NC(C(=O)O)C3CCN(C(=O)CC(C)C)CC3)cc2)cc1,6.13,1
CHEMBL344453,COc1ccc(S(=O)(=O)N2CCS(=O)(=O)CC2C(=O)NO)cc1,6.13,1
CHEMBL254295,Cc1cc(C2CCN(S(=O)(=O)CC3(C(=O)NO)CCN(C(=O)O[C@H]4CCOC4)CC3)CC2)cc(C)c1C#N,6.12,1
CHEMBL345305,C[C@@H](NC(=O)[C@@H](NC(=O)[C@H](CCCc1ccc(-c2ccccc2)c(C(F)(F)F)c1)CC(=O)NO)C(C)(C)C)c1ccccc1,6.11,2
CHEMBL10953,COc1ccc(-c2ccc(S(=O)(=O)NC(CC#CCc3ccccc3)C(=O)O)cc2)cc1,6.11,1
CHEMBL61354,COc1ccc(-c2ccc(S(=O)(=O)N[C@@H](C(=O)O)C3CCC(NCc4ccccc4)CC3)cc2)cc1,6.11,1
CHEMBL1160569,CCCCCCC(N[C@@H](CCc1ccccc1)C(=O)N[C@@H](CCCN=C(N)N)C(=O)N[C@@H](CCc1ccccc1)C(=O)OC)C(=O)O,6.1,1
CHEMBL138273,O=C(O)C(=O)C1Cc2ccccc2CN1S(=O)(=O)c1ccc(-c2nc3ccccc3o2)cc1,6.1,1
CHEMBL98017,CN(C[C@H](C(=O)NO)[C@@H](CC1CCCC1)C(=O)N1CCOCC1)S(C)(=O)=O,6.1,2
CHEMBL318716,CN(C[C@H](C(=O)NO)[C@@H](CC1CCCC1)C(=O)N1CCCCC1)S(=O)(=O)C(F)(F)F,6.1,2
CHEMBL77995,CNC(=O)[C@@H](NC(=O)C(CCc1ccccc1)CP(=O)(O)Cc1ccc(Cc2ccccc2OC)cc1)C(C)(C)C,6.1,1
CHEMBL43644,CC(C)[C@H](NS(=O)(=O)c1ccc(-c2ccc(Br)cc2)cc1)C(=O)NO,6.09,2
CHEMBL103589,COC(=O)[C@@H]1CCCNN1C(=O)[C@@H](CC(=O)NO)CC(C)C,6.09,1
CHEMBL61679,CCCCC[C@H](CC(=O)NO)C(=O)N[C@H]1CCCCN(CC(=O)OC)C1=O,6.08,1
CHEMBL92835,CNC(=O)[C@H](Cc1ccccc1)NC(=O)[C@H](CC(C)C)NC(=O)C(S)CCN1C(=O)c2ccccc2C1=O,6.07,1
CHEMBL303286,COc1ccc(-c2ccc(S(=O)(=O)NC(C(=O)O)C3CCCC(NCc4ccccc4)C3)cc2)cc1,6.07,1
CHEMBL417086,CCNC(CC(C)C)C(=O)NC(=O)[C@H](CC(C)C)NC(=O)C(CC(C)C)C(=O)CS,6.07,1
CHEMBL3648902,Cc1cc(COc2ccc(S(=O)(=O)NC[C@@H](C(=O)NO)N3CCN(Cc4ccc(F)cc4)CC3)cc2)c2ccccc2n1,6.07,1
CHEMBL1160570,CCCCCCC(N[C@@H](CCc1ccccc1)C(=O)N[C@@H](CCCN=C(N)N)C(=O)N[C@@H](CCCC)C(=O)OC)C(=O)O,6.05,1
CHEMBL1160575,CCCCCCC(N[C@@H](CCc1ccccc1)C(=O)N[C@@H](CCCN=C(N)N)C(=O)N[C@@H](CCC(N)=O)C(=O)OC)C(=O)O,6.05,1
CHEMBL1160574,CCCCCCC(N[C@@H](CCc1ccccc1)C(=O)N[C@@H](CCCN=C(N)N)C(=O)N[C@@H](Cc1cc2ccccc2[nH]1)C(=O)OC)C(=O)O,6.05,1
CHEMBL342710,O=C(NO)C1Cc2ccccc2CN1S(=O)(=O)CCc1ccncc1,6.05,1
CHEMBL77163,CNC(=O)[C@@H](NC(=O)C(CCc1ccc(Cl)cc1)CP(=O)(O)Cc1ccc(Cc2ccccc2)cc1)C(C)(C)C,6.05,1
CHEMBL3648904,Cc1ccc(CN2CCN([C@@H](CNS(=O)(=O)c3ccc(OCc4cc(C)nc5ccccc45)cc3)C(=O)NO)CC2)cc1,6.05,1
CHEMBL2111573,CNC(=O)[C@H](Cc1c[nH]c2ccccc12)NC(=O)C(=CC(C)C)CC(=O)NO,6.04,1
CHEMBL498915,CNC(=O)[C@H](Cc1c[nH]c2ccccc12)NC(=O)[C@@H](CC(=O)NNS(=O)(=O)c1ccc(N2C(=O)CCC2=O)cc1)CC(C)C,6.04,1
CHEMBL561625,CC(C)CN(CC(=O)NO)S(=O)(=O)c1ccc(-c2ccccc2)cc1,6.04,1
CHEMBL3417756,COc1ccccc1Oc1ccc(S(=O)(=O)C2(C(=O)NO)CCC3(CCNCC3)C2)cc1,6.04,1
CHEMBL19855,O=C(NO)[C@H]1CN(Cc2ccc(Oc3ccc4ccccc4c3)cc2)C(=O)N1,6.03,1
CHEMBL177740,O=C1NC(=O)C(COCc2ccccc2)(c2ccc(Oc3ccccc3)cc2)C(=O)N1,6.03,1
CHEMBL399351,O=C(O[C@H]1CCOC1)N1CCC(CS(=O)(=O)N2CCN(c3ccccc3)CC2)(C(=O)NO)CC1,6.03,1
CHEMBL252627,O=C(O[C@H]1CCOC1)N1CCC(CS(=O)(=O)N2CCC(c3ccccc3F)CC2)(C(=O)NO)CC1,6.03,1
CHEMBL254816,O=C(CS(=O)(=O)N1CC=C(c2ccc(-c3ccccc3)c(C(F)(F)F)c2)CC1)NO,6.02,1
CHEMBL257480,O=C1[C@H](CS(=O)(=O)c2ccc(Oc3ccccc3)cc2)NCCCN1O,6.02,1
CHEMBL327262,CNC(=O)[C@H](Cc1ccccc1)NC(=O)[C@H](CC(C)C)NC(=O)C(S)Cc1ccccc1,6.01,1
CHEMBL345244,CC(C)C[C@H](N[C@H](CCN1C(=O)c2cc3ccccc3cc2C1=O)C(=O)O)C(=O)NC(C)c1ccccc1,6.01,1
CHEMBL60546,CCCCCCCCCC[C@H](CC(=O)NO)C(=O)N[C@@H](Cc1ccccc1)C(=O)NC,6.0,1
CHEMBL294337,CCCCCCCCCCCC[C@H](CC(=O)O)C(=O)N[C@@H](Cc1ccccc1)C(=O)NC,6.0,1
CHEMBL177077,CCCCCCCCOc1ccc(CC2(C)C(=O)NC(=O)NC2=O)cc1,6.0,1
CHEMBL140335,O=C(O)C(=O)C1Cc2ccccc2CN1S(=O)(=O)/C=C/c1ccccc1,6.0,1
CHEMBL141589,O=C(O)C(=O)C1Cc2ccc([N+](=O)[O-])cc2CN1S(=O)(=O)c1ccc(-c2ccc(F)cc2)cc1,6.0,1
CHEMBL140368,N#Cc1ccc(Oc2ccc(S(=O)(=O)N3Cc4ccccc4CC3C(=O)C(=O)O)cc2)cc1,6.0,1
CHEMBL97838,O=C(N1CCOCC1)P(=O)(O)O,6.0,1
CHEMBL97951,O=C(NCC1CCCCC1)P(=O)(O)O,6.0,1
CHEMBL4207542,Cc1ccc(NC(=O)[C@H](Cc2ccccc2)NC(=O)[C@]2(C)CCC[C@]3(C)c4cc(S(=O)(=O)N[C@@H](Cc5ccccc5)C(=O)Nc5ccc(C)cc5)c(C(C)C)cc4CC[C@@H]23)cc1,6.0,1
CHEMBL3221864,COCCc1cc(COc2ccc([C@]3(N)CCN([C@H](CC(C)C)C(=O)NO)C3=O)cc2)c2ccccc2n1,5.99,1
CHEMBL292545,CCCCCCCC[C@H](CC(=O)NO)C(=O)N[C@H]1CCCCN(CC(=O)OC)C1=O,5.98,1
CHEMBL367420,CC(C)C[C@H](C(=O)NO)N(Cc1ccccc1)P(C)(C)=O,5.98,1
CHEMBL333567,COc1ccc(S(=O)(=O)N2CCN(S(=O)(=O)c3ccc(OC)cc3)C2C(=O)NO)cc1,5.97,1
CHEMBL199241,COc1c(I)ccc2oc(C(=O)Nc3ccc(-c4ccc(S(=O)(=O)N[C@H](C(=O)O)C(C)C)cc4)cc3)c(C)c12,5.97,1
CHEMBL3221863,COCc1cc(COc2ccc([C@]3(N)CCN([C@H](CC(C)C)C(=O)NO)C3=O)cc2)c2ccccc2n1,5.97,1
CHEMBL3648905,Cc1cc(COc2ccc(S(=O)(=O)NC[C@@H](C(=O)NO)N3CCN(C(=O)C(C)C)CC3)cc2)c2ccccc2n1,5.97,1
CHEMBL338829,CNC(=O)[C@H](Cc1ccccc1)NC(=O)[C@H](CCc1ccccc1)N[C@@H](CCNC(=O)c1cc2ccccc2[nH]1)C(=O)O,5.96,1
CHEMBL194430,Cc1c(C(=O)Nc2ccc(-c3ccc(S(=O)(=O)N[C@H](C(=O)O)C(C)C)cc3)cc2)oc2ccc(Cl)c(OC(C)C)c12,5.96,1
CHEMBL4068176,O=C(NCc1cccc(OCCOc2nc[nH]n2)c1)c1nc2scc(-c3cccc(F)c3)c2c(=O)[nH]1,5.96,1
CHEMBL162072,CC(C)C[C@H](N[C@H](CCN1C(=O)c2cc3ccccc3cc2C1=O)C(=O)O)C(=O)N(C)Cc1ccccc1,5.94,1
CHEMBL28389,CNC(=O)[C@H](NC(=O)C(CCc1ccccc1)CP(=O)(O)Cc1ccc(Cc2ccccc2)cc1)C(C)(C)C,5.92,1
CHEMBL35476,O=C(c1ccccc1)c1ccc(S(=O)(=O)CC(CCCc2ccccc2)C(=O)O)cc1,5.92,1
CHEMBL419896,Cc1cc(COc2ccc(S(=O)(=O)CC(CC3CCC4(CC3)OCCO4)N(O)C=O)cc2)c2ccccc2n1,5.92,1
CHEMBL373532,O=C(NO)[C@H]1CC2(CC2)CN[C@@H]1C(=O)N1CC=C(c2ccccc2)CC1,5.92,2
CHEMBL228187,CC(C)[C@H](NS(=O)(=O)c1ccc(-c2cccc(F)c2)cc1)P(=O)(O)O,5.92,1
CHEMBL561038,CC(C)ON(CC(=O)NO)S(=O)(=O)c1ccc(Oc2ccccc2)cc1,5.92,1
CHEMBL561630,COc1ccc(-c2ccc(S(=O)(=O)N(CC(=O)NO)OC(C)C)s2)cc1,5.92,1
CHEMBL3084965,COc1ccc(-c2ccc(S(=O)(=O)N[C@@H](C(=O)O)C3CCC(O)CC3)cc2)cc1,5.91,1
CHEMBL294405,CO/N=C1/CCCC(C(NS(=O)(=O)c2ccc(-c3ccc(OC)cc3)cc2)C(=O)O)C1,5.9,1
CHEMBL99365,Cc1cc(COc2ccc(S(=O)(=O)CC(CC3CCC(=O)CC3)N(O)C=O)cc2)c2ccccc2n1,5.89,1
CHEMBL16402,CC(C)CC(C(=O)N[C@@H](CC1CCCCC1)C(=O)NCCc1ccccc1)C(O)CS,5.89,1
CHEMBL120305,COc1ccc(S(=O)(=O)N2CCCCN(S(=O)(=O)c3ccc(OC)cc3)C2C(=O)NO)cc1,5.89,1
CHEMBL550081,CSc1ccc(-c2ccc(S(=O)(=O)N(CC(=O)NO)OC(C)C)cc2)cc1,5.89,1
CHEMBL10672,COc1ccc(-c2ccc(S(=O)(=O)NC(CC#Cc3ccccc3)C(=O)O)s2)cc1,5.88,1
CHEMBL161536,CNC(=O)[C@H](CC(C)C)NC(=O)[C@H](CC(C)C)N[C@H](CCN1C(=O)c2cc3ccccc3cc2C1=O)C(=O)O,5.88,1
CHEMBL418639,COc1ccc(-c2ccc(S(=O)(=O)N[C@@H](C(=O)O)C3CCC(Nc4ccccc4)CC3)cc2)cc1,5.87,1
CHEMBL283580,O=C(NO)[C@H]1CN(Cc2ccc(Oc3ccc(F)cc3)cc2)C(=O)N1,5.86,1
CHEMBL352231,CNC(=O)[C@H](Cc1ccccc1)NC(=O)[C@H](CC(C)C)N[C@H](CCN1C(=O)c2cc3ccccc3c(OC)c2C1=O)C(=O)O,5.86,1
CHEMBL65493,CC(C)C[C@H](CC(=O)NO)C(=O)N[C@H]1CCCCN(CCCOc2ccccc2)C1=O,5.85,1
CHEMBL329002,CNC(=O)[C@H](Cc1ccccc1)NC(=O)[C@H](CC(C)C)NC(=O)C(S)C(C)C,5.85,1
CHEMBL436623,CNC(=O)[C@H](Cc1ccccc1)NC(=O)[C@H](CC(C)C)N[C@H](CCN1C(=O)c2cc3cccc(OC)c3cc2C1=O)C(=O)O,5.85,1
CHEMBL204593,Cc1cc(S(=O)(=O)N[C@@H](C(=O)NO)C2CCOCC2)ccc1F,5.85,1
CHEMBL488617,CNC(=O)[C@H](Cc1c[nH]c2ccccc12)NC(=O)[C@@H](CC(=O)NNS(=O)(=O)c1ccc2ccccc2c1)CC(C)C,5.85,1
CHEMBL572780,COc1ccc(-c2ccc(S(=O)(=O)c3ccccc3C(C)C(=O)NO)cc2)cc1,5.85,1
CHEMBL135931,N/C(=N/CCC[C@H](NC(=O)[C@H](CC1CCCCC1)[C@H](C1CC1)N(O)C=O)C(=O)Nc1nccs1)N[N+](=O)[O-],5.83,1
CHEMBL348826,CC(C)C[C@H](N[C@H](CCN1C(=O)c2cc3ccccc3cc2C1=O)C(=O)O)C(=O)NCc1cccc(F)c1,5.83,1
CHEMBL152840,COc1ccc(-c2ccc(C(=O)CCCc3ccc4ccccc4c3C(=O)NO)cc2)cc1,5.82,1
CHEMBL95414,Cc1cc(COc2ccc(S(=O)(=O)CC(C=C3CCN(OC(=O)C(C)(C)C)CC3)N(O)C=O)cc2)c2ccccc2n1,5.82,1
CHEMBL98390,Cc1cc(COc2ccc(S(=O)(=O)CC(CC3CCN(CC(C)C)CC3)N(O)C=O)cc2)c2ccccc2n1,5.82,1
CHEMBL433902,CC(C)C[C@H](N[C@H](CCN1C(=O)c2cc3ccccc3cc2C1=O)C(=O)O)C(=O)NCc1ccccc1,5.82,1
CHEMBL15796,CCCCCCCC(C(=O)N[C@@H](CC(C)C)C(=O)NCCc1ccccc1)C(O)CS,5.82,1
CHEMBL400206,Cc1cc(COc2ccc(S(=O)(=O)CC(CC3CCN(C(C)(C)C)CC3)N(O)C=O)cc2)c2ccccc2n1,5.82,1
CHEMBL174037,CCCCCCN([C@H](C)C(=O)NO)[P@](C)(=O)c1ccccc1,5.8,1
CHEMBL328645,Cc1cc(COc2ccc(S(=O)(=O)CC(C3CCC(=NO)CC3)N(O)C=O)cc2)c2ccccc2n1,5.8,1
CHEMBL290377,CNC(=O)[C@@H](NC(=O)C(CCc1ccccc1)CP(=O)(O)Cc1ccc(Cc2ccccc2)cc1)C(C)(C)C,5.8,1
CHEMBL308277,CNC(=O)[C@@H](NC(=O)C(CCc1ccc(Cl)cc1)CP(=O)(O)Cc1ccc(Cc2ccccc2OC)cc1)C(C)(C)C,5.8,1
CHEMBL561036,CCCCOc1ccc(-c2ccc(S(=O)(=O)N(CC(=O)NO)OC(C)C)cc2)cc1,5.8,1
CHEMBL584365,COc1ccc(-c2ccc(S(=O)(=O)c3ccccc3CC(=O)NO)cc2)cc1,5.8,1
CHEMBL59684,COc1ccc(-c2ccc(S(=O)(=O)NC(C(=O)O)C3CCCC(O)C3)cc2)cc1,5.79,1
CHEMBL252678,O=C(NO)[C@H]1CC2(CC2)CN(C(=O)OCc2ccccc2)[C@@H]1C(=O)N1C=CC(c2ccccc2)CC1,5.78,1
CHEMBL508335,CNC(=O)[C@H](Cc1c[nH]c2ccccc12)NC(=O)[C@@H](CC(=O)NNS(=O)(=O)c1ccc(-c2ccc(Br)cc2)cc1)CC(C)C,5.77,1
CHEMBL173208,O=C(CN(CCc1ccccc1)P(=O)(c1ccccc1)c1ccccc1)NO,5.76,1
CHEMBL234034,Cc1cc(Cc2ccc(C(=O)N[C@@H]3CCOC[C@@H]3C(=O)NO)cc2)c2ccccc2n1,5.75,1
CHEMBL560837,COc1ccc(-c2ccc(S(=O)(=O)N(CC(=O)NO)OC(C)C)cc2)cc1,5.75,1
CHEMBL550350,CC(C)ON(CC(=O)NO)S(=O)(=O)c1ccc(-c2ccc(OCc3ccc(Cl)cc3)cc2)cc1,5.75,1
CHEMBL3648903,CCN1CCN([C@@H](CNS(=O)(=O)c2ccc(OCc3cc(C)nc4ccccc34)cc2)C(=O)NO)CC1,5.75,1
CHEMBL10952,O=C(O)C(CC#CCOc1ccccc1)NS(=O)(=O)c1ccc(-c2ccc(Br)cc2)cc1,5.74,1
CHEMBL3648906,Cc1cc(COc2ccc(S(=O)(=O)NC[C@@H](C(=O)NO)N3CCN(S(=O)(=O)CC(C)C)CC3)cc2)c2ccccc2n1,5.73,1
CHEMBL345640,CC(C)C[C@H](N[C@H](CCN1C(=O)c2cc3ccccc3cc2C1=O)C(=O)O)C(=O)N1CCN(C)CC1,5.72,1
CHEMBL127279,CNC(=O)[C@H](Cc1ccccc1)NC(=O)[C@H](CCc1ccccc1)N[C@@H](CCN1C(=O)NC2(CCCC2)C1=O)C(=O)O,5.72,1
CHEMBL401445,CNC(=O)[C@H](Cc1c[nH]c2ccccc12)NC(=O)/C(=C/CCc1ccccc1)CC(=O)NO,5.72,1
CHEMBL3358155,O=C1NC(=O)[C@](CNC(=O)c2cc3cc(Cl)ccc3o2)(c2nccs2)N1,5.72,2
CHEMBL158622,CC(C)C[C@H](N[C@H](CCN1C(=O)c2cc3ccccc3cc2C1=O)C(=O)O)C(=O)N1CCCC1c1cccnc1,5.71,2
CHEMBL58997,CCCCCCCCCCCCC[C@H](CC(=O)O)C(=O)N[C@H](C(=O)NC)C(C)(C)C,5.7,1
CHEMBL176832,CCCCCCC1(c2ccc(Oc3ccccc3)cc2)C(=O)NC(=O)NC1=O,5.7,1
CHEMBL176467,CC1(c2ccc(Oc3ccccc3)cc2)C(=O)NC(=O)NC1=O,5.7,1
CHEMBL137929,O=C(O)C(=O)C1Cc2ccccc2CN1S(=O)(=O)c1ccc(Sc2ccccc2)cc1,5.7,1
CHEMBL138181,O=C(O)C(=O)C1Cc2ccccc2CN1S(=O)(=O)c1ccc(-c2ccccn2)s1,5.7,1
CHEMBL138264,O=C(O)C(=O)C1Cc2ccccc2CN1S(=O)(=O)c1ccc(-c2ccon2)s1,5.7,1
CHEMBL443478,O=C(O)[C@H]1Cc2c([nH]c3ccccc23)CN1S(=O)(=O)c1ccc(Oc2ccccc2)cc1,5.7,1
CHEMBL141340,CSc1nccc(-c2ccc(S(=O)(=O)N3Cc4ccccc4CC3C(=O)NO)s2)n1,5.7,1
CHEMBL319782,Cc1cc(COc2ccc(S(=O)(=O)CC(C3CCC(=O)CC3)N(O)C=O)cc2)c2ccccc2n1,5.7,1
CHEMBL97382,CCS(=O)(=O)N(C)C[C@H](C(=O)NO)[C@@H](CC(C)C)C(=O)N1CCCCC1,5.7,2
CHEMBL95614,CS(=O)(=O)N(C[C@H](C(=O)NO)[C@@H](CC1CCCC1)C(=O)N1CCCCC1)C1CC1,5.7,2
CHEMBL1957604,O=C(NO)[C@@H]1C[S+]([O-])CN1S(=O)(=O)c1ccc(-c2ccccc2)cc1,5.7,1
CHEMBL4094455,C[C@@H](Cc1ccc(C(F)(F)F)cc1)C(=O)NC[C@@]1(C2CC2)NC(=O)NC1=O,5.7,1
CHEMBL433250,CNC(=O)[C@@H]1Cc2ccc(cc2)OCCC[C@H](C(=O)O)[C@@H](CC(C)C)C(=O)N1,5.68,1
CHEMBL293019,COc1ccc(-c2ccc(S(=O)(=O)N[C@@H](C(=O)O)C3CCCCC3)cc2)cc1,5.67,1
CHEMBL254510,Cc1cc(C)cc(C2CCN(S(=O)(=O)CC3(C(=O)NO)CCN(C(=O)O[C@H]4CCOC4)CC3)CC2)c1,5.67,1
CHEMBL305729,CC(C)C[C@@H](C(=O)N1CCCCC1)[C@@H](CN1C(=O)N(C)C(C)(C)C1=O)C(=O)NO,5.66,1
CHEMBL347249,CC(C)C[C@H](N[C@H](CCN1C(=O)c2cc3ccccc3cc2C1=O)C(=O)O)C(=O)N1CCc2ccccc2C1,5.66,1
CHEMBL350140,CNC(=O)[C@H](Cc1ccccc1)NC(=O)[C@H](CC(C)C)N[C@H](CCn1c(=O)c2cc3c(=O)[nH]c(=O)c3cc2c1=O)C(=O)O,5.66,1
CHEMBL10454,COc1ccc(-c2ccc(S(=O)(=O)NC(CC#Cc3ccccc3)C(=O)O)cc2)cc1,5.64,2
CHEMBL436817,N#Cc1cnc2c(Cl)cc(NCc3cnc[nH]3)cc2c1Nc1ccc(F)c(Cl)c1,5.64,1
CHEMBL318902,CCOC(=O)[C@H](Cc1c[nH]c2ccccc12)NC(=O)/C(=C/C(C)C)CC(=O)NO,5.63,1
CHEMBL10266,COCCOCOCC#CCC(NS(=O)(=O)c1ccc(-c2ccc(OC)cc2)cc1)C(=O)O,5.63,1
CHEMBL162128,CNC(=O)[C@H](Cc1ccccc1)NC(=O)[C@H](CC(C)C)N[C@H](CCNC(=O)c1ccc2ccccc2c1)C(=O)O,5.63,1
CHEMBL58553,COc1ccc(-c2ccc(S(=O)(=O)N[C@@H](C(=O)O)C3CCC4(CC3)OCCCO4)cc2)cc1,5.63,1
CHEMBL69323,O=C1N[C@@H](CS)C(=O)N(Cc2ccc3ccccc3n2)[C@H]1CC1CCCCC1,5.62,1
CHEMBL275130,COCCOc1ccc(-c2ccc(S(=O)(=O)NC(CC#Cc3ccccc3)C(=O)O)cc2)cc1,5.62,1
CHEMBL470831,COc1ccc(CNC(=O)c2oc(C)cc(=O)c2O)cc1,5.62,1
CHEMBL3978380,O=C(NCc1cccc(-c2ccc(CS(=O)(=O)Cc3n[nH]c(=O)[nH]3)cc2)c1)c1nc2ccccc2c(=O)[nH]1,5.62,1
CHEMBL159159,CC(C)C[C@H](N[C@H](CCN1C(=O)c2cc3ccccc3cc2C1=O)C(=O)O)C(=O)NC1CCCc2ccccc21,5.61,1
CHEMBL155862,COc1ccc(-c2ccc(S(=O)(=O)N[C@@H](C(=O)O)C3C=C[C@@H](O)CC3)cc2)cc1,5.6,1
CHEMBL33915,O=C(NO)C(CCCc1ccccc1)CS(=O)(=O)c1ccc(C(O)c2ccccc2)cc1,5.6,1
CHEMBL503651,CCCCCC/C=C(\CC(=O)NNS(=O)(=O)c1ccc(-c2ccc(Br)cc2)cc1)C(=O)N[C@@H](Cc1c[nH]c2ccccc12)C(=O)NC,5.6,1
CHEMBL1935291,CC(C)[C@H](NS(=O)(=O)c1ccc2c(c1)oc1ccc(-c3nccs3)cc12)C(=O)O,5.6,1
CHEMBL306674,O=C1N[C@@H](CS)C(=O)N(CC2CCCCC2)[C@H]1CC1CCCCC1,5.59,2
CHEMBL367675,CC(C)C[C@@H](N[P@](C)(=O)c1ccccc1)C(=O)NO,5.59,1
CHEMBL284465,C=CCC(CC=C)(C(=O)NO)[C@@H](CC(C)C)C(=O)N[C@@H](Cc1ccccc1)C(=O)NC,5.58,1
CHEMBL329145,CNC(=O)[C@H](Cc1ccccc1)NC(=O)[C@H](CC(C)C)NC(=O)CS,5.58,1
CHEMBL431268,CNC(=O)[C@H](Cc1ccccc1)NC(=O)[C@H](CC(C)C)NC(=O)C(S)CCc1ccccc1,5.58,1
CHEMBL403185,CC(C)COC(=O)N1CC2(CC2)C[C@H](C(=O)NO)[C@H]1C(=O)N1C=CC(c2ccccc2)CC1,5.58,1
CHEMBL27647,CNC(=O)[C@H](NC(=O)C(CCc1ccccc1)CP(=O)(O)Cc1ccccc1)C(C)(C)C,5.57,1
CHEMBL102260,CC(C)C[C@H](CC(=O)NO)C(=O)N1NCCC[C@H]1CO,5.57,1
CHEMBL78233,CNC(=O)[C@@H](NC(=O)C(CCc1ccccc1)CP(=O)(O)Cc1ccccc1)C(C)(C)C,5.57,1
CHEMBL419395,CC(C)C[C@H](NC(=O)[C@H](Cc1ccccc1)NP(=O)(O)CCCCN1C(=O)c2ccccc2C1=O)C(=O)NCc1ccccc1,5.55,1
CHEMBL4066965,C[C@H](Cc1ccc(C(F)(F)F)cc1)C(=O)NC[C@@]1(C2CC2)NC(=O)NC1=O,5.55,2
CHEMBL62709,COC(=O)CN1CCCC[C@H](NC(=O)[C@@H](CC(=O)NO)CC(C)C)C1=O,5.54,1
CHEMBL10908,O=C(Nc1ccc(S(=O)(=O)NC(CC#CCOc2ccccc2)C(=O)O)cc1)c1ccc(Br)cc1,5.54,1
CHEMBL349800,CC(C)C[C@H](N[C@H](CCN1C(=O)c2cc3ccccc3cc2C1=O)C(=O)O)C(=O)NCc1nnn(C)n1,5.53,1
CHEMBL423366,O=C(O)C(=O)C1Cc2ccccc2CN1S(=O)(=O)c1ccc(C(=O)c2ccccc2)cc1,5.52,1
CHEMBL344029,COc1ccc(OC(=O)Nc2cccc(S(=O)(=O)N3Cc4ccccc4CC3C(=O)NO)c2)cc1,5.52,1
CHEMBL329784,O=C(NC1CCCCC1)P(=O)(O)O,5.52,1
CHEMBL108412,NC(=O)[C@H](Cc1ccccc1)NC(=O)[C@H](Cc1ccc2cc(F)ccc2c1)[C@H](O)C(=O)NO,5.52,1
CHEMBL323228,CC(C)(C)[C@H](NC(=O)[C@H](Cc1cnc2ccccc2c1)[C@H](O)C(=O)NO)C(N)=O,5.52,1
CHEMBL3358153,O=C1NC(=O)[C@](CNC(=O)c2cc3cc(Cl)ccc3o2)(c2ccccc2)N1,5.52,1
CHEMBL3643916,Cc1cc(COc2ccc(S(=O)(=O)NC[C@@H](C(=O)NO)N3CCOCC3)cc2)c2ccccc2n1,5.52,1
CHEMBL41943,CC1(C)NC(=O)N(C[C@H](COc2ccc(-c3ccc(OC(F)(F)F)cc3)cc2)N(O)C=O)C1=O,5.51,2
CHEMBL347594,COC[C@@H](NC(=O)[C@@H](NC(=O)[C@H](CCCc1ccccc1)CC(=O)O)C(C)(C)C)c1ccccc1,5.5,2
CHEMBL260886,COc1cc(/C=C2\S/C(=N\c3nsc4ccccc34)NC2=O)ccc1O,5.5,1
CHEMBL3648893,Cc1cc(COc2ccc(S(=O)(=O)NC[C@@H](C(=O)NO)N3CCN(S(C)(=O)=O)CC3)cc2)c2ccccc2n1,5.5,1
CHEMBL4868277,CCCCCCCCCCCC(=O)N[C@@H](CS)C(=O)NCC(=O)N[C@@H](CCCNC(=N)N)C(=O)N[C@@H](CCCCN)C(=O)O,5.5,1
CHEMBL10809,COCC#CCC(NS(=O)(=O)c1ccc(-c2ccc(Br)cc2)cc1)C(=O)O,5.48,1
CHEMBL3926071,CCOCCC1(Oc2ccc(-c3cccc(CNC(=O)c4nc5ccccc5c(=O)[nH]4)c3)cc2)C(=O)NC(=O)NC1=O,5.48,1
CHEMBL305024,CCCC[C@H]1C(=O)N[C@@H](CS)C(=O)N1CC1CCCCC1,5.47,1
CHEMBL10671,CSc1ccc(-c2ccc(S(=O)(=O)NC(CC#Cc3ccccc3)C(=O)O)cc2)cc1,5.47,1
CHEMBL152769,CC(C)(C)[C@H](NC(=O)[C@H](CCCc1ccccc1)CC(=O)O)C(=O)NC1CCCC1,5.47,2
CHEMBL1939844,COc1ccc(S(=O)(=O)N2CC(=O)N(O)C(=O)[C@H]2C(C)C)cc1,5.47,1
CHEMBL2333288,COc1ccc(C[C@H](OC(=O)/C=C/c2ccc(OCc3ccccc3)c(OCc3ccccc3)c2)C(=O)O)cc1OC,5.47,1
CHEMBL403380,Cc1cc(C2=CCN(C(=O)[C@H]3NCC4(CC4)C[C@@H]3C(=O)NO)CC2)cc(C)c1C#N,5.46,1
CHEMBL10655,COc1ccc(-c2ccc(S(=O)(=O)NC(CC#Cc3cccc(N4CCOCC4)c3)C(=O)O)cc2)cc1,5.45,1
CHEMBL10673,O=C(Nc1ccc(S(=O)(=O)NC(CC#Cc2ccccc2)C(=O)O)cc1)c1ccc(Cl)cc1,5.45,1
CHEMBL348784,CNC(=O)[C@H](Cc1ccccc1)NC(=O)[C@H](CC(C)C)N[C@H](CCNC(=O)OCc1ccccc1)C(=O)O,5.45,1
CHEMBL10935,COc1ccc(-c2ccc(S(=O)(=O)NC(C(=O)O)[C@@H](C#Cc3ccccc3)OC)cc2)cc1,5.43,1
CHEMBL16505,CNC(=O)[C@@H](NC(=O)[C@H](CC(C)C)C[C@@H](O)CS)C(C)(C)C,5.43,1
CHEMBL152005,O=C(NO)c1c(CCS(=O)(=O)c2ccc(-c3ccc(Cl)cc3)cc2)ccc2ccccc12,5.43,1
CHEMBL434567,COC(=O)N1CC2(CC2)C[C@H](C(=O)NO)[C@H]1C(=O)N1CC=C(c2ccccc2)CC1,5.43,2
CHEMBL512856,Cc1cc(=O)c(O)c(C(=O)NCc2ccc(O)cc2)o1,5.43,1
CHEMBL158265,COc1ccc(-c2ccc(S(=O)(=O)N[C@@H](C(=O)O)C3CC[C@H](O)C=C3Br)cc2)cc1,5.42,1
CHEMBL29897,COc1ccc(CN2C(=O)[C@H](CS)NC(=O)[C@@H]2CC2CCCCC2)cc1,5.42,1
CHEMBL275700,COc1ccc(C(=O)Nc2ccc(S(=O)(=O)NC(CC#CCOc3ccccc3)C(=O)O)cc2)cc1,5.41,1
CHEMBL541456,C[C@@H](NC(=O)[C@@H](NC(=O)[C@H](CCCc1ccccc1)CC(=O)O)C(C)(C)C)c1ccccc1,5.41,2
CHEMBL349099,C[C@H](NC(=O)[C@@H](NC(=O)[C@H](CCCc1ccccc1)CC(=O)O)C(C)(C)C)c1ccccc1,5.41,2
CHEMBL510694,CNC(=O)[C@H](Cc1c[nH]c2ccccc12)NC(=O)/C(=C/CCc1ccccc1)CC(=O)NNS(=O)(=O)c1ccc(-c2ccc(Br)cc2)cc1,5.41,1
CHEMBL1630098,Cc1cc(COc2ccc([C@]3(N)CCN([C@@H](C(=O)NO)C(C)C)C3=O)cc2)c2ccccc2n1,5.41,1
CHEMBL1939845,CC(C)[C@@H]1C(=O)N(O)C(=O)CN1S(=O)(=O)c1ccc(-c2ccccc2)cc1,5.41,1
CHEMBL58361,CCCCCCCCCCCCCC[C@H](CC(=O)O)C(=O)N[C@H](C(=O)NC)C(C)(C)C,5.4,1
CHEMBL98917,CC(C)C[C@@H](C(=O)N1CCCCC1)[C@H](CN(C)S(C)(=O)=O)C(=O)NO,5.4,2
CHEMBL41892,CC(=O)N(O)CCOc1ccc(-c2ccc(C#N)cc2)cc1,5.4,1
CHEMBL429669,O=C(NO)[C@H]1CC2(CC2)CN(C(=O)OC2CCOCC2)[C@@H]1C(=O)N1CCN(c2ccccc2)CC1,5.4,1
CHEMBL251865,COC(=O)N1CC2(CC2)C[C@H](C(=O)NO)[C@H]1C(=O)N1C=CC(c2ccccc2)CC1,5.4,1
CHEMBL573934,COc1ccc(-c2ccc(S(=O)(=O)c3ccccc3C(=O)NO)cc2)cc1,5.4,1
CHEMBL1957605,O=C(NO)[C@@H]1CS(=O)(=O)CN1S(=O)(=O)c1ccc(-c2ccccc2)cc1,5.4,1
CHEMBL2333287,COc1ccc(C[C@@H](OC(=O)/C=C/c2ccc(OCc3ccccc3)c(OCc3ccccc3)c2)C(=O)O)cc1OC,5.4,1
CHEMBL3359091,COc1cccc(CNC(=O)c2nc3ccc(F)c(OCCc4ccc(C(=O)O)cc4)c3c(=O)[nH]2)c1,5.4,2
CHEMBL2146996,Cc1c(O)c(=S)ccn1Cc1ccc(-c2ccccc2)cc1,5.4,1
CHEMBL30034,COc1ccc(CN2C(=O)[C@H](CS)NC(=O)[C@@H]2Cc2ccccc2)cc1,5.39,1
CHEMBL274881,COCC#CCC(NS(=O)(=O)c1ccc(-c2ccc(OC)cc2)cc1)C(=O)O,5.39,1
CHEMBL16154,CCCCCCCC(C(=O)N[C@@H](CC1CCCCC1)C(=O)NCCN1CCOCC1)C(O)CS,5.39,1
CHEMBL184768,O=C(O)CN1C(=O)/C(=C/c2cccc(OCc3ccccc3)c2)SC1=S,5.38,1
CHEMBL276016,COc1ccc(-c2ccc(S(=O)(=O)NC(C(=O)O)[C@@H](C#Cc3ccccc3)OCc3ccccc3)cc2)cc1,5.37,1
CHEMBL96473,CNC(=O)[C@H](Cc1ccccc1)NC(=O)[C@H](CC(C)C)NC(=O)C(S)CCCC(=O)O,5.37,1
CHEMBL550628,CCCCc1ccc(C#Cc2ccc(S(=O)(=O)N(CC(=O)NO)OC(C)C)s2)cc1,5.37,1
CHEMBL561039,CCc1ccc(-c2ccc(S(=O)(=O)N(CC(=O)NO)OC(C)C)s2)cc1,5.37,1
CHEMBL291603,O=C(N[C@@H](Cc1c[nH]c2ccccc12)C(=O)O)OCc1ccccc1,5.36,2
CHEMBL10257,COc1ccc(C#Cc2ccc(S(=O)(=O)NC(CC#Cc3ccccc3)C(=O)O)cc2)cc1,5.36,1
CHEMBL4080520,CNC(=O)[C@@H](NC(=O)c1ccc(-c2ccc(CSc3nc4c(c(=O)[nH]3)CCC4)c(F)c2)o1)C(C)C,5.36,2
CHEMBL4868472,CCCCCCCC(=O)N[C@@H](CS)C(=O)NCC(=O)N[C@@H](CCCNC(=N)N)C(=O)O,5.36,1
CHEMBL181244,CC(C)ON(CC(=O)NO)S(=O)(=O)c1ccc(-c2ccccc2)cc1,5.35,5
CHEMBL3643914,Cc1cc(COc2ccc(S(=O)(=O)NC[C@@H](C(=O)NO)N3CCCCC3)cc2)c2ccccc2n1,5.35,1
CHEMBL10822,O=C(O)C(CC#Cc1ccccc1)NS(=O)(=O)c1ccc(Oc2ccccc2)cc1,5.34,1
CHEMBL10760,O=C(O)C(CC#Cc1ccccc1)NS(=O)(=O)c1ccc(-c2ccc(Oc3ccccc3)cc2)cc1,5.34,1
CHEMBL16099,CC(C)CC(C(=O)N[C@H](C(=O)Nc1ccccn1)C(C)(C)C)C(O)CS,5.34,1
CHEMBL158571,CC(C)C[C@@H](N[C@H](CCN1C(=O)c2cc3ccccc3cc2C1=O)C(=O)O)C(=O)NC(C)c1ccccc1,5.33,1
CHEMBL59337,COc1ccc(-c2ccc(S(=O)(=O)N[C@@H](C(=O)O)C3CCC(=O)CC3)cc2)cc1,5.33,1
CHEMBL79906,COc1ccc(-c2ccc(S(=O)(=O)NC(C(=O)O)C3CCNCC3)cc2)cc1,5.32,1
CHEMBL3959985,Cc1cc(COc2ccc(S(=O)(=O)NC[C@@H](C(=O)NO)N3CCN(Cc4ccc(C(F)(F)F)cc4)CC3)cc2)c2ccccc2n1,5.32,1
CHEMBL58235,CCCCCCCC[C@H](CC(=O)O)C(=O)N[C@@H](Cc1ccccc1)C(=O)NC,5.3,1
CHEMBL10335,CSc1ccc(-c2ccc(S(=O)(=O)NC(CC#CCN3CCOCC3)C(=O)O)cc2)cc1,5.3,1
CHEMBL343775,O=C(O)C(=O)C1Cc2ccccc2CN1S(=O)(=O)c1ccc(Br)cc1,5.3,1
CHEMBL99995,Cc1cc(COc2ccc(S(=O)(=O)CC(C=C3CCC(=NO)CC3)N(O)C=O)cc2)c2ccccc2n1,5.3,1
CHEMBL328381,CC(C)C[C@@H](C(=O)N1CCOCC1)[C@H](CN1C(=O)c2ccccc2C1=O)C(=O)NO,5.3,1
CHEMBL252081,CC(C)c1cccc(C2=CCN(C(=O)[C@H]3NCC4(CC4)C[C@@H]3C(=O)NO)CC2)c1,5.3,1
CHEMBL445717,O=C(CC1CN[C@H](C(=O)N2CCC(c3ccccc3)C2)[C@@H](C(=O)NO)C1)NCCCCCNC(=O)OCc1ccccc1,5.3,1
CHEMBL567893,COC(=O)[C@@H]1CCCN1C(=O)[C@@H](Cc1ccccc1)N(C)C(=O)[C@H](C)NC(=O)[C@@H](NC(=O)C[C@H](O)[C@H](CC(C)C)NC(=O)[C@H](CC(N)=O)NC(=O)[C@H](CC(C)C)NC(=O)[C@H](OC(=O)[C@@H](OC(=O)[C@H](C(C)C)N(C)C)C(C)C)C(C)C)[C@@H](C)O,5.3,1
CHEMBL567940,CN(C)C(=O)O[C@H]1C[C@H](C(=O)NO)[C@@H](C(=O)N2CCN(c3ccccc3)CC2)N(C)C1,5.3,1
CHEMBL584334,CN1C[C@@H](OC(=O)N2CCC2)C[C@H](C(=O)NO)[C@H]1C(=O)N1CCN(c2ccccc2)CC1,5.3,1
CHEMBL572091,CN1C[C@@H](OC(=O)N2CC=CC2)C[C@H](C(=O)NO)[C@H]1C(=O)N1CCN(c2ccccc2)CC1,5.3,1
CHEMBL584116,CN1C[C@@H](OC(=O)N2CCCCC2)C[C@H](C(=O)NO)[C@H]1C(=O)N1CCN(c2ccccc2)CC1,5.3,1
CHEMBL572302,CN1C[C@@H](OC(=O)N2CCCCCC2)C[C@H](C(=O)NO)[C@H]1C(=O)N1CCN(c2ccccc2)CC1,5.3,1
CHEMBL572045,CN1C[C@@H](OC(=O)N2CCCCCCC2)C[C@H](C(=O)NO)[C@H]1C(=O)N1CCN(c2ccccc2)CC1,5.3,1
CHEMBL412064,O=C1N/C(=N/c2nsc3ccccc23)S/C1=C\c1cccc(Cl)c1,5.3,1
CHEMBL10674,CO[C@H](C#Cc1ccccc1)C(NS(=O)(=O)c1ccc(-c2ccc(SC)cc2)cc1)C(=O)O,5.29,1
CHEMBL15962,CCCCCCCC(C(=O)N[C@@H](CC(C)C)C(=O)NCCN1CCOCC1)C(O)CS,5.29,1
CHEMBL10881,O=C(O)C(CC#Cc1ccccc1)NS(=O)(=O)c1ccc(-c2ccc3c(c2)OCO3)cc1,5.26,1
CHEMBL99045,Cc1cc(COc2ccc(S(=O)(=O)CC(C=C3CCOCC3)N(O)C=O)cc2)c2ccccc2n1,5.26,1
CHEMBL4092752,COc1ccc2c(c1)C(=O)N(C[C@@]1(c3cc4cnccc4o3)NC(=O)NC1=O)C2,5.26,1
CHEMBL433934,CC[C@@H](NC(=O)[C@@H](NC(=O)[C@H](CCCc1ccccc1)CC(=O)O)C(C)(C)C)c1ccccc1,5.25,2
CHEMBL414626,CC[C@H](NC(=O)[C@@H](NC(=O)[C@H](CCCc1ccccc1)CC(=O)O)C(C)(C)C)c1ccccc1,5.25,2
CHEMBL351344,CNC(=O)[C@H](C)NC(=O)[C@H](CC(C)C)N[C@H](CCN1C(=O)c2cc3ccccc3cc2C1=O)C(=O)O,5.25,1
CHEMBL62089,COc1ccc(-c2ccc(S(=O)(=O)N[C@@H](C(=O)O)C3CCC(N4C(=O)CNC4=O)CC3)cc2)cc1,5.25,1
CHEMBL470194,Cc1cc(=S)c(O)c(C(=O)NCc2ccc(-c3ccccc3)cc2)o1,5.25,1
CHEMBL574605,CC(C(=O)NO)c1ccccc1S(=O)(=O)c1ccc(-c2ccccc2)cc1,5.25,1
CHEMBL50,O=c1c(O)c(-c2ccc(O)c(O)c2)oc2cc(O)cc(O)c12,5.25,1
CHEMBL1287851,COc1ccc2c(c1)C(=O)N(C[C@@]1(C#Cc3cccnc3)NC(=O)NC1=O)C2,5.24,1
CHEMBL41497,CC(C)C[C@H](NC(=O)[C@@H](CC(=O)NO)C1CCCCC1)c1nc(-c2ccccc2)c[nH]1,5.23,1
CHEMBL343326,O=C(NCc1csc(S(=O)(=O)N2Cc3ccccc3CC2C(=O)NO)c1)c1ccccc1,5.22,1
CHEMBL342374,CCOC(=O)Nc1cccc(S(=O)(=O)N2Cc3ccccc3CC2C(=O)NO)c1,5.22,1
CHEMBL308333,CCCCC[C@H](CC(=O)NO)C(=O)N[C@H](C(=O)N1CCC[C@H]1CO)C(C)C,5.22,1
CHEMBL328199,C=C1CCC(C(CS(=O)(=O)c2ccc(OCc3cc(C)nc4ccccc34)cc2)N(O)C=O)CC1,5.22,1
CHEMBL351887,CNC(=O)[C@H](Cc1ccccc1)NC(=O)[C@H](CC(C)C)N[C@H](CCN1C(=O)c2ccccc2C1=O)C(=O)O,5.22,1
CHEMBL329287,CCCN(C[C@H](C(=O)NO)[C@@H](CC1CCCC1)C(=O)N1CCCCC1)S(C)(=O)=O,5.22,2
CHEMBL3084966,COc1ccc(-c2ccc(S(=O)(=O)N[C@@](C)(C(=O)O)C3CCC(O)CC3)cc2)cc1,5.21,1
CHEMBL264164,O=C1N/C(=N/c2nsc3ccccc23)S/C1=C\c1ccccc1Cl,5.21,1
CHEMBL3935135,O=C(NC[C@@H](C(=O)NO)N1CCCCC1)c1ccc(OCc2ccncc2)cc1,5.21,1
CHEMBL98852,Cc1cc(COc2ccc(S(=O)(=O)CC(C=C3CCC(=O)CC3)N(O)C=O)cc2)c2ccccc2n1,5.2,1
CHEMBL3704903,CC#CCOc1ccc(C(=O)NC[C@@H](C(=O)NO)N2CCN(S(C)(=O)=O)CC2)cc1,5.2,1
CHEMBL440527,CC(C)C[C@H](NC(=O)[C@H](Cc1c[nH]c2ccccc12)NC(=O)[C@@H](C)N)C(=O)Nc1ccccc1,5.19,1
CHEMBL311932,COc1ccc(S(=O)(=O)N(CC(=O)NO)CC(C)C)cc1,5.19,1
CHEMBL3104658,CCCC1S/C(=C/c2nc3ccccc3[nH]2)NC1=O,5.19,1
CHEMBL10431,COc1ccc(C#Cc2ccc(S(=O)(=O)NC(CC#CCN3CCOCC3)C(=O)O)cc2)cc1,5.18,1
CHEMBL2326365,O=C(O)Cc1ccccc1S(=O)(=O)c1ccc(-c2ccc(NC(=O)CF)cc2)cc1,5.17,1
CHEMBL3704910,Cc1cc(COc2ccc(C(=O)NC[C@@H](C(=O)NO)N3CCN(S(C)(=O)=O)CC3)cc2)c2ccccc2n1,5.17,1
CHEMBL4216154,Cc1ccccc1NC(=O)[C@H](Cc1ccccc1)NC(=O)[C@]1(C)CCC[C@]2(C)c3cc(S(=O)(=O)N[C@@H](Cc4ccccc4)C(=O)Nc4ccccc4C)c(C(C)C)cc3CC[C@@H]12,5.17,1
CHEMBL292160,CCCCCCCCCCCCCCC[C@H](CC(=O)O)C(=O)N[C@H](C(=O)NC)C(C)(C)C,5.16,1
CHEMBL291898,COc1ccc(S(=O)(=O)N2Cc3ccccc3C[C@H]2C(=O)NO)cc1,5.16,1
CHEMBL318455,CC(C)N(C[C@H](C(=O)NO)[C@@H](CC1CCCC1)C(=O)N1CCCCC1)S(C)(=O)=O,5.16,2
CHEMBL4873225,CCCCCCCCCCCC(=O)N[C@@H](CS)C(=O)NCC(=O)N[C@@H](CCCNC(=N)N)C(=O)O,5.16,1
CHEMBL2326363,O=C(O)Cc1ccccc1S(=O)(=O)c1ccc(-c2ccc(OCCF)cc2)cc1,5.15,1
CHEMBL4587825,Cc1cnc([C@]2(CNC(=O)c3cc4cc(Cl)ccc4o3)NC(=O)NC2=O)n1C,5.15,1
CHEMBL3417753,CN(C)Cc1ccc(Oc2ccc(S(=O)(=O)C3(C(=O)NO)CCC4(CCNCC4)C3)cc2)cc1,5.14,1
CHEMBL573936,COc1ccc(-c2ccc(S(=O)(=O)c3ccccc3CC(=O)O)cc2)cc1,5.12,1
CHEMBL83616,O=C(CC(CSc1ccccc1)C(=O)O)c1ccc(-c2ccc(Cl)cc2)cc1,5.1,1
CHEMBL158696,CNC(=O)[C@H](Cc1ccccc1)NC(=O)[C@H](CC(C)C)N[C@H](CCN1Cc2cc3ccccc3cc2C1=O)C(=O)O,5.1,1
CHEMBL584147,COc1ccc(-c2ccc(S(=O)(=O)c3ccccc3C(C)C(=O)O)cc2)cc1,5.1,1
CHEMBL2047536,Cc1c(C(=O)O)ccc2c1CC[C@@H]2NC(=O)c1cc(C(=O)NCc2ccc3c(c2)NC(=O)CO3)nc2ccnn12,5.09,1
CHEMBL2048505,COC(=O)[C@@H](Cc1ccc(O)c(O)c1)OC(=O)/C=C/c1ccc(O)c2c1[C@H](C(=O)OC)[C@@H](c1ccc(O)c(O)c1)O2,5.09,1
CHEMBL156663,COC[C@H](NC(=O)[C@@H](NC(=O)[C@H](CCCc1ccccc1)CC(=O)O)C(C)(C)C)c1ccccc1,5.07,2
CHEMBL237078,C/C=C/C=C(\CC(=O)NO)C(=O)N[C@@H](Cc1c[nH]c2ccccc12)C(=O)NC,5.07,1
CHEMBL10761,COCC#CCC(NS(=O)(=O)c1ccc(NC(=O)c2ccc(Br)cc2)cc1)C(=O)O,5.06,1
CHEMBL1630091,CCN(CC)CCOc1ccc(CCC(Cc2cc3ccc(C)cc3oc2=O)C(=O)NO)cc1,5.06,1
CHEMBL4216220,CC(C)c1cc2c(cc1S(=O)(=O)N[C@@H](Cc1ccccc1)C(=O)Nc1ccccc1)[C@@]1(C)CCC[C@@](C)(C(=O)N[C@@H](Cc3ccccc3)C(=O)Nc3ccccc3)[C@@H]1CC2,5.06,1
CHEMBL10469,O=C(O)C(CC#Cc1ccccc1)NS(=O)(=O)c1ccc(-c2ccc(F)cc2)cc1,5.05,1
CHEMBL10848,COCC#CCC(NS(=O)(=O)c1ccc(NC(=O)c2ccc(OC)cc2)cc1)C(=O)O,5.05,1
CHEMBL367524,CCC1(c2ccc(-c3ccccc3)cc2)C(=O)NC(=O)NC1=O,5.05,1
CHEMBL1645387,O=C(O)CN1C(=O)/C(=C/c2ccc(Oc3ccccc3)cc2)SC1=S,5.05,1
CHEMBL368946,CC(C)C[C@H](C(=O)NO)N(Cc1ccccc1)[P@@](C)(=O)c1ccccc1,5.04,1
CHEMBL288067,CN1C(=O)N(CC(COc2ccc(-c3ccc(C#N)cc3)cc2)N(O)C=O)C(=O)C1(C)C,5.04,1
CHEMBL563026,CC(C)ON(CC(=O)NO)S(=O)(=O)c1ccc(-c2ccc(F)cc2)s1,5.04,1
CHEMBL1767014,C[C@@H]1[C@](C)(c2ccccc2)[C@]1(NS(=O)(=O)N1CCc2c(nc3cc(F)ccn23)C1)C(=O)O,5.02,1
CHEMBL3417763,O=C(NO)C1(S(=O)(=O)c2ccc(Oc3ccc(OC(F)(F)F)cc3)c(Cl)c2)CCC2(CCNCC2)C1,5.02,1
CHEMBL105705,CC(C)C[C@H](CC(=O)NO)C(=O)N1CCCCN1,5.01,1
CHEMBL59361,CCCCCCCCCCCCCCCC[C@H](CC(=O)O)C(=O)N[C@H](C(=O)NC)C(C)(C)C,5.0,1
CHEMBL65709,CC(C)(C)OC(=O)N[C@@H](Cc1c[nH]c2ccccc12)C(=O)O,5.0,1
CHEMBL10590,COc1ccc(C#Cc2ccc(S(=O)(=O)NC(CC#Cc3ccccc3)C(=O)O)s2)cc1,5.0,1
CHEMBL424106,COc1ccc(S(=O)(=O)N2Cc3ccccc3CC2C(=O)C(=O)O)cc1,5.0,1
CHEMBL434655,O=C(O)C(=O)C1Cc2ccccc2CN1S(=O)(=O)c1ccc2oc3ccccc3c2c1,5.0,1
CHEMBL344587,O=C(Nc1cccc(S(=O)(=O)N2Cc3ccccc3CC2C(=O)NO)c1)c1ccccc1O,5.0,1
CHEMBL435820,CCCCCCCCCCCCCCCCS(=O)(=O)N1Cc2ccccc2CC1C(=O)NO,5.0,1
CHEMBL343547,O=C(NO)C1Cc2ccccc2CN1S(=O)(=O)c1cc(S(=O)(=O)c2ccccc2)cs1,5.0,1
CHEMBL141339,COc1ccc(S(=O)(=O)N2Cc3cc(N)ccc3CC2C(=O)C(=O)O)cc1,5.0,1
CHEMBL292636,COc1ccc(S(=O)(=O)N2Cc3ncn(C)c3C[C@@H]2C(=O)O)cc1,5.0,1
CHEMBL140426,O=C(NO)C1Cc2ccccc2CN1S(=O)(=O)c1cc(Br)c(Br)s1,5.0,1
CHEMBL138535,COc1ccc(S(=O)(=O)N2Cc3cc(O)ccc3CC2C(=O)C(=O)O)cc1,5.0,1
CHEMBL433455,O=C(O)C(=O)[C@@H]1Cc2ccccc2CN1S(=O)(=O)c1ccc(-c2ccc(F)cc2)cc1,5.0,1
CHEMBL141504,O=C(NO)C1Cc2ccccc2CN1S(=O)(=O)Cc1ccccc1,5.0,1
CHEMBL141672,CSc1nccc(-c2ccc(S(=O)(=O)N3Cc4ccccc4CC3C(=O)C(=O)O)s2)n1,5.0,1
CHEMBL137966,COc1ccc(S(=O)(=O)N2Cc3cc(NC(=O)[C@H](C)N)ccc3CC2C(=O)C(=O)O)cc1,5.0,1
CHEMBL2111961,O=C(O)C(=O)[C@@H]1Cc2ccccc2CN1S(=O)(=O)c1ccc(-c2ccc(Cl)cc2)cc1,5.0,1
CHEMBL157048,CC(C)(C)NC(=O)[C@@H](NC(=O)[C@H](CCCc1ccccc1)CC(=O)O)C(C)(C)C,5.0,2
CHEMBL152111,N#Cc1ccc(-c2ccc(OCCCOc3ccc4ccccc4c3C(=O)NO)cc2)cc1,5.0,1
CHEMBL152559,COc1ccc(-c2ccc(S(=O)(=O)NCCc3ccc4ccccc4c3C(=O)NO)cc2)cc1,5.0,1
CHEMBL318252,Cc1cc(COc2ccc(S(=O)(=O)CC(C=C3CCN(CC(C)C)CC3)N(O)C=O)cc2)c2ccccc2n1,5.0,2
CHEMBL98202,Cc1cc(COc2ccc(S(=O)(=O)CC(C=C3CCSCC3)N(O)C=O)cc2)c2ccccc2n1,5.0,1
CHEMBL318023,CS(=O)(=O)N(C[C@H](C(=O)NO)[C@@H](CC1CCCC1)C(=O)N1CCCCC1)C1CCCC1,5.0,2
CHEMBL4283064,C[C@H]1OC(=O)/C=C/C(=O)[C@@H](OC(=O)CCC(=O)O)CCCCCCCC[C@@H]1O,5.0,1
CHEMBL173207,C[C@H](C(=O)NO)N(Cc1ccccc1)P(=O)(c1ccccc1)c1ccccc1,4.99,1
CHEMBL2048502,COC(=O)C1(O)CC(OC(=O)/C=C/c2ccc(O)c(O)c2)C(O)C(OC(=O)/C=C/c2ccc(O)c(O)c2)C1,4.99,1
CHEMBL260125,O=C1N/C(=N/c2nsc3ccccc23)S/C1=C\c1ccc(O)cc1,4.99,1
CHEMBL4213804,Cc1cccc(NC(=O)[C@@H](Cc2ccccc2)NC(=O)[C@]2(C)CCC[C@]3(C)c4cc(S(=O)(=O)N[C@H](Cc5ccccc5)C(=O)Nc5cccc(C)c5)c(C(C)C)cc4CC[C@@H]23)c1,4.99,1
CHEMBL4862916,CC(=O)N[C@@H](CCCNC(=N)N)C(=O)N[C@@H](CS)C(=O)NCC(=O)N[C@H](C(N)=O)C(C)C,4.99,1
CHEMBL10806,COc1ccc(-c2ccc(S(=O)(=O)NC(CC#CCN3CCOCC3)C(=O)O)cc2)cc1,4.97,1
CHEMBL133303,CC(C)C[C@@H](N)C(=O)N[C@@H](CC(C)C)C(=O)N[C@@H](Cc1ccccc1)C(=O)NCc1ccccc1,4.97,1
CHEMBL434204,N#Cc1ccc(-c2ccc(OCC(CN3C(=O)CCC3=O)N(O)C=O)cc2)cc1,4.96,1
CHEMBL64981,CC(C)C[C@H](CC(=O)NO)C(=O)N[C@H]1CCCCNC1=O,4.93,1
CHEMBL336419,CC(C)C[C@H](NC(=O)[C@H](Cc1c[nH]c2ccccc12)NC(=O)[C@@H](C)N)C(=O)N[C@@H](C)c1ccccc1,4.92,1
CHEMBL1914702,[N-]=[N+]=NCc1cc(N=[N+]=[N-])cc(C(=O)Nc2ccc(-c3cc(C(=O)NCCCCCCC(=O)NO)no3)cc2)c1,4.92,1
CHEMBL348755,CC(C)C[C@H](N[C@H](CCN1C(=O)c2cc3ccccc3cc2C1=O)C(=O)O)C(=O)Nc1ccccc1,4.9,1
CHEMBL302422,O=C(N[C@@H](Cc1c[nH]c2ccccc12)C(=O)ON1C(=O)CCC1=O)OCc1ccccc1,4.89,1
CHEMBL4215930,Cc1ccc(NC(=O)[C@@H](Cc2ccccc2)NC(=O)[C@]2(C)CCC[C@]3(C)c4cc(S(=O)(=O)N[C@H](Cc5ccccc5)C(=O)Nc5ccc(C)cc5)c(C(C)C)cc4CC[C@@H]23)cc1,4.89,1
CHEMBL523915,O=C(NCc1ccc(-c2ccccc2)cc1)c1cc(=S)c(O)co1,4.88,1
CHEMBL3972836,CC(C)(Cc1ccc(C(F)(F)F)cc1)C(=O)NC[C@@]1(C2CC2)NC(=O)NC1=O,4.88,2
CHEMBL496910,COc1ccc(CNC(=O)c2cc(=S)c(O)co2)cc1,4.86,1
CHEMBL337915,COc1ccc(S(=O)(=O)NCC[C@H](N[C@@H](CCc2ccccc2)C(=O)NCc2ccc(C(=O)O)cc2)C(=O)O)cc1,4.85,1
CHEMBL41100,N#Cc1ccc(-c2ccc(OCC(CN3C(=O)CNC3=O)N(O)C=O)cc2)cc1,4.85,1
CHEMBL1172417,O=C(O)CN1C(=O)/C(=C/c2cccc(Oc3ccccc3)c2)SC1=S,4.85,1
CHEMBL10792,COc1ccc(-c2ccc(S(=O)(=O)NC(CC#Cc3ccc(N4CCOCC4)cc3)C(=O)O)cc2)cc1,4.84,1
CHEMBL2048506,CCCCOC(=O)[C@H]1c2c(/C=C/C(=O)O[C@H](Cc3ccc(O)c(O)c3)C(=O)O)ccc(O)c2O[C@@H]1c1ccc(O)c(O)c1,4.83,1
CHEMBL2047537,Cc1c(C(=O)O)ccc2c1CC[C@@H]2NC(=O)c1cc(C(=O)NCc2ccc(F)c(C(F)(F)F)c2)nc2c(F)cnn12,4.82,1
CHEMBL3759602,CCCCCCCCCC(=O)[C@@]12O[C@@]13C1=COC(C[C@H](C)O)=CC1=CC(=O)[C@]3(C)OC2=O,4.82,1
CHEMBL407640,CCCCOc1ccc(S(=O)(=O)NC(CC#Cc2ccccc2)C(=O)O)cc1,4.81,1
CHEMBL4072836,CC[C@H](Cc1ccc(C(F)(F)F)cc1)C(=O)NC[C@@]1(C2CC2)NC(=O)NC1=O,4.81,2
CHEMBL274174,O=C(O)C(CC#Cc1ccccc1)NS(=O)(=O)c1ccc(/N=N/c2ccccc2)cc1,4.79,1
CHEMBL470830,COc1ccc(CNC(=O)c2oc(C)cc(=S)c2O)cc1,4.79,1
CHEMBL151,O=c1cc(-c2ccc(O)c(O)c2)oc2cc(O)cc(O)c12,4.79,1
CHEMBL290457,CN1C(=O)N(CCC(COc2ccc(-c3ccc(C#N)cc3)cc2)N(O)C=O)C(=O)C1(C)C,4.77,1
CHEMBL4097165,O=C1NC(=O)[C@](CNC(=O)c2cc3cc(C(F)(F)F)ccc3o2)(C2CC2)N1,4.77,1
CHEMBL10296,O=C(Nc1ccc(S(=O)(=O)NC(CC#CCN2CCOCC2)C(=O)O)cc1)c1ccc(Br)cc1,4.76,1
CHEMBL161669,O=C1NC(=S)S/C1=C\c1cccc(Oc2ccccc2)c1,4.76,1
CHEMBL127812,CNC(=O)c1ccc(CNC(=O)[C@H](CCc2ccccc2)N[C@@H](CCNS(=O)(=O)c2ccc(OC)cc2)C(=O)O)cc1,4.75,1
CHEMBL69194,CCCCN1C(=O)[C@H](CS)NC(=O)[C@@H]1Cc1ccccc1,4.72,1
CHEMBL2370820,CC(C)C[C@H](NC(=O)[C@@H](NC(=O)[C@@H](C)N)c1ccccc1)C(=O)Nc1ccccc1,4.72,1
CHEMBL3417740,O=C(NO)C1(S(=O)(=O)c2ccc(F)cc2)CCC2(CCNCC2)C1,4.72,1
CHEMBL4206886,CC(C)c1cc2c(cc1S(=O)(=O)N[C@H](Cc1ccccc1)C(=O)Nc1ccccc1)[C@@]1(C)CCC[C@@](C)(C(=O)N[C@H](Cc3ccccc3)C(=O)Nc3ccccc3)[C@@H]1CC2,4.71,1
CHEMBL416510,CCCCCCCCC[C@H](CC(=O)O)C(=O)N[C@@H](Cc1ccccc1)C(=O)NC,4.7,1
CHEMBL452083,CNC(=O)[C@H](Cc1ccccc1)NC(=O)[C@H](CC(=O)NO)CC(C)C,4.7,1
CHEMBL3358154,Cc1cccnc1[C@]1(CNC(=O)c2cc3cc(Cl)ccc3o2)NC(=O)NC1=O,4.7,1
CHEMBL3417744,COc1ccc(Oc2ccccc2S(=O)(=O)C2(C(=O)NO)CCC3(CCNCC3)C2)cc1,4.7,1
CHEMBL102839,COC[C@@H]1CCCNN1C(=O)[C@@H](CC(=O)NO)CC(C)C,4.69,1
CHEMBL2048508,O=C1c2c(O)cc(O)cc2O[C@H](c2cc(O)c(O)c(O)c2)[C@@H]1O,4.69,1
CHEMBL38717,N#Cc1ccc(-c2ccc(OCC(CN3C(=O)c4ccccc4C3=O)N(O)C=O)cc2)cc1,4.68,1
CHEMBL391509,CNC(=O)[C@H](Cc1c[nH]c2ccccc12)NC(=O)/C(=C/C=C/c1ccccc1)CC(=O)NO,4.68,1
CHEMBL4210975,COc1ccc(NC(=O)[C@H](Cc2ccccc2)NC(=O)[C@]2(C)CCC[C@]3(C)c4cc(S(=O)(=O)N[C@@H](Cc5ccccc5)C(=O)Nc5ccc(OC)cc5)c(C(C)C)cc4CC[C@@H]23)cc1,4.67,1
CHEMBL4202778,Cc1ccccc1NC(=O)[C@@H](Cc1ccccc1)NC(=O)[C@]1(C)CCC[C@]2(C)c3cc(S(=O)(=O)N[C@H](Cc4ccccc4)C(=O)Nc4ccccc4C)c(C(C)C)cc3CC[C@@H]12,4.67,1
CHEMBL10180,Cc1ccc(C#Cc2ccc(S(=O)(=O)NC(CC#Cc3ccccc3)C(=O)O)cc2)cc1,4.66,1
CHEMBL265583,CCCC[C@H](NC(=O)[C@H](CC(C)C)NC(=O)[C@H](CCCC)NC(=O)[C@H](Cc1c[nH]c2ccccc12)NC(=O)[C@@H](C)N)C(N)=O,4.66,1
CHEMBL584122,COc1ccc(Oc2ccc(S(=O)(=O)c3ccccc3C(=O)NO)cc2)cc1,4.66,1
CHEMBL2048507,O=C1c2c(O)cc(O)cc2O[C@]2(c3ccc(O)cc3)Oc3cc(O)c4c(c3[C@@]12O)O[C@H](c1ccc(O)cc1)CC4,4.65,1
CHEMBL4218730,COc1cccc(NC(=O)[C@H](Cc2ccccc2)NC(=O)[C@]2(C)CCC[C@]3(C)c4cc(S(=O)(=O)N[C@@H](Cc5ccccc5)C(=O)Nc5cccc(OC)c5)c(C(C)C)cc4CC[C@@H]23)c1,4.65,1
CHEMBL291833,O=C(N[C@@H](Cc1ccc(O)cc1)C(=O)O)OCc1ccccc1,4.64,2
CHEMBL289207,O=C(NCc1cccc2ccccc12)Nc1nnc(S)s1,4.64,1
CHEMBL574370,O=C(Cc1ccccc1S(=O)(=O)c1ccc(-c2ccccc2)cc1)NO,4.64,1
CHEMBL4589438,CCn1ccnc1[C@]1(CNC(=O)c2cc3cc(Cl)ccc3o2)NC(=O)NC1=O,4.64,1
CHEMBL41102,CC1(C)NC(=O)N(CC(COc2ccc(-c3ccc(C#N)cc3)cc2)N(O)C=O)C1=O,4.62,1
CHEMBL4214436,COc1ccccc1NC(=O)[C@H](Cc1ccccc1)NC(=O)[C@]1(C)CCC[C@]2(C)c3cc(S(=O)(=O)N[C@@H](Cc4ccccc4)C(=O)Nc4ccccc4OC)c(C(C)C)cc3CC[C@@H]12,4.62,1
CHEMBL270296,N[C@@H]1CCCC[C@H]1NC(=O)P(=O)(O)O,4.6,1
CHEMBL4203717,COc1ccc(NC(=O)[C@@H](Cc2ccccc2)NC(=O)[C@]2(C)CCC[C@]3(C)c4cc(S(=O)(=O)N[C@H](Cc5ccccc5)C(=O)Nc5ccc(OC)cc5)c(C(C)C)cc4CC[C@@H]23)cc1,4.6,1
CHEMBL1532097,O=C(c1c(O)cc(O)cc1O)C1c2c(cc(O)c3c2O[C@H](c2ccc(O)cc2)[C@@H](O)C3)OC1c1ccc(O)cc1,4.59,1
CHEMBL4203206,CC(C)c1cc2c(cc1S(=O)(=O)N[C@@H](Cc1ccccc1)C(=O)Nc1ccccc1F)[C@@]1(C)CCC[C@@](C)(C(=O)N[C@@H](Cc3ccccc3)C(=O)Nc3ccccc3F)[C@@H]1CC2,4.59,1
CHEMBL1356238,[O-][n+]1ccccc1S,4.58,2
CHEMBL135857,CCCC[C@H](NC(=O)[C@H](Cc1c[nH]c2ccccc12)NC(=O)[C@@H](C)N)C(=O)N[C@@H](CC(C)C)C(N)=O,4.57,1
CHEMBL288592,CCN1C(=O)N(CC(COc2ccc(-c3ccc(C#N)cc3)cc2)N(O)C=O)C(=O)C1(C)C,4.57,1
CHEMBL575896,O=C(NO)c1ccccc1S(=O)(=O)c1ccc(Oc2ccccc2)cc1,4.57,1
CHEMBL4206821,CC(C)c1cc2c(cc1S(=O)(=O)O)[C@@]1(C)CCC[C@@](C)(C(=O)N[C@H](Cc3ccccc3)C(=O)Nc3ccccc3)[C@@H]1CC2,4.57,1
CHEMBL339191,CC(C)C[C@@H](N)C(=O)N[C@@H](Cc1c[nH]c2ccccc12)C(=O)N[C@@H](CC(C)C)C(=O)NCc1ccccc1,4.56,1
CHEMBL135216,CC(C)C[C@H](NC(=O)[C@H](Cc1c[nH]c2ccccc12)NC(=O)[C@@H](C)N)C(=O)NCc1ccccc1,4.55,1
CHEMBL1200699,C[C@H]1c2cccc(O)c2C(=O)C2=C(O)[C@]3(O)C(=O)C(C(N)=O)=C(O)[C@@H](N(C)C)[C@@H]3[C@@H](O)[C@@H]21.O,4.55,2
CHEMBL226686,CN(C)C(=O)c1noc([C@H](CCCC2CCCCC2)CC(=O)NO)n1,4.55,1
CHEMBL241405,COC(=O)[C@@H](Cc1ccc(O)c(O)c1)OC(=O)/C=C/c1ccc(O)c(O)c1,4.55,1
CHEMBL4210262,COc1ccc(NC(=O)[C@H](Cc2ccccc2)NC(=O)[C@]2(C)CCC[C@]3(C)c4cc(S(=O)(=O)O)c(C(C)C)cc4CC[C@@H]23)cc1,4.55,1
CHEMBL289375,O=C(Nc1ccc(F)cc1)Nc1nnc(S)s1,4.54,2
CHEMBL3358156,Cn1ccnc1[C@]1(CNC(=O)c2cc3cc(Cl)ccc3o2)NC(=O)NC1=O,4.53,2
CHEMBL418472,CCCCCCCC[C@H](CC(=O)O)C(=O)N[C@H](C(=O)NC)C(C)(C)C,4.52,1
CHEMBL173075,CCCCCCC1(c2ccccc2)C(=O)NC(=O)NC1=O,4.52,1
CHEMBL97057,CCN(CC)C(=O)P(=O)(O)O,4.52,2
CHEMBL96438,CCCCN(CCCC)C(=O)P(=O)(O)O,4.52,1
CHEMBL1231240,O=C1N=C(O)NC(=O)[C@@]1(c1ccccc1)N1CCC(CCO)CC1,4.52,1
CHEMBL4211708,COc1ccccc1NC(=O)[C@@H](Cc1ccccc1)NC(=O)[C@]1(C)CCC[C@]2(C)c3cc(S(=O)(=O)N[C@H](Cc4ccccc4)C(=O)Nc4ccccc4OC)c(C(C)C)cc3CC[C@@H]12,4.52,1
CHEMBL429319,Cc1cc(=O)c(O)cc2c1C[C@H]1CC(C)(C)/C=C/C[C@@]3(C)Oc4cc(O)c(=O)cc(C)c4C[C@@H]3C[C@H](O)[C@]1(C)O2,4.51,1
CHEMBL5272906,CCOP(=O)(OCC)C(Nc1ccc(CC(=O)OCCOc2cc(/C=C\c3cc(OC)c(OC)c(OC)c3)ccc2OC)cc1)c1ccc(OC)cc1,4.5,1
CHEMBL5177477,O=P(O)(O)c1nc2cc(Cl)c(Cl)cc2nc1P(=O)(O)O,4.48,1
CHEMBL63415,CC(C)(C)OC(=O)N[C@@H](Cc1cn(C=O)c2ccccc12)C(=O)O,4.47,1
CHEMBL39316,O=C(NCCCCc1ccccc1)Nc1nnc(S)s1,4.47,1
CHEMBL66,O=C1c2c(O)cc(O)cc2O[C@H](c2ccc(O)c(O)c2)[C@H]1O,4.47,1
CHEMBL288510,CC1(C)NC(=O)N(CCC(COc2ccc(-c3ccc(C#N)cc3)cc2)N(O)C=O)C1=O,4.46,1
CHEMBL4212449,CC(C)c1cc2c(cc1S(=O)(=O)N[C@H](Cc1ccccc1)C(=O)Nc1ccccc1F)[C@@]1(C)CCC[C@@](C)(C(=O)N[C@H](Cc3ccccc3)C(=O)Nc3ccccc3F)[C@@H]1CC2,4.45,1
CHEMBL5268402,CCOP(=O)(OCC)C(Nc1ccc(CCCC(=O)OCCOc2cc(/C=C\c3cc(OC)c(OC)c(OC)c3)ccc2OC)cc1)c1ccc(OC)cc1,4.45,1
CHEMBL39358,N#Cc1ccc(-c2ccc(OCC(CSc3ccccc3)N(O)C=O)cc2)cc1,4.44,1
CHEMBL6176925,CCOP(=O)(OCC)C(Nc1ccc(CC(=O)Oc2cc(/C=C/C(=O)c3cc(OC)c(OC)c(OC)c3)ccc2OC)cc1)c1cccc([N+](=O)[O-])c1,4.44,1
CHEMBL415872,Cc1ccc(=O)n(CC(COc2ccc(-c3ccc(C#N)cc3)cc2)N(O)C=O)n1,4.43,1
CHEMBL288701,CC1(C)CC(=O)N(CC(COc2ccc(-c3ccc(C#N)cc3)cc2)N(O)C=O)C(=O)C1,4.43,1
CHEMBL451902,COc1ccc(-c2cc(=O)c3c(O)cc(O)cc3o2)cc1-c1c(O)cc2oc(-c3ccc(O)cc3)cc(=O)c2c1O,4.43,1
CHEMBL265769,CC(C)C(NC(=O)c1ccc(S(=O)(=O)NC(=O)c2ccc(Cl)c(S(=O)(=O)NC(=O)CSc3cc(C(C)(C)C)c(O)c(C(C)(C)C)c3)c2)cc1)C(=O)N1[C@@H](C(=O)NC(C(=O)C(F)(F)F)C(C)C)C[C@H]2CCCC[C@H]21,4.42,1
CHEMBL2048511,CC(C)CC(=O)OC(C(=O)O)C(C)C,4.42,1
CHEMBL3417758,CNC(=O)c1ccccc1Oc1ccc(S(=O)(=O)C2(C(=O)NO)CCC3(CCNCC3)C2)cc1,4.41,1
CHEMBL5861599,Cc1cccn(CC2(c3cccc(-c4cccnc4)c3)NC(=O)NC2=O)c1=O,4.41,1
CHEMBL4211771,CC(C)c1cc2c(cc1S(=O)(=O)N[C@@H](Cc1ccccc1)C(=O)Nc1cccc(Br)c1)[C@@]1(C)CCC[C@@](C)(C(=O)N[C@@H](Cc3ccccc3)C(=O)Nc3cccc(Br)c3)[C@@H]1CC2,4.4,1
CHEMBL5285794,CCOP(=O)(OCC)C(Nc1ccc(CC(=O)OCCOc2cc(/C=C\c3cc(OC)c(OC)c(OC)c3)ccc2OC)cc1)c1ccc(C)cc1,4.4,1
CHEMBL4211258,COc1cccc(NC(=O)[C@@H](Cc2ccccc2)NC(=O)[C@]2(C)CCC[C@]3(C)c4cc(S(=O)(=O)N[C@H](Cc5ccccc5)C(=O)Nc5cccc(OC)c5)c(C(C)C)cc4CC[C@@H]23)c1,4.39,1
CHEMBL4211480,O=C1OCc2ccc(-c3ccc(O)cc3)c(C(=O)c3ccc(O)cc3)c21,4.39,1
CHEMBL5286002,CCOP(=O)(OCC)C(Nc1ccc(CC(=O)OCCOc2cc(/C=C\c3cc(OC)c(OC)c(OC)c3)ccc2OC)cc1)c1cccc(OC)c1,4.39,1
CHEMBL342005,CC(C)C[C@H](NC(=O)[C@H](Cc1c[nH]c2ccccc12)NC(=O)[C@@H](C)N)C(=O)NCCc1ccccc1,4.38,1
CHEMBL407151,O=C1N/C(=N/c2nsc3ccccc23)S/C1=C\c1ccccc1[N+](=O)[O-],4.37,1
CHEMBL41923,CC(COc1ccc(-c2ccc(C#N)cc2)cc1)C(=O)NO,4.35,1
CHEMBL574589,O=C(NO)c1ccccc1S(=O)(=O)c1ccc(-c2ccccc2)cc1,4.35,1
CHEMBL3758580,CCCCCCCCCC(=O)C1=C2C=C3C=C(C[C@H](C)O)N(CCO)C=C3C(=O)[C@]2(C)OC1=O,4.35,1
CHEMBL290545,Sc1nnc(NCCc2ccccc2)s1,4.33,1
CHEMBL132816,CC(C)C[C@H](NC(=O)[C@H](Cc1c[nH]c2ccccc12)NC(=O)[C@@H](C)N)C(=O)N[C@H](C)c1ccccc1,4.33,1
CHEMBL4211189,CC(C)c1cc2c(cc1S(=O)(=O)O)[C@@]1(C)CCC[C@@](C)(C(=O)N[C@@H](Cc3ccccc3)C(=O)Nc3cccc(F)c3)[C@@H]1CC2,4.33,1
CHEMBL4632565,Cc1ccc2nc(-c3cccc(NC(=O)CCc4ccccc4)c3)[nH]c2c1,4.33,1
CHEMBL1645389,O=C1NC(=S)S/C1=C\c1ccc(Oc2ccccc2)cc1,4.32,1
CHEMBL366759,CC[P@@](=O)(c1ccccc1)N(Cc1ccccc1)[C@H](C)C(=O)NO,4.31,1
CHEMBL5972173,COc1ccc(Cl)cc1C1(Cn2cccc(C)c2=O)NC(=O)NC1=O,4.31,1
CHEMBL61538,CCCCCCCCCCCCCCCC[C@H](CC(=O)O)C(=O)N[C@@H](Cc1ccccc1)C(=O)NC,4.3,1
CHEMBL115468,O=C(NO)c1cccc2ccccc12,4.3,1
CHEMBL94346,CCCNC(=O)P(=O)(O)O,4.3,1
CHEMBL3358151,C[C@]1(CNC(=O)COc2ccc(Cl)cc2)NC(=O)NC1=O,4.3,1
CHEMBL1809124,C[C@@H]1CCCCCCCCC[C@H](OC(=O)CCC(=O)O)C(=O)/C=C/C(=O)O1,4.3,1
CHEMBL4853410,CCCCCCC/C=C/[C@@H]1O[C@@]2(O)C(=O)C=C3C[C@H](O[C@@H]4O[C@H](CO)[C@@H](O)[C@H](O)[C@H]4O)C[C@H]3[C@@H]2C=C1C,4.3,1
CHEMBL4436740,Cc1cnc([C@]2(CNC(=O)c3cc4cc(C(F)(F)F)ccc4o3)NC(=O)NC2=O)n1C,4.29,1
CHEMBL4211700,COc1ccccc1NC(=O)[C@@H](Cc1ccccc1)NC(=O)[C@]1(C)CCC[C@]2(C)c3cc(S(=O)(=O)O)c(C(C)C)cc3CC[C@@H]12,4.28,1
CHEMBL575881,CC(C)ON([C@@H](C(=O)O)C(C)C)S(=O)(=O)c1ccc(-c2ccccc2)cc1,4.27,1
CHEMBL51407,CNC(=O)[C@H](Cc1ccc(OC)cc1)NC(=O)[C@H](CCc1ccccc1)C[C@H](C)C(=O)O,4.26,1
CHEMBL2048503,COC(=O)C1(O)CC(O)C(O)C(OC(=O)/C=C/c2ccc(O)c(O)c2)C1,4.23,1
CHEMBL185623,O=C(O)CN1C(=O)/C(=C/c2ccc(OCc3ccccc3)cc2)SC1=S,4.23,1
CHEMBL4202989,CC(C)c1cc2c(cc1S(=O)(=O)O)[C@@]1(C)CCC[C@@](C)(C(=O)N[C@@H](Cc3ccccc3)C(=O)Nc3ccccc3Br)[C@@H]1CC2,4.23,1
CHEMBL576762,C[S+]([O-])c1ccc(Oc2ccc(S(=O)(=O)c3ccccc3C(=O)NO)cc2)cc1,4.22,1
CHEMBL4203061,CC(C)c1cc2c(cc1S(=O)(=O)N[C@H](Cc1ccccc1)C(=O)Nc1ccc(F)cc1)[C@@]1(C)CCC[C@@](C)(C(=O)N[C@H](Cc3ccccc3)C(=O)Nc3ccc(F)cc3)[C@@H]1CC2,4.22,1
CHEMBL4450729,CCn1ccnc1[C@]1(CNC(=O)c2cc3cc(C(F)(F)F)ccc3o2)NC(=O)NC1=O,4.22,1
CHEMBL4876952,CCCCCCCCNC(=O)C[C@H](NC(=O)CNC(=O)[C@H](CS)NC(=O)[C@H](CCCNC(=N)N)NC(C)=O)C(N)=O,4.21,1
CHEMBL65017,Cc1cc(C)c(S(=O)(=O)n2cc(C[C@H](NC(=O)OC(C)(C)C)C(=O)O)c3ccccc32)c(C)c1,4.2,1
CHEMBL66143,O=C(N[C@@H](Cc1ccccc1)C(=O)O)OCc1ccccc1,4.2,2
CHEMBL3358157,Cn1nccc1[C@]1(CNC(=O)c2cc3cc(Cl)ccc3o2)NC(=O)NC1=O,4.19,1
CHEMBL263909,O=C1N/C(=N/c2nsc3ccccc23)S/C1=C\c1ccc(Cl)cc1,4.19,1
CHEMBL4208066,O=C(c1ccc(O)cc1)c1cc(-c2ccc(O)cc2)c(-c2ccc(O)cc2)c(-c2ccc(O)cc2)c1,4.18,1
CHEMBL2326364,O=C(O)Cc1ccccc1S(=O)(=O)c1ccc(-c2ccc(F)cc2)cc1,4.17,1
CHEMBL3358158,Cn1ccnc1[C@]1(CNC(=O)c2cc3cc(C(F)(F)F)ccc3o2)NC(=O)NC1=O,4.16,2
CHEMBL573935,O=C(O)Cc1ccccc1S(=O)(=O)c1ccc(-c2ccccc2)cc1,4.13,1
CHEMBL4208646,COc1ccc(C2CC(=O)c3c(O)cc(O)cc3O2)cc1-c1c(O)cc(O)c2c(=O)cc(-c3ccc(O)cc3)oc12,4.13,1
CHEMBL5746653,Cc1cccn(CC2(c3ccc(Oc4ccccc4)cc3)NC(=O)NC2=O)c1=O,4.13,1
CHEMBL439012,O=C(C[C@@H](CCCC1CCCCC1)c1nc(C(=O)NS(=O)(=O)c2ccccc2)no1)NO,4.12,1
CHEMBL226852,O=C(C[C@@H](CCCC1CCCCC1)c1nc(-c2c[nH]c(=O)[nH]c2=O)no1)NO,4.11,1
CHEMBL1927185,O=C(O)COc1ccccc1/C=C1/NC(=S)NC1=O,4.11,1
CHEMBL1645391,O=C1NC(=S)S/C1=C\c1ccc(OCc2ccccc2)cc1,4.11,1
CHEMBL97510,CCC(C)NC(=O)P(=O)(O)O,4.1,1
CHEMBL41928,N#Cc1ccc(-c2ccc(OCCNC(=O)NO)cc2)cc1,4.1,2
CHEMBL4851797,CCCC[C@H](NC(=O)CNC(=O)[C@H](CS)NC(=O)[C@H](CCCNC(=N)N)NC(C)=O)C(N)=O,4.1,1
CHEMBL242074,C[C@H]1c2cccc(O)c2C(=O)C2=C(O)[C@]3(O)C(=O)C(C(N)=O)=C(O)[C@@H]([N+](C)(C)C)C3[C@H](O)C21.[I-],4.09,1
CHEMBL3585679,O=C(O)c1c(-c2ccc(O)cc2)ccc(CO)c1C#Cc1ccc(O)cc1,4.08,1
CHEMBL65134,O=C(N[C@H](Cc1c[nH]c2ccccc12)C(=O)O)OCc1ccccc1,4.07,1
CHEMBL4206592,O=C1OC(c2ccc(O)cc2)(c2ccc(O)cc2)c2c(-c3ccc(O)cc3)ccc(CO)c21,4.06,1
CHEMBL95068,O=C(N1CCCCC1)P(=O)(O)O,4.05,1
CHEMBL97388,CNC(=O)P(=O)(O)O,4.05,1
CHEMBL24447,O=C(NCCc1ccccc1)P(=O)(O)O,4.05,1
CHEMBL389020,CS(=O)(=O)NCc1noc([C@H](CCCC2CCCCC2)CC(=O)NO)n1,4.04,1
CHEMBL504873,C[C@@H]1O[C@@H](O[C@@H]2[C@@H](O)[C@H](OCCc3ccc(O)c(O)c3)O[C@H](COC(=O)/C=C/c3ccc(O)c(O)c3)[C@H]2O)[C@H](O)[C@H](O)[C@H]1O,4.04,1
CHEMBL4874938,CC(=O)N[C@@H](CCCNC(=N)N)C(=O)N[C@@H](CS)C(=O)NCC(N)=O,4.02,1
CHEMBL288599,Sc1nnc(NCc2ccccc2)s1,4.01,1
CHEMBL441781,CCCCCCCCCCCCNc1nnc(S)s1,4.01,1
CHEMBL3398610,O=C1N/C(=N/c2nsc3ccccc23)S/C1=C/c1ccccc1O,4.01,1
CHEMBL417885,O=C(Nc1ccccc1)Nc1nnc(S)s1,4.0,1
CHEMBL94348,CCNC(=O)P(=O)(O)O,4.0,1
CHEMBL3980860,O=C1NC(=O)[C@](CNC(=O)[C@@H](Cc2ccc(C(F)(F)F)cc2)C2CC2)(C2CC2)N1,4.0,1
CHEMBL4294879,C[C@@H]1CCCCCCCCC[C@H](O)C(=O)C[C@@H](SC[C@@H](O)C(=O)O)C(=O)O1,4.0,1
